time,xi0,pstay0,xi1,pstay1,xi2,pstay2,h,m,logscore,window
2018-01-31,9.388286095926306e-05,0.9080994729977903,0.11995863995923071,0.8833901127202726,0.8799474771798099,0.8813486480777591,0.0039023626977271577,-0.0004009867540537694,1.9557827199655542,0
2018-02-01,0.014295238705429186,0.9080994729977903,0.31326521587228945,0.8833901127202726,0.6724395454222813,0.8813486480777591,0.0031388647235179403,0.0006320838797528599,0.13650408768505057,0
2018-02-02,3.209710565036231e-05,0.9080994729977903,0.11909792322593417,0.8833901127202726,0.8808699796684155,0.8813486480777591,0.003905751358731523,-0.0004055846342934528,1.7445727446703998,0
2018-02-03,0.0079820847506452,0.9080994729977903,0.22978110922775483,0.8833901127202726,0.7622368060215999,0.8813486480777591,0.0034696224515795753,0.00018568252265508994,1.6726733254719077,0
2018-02-04,0.015269555841793804,0.9080994729977903,0.3303555652854903,0.8833901127202726,0.654374878872716,0.8813486480777591,0.0030724501908328317,0.0007230355577626899,0.21444927535563485,0
2018-02-05,6.287092656993928e-05,0.9080994729977903,0.11952662305294973,0.8833901127202726,0.8804105060204803,0.8813486480777591,0.003904063563221968,-0.000403294553960239,-2.273496552642856,0
2018-02-06,3.769468708784849e-08,0.9080994729977903,0.1186513142731462,0.8833901127202726,0.8813486480321666,0.8813486480777591,0.003907509651493127,-0.0004079703837502161,-0.07081926786316056,0
2018-02-07,4.190588145809013e-06,0.9080994729977903,0.11870916684569548,0.8833901127202726,0.8812866425661587,0.8813486480777591,0.0039072818874228196,-0.0004076613399151785,1.8886362385623119,0
2018-02-08,0.01153921973423193,0.9080994729977903,0.2792915010354394,0.8833901127202726,0.7091692792303288,0.8813486480777591,0.003274304428902903,0.00045016728020159664,0.8392091809562618,0
2018-02-09,0.002584455596873447,0.9080994729977903,0.15465397736303615,0.8833901127202726,0.8427615670400902,0.8813486480777591,0.0037657311764014724,-0.0002156470248608933,1.4128322310340773,0
2018-02-10,0.005784789605308031,0.9080994729977903,0.1992351263818407,0.8833901127202726,0.7949800840128513,0.8813486480777591,0.0035900676136853896,2.25020824398273e-05,1.9589385386804534,0
2018-02-11,0.02746256333422836,0.9080994729977903,0.3674144000664279,0.8833901127202726,0.6051230365993436,0.8813486480777591,0.0028857394763072367,0.0009339734177763462,1.1817396144601127,0
2018-02-12,0.00923665457174431,0.9080994729977903,0.2473058428080417,0.8833901127202726,0.743457502620214,0.8813486480777591,0.0034005226370209677,0.0002792935901736848,0.43741571163421983,0
2018-02-13,0.00030367582982939904,0.9080994729977903,0.12288119578025627,0.8833901127202726,0.8768151283899143,0.8813486480777591,0.0038908562146613744,-0.00038537469361734863,1.5332557592289189,0
2018-02-14,0.004049519418700898,0.9080994729977903,0.1750586091774305,0.8833901127202726,0.8208918714038687,0.8813486480777591,0.0036853434778742534,-0.00010664664929414954,0.3102081698632927,0
2018-02-15,6.426201052930599e-05,0.9080994729977903,0.11954600177924773,0.8833901127202726,0.8803897362102229,0.8813486480777591,0.0039039872687347973,-0.0004031910343477242,1.2021010773471144,0
2018-02-16,0.001954746198544351,0.9080994729977903,0.14588170590866295,0.8833901127202726,0.8521635478927927,0.8813486480777591,0.0038002831949072572,-0.0002625078003228909,1.9972483735322046,0
2018-02-17,0.023318112614163534,0.9080994729977903,0.34672443240758116,0.8833901127202726,0.6299574549782553,0.8813486480777591,0.0029787276817751555,0.0008198304750943259,0.5287888007161978,0
2018-02-18,0.0015701352282216751,0.9080994729977903,0.140523818918538,0.8833901127202726,0.8579060458532403,0.8813486480777591,0.0038213845550180187,-0.0002911292059143165,1.2952748241433971,0
2018-02-19,0.0017591740979503415,0.9080994729977903,0.14315722431337619,0.8833901127202726,0.8550836015886735,0.8813486480777591,0.0038110134160459805,-0.00027706176090010984,1.2121737513673234,0
2018-02-20,0.002686487450793027,0.9080994729977903,0.15607534515499277,0.8833901127202726,0.8412381673942141,0.8813486480777591,0.0037601323114011993,-0.00020805419093580574,2.0058700428340144,0
2018-02-21,0.02571796987568882,0.9080994729977903,0.3582577563283778,0.8833901127202726,0.6160242737959333,0.8813486480777591,0.0029265169903056124,0.0008835797326003911,0.7619607731567689,0
2018-02-22,0.0018810943674323604,0.9080994729977903,0.14485568662053644,0.8833901127202726,0.8532632190120313,0.8813486480777591,0.003804324168839887,-0.0002679887136245023,1.3183516551837924,0
2018-02-23,0.002072347943458928,0.9080994729977903,0.1475198846061086,0.8833901127202726,0.8504077674504325,0.8813486480777591,0.003793831080402364,-0.00025375677120688443,1.818297863747549,0
2018-02-24,0.013610677093977827,0.9080994729977903,0.3030764414972234,0.8833901127202726,0.6833128814087988,0.8813486480777591,0.0031788898495426444,0.0005777199865199535,1.3534323954409375,0
2018-02-25,0.009194860348131514,0.9080994729977903,0.2466843853746156,0.8833901127202726,0.7441207542772529,0.8813486480777591,0.0034029619407712234,0.0002759776468785217,2.0861911828628106,0
2018-02-26,0.05001869105006098,0.9080994729977903,0.4340001266967243,0.8833901127202726,0.5159811822532149,0.8813486480777591,0.0025472992437237463,0.0013138596934829745,0.6726275536999812,0
2018-02-27,0.006939855473468571,0.9080994729977903,0.21532759721827163,0.8833901127202726,0.7777325473082598,0.8813486480777591,0.0035266310970270484,0.00010846662040610582,1.7850247905505143,0
2018-02-28,0.017162827975667105,0.9080994729977903,0.35247187762951865,0.8833901127202726,0.6303652943948143,0.8813486480777591,0.002983804740798134,0.0008415951070509057,1.6744078875463988,0
2018-03-01,0.02070098449154051,0.9080994729977903,0.3967427941376024,0.8833901127202726,0.5825562213708572,0.8813486480777591,0.0028073405640564888,0.0010785770025557098,1.1255730950767042,0
2018-03-02,0.012893462292937249,0.9080994729977903,0.2982642663083692,0.8833901127202726,0.6888422713986935,0.8813486480777591,0.0031994575225247563,0.0005515078030207038,2.19676219357242,0
2018-03-03,0.06456378899733524,0.9080994729977903,0.49915209363092816,0.8833901127202726,0.4362841173717366,0.8813486480777591,0.002247715107711189,0.0016753253208678868,1.7528075503414013,0
2018-03-04,0.0345288071454969,0.9080994729977903,0.5852516654450083,0.8833901127202726,0.38021952740949494,0.8813486480777591,0.0020599258575570868,0.0020859790333973105,2.5238621948763953,0
2018-03-05,0.1306418927697145,0.9080994729977903,0.6611665865966754,0.8833901127202726,0.20819152063361016,0.8813486480777591,0.0013749508759095862,0.0026148885534984156,2.733254149676952,0
2018-03-06,0.2773796084529576,0.9080994729977903,0.6060742626644554,0.8833901127202726,0.1165461288825869,0.8813486480777591,0.0009554902041578356,0.0025256570859905902,-0.8539811486738234,0
2018-03-07,0.0087309054864916,0.9080994729977903,0.2402781187144201,0.8833901127202726,0.7509909757990882,0.8813486480777591,0.0034282461560524113,0.0002417503189604519,0.8948801559457218,0
2018-03-08,0.0008121161249953879,0.9080994729977903,0.12996410780290632,0.8833901127202726,0.8692237760720981,0.8813486480777591,0.003862967844853502,-0.000347538341691493,1.2943657587995165,0
2018-03-09,0.0015238713211924138,0.9080994729977903,0.13987932056111088,0.8833901127202726,0.8585968081176967,0.8813486480777591,0.00382392271643968,-0.0002945720637053018,1.9775784013761377,0
2018-03-10,0.021275639550195267,0.9080994729977903,0.3288035434122827,0.8833901127202726,0.649920817037522,0.8813486480777591,0.0030527053024837552,0.0007230696707717735,1.1752553377220467,0
2018-03-11,0.006870543077945197,0.9080994729977903,0.21435740128710368,0.8833901127202726,0.7787720556349511,0.8813486480777591,0.003530454653171046,0.00010328436311050708,0.8268210471048356,0
2018-03-12,0.001245256120770949,0.9080994729977903,0.13599803651556305,0.8833901127202726,0.8627567073636659,0.8813486480777591,0.003839207500004804,-0.0003153055750665432,1.5976406518047714,0
2018-03-13,0.0058195790737227355,0.9080994729977903,0.19961057610914756,0.8833901127202726,0.7945698448171297,0.8813486480777591,0.003588554611220212,2.4518371406617332e-05,2.0863872701001576,0
2018-03-14,0.04527563550522517,0.9080994729977903,0.40488681288756345,0.8833901127202726,0.5498375516072114,0.8813486480777591,0.0026736536827825833,0.0011547281494905374,-0.11692442553581994,0
2018-03-15,3.773847547976671e-05,0.9080994729977903,0.11917651126595419,0.8833901127202726,0.8807857502585661,0.8813486480777591,0.0039054419576165845,-0.0004051648232426097,1.9635404365560647,0
2018-03-16,0.014150055389823599,0.9080994729977903,0.3135325094023503,0.8833901127202726,0.672317435207826,0.8813486480777591,0.0031385045892089888,0.00063328805932044,2.1702917486479603,0
2018-03-17,0.055267642089825396,0.9080994729977903,0.5119282762495722,0.8833901127202726,0.4328040816606026,0.8813486480777591,0.0022403517664014634,0.0017296761075886766,0.7341321788147434,0
2018-03-18,0.009228947559780773,0.9080994729977903,0.24721553915413122,0.8833901127202726,0.7435555132860879,0.8813486480777591,0.0034008840009963383,0.0002788095287051451,1.6839147740124167,0
2018-03-19,0.016565582107390106,0.9080994729977903,0.34810882625242395,0.8833901127202726,0.635325591640186,0.8813486480777591,0.003002241111453881,0.0008179014917293388,1.6153965832249626,0
2018-03-20,0.020891649571185555,0.9080994729977903,0.4089203372363746,0.8833901127202726,0.5701880131924397,0.8813486480777591,0.002762091871454159,0.0011426983538417933,1.6323400493436369,0
2018-03-21,0.024780529889447955,0.9080994729977903,0.46272911626273827,0.8833901127202726,0.5124903538478137,0.8813486480777591,0.00254916297533839,0.0014301763107313495,2.3884597632759985,0
2018-03-22,0.11104026661355948,0.9080994729977903,0.5975330901270645,0.8833901127202726,0.291426643259376,0.8813486480777591,0.0016910619964467686,0.002254505048478275,2.1473225570957304,0
2018-03-23,0.1196173513080698,0.9080994729977903,0.6599641363073167,0.8833901127202726,0.22041851238461363,0.8813486480777591,0.0014260427537538729,0.002593580058579072,2.7107787765285956,0
2018-03-24,0.26011109963946943,0.9080994729977903,0.6169601814149465,0.8833901127202726,0.12292871894558433,0.8813486480777591,0.0009887210248022116,0.0025592458301202403,2.2173072348285094,0
2018-03-25,0.23720805304706613,0.9080994729977903,0.6466865139990913,0.8833901127202726,0.11610543295384272,0.8813486480777591,0.000976750019551587,0.00268397044957053,2.141906037067251,0
2018-03-26,0.19193918898129744,0.9080994729977903,0.6888095696958942,0.8833901127202726,0.11925124132280832,0.8813486480777591,0.0010140070120367504,0.0028432702372799,1.5342615116598008,0
2018-03-27,0.05814437067826827,0.9080994729977903,0.766783675041543,0.8833901127202726,0.17507195428018868,0.8813486480777591,0.001294627772219797,0.0030701122519921904,1.2169125657908466,0
2018-03-28,0.04085427080653937,0.9080994729977903,0.6847741683012857,0.8833901127202726,0.2743715608921751,0.8813486480777591,0.0016686408755017404,0.0026165062477375976,2.5190284332793276,0
2018-03-29,0.10396278057848181,0.9080994729977903,0.7297669030007085,0.8833901127202726,0.16627031642080964,0.8813486480777591,0.0012363828711242104,0.0029383388519349826,-1.353562904688014,0
2018-03-30,0.0001756616808126079,0.9080994729977903,0.12109787340106709,0.8833901127202726,0.8787264649181203,0.8813486480777591,0.003897877445203222,-0.00039490105973881884,1.596021644294705,0
2018-03-31,0.005031175072931056,0.9080994729977903,0.18872516163484115,0.8833901127202726,0.8062436632922279,0.8813486480777591,0.003631486714028359,-3.3640177843060194e-05,2.025685253770532,0
2018-04-01,0.030634109993817417,0.9080994729977903,0.3922586135620774,0.8833901127202726,0.5771072764441051,0.8813486480777591,0.002781682307601549,0.001068578238194643,2.075896214332185,0
2018-04-02,0.06301022687759966,0.9080994729977903,0.5281369066660803,0.8833901127202726,0.40885286645632024,0.8813486480777591,0.0021483153948081467,0.0018252143292208432,1.8824936798303589,0
2018-04-03,0.03934886728624659,0.9080994729977903,0.6288585728569217,0.8833901127202726,0.3317925598568318,0.8813486480777591,0.0018798762497416702,0.002321223166936995,1.109195595232312,0
2018-04-04,0.02911289300646483,0.9080994729977903,0.524194222252631,0.8833901127202726,0.4466928847409042,0.8813486480777591,0.002306199629477933,0.0017584093454561102,0.08910373396464843,0
2018-04-05,0.0005900570943382199,0.9080994729977903,0.12687067758286477,0.8833901127202726,0.872539265322797,0.8813486480777591,0.0038751483180934077,-0.00036406319955990763,1.9783319992720554,0
2018-04-06,0.01740125531698434,0.9080994729977903,0.32287282390715794,0.8833901127202726,0.6597259207758577,0.8813486480777591,0.003090710783689838,0.0006866951973814278,1.790846314847968,0
2018-04-07,0.023802414132937325,0.9080994729977903,0.4122904989780175,0.8833901127202726,0.5639070868890452,0.8813486480777591,0.0027374764406038325,0.0011643333368480274,1.6371342482610425,0
2018-04-08,0.025205026729257167,0.9080994729977903,0.4683745845738162,0.8833901127202726,0.5064203886969267,0.8813486480777591,0.002526743722199081,0.0014603601381413364,2.2443984114476345,0
2018-04-09,0.059780599992645025,0.9080994729977903,0.6238314910575036,0.8833901127202726,0.31638790894985147,0.8813486480777591,0.0018117816882932593,0.002322664156521756,1.3690048819486083,0
2018-04-10,0.03275142166980261,0.9080994729977903,0.5693951875252836,0.8833901127202726,0.3978533908049138,0.8813486480777591,0.002125473166242366,0.002000405224259916,2.4321649850178098,0
2018-04-11,0.0950241762616681,0.9080994729977903,0.6757027813101143,0.8833901127202726,0.2292730424282176,0.8813486480777591,0.0014724991039389407,0.002642649985348001,2.3970372238087285,0
2018-04-12,0.1106187821296702,0.9080994729977903,0.7318742801896069,0.8833901127202726,0.15750693768072294,0.8813486480777591,0.0012004595184707035,0.0029584481405177535,-2.0075009072847254,0
2018-04-13,4.793656277311212e-05,0.9080994729977903,0.11931857741594484,0.8833901127202726,0.8806334860212821,0.8813486480777591,0.003904882642287041,-0.0004044059171838556,1.9662343216581102,0
2018-04-14,0.014160764526678039,0.9080994729977903,0.3127375726561668,0.8833901127202726,0.6731016628171552,0.8813486480777591,0.0031413564305513442,0.0006291337982072573,2.191289243052991,0
2018-04-15,0.061002830906725036,0.9080994729977903,0.5115412727275899,0.8833901127202726,0.42745589636568515,0.8813486480777591,0.002217493955524672,0.001735451206858165,1.6091174753327389,0
2018-04-16,0.03195092935969737,0.9080994729977903,0.5603096511230122,0.8833901127202726,0.40773941951729026,0.8813486480777591,0.002162101803777264,0.0019516692069605432,1.5605673733061733,0
2018-04-17,0.030753169636543277,0.9080994729977903,0.538445431620751,0.8833901127202726,0.43080139874270573,0.8813486480777591,0.0022471447752442984,0.0018353781680758067,2.0843312379705723,0
2018-04-18,0.05720688955173784,0.9080994729977903,0.6268561101811949,0.8833901127202726,0.3159370002670671,0.8813486480777591,0.0018116014054227155,0.0023350235764716936,1.888167120530141,0
2018-04-19,0.04272514065091691,0.9080994729977903,0.6900380142274866,0.8833901127202726,0.2672368451215965,0.8813486480777591,0.001641423890115822,0.002646657030650485,2.5037854856152864,0
2018-04-20,0.10017098173886123,0.9080994729977903,0.734941116166773,0.8833901127202726,0.16488790209436563,0.8813486480777591,0.0012334601082141438,0.00296031363110843,0.23564721536447752,0
2018-04-21,0.02918312696825573,0.9080994729977903,0.5251910538757184,0.8833901127202726,0.44562581915602584,0.8813486480777591,0.0023022576287191326,0.0017637325406561124,2.465437664280369,0
2018-04-22,0.12018773889820168,0.9080994729977903,0.6344972126219686,0.8833901127202726,0.2453150484798298,0.8813486480777591,0.001516947687725222,0.002460801749118373,2.6278635226271323,0
2018-04-23,0.2676186423166121,0.9080994729977903,0.5945164650047243,0.8833901127202726,0.13786489267866378,0.8813486480777591,0.0010391684277053866,0.0024517622398096146,2.582210431595548,0
2018-04-24,0.3119765856893312,0.9080994729977903,0.5896462695800669,0.8833901127202726,0.098377144730602,0.8813486480777591,0.0008691891591217772,0.002486585564370291,-0.7648070231025073,0
2018-04-25,0.0204836448977394,0.9080994729977903,0.4040016081025425,0.8833901127202726,0.575514746999718,0.8813486480777591,0.0027817699056369516,0.0011163481599635637,0.42404535225156603,0
2018-04-26,0.0005648401942682052,0.9080994729977903,0.12651938936530285,0.8833901127202726,0.872915770440429,0.8813486480777591,0.0038765314913372633,-0.00036593975324066854,1.5475359970571712,0
2018-04-27,0.006610740942794346,0.9080994729977903,0.21073573245194235,0.8833901127202726,0.7826535266052633,0.8813486480777591,0.00354473172671079,8.393793615925728e-05,1.7172539053419864,0
2018-04-28,0.013246600261142985,0.9080994729977903,0.29629448266329284,0.8833901127202726,0.6904589170755641,0.8813486480777591,0.0032051411901679113,0.0005416583582144018,1.6674079935037243,0
2018-04-29,0.0190791922702305,0.9080994729977903,0.3831257895117174,0.8833901127202726,0.597795018218052,0.8813486480777591,0.002863886901365495,0.0010049592523297996,2.308727794391892,0
2018-04-30,0.0884368706258662,0.9080994729977903,0.5593012381507311,0.8833901127202726,0.3522618912234028,0.8813486480777591,0.0019266899138466946,0.0020232488074388784,2.1669575216924177,0
2018-05-01,0.11357531828510833,0.9080994729977903,0.6347723469630377,0.8833901127202726,0.2516523347518541,0.8813486480777591,0.0015439381010124399,0.0024532462153568566,2.2537181077865163,0
2018-05-02,0.15020009780832122,0.9085851814470023,0.6232487333379243,0.8882127777522599,0.22655116885375456,0.9080768371495282,0.0013844696512871138,0.00306114950004275,2.523123305888284,1
2018-05-03,0.211821372503237,0.9085851814470023,0.6477497781529645,0.8882127777522599,0.14042884934379843,0.9080768371495282,0.0010602066241761818,0.003274710359888378,0.6803362886230935,1
2018-05-04,0.04218050713463927,0.9085851814470023,0.6553926906290725,0.8882127777522599,0.30242680223628826,0.9080768371495282,0.0017022809897099932,0.00312983545819824,2.5084102805633313,1
2018-05-05,0.14440698639964444,0.9085851814470023,0.6754529250791819,0.8882127777522599,0.18014008852117355,0.9080768371495282,0.0012330124541122505,0.0033626662943497124,2.677239363177292,1
2018-05-06,0.2610215094249609,0.9085851814470023,0.629819315674982,0.8882127777522599,0.10915917490005711,0.9080768371495282,0.0009264437506143209,0.003224016376975109,2.0684755432139124,1
2018-05-07,0.20140754417204623,0.9085851814470023,0.6819629655058254,0.8882127777522599,0.11662949032212847,0.9080768371495282,0.0009869263336484578,0.003464906067187708,1.7734358376740853,1
2018-05-08,0.0921267143553943,0.9085851814470023,0.7596450338722096,0.8882127777522599,0.14822825177239612,0.9080768371495282,0.0011573983561389235,0.003800853930503826,2.4160539450782768,1
2018-05-09,0.16403509249877768,0.9085851814470023,0.7186982558656314,0.8882127777522599,0.11726665163559086,0.9080768371495282,0.001011258826773034,0.0036397932245679746,2.764668473871862,1
2018-05-10,0.2983809886428974,0.9085851814470023,0.6202433625875868,0.8882127777522599,0.08137564876951583,0.9080768371495282,0.0008113869207224026,0.0032093544344672345,1.6316440012004958,1
2018-05-11,0.10814036328307457,0.9085851814470023,0.7638413952310519,0.8882127777522599,0.12801824148587349,0.9080768371495282,0.0010803203964830767,0.003843544884194164,-0.4466323245401844,1
2018-05-12,0.018800235405548437,0.9085851814470023,0.3430761994003693,0.8882127777522599,0.6381235651940823,0.9080768371495282,0.0028329863215546917,0.0012609903638795515,2.263367775000014,1
2018-05-13,0.08372524388153839,0.9085851814470023,0.5128504332452708,0.8882127777522599,0.4034243228731909,0.9080768371495282,0.002013826730411622,0.0023353607785446674,2.1364412795883605,1
2018-05-14,0.06687817488735094,0.9085851814470023,0.6454321427202906,0.8882127777522599,0.2876896823923585,0.9080768371495282,0.0016383298117158339,0.003098725405221542,2.597166478020293,1
2018-05-15,0.2037217680167649,0.9085851814470023,0.6353742266373026,0.8882127777522599,0.1609040053459326,0.9080768371495282,0.001133393567419508,0.0031926246295205262,2.046300063668313,1
2018-05-16,0.15730258318988607,0.9085851814470023,0.6888610944467353,0.8882127777522599,0.1538363223633787,0.9080768371495282,0.0011374716010915742,0.00345621512620951,2.179683092789482,1
2018-05-17,0.15894186826890044,0.9085851814470023,0.7036277593073867,0.8882127777522599,0.13743037242371284,0.9080768371495282,0.0010816787753592661,0.0035451739710879353,1.4846803144893703,1
2018-05-18,0.05576379958314888,0.9085851814470023,0.7462222748903912,0.8882127777522599,0.19801392552645983,0.9080768371495282,0.0013454289061354588,0.0036809397438533876,2.344998177695615,1
2018-05-19,0.07244064352841008,0.9085851814470023,0.7808076521999979,0.8882127777522599,0.14675170427159195,0.9080768371495282,0.0011640976888169393,0.0039036681640790888,2.7110896369584423,1
2018-05-20,0.20938428490159122,0.9085851814470023,0.6924225571140318,0.8882127777522599,0.09819315798437686,0.9080768371495282,0.000920581107195233,0.003535550072824751,1.8600875595403445,1
2018-05-21,0.062046830746564474,0.9085851814470023,0.8152001042342707,0.8882127777522599,0.12275306501916464,0.9080768371495282,0.0010898990983521895,0.004094943944602079,2.4298131494318023,1
2018-05-22,0.13155192405414898,0.9085851814470023,0.7624834531779439,0.8882127777522599,0.10596462276790708,0.9080768371495282,0.0009926981395677029,0.0038617498814545372,0.7531833142317729,1
2018-05-23,0.045458029308007804,0.9085851814470023,0.6982081260110065,0.8882127777522599,0.25633384468098563,0.9080768371495282,0.0015464436350763914,0.0033861162275273674,0.3491966802972466,1
2018-05-24,0.017523231188889606,0.9085851814470023,0.3260163489850421,0.8882127777522599,0.6564604198260681,0.9080768371495282,0.0028945478828054996,0.0011589074445898205,2.2482406108475255,1
2018-05-25,0.08165665023294362,0.9085851814470023,0.4987664338181261,0.8882127777522599,0.41957691594893026,0.9080768371495282,0.0020688219048633364,0.002249948900743499,2.051883922213241,1
2018-05-26,0.09326462556939562,0.9085851814470023,0.5801156666502753,0.8882127777522599,0.32661970778032934,0.9080768371495282,0.0017523068760745756,0.0027429072261156606,2.3346522233589213,1
2018-05-27,0.1721614121317854,0.9085851814470023,0.6142306474896472,0.8882127777522599,0.21360794037856734,0.9080768371495282,0.0013281376016905208,0.003032535725690627,2.8250372692983046,1
2018-05-28,0.3787083413927383,0.9085851814470023,0.5145802915395123,0.8882127777522599,0.10671136706774925,0.9080768371495282,0.0008476846792414182,0.0026758962027377434,1.3252376299566893,1
2018-05-29,0.08579483390298477,0.9085851814470023,0.7279314471615538,0.8882127777522599,0.18627371893546116,0.9080768371495282,0.0012883655762037879,0.0036066535809638144,1.3981616842209794,1
2018-05-30,0.04668159355477069,0.9085851814470023,0.7149644856373357,0.8882127777522599,0.23835392080789355,0.9080768371495282,0.0014856517120382304,0.0034863487116680897,2.439946451800734,1
2018-05-31,0.12791262687437213,0.9085851814470023,0.7127940075631124,0.8882127777522599,0.1592933655625155,0.9080768371495282,0.0011731786324884806,0.0035645074153764452,2.5751101989306417,1
2018-06-01,0.19055495301372272,0.9085851814470023,0.6994792504161171,0.8882127777522599,0.10996579657016003,0.9080768371495282,0.0009711117023723391,0.003556098926779756,2.8622747961684714,1
2018-06-02,0.3665098712383596,0.9085851814470023,0.5605870568554251,0.8882127777522599,0.07290307190621519,0.9080768371495282,0.0007423311129784792,0.0029336753833012867,2.5760131388280003,1
2018-06-03,0.3769781873220284,0.9085851814470023,0.5553008246065242,0.8882127777522599,0.0677209880714473,0.9080768371495282,0.0007187690367908653,0.002914209357010493,2.9569739133516637,1
2018-06-04,0.5257934437818437,0.9085851814470023,0.42276823290910853,0.8882127777522599,0.05143832330904769,0.9080768371495282,0.000574777331364837,0.002298915726420819,1.3018738878346423,1
2018-06-05,0.17140695608113338,0.9085851814470023,0.7128555220732906,0.8882127777522599,0.1157375218455761,0.9080768371495282,0.0010017727727184454,0.0036135763631117966,2.520746508672603,1
2018-06-06,0.19407222530586923,0.9085851814470023,0.7113067932638967,0.8882127777522599,0.09462098143023419,0.9080768371495282,0.0009177342543536308,0.0036298200054417254,2.878314238310609,1
2018-06-07,0.37154700299507937,0.9085851814470023,0.5608794967060913,0.8882127777522599,0.06757350029882922,0.9080768371495282,0.0007215363514014799,0.0029410414779277613,3.115899726733184,1
2018-06-08,0.5785411877080769,0.9085851814470023,0.3748386937529442,0.8882127777522599,0.046620118538979044,0.9080768371495282,0.0005267265413756797,0.0020752002727044945,3.1777890960559096,1
2018-06-09,0.7150519603305966,0.9085851814470023,0.24966482012979888,0.8882127777522599,0.035283219539604664,0.9080768371495282,0.0004056642320090458,0.0014895441226783143,3.096045114730547,1
2018-06-10,0.774490365575279,0.9085851814470023,0.19459595864326273,0.8882127777522599,0.0309136757814584,0.9080768371495282,0.00035461620345300545,0.0012311991248079679,-3.2112318038304464,1
2018-06-11,0.0002233000018129542,0.9085851814470023,0.09490610876435332,0.8882127777522599,0.9048705912338338,0.9080768371495282,0.0037264715878745107,-0.00022401289583286898,1.919360616361511,1
2018-06-12,0.011909887701724423,0.9085851814470023,0.24557329136280137,0.8882127777522599,0.7425168209354742,0.9080768371495282,0.00318294700044877,0.0006780084766024644,1.3923840211720409,1
2018-06-13,0.007390026337050436,0.9085851814470023,0.19060986047179573,0.8882127777522599,0.8020001131911537,0.9080768371495282,0.0033824215803372826,0.0003486634877068837,1.6750721049132948,1
2018-06-14,0.010922250268902846,0.9085851814470023,0.2348082495207469,0.8882127777522599,0.7542695002103504,0.9080768371495282,0.003222435149249816,0.000613388887197438,1.4580125739155505,1
2018-06-15,0.011879040074040979,0.9085851814470023,0.2505956404967976,0.8882127777522599,0.7375253194291614,0.9080768371495282,0.0031664531730747542,0.0007076057281828589,1.645979657565573,1
2018-06-16,0.01395997938599415,0.9085851814470023,0.27475838985475254,0.8882127777522599,0.7112816307592533,0.9080768371495282,0.0030783147478998683,0.0008524959263493873,2.125436555029594,1
2018-06-17,0.04968048939443749,0.9085851814470023,0.4564134699032917,0.8882127777522599,0.4939060407022708,0.9080768371495282,0.0023353986185056155,0.0019642592701257407,2.372661125600863,1
2018-06-18,0.1597448257453064,0.9085851814470023,0.5467222002039348,0.8882127777522599,0.29353297405075873,0.9080768371495282,0.001602022559587894,0.002620332355196463,1.6627934195642924,1
2018-06-19,0.043891323506702586,0.9085851814470023,0.6569569641677061,0.8882127777522599,0.2991517123255914,0.9080768371495282,0.0016903286447143388,0.003140980466011781,2.581310928906072,1
2018-06-20,0.15021976438744958,0.9085851814470023,0.6804916378808725,0.8882127777522599,0.16928859773167776,0.9080768371495282,0.0011933061914652116,0.003398903926151134,2.812801227108457,1
2018-06-21,0.3345413233756778,0.9085851814470023,0.5703778966450732,0.8882127777522599,0.09508077997924913,0.9080768371495282,0.00083546757632216,0.0029556420512920154,2.980261847511028,1
2018-06-22,0.5388439303353962,0.9085851814470023,0.4031090216963313,0.8882127777522599,0.0580470479682726,0.9080768371495282,0.0005888457015904091,0.002197540886098323,-2.2998684509620304,1
2018-06-23,0.0009272631337970305,0.9085851814470023,0.10431038344706599,0.8882127777522599,0.8947623534191371,0.9080768371495282,0.003692693834643501,-0.0001677394806394605,1.9068743305892355,1
2018-06-24,0.01314797228545014,0.9085851814470023,0.2536172259004998,0.8882127777522599,0.73323480181405,0.9080768371495282,0.0031514696781969067,0.000726854024635235,2.1504060519777144,1
2018-06-25,0.07179566835607443,0.9085851814470023,0.41999860127885513,0.8882127777522599,0.5082057303650704,0.9080768371495282,0.0023694090983816403,0.0017741771299829487,2.2857846328271445,1
2018-06-26,0.12289027233042589,0.9085851814470023,0.5598478656133027,0.8882127777522599,0.31726186205627155,0.9080768371495282,0.0017032852244038864,0.0026565029831547566,1.922832723838048,1
2018-06-27,0.0854903503967541,0.9085851814470023,0.6308536486490832,0.8882127777522599,0.28365600095416277,0.9080768371495282,0.0016137284489159992,0.0030335548461323074,2.624172698370288,1
2018-06-28,0.2141174441048387,0.9085851814470023,0.6308064360452517,0.8882127777522599,0.15507611984990957,0.9080768371495282,0.0011077296174800124,0.003177316055752766,0.7791201862594375,1
2018-06-29,0.03928007622609922,0.9085851814470023,0.614357792762928,0.8882127777522599,0.34636213101097263,0.9080768371495282,0.0018505669489668637,0.0028844821134021625,0.9121784081321673,1
2018-06-30,0.0266608564594214,0.9085851814470023,0.4480856442901858,0.8882127777522599,0.525253499250393,0.9080768371495282,0.002453593237112512,0.0018893472581691002,2.110583724274188,1
2018-07-01,0.04520859148889727,0.9085851814470023,0.5871414778207017,0.8882127777522599,0.36764993069040103,0.9080768371495282,0.001917958559981243,0.002730545100429013,2.517651759158743,1
2018-07-02,0.16167372852561096,0.9085851814470023,0.631610494668045,0.8882127777522599,0.20671577680634398,0.9080768371495282,0.0013114211574967722,0.0031233322368093277,1.7032548250466832,1
2018-07-03,0.0495829748870938,0.9085851814470023,0.73058581646927,0.8882127777522599,0.2198312086436362,0.9080768371495282,0.0014220292252531473,0.003581763401052933,2.2654116885124087,1
2018-07-04,0.095890646376172,0.9085851814470023,0.7350428222467686,0.8882127777522599,0.16906653137705938,0.9080768371495282,0.0012248531738222191,0.0036599161403687215,2.602761822376398,1
2018-07-05,0.17387660860997645,0.9085851814470023,0.7130467139456464,0.8882127777522599,0.113076677444377,0.9080768371495282,0.0009914126015455695,0.003617469969971656,2.747366823340671,1
2018-07-06,0.34232650955282995,0.9085851814470023,0.5786033012367521,0.8882127777522599,0.07907018921041781,0.9080768371495282,0.0007774005755397445,0.0030128898747024883,2.87834369754238,1
2018-07-07,0.477111940685389,0.9085851814470023,0.46458288813968657,0.8882127777522599,0.058305171174924536,0.9080768371495282,0.0006270928317736828,0.0024911069192307496,2.186235067316009,1
2018-07-08,0.3178863962420409,0.9085851814470023,0.6075803510442694,0.8882127777522599,0.07453325271368957,0.9080768371495282,0.0007768925696226794,0.003156485460863559,2.970949798284132,1
2018-07-09,0.5189822070698011,0.9085851814470023,0.427532921770899,0.8882127777522599,0.053484871159299834,0.9080768371495282,0.0005857143370878775,0.002319399940278433,3.109241241743643,1
2018-07-10,0.6736450392420369,0.9085851814470023,0.2869832397135021,0.8882127777522599,0.03937172104446102,0.9080768371495282,0.00044461473901952626,0.0016633538375444307,-0.6509135054325337,1
2018-07-11,0.039964363387427204,0.9085851814470023,0.6249937270213437,0.8882127777522599,0.33504190959122915,0.9080768371495282,0.0018124094364704532,0.002948000270670417,2.493403576054316,1
2018-07-12,0.11387240673520313,0.9085851814470023,0.690384008463556,0.8882127777522599,0.1957435848012409,0.9080768371495282,0.001303317050323487,0.0034165661262920387,1.492581807288972,1
2018-07-13,0.04865049279264971,0.9085851814470023,0.694570186777409,0.8882127777522599,0.25677932042994145,0.9080768371495282,0.0015460294767261767,0.0033682274313235954,2.5886797101656445,1
2018-07-14,0.14232337738843193,0.9085851814470023,0.7065999977532027,0.8882127777522599,0.15107662485836543,0.9080768371495282,0.0011371571682473954,0.003544100347547024,2.7560749060366883,1
2018-07-15,0.28742686076746526,0.9085851814470023,0.6188775741524363,0.8882127777522599,0.09369556508009858,0.9080768371495282,0.0008590531849295336,0.003189029600077626,2.607612636463142,1
2018-07-16,0.32812155555695544,0.9085851814470023,0.5949562688556276,0.8882127777522599,0.07692217558741701,0.9080768371495282,0.0007787416507740831,0.003093465119345653,0.5949912881905463,1
2018-07-17,0.04891020608223744,0.9085851814470023,0.7452150189175518,0.8882127777522599,0.2058747750002107,0.9080768371495282,0.0013757746537802929,0.0036673221250112385,-0.5101749151821426,1
2018-07-18,0.010147402860576265,0.9085851814470023,0.22748263873145586,0.8882127777522599,0.7623699584079678,0.9080768371495282,0.003249705843115876,0.0005693001843831401,2.1316325052214404,1
2018-07-19,0.056580435717825533,0.9085851814470023,0.41075868319688347,0.8882127777522599,0.532660881085291,0.9080768371495282,0.002459917196251689,0.0017026233423561774,2.334111098386062,1
2018-07-20,0.13372993149490864,0.9085851814470023,0.5464708962761288,0.8882127777522599,0.3197991722289625,0.9080768371495282,0.0017052008221942918,0.0025897175508184096,2.12178954734409,1
2018-07-21,0.14457121747705054,0.9085851814470023,0.6097032539662293,0.8882127777522599,0.24572552855672014,0.9080768371495282,0.0014518016921111262,0.0029749279876191822,2.6070817509861723,1
2018-07-22,0.2523703240853296,0.9085851814470023,0.608139481741433,0.8882127777522599,0.13949019417323755,0.9080768371495282,0.0010328393690074347,0.003086417825894779,2.946338691337067,1
2018-07-23,0.47417494753214895,0.9085851814470023,0.45164742990139517,0.8882127777522599,0.074177622566456,0.9080768371495282,0.0006817075837738525,0.002411498964730063,1.0965293518041146,1
2018-07-24,0.054524330683949074,0.9085851814470023,0.787163370022636,0.8882127777522599,0.15831229929341467,0.9080768371495282,0.0012133643905644094,0.0039211036927317275,-0.6098373932342234,1
2018-07-25,0.01542601107246702,0.9085851814470023,0.2979997998029663,0.8882127777522599,0.6865741891245668,0.9080768371495282,0.002995602406107541,0.0009912616452210225,1.8869204901692493,1
2018-07-26,0.029070807841059153,0.9085851814470023,0.39460264083195784,0.8882127777522599,0.576326551326983,0.9080768371495282,0.0026217074103312573,0.0015764969458375172,1.595487011970844,1
2018-07-27,0.02260469773358323,0.9085851814470023,0.38592482507509035,0.8882127777522599,0.5914704771913264,0.9080768371495282,0.002675925069580269,0.001518057035975069,1.8997567272271076,1
2018-07-28,0.03184125443768593,0.9085851814470023,0.5009128371331198,0.8882127777522599,0.4672459084291942,0.9080768371495282,0.0022576113533357128,0.002206828155010451,2.4458130019379722,1
2018-07-29,0.13151848192695187,0.9085851814470023,0.602623372843243,0.8882127777522599,0.26585814522980505,0.9080768371495282,0.0015267705754215208,0.002918540007454432,2.7206081563346105,1
2018-07-30,0.30645150286059747,0.9085851814470023,0.5582450956717797,0.8882127777522599,0.13530340146762276,0.9080768371495282,0.000986444857870014,0.0028526030135118726,2.8570220828733297,1
2018-07-31,0.4980969435355386,0.9085851814470023,0.4265409268072241,0.8882127777522599,0.07536212965723721,0.9080768371495282,0.0006711624278817462,0.0022901593541358282,-0.24710318121583197,1
2018-08-01,0.023062447341120767,0.9277589648638161,0.5839349212316131,0.8934550881976848,0.3930026314272661,0.875515964358486,0.0020914320632468984,0.0018866571541406034,2.1831354420828877,2
2018-08-02,0.05136280102737636,0.9277589648638161,0.6676078496592683,0.8934550881976848,0.2810293493133554,0.875515964358486,0.0016814571425318298,0.0025727797595942094,2.498250129702963,2
2018-08-03,0.1389391401131243,0.9277589648638161,0.6850692086439248,0.8934550881976848,0.17599165124295096,0.875515964358486,0.0012594066684678364,0.0029716106846009263,2.248817710543788,2
2018-08-04,0.14929469638344142,0.9277589648638161,0.6999692599231833,0.8934550881976848,0.15073604369337526,0.875515964358486,0.0011643007214566686,0.0031104321083337627,0.3369730653979539,2
2018-08-05,0.020626612389482463,0.9277589648638161,0.5356204070035904,0.8934550881976848,0.44375298060692725,0.875515964358486,0.002270575304474917,0.0015340024607609529,2.4330943448578592,2
2018-08-06,0.08567725497448703,0.9277589648638161,0.6574260511797586,0.8934550881976848,0.2568966938457543,0.875515964358486,0.0015759508232291817,0.002607480086321908,2.3273741319658243,2
2018-08-07,0.13354767257066738,0.9277589648638161,0.6823381895606117,0.8934550881976848,0.18411413786872077,0.875515964358486,0.0012912247793397669,0.0029352310693108665,1.6879220945970013,2
2018-08-08,0.0443578278984419,0.9277589648638161,0.7345458522662358,0.8934550881976848,0.2210963198353223,0.875515964358486,0.0014749432549599052,0.00302887912093857,0.010450601270027171,2
2018-08-09,0.008490425679594281,0.9277589648638161,0.2937402628139984,0.8934550881976848,0.6977693115064072,0.875515964358486,0.003163452477362994,-0.00023133292515974168,1.540737912513533,2
2018-08-10,0.011534272375207754,0.9277589648638161,0.3541472150178825,0.8934550881976848,0.6343185126069099,0.875515964358486,0.0029409967861986058,0.00020958109490572816,0.9336153167007101,2
2018-08-11,0.0023304071004909654,0.9277589648638161,0.1709388920035423,0.8934550881976848,0.8267307008959669,0.875515964358486,0.003614370419915964,-0.001127580516659051,1.8329458593089152,2
2018-08-12,0.01105281780908537,0.9277589648638161,0.3352811534731545,0.8934550881976848,0.65366602871776,0.875515964358486,0.0030085907240468236,7.334522612152694e-05,2.23317269788563,2
2018-08-13,0.06061474232252778,0.9277589648638161,0.5262665211345972,0.8934550881976848,0.4131187365428749,0.875515964358486,0.0021389211757394614,0.0015923750633779943,2.4138511279204407,2
2018-08-14,0.15988268887537468,0.9277589648638161,0.5971536761412722,0.8934550881976848,0.242963634983353,0.875515964358486,0.0014821513729260203,0.0024093346836266023,2.417674821142159,2
2018-08-15,0.2413719433229049,0.9277589648638161,0.5971076049340146,0.8934550881976848,0.16152045174308055,0.875515964358486,0.0011468404072261062,0.002664085299186282,2.618994557251591,2
2018-08-16,0.3184803924330998,0.9277589648638161,0.5738651883589393,0.8934550881976848,0.107654419207961,0.875515964358486,0.0009110134190728221,0.0027394702101118202,3.023895246363095,2
2018-08-17,0.529918762981188,0.9277589648638161,0.40581828223056143,0.8934550881976848,0.06426295478825039,0.875515964358486,0.0006307405985816277,0.0022012409458088958,0.9500546349476138,2
2018-08-18,0.0382728022268174,0.9277589648638161,0.7967493526340136,0.8934550881976848,0.164977845139169,0.875515964358486,0.001280913114445189,0.003454047471835889,1.9956928318439997,2
2018-08-19,0.043146677731396806,0.9277589648638161,0.7848933983398594,0.8934550881976848,0.1719599239287438,0.875515964358486,0.0013026134676431184,0.0033846364890116358,2.5443442252668045,2
2018-08-20,0.0870957400511239,0.9277589648638161,0.7831594733318319,0.8934550881976848,0.12974478661704417,0.875515964358486,0.0011275473516077002,0.0035098243674751934,1.5676690768654251,2
2018-08-21,0.036273498439359314,0.9277589648638161,0.7768390431409057,0.8934550881976848,0.18688745841973498,0.875515964358486,0.0013593264241812135,0.0033056030736519767,2.0905601145158617,2
2018-08-22,0.03653159108532444,0.9277589648638161,0.795508290217181,0.8934550881976848,0.1679601186974946,0.875515964358486,0.0012924664080885614,0.003439734252126258,2.294057509927628,2
2018-08-23,0.06696952979218643,0.9277589648638161,0.7849945413172229,0.8934550881976848,0.14803592889059056,0.875515964358486,0.0012040515805400382,0.0034599296494150175,2.3286099226386603,2
2018-08-24,0.05923728855962917,0.9277589648638161,0.8081023077558651,0.8934550881976848,0.13266040368450568,0.875515964358486,0.0011544406652614202,0.0036007462326334448,2.224712759418419,2
2018-08-25,0.045759982727635026,0.9277589648638161,0.8228321441475698,0.8934550881976848,0.13140787312479532,0.875515964358486,0.0011580490377731106,0.0036637498968508154,2.6674583370610785,2
2018-08-26,0.12403628336512251,0.9277589648638161,0.768452289411817,0.8934550881976848,0.10751142722306056,0.875515964358486,0.001027107791654177,0.0035204276626963327,2.6409155607575077,2
2018-08-27,0.24094242280262587,0.9277589648638161,0.6654649904528048,0.8934550881976848,0.09359258674456922,0.875515964358486,0.0009081513982500961,0.0031509035850673405,2.2893608850939247,2
2018-08-28,0.15305185493179413,0.9277589648638161,0.7421272486498869,0.8934550881976848,0.10482089641831883,0.875515964358486,0.0010003022064356214,0.003423257048359099,1.8028718557874086,2
2018-08-29,0.03889278735936191,0.9277589648638161,0.8216396588967348,0.8934550881976848,0.13946755374390316,0.875515964358486,0.001190574918463753,0.003633738103623266,2.539187285609632,2
2018-08-30,0.10599037167401994,0.9277589648638161,0.7758489592653551,0.8934550881976848,0.11816066906062489,0.875515964358486,0.0010754260965876216,0.0035167619904008995,2.5818663399259765,2
2018-08-31,0.20391789713301034,0.9277589648638161,0.6940821919036436,0.8934550881976848,0.10199991096334599,0.875515964358486,0.0009599423542499999,0.0032393734588992366,2.817374889369165,2
2018-09-01,0.3499559397584629,0.9277589648638161,0.5710123828490904,0.8934550881976848,0.07903167739244675,0.875515964358486,0.0007914180272367336,0.002817622894681786,2.1439597109646953,2
2018-09-02,0.18583169909992417,0.9277589648638161,0.7127088729389596,0.8934550881976848,0.10145942796111608,0.875515964358486,0.0009688621750897908,0.0033157789189986746,2.661931974602466,2
2018-09-03,0.2611594686112891,0.9277589648638161,0.6501552481973477,0.8934550881976848,0.08868528319136332,0.875515964358486,0.000878750285276853,0.0031048555168456766,2.912800269311459,2
2018-09-04,0.4579324414345734,0.9277589648638161,0.47544847452275324,0.8934550881976848,0.0666190840426735,0.875515964358486,0.0006826336609491178,0.0024731599467528527,2.72154571195902,2
2018-09-05,0.5132274420322986,0.9277589648638161,0.42629059612356146,0.8934550881976848,0.060481961844140036,0.875515964358486,0.0006276029078736831,0.0022951929606235396,-1.5037949959902481,2
2018-09-06,0.007213352399035943,0.9277589648638161,0.26828153148938794,0.8934550881976848,0.7245051161115761,0.875515964358486,0.0032570671447585534,-0.00041713970213782983,1.4468530674549567,2
2018-09-07,0.0062131196710859295,0.9277589648638161,0.24821574778120592,0.8934550881976848,0.7455711325477081,0.875515964358486,0.0033307767866218208,-0.0005635670770280108,2.034750185027957,2
2018-09-08,0.028568170055356737,0.9277589648638161,0.4262266118186675,0.8934550881976848,0.5452052181259759,0.875515964358486,0.002620023998339292,0.0007776439107953705,1.6211546686454037,2
2018-09-09,0.016866087962589676,0.9277589648638161,0.4441423300917249,0.8934550881976848,0.5389915819456854,0.875515964358486,0.0026055851456785353,0.0008689558631568826,2.31980806197942,2
2018-09-10,0.0643317036111508,0.9277589648638161,0.6116872288582771,0.8934550881976848,0.32398106753057204,0.875515964358486,0.0018243780420091897,0.00221402761447055,2.5638906700912836,2
2018-09-11,0.16739878644100895,0.9277589648638161,0.6502812252995548,0.8934550881976848,0.18231998825943618,0.875515964358486,0.001264546137553667,0.002812263217432027,2.788775107884713,2
2018-09-12,0.35544617754646446,0.9277589648638161,0.5401290700183456,0.8934550881976848,0.10442475243518987,0.875515964358486,0.0008773623958048137,0.002614260580433464,2.955436499412261,2
2018-09-13,0.5278496330145109,0.9277589648638161,0.4069897374217682,0.8934550881976848,0.06516062956372076,0.875515964358486,0.000635145420517952,0.0022031298557798626,1.8423602519854243,2
2018-09-14,0.24116342201978738,0.9277589648638161,0.6564324057540768,0.8934550881976848,0.10240417222613568,0.875515964358486,0.0009390416636124824,0.0030870906764185243,2.9510332340099383,2
2018-09-15,0.4491635579494902,0.9277589648638161,0.4810546846516677,0.8934550881976848,0.06978175739884204,0.875515964358486,0.000699043538977717,0.0024857471841634514,3.1407748096679313,2
2018-09-16,0.6356816617061921,0.9277589648638161,0.3173563574465992,0.8934550881976848,0.046961980847208734,0.875515964358486,0.0005057573473089394,0.0019005665466438127,3.2527151411335913,2
2018-09-17,0.7638828372258716,0.9277589648638161,0.2027226561849042,0.8934550881976848,0.03339450658922436,0.875515964358486,0.0003799126793383671,0.0014832276378907018,0.10284964899737847,2
2018-09-18,0.07833266019590511,0.9277589648638161,0.7272469764678103,0.8934550881976848,0.1944203633362846,0.875515964358486,0.0013606565890726969,0.003083104263662545,2.565732334145817,2
2018-09-19,0.13972818752689392,0.9277589648638161,0.7264586003101386,0.8934550881976848,0.13381321216296746,0.875515964358486,0.0011104355265642801,0.0032696559649778006,2.7706537595648353,2
2018-09-20,0.2809891612779871,0.9277589648638161,0.6245460327365995,0.8934550881976848,0.0944648059854134,0.875515964358486,0.0008871875872479558,0.0029840429894090596,2.470343888260315,2
2018-09-21,0.2638137553876037,0.9277589648638161,0.6440747900216686,0.8934550881976848,0.09211145459072773,0.875515964358486,0.0008892186570241645,0.0030697414589375403,1.6577343993219218,2
2018-09-22,0.04212004999015845,0.9277589648638161,0.8175963727579116,0.8934550881976848,0.14028357725192997,0.875515964358486,0.001191531350790554,0.0036149657102819417,2.60325839755981,2
2018-09-23,0.12320287239223857,0.9277589648638161,0.7625671236464033,0.8934550881976848,0.1142300039613581,0.875515964358486,0.0010512954461888429,0.0034757909772901536,2.7931935169619506,2
2018-09-24,0.2820196241949515,0.9277589648638161,0.6300364025962293,0.8934550881976848,0.08794397320881922,0.875515964358486,0.0008636214450506335,0.003026477122936301,2.1729845212762244,2
2018-09-25,0.23385602720014095,0.9277589648638161,0.6619727093230575,0.8934550881976848,0.10417126347680154,0.875515964358486,0.0009496463189936598,0.0031037820401987083,1.8797313588097644,2
2018-09-26,0.11030645621825476,0.9277589648638161,0.7518519687203118,0.8934550881976848,0.13784157506143332,0.875515964358486,0.001142228499914143,0.00335890182678207,2.7314191227331444,2
2018-09-27,0.23272641421319645,0.9277589648638161,0.6670229744475934,0.8934550881976848,0.10025061133921014,0.875515964358486,0.0009365203424866114,0.0031363117181415316,1.8603972834907512,2
2018-09-28,0.05120278690581842,0.9277589648638161,0.8148434165998751,0.8934550881976848,0.13395379649430644,0.875515964358486,0.0011637901829205863,0.0036237369381817183,2.5587779876238947,2
2018-09-29,0.12788004705574904,0.9277589648638161,0.7584147361009375,0.8934550881976848,0.11370521684331339,0.875515964358486,0.0010466532597356226,0.0034607780041251124,2.7094016150548828,2
2018-09-30,0.2676933572147423,0.9277589648638161,0.6406878546379086,0.8934550881976848,0.09161878814734926,0.875515964358486,0.0008851560704178937,0.00305769825206617,2.9800475833767197,2
2018-10-01,0.4721518178608417,0.9277589648638161,0.46296763841726174,0.8934550881976848,0.06488054372189647,0.875515964358486,0.00066792532925969,0.0024285399873715655,3.0240353504563955,2
2018-10-02,0.6374922216093644,0.9277589648638161,0.3149318255295258,0.8934550881976848,0.04757595286110984,0.875515964358486,0.0005068045751684735,0.001888919617576917,3.0540812612606447,2
2018-10-03,0.7401379795810659,0.9277589648638161,0.22296393736941278,0.8934550881976848,0.03689808304952146,0.875515964358486,0.0004067130887572865,0.0015534506211304512,3.199945965486708,2
2018-10-04,0.8098045164424557,0.9277589648638161,0.16111648003988516,0.8934550881976848,0.029079003517658998,0.875515964358486,0.00033665301808398344,0.0013298492681998789,2.9551256469824967,2
2018-10-05,0.8128647750254238,0.9277589648638161,0.15836430758241482,0.8934550881976848,0.02877091739216146,0.875515964358486,0.0003336968481290687,0.0013197743861551353,3.3686780101836766,2
2018-10-06,0.8501652129668352,0.9277589648638161,0.12574391597898243,0.8934550881976848,0.02409087105418223,0.875515964358486,0.0002944178923224874,0.001203580069810312,3.3544228005526056,2
2018-10-07,0.8688568672890086,0.9277589648638161,0.10887648816346222,0.8934550881976848,0.02226664454752917,0.875515964358486,0.00027654418570698927,0.0011416332347874507,3.508962125908135,2
2018-10-08,0.8811096361213588,0.9277589648638161,0.09822974909845403,0.8934550881976848,0.02066061478018717,0.875515964358486,0.0002633910244702925,0.0011039552487864554,3.411056273458782,2
2018-10-09,0.8811028607515812,0.9277589648638161,0.09817976567701518,0.8934550881976848,0.020717373571403585,0.875515964358486,0.00026359339350672927,0.0011035770921563417,3.48884323971754,2
2018-10-10,0.8858327317784731,0.9277589648638161,0.09394949166582815,0.8934550881976848,0.020217776555698674,0.875515964358486,0.0002589354726122773,0.001088172857309845,3.1096430542718405,2
2018-10-11,0.8744179112973943,0.9277589648638161,0.10337128696002629,0.8934550881976848,0.022210801742579327,0.875515964358486,0.0002729253122123554,0.0011197260793158574,-1.6552200892299942,2
2018-10-12,0.019622243152360344,0.9277589648638161,0.514495631888063,0.8934550881976848,0.4658821249595768,0.875515964358486,0.0023485754752710724,0.0013799995284962054,2.4116222744754974,2
2018-10-13,0.08153615966973103,0.9277589648638161,0.6477536020927179,0.8934550881976848,0.270710238237551,0.875515964358486,0.0016269768480136127,0.002525443360423876,2.652392850853685,2
2018-10-14,0.22176388812474576,0.9277589648638161,0.6269683437862306,0.8934550881976848,0.15126776808902348,0.875515964358486,0.0011226186930285206,0.0028159531414002413,2.8752453615271074,2
2018-10-15,0.4281522176042164,0.9277589648638161,0.485052195970034,0.8934550881976848,0.08679558642574955,0.875515964358486,0.0007714965562545884,0.0024485245362738453,1.1995846618250705,2
2018-10-16,0.037792847475375986,0.9277589648638161,0.7908162504294203,0.8934550881976848,0.17139090209520372,0.875515964358486,0.0013038067800595645,0.003410174853575368,2.648862828309998,2
2018-10-17,0.12125457732970006,0.9277589648638161,0.7559503648984436,0.8934550881976848,0.12279505777185629,0.875515964358486,0.0010826539771926279,0.003422439906534389,2.755411514770029,2
2018-10-18,0.27399361200332273,0.9277589648638161,0.6335379771165598,0.8934550881976848,0.09246841088011759,0.875515964358486,0.0008843640169530588,0.0030263598124285933,2.8198156224566118,2
2018-10-19,0.44463151047395383,0.9277589648638161,0.48457948669884027,0.8934550881976848,0.07078900282720607,0.875515964358486,0.0007053215508423256,0.002496732641573356,3.143232947822259,2
2018-10-20,0.642970900694713,0.9277589648638161,0.3102429111453771,0.8934550881976848,0.04678618815991012,0.875515964358486,0.0005006978536519747,0.0018725840165855366,3.315536228364681,2
2018-10-21,0.769286859950058,0.9277589648638161,0.19825808171717382,0.8934550881976848,0.032455058332768134,0.875515964358486,0.0003733150085209498,0.0014682604315741689,3.4457984772958103,2
2018-10-22,0.8391153388073666,0.9277589648638161,0.13587897365030968,0.8934550881976848,0.025005687542323775,0.875515964358486,0.00030440900274337704,0.0012413692989786558,3.4805563434846816,2
2018-10-23,0.8694053088372451,0.9277589648638161,0.10871151357132128,0.8934550881976848,0.021883177591433524,0.875515964358486,0.00027486733004981656,0.001142171841394113,3.4874059231744288,2
2018-10-24,0.8813405395528074,0.9277589648638161,0.09799104327583118,0.8934550881976848,0.020668417171361354,0.875515964358486,0.00026327605529300716,0.0011029733507461731,3.5088680397695327,2
2018-10-25,0.885586569918031,0.9277589648638161,0.0942597461331422,0.8934550881976848,0.020153683948826877,0.875515964358486,0.00025886332200768345,0.0010896179456709358,3.500239464591691,2
2018-10-26,0.8877911930863792,0.9277589648638161,0.09222844154054907,0.8934550881976848,0.019980365373071872,0.875515964358486,0.00025690000703132036,0.0010820126897766401,3.528036915526403,2
2018-10-27,0.8891259935976545,0.9277589648638161,0.09108381063417739,0.8934550881976848,0.019790195768168033,0.875515964358486,0.0002554136582002502,0.0010780167251948124,3.5300607818163465,2
2018-10-28,0.8895619756704145,0.9277589648638161,0.09070851634893848,0.8934550881976848,0.019729507980646932,0.875515964358486,0.00025493315099029134,0.0010767013457005307,3.524141525182108,2
2018-10-29,0.8897667957387556,0.9277589648638161,0.09050562845388394,0.8934550881976848,0.019727575807360422,0.875515964358486,0.0002548002106765006,0.0010758935885999347,1.4090839296729456,2
2018-10-30,0.7283458181314479,0.9277589648638161,0.2223921794282461,0.8934550881976848,0.04926200244030599,0.875515964358486,0.000457184669193394,0.0015124554003236583,3.410773698860731,2
2018-10-31,0.7633277485125889,0.9187533683570789,0.21273962013838738,0.877467333819842,0.023932631349023698,0.866390035717198,0.00031039794358242077,0.0015360804453743008,3.4276928997549128,3
2018-11-01,0.8174285220879505,0.9187533683570789,0.16612956892960745,0.877467333819842,0.016441908982441907,0.866390035717198,0.0002553540466122587,0.001364334703112305,3.4476345250807974,3
2018-11-02,0.841634781245524,0.9187533683570789,0.14526007975813593,0.877467333819842,0.013105138996339884,0.866390035717198,0.000230758700791246,0.0012873991517770344,3.581501266698471,3
2018-11-03,0.8606175788462371,0.9187533683570789,0.12868676131319684,0.877467333819842,0.010695659840565894,0.866390035717198,0.0002121906181917775,0.0012257837557616733,3.5446280669218324,3
2018-11-04,0.8669758883994829,0.9187533683570789,0.12315328461843568,0.877467333819842,0.009870826982081258,0.866390035717198,0.00020590707660279756,0.0012052555396082781,2.8117394800408575,3
2018-11-05,0.818171045205399,0.9187533683570789,0.16640096245449698,0.877467333819842,0.015427992340103912,0.866390035717198,0.0002513956558701154,0.0013676122964527795,3.507666790596879,3
2018-11-06,0.8492020047696169,0.9187533683570789,0.13863271439361088,0.877467333819842,0.01216528083677208,0.866390035717198,0.00022343025366025138,0.0012627093570044031,3.4607979943642015,3
2018-11-07,0.8555342738973181,0.9187533683570789,0.13325391108804432,0.877467333819842,0.011211815014637512,0.866390035717198,0.00021671014285548921,0.001243081640146377,3.2560631580968966,3
2018-11-08,0.8453728862284756,0.9187533683570789,0.14230258060133755,0.877467333819842,0.012324533170186792,0.866390035717198,0.0002260271624431509,0.0012771590745522291,2.502483997829973,3
2018-11-09,0.7921265991319442,0.9187533683570789,0.18817784925502035,0.877467333819842,0.019695551613035496,0.866390035717198,0.0002802267093761025,0.0014462008187633164,2.8268759673756696,3
2018-11-10,0.78693224775213,0.9187533683570789,0.19213073264829575,0.877467333819842,0.02093701959957423,0.866390035717198,0.0002873478378515598,0.001459460597849722,3.51015001221431,3
2018-11-11,0.8346782448768092,0.9187533683570789,0.15110445592961422,0.877467333819842,0.014217299193576633,0.866390035717198,0.00023836672376480192,0.0013085617490050938,3.5168088373515416,3
2018-11-12,0.856182078658491,0.9187533683570789,0.1324562847011946,0.877467333819842,0.011361636640314164,0.866390035717198,0.00021689171004426414,0.001239543857682671,3.546062504725502,3
2018-11-13,0.8653887329098152,0.9187533683570789,0.12451093266105394,0.877467333819842,0.01010033442913082,0.866390035717198,0.0002075586027352058,0.001210233736575865,3.202829355076128,3
2018-11-14,0.8545986534323962,0.9187533683570789,0.13396911295659028,0.877467333819842,0.011432233611013379,0.866390035717198,0.00021798257986032968,0.0012454898047615614,-4.267378504782756,3
2018-11-15,3.945201981832153e-05,0.9187533683570789,0.13430498082643713,0.877467333819842,0.8656555671537445,0.866390035717198,0.003670755313287772,-0.0005928747229851645,1.9875754786909043,3
2018-11-16,0.011406236385613423,0.9187533683570789,0.3318406002904493,0.877467333819842,0.6567531633239373,0.866390035717198,0.0029337575535982336,0.0006532701529357458,2.2039425716390832,3
2018-11-17,0.05415608903994946,0.9187533683570789,0.5165860084961036,0.877467333819842,0.429257902463947,0.866390035717198,0.0021116392154931613,0.0018879025017809058,2.5645892824173027,3
2018-11-18,0.17916460218568617,0.9187533683570789,0.5923199096670391,0.877467333819842,0.22851548814727485,0.866390035717198,0.0013383040217661876,0.0026255084714229236,2.7355185564016016,3
2018-11-19,0.3072136051039162,0.9187533683570789,0.5647715126860859,0.877467333819842,0.12801488220999785,0.866390035717198,0.0009167388428906513,0.002730910419433485,-2.8183553188690054,3
2018-11-20,4.5922955619636447e-08,0.9187533683570789,0.13361077143671923,0.877467333819842,0.866389182640325,0.866390035717198,0.003673337721635898,-0.0005972529481339225,0.4027335913468364,3
2018-11-21,4.140097023012108e-06,0.9187533683570789,0.13368289768892397,0.877467333819842,0.866312962214053,0.866390035717198,0.00367306941901764,-0.000596798063806563,1.4200820280133877,3
2018-11-22,0.0035365298143340018,0.9187533683570789,0.19591230534997167,0.877467333819842,0.8005511648356943,0.866390035717198,0.0034414278872521324,-0.0002043309469051944,1.2956885516148289,3
2018-11-23,0.0019381033323792394,0.9187533683570789,0.167753057866241,0.877467333819842,0.8303088388013796,0.866390035717198,0.0035462854606589213,-0.00038192508505730167,2.050492072970708,3
2018-11-24,0.022330388842331576,0.9187533683570789,0.37748765758875247,0.877467333819842,0.600181953568916,0.866390035717198,0.0027294493893573525,0.0009591027082670266,-0.3728366959452333,3
2018-11-25,1.429652220262445e-06,0.9187533683570789,0.1336351483206235,0.877467333819842,0.8663634220271562,0.866390035717198,0.0036732470420533982,-0.0005970992085162528,1.7025360427242293,3
2018-11-26,0.007403744765921237,0.9187533683570789,0.26403995537283775,0.877467333819842,0.7285562998612412,0.866390035717198,0.0031874775401422805,0.00022533511819416313,1.0584424710453384,3
2018-11-27,0.0012957971369698003,0.9187533683570789,0.15643776249321134,0.877467333819842,0.8422664403698187,0.866390035717198,0.0035884028823551734,-0.00045328816189228705,1.945280675079455,3
2018-11-28,0.013400390551283283,0.9187533683570789,0.352308467014445,0.877467333819842,0.6342911424342718,0.866390035717198,0.0028539139456607364,0.0007841490012466203,-0.08348601555582658,3
2018-11-29,4.5869331593731474e-05,0.9187533683570789,0.1344180333347015,0.877467333819842,0.8655360973337047,0.866390035717198,0.0036703347625642565,-0.0005921617258086005,2.0099177658231433,3
2018-11-30,0.012304373504922597,0.9187533683570789,0.347152230531652,0.877467333819842,0.6405433959634254,0.866390035717198,0.002876431767948055,0.0007498996502211285,0.9404104883921223,3
2018-12-01,0.001869837028989776,0.9187533683570789,0.16655050876557517,0.877467333819842,0.831579654205435,0.866390035717198,0.003550762050596931,-0.00038950930675139806,1.5851706873303337,3
2018-12-02,0.00708765037301045,0.9187533683570789,0.2584390497095711,0.877467333819842,0.7344732999174185,0.866390035717198,0.003208361795234864,0.000190015397196798,2.0699288808239333,3
2018-12-03,0.03226193949791188,0.9187533683570789,0.4428725638539936,0.877467333819842,0.5248654966480946,0.866390035717198,0.002459602189888209,0.0013848667988975293,0.7777892728209249,3
2018-12-04,0.0029867154635975744,0.9187533683570789,0.1862263290711046,0.877467333819842,0.8107869554652978,0.866390035717198,0.0034775030178865597,-0.0002654182572431427,2.0546027857602023,3
2018-12-05,0.022236102857167518,0.9187533683570789,0.4035753953422885,0.877467333819842,0.574188501800544,0.866390035717198,0.0026382381665464912,0.0011202399865049184,1.224309272884323,3
2018-12-06,0.008321330303480107,0.9187533683570789,0.28017875363705835,0.877467333819842,0.7114999160594616,0.866390035717198,0.0031272590262526657,0.0003271221446644165,1.2206115944926597,3
2018-12-07,0.003226754660416548,0.9187533683570789,0.19045471722228,0.877467333819842,0.8063185281173035,0.866390035717198,0.003461755352489464,-0.00023875070703987047,1.5588079090467775,3
2018-12-08,0.005251132558762644,0.9187533683570789,0.22602268699834446,0.877467333819842,0.7687261804428928,0.866390035717198,0.0033292131121689652,-1.4419759496142734e-05,2.1225285474856976,3
2018-12-09,0.032416727041790334,0.9187533683570789,0.44724793022779463,0.877467333819842,0.520335342730415,0.866390035717198,0.002443594765236061,0.0014122597357589719,1.7210286076896915,3
2018-12-10,0.022239353226139867,0.9187533683570789,0.5219253834204493,0.877467333819842,0.45583526335341096,0.866390035717198,0.002222051103343757,0.0018521857786481886,1.5171125869277424,3
2018-12-11,0.01982733323792103,0.9187533683570789,0.4797658037166755,0.877467333819842,0.5004068630454035,0.866390035717198,0.002380188760718679,0.0015862539816416514,2.103095957291364,3
2018-12-12,0.04132260398123925,0.9187533683570789,0.5916329522393667,0.877467333819842,0.3670444437793941,0.866390035717198,0.0018991322418548482,0.0023243932722173265,2.309342898524995,3
2018-12-13,0.05244798806500748,0.9187533683570789,0.701498544395144,0.877467333819842,0.24605346753984844,0.866390035717198,0.0014660973768211348,0.0030278205291975812,0.8278300493007846,3
2018-12-14,0.020733970378792176,0.9187533683570789,0.498800955915584,0.877467333819842,0.4804650737056238,0.866390035717198,0.0023095450288164415,0.0017059300102776522,2.0862841258316855,3
2018-12-15,0.0400356328452343,0.9187533683570789,0.6006849162193205,0.877467333819842,0.3592794509354452,0.866390035717198,0.0018724173689138046,0.0023776036791943417,2.5359358862514023,3
2018-12-16,0.13218429925132963,0.9187533683570789,0.6574649157900305,0.877467333819842,0.21035078495863974,0.866390035717198,0.001298564452954349,0.0029272193283441782,2.8283999819969385,3
2018-12-17,0.3035114934441978,0.9187533683570789,0.5788066288263644,0.877467333819842,0.11768187772943776,0.866390035717198,0.0008821640187412227,0.002809737844773189,-1.2556072024650289,3
2018-12-18,0.003518373540687481,0.9187533683570789,0.19559245099364514,0.877467333819842,0.8008891754656674,0.866390035717198,0.0034426192947509203,-0.00020634819775500603,1.5466883158981464,3
2018-12-19,0.007733436317256666,0.9187533683570789,0.26981866863637105,0.877467333819842,0.7224478950463724,0.866390035717198,0.0031659132764961778,0.00026178377908224145,2.176090060778405,3
2018-12-20,0.040373265949262195,0.9187533683570789,0.4880311776181981,0.877467333819842,0.47159555643253964,0.866390035717198,0.0022679506656450936,0.0016816206521065202,-0.047666897259519336,3
2018-12-21,0.00046283200043072933,0.9187533683570789,0.1417635819404669,0.877467333819842,0.8577735860591024,0.866390035717198,0.0036430074419051507,-0.0005458349746676328,1.3128885247976414,3
2018-12-22,0.0010943650565867777,0.9187533683570789,0.15288917156295845,0.877467333819842,0.8460164633804548,0.866390035717198,0.0036016092266709094,-0.00047566834014860194,1.7759604044683,3
2018-12-23,0.009566130123687547,0.9187533683570789,0.30129511152803895,0.877467333819842,0.6891387583482735,0.866390035717198,0.0030482577917019353,0.0004603977398520817,2.1971291839264064,3
2018-12-24,0.052557894651355797,0.9187533683570789,0.49730048854828157,0.877467333819842,0.45014161680036263,0.866390035717198,0.0021860072015453115,0.0017651886781558613,2.14483297756626,3
2018-12-25,0.04261271970698796,0.9187533683570789,0.641191956183665,0.877467333819842,0.3161953241093472,0.866390035717198,0.0017190246696077054,0.002633670798425639,0.16592805270443756,3
2018-12-26,0.003417888663945157,0.9187533683570789,0.19382222873632787,0.877467333819842,0.8027598825997271,0.866390035717198,0.0034492129474482562,-0.0002175125981655644,2.067985365625598,3
2018-12-27,0.024088232678507977,0.9187533683570789,0.41245221644545993,0.877467333819842,0.563459550876032,0.866390035717198,0.0025995675732685248,0.0011791278167918797,0.926678463817155,3
2018-12-28,0.003708443792100153,0.9187533683570789,0.19894082322397816,0.877467333819842,0.7973507329839216,0.866390035717198,0.003430146717491124,-0.00018523074728798755,0.8287057602766243,3
2018-12-29,0.0006733328294581727,0.9187533683570789,0.14547193327913369,0.877467333819842,0.8538547338914081,0.866390035717198,0.00362920979543221,-0.0005224472225976387,1.92924466159581,3
2018-12-30,0.011456510612295997,0.9187533683570789,0.31712639763344685,0.877467333819842,0.671417091754257,0.866390035717198,0.002985136445591608,0.0005623780317671227,2.264577488647115,3
2018-12-31,0.06554915725994404,0.9187533683570789,0.5179770780913772,0.877467333819842,0.41647376464867886,0.866390035717198,0.0020606145296362993,0.0019210425622216167,1.4550570440346788,3
2019-01-01,0.020817553453868504,0.9187533683570789,0.4915880628750147,0.877467333819842,0.48759438367111685,0.866390035717198,0.002334588240783677,0.0016615016833927039,1.9345506039314035,3
2019-01-02,0.026874583604111105,0.9187533683570789,0.5934681300989518,0.877467333819842,0.379657286296937,0.866390035717198,0.0019511796942244413,0.0023046266586249607,2.246772413123399,3
2019-01-03,0.040135137587774886,0.9187533683570789,0.6985550267927296,0.877467333819842,0.2613098356194955,0.866390035717198,0.0015264115237530187,0.002983098399997421,1.758024868960907,3
2019-01-04,0.03393734489702953,0.9187533683570789,0.6865117654207105,0.877467333819842,0.27955088968225994,0.866390035717198,0.001594097634324038,0.0028952684918194665,2.571961386633151,3
2019-01-05,0.08841293766676539,0.9187533683570789,0.7337242085421085,0.877467333819842,0.17786285379112615,0.866390035717198,0.0012063045081086724,0.003304577812668456,2.6382440793939783,3
2019-01-06,0.19532620078118818,0.9187533683570789,0.6763135074613436,0.877467333819842,0.12836029175746833,0.866390035717198,0.0009759705513456389,0.003179776022868016,0.16485865744680628,3
2019-01-07,0.02498589121180906,0.9187533683570789,0.5737810530202127,0.877467333819842,0.40123305576797835,0.866390035717198,0.0020282419182286317,0.0021788037558364373,2.345557327706748,3
2019-01-08,0.07347740125572208,0.9187533683570789,0.6645957955458978,0.877467333819842,0.26192680319838013,0.866390035717198,0.0015112937243512091,0.0028448849478544505,2.686974276422661,3
2019-01-09,0.2055036937532909,0.9187533683570789,0.641911544825117,0.877467333819842,0.15258476142159205,0.866390035717198,0.0010563677845094712,0.0029889351277813158,2.9547784762268825,3
2019-01-10,0.4054090356386583,0.9187533683570789,0.5074858453365256,0.877467333819842,0.0871051190248161,0.866390035717198,0.0007211412218299532,0.0025881065371177797,-1.750708488458077,3
2019-01-11,0.00035367968607259395,0.9187533683570789,0.13984066727574204,0.877467333819842,0.8598056530381852,0.866390035717198,0.003650161591312303,-0.000557962372350102,2.0183058919585584,3
2019-01-12,0.013927102111418036,0.9187533683570789,0.34900129176125483,0.877467333819842,0.6370716061273269,0.866390035717198,0.0028633845319774127,0.0007648300487955122,2.2900319638636013,3
2019-01-13,0.07284709704839272,0.9187533683570789,0.5365387014867403,0.877467333819842,0.3906142014648669,0.866390035717198,0.0019656794432887075,0.002051554819486684,1.6829611342710062,3
2019-01-14,0.028786134360085185,0.9187533683570789,0.5715753257860453,0.877467333819842,0.39963853985386966,0.866390035717198,0.0020206270439381436,0.0021733468583045954,1.5162760224376701,3
2019-01-15,0.024363284773870952,0.9187533683570789,0.5624744258468991,0.877467333819842,0.4131622893792299,0.866390035717198,0.0020706145014210767,0.002107536714573973,1.9695803162486336,3
2019-01-16,0.03413708375960131,0.9187533683570789,0.6213688880985377,0.877467333819842,0.344494028141861,0.866390035717198,0.0018233343357820285,0.0024928207281111414,2.5750834515979917,3
2019-01-17,0.10935879034607698,0.9187533683570789,0.6900434728693254,0.877467333819842,0.20059773678459758,0.866390035717198,0.001275910762686421,0.0030795436212787595,2.719385458360273,3
2019-01-18,0.21565591750550453,0.9187533683570789,0.6558721850873768,0.877467333819842,0.12847189740711862,0.866390035717198,0.0009658548531759482,0.003097139673353714,2.743986291782526,3
2019-01-19,0.35767444251655056,0.9187533683570789,0.5496844287126471,0.877467333819842,0.09264112877080259,0.866390035717198,0.0007655493638360197,0.0027462801095813976,2.2302173077974974,3
2019-01-20,0.20076440762146347,0.9187533683570789,0.6873694198451601,0.877467333819842,0.1118661725333765,0.866390035717198,0.0009148078504748476,0.003259863743675937,0.9452012898549903,3
2019-01-21,0.03323911584508158,0.9187533683570789,0.7115286699019353,0.877467333819842,0.25523221425298315,0.866390035717198,0.0015084968330964764,0.0030484824755871815,2.6400127962318924,3
2019-01-22,0.11941921010008913,0.9187533683570789,0.7186451402777932,0.877467333819842,0.16193564962211776,0.866390035717198,0.0011339494040554059,0.003278098290460302,2.6850042141411805,3
2019-01-23,0.19514022524835048,0.9187533683570789,0.6853981379206963,0.877467333819842,0.1194616368309533,0.866390035717198,0.000944585287086179,0.003235559641914272,2.787993969535464,3
2019-01-24,0.348578864848455,0.9187533683570789,0.5623032181304995,0.877467333819842,0.08911791702104552,0.866390035717198,0.0007578329330604161,0.002804732456812859,3.1154548789838414,3
2019-01-25,0.5461621028825682,0.9187533683570789,0.39838322221389405,0.877467333819842,0.05545467490353777,0.866390035717198,0.0005358803470363044,0.0022164945157342087,3.318673749257745,3
2019-01-26,0.7116368155720755,0.9187533683570789,0.25670232035351964,0.877467333819842,0.03166086407440479,0.866390035717198,0.0003649448929335307,0.0016966435823027803,3.466692735268946,3
2019-01-27,0.8037903036414357,0.9187533683570789,0.17753052986734957,0.877467333819842,0.018679166491214826,0.866390035717198,0.00027046222641270685,0.001405471990089887,3.3729748792909753,3
2019-01-28,0.8365719405745313,0.9187533683570789,0.14930262260195376,0.877467333819842,0.014125436823514779,0.866390035717198,0.00023703687050948043,0.0013014966633884436,0.31399259328436857,3
2019-01-29,0.2681299705506914,0.9187533683570789,0.6257244089213424,0.877467333819842,0.1061456205279662,0.866390035717198,0.0008597484683397756,0.003023701903526513,2.6265769894111415,3
2019-01-30,0.31244699874141385,0.9103988324504408,0.5438768005704457,0.857120640657156,0.1436762006881405,0.8657731214182095,0.0008444515172293969,0.0026865349150109897,2.7679778621699755,4
2019-01-31,0.3720760759287345,0.9103988324504408,0.5181606318289864,0.857120640657156,0.10976329224227904,0.8657731214182095,0.0007125088238451879,0.0026263693888527403,2.932783248488093,4
2019-02-01,0.5249557469596021,0.9103988324504408,0.3937738245756871,0.857120640657156,0.08127042846471083,0.8657731214182095,0.0005563619665653882,0.0021081393839007725,3.0075179567818267,4
2019-02-02,0.6030427539701888,0.9103988324504408,0.33194162708015135,0.857120640657156,0.06501561894965986,0.8657731214182095,0.00047110610441947664,0.0018540347251456766,3.3640319128545513,4
2019-02-03,0.7252292190771031,0.9103988324504408,0.22905767059459928,0.857120640657156,0.04571311032829771,0.8657731214182095,0.0003564881159979824,0.0014182422977820507,2.511273802287075,4
2019-02-04,0.6928339800480985,0.9103988324504408,0.2515852756898206,0.857120640657156,0.05558074426208098,0.8657731214182095,0.00040167083624870984,0.0015042074289738528,3.51381898723372,4
2019-02-05,0.7915486829116739,0.9103988324504408,0.1714670383752241,0.857120640657156,0.03698427871310219,0.8657731214182095,0.00029954090033470885,0.0011708217077252064,3.517617048133411,4
2019-02-06,0.8277811156325481,0.9103988324504408,0.1412456063823223,0.857120640657156,0.030973277985129704,0.8657731214182095,0.0002645254009998675,0.0010433824560251348,2.0438013500706327,4
2019-02-07,0.7168076011576048,0.9103988324504408,0.2284462998384849,0.857120640657156,0.05474609900391045,0.8657731214182095,0.00038832139134328846,0.001400317885349144,3.4887377827867807,4
2019-02-08,0.8015401513430496,0.9103988324504408,0.16226203495435704,0.857120640657156,0.03619781370259342,0.8657731214182095,0.000292590480371689,0.001130254805108823,-1.9044168251648148,4
2019-02-09,0.01207994939951866,0.9103988324504408,0.3096393043902068,0.857120640657156,0.6782807462102746,0.8657731214182095,0.0026406755182234606,0.0007245021740591763,2.334069651874702,4
2019-02-10,0.06958823370516683,0.9103988324504408,0.5056632616690397,0.857120640657156,0.42474850462579333,0.8657731214182095,0.0018275957112857848,0.00204147547763051,2.6446309393715293,4
2019-02-11,0.19316899879530924,0.9103988324504408,0.5739057823796495,0.857120640657156,0.23292521882504114,0.8657731214182095,0.001175206822410714,0.0026735618922983165,2.3972203695898577,4
2019-02-12,0.2357674120105812,0.9103988324504408,0.5821084695305979,0.857120640657156,0.18212411845882093,0.8657731214182095,0.0009979929338763277,0.002796047119248089,3.036250195722445,4
2019-02-13,0.45279889171743914,0.9103988324504408,0.44472678618290806,0.857120640657156,0.10247432209965278,0.8657731214182095,0.0006543012546608211,0.0023044440978764935,3.2389133713682323,4
2019-02-14,0.642018053968153,0.9103988324504408,0.2959979477204879,0.857120640657156,0.061983998311359145,0.8657731214182095,0.00044430386732413315,0.001695563171021125,3.3799556902007075,4
2019-02-15,0.7580928374834464,0.9103988324504408,0.19971039350317693,0.857120640657156,0.04219676901337685,0.8657731214182095,0.0003307954992071788,0.00129059875342269,3.5696327528632947,4
2019-02-16,0.8204965141279469,0.9103988324504408,0.14741249183719082,0.857120640657156,0.0320909940348623,0.8657731214182095,0.0002712863343906926,0.001069569791247002,3.486272697169393,4
2019-02-17,0.8370611828658525,0.9103988324504408,0.13336330132342686,0.857120640657156,0.029575515810720765,0.8657731214182095,0.00025599147486202016,0.0010098589467140728,3.1100329098096777,4
2019-02-18,0.8162338872279117,0.9103988324504408,0.15076388985997274,0.857120640657156,0.03300222291211561,0.8657731214182095,0.0002760395399808242,0.0010832920300844922,-1.5822286579593987,4
2019-02-19,0.02085281089528054,0.9103988324504408,0.4370294464939002,0.857120640657156,0.5421177426108194,0.8657731214182095,0.0022143470586841398,0.0015324200760366744,2.464356737632163,4
2019-02-20,0.0832533156007267,0.9103988324504408,0.5946967304464724,0.857120640657156,0.32204995395280095,0.8657731214182095,0.0015014741899332575,0.0026187616169628327,2.676442730779894,4
2019-02-21,0.17751052497013997,0.9103988324504408,0.6295827657929457,0.857120640657156,0.19290670923691428,0.8657731214182095,0.0010570520753087787,0.0029939927652838047,2.6478777847717927,4
2019-02-22,0.29157477004858956,0.9103988324504408,0.567698195076629,0.857120640657156,0.14072703487478122,0.8657731214182095,0.0008443644061868672,0.0027998726667198296,2.6548274880344445,4
2019-02-23,0.30287877700956567,0.9103988324504408,0.5773972976717217,0.857120640657156,0.11972392531871275,0.8657731214182095,0.0007738375318146242,0.0028792149466618684,1.3168877209793597,4
2019-02-24,0.041903653497842454,0.9103988324504408,0.7354949204031234,0.857120640657156,0.22260142609903422,0.8657731214182095,0.0012086105165916494,0.003426143283738802,-0.7061540065226042,4
2019-02-25,0.00022247551544157565,0.9103988324504408,0.137457434465922,0.857120640657156,0.8623200900186364,0.8657731214182095,0.003214830846069727,-0.0003674882167521988,2.0101215852215457,4
2019-02-26,0.013811184930490765,0.9103988324504408,0.3317060426619153,0.857120640657156,0.6544827724075939,0.8657731214182095,0.0025661679588611995,0.0008648057873161141,2.2819166031597753,4
2019-02-27,0.06600270069069715,0.9103988324504408,0.5042294132683676,0.857120640657156,0.42976788604093513,0.8657731214182095,0.0018448118772485438,0.002026536801355414,2.6552139094574843,4
2019-02-28,0.2073858113890393,0.9103988324504408,0.5598262048566646,0.857120640657156,0.23278798375429588,0.8657731214182095,0.0011685532751476435,0.002609725995669965,2.9627491858189603,4
2019-03-01,0.42343740602761537,0.9103988324504408,0.4548415325880891,0.857120640657156,0.1217210613842956,0.8657731214182095,0.000727231629704954,0.0023182045846829743,3.2121140349461244,4
2019-03-02,0.6071881139353651,0.9103988324504408,0.3234107911126404,0.857120640657156,0.06940109495199459,0.8657731214182095,0.00048290209033057164,0.0018078654541374682,3.4456380620634173,4
2019-03-03,0.7468967355086761,0.9103988324504408,0.20940296497704458,0.857120640657156,0.0437002995142794,0.8657731214182095,0.0003405008482339598,0.001332182167589593,3.264207464738597,4
2019-03-04,0.7964204880879069,0.9103988324504408,0.16698252825673754,0.857120640657156,0.036596983655355596,0.8657731214182095,0.00029614046844086376,0.0011510651973464683,1.234995618130404,4
2019-03-05,0.4960993041286324,0.9103988324504408,0.39880844220414613,0.857120640657156,0.10509225366722158,0.8657731214182095,0.0006433213915101125,0.00209111441305176,1.1291639720997422,4
2019-03-06,0.04338310254333036,0.9103988324504408,0.7227144416405314,0.857120640657156,0.23390245581613817,0.8657731214182095,0.0012433455193579684,0.0033490440368996277,2.7605488044267847,4
2019-03-07,0.14038117051776722,0.9103988324504408,0.6994087382569286,0.857120640657156,0.16021009122530416,0.8657731214182095,0.0009708706998238276,0.0033665313324009144,2.939898817564014,4
2019-03-08,0.31480989569947315,0.9103988324504408,0.5721340642613725,0.857120640657156,0.11305604003915423,0.8657731214182095,0.0007478101596518999,0.002866443537905439,3.0699448038087453,4
2019-03-09,0.5132494769373714,0.9103988324504408,0.40733441516023555,0.857120640657156,0.07941610790239302,0.8657731214182095,0.0005557659836166741,0.0021729523039585356,2.3146667713366256,4
2019-03-10,0.3574779222020623,0.9103988324504408,0.5383661219884959,0.857120640657156,0.10415595580944187,0.8657731214182095,0.0007013947504408437,0.0027277098219341484,3.1908246101672653,4
2019-03-11,0.5670779413533665,0.9103988324504408,0.3630504795827023,0.857120640657156,0.0698715790639314,0.8657731214182095,0.0005022010481036414,0.0019874482439094297,2.5734370585258586,4
2019-03-12,0.5796988766763599,0.9103988324504408,0.34677386319362224,0.857120640657156,0.07352726013001805,0.8657731214182095,0.0005079717333560139,0.001907256937178776,3.41840744589046,4
2019-03-13,0.7275741379122318,0.9103988324504408,0.22606240699256092,0.857120640657156,0.046363455095207506,0.8657731214182095,0.00035745465856837095,0.001403522814760282,3.519683345187157,4
2019-03-14,0.8063590468124712,0.9103988324504408,0.1593806502606333,0.857120640657156,0.034260302926895594,0.8657731214182095,0.0002844039611133801,0.0011203916703396094,3.6057826929296843,4
2019-03-15,0.8413076270776728,0.9103988324504408,0.1297199239056174,0.857120640657156,0.028972449016709877,0.8657731214182095,0.000252198964006313,0.000994291531852567,2.9080162698909473,4
2019-03-16,0.8006207507688089,0.9103988324504408,0.16376186174943186,0.857120640657156,0.03561738748175933,0.8657731214182095,0.0002912052070422157,0.001138052430819584,1.5613332983028758,4
2019-03-17,0.48142574174558805,0.9103988324504408,0.42781759450277423,0.857120640657156,0.0907566637516377,0.8657731214182095,0.0006051561821476514,0.002247145593583153,3.1641124676682213,4
2019-03-18,0.6448975827034101,0.9103988324504408,0.2943403705408572,0.857120640657156,0.0607620467557327,0.8657731214182095,0.00043921913372853657,0.0016900691649606653,3.4814143314790917,4
2019-03-19,0.7662518075294129,0.9103988324504408,0.1934800114369357,0.857120640657156,0.04026818103365168,0.8657731214182095,0.0003211356834748429,0.0012654818014002298,3.385076031451639,4
2019-03-20,0.8045327004697795,0.9103988324504408,0.16115161824633417,0.857120640657156,0.0343156812838864,0.8657731214182095,0.00028540067750044957,0.0011283572280717,3.2731594180614882,4
2019-03-21,0.8124967263404196,0.9103988324504408,0.1542326948059626,0.857120640657156,0.033270578853617894,0.8657731214182095,0.00027856100241368924,0.0010986261868076081,2.6099349007970045,4
2019-03-22,0.7737598152468925,0.9103988324504408,0.18394496213927453,0.857120640657156,0.04229522261383292,0.8657731214182095,0.0003240430243272861,0.001218696659798519,3.5713228791489717,4
2019-03-23,0.8266113835528954,0.9103988324504408,0.14183020041609948,0.857120640657156,0.031558416031005156,0.8657731214182095,0.0002668690442800381,0.0010450616198833184,3.614586437504735,4
2019-03-24,0.8498133218935933,0.9103988324504408,0.12236368798793336,0.857120640657156,0.027822990118473556,0.8657731214182095,0.00024478236821681297,0.0009627455371174693,3.579597628625903,4
2019-03-25,0.857566678918145,0.9103988324504408,0.11566138816646089,0.857120640657156,0.026771932915394123,0.8657731214182095,0.00023800991144746472,0.0009340101752406948,2.2786727920512004,4
2019-03-26,0.777083616720995,0.9103988324504408,0.17955498032596248,0.857120640657156,0.043361402953042735,0.8657731214182095,0.00032585247969332094,0.0011969337366083553,3.5645203839835466,4
2019-03-27,0.8274921564024623,0.9103988324504408,0.140834704300968,0.857120640657156,0.031673139296569626,0.8657731214182095,0.0002668262937783561,0.0010403395215980184,0.8343484366763005,4
2019-03-28,0.27079838036023324,0.9103988324504408,0.592944591555669,0.857120640657156,0.13625702808409756,0.8657731214182095,0.0008394584705314918,0.002922244040793302,3.0267834870693786,4
2019-03-29,0.47273574834944987,0.9103988324504408,0.43743307920103114,0.857120640657156,0.08983117244951885,0.8657731214182095,0.0006061068200412219,0.0022924501476629293,2.254208714027115,4
2019-03-30,0.29270639429796774,0.9103988324504408,0.5901345181485605,0.857120640657156,0.11715908755347182,0.8657731214182095,0.0007702541230348996,0.0029414723861667866,3.1412383800220853,4
2019-03-31,0.5054551019022137,0.9103988324504408,0.41536086155820706,0.857120640657156,0.07918403653957928,0.8657731214182095,0.0005584879897620197,0.0022098638777042837,3.361602341558748,4
2019-04-01,0.682437393828268,0.9103988324504408,0.26555034882753037,0.857120640657156,0.05201225734420186,0.8657731214182095,0.00039524024198232946,0.0015737344094686645,3.035081951101846,4
2019-04-02,0.7105890064741761,0.9103988324504408,0.24133664105174307,0.857120640657156,0.048074352474080914,0.8657731214182095,0.0003703919834320943,0.00147015670862792,-5.159428445696448,4
2019-04-03,3.470790363034607e-10,0.9103988324504408,0.13422688206961472,0.857120640657156,0.8657731175833064,0.8657731214182095,0.003225580609347305,-0.00038797662342966515,2.059533854124452,4
2019-04-04,0.014229607469048947,0.9103988324504408,0.3408543853424131,0.857120640657156,0.644916007188538,0.8657731214182095,0.0025363307587675933,0.0009224705704768295,2.234837059555051,4
2019-04-05,0.057618705024802354,0.9103988324504408,0.5029043937139249,0.857120640657156,0.43947690126127287,0.8657731214182095,0.0018787546364774671,0.0020042318291980657,2.178970015102096,4
2019-04-06,0.044322613511132265,0.9103988324504408,0.6314108581415208,0.857120640657156,0.32426652834734704,0.8657731214182095,0.0015254193884748305,0.0027821052308782818,2.6986590195849027,4
2019-04-07,0.14859928675577982,0.9103988324504408,0.6561916845026458,0.857120640657156,0.19520902874157442,0.8657731214182095,0.0010768003947952051,0.0031112111586750375,2.0852600368342085,4
2019-04-08,0.051794762672146506,0.9103988324504408,0.7459168879837678,0.857120640657156,0.20228834934408568,0.8657731214182095,0.00114075268148388,0.0035076180574310674,2.5418519926280037,4
2019-04-09,0.07148917000107496,0.9103988324504408,0.7603944188993411,0.857120640657156,0.16811641109958395,0.8657731214182095,0.0010252579850763882,0.003630779149597389,2.3110386355513297,4
2019-04-10,0.09401883599335924,0.9103988324504408,0.7347887553154759,0.857120640657156,0.1711924086911648,0.8657731214182095,0.0010252180178452525,0.0035091098674241167,2.3992972205929113,4
2019-04-11,0.06795009971274482,0.9103988324504408,0.7672547198054599,0.857120640657156,0.1647951804817954,0.8657731214182095,0.0010163687912197574,0.003667562972022489,0.4104914493706331,4
2019-04-12,0.023968829636283384,0.9103988324504408,0.4822622227079898,0.857120640657156,0.49376894765572676,0.8657731214182095,0.0020626517454545665,0.0018192914588886712,2.520416662222504,4
2019-04-13,0.0942603242022988,0.9103988324504408,0.616301430470607,0.857120640657156,0.2894382453270943,0.8657731214182095,0.001394864717372995,0.0027717377887820625,2.776187882428195,4
2019-04-14,0.2511912250507199,0.9103988324504408,0.5816398045558299,0.857120640657156,0.1671689703934504,0.8657731214182095,0.0009445601056125592,0.002818984721028582,2.550519581968739,4
2019-04-15,0.2302516106876103,0.9103988324504408,0.6287140185354388,0.857120640657156,0.1410343707769509,0.8657731214182095,0.0008720112677472813,0.003076996246519196,1.9166546318473872,4
2019-04-16,0.1122055750484058,0.9103988324504408,0.7009702227531409,0.857120640657156,0.1868242021984533,0.8657731214182095,0.0010663174774166251,0.0033290217844388517,1.9796441596911782,4
2019-04-17,0.04486719212457568,0.9103988324504408,0.7487584942129091,0.857120640657156,0.20637431366251513,0.8657731214182095,0.0011565268773235115,0.00351369861565572,2.7798847754949865,4
2019-04-18,0.13976333052110107,0.9103988324504408,0.7101353325881928,0.857120640657156,0.15010133689070607,0.8657731214182095,0.0009394945911624102,0.0034322861616603384,2.809476591399706,4
2019-04-19,0.23186265489030347,0.9103988324504408,0.6457128469048753,0.857120640657156,0.12242449820482124,0.8657731214182095,0.0008131225837386011,0.0031855423692927335,3.069098160930829,4
2019-04-20,0.431040909259477,0.9103988324504408,0.48016757142874344,0.857120640657156,0.0887915193117794,0.8657731214182095,0.0006212182106400571,0.0024886466740786243,3.2361274116235554,4
2019-04-21,0.6072776138022812,0.9103988324504408,0.33046155799335075,0.857120640657156,0.062260828204368145,0.8657731214182095,0.0004606513611657818,0.0018519180143462676,3.3752468857213334,4
2019-04-22,0.7395992514315959,0.9103988324504408,0.2164927335518804,0.857120640657156,0.043908015016523805,0.8657731214182095,0.0003444270639658602,0.0013640943600554808,2.403405770606709,4
2019-04-23,0.6292941451587831,0.9103988324504408,0.30869819562454953,0.857120640657156,0.06200765921666744,0.8657731214182095,0.00045005520014121104,0.0017533131291481722,1.2939910299614938,4
2019-04-24,0.10337634350943588,0.9103988324504408,0.7322934476917515,0.857120640657156,0.16433020879881266,0.8657731214182095,0.0009997050074728533,0.003509259023068725,2.1100514916895188,4
2019-04-25,0.08263201050168463,0.9103988324504408,0.7309716144463094,0.857120640657156,0.18639637505200593,0.8657731214182095,0.0010777245355565322,0.003466253561770648,0.09825085203327011,4
2019-04-26,0.013865433622627725,0.9103988324504408,0.3355659314237276,0.857120640657156,0.6505686349536448,0.8657731214182095,0.002554014271621824,0.0008889308320666558,2.3652260052694363,4
2019-04-27,0.07297608759321657,0.9103988324504408,0.5267657398446036,0.857120640657156,0.4002581725621797,0.8657731214182095,0.0017498295359792992,0.002178552081267165,2.6625366187141988,4
2019-04-28,0.19464091068496409,0.9103988324504408,0.5840038627868417,0.857120640657156,0.2213552265281943,0.8657731214182095,0.0011384466907544265,0.00273890636571062,2.8165476177490447,4
2019-04-29,0.36944901653458956,0.9103988324504408,0.4982318484998703,0.857120640657156,0.13231913496554004,0.8657731214182095,0.0007840300972953295,0.002497876313043029,3.2121153229480752,4
2019-04-30,0.5852931423196633,0.9103988324504408,0.3411203758307557,0.857120640657156,0.073586481849581,0.8657731214182095,0.0005056683316976888,0.0018814327375093756,1.868241778211659,4
2019-05-01,0.47448879845321534,0.6736761713657248,0.46265426264908116,0.5527039964245832,0.06285693889770355,0.9575133206385275,0.0006586488198700192,0.0031355565564455457,3.047410929043658,5
2019-05-02,0.5903719056669402,0.6736761713657248,0.36393150147473097,0.5527039964245832,0.045696592858328694,0.9575133206385275,0.0005222905239681253,0.00275064385038364,2.583868615212129,5
2019-05-03,0.5744515552652205,0.6736761713657248,0.3784590000230512,0.5527039964245832,0.04708944471172799,0.9575133206385275,0.0005387520619109686,0.002808194815049731,0.7218572610424486,5
2019-05-04,0.38555746329671187,0.6736761713657248,0.4950315126647458,0.5527039964245832,0.11941102403854217,0.9575133206385275,0.0008662680774046837,0.0032208977902377163,2.094942259967004,5
2019-05-05,0.43736018747495886,0.6736761713657248,0.45509842456618105,0.5527039964245832,0.10754138795886,0.9575133206385275,0.000795404542004945,0.003069159242319174,2.8572602699311074,5
2019-05-06,0.5696571978718954,0.6736761713657248,0.364762272394174,0.5527039964245832,0.06558052973393055,0.9575133206385275,0.0005865899665934215,0.002738031519884793,3.1179637293491047,5
2019-05-07,0.6125385905805343,0.6736761713657248,0.34040743035860793,0.5527039964245832,0.047053979060857745,0.9575133206385275,0.0005071782135884984,0.0026545516005266065,1.6401867492192925,5
2019-05-08,0.4582246485057426,0.6736761713657248,0.4695227829327899,0.5527039964245832,0.07225256856146742,0.9575133206385275,0.000694369152761781,0.0031557501758918255,2.237200790119641,5
2019-05-09,0.49308103186938607,0.6736761713657248,0.43910811993209903,0.5527039964245832,0.06781084819851493,0.9575133206385275,0.0006550999776588303,0.003036487052349463,1.346315428150373,5
2019-05-10,0.3909830848651209,0.6736761713657248,0.5005885369121036,0.5527039964245832,0.10842837822277543,0.9575133206385275,0.0008356955101234887,0.003252159295348623,1.6085827127921328,5
2019-05-11,0.3796208423572145,0.6736761713657248,0.4861269577284853,0.5527039964245832,0.1342521999143002,0.9575133206385275,0.0009064300867596465,0.0031730187271557836,-3.10821988327493,5
2019-05-12,0.0019573909851557905,0.6736761713657248,0.04478416244913706,0.5527039964245832,0.9532584465657071,0.9575133206385275,0.003157883378197739,0.0007329638403565082,1.4664429118998328,5
2019-05-13,0.008579924317853684,0.6736761713657248,0.05255734617155273,0.5527039964245832,0.9388627295105937,0.9575133206385275,0.0031184254835806,0.0007759161309631318,-0.16995571451186609,5
2019-05-14,0.0003727357787982659,0.6736761713657248,0.042924176933488954,0.5527039964245832,0.9567030872877128,0.9575133206385275,0.003167324408082365,0.0007226861161666408,1.9188281460863692,5
2019-05-15,0.03261900824536571,0.6736761713657248,0.08064264478795406,0.5527039964245832,0.8867383469666803,0.9575133206385275,0.0029754739394711256,0.000931196397365631,1.797357824659639,5
2019-05-16,0.05219035493722462,0.6736761713657248,0.1035361632087256,0.5527039964245832,0.8442734818540497,0.9575133206385275,0.002858988888622613,0.0010577527133720334,1.5496101994022582,5
2019-05-17,0.03279499248851807,0.6736761713657248,0.08097949377881795,0.5527039964245832,0.886225513732664,0.9575133206385275,0.002974118173155381,0.0009329685865664145,1.0657843304128645,5
2019-05-18,0.006500201791717449,0.6736761713657248,0.05011627650564294,0.5527039964245832,0.9433835217026397,0.9575133206385275,0.0031308171319071585,0.0007624275093800743,1.9935214842199303,5
2019-05-19,0.05441048224169566,0.6736761713657248,0.09199952509292093,0.5527039964245832,0.8535899926653836,0.9575133206385275,0.0028790718507152356,0.0010036804272791169,-0.4600075809671416,5
2019-05-20,0.0004403987913488255,0.6736761713657248,0.043003596243622946,0.5527039964245832,0.9565560049650282,0.9575133206385275,0.003166921290938117,0.0007231249635436981,1.8097055479929278,5
2019-05-21,0.020737732975636743,0.6736761713657248,0.066824734792644,0.5527039964245832,0.9124375322317192,0.9575133206385275,0.003045984731405953,0.0008547553813257694,2.1047738156518547,5
2019-05-22,0.1254108221590398,0.6736761713657248,0.1265541441874916,0.5527039964245832,0.7480350336534687,0.9575133206385275,0.002570676714847327,0.001227993501447968,1.5187406690725502,5
2019-05-23,0.04995861551457518,0.6736761713657248,0.10112066391631924,0.5527039964245832,0.8489207205691056,0.9575133206385275,0.0028718138119970308,0.001044265817613948,1.8233785401948235,5
2019-05-24,0.06946098962153095,0.6736761713657248,0.12312224724167137,0.5527039964245832,0.8074167631367976,0.9575133206385275,0.002757623149645824,0.0011664484054497238,2.1733082226631266,5
2019-05-25,0.2056068291910145,0.6736761713657248,0.18297418845161345,0.5527039964245832,0.6114189823573721,0.9575133206385275,0.0021811658262884245,0.0015655533477249893,2.5533618855287985,5
2019-05-26,0.40766340779068366,0.6736761713657248,0.2601400208084412,0.5527039964245832,0.33219657140087505,0.9575133206385275,0.0013526453790351433,0.002101412553655656,0.041332829357058176,5
2019-05-27,0.06530190164595256,0.6736761713657248,0.1191346406176462,0.5527039964245832,0.8155634577364014,0.9575133206385275,0.002780317597195046,0.0011438023665556905,2.204893708920462,5
2019-05-28,0.2150212131169275,0.6736761713657248,0.18304626706340135,0.5527039964245832,0.6019325198196711,0.9575133206385275,0.002150894918198027,0.0015734623569995383,2.2705394981555838,5
2019-05-29,0.33580349139883947,0.6736761713657248,0.24315261835069024,0.5527039964245832,0.4210438902504701,0.9575133206385275,0.0016226429371004338,0.001961461627631783,2.7261638051017356,5
2019-05-30,0.49895042859156963,0.6736761713657248,0.29622723135885465,0.5527039964245832,0.20482234004957575,0.9575133206385275,0.0009752398360494901,0.0023494365574621354,0.6803119098292547,5
2019-05-31,0.20666655716202303,0.6736761713657248,0.2850589043022417,0.5527039964245832,0.5082745385357352,0.9575133206385275,0.0019364995836069555,0.002060651764256105,1.6894648643211847,5
2019-06-01,0.19483380315511922,0.6736761713657248,0.2704694079902489,0.5527039964245832,0.5346967888546318,0.9575133206385275,0.0020088527904845483,0.001980514044838945,2.7865484715980875,5
2019-06-02,0.4665627273087042,0.6736761713657248,0.29266346814908006,0.5527039964245832,0.2407738045422158,0.9575133206385275,0.0010872735841255627,0.002306174136045467,1.810664620541319,5
2019-06-03,0.37024252234780003,0.6736761713657248,0.3712240550642788,0.5527039964245832,0.25853342258792117,0.9575133206385275,0.0012092081726399544,0.0026091804395769374,0.13400867045319909,5
2019-06-04,0.09684488557119286,0.6736761713657248,0.15615814767822134,0.5527039964245832,0.7469969667505858,0.9575133206385275,0.002592179327579717,0.0013483832038304906,1.0147490075184478,5
2019-06-05,0.018806194046133023,0.6736761713657248,0.06456040747938382,0.5527039964245832,0.9166333984744831,0.9575133206385275,0.003057488821916425,0.0008422414611885837,1.9361884748808627,5
2019-06-06,0.05797316912596765,0.6736761713657248,0.102926168383958,0.5527039964245832,0.8391006624900744,0.9575133206385275,0.002841941442243905,0.001059443174218059,2.2590516876703877,5
2019-06-07,0.22941205266809817,0.6736761713657248,0.17617155025840425,0.5527039964245832,0.5944163970734977,0.9575133206385275,0.00212111481705396,0.0015517344114064637,1.6532600603323275,5
2019-06-08,0.13720381739844625,0.6736761713657248,0.20114600730826987,0.5527039964245832,0.6616501752932838,0.9575133206385275,0.0023569644584341526,0.0015986032625343414,2.230851150062383,5
2019-06-09,0.28594411351225785,0.6736761713657248,0.23627951139165124,0.5527039964245832,0.4777763750960909,0.9575133206385275,0.0017983394055922156,0.0018881465903791644,1.2955281548591842,5
2019-06-10,0.1233008615493872,0.6736761713657248,0.18718519116905175,0.5527039964245832,0.6895139472815611,0.9575133206385275,0.002434378425337516,0.0015198468892044974,1.5039565559066363,5
2019-06-11,0.09590642286705715,0.6736761713657248,0.15505579613021053,0.5527039964245832,0.7490377810027323,0.9575133206385275,0.0025977799658679244,0.0013422925084952968,2.218498101344836,5
2019-06-12,0.24789962430944862,0.6736761713657248,0.20486989080308005,0.5527039964245832,0.5472304848874714,0.9575133206385275,0.0019942251767361744,0.0017055247121301493,1.7141450325888017,5
2019-06-13,0.1721480861206381,0.6736761713657248,0.23559247779959047,0.5527039964245832,0.5922594360797714,0.9575133206385275,0.002163854349046945,0.001793438604959616,2.4575044547441287,5
2019-06-14,0.37550310406834875,0.6736761713657248,0.27488653628103726,0.5527039964245832,0.349610359650614,0.9575133206385275,0.0014206026880411982,0.0021469827196936232,0.9069062430875529,5
2019-06-15,0.16265976535662766,0.6736761713657248,0.23340820506359633,0.5527039964245832,0.6039320295797761,0.9575133206385275,0.002199356669229567,0.0017752439459287762,2.104606138837239,5
2019-06-16,0.2587889742255131,0.6736761713657248,0.2608303080303907,0.5527039964245832,0.48038071774409613,0.9575133206385275,0.00182712360215005,0.001985203893677425,2.05154795389166,5
2019-06-17,0.3016631771328823,0.6736761713657248,0.2954729812162032,0.5527039964245832,0.4028638416509144,0.9575133206385275,0.0016080361222429282,0.00218735713886292,1.5609980695885806,5
2019-06-18,0.22110469720201942,0.6736761713657248,0.30131347857697427,0.5527039964245832,0.4775818242210065,0.9575133206385275,0.0018518601074086268,0.002150943232802517,1.545706052418942,5
2019-06-19,0.1720995783206831,0.6736761713657248,0.24386154905510982,0.5527039964245832,0.5840388726242072,0.9575133206385275,0.0021444654599012247,0.0018334347061453385,1.8536412249187553,5
2019-06-20,0.1880970025347021,0.6736761713657248,0.25254341387090384,0.5527039964245832,0.5593595835943941,0.9575133206385275,0.0020727855909925493,0.0018883147378210585,1.8079992704404617,5
2019-06-21,0.18928770052674412,0.6736761713657248,0.2581948156903938,0.5527039964245832,0.552517483782862,0.9575133206385275,0.0020556159249550945,0.0019166324029958929,1.2071370160689447,5
2019-06-22,0.11485200297013262,0.6736761713657248,0.17729395656549535,0.5527039964245832,0.7078540404643722,0.9575133206385275,0.0024847382736446115,0.0014651733717254197,1.248381003441755,5
2019-06-23,0.06282607144251959,0.6736761713657248,0.11622864018549192,0.5527039964245832,0.8209452883719885,0.9575133206385275,0.0027950811552341324,0.001127744676661161,2.1853557244286916,5
2019-06-24,0.20483601353467748,0.6736761713657248,0.1787984240726986,0.5527039964245832,0.616365562392624,0.9575133206385275,0.0021934893479699192,0.0015447172212858873,1.9850024940594189,5
2019-06-25,0.2261928066227199,0.6736761713657248,0.2292370620166959,0.5527039964245832,0.5445701313605842,0.9575133206385275,0.00200605676928606,0.0018060681538015647,0.9282386255547591,5
2019-06-26,0.07918755215194206,0.6736761713657248,0.13543289193523053,0.5527039964245832,0.7853795559128274,0.9575133206385275,0.002697506885990515,0.001233861633372179,0.4224336935400955,5
2019-06-27,0.007355472863431216,0.6736761713657248,0.05112014901933458,0.5527039964245832,0.9415243781172342,0.9575133206385275,0.003125721198858401,0.0007679746089304254,-1.4257918768728608,5
2019-06-28,3.104472969312098e-06,0.6736761713657248,0.04249032301232445,0.5527039964245832,0.9575065725147063,0.9575133206385275,0.003169526560347682,0.0007202887690352212,0.18313725792432917,5
2019-06-29,0.0006768293543460539,0.6736761713657248,0.043281106089845076,0.5527039964245832,0.9560420645558089,0.9575133206385275,0.003165512701305262,0.0007246584000330944,1.7575253622592801,5
2019-06-30,0.018165422243602406,0.6736761713657248,0.06380773431824036,0.5527039964245832,0.9180268434381572,0.9575133206385275,0.0030613086729335665,0.0008380828032734061,0.4112645646639624,5
2019-07-01,0.0007227807433431878,0.6736761713657248,0.043335041430236906,0.5527039964245832,0.9559421778264199,0.9575133206385275,0.0031652389347566912,0.000724956430608048,1.848960899389842,5
2019-07-02,0.0232493699357154,0.6736761713657248,0.06975457872747721,0.5527039964245832,0.9069960513368073,0.9575133206385275,0.0030310593586794876,0.0008709572644546023,1.9484361547924736,5
2019-07-03,0.06647824217415478,0.6736761713657248,0.10922385351496465,0.5527039964245832,0.8242979043108805,0.9575133206385275,0.002799915007268529,0.0010967635135199507,0.10122028104984551,5
2019-07-04,0.0023600518376427127,0.6736761713657248,0.045256784727055625,0.5527039964245832,0.9523831634353018,0.9575133206385275,0.0031554843790539645,0.0007355754098432423,1.2056073729453298,5
2019-07-05,0.004204366385868306,0.6736761713657248,0.04742154481633926,0.5527039964245832,0.9483740887977924,0.9575133206385275,0.003144496026974923,0.000747537227259405,1.9251978499886948,5
2019-07-06,0.0334121935190832,0.6736761713657248,0.07976666887872305,0.5527039964245832,0.8868211376021937,0.9575133206385275,0.0029750015704174443,0.0009275922753398528,1.949403498019239,5
2019-07-07,0.07750825447919707,0.6736761713657248,0.11897504711363138,0.5527039964245832,0.8035166984071717,0.9575133206385275,0.0027416745117058374,0.001152831761844823,1.9156432116624136,5
2019-07-08,0.10713680677064558,0.6736761713657248,0.15226053815541596,0.5527039964245832,0.7406026550739385,0.9575133206385275,0.0025684708633430704,0.0013377774911417862,0.9133019574457991,5
2019-07-09,0.02818818637957066,0.6736761713657248,0.07557250006466498,0.5527039964245832,0.8962393135557644,0.9575133206385275,0.0030015753320731353,0.0009030909943664447,1.92405566331185,5
2019-07-10,0.06550290270674966,0.6736761713657248,0.11171490635041349,0.5527039964245832,0.8227821909428369,0.9575133206385275,0.0027971622715144352,0.0011080408226749605,1.6243902551351006,5
2019-07-11,0.0440701540521998,0.6736761713657248,0.09420663942102907,0.5527039964245832,0.8617232065267711,0.9575133206385275,0.002906924477798449,0.0010060626644682789,1.064766085318461,5
2019-07-12,0.008276262658730184,0.6736761713657248,0.05220092398876689,0.5527039964245832,0.939522813352503,0.9575133206385275,0.003120234818995381,0.0007739466484725011,1.6372082019951062,5
2019-07-13,0.024576656741917335,0.6736761713657248,0.07133338097164238,0.5527039964245832,0.9040899622864403,0.9575133206385275,0.003023099921393867,0.00087966695339064,1.6461556241405133,5
2019-07-14,0.024894815713372518,0.6736761713657248,0.07170603996323263,0.5527039964245832,0.9033991443233949,0.9575133206385275,0.0030212056038303827,0.0008817266888547057,0.34520403061878085,5
2019-07-15,0.0007164341879538991,0.6736761713657248,0.043327592174997674,0.5527039964245832,0.9559559736370484,0.9575133206385275,0.0031652767459107826,0.0007249152682494572,1.37087614061099,5
2019-07-16,0.011535011437757536,0.6736761713657248,0.05602587310296847,0.5527039964245832,0.932439115459274,0.9575133206385275,0.003100817508637065,0.0007950821743706949,-1.2740842577483331,5
2019-07-17,5.375955603886795e-06,0.6736761713657248,0.04249298916000276,0.5527039964245832,0.9575016348843934,0.9575133206385275,0.003169513027571708,0.000720303501370638,1.9089235210835998,5
2019-07-18,0.03168952311166976,0.6736761713657248,0.07968086972112554,0.5527039964245832,0.8886296071672046,0.9575133206385275,0.002980709756368486,0.000925793518208358,0.3520448613554683,5
2019-07-19,0.0024660116388527083,0.6736761713657248,0.04538115480750017,0.5527039964245832,0.9521528335536472,0.9575133206385275,0.003154853082558027,0.0007362626417456021,1.938727348366388,5
2019-07-20,0.033031292103717864,0.6736761713657248,0.07943186559607249,0.5527039964245832,0.8875368423002097,0.9575133206385275,0.002977007472424714,0.0009256654357767262,1.811081749645555,5
2019-07-21,0.05272002452090498,0.6736761713657248,0.10402124091599466,0.5527039964245832,0.8432587345631004,0.9575133206385275,0.0028561528627260727,0.0010605265782290575,1.8151551045352394,5
2019-07-22,0.05980152422207941,0.6736761713657248,0.1110596975164661,0.5527039964245832,0.8291387782614547,0.9575133206385275,0.0028169311850775825,0.0011002902207401482,1.80372791899619,5
2019-07-23,0.06328151105903873,0.6736761713657248,0.11521320262407946,0.5527039964245832,0.8215052863168818,0.9575133206385275,0.002796018526283213,0.0011231941251396234,1.5184449878407986,5
2019-07-24,0.03591818274925817,0.6736761713657248,0.0846453930377804,0.5527039964245832,0.8794364242129615,0.9575133206385275,0.002955502020752973,0.0009532252083084186,2.0903439814528535,5
2019-07-25,0.13718950807027958,0.6736761713657248,0.13796042559062716,0.5527039964245832,0.7248500663390931,0.9575133206385275,0.002506124703090466,0.00129267613437921,2.3360155640869356,5
2019-07-26,0.30739931271912246,0.6736761713657248,0.21818060843836423,0.5527039964245832,0.47442007884251325,0.9575133206385275,0.0017725144759484905,0.0018177491744105693,2.7601972564128108,5
2019-07-27,0.4926484276672693,0.6736761713657248,0.28586567945917524,0.5527039964245832,0.22148589287355527,0.9575133206385275,0.0010199375133584532,0.002294209971345888,0.865328043757867,5
2019-07-28,0.21598206049956087,0.6736761713657248,0.29596040488030706,0.5527039964245832,0.4880575346201321,0.9575133206385275,0.0018809121738242484,0.0021209124689110484,2.652498082727245,5
2019-07-29,0.4476394601861919,0.6736761713657248,0.3057144567027836,0.5527039964245832,0.24664608311102454,0.9575133206385275,0.0011168888895981342,0.0023541650820123597,3.1925312974977267,5
2019-07-30,0.5875536736574256,0.6736761713657248,0.3179615575021275,0.5527039964245832,0.09448476884044701,0.9575133206385275,0.0006403235243356918,0.0025258153171062968,3.151200413938394,5
2019-07-31,0.6035941397967987,0.6601045030323295,0.34483568615286586,0.5350069819586278,0.05157017405033561,0.9597279222671516,0.0005424577952141461,0.0028200707731082103,0.665115324521355,6
2019-08-01,0.3794718901676973,0.6601045030323295,0.46932494349949255,0.5350069819586278,0.1512031663328102,0.9597279222671516,0.0009734989093916266,0.003154575853383759,1.5837789364769812,6
2019-08-02,0.35752699237055774,0.6601045030323295,0.4429737957348275,0.5350069819586278,0.19949921189461486,0.9597279222671516,0.0011060701315136064,0.0030527452091089185,2.6829556500949865,6
2019-08-03,0.5140164413565861,0.6601045030323295,0.3720810097748361,0.5350069819586278,0.11390254886857795,0.9597279222671516,0.0007675199972009322,0.0028751585702917596,1.5787492416322864,6
2019-08-04,0.3886589270820701,0.6601045030323295,0.4454770822656342,0.5350069819586278,0.16586399065229557,0.9597279222671516,0.0009997898750874075,0.0030754067843862683,2.3795962208872288,6
2019-08-05,0.4809000425175732,0.6601045030323295,0.3956342806753071,0.5350069819586278,0.12346567680711981,0.9597279222671516,0.000819128998794144,0.002942599345865293,-0.06087188953312661,6
2019-08-06,0.24478370602504632,0.6601045030323295,0.3170401238470263,0.5350069819586278,0.4381761701279275,0.9597279222671516,0.0017647206553605048,0.002562572882643563,1.5324566103147634,6
2019-08-07,0.19361012151991772,0.6601045030323295,0.2587214460826184,0.5350069819586278,0.5476684323974638,0.9597279222671516,0.0020662294145323214,0.002336042336093481,1.4198074919439307,6
2019-08-08,0.14207277232466717,0.6601045030323295,0.20090781351821188,0.5350069819586278,0.6570194141571208,0.9597279222671516,0.002367627719696159,0.002111112759856857,2.566675472613022,6
2019-08-09,0.38591804986200356,0.6601045030323295,0.26069091412338935,0.5350069819586278,0.35339103601460714,0.9597279222671516,0.0014414803691299306,0.002428906748725293,2.8064970477822078,6
2019-08-10,0.5208249486115744,0.6601045030323295,0.3151159829197447,0.5350069819586278,0.16405906846868085,0.9597279222671516,0.0008790092901505938,0.0026792806268034737,0.5497798770411935,6
2019-08-11,0.23829138519562046,0.6601045030323295,0.3096993092493267,0.5350069819586278,0.4520093055550528,0.9597279222671516,0.001802842573155324,0.002534035786268812,2.038518699016538,6
2019-08-12,0.3005199586320609,0.6601045030323295,0.31001665902361697,0.5350069819586278,0.3894633823443223,0.9597279222671516,0.0016014201874595911,0.002562968356619476,2.2274178122351853,6
2019-08-13,0.39127829055322483,0.6601045030323295,0.31744685087017077,0.5350069819586278,0.2912748585766044,0.9597279222671516,0.001291335195753981,0.0026294955840923217,0.8977395922942987,6
2019-08-14,0.18266644147559322,0.6601045030323295,0.2468061389560794,0.5350069819586278,0.5705274195683273,0.9597279222671516,0.0021293934855065124,0.0022895407371439033,0.40208929775090096,6
2019-08-15,0.0198542746180862,0.6601045030323295,0.06272058420870608,0.5350069819586278,0.9174251411732076,0.9597279222671516,0.003084507881896351,0.0015739142614633174,1.8464815609859921,6
2019-08-16,0.04289805598691997,0.6601045030323295,0.08824307021525762,0.5350069819586278,0.8688588737978222,0.9597279222671516,0.002950629791524986,0.0016733425594303224,2.1906434061474003,6
2019-08-17,0.1874074715631273,0.6601045030323295,0.15777205267430514,0.5350069819586278,0.6548204757625675,0.9597279222671516,0.002322279577858359,0.001980752994322916,1.9287129137786334,6
2019-08-18,0.19092342602455692,0.6601045030323295,0.19305260458588208,0.5350069819586278,0.616023969389561,0.9597279222671516,0.002228474679715195,0.002105525006781195,2.39057331238978,6
2019-08-19,0.3562516388272888,0.6601045030323295,0.2573398789987037,0.5350069819586278,0.3864084821740075,0.9597279222671516,0.0015449891268539797,0.0024039401122875003,1.0434254127790397,6
2019-08-20,0.15787688741097963,0.6601045030323295,0.21877769304114347,0.5350069819586278,0.6233454195478769,0.9597279222671516,0.0022748835926146406,0.002180581020130451,2.234321393937363,6
2019-08-21,0.30067708077070576,0.6601045030323295,0.24865397218936605,0.5350069819586278,0.4506689470399281,0.9597279222671516,0.0017445250981702244,0.0023487597091176077,0.6257898344325509,6
2019-08-22,0.059231151045621926,0.6601045030323295,0.1072425883892307,0.5350069819586278,0.8335262605651472,0.9597279222671516,0.0028536028046550668,0.0017469920490682622,2.300394797309978,6
2019-08-23,0.24606062744135332,0.6601045030323295,0.1854564468732567,0.5350069819586278,0.5684829256853898,0.9597279222671516,0.0020684451126871226,0.0021036527785384712,1.6823837131759247,6
2019-08-24,0.1535178938308121,0.6601045030323295,0.20758935414300583,0.5350069819586278,0.638892752026182,0.9597279222671516,0.002315101071548103,0.0021395622226107773,1.7274446226413427,6
2019-08-25,0.1304662319693727,0.6601045030323295,0.18513162081897647,0.5350069819586278,0.6844021472116506,0.9597279222671516,0.0024419334012334517,0.002050832537339348,2.4548217412412994,6
2019-08-26,0.34821518470903984,0.6601045030323295,0.2457776045377211,0.5350069819586278,0.4060072107532391,0.9597279222671516,0.0015979585727518503,0.002359971219277345,1.6887021989842417,6
2019-08-27,0.24126698915728473,0.6601045030323295,0.2869059985380881,0.5350069819586278,0.47182701230462704,0.9597279222671516,0.00184659783225449,0.0024557718844830517,1.8546205850827557,6
2019-08-28,0.24576872594942306,0.6601045030323295,0.27732008595111635,0.5350069819586278,0.4769111880994605,0.9597279222671516,0.0018545142788358102,0.002424310685648734,1.2234106397944529,6
2019-08-29,0.12775371932383456,0.6601045030323295,0.18471815216519072,0.5350069819586278,0.6875281285109746,0.9597279222671516,0.0024516462066566354,0.0020481758510628692,1.7598159668190512,6
2019-08-30,0.11573019834160014,0.6601045030323295,0.16829163328753033,0.5350069819586278,0.7159781683708695,0.9597279222671516,0.0025288086770285834,0.001985438239939995,2.348970843821744,6
2019-08-31,0.304435748471233,0.6601045030323295,0.23042721392392163,0.5350069819586278,0.46513703760484537,0.9597279222671516,0.0017750444759316482,0.0022867923710058707,3.021473727725582,6
2019-09-01,0.5238787283938683,0.6601045030323295,0.302251557877672,0.5350069819586278,0.17386971372845986,0.9597279222671516,0.0008992866036701556,0.002635723413307044,2.34516392132925,6
2019-09-02,0.5083639445242062,0.6601045030323295,0.3601364479984706,0.5350069819586278,0.1314996074773233,0.9597279222671516,0.0008137380076025757,0.002830920670938307,0.34849953273486345,6
2019-09-03,0.273188846679876,0.6601045030323295,0.34915678469253614,0.5350069819586278,0.3776543686275878,0.9597279222671516,0.0015979127271528557,0.0026874253170570267,1.9148044706916236,6
2019-09-04,0.2977152251617904,0.6601045030323295,0.33904383850555214,0.5350069819586278,0.3632409363326574,0.9597279222671516,0.0015424989707068422,0.0026630773703827434,2.8867820321578295,6
2019-09-05,0.515284567044279,0.6601045030323295,0.32694358374656407,0.5350069819586278,0.15777184920915685,0.9597279222671516,0.0008691760200490466,0.002718105404307156,3.3778914877854262,6
2019-09-06,0.6036311259339125,0.6601045030323295,0.33450512001386506,0.5350069819586278,0.061863754052222414,0.9597279222671516,0.000566540869141973,0.0027840129065935006,1.2455341109467586,6
2019-09-07,0.4061061142285375,0.6601045030323295,0.4617395142735092,0.5350069819586278,0.1321543714979533,0.9597279222671516,0.0009053819302867023,0.0031399964974752684,2.43414186994778,6
2019-09-08,0.499026968876317,0.6601045030323295,0.40101502546484435,0.5350069819586278,0.09995800565883874,0.9597279222671516,0.0007480535455695153,0.002969494069473913,2.825455121086216,6
2019-09-09,0.5708163433144422,0.6601045030323295,0.3642655968068359,0.5350069819586278,0.06491805987872205,0.9597279222671516,0.0006026446035776094,0.0028732641477916365,2.9995551922463415,6
2019-09-10,0.5970185416160354,0.6601045030323295,0.35523935358917014,0.5350069819586278,0.047742104794794585,0.9597279222671516,0.0005392888401652267,0.002853460287529457,1.253002783989921,6
2019-09-11,0.4155820906046113,0.6601045030323295,0.4769592097831473,0.5350069819586278,0.10745869961224135,0.9597279222671516,0.0008391222821896721,0.003197380784975458,3.2083486166733146,6
2019-09-12,0.5847099584210962,0.6601045030323295,0.36017609073945633,0.5350069819586278,0.055113950839447534,0.9597279222671516,0.0005674182032133525,0.0028651958450867866,1.530026652681268,6
2019-09-13,0.4302564900459008,0.6601045030323295,0.47156383106365696,0.5350069819586278,0.0981796788904423,0.9597279222671516,0.0008044456325383234,0.0031851014800852798,3.011459509325179,6
2019-09-14,0.5749620814881069,0.6601045030323295,0.36689056270040654,0.5350069819586278,0.05814735581148652,0.9597279222671516,0.000583122732208588,0.0028842842377372222,3.477414802515766,6
2019-09-15,0.619387387716784,0.6601045030323295,0.3419974040472653,0.5350069819586278,0.038615208235950826,0.9597279222671516,0.0004981725370715857,0.0028172211391304302,3.1998262683031573,6
2019-09-16,0.6149868441424291,0.6601045030323295,0.3478949554105532,0.5350069819586278,0.0371182004470177,0.9597279222671516,0.0004985471012588929,0.0028358478032844284,3.265375418459651,6
2019-09-17,0.617166225391401,0.6601045030323295,0.34671493988468455,0.5350069819586278,0.0361188347239146,0.9597279222671516,0.0004942831044228049,0.0028327016523571683,3.150305843108595,6
2019-09-18,0.612885924101694,0.6601045030323295,0.35017607630080705,0.5350069819586278,0.0369379995974991,0.9597279222671516,0.0004999780711797236,0.002842874103823499,3.356779199350797,6
2019-09-19,0.6202947650410213,0.6601045030323295,0.3444131525216095,0.5350069819586278,0.03529208243736946,0.9597279222671516,0.0004895862110132013,0.002826062665911596,3.0856584262105766,6
2019-09-20,0.6082157909888574,0.6601045030323295,0.35445851390665656,0.5350069819586278,0.0373256951044863,0.9597279222671516,0.0005050056597220955,0.0028557402381300906,2.7644303599465427,6
2019-09-21,0.5918739920707691,0.6601045030323295,0.3661207077886287,0.5350069819586278,0.04200530014060216,0.9597279222671516,0.0005303828587616133,0.0028891577547919883,1.7073415202057594,6
2019-09-22,0.48259981599061663,0.6601045030323295,0.4435607544070336,0.5350069819586278,0.0738394296023498,0.9597279222671516,0.0007012898143670355,0.0031107189270986636,3.2723329473513614,6
2019-09-23,0.5988952171269729,0.6601045030323295,0.3560034894001799,0.5350069819586278,0.04510129347284743,0.9597279222671516,0.0005314457843795955,0.002856967776320435,0.7789636509238446,6
2019-09-24,0.3866981927291726,0.6601045030323295,0.47722401790073893,0.5350069819586278,0.1360777893700886,0.9597279222671516,0.0009316647807781074,0.0031853905833032162,-2.198272651058331,6
2019-09-25,0.00863311172233909,0.6601045030323295,0.05003322282605908,0.5350069819586278,0.9413336654516017,0.9597279222671516,0.003150297548081632,0.001524592572580026,1.8655561276106862,6
2019-09-26,0.03052519630886303,0.6601045030323295,0.07427736777339224,0.5350069819586278,0.8951974359177446,0.9597279222671516,0.0030231267372943208,0.0016190419348290595,1.6319064046598453,6
2019-09-27,0.02819991753965992,0.6601045030323295,0.07215619030117526,0.5350069819586278,0.8996438921591647,0.9597279222671516,0.0030355754203215974,0.0016105950628783512,2.045567033840527,6
2019-09-28,0.10876899245307371,0.6601045030323295,0.12220149694224396,0.5350069819586278,0.7690295106046822,0.9597279222671516,0.002658943985193549,0.001821378606320265,2.490994534433754,6
2019-09-29,0.33887022848198795,0.6601045030323295,0.22121752899480485,0.5350069819586278,0.43991224252320715,0.9597279222671516,0.0016855485353000695,0.002270028847198987,1.8722756140485792,6
2019-09-30,0.28864501059216546,0.6601045030323295,0.26731615277915743,0.5350069819586278,0.4440388366286771,0.9597279222671516,0.0017396588040078614,0.0024085482423051754,1.7348274247839939,6
2019-10-01,0.22823972581615357,0.6601045030323295,0.2837473198036175,0.5350069819586278,0.4880129543802289,0.9597279222671516,0.0018960002686486928,0.0024389168522292895,2.864973315402747,6
2019-10-02,0.4860945615749514,0.6601045030323295,0.306779734589046,0.5350069819586278,0.20712570383600276,0.9597279222671516,0.0010105355087118378,0.002634641327979297,3.259112692795135,6
2019-10-03,0.5897643047112973,0.6601045030323295,0.33181671810110996,0.5350069819586278,0.07841897718759272,0.9597279222671516,0.0006175603578323135,0.0027684246909163903,2.312517250004453,6
2019-10-04,0.5455747530932173,0.6601045030323295,0.37855241188569244,0.5350069819586278,0.07587283502109024,0.9597279222671516,0.000650573325734623,0.002911867477789872,2.5856110786115427,6
2019-10-05,0.562216706218291,0.6601045030323295,0.37447080967221213,0.5350069819586278,0.06331248410949697,0.9597279222671516,0.0006064651001358564,0.0029050556451090575,3.3274178028997423,6
2019-10-06,0.6122192305679378,0.6601045030323295,0.34610826479647194,0.5350069819586278,0.04167250463559034,0.9597279222671516,0.0005116592331250306,0.0028283711795990775,0.7453200129261444,6
2019-10-07,0.38896629440774616,0.6601045030323295,0.4797715999420696,0.5350069819586278,0.13126210565018426,0.9597279222671516,0.0009183737698816738,0.0031953008970811375,1.1618212249023898,6
2019-10-08,0.3455193880053455,0.6601045030323295,0.4309358260991949,0.5350069819586278,0.22354478589545956,0.9597279222671516,0.0011730198649318258,0.0030053395573317095,2.965245236818597,6
2019-10-09,0.5463111191646347,0.6601045030323295,0.35230942089708756,0.5350069819586278,0.10137945993827777,0.9597279222671516,0.0007096920328254429,0.002820556035236008,0.7715127238868609,6
2019-10-10,0.3360530601446592,0.6601045030323295,0.42023399928773125,0.5350069819586278,0.2437129405676096,0.9597279222671516,0.0012286370785819217,0.002963736010891323,3.0486317722913028,6
2019-10-11,0.551329455437467,0.6601045030323295,0.34686570351985047,0.5350069819586278,0.10180484104268261,0.9597279222671516,0.0007062612124955248,0.0028037903971641306,0.9562607962262264,6
2019-10-12,0.3395551578725355,0.6601045030323295,0.4236791544529474,0.5350069819586278,0.23676568767451717,0.9597279222671516,0.0012092665914050415,0.0029773324149097074,3.119451090633518,6
2019-10-13,0.5582668369878795,0.6601045030323295,0.3469673266201385,0.5350069819586278,0.09476583639198208,0.9597279222671516,0.0006836493351862207,0.0028072471905751183,3.2579804433219643,6
2019-10-14,0.6065262033437904,0.6601045030323295,0.3429572068382482,0.5350069819586278,0.05051658981796166,0.9597279222671516,0.0005374026338851684,0.002814822130381845,3.3727226310093954,6
2019-10-15,0.6183671760058859,0.6601045030323295,0.34347306454249166,0.5350069819586278,0.038159759451622685,0.9597279222671516,0.0004980054962740106,0.002821917985941393,1.3083506013049075,6
2019-10-16,0.43624210626163495,0.6601045030323295,0.47508989935123036,0.5350069819586278,0.08866799438713469,0.9597279222671516,0.0007768688527676084,0.003200090893697451,1.7846120547614837,6
2019-10-17,0.42755797545885194,0.6601045030323295,0.4547494857419879,0.5350069819586278,0.11769253879916021,0.9597279222671516,0.0008525834356010661,0.003125179084711955,3.0612078768870736,6
2019-10-18,0.5741145148787916,0.6601045030323295,0.36339086565545825,0.5350069819586278,0.06249461946575025,0.9597279222671516,0.0005940571947138037,0.002871684298773295,2.1830235779418374,6
2019-10-19,0.531303025132235,0.6601045030323295,0.3975320242496717,0.5350069819586278,0.07116495061809346,0.9597279222671516,0.0006521191116737925,0.002971763062265907,3.367430761097821,6
2019-10-20,0.6101726850964073,0.6601045030323295,0.3469509307287275,0.5350069819586278,0.042876384174865265,0.9597279222671516,0.0005162852524226514,0.0028303986986687687,1.18247306097585,6
2019-10-21,0.40538440767860145,0.6601045030323295,0.49392077939469553,0.5350069819586278,0.10069481292670304,0.9597279222671516,0.0008322272331655267,0.0032520509866920465,3.244905415813453,6
2019-10-22,0.5874128571468491,0.6601045030323295,0.36012932667987557,0.5350069819586278,0.05245781617327536,0.9597279222671516,0.0005588105011330018,0.00286624109704196,1.366145167583606,6
2019-10-23,0.42505858039783606,0.6601045030323295,0.4680149028780131,0.5350069819586278,0.106926516724151,0.9597279222671516,0.0008295348833352595,0.003170384448327389,-0.5988734417420531,6
2019-10-24,0.18630983265121398,0.6601045030323295,0.2509258387386868,0.5350069819586278,0.5627643286100992,0.9597279222671516,0.0021080077360795166,0.0023055558321704098,2.7484721802296423,6
2019-10-25,0.44929628716379877,0.6601045030323295,0.29021843748724174,0.5350069819586278,0.2604852753489596,0.9597279222671516,0.0011679830115212005,0.002560355486813295,-2.737627500224631,6
2019-10-26,0.0004166143891588061,0.6601045030323295,0.04074312767869041,0.5350069819586278,0.9588402579321507,0.9597279222671516,0.0031984677777150044,0.0014884776414501072,1.2777215917034257,6
2019-10-27,0.008831133824418325,0.6601045030323295,0.05025711922558266,0.5350069819586278,0.940911746949999,0.9597279222671516,0.00314913658687817,0.0015254629622714951,1.8014901816597146,6
2019-10-28,0.03117342187759065,0.6601045030323295,0.0754818295615475,0.5350069819586278,0.8933447485608618,0.9597279222671516,0.0030182249575329,0.0016235377655902596,1.8225011691627497,6
2019-10-29,0.043689654678841755,0.6601045030323295,0.08903818321393583,0.5350069819586278,0.8672721621072222,0.9597279222671516,0.002946221077367098,0.0016764730482572271,2.085396078385224,6
2019-10-30,0.1295116643816085,0.6741233746785128,0.3182186190572435,0.7205247049141232,0.5522697165611479,0.923566084633266,0.0021497241706115704,0.002027557859155635,1.7365752899929208,7
2019-10-31,0.08850583563065781,0.6741233746785128,0.33969382118705427,0.7205247049141232,0.5718003431822879,0.923566084633266,0.0022305559600360827,0.0021028947666805312,2.577300667205667,7
2019-11-01,0.3034593379504226,0.6741233746785128,0.39310954199026055,0.7205247049141232,0.30343112005931694,0.923566084633266,0.001341274430140254,0.0024536369112021852,2.695812983075358,7
2019-11-02,0.3995118054001006,0.6741233746785128,0.4367538787414793,0.7205247049141232,0.16373431585842005,0.923566084633266,0.0008882652661942851,0.002699202268454383,3.298947066093662,7
2019-11-03,0.533226343779459,0.6741233746785128,0.39444163594169346,0.7205247049141232,0.07233202027884766,0.923566084633266,0.0005471121650580272,0.002578042877922655,2.6744849437505462,7
2019-11-04,0.4891229897777724,0.6741233746785128,0.44135605318101345,0.7205247049141232,0.06952095704121414,0.923566084633266,0.0005670422187039382,0.0027660618459845058,1.8038960955408778,7
2019-11-05,0.21676600906998428,0.6741233746785128,0.6589663307896093,0.7205247049141232,0.12426766014040638,0.923566084633266,0.0008918291092222255,0.00360324208452317,2.6028321471746807,7
2019-11-06,0.3380995886955503,0.6741233746785128,0.5565442556882939,0.7205247049141232,0.10535615561615584,0.923566084633266,0.0007627272849347693,0.003205675018562756,3.3482456349258394,7
2019-11-07,0.5202581076984503,0.6741233746785128,0.41961338687089705,0.7205247049141232,0.06012850543065254,0.923566084633266,0.0005210197746185325,0.002684436066680105,1.9035250175519687,7
2019-11-08,0.313068405909145,0.6741233746785128,0.5820727128963324,0.7205247049141232,0.10485888119452254,0.923566084633266,0.0007770048369037741,0.003307453367609996,0.562863109815813,7
2019-11-09,0.1526262441999268,0.6741233746785128,0.5315200100054742,0.7205247049141232,0.315853745794599,0.923566084633266,0.001471283876186193,0.0029976676700673773,2.94573534560741,7
2019-11-10,0.40311496258661683,0.6741233746785128,0.4539177646426561,0.7205247049141232,0.14296727277072724,0.923566084633266,0.0008276402854969326,0.0027781632696074424,1.7819808591859454,7
2019-11-11,0.18633666938230306,0.6741233746785128,0.6229614570694972,0.7205247049141232,0.19070187354819956,0.923566084633266,0.001097961784405031,0.0034258170264900205,1.2849194640222334,7
2019-11-12,0.15318124735379576,0.6741233746785128,0.5331739539692454,0.7205247049141232,0.3136447986769589,0.923566084633266,0.0014647229962645011,0.00300538359714614,2.709350525504146,7
2019-11-13,0.33257467624133824,0.6741233746785128,0.49550512409964387,0.7205247049141232,0.171920199659018,0.923566084633266,0.0009534311106493591,0.002928626333326818,3.233694022821434,7
2019-11-14,0.511598646936331,0.6741233746785128,0.41011677191291507,0.7205247049141232,0.07828458115075398,0.923566084633266,0.0005774884626173233,0.0026373121068544946,2.0856487197032356,7
2019-11-15,0.35647972246549403,0.6741233746785128,0.5375793197145402,0.7205247049141232,0.10594095781996588,0.923566084633266,0.0007528482313822699,0.003129953493690649,1.7555229593818489,7
2019-11-16,0.2001688955069815,0.6741233746785128,0.6375299321975421,0.7205247049141232,0.16230117229547644,0.923566084633266,0.0010093332766747134,0.003498390935976697,3.1115045755599735,7
2019-11-17,0.4433958150811312,0.6741233746785128,0.47022473822995786,0.7205247049141232,0.08637944668891095,0.923566084633266,0.0006432234586494002,0.0028721785162324123,3.4770238087263747,7
2019-11-18,0.5599992177799367,0.6741233746785128,0.38895143552580325,0.7205247049141232,0.05104934669426021,0.923566084633266,0.00047042795014741234,0.002567178433987815,0.5540155312519601,7
2019-11-19,0.18161877746959043,0.6741233746785128,0.6179653675661718,0.7205247049141232,0.20041585496423772,0.923566084633266,0.0011282650101913706,0.0034009418970208,2.634642323817044,7
2019-11-20,0.3352410892816925,0.6741233746785128,0.5298599308977945,0.7205247049141232,0.13489897982051297,0.923566084633266,0.0008476405552567688,0.0030843299177222717,3.0791186826245465,7
2019-11-21,0.48674100903404394,0.6741233746785128,0.4363297487488549,0.7205247049141232,0.07692924221710123,0.923566084633266,0.0005893612075513529,0.0027422549129958356,-0.46694771828864434,7
2019-11-22,0.10865368378838607,0.6741233746785128,0.4004069052205809,0.7205247049141232,0.490939410991033,0.923566084633266,0.0019909224077831935,0.0023860154355920876,1.232562624178226,7
2019-11-23,0.06077223692131352,0.6741233746785128,0.25763866183565587,0.7205247049141232,0.6815891012430306,0.923566084633266,0.0025559026042884414,0.0017199911262931172,2.4086374915244595,7
2019-11-24,0.23351679713242884,0.6741233746785128,0.35707044833264,0.7205247049141232,0.4094127545349312,0.923566084633266,0.0016830144304734573,0.002255693026853978,0.8129887943983395,7
2019-11-25,0.041595957597992304,0.6741233746785128,0.20046069708526795,0.7205247049141232,0.7579433453167399,0.923566084633266,0.0027819255326342663,0.0014532517338774894,1.9024109365635373,7
2019-11-26,0.06769875948769023,0.6741233746785128,0.2779825460136406,0.7205247049141232,0.6543186944986693,0.923566084633266,0.0024750930962008457,0.0018149502384969581,2.513166379478581,7
2019-11-27,0.2747665379289766,0.6741233746785128,0.36502695127807605,0.7205247049141232,0.3602065107929474,0.923566084633266,0.001518796430293351,0.0023126954957688995,1.1158394920490307,7
2019-11-28,0.09338522520175734,0.6741233746785128,0.35488089975396353,0.7205247049141232,0.5517338750442793,0.923566084633266,0.002171179907498064,0.0021736332865438233,2.1847212277991006,7
2019-11-29,0.17168845304152128,0.6741233746785128,0.41576041776515993,0.7205247049141232,0.41255112919331877,0.923566084633266,0.0017309812343172816,0.0024874748945448023,1.5364002033171937,7
2019-11-30,0.11360088811883304,0.6741233746785128,0.4151578518917419,0.7205247049141232,0.47124125998942507,0.923566084633266,0.001932497396352842,0.0024548297072003985,1.8194844609063092,7
2019-12-01,0.11482109901188703,0.6741233746785128,0.4174628940124902,0.7205247049141232,0.4677160069756229,0.923566084633266,0.0019218286269696233,0.002465813357830263,1.997302483641327,7
2019-12-02,0.1350715294625345,0.6741233746785128,0.45179159980401506,0.7205247049141232,0.4131368707334505,0.923566084633266,0.0017557627047782435,0.002630462492916447,2.1880704312584767,7
2019-12-03,0.19249579700449213,0.6741233746785128,0.48565641216302685,0.7205247049141232,0.32184779083248105,0.923566084633266,0.0014630535227582438,0.0028121871118157848,2.9855712884979537,7
2019-12-04,0.4330896802721829,0.6741233746785128,0.4283395287962226,0.7205247049141232,0.13857079093159447,0.923566084633266,0.0007963877520613573,0.0026787092017778427,2.2615703022506706,7
2019-12-05,0.36048094221682286,0.6741233746785128,0.5074307889425725,0.7205247049141232,0.13208826884060484,0.923566084633266,0.0008238838624603886,0.0029965819200707304,1.8704196848955226,7
2019-12-06,0.19096805364328878,0.6741233746785128,0.6378626695055554,0.7205247049141232,0.17116927685115566,0.923566084633266,0.0010400571847220925,0.0034951435511637683,2.3499708210501935,7
2019-12-07,0.2208216291409036,0.6741233746785128,0.6268576832376628,0.7205247049141232,0.15232068762143358,0.923566084633266,0.0009683243363984818,0.0034610932750228952,3.0482127648059034,7
2019-12-08,0.4416396605777015,0.6741233746785128,0.47191400743266104,0.7205247049141232,0.08644633198963751,0.923566084633266,0.0006445166934653458,0.002878861961421945,3.50141715133156,7
2019-12-09,0.562709578633427,0.6741233746785128,0.386803662103325,0.7205247049141232,0.050486759263247846,0.923566084633266,0.0004671355560661314,0.002558927085368076,1.2007725153692854,7
2019-12-10,0.19845189841751845,0.6741233746785128,0.6580902436372084,0.7205247049141232,0.14345785794527316,0.923566084633266,0.0009573203906948959,0.003589867417021633,2.22572587398067,7
2019-12-11,0.23268112282281675,0.6741233746785128,0.6199058715994505,0.7205247049141232,0.14741300557773276,0.923566084633266,0.0009470933511092562,0.0034359765975738774,2.9863452410603557,7
2019-12-12,0.4341963523869798,0.6741233746785128,0.4776194318125618,0.7205247049141232,0.08818421580045846,0.923566084633266,0.000654085842735262,0.0029006556962620526,3.4623180790643526,7
2019-12-13,0.559013833659824,0.6741233746785128,0.3893000355734764,0.7205247049141232,0.051686130766699444,0.923566084633266,0.0004728388261590234,0.0025682365547881367,3.3332121833610917,7
2019-12-14,0.568404916832624,0.6741233746785128,0.3859696935106711,0.7205247049141232,0.04562538965670481,0.923566084633266,0.00044988478717656596,0.002558116092990411,1.2395895739775349,7
2019-12-15,0.20298016439543207,0.6741233746785128,0.663645757653378,0.7205247049141232,0.13337407795118988,0.923566084633266,0.0009260839731658546,0.0036171578707038074,3.021030404100327,7
2019-12-16,0.4170688765539075,0.6741233746785128,0.4987085588236979,0.7205247049141232,0.08422256462239464,0.923566084633266,0.000653716336752435,0.0029865651723001837,1.1479527970290655,7
2019-12-17,0.1827442627443239,0.6741233746785128,0.6212527717619497,0.7205247049141232,0.19600296549372617,0.923566084633266,0.0011151351032452903,0.0034162897116288924,1.1277997707446787,7
2019-12-18,0.14329561930896156,0.6741233746785128,0.5036988029662859,0.7205247049141232,0.3530055777247526,0.923566084633266,0.001581609708261527,0.002867879711903291,-0.4528696389476603,7
2019-12-19,0.004757270883141949,0.6741233746785128,0.09061868275289454,0.7205247049141232,0.9046240463639635,0.923566084633266,0.0032157287470456954,0.0009408306939989817,1.9000560242494116,7
2019-12-20,0.029469821891943065,0.6741233746785128,0.1633736363032232,0.7205247049141232,0.8071565418048338,0.923566084633266,0.0029273803964098306,0.0012803987254526741,2.236557058723182,7
2019-12-21,0.15982853184452495,0.6741233746785128,0.2827339308831299,0.7205247049141232,0.5574375372723452,0.923566084633266,0.002144907614722103,0.0018837781821333666,2.5708220173919214,7
2019-12-22,0.34244475507754873,0.6741233746785128,0.36299658959844405,0.7205247049141232,0.29455865532400716,0.923566084633266,0.0012916873445223344,0.002338456017898726,1.1118645614403495,7
2019-12-23,0.11142223780030008,0.6741233746785128,0.4086619070901008,0.7205247049141232,0.47991585510959917,0.923566084633266,0.0019582275551333116,0.002424525624344919,1.9191512694132933,7
2019-12-24,0.12210820612112272,0.6741233746785128,0.43235805690846574,0.7205247049141232,0.4455337369704115,0.923566084633266,0.0018549381109358872,0.0025364814661339827,2.2548908522257487,7
2019-12-25,0.2073845728080281,0.6741233746785128,0.46809551973101693,0.7205247049141232,0.32451990746095494,0.923566084633266,0.0014611810744023371,0.0027409734121843334,2.7518328967255767,7
2019-12-26,0.3888584153959699,0.6741233746785128,0.4443659937747951,0.7205247049141232,0.166775590829235,0.923566084633266,0.0009035285647083139,0.002727906799152998,3.416282469892696,7
2019-12-27,0.548086304466891,0.6741233746785128,0.3839066360219927,0.7205247049141232,0.06800705951111619,0.923566084633266,0.0005255770294142112,0.002538376174682274,3.441332827745305,7
2019-12-28,0.5778037527221742,0.6741233746785128,0.3754086831830668,0.7205247049141232,0.04678756409475911,0.923566084633266,0.00044720793694008306,0.00251551788171937,3.0695147843178083,7
2019-12-29,0.543529741946588,0.6741233746785128,0.40705274072081615,0.7205247049141232,0.049417517332596,0.923566084633266,0.0004762450948956945,0.002640005093335371,2.779847015348929,7
2019-12-30,0.48824000284242375,0.6741233746785128,0.45297752879444825,0.7205247049141232,0.05878246836312802,0.923566084633266,0.000537419206956495,0.002817812967876494,1.4989697264549355,7
2019-12-31,0.2072993849288848,0.6741233746785128,0.6590998554522487,0.7205247049141232,0.13360075961886647,0.923566084633266,0.0009240296229078187,0.003598962808704422,2.6511380340606836,7
2020-01-01,0.34657032031544943,0.6741233746785128,0.5473862801062556,0.7205247049141232,0.10604339957829496,0.923566084633266,0.0007593512157172341,0.0031689012016894507,3.3719670550497955,7
2020-01-02,0.5273992845129021,0.6741233746785128,0.4133924188008877,0.7205247049141232,0.05920829668621031,0.923566084633266,0.0005139288808536197,0.002660170678186155,0.986252918163433,7
2020-01-03,0.18829894919154,0.6741233746785128,0.6376717352725946,0.7205247049141232,0.17402931553586545,0.923566084633266,0.0010497796700458463,0.0034929101764115075,1.014941975979493,7
2020-01-04,0.15276052408682925,0.6741233746785128,0.531920393239331,0.7205247049141232,0.3153190826738397,0.923566084633266,0.0014696958981964463,0.0029995354870804318,2.918047974900052,7
2020-01-05,0.39461582526109373,0.6741233746785128,0.45935550905738703,0.7205247049141232,0.14602866568151926,0.923566084633266,0.0008415985929685391,0.0027982103531178745,3.428138088530452,7
2020-01-06,0.5493815368968648,0.6741233746785128,0.38691699110457073,0.7205247049141232,0.06370147199856468,0.923566084633266,0.0005126676659163846,0.0025525669116849368,0.15606911818636582,7
2020-01-07,0.16455686229481614,0.6741233746785128,0.5670935675938197,0.7205247049141232,0.2683495701113642,0.923566084633266,0.0013301667025856785,0.003163620920946043,1.32449606236631,7
2020-01-08,0.1391646297591248,0.6741233746785128,0.4913814763532685,0.7205247049141232,0.3694538938876068,0.923566084633266,0.0016304437714451455,0.0028104184715896053,2.4366029097276747,7
2020-01-09,0.2700392015929831,0.6741233746785128,0.4894138941661467,0.7205247049141232,0.24054690424087016,0.923566084633266,0.0011857087473974707,0.0028690324125522308,1.471818460490212,7
2020-01-10,0.14589727786077888,0.6741233746785128,0.5113075856167838,0.7205247049141232,0.3427951365224373,0.923566084633266,0.0015512687275576677,0.002903400924498735,1.642922218256083,7
2020-01-11,0.137933711735143,0.6741233746785128,0.487710742187874,0.7205247049141232,0.37435554607698296,0.923566084633266,0.0016449951231900524,0.0027932943147797804,2.278854642240412,7
2020-01-12,0.22072539727756604,0.6741233746785128,0.502809819759801,0.7205247049141232,0.27646478296263305,0.923566084633266,0.0013177130004030635,0.0029037935102742955,2.289359745276732,7
2020-01-13,0.22515848963978372,0.6741233746785128,0.5582020243162837,0.7205247049141232,0.21663948604393243,0.923566084633266,0.0011466687561211444,0.0031549122386651043,2.890452540504195,7
2020-01-14,0.4177667466757292,0.6741233746785128,0.4667441678094323,0.7205247049141232,0.1154890855148385,0.923566084633266,0.0007411828970951177,0.002843333810517829,-1.0111718583672533,7
2020-01-15,0.043845114101569396,0.6741233746785128,0.2071670132691361,0.7205247049141232,0.7489878726292944,0.923566084633266,0.002755423014819337,0.0014845371899352227,2.3434610044837,7
2020-01-16,0.2121972388550271,0.6741233746785128,0.31496437092054597,0.7205247049141232,0.47283839022442686,0.923566084633266,0.0018744415607993684,0.002055555206897935,2.311796142397907,7
2020-01-17,0.28114077246166363,0.6741233746785128,0.39848482730653517,0.7205247049141232,0.3203744002318013,0.923566084633266,0.0014029606880498022,0.002466280881839522,1.9630971390165486,7
2020-01-18,0.1642319876433928,0.6741233746785128,0.5283152146765971,0.7205247049141232,0.30745279768000994,0.923566084633266,0.0014403657375490933,0.002989252627538223,2.978421124624358,7
2020-01-19,0.4152895662672724,0.6741233746785128,0.44817544240869167,0.7205247049141232,0.1365349913240359,0.923566084633266,0.0008018921665174691,0.0027586422911026936,1.3854628871520414,7
2020-01-20,0.1719081271218064,0.6741233746785128,0.587054284411468,0.7205247049141232,0.24103758846672563,0.923566084633266,0.001248699993339225,0.003257077673611308,2.763763373702397,7
2020-01-21,0.36690795433625717,0.6741233746785128,0.49568968304509353,0.7205247049141232,0.1374023626186493,0.923566084633266,0.000834787281218333,0.0029471507831856023,2.7677400926917968,7
2020-01-22,0.42192001266640605,0.6741233746785128,0.48274293615034775,0.7205247049141232,0.09533705118324634,0.923566084633266,0.0006819182638312229,0.002917344374515503,2.665941928027468,7
2020-01-23,0.4425851849943456,0.6741233746785128,0.47492232478007906,0.7205247049141232,0.08249249022557534,0.923566084633266,0.0006328065622311046,0.0028928633049708275,1.0849996736068284,7
2020-01-24,0.18143279907621312,0.6741233746785128,0.6173523004090395,0.7205247049141232,0.20121490051474714,0.923566084633266,0.0011306312658968655,0.0033980920118417586,2.9041262169816138,7
2020-01-25,0.3867301693467214,0.6741233746785128,0.5010612277127529,0.7205247049141232,0.11220860294052576,0.923566084633266,0.0007514832502117036,0.002981497307212704,2.66772401280485,7
2020-01-26,0.42930975037164454,0.6741233746785128,0.48060452123183234,0.7205247049141232,0.09008572839652318,0.923566084633266,0.0006625059023463673,0.0029115468170558267,1.742981670663816,7
2020-01-27,0.19664303708558553,0.6741233746785128,0.6571948317732156,0.7205247049141232,0.1461621311411988,0.923566084633266,0.0009660679075176517,0.003584912743765844,1.6900400178929598,7
2020-01-28,0.1836740748353577,0.6741233746785128,0.6240929593657811,0.7205247049141232,0.19223296579886112,0.923566084633266,0.0011039374624954143,0.003429527681420168,1.4361321200390302,7
2020-01-29,0.14242061922315977,0.6630860667633963,0.5710054934700483,0.7460918491531758,0.2865738873067922,0.9257781393105506,0.001321853529925833,0.0027453673980924864,2.9935432938512863,8
2020-01-30,0.3812373110362412,0.6630860667633963,0.4884459481084176,0.7460918491531758,0.13031674085534126,0.9257781393105506,0.0007549353492557842,0.00248850404818591,1.9854074287218593,8
2020-01-31,0.18273753702667808,0.6630860667633963,0.6566866962588546,0.7460918491531758,0.16057576671446733,0.9257781393105506,0.0009510340741427576,0.0030005096965908854,2.1976461300986427,8
2020-02-01,0.18738062181461435,0.6630860667633963,0.6512377893251873,0.7460918491531758,0.1613815888601985,0.9257781393105506,0.0009506345623494947,0.0029839979398518382,3.130251283672251,8
2020-02-02,0.41494487472122177,0.6630860667633963,0.5000469456359307,0.7460918491531758,0.08500817964284765,0.9257781393105506,0.0006107372975817851,0.002521928797791784,3.256217870197195,8
2020-02-03,0.5103326216915456,0.6630860667633963,0.43426853237634166,0.7460918491531758,0.05539884593211286,0.9257781393105506,0.0004747677020814607,0.002321040511326923,3.140755183404827,8
2020-02-04,0.5216844156678517,0.6630860667633963,0.42896874324928136,0.7460918491531758,0.049346841082866924,0.9257781393105506,0.0004516068591553262,0.0023047094051653434,2.2005074490565466,8
2020-02-05,0.3528071810441882,0.6630860667633963,0.567462854070421,0.7460918491531758,0.07972996488539101,0.9257781393105506,0.0006314451950308249,0.0027264045599797735,0.7169736875088082,8
2020-02-06,0.15633405691305519,0.6630860667633963,0.6195375700727678,0.7460918491531758,0.22412837301417707,0.9257781393105506,0.0011415246901328928,0.002890240714000067,2.613776333314656,8
2020-02-07,0.25978269344144583,0.6630860667633963,0.589885891779833,0.7460918491531758,0.15033141477872128,0.9257781393105506,0.0008791261004821291,0.0027972856052332134,3.0948015640095203,8
2020-02-08,0.4299455281426074,0.6630860667633963,0.48780244834880077,0.7460918491531758,0.08225202350859186,0.9257781393105506,0.0005946038265945656,0.0024846432451604873,2.744891821092655,8
2020-02-09,0.41110598338410964,0.6630860667633963,0.5143667794279271,0.7460918491531758,0.0745272371879633,0.9257781393105506,0.0005839923022472567,0.0025649901936560574,1.8764906596075424,8
2020-02-10,0.1818415374816808,0.6630860667633963,0.6943757706658064,0.7460918491531758,0.1237826918525129,0.9257781393105506,0.0008498819695380805,0.0031134797693456516,1.7276928735279102,8
2020-02-11,0.1669280079099223,0.6630860667633963,0.656314806832985,0.7460918491531758,0.17675718525709264,0.9257781393105506,0.001004676999930435,0.0030000226038058514,1.5494112078611557,8
2020-02-12,0.15280898028099674,0.6630860667633963,0.6072415343199876,0.7460918491531758,0.23994948539901556,0.9257781393105506,0.0011872165276714242,0.0028535357627600846,2.776848549165396,8
2020-02-13,0.313031324617394,0.6630860667633963,0.5486734202901368,0.7460918491531758,0.13829525509246918,0.9257781393105506,0.0008156982387268738,0.002671680579942677,2.3529481895328956,8
2020-02-14,0.28437768316388423,0.6630860667633963,0.586707749194722,0.7460918491531758,0.1289145676413938,0.9257781393105506,0.0008060474537384985,0.002786786525449098,2.6142802161965633,8
2020-02-15,0.3118770222411008,0.6630860667633963,0.5821037579837993,0.7460918491531758,0.10601921977509987,0.9257781393105506,0.0007272397697798097,0.0027718996858080423,0.6475238530701504,8
2020-02-16,0.1385424465541269,0.6630860667633963,0.5574778700257883,0.7460918491531758,0.30397968342008486,0.9257781393105506,0.0013721101404281432,0.002704986029710419,2.932391603165259,8
2020-02-17,0.3636575729757581,0.6630860667633963,0.4940722512509364,0.7460918491531758,0.1422701757733056,0.9257781393105506,0.0007979165181289712,0.00250606064951456,1.4857599262481156,8
2020-02-18,0.1549481331282751,0.6630860667633963,0.6140938614255799,0.7460918491531758,0.23095800544614498,0.9257781393105506,0.0011611723212774983,0.0028739837435148123,0.9727852389770486,8
2020-02-19,0.11346044996046538,0.6630860667633963,0.4699882532494122,0.7460918491531758,0.41655129679012254,0.9257781393105506,0.0016970649370185407,0.002443820388855841,0.7574932416638681,8
2020-02-20,0.034224463069581046,0.6630860667633963,0.19360171733127166,0.7460918491531758,0.7721738195991472,0.9257781393105506,0.0027227263625936218,0.001618777721654459,2.321416408426331,8
2020-02-21,0.1785583042108842,0.6630860667633963,0.3174266557810799,0.7460918491531758,0.5040150400080359,0.9257781393105506,0.0019011628661820212,0.001984089902805204,2.6008100683263744,8
2020-02-22,0.3188969286598269,0.6630860667633963,0.41345856576227946,0.7460918491531758,0.26764450557789365,0.9257781393105506,0.0011692958560416773,0.0022662793718704836,3.2181030158007156,8
2020-02-23,0.49320251346834443,0.6630860667633963,0.40667792845817996,0.7460918491531758,0.10011955807347571,0.9257781393105506,0.0006078829682489946,0.002239045506124491,1.4678232622702723,8
2020-02-24,0.16581981553543634,0.6630860667633963,0.6521751674808212,0.7460918491531758,0.18200501698374252,0.9257781393105506,0.0010198013280255749,0.0029876622302720804,1.492788992351954,8
2020-02-25,0.1470739539282126,0.6630860667633963,0.5872333492584119,0.7460918491531758,0.26569269681337576,0.9257781393105506,0.0012615574791995236,0.002793809200497731,1.5741251150484283,8
2020-02-26,0.13063446469834164,0.6630860667633963,0.5298862340935857,0.7460918491531758,0.3394793012080726,0.9257781393105506,0.0014745988791180417,0.002622622030802667,0.48919534810276544,8
2020-02-27,0.03450424342047229,0.6630860667633963,0.19457763149647744,0.7460918491531758,0.7709181250830502,0.9257781393105506,0.002719107171970088,0.0016216909273326814,2.323984376813942,8
2020-02-28,0.17961592904817691,0.6630860667633963,0.3182908931187787,0.7460918491531758,0.5020931778330443,0.9257781393105506,0.0018952605926975845,0.0019866376090940515,2.85244998602263,8
2020-02-29,0.3977446488482474,0.6630860667633963,0.38839314019219706,0.7460918491531758,0.21386221095955554,0.9257781393105506,0.0009760092925558225,0.002188042950592404,1.7102579050824886,8
2020-03-01,0.1578390857744183,0.6630860667633963,0.5660297107243436,0.7460918491531758,0.2761312035012382,0.9257781393105506,0.0012842776218543362,0.0027298458191134817,2.8379865746546984,8
2020-03-02,0.3532011339999606,0.6630860667633963,0.5042007542416106,0.7460918491531758,0.1425981117584288,0.9257781393105506,0.000804764562868183,0.0025368253711947016,1.1935113393247794,8
2020-03-03,0.1478821724486195,0.6630860667633963,0.5900561547491487,0.7460918491531758,0.26206167280223175,0.9257781393105506,0.0012510726752999275,0.0028022356108252967,2.1997691443973713,8
2020-03-04,0.17308962895224003,0.6630860667633963,0.6013262573083189,0.7460918491531758,0.22558411373944112,0.9257781393105506,0.00113605669654417,0.00283500609471774,3.04641701942602,8
2020-03-05,0.4022585940976248,0.6630860667633963,0.49036523063625925,0.7460918491531758,0.10737617526611593,0.9257781393105506,0.0006796773613190951,0.002493421088086345,1.4701584424367122,8
2020-03-06,0.16490988977608922,0.6630860667633963,0.649434761697515,0.7460918491531758,0.1856553485263958,0.9257781393105506,0.0010304001176567865,0.0029794867643261457,2.7718877077546415,8
2020-03-07,0.308823543172888,0.6630860667633963,0.5718981151576014,0.7460918491531758,0.11927834166951065,0.9257781393105506,0.0007655816746436718,0.002741439841902546,1.5683481555940908,8
2020-03-08,0.16357121708162753,0.6630860667633963,0.6443598058595441,0.7460918491531758,0.19206897705882853,0.9257781393105506,0.0010488747447931206,0.002964332879160265,-1.0161312382212282,8
2020-03-09,0.00252841697712719,0.6630860667633963,0.08304134286571846,0.7460918491531758,0.9144302401571542,0.9257781393105506,0.0031326310933996156,0.001288743460279077,1.82920252414121,8
2020-03-10,0.019172733149922384,0.6630860667633963,0.14109410571048414,0.7460918491531758,0.8397331611395935,0.9257781393105506,0.002917421732512658,0.0014620369616712967,2.221732804543449,8
2020-03-11,0.132439075748329,0.6630860667633963,0.2701136260965222,0.7460918491531758,0.5974472981551489,0.9257781393105506,0.002185056550782356,0.0018441472471353228,2.771778383571749,8
2020-03-12,0.3645416717318198,0.6630860667633963,0.36973585723027175,0.7460918491531758,0.2657224710379086,0.9257781393105506,0.001137963431712184,0.002133454169155856,-32.40063016719617,8
2020-03-13,9.999999999878553e-11,0.6630860667633963,0.07422186058944931,0.7460918491531758,0.9257781393105506,0.9257781393105506,0.003165320112893888,0.0012624163848433056,-0.4826941795668916,8
2020-03-14,1.7282116383486145e-06,0.6630860667633963,0.0742278884917718,0.7460918491531758,0.9257703832965899,0.9257781393105506,0.003165297771214957,0.0012624343787611108,0.6307095505241712,8
2020-03-15,9.208587173263592e-05,0.6630860667633963,0.07454306902585847,0.7460918491531758,0.9253648451024089,0.9257781393105506,0.003164129592409277,0.001263375225563322,1.6938350859722386,8
2020-03-16,0.014206375829527287,0.6630860667633963,0.12377574549665231,0.7460918491531758,0.8620178786738204,0.9257781393105506,0.002981632851567053,0.0014103399052064714,1.109439027913504,8
2020-03-17,0.002101338955644737,0.6630860667633963,0.0815516332078205,0.7460918491531758,0.9163470278365347,0.9257781393105506,0.003138152733406901,0.0012842965214098412,0.9791752313299176,8
2020-03-18,0.0011435344556349348,0.6630860667633963,0.07821067314368532,0.7460918491531758,0.9206457924006797,0.9257781393105506,0.0031505359279547,0.00127432340678915,2.0200128105947055,8
2020-03-19,0.03475378352067631,0.6630860667633963,0.18188512566057868,0.7460918491531758,0.7833610908187449,0.9257781393105506,0.0027532351372581724,0.0015836481983692674,-1.1867121341782743,8
2020-03-20,4.71004334671182e-07,0.6630860667633963,0.07422350317160063,0.7460918491531758,0.9257760258240647,0.9257781393105506,0.003165314024865136,0.001262421288122529,2.0091015107199315,8
2020-03-21,0.029078669385239217,0.6630860667633963,0.17564699702329922,0.7460918491531758,0.7952743335914615,0.9257781393105506,0.0027893034514363153,0.0015651809448850018,2.3089563196287752,8
2020-03-22,0.17186461239597503,0.6630860667633963,0.30396609929459384,0.7460918491531758,0.5241692883094311,0.9257781393105506,0.0019605436728528307,0.0019440212089817449,0.869062781567749,8
2020-03-23,0.017717687292028727,0.6630860667633963,0.13602370568080274,0.7460918491531758,0.8462586070271684,0.9257781393105506,0.0029362251401573707,0.0014469013451643789,0.10763184861217653,8
2020-03-24,6.81717340703539e-05,0.6630860667633963,0.0744596530689517,0.7460918491531758,0.9254721751969778,0.9257781393105506,0.0031644387638100203,0.001263126220222505,1.6485980873191022,8
2020-03-25,0.012394176628662674,0.6630860667633963,0.1174545336549703,0.7460918491531758,0.870151289716367,0.9257781393105506,0.0030050668722669503,0.0013914704278621941,2.0025837872443883,8
2020-03-26,0.04652339038994207,0.6630860667633963,0.2138400829380041,0.7460918491531758,0.7396365266720538,0.9257781393105506,0.0026260457506831827,0.00167893358277088,2.259486633013492,8
2020-03-27,0.14951496762342467,0.6630860667633963,0.33990453229830103,0.7460918491531758,0.5105805000782743,0.9257781393105506,0.0019358580037536488,0.0020525967260351828,1.354132774472466,8
2020-03-28,0.056406380152467774,0.6630860667633963,0.2709754307066888,0.7460918491531758,0.6726181891408435,0.9257781393105506,0.0024357322385906307,0.00184974633456223,1.4852233221863764,8
2020-03-29,0.036949417827745204,0.6630860667633963,0.20310675088365987,0.7460918491531758,0.7599438312885949,0.9257781393105506,0.002687476096106969,0.0016471512392145398,1.2660892719688424,8
2020-03-30,0.011367890497977725,0.6630860667633963,0.1138746997990378,0.7460918491531758,0.8747574097029843,0.9257781393105506,0.0030183377301775823,0.0013807842500322093,0.7192663336598453,8
2020-03-31,0.0006736298995985017,0.6630860667633963,0.07657157836426341,0.7460918491531758,0.922754791736138,0.9257781393105506,0.0031566111237468606,0.0012694305377348824,2.02734197376112,8
2020-04-01,0.03433287610774124,0.6630860667633963,0.1829495969530966,0.7460918491531758,0.7827175269391622,0.9257781393105506,0.0027517042805504364,0.001586854564433745,1.8238899002991447,8
2020-04-02,0.04787197451721176,0.6630860667633963,0.2412009091057809,0.7460918491531758,0.7109271163770073,0.9257781393105506,0.002546179302188355,0.001760866218709625,2.0213892434284104,8
2020-04-03,0.07678650278623197,0.6630860667633963,0.33865704641966327,0.7460918491531758,0.5845564507941048,0.9257781393105506,0.0021813495891275445,0.0020517442684892338,2.454719937746894,8
2020-04-04,0.23251686564330717,0.6630860667633963,0.4184124129182435,0.7460918491531758,0.3490707214384493,0.9257781393105506,0.0014431172525141282,0.0022845507260184105,2.2338776276489747,8
2020-04-05,0.19453039264408414,0.6630860667633963,0.5330849606705184,0.7460918491531758,0.2723846466853975,0.9257781393105506,0.001253115855822921,0.0026296717840305376,2.4709627077248997,8
2020-04-06,0.26969455063072273,0.6630860667633963,0.5431640611724922,0.7460918491531758,0.18714138819678525,0.9257781393105506,0.0009751373321736747,0.002656891350285287,-0.21560188756480358,8
2020-04-07,0.04719225778119063,0.6630860667633963,0.23883525324694904,0.7460918491531758,0.7139724889718603,0.9257781393105506,0.002554959355912607,0.0017538045491909252,2.038443717784904,8
2020-04-08,0.08157808493230696,0.6630860667633963,0.3266449958792402,0.7460918491531758,0.5917769191884529,0.9257781393105506,0.0021985177648698407,0.0020155602974432567,1.9966311642828494,8
2020-04-09,0.09542159163244589,0.6630860667633963,0.4059833238588142,0.7460918491531758,0.4985950845087399,0.9257781393105506,0.0019336731457208884,0.00225274667547297,2.338546509980964,8
2020-04-10,0.19387756337998757,0.6630860667633963,0.46909841443270245,0.7460918491531758,0.33702402218731004,0.9257781393105506,0.0014318813245305752,0.0024379633393521298,0.39882118862907023,8
2020-04-11,0.027012485359266192,0.6630860667633963,0.16844530021969173,0.7460918491531758,0.804542214421042,0.9257781393105506,0.0028160134111036546,0.0015436831899978383,2.283346127491532,8
2020-04-12,0.15914422716328094,0.6630860667633963,0.2985620365957382,0.7460918491531758,0.542293736240981,0.9257781393105506,0.0020177743341429494,0.0019283327480189732,2.24815493698293,8
2020-04-13,0.18663160995885086,0.6630860667633963,0.42528752645937423,0.7460918491531758,0.388080863581775,0.9257781393105506,0.001576865641803672,0.0023069724242125843,2.0355372237154192,8
2020-04-14,0.14508318912783885,0.6630860667633963,0.5074048929934014,0.7460918491531758,0.3475119178787599,0.9257781393105506,0.0014885640988220746,0.002554683888518654,2.9703009514229706,8
2020-04-15,0.3849053970952987,0.6630860667633963,0.4648544390104495,0.7460918491531758,0.15024016389425207,0.9257781393105506,0.0008078248989011275,0.002417667048261928,0.998436880533564,8
2020-04-16,0.13352761206203176,0.6630860667633963,0.539984958653914,0.7460918491531758,0.32648742928405416,0.9257781393105506,0.0014370929691625545,0.0026527678577560926,0.19374727474437636,8
2020-04-17,0.027763038426947346,0.6630860667633963,0.17106333743408275,0.7460918491531758,0.8011736241389699,0.9257781393105506,0.002806305520811306,0.0015514983044317534,2.1802969478609775,8
2020-04-18,0.11989212556483532,0.6630860667633963,0.2890686078078312,0.7460918491531758,0.5910392666273335,0.9257781393105506,0.0021745773796862044,0.0019014432716501807,1.9391116892564124,8
2020-04-19,0.08988423970881347,0.6630860667633963,0.38599903322990775,0.7460918491531758,0.5241167270612788,0.9257781393105506,0.0020072185441670177,0.002193083869357109,2.1037689662074874,8
2020-04-20,0.12269691468234897,0.6630860667633963,0.4523346422135262,0.7460918491531758,0.424968443104125,0.9257781393105506,0.0017150335686167619,0.0023905552426664064,1.2388621165263145,8
2020-04-21,0.06946936908423237,0.6630860667633963,0.31654102584584654,0.7460918491531758,0.6139896050699211,0.9257781393105506,0.0022666706959914725,0.001985764393642857,2.604144484006033,8
2020-04-22,0.2785601405549007,0.6630860667633963,0.40186863056214545,0.7460918491531758,0.31957122888295386,0.9257781393105506,0.0013355093640792643,0.002233150794432261,1.5279303402096147,8
2020-04-23,0.11620334074292436,0.6630860667633963,0.47955346218617795,0.7460918491531758,0.4042431970708977,0.9257781393105506,0.0016615421059845092,0.0024723735090579116,1.200510796035188,8
2020-04-24,0.07967502678790353,0.6630860667633963,0.35213983056076525,0.7460918491531758,0.5681851426513311,0.9257781393105506,0.002134563077713273,0.0020920305425902565,2.6682110778448536,8
2020-04-25,0.29821223396299823,0.6630860667633963,0.41873751369870366,0.7460918491531758,0.28305025233829817,0.9257781393105506,0.0012235767027996241,0.002282918324271168,3.223359042404676,8
2020-04-26,0.4850465122238635,0.6630860667633963,0.41090328756782196,0.7460918491531758,0.10405020020831446,0.9257781393105506,0.0006233733355334087,0.002252030307493848,1.9042917466572031,8
2020-04-27,0.21088431880168024,0.6630860667633963,0.6431317547733614,0.7460918491531758,0.14598392642495858,0.9257781393105506,0.0008948047309563589,0.0029587758335539505,2.624426058691611,8
2020-04-28,0.2797239218736785,0.6630860667633963,0.6051589520974422,0.7460918491531758,0.11511712602887939,0.9257781393105506,0.0007705822090833357,0.0028422598135407905,3.293280402302539,8
2020-04-29,0.5007264369516083,0.6714177992038834,0.4554555128138931,0.7936760937199456,0.043818050234498515,0.9083123535258028,0.00066290224538846,0.0023195478162602694,-2.8400754573772806,9
2020-04-30,0.012747573407526882,0.6714177992038834,0.14566321149447245,0.7936760937199456,0.8415892150980006,0.9083123535258028,0.004150026204951989,-0.000400307410348577,1.8809557732759805,9
2020-05-01,0.054515664526896185,0.6714177992038834,0.2703526454639875,0.7936760937199456,0.6751316900091161,0.9083123535258028,0.003477459462461091,0.00039088130268406275,1.8890964829049217,9
2020-05-02,0.0757243829885705,0.6714177992038834,0.40293878006455336,0.7936760937199456,0.5213368369468762,0.9083123535258028,0.0028704059501243233,0.0011866296258059698,2.1765295723873295,9
2020-05-03,0.15856498655681114,0.6714177992038834,0.5124878693733147,0.7936760937199456,0.328947144069874,0.9083123535258028,0.002059524211467567,0.0019723228030033785,2.4436029414592197,9
2020-05-04,0.294236522672105,0.6714177992038834,0.527220653498183,0.7936760937199456,0.17854282382971215,0.9083123535258028,0.0013623489461165605,0.002322422315147138,3.1433825117179173,9
2020-05-05,0.49417377555413394,0.6714177992038834,0.43609977148064005,0.7936760937199456,0.069726452965226,0.9083123535258028,0.0007681871981654119,0.0021965950140851063,2.6836336327409485,9
2020-05-06,0.46172404076577417,0.6714177992038834,0.482706070349624,0.7936760937199456,0.05556988888460196,0.9083123535258028,0.0007423984932562793,0.0023979867260562966,1.534570625488715,9
2020-05-07,0.15596250154814095,0.6714177992038834,0.7495773513232181,0.7936760937199456,0.09446014712864084,0.9083123535258028,0.0011601571049405348,0.0033157237913519592,-0.057673958736159214,9
2020-05-08,0.11413520037994887,0.6714177992038834,0.5749571634953188,0.7936760937199456,0.3109076361247322,0.9083123535258028,0.0020294777057286184,0.0022404244596077455,2.1958742059791923,9
2020-05-09,0.1837895560537961,0.6714177992038834,0.60633159390646,0.7936760937199456,0.20987885003974388,0.9083123535258028,0.0015799646834450615,0.00255559591286229,1.6988293400624406,9
2020-05-10,0.13206343278622676,0.6714177992038834,0.6498435292602286,0.7936760937199456,0.21809303795354462,0.9083123535258028,0.0016569952956406626,0.0027015509497764377,-0.593013323632876,9
2020-05-11,0.013512648208080513,0.6714177992038834,0.14890267960822234,0.7936760937199456,0.8375846721836971,0.9083123535258028,0.00413407669211711,-0.0003803803495320536,1.8651153809631082,9
2020-05-12,0.05050134776465336,0.6714177992038834,0.2699736491328213,0.7936760937199456,0.6795250031025253,0.9083123535258028,0.0034978339104961734,0.00038084615826661,1.8556077769356616,9
2020-05-13,0.0720706948132613,0.6714177992038834,0.3942508609541982,0.7936760937199456,0.5336784442325405,0.9083123535258028,0.002920903687622504,0.0011300431404267404,1.2367333971078813,9
2020-05-14,0.060251394396652176,0.6714177992038834,0.34680316965756885,0.7936760937199456,0.5929454359457788,0.9083123535258028,0.003158207938192452,0.0008369723029283242,1.4074411865438192,9
2020-05-15,0.060260218689254526,0.6714177992038834,0.34684053318320807,0.7936760937199456,0.5928992481275374,0.9083123535258028,0.0031580234145777973,0.0008372021386489437,1.2881121388745551,9
2020-05-16,0.043203580944520974,0.6714177992038834,0.2746195764976466,0.7936760937199456,0.6821768425578323,0.9083123535258028,0.0035144964322621894,0.0003929466788932703,2.2032703685635937,9
2020-05-17,0.1817171057414557,0.6714177992038834,0.4052489243295014,0.7936760937199456,0.41303396992904284,0.9083123535258028,0.0023614404146538983,0.0014078170170357873,1.770862843172293,9
2020-05-18,0.10525518968691416,0.6714177992038834,0.5362137509302082,0.7936760937199456,0.35853105938287755,0.9083123535258028,0.0022201525854097753,0.0020026309000516617,2.647299235466581,9
2020-05-19,0.32210413296040147,0.6714177992038834,0.5154987470188159,0.7936760937199456,0.16239712002078266,0.9083123535258028,0.0012757760142857412,0.0023104508082459896,3.2077078521007625,9
2020-05-20,0.5083320320042571,0.6714177992038834,0.4280468766811178,0.7936760937199456,0.06362109131462511,0.9083123535258028,0.0007322564599543354,0.002178582576254138,1.372400635198066,9
2020-05-21,0.15840450182458354,0.6714177992038834,0.7249306392065953,0.7936760937199456,0.11666485896882105,0.9083123535258028,0.0012435573243253322,0.0031803323634622864,0.9889996482451102,9
2020-05-22,0.1327649321070156,0.6714177992038834,0.6538388899117794,0.7936760937199456,0.21339617798120492,0.9083123535258028,0.001638315237909593,0.002725652560633411,2.5418613544777777,9
2020-05-23,0.27291909310915435,0.6714177992038834,0.6069038834945482,0.7936760937199456,0.12017702339629754,0.9083123535258028,0.0011567422546392959,0.002733798888116046,3.147837077410167,9
2020-05-24,0.47952041658302275,0.6714177992038834,0.46305109849840387,0.7936760937199456,0.0574284849185735,0.9083123535258028,0.0007338675700469655,0.002321125482705237,0.7812452323303084,9
2020-05-25,0.14461909019961983,0.6714177992038834,0.704030749146026,0.7936760937199456,0.15135016065435397,0.9083123535258028,0.0013891753810929617,0.0030344000010985436,2.5145991606160036,9
2020-05-26,0.25855841788101736,0.6714177992038834,0.6434910037738927,0.7936760937199456,0.09795057834508986,0.9083123535258028,0.0010838277597719826,0.002913709979509123,2.6930439483399002,9
2020-05-27,0.38213834651755046,0.6714177992038834,0.5505133112562622,0.7936760937199456,0.06734834222618714,0.9083123535258028,0.0008576645213830509,0.002627443590026096,1.4798002201741922,9
2020-05-28,0.1532064261817743,0.6714177992038834,0.7403530184614474,0.7936760937199456,0.10644055535677804,0.9083123535258028,0.0012087199519817456,0.0032578481900186963,1.5947295135778816,9
2020-05-29,0.1488758090457229,0.6714177992038834,0.7220551004930947,0.7936760937199456,0.1290690904611822,0.9083123535258028,0.0012996615005210989,0.0031452735785853932,2.251349444397452,9
2020-05-30,0.20352536235679708,0.6714177992038834,0.6904294197222229,0.7936760937199456,0.10604521792097986,0.9083123535258028,0.0011631882712468946,0.003072663020573592,2.004844864070597,9
2020-05-31,0.15417160804464994,0.6714177992038834,0.7394911492193437,0.7936760937199456,0.1063372427360063,0.9083123535258028,0.001207478475294242,0.0032548405876180113,1.836609159427265,9
2020-06-01,0.15108839902878582,0.6714177992038834,0.7290919686349483,0.7936760937199456,0.11981963233626594,0.9083123535258028,0.0012621051483261284,0.0031896406140947547,-0.12768615597532018,9
2020-06-02,0.09829867175204504,0.6714177992038834,0.5079023742309777,0.7936760937199456,0.3937989540169771,0.9083123535258028,0.002361621910228712,0.0018279478378937705,0.5531237842500789,9
2020-06-03,0.03307502087024719,0.6714177992038834,0.2317333811586113,0.7936760937199456,0.7351915979711415,0.9083123535258028,0.0037259901849793628,0.00012913922877899045,2.0047006653519515,9
2020-06-04,0.09857546951223947,0.6714177992038834,0.37623721615823086,0.7936760937199456,0.5251873143295296,0.9083123535258028,0.0028648140794280967,0.0010796106619690242,2.0491927715085456,9
2020-06-05,0.1264439644782568,0.6714177992038834,0.50671215317629,0.7936760937199456,0.36684388234545307,0.9083123535258028,0.0022333252865953507,0.0018764231326129602,2.0069721379254823,9
2020-06-06,0.13877304838721524,0.6714177992038834,0.5808113276372224,0.7936760937199456,0.2804156239755623,0.9083123535258028,0.0018906445029394558,0.00232208197401891,2.806879005527639,9
2020-06-07,0.37428491888334775,0.6714177992038834,0.5067012467951236,0.7936760937199456,0.11901383432152857,0.9083123535258028,0.0010631498923181627,0.0023628357579351233,2.968129059153658,9
2020-06-08,0.47699555959221274,0.6714177992038834,0.46097961846007746,0.7936760937199456,0.06202482194770987,0.9083123535258028,0.0007537484493296396,0.0023043874749164176,3.4700284309631737,9
2020-06-09,0.5693675888566346,0.6714177992038834,0.3918231554553585,0.7936760937199456,0.03880925568800677,0.9083123535258028,0.0005831428750977699,0.00209235421240753,3.6036560854665347,9
2020-06-10,0.5972452020902678,0.6714177992038834,0.3690766364304069,0.7936760937199456,0.03367816147932565,0.9083123535258028,0.0005388346159986963,0.0020176969335223365,2.81271611900395,9
2020-06-11,0.5206513963156254,0.6714177992038834,0.4388586645983375,0.7936760937199456,0.040489939086037,0.9083123535258028,0.0006325621655933225,0.0022642585523032026,-0.4669108125614476,9
2020-06-12,0.1247319647784874,0.6714177992038834,0.619825822550805,0.7936760937199456,0.25544221267070755,0.9083123535258028,0.0018070386063140267,0.0025164267125577086,2.186801795304114,9
2020-06-13,0.15487667874781894,0.6714177992038834,0.667286984827074,0.7936760937199456,0.17783633642510696,0.9083123535258028,0.0014821210880438987,0.002845544210839996,2.903237982915071,9
2020-06-14,0.3936158373859108,0.6714177992038834,0.5236127912092555,0.7936760937199456,0.08277137140483365,0.9083123535258028,0.0009068652274858698,0.0024969683462904924,2.3341954622089234,9
2020-06-15,0.35369287281533796,0.6714177992038834,0.5715831838348396,0.7936760937199456,0.07472394334982257,0.9083123535258028,0.0009110123345156374,0.0026914498727861613,2.745817254792395,9
2020-06-16,0.41523126051647213,0.6714177992038834,0.5276574495908476,0.7936760937199456,0.0571112898926801,0.9083123535258028,0.000789222726500767,0.0025624012498564734,3.013980782934404,9
2020-06-17,0.49076636441130345,0.6714177992038834,0.46397724133791723,0.7936760937199456,0.04525639425077947,0.9083123535258028,0.0006772007232639463,0.0023484672761584233,2.9969647431402513,9
2020-06-18,0.5208484250332269,0.6714177992038834,0.437366750462857,0.7936760937199456,0.04178482450391604,0.9083123535258028,0.0006373619765695359,0.0022561596330306134,3.1675328089167367,9
2020-06-19,0.5500844086853836,0.6714177992038834,0.41142574540796234,0.7936760937199456,0.03848984590665411,0.9083123535258028,0.0005989305454325163,0.0021659991456531432,2.55397341588991,9
2020-06-20,0.4742275968410776,0.6714177992038834,0.47912484408816947,0.7936760937199456,0.04664755907075281,0.9083123535258028,0.000697108014829699,0.0024021601594856005,3.1357279469810497,9
2020-06-21,0.5267063845145191,0.6714177992038834,0.4328697980741949,0.7936760937199456,0.0404238174112861,0.9083123535258028,0.0006269713432568326,0.002242080320998639,2.997553118954159,9
2020-06-22,0.5318084652798504,0.6714177992038834,0.4279228955798781,0.7936760937199456,0.040268639140271414,0.9083123535258028,0.0006218776368476205,0.0022239581218052172,1.0281574461136418,9
2020-06-23,0.15446725715744172,0.6714177992038834,0.7457286029500269,0.7936760937199456,0.09980413989253134,0.9083123535258028,0.0011820522046340843,0.003290898074050799,2.6414184978435387,9
2020-06-24,0.3187505003836033,0.6714177992038834,0.6096826068783666,0.7936760937199456,0.07156689273803002,0.9083123535258028,0.0009295332513029902,0.0028395637992803136,1.3905441346024123,9
2020-06-25,0.1505334370837217,0.6714177992038834,0.728940477667753,0.7936760937199456,0.12052608524852527,0.9083123535258028,0.001265311265425102,0.003187689661916017,2.766793115410594,9
2020-06-26,0.3531196687438747,0.6714177992038834,0.5738677934212405,0.7936760937199456,0.07301253783488498,0.9083123535258028,0.0009049338952215371,0.0027033190817088546,2.661667284639255,9
2020-06-27,0.4131960468257936,0.6714177992038834,0.5279695942126315,0.7936760937199456,0.05883435896157506,0.9083123535258028,0.000797635843928813,0.002560181835607811,1.9016818852423554,9
2020-06-28,0.23404526619647995,0.6714177992038834,0.6846859024052561,0.7936760937199456,0.08126883139826387,0.9083123535258028,0.001041082235791941,0.003099901241625279,2.582362489398748,9
2020-06-29,0.3154022740961982,0.6714177992038834,0.6181553362968274,0.7936760937199456,0.06644238960697443,0.9083123535258028,0.00091275179286741,0.0028811826272855316,2.9113376260700563,9
2020-06-30,0.43702917945692343,0.6714177992038834,0.5121997015923716,0.7936760937199456,0.050771118950705005,0.9083123535258028,0.0007456847834072051,0.0025172672593514337,3.2394435478600303,9
2020-07-01,0.5364699996549973,0.6714177992038834,0.4234974615631975,0.7936760937199456,0.040032538781805196,0.9083123535258028,0.0006168609623421112,0.0022079371862549933,2.849058039089782,9
2020-07-02,0.5037380389226254,0.6714177992038834,0.4538305737940936,0.7936760937199456,0.04243138728328095,0.9083123535258028,0.000654922397299739,0.0023162168682707295,1.9279853166669545,9
2020-07-03,0.2995532818225377,0.6714177992038834,0.6335834387681218,0.7936760937199456,0.06686327940934045,0.9083123535258028,0.0009282632769878705,0.002937824852685947,3.129995042829314,9
2020-07-04,0.48240459904043015,0.6714177992038834,0.47138094647329926,0.7936760937199456,0.046214454486270574,0.9083123535258028,0.0006882449113323665,0.002374164919158352,3.244127772475555,9
2020-07-05,0.54322739512574,0.6714177992038834,0.4179098162776074,0.7936760937199456,0.0388627885966526,0.9083123535258028,0.000606410236398596,0.0021894197273302444,3.299234143649414,9
2020-07-06,0.5687689557092611,0.6714177992038834,0.3948757295060179,0.7936760937199456,0.03635531478472119,0.9083123535258028,0.0005742504300742314,0.0021085415093275383,1.3938712504981887,9
2020-07-07,0.16077268282085672,0.6714177992038834,0.757461014858955,0.7936760937199456,0.08176630232018825,0.9083123535258028,0.0011070449639362428,0.0033700058826248804,2.5486172156529485,9
2020-07-08,0.2931768567020241,0.6714177992038834,0.63819369135381,0.7936760937199456,0.06862945194416603,0.9083123535258028,0.0009406479635175573,0.002951530919256712,2.117057921596806,9
2020-07-09,0.19135972053488376,0.6714177992038834,0.72943557936135,0.7936760937199456,0.07920470010376623,0.9083123535258028,0.0010704591086577472,0.003270641561250162,1.962836577100193,9
2020-07-10,0.16153688028381155,0.6714177992038834,0.7447077878582775,0.7936760937199456,0.09375533185791088,0.9083123535258028,0.0011525721419526247,0.0032989685285382373,2.8462734395312115,9
2020-07-11,0.36487626471817036,0.6714177992038834,0.5731707399355391,0.7936760937199456,0.06195299534629041,0.9083123535258028,0.000852076897916232,0.0027224308415817605,3.087768919044567,9
2020-07-12,0.49606794180915914,0.6714177992038834,0.4586075883069771,0.7936760937199456,0.04532446988386386,0.9083123535258028,0.0006727928102352494,0.0023283321532229484,3.3331321641678615,9
2020-07-13,0.5570842821292735,0.6714177992038834,0.40534895957693956,0.7936760937199456,0.03756675829378691,0.9083123535258028,0.0005892114279258273,0.0021451755181440516,3.261124182739611,9
2020-07-14,0.5685696041864696,0.6714177992038834,0.3950428613188556,0.7936760937199456,0.03638753449467503,0.9083123535258028,0.0005745500484144649,0.0021091008186470885,3.5764986121899067,9
2020-07-15,0.5945621665611757,0.6714177992038834,0.37188201562911166,0.7936760937199456,0.0335558178097127,0.9083123535258028,0.0005407344685440958,0.0020283868746362728,3.161207647766467,9
2020-07-16,0.5686882794100115,0.6714177992038834,0.3950292736497527,0.7936760937199456,0.03628244694023581,0.9083123535258028,0.0005740418757465437,0.0021092564768593496,3.126753208959076,9
2020-07-17,0.5584954872322272,0.6714177992038834,0.4040942254182337,0.7936760937199456,0.037410287349539155,0.9083123535258028,0.0005873656610901708,0.0021408088691796125,3.563493716119135,9
2020-07-18,0.5917448445515611,0.6714177992038834,0.3744096325860617,0.7936760937199456,0.03384552286237735,0.9083123535258028,0.0005443342445233583,0.002037233385130315,3.6147658027281673,9
2020-07-19,0.6014434069916816,0.6714177992038834,0.36572383477695936,0.7936760937199456,0.03283275823135903,0.9083123535258028,0.0005318821024924682,0.002006867432538344,3.5132146984945614,9
2020-07-20,0.595591997129323,0.6714177992038834,0.37108802228525567,0.7936760937199456,0.03331998058542154,0.9083123535258028,0.0005389198518677032,0.0020258922301212862,3.3032250781576713,9
2020-07-21,0.5812536169752227,0.6714177992038834,0.38378791069698115,0.7936760937199456,0.034958472327796315,0.9083123535258028,0.0005578688627478193,0.0020699821201087144,1.498381388077278,9
2020-07-22,0.18007540438303365,0.6714177992038834,0.7433141038137407,0.7936760937199456,0.07661049180322548,0.9083123535258028,0.0010703225550201519,0.0033274299261835867,2.393064440931528,9
2020-07-23,0.22268020428795782,0.6714177992038834,0.7044377081284353,0.7936760937199456,0.07288208758360688,0.9083123535258028,0.0010187272581483077,0.0031899369588590408,2.821571006110714,9
2020-07-24,0.3796573108723094,0.6714177992038834,0.5643807183238932,0.7936760937199456,0.055961970803797424,0.9083123535258028,0.0008160579906406934,0.0027014482424819273,3.006428468656877,9
2020-07-25,0.4873756875327274,0.6714177992038834,0.46735479249984313,0.7936760937199456,0.045269519967429526,0.9083123535258028,0.0006802371267315634,0.0023610226030454052,2.1713358809276833,9
2020-07-26,0.32430615130188845,0.6714177992038834,0.6146595196663338,0.7936760937199456,0.06103432903177787,0.9083123535258028,0.0008841358151913764,0.002878776220368097,1.9531190519526835,9
2020-07-27,0.16657361955093644,0.6714177992038834,0.7524366290123683,0.7936760937199456,0.08098975143669535,0.9083123535258028,0.0010989875706526185,0.0033528147258718097,-1.728993922344125,9
2020-07-28,0.03549533621757203,0.6714177992038834,0.2419814436842684,0.7936760937199456,0.7225232200981595,0.9083123535258028,0.003675464406137908,0.0001921785173379741,2.049424811377601,9
2020-07-29,0.08679427422567612,0.7576459354809241,0.4146860403455276,0.8456506197647985,0.49851968542879616,0.8814301449760533,0.002897567255317501,0.000844006291310698,2.1456298794276796,10
2020-07-30,0.12235376912341862,0.7576459354809241,0.565654618274944,0.8456506197647985,0.31199161260163727,0.8814301449760533,0.002096398914925675,0.0019860142751873503,2.7391625445860575,10
2020-07-31,0.3560493301958421,0.7576459354809241,0.5110792029896348,0.8456506197647985,0.13287146681452294,0.8814301449760533,0.0011568713620539386,0.0022441634063772344,2.108272748088251,10
2020-08-01,0.20391687323839092,0.7576459354809241,0.6784391526137936,0.8456506197647985,0.11764397414781516,0.8814301449760533,0.0012216127696020053,0.0029888534332050977,1.6320229496277836,10
2020-08-02,0.09326348282402575,0.7576459354809241,0.7666897710429138,0.8456506197647985,0.14004674613306034,0.8814301449760533,0.001407296719151435,0.003298714360512011,0.3745341380376257,10
2020-08-03,0.06463394467904711,0.7576459354809241,0.5677507685964882,0.8456506197647985,0.3676152867244646,0.8814301449760533,0.0023755497470919905,0.0018434424424978008,2.3267521490336733,10
2020-08-04,0.1441347880101744,0.7576459354809241,0.6444992411179343,0.8456506197647985,0.21136597087189102,0.8814301449760533,0.0016609273549054147,0.002591173043487774,2.786965109285436,10
2020-08-05,0.3685065233606534,0.7576459354809241,0.5322227296149324,0.8456506197647985,0.09927074702441409,0.8814301449760533,0.0010070694220357507,0.0024244531327832436,1.1874223888726094,10
2020-08-06,0.09038805128472426,0.7576459354809241,0.7467304410575508,0.8456506197647985,0.16288150765772477,0.8814301449760533,0.00150464692256445,0.0031527002069652197,2.7096518815698873,10
2020-08-07,0.28030863547533624,0.7576459354809241,0.6270720346321018,0.8456506197647985,0.09261932989256176,0.8814301449760533,0.0010536213801881408,0.0028411128176069663,2.2478861418542233,10
2020-08-08,0.24845940254882146,0.7576459354809241,0.6629943811375771,0.8456506197647985,0.08854621631360132,0.8814301449760533,0.001063402855907189,0.0030031439041835594,2.5601411740719726,10
2020-08-09,0.29862693717811933,0.7576459354809241,0.6285886225435895,0.8456506197647985,0.07278444027829097,0.8814301449760533,0.0009558805102766788,0.002901466207278529,2.9938261377053834,10
2020-08-10,0.4835478739183772,0.7576459354809241,0.4656391479207884,0.8456506197647985,0.05081297816083413,0.8814301449760533,0.0007091732495639113,0.002276546035458065,2.220323077636311,10
2020-08-11,0.3269596098050298,0.7576459354809241,0.6077978820678634,0.8456506197647985,0.0652425081271064,0.8814301449760533,0.0009007933190197425,0.0028346286570784837,1.0458460429035963,10
2020-08-12,0.09300893211333806,0.7576459354809241,0.7649304718961223,0.8456506197647985,0.14206059599053944,0.8814301449760533,0.0014158847724647118,0.0032858410714732807,2.3881600891211145,10
2020-08-13,0.13582541179812246,0.7576459354809241,0.757031956601559,0.8456506197647985,0.1071426316003185,0.8814301449760533,0.001234899213573103,0.003347680693303321,2.3558165669204225,10
2020-08-14,0.1430307920629688,0.7576459354809241,0.7632809391070133,0.8456506197647985,0.09368826883001771,0.8814301449760533,0.00117291452063522,0.0034105550486790486,2.887236706888677,10
2020-08-15,0.3704637037016046,0.7576459354809241,0.5666564442977383,0.8456506197647985,0.06287985200065704,0.8814301449760533,0.0008544514360924563,0.002668181843408567,2.9948714564723136,10
2020-08-16,0.49960315122190985,0.7576459354809241,0.4527117593786511,0.8456506197647985,0.04768508939943912,0.8814301449760533,0.0006826596691372075,0.002230737555452662,3.4337728252059896,10
2020-08-17,0.6245785617524832,0.7576459354809241,0.3403228242423308,0.8456506197647985,0.03509861400518621,0.8814301449760533,0.0005248090791773428,0.0017927320895748313,1.0804939543592418,10
2020-08-18,0.09894060436872883,0.7576459354809241,0.802579251198603,0.8456506197647985,0.09848014443266791,0.8814301449760533,0.0012296096978433937,0.003562645904483819,1.90790376729733,10
2020-08-19,0.09757628147674104,0.7576459354809241,0.7882808540239739,0.8456506197647985,0.11414286449928487,0.8814301449760533,0.001295934247663977,0.0034599377716889915,2.061445513716507,10
2020-08-20,0.10350318045599359,0.7576459354809241,0.7815804824488456,0.8456506197647985,0.11491633709516075,0.8814301449760533,0.0012942099948643577,0.0034296777285546887,2.5546069763246666,10
2020-08-21,0.20488086834652863,0.7576459354809241,0.7087555170813306,0.8456506197647985,0.08636361457214065,0.8814301449760533,0.0010907988183309193,0.0032013726650035644,1.6905263025409973,10
2020-08-22,0.09664934571502064,0.7576459354809241,0.7843718724611022,0.8456506197647985,0.11897878182387714,0.8814301449760533,0.001316829700398288,0.0034303512337581867,2.4683872712364323,10
2020-08-23,0.16387816742509173,0.7576459354809241,0.7431251958663104,0.8456506197647985,0.09299663670859779,0.8814301449760533,0.0011526385497658276,0.003327742666218542,2.913734840005728,10
2020-08-24,0.3932035879235982,0.7576459354809241,0.5456670528955908,0.8456506197647985,0.06112935918081075,0.8814301449760533,0.000828067239608242,0.0025847481523504703,2.9170119670662484,10
2020-08-25,0.49022308185845753,0.7576459354809241,0.4610004808564256,0.8456506197647985,0.048776437285116846,0.8814301449760533,0.0006950995978264987,0.0022625967521078686,1.0027324912241022,10
2020-08-26,0.09530152359383291,0.7576459354809241,0.7800722672889016,0.8456506197647985,0.12462620911726527,0.8814301449760533,0.0013414507652200775,0.0033969147659040177,2.5810098643630046,10
2020-08-27,0.213403299441566,0.7576459354809241,0.6981706735561439,0.8456506197647985,0.08842602700228995,0.8814301449760533,0.0010922464652246646,0.0031512821760868127,2.31867891963256,10
2020-08-28,0.2276296168756387,0.7576459354809241,0.6878355790515164,0.8456506197647985,0.08453480407284475,0.8814301449760533,0.0010641706489479632,0.0031184439594337267,2.238536884572266,10
2020-08-29,0.1500430708389997,0.7576459354809241,0.7619792157268723,0.8456506197647985,0.08797771343412773,0.8814301449760533,0.0011433054441754463,0.003420626474112968,2.8451074565613546,10
2020-08-30,0.36445071883652275,0.7576459354809241,0.5729057775645126,0.8456506197647985,0.06264350359896452,0.8814301449760533,0.0008585235355215827,0.0026950848345105695,2.160859591116558,10
2020-08-31,0.20869212179375368,0.7576459354809241,0.7136866856391592,0.8456506197647985,0.07762119256708719,0.8814301449760533,0.0010512626158733882,0.0032458860002457313,2.99886513492343,10
2020-09-01,0.43939113709449884,0.7576459354809241,0.5068950234296682,0.8456506197647985,0.05371383947583287,0.8814301449760533,0.0007584272912362627,0.0024420089918817975,1.7639800081839323,10
2020-09-02,0.11781471185080135,0.7576459354809241,0.7931635309393813,0.8456506197647985,0.08902175720981721,0.8814301449760533,0.0011745161450666165,0.003548821951464905,1.0046085515151797,10
2020-09-03,0.08897591970428649,0.7576459354809241,0.7369180346169365,0.8456506197647985,0.17410604567877677,0.8814301449760533,0.0015524831679816485,0.003080920774206302,-1.0700479331222796,10
2020-09-04,0.0031445449640509237,0.7576459354809241,0.14042322538305235,0.8456506197647985,0.8564322296528967,0.8814301449760533,0.004441029641100799,-0.0012825084594522548,1.8269170552791165,10
2020-09-05,0.028154612548009435,0.7576459354809241,0.3092982433924598,0.8456506197647985,0.6625471440595309,0.8814301449760533,0.0036235771691916236,-4.523529589504243e-05,1.6545435407821358,10
2020-09-06,0.036916714734519046,0.7576459354809241,0.3750291243128756,0.8456506197647985,0.5880541609526052,0.8814301449760533,0.0033094157954973464,0.0004336993269673051,2.1591030180998674,10
2020-09-07,0.11039458945235331,0.7576459354809241,0.5307858742406566,0.8456506197647985,0.3588195363069899,0.8814301449760533,0.002300350460045807,0.0017120531832421622,2.404755974407937,10
2020-09-08,0.21556155138318808,0.7576459354809241,0.5912586860892606,0.8456506197647985,0.19317976252755126,0.8814301449760533,0.0015253602174175155,0.0024169494147589948,1.7654352864051044,10
2020-09-09,0.09084349837855203,0.7576459354809241,0.7129511770543612,0.8456506197647985,0.19620532456708667,0.8814301449760533,0.0016427386457009265,0.002920068561349817,2.492842812906126,10
2020-09-10,0.19037936547133705,0.7576459354809241,0.6893605243110499,0.8456506197647985,0.12026011021761282,0.8814301449760533,0.0012438219737015495,0.003027625343272127,2.610689486191322,10
2020-09-11,0.29018619637968823,0.7576459354809241,0.6274300510054327,0.8456506197647985,0.08238375261487896,0.8814301449760533,0.0010028280452708646,0.002870473339346271,3.0617638565303147,10
2020-09-12,0.48642648925174364,0.7576459354809241,0.46198411972751663,0.8456506197647985,0.051589391020739866,0.8814301449760533,0.0007099622000614264,0.002259074557552425,3.3288123706581825,10
2020-09-13,0.6061108023429485,0.7576459354809241,0.35659859589586757,0.8456506197647985,0.03729060176118393,0.8814301449760533,0.0005495334520792245,0.0018551575685347818,2.68708960272134,10
2020-09-14,0.5630941423528002,0.7576459354809241,0.39465082369873905,0.8456506197647985,0.04225503394846082,0.8814301449760533,0.0006065080681628092,0.0020015427512334676,1.29085267018211,10
2020-09-15,0.09952797207247892,0.7576459354809241,0.8025472265215003,0.8456506197647985,0.0979248014060207,0.8814301449760533,0.0012268087382453273,0.003564022702984498,2.568596651884343,10
2020-09-16,0.20366665385407504,0.7576459354809241,0.7164227950745785,0.8456506197647985,0.07991055107134631,0.8814301449760533,0.0010649817406916937,0.0032511526716225807,2.3113521777478843,10
2020-09-17,0.16165885949039832,0.7576459354809241,0.7555273352189689,0.8456506197647985,0.08281380529063272,0.8814301449760533,0.001112130528083365,0.00340756918034448,2.878481215816061,10
2020-09-18,0.38071260240316507,0.7576459354809241,0.5594555616852028,0.8456506197647985,0.05983183591163194,0.8814301449760533,0.0008331869352466052,0.0026462188322090973,3.284576963827908,10
2020-09-19,0.5699778001730258,0.7576459354809241,0.38935108564114906,0.8456506197647985,0.040671114185825044,0.8814301449760533,0.0005941245791575393,0.001983583831358029,2.4427667067319083,10
2020-09-20,0.4630344654253161,0.7576459354809241,0.4862198594140408,0.8456506197647985,0.050745675160643,0.8814301449760533,0.0007261952052450968,0.0023632095819245973,2.291043954896941,10
2020-09-21,0.38323340137037754,0.7576459354809241,0.5551344291952633,0.8456506197647985,0.06163216943435905,0.8814301449760533,0.0008385386239207456,0.002623161775534109,0.8412496712258094,10
2020-09-22,0.09142602481371047,0.7576459354809241,0.7539417099187901,0.8456506197647985,0.1546322652674994,0.8814301449760533,0.001469483961663011,0.0032054523605681627,2.6724522227447807,10
2020-09-23,0.2609185039365266,0.7576459354809241,0.6465372204612488,0.8456506197647985,0.09254427560222445,0.8814301449760533,0.0010695716310954082,0.002923110007823095,1.672689903678969,10
2020-09-24,0.09722771974626254,0.7576459354809241,0.7768892067147404,0.8456506197647985,0.12588307353899694,0.8814301449760533,0.001345072392140526,0.003380118951880621,1.4227401925619654,10
2020-09-25,0.09076361666245199,0.7576459354809241,0.7493418525463585,0.8456506197647985,0.15989453079118926,0.8814301449760533,0.0014919156022101063,0.0031718024476978944,2.634349951655116,10
2020-09-26,0.266407805546227,0.7576459354809241,0.6372866035026864,0.8456506197647985,0.0963055909510864,0.8814301449760533,0.0010805911775088025,0.0028740023881084356,3.004718680857228,10
2020-09-27,0.46342498359919804,0.7576459354809241,0.4797947120527876,0.8456506197647985,0.05678030434801432,0.8814301449760533,0.0007508840223931106,0.002319787791565113,3.4140347330002783,10
2020-09-28,0.6133772572395048,0.7576459354809241,0.3495143773241165,0.8456506197647985,0.03710836543637865,0.8814301449760533,0.000542621425722275,0.0018258855587017504,3.512144449118548,10
2020-09-29,0.6652709547402965,0.7576459354809241,0.30332451679625705,0.8456506197647985,0.03140452846344646,0.8814301449760533,0.0004750010866109593,0.001647318242519118,2.931177666160857,10
2020-09-30,0.6128840064730657,0.7576459354809241,0.3510013655204802,0.8456506197647985,0.036114628006453986,0.8814301449760533,0.0005389267005258394,0.0018348383571591582,3.25800231323022,10
2020-10-01,0.6421941924172887,0.7576459354809241,0.32413289526895456,0.8456506197647985,0.03367291231375663,0.8814301449760533,0.0005039701656246446,0.0017285818742983022,2.0183284251717803,10
2020-10-02,0.44059817766360276,0.7576459354809241,0.503280395814682,0.8456506197647985,0.05612142652171524,0.8814301449760533,0.0007673946649358187,0.0024202680356237875,3.288813889854449,10
2020-10-03,0.5916347615317357,0.7576459354809241,0.3692896983054973,0.8456506197647985,0.039075540162767014,0.8814301449760533,0.0005691845968117057,0.0019036280121832534,3.5493243435815724,10
2020-10-04,0.662562343801298,0.7576459354809241,0.3058448064502895,0.8456506197647985,0.031592849748412526,0.8814301449760533,0.0004780796545123496,0.0016573960114572245,2.9550731655746696,10
2020-10-05,0.6149738830421557,0.7576459354809241,0.34913152172064627,0.8456506197647985,0.03589459523719796,0.8814301449760533,0.0005362448734666105,0.00182758007185334,2.975729834793658,10
2020-10-06,0.5977914835242035,0.7576459354809241,0.36473572020162937,0.8456506197647985,0.0374727962741671,0.8814301449760533,0.0005573354078552908,0.0018888540139014199,1.9092162852444907,10
2020-10-07,0.3685015113398677,0.7576459354809241,0.5674930400070792,0.8456506197647985,0.06400544865305278,0.8814301449760533,0.0008607721426990525,0.002668633915675905,3.076244131894847,10
2020-10-08,0.5184339306046376,0.7576459354809241,0.43553307553303183,0.8456506197647985,0.046032993862330326,0.8814301449760533,0.0006599124949174643,0.002163048712134269,1.7473074822286012,10
2020-10-09,0.16602042468547434,0.7576459354809241,0.7515896521266727,0.8456506197647985,0.0823899231878526,0.8814301449760533,0.0011067280573169023,0.003392176587209645,2.401586718304177,10
2020-10-10,0.17404078496777808,0.7576459354809241,0.7454987684122539,0.8456506197647985,0.08046044661996786,0.8814301449760533,0.0010920083549987,0.0033718336975425214,2.237763516265977,10
2020-10-11,0.12165950461462145,0.7576459354809241,0.79137376612418,0.8456506197647985,0.08696672926119844,0.8814301449760533,0.0011627591592330636,0.003546894100010259,2.743439193891012,10
2020-10-12,0.2929499209114483,0.7576459354809241,0.6393714896685004,0.8456506197647985,0.06767858942005123,0.8814301449760533,0.0009394300300428,0.0029606715140514375,2.402904763010081,10
2020-10-13,0.25838936324924516,0.7576459354809241,0.6706506233176692,0.8456506197647985,0.07096001343308568,0.8814301449760533,0.0009820093151009066,0.0030831763871817857,2.6229813564004063,10
2020-10-14,0.3600197565967176,0.7576459354809241,0.5771155229998456,0.8456506197647985,0.06286472040343682,0.8814301449760533,0.000863164528388984,0.0027121721904668195,3.2524586168844394,10
2020-10-15,0.5576538069384046,0.7576459354809241,0.40027272534479547,0.8456506197647985,0.04207346771679987,0.8814301449760533,0.0006103585314655267,0.0020256601778789306,3.204290293184802,10
2020-10-16,0.6100361310728555,0.7576459354809241,0.3535258526644965,0.8456506197647985,0.03643801626264802,0.8814301449760533,0.0005426785260618134,0.0018445661791118518,2.205753385315443,10
2020-10-17,0.46402328291258255,0.7576459354809241,0.48288547820560795,0.8456506197647985,0.05309123888180943,0.8814301449760533,0.0007350860263601519,0.0023428150207554094,3.406424473962499,10
2020-10-18,0.6116811616529357,0.7576459354809241,0.3516451036990716,0.8456506197647985,0.036673734647992784,0.8814301449760533,0.0005422600764915858,0.0018360217429940018,2.8323758305369418,10
2020-10-19,0.5730038348508733,0.7576459354809241,0.387009417669732,0.8456506197647985,0.039986747479394645,0.8814301449760533,0.0005887299866571187,0.0019756066208078825,1.638916110861262,10
2020-10-20,0.1749469558590004,0.7576459354809241,0.7441986219465199,0.8456506197647985,0.08085442219447952,0.8814301449760533,0.0010928910091802914,0.0033652982625770496,2.402680083615182,10
2020-10-21,0.18000547904952566,0.7576459354809241,0.7404350731213194,0.8456506197647985,0.07955944782915489,0.8814301449760533,0.00108328194738992,0.0033530080619802094,-0.08171637986594926,10
2020-10-22,0.07621447130158882,0.7576459354809241,0.6482309491426964,0.8456506197647985,0.2755545795557147,0.8814301449760533,0.00198436335148105,0.0024321643654416606,2.426648013403382,10
2020-10-23,0.17171509233728738,0.7576459354809241,0.6702238288642506,0.8456506197647985,0.15806107879846187,0.8814301449760533,0.0014164915496275422,0.0028443373631408374,2.8519193502898967,10
2020-10-24,0.39479122798295885,0.7576459354809241,0.5251722450661069,0.8456506197647985,0.08003652695093416,0.8814301449760533,0.0009051610492419216,0.002447172864867155,2.6004444539149736,10
2020-10-25,0.4052522655744429,0.7576459354809241,0.530534975409551,0.8456506197647985,0.06421275901600612,0.8814301449760533,0.0008307204676885737,0.0025127715170047025,3.115115992562275,10
2020-10-26,0.5526093314173803,0.7576459354809241,0.4031752996625924,0.8456506197647985,0.04421536892002727,0.8814301449760533,0.0006234958971841327,0.0020320276417442017,3.4869239832555126,10
2020-10-27,0.6449979674528183,0.7576459354809241,0.3216222837399527,0.8456506197647985,0.03337974880722886,0.8814301449760533,0.0005003785443145264,0.0017188301011522198,0.6547833390612432,10
2020-10-28,0.23631075646181976,0.6514683893579354,0.7013874002453073,0.731333888371797,0.06230184329287293,0.9365859805341177,0.00124689303503481,0.002874509749817784,1.731443979410173,11
2020-10-29,0.23940482845189154,0.6514683893579354,0.6857692874119594,0.731333888371797,0.07482588413614914,0.9365859805341177,0.0012887541967856473,0.0028199576171619575,2.518727667886087,11
2020-10-30,0.3923884141384985,0.6514683893579354,0.5567384767407867,0.731333888371797,0.050873109120714854,0.9365859805341177,0.0010177950811180072,0.00267305206450927,2.8948099602420827,11
2020-10-31,0.5052884560574977,0.6514683893579354,0.4613250461865957,0.731333888371797,0.033386497755906644,0.9365859805341177,0.0008184947659072652,0.0025638831706031023,2.6238512409368706,11
2020-11-01,0.5003256427862618,0.6514683893579354,0.46841274827463647,0.731333888371797,0.0312616089391019,0.9365859805341177,0.0008167320057658262,0.0025801554531133274,3.0315916231041617,11
2020-11-02,0.5476572701384378,0.6514683893579354,0.42609124921020564,0.731333888371797,0.026251480651356646,0.9365859805341177,0.0007416130710683578,0.00252518539160065,2.700085448635965,11
2020-11-03,0.5259958804669423,0.6514683893579354,0.446243239099221,0.731333888371797,0.027760880433836538,0.9365859805341177,0.0007731426487078748,0.0025534492131597543,1.5117288727122307,11
2020-11-04,0.2883716883208642,0.6514683893579354,0.6610878958766675,0.731333888371797,0.050540415802468514,0.9365859805341177,0.0011415569968515947,0.002838832299515328,2.78163513608203,11
2020-11-05,0.4592816103355007,0.6514683893579354,0.5051630618617684,0.731333888371797,0.03555532780273096,0.9365859805341177,0.0008816821581648558,0.0026280248792782336,-1.440568062982727,11
2020-11-06,0.17017956888854788,0.6514683893579354,0.5242576103650914,0.731333888371797,0.3055628207463607,0.9365859805341177,0.0022109146986367496,0.002014496079134437,2.6528704916624974,11
2020-11-07,0.4070747623471974,0.6514683893579354,0.4613439278414919,0.731333888371797,0.13158130981131066,0.9365859805341177,0.0012936313582333453,0.0023298088227898077,0.846096286694481,11
2020-11-08,0.18458803184600417,0.6514683893579354,0.5632498197137116,0.731333888371797,0.2521621484402843,0.9365859805341177,0.0019995500369647547,0.002203458164645554,1.558188140896018,11
2020-11-09,0.18482258397242196,0.6514683893579354,0.5629477678028435,0.731333888371797,0.25222964822473465,0.9365859805341177,0.001999513122360318,0.0022028196649597686,2.307937266169702,11
2020-11-10,0.33054651537392615,0.6514683893579354,0.5201519487417136,0.731333888371797,0.14930153588436057,0.9365859805341177,0.0014500929031183245,0.002380543876957232,2.96454761223897,11
2020-11-11,0.5035230271606302,0.6514683893579354,0.43761330751159855,0.731333888371797,0.05886366532777121,0.9365859805341177,0.0009132669496326474,0.0024656529114812256,1.6625409813531253,11
2020-11-12,0.3102530573331855,0.6514683893579354,0.614787708059443,0.731333888371797,0.07495923460737147,0.9365859805341177,0.0012041194925059555,0.002707410587100367,1.6270339856438905,11
2020-11-13,0.233178106080179,0.6514683893579354,0.6774433483981069,0.731333888371797,0.08937854552171398,0.9365859805341177,0.0013491889591389888,0.0027720987627054767,2.844211790236267,11
2020-11-14,0.45601449861929166,0.6514683893579354,0.4975372927595387,0.731333888371797,0.046448208621169634,0.9365859805341177,0.0009252299600191865,0.002589998271272417,2.3317229846615883,11
2020-11-15,0.44303269953913765,0.6514683893579354,0.5143417711613948,0.731333888371797,0.042625529299467606,0.9365859805341177,0.0009269289147946184,0.0026256814344509673,2.8533180428654203,11
2020-11-16,0.5154526220857207,0.6514683893579354,0.4530392482618758,0.731333888371797,0.03150812965240356,0.9365859805341177,0.0007994450665726985,0.002555260657712164,0.9670024340399801,11
2020-11-17,0.23339832192009652,0.6514683893579354,0.6946891572270503,0.731333888371797,0.07191252085285335,0.9365859805341177,0.001285367415673462,0.0028410065291147543,1.1385895635627015,11
2020-11-18,0.22291429768065568,0.6514683893579354,0.667056929018087,0.731333888371797,0.11002877330125727,0.9365859805341177,0.0014366540568526748,0.002706444998013832,2.7570610175744115,11
2020-11-19,0.4372031023063535,0.6514683893579354,0.5070610315007916,0.731333888371797,0.05573586619285476,0.9365859805341177,0.0009816218516303975,0.0025829137624210612,3.138471789051673,11
2020-11-20,0.5444856847228517,0.6514683893579354,0.4245077342774892,0.731333888371797,0.031006580999659104,0.9365859805341177,0.000762718433260725,0.0025113451576079626,0.9011012187527533,11
2020-11-21,0.23274098117475533,0.6514683893579354,0.6928532417893875,0.731333888371797,0.07440577703585724,0.9365859805341177,0.0012952303062777008,0.0028321596396561712,2.848523509098094,11
2020-11-22,0.45609658279710263,0.6514683893579354,0.5020575488299958,0.731333888371797,0.04184586837290159,0.9365859805341177,0.0009083914469404889,0.0026081176001751813,2.5035516386373726,11
2020-11-23,0.4715291522261045,0.6514683893579354,0.4916255843078887,0.731333888371797,0.03684526346600686,0.9365859805341177,0.0008716537280677272,0.0026035454387259146,2.9562907192590906,11
2020-11-24,0.5338603451057126,0.6514683893579354,0.4376233603311642,0.731333888371797,0.028516294563123316,0.9365859805341177,0.0007664358536918478,0.0025380193391614284,1.0752835100729143,11
2020-11-25,0.23662049412317165,0.6514683893579354,0.699067075783411,0.731333888371797,0.06431243009341739,0.9365859805341177,0.0012538383347619564,0.0028660476823160527,1.9659423623064234,11
2020-11-26,0.2730897617326084,0.6514683893579354,0.6605592538615206,0.731333888371797,0.06635098440587094,0.9365859805341177,0.0012174492178683854,0.0028003028160392776,-0.9232420160257406,11
2020-11-27,0.14510996406214516,0.6514683893579354,0.4563695154817062,0.731333888371797,0.3985205204561487,0.9365859805341177,0.0025786647482074093,0.0016855395699926772,2.5506315882290993,11
2020-11-28,0.37817151037127544,0.6514683893579354,0.44032316191663984,0.731333888371797,0.18150532771208475,0.9365859805341177,0.0015098527737821513,0.002177550040323601,1.4104604403088616,11
2020-11-29,0.1963893022070077,0.6514683893579354,0.5819797383434068,0.731333888371797,0.22163095944958558,0.9365859805341177,0.0018743864134716046,0.00230586084545092,1.9711859205875604,11
2020-11-30,0.23968782658910026,0.6514683893579354,0.5883571970296925,0.731333888371797,0.17195497638120724,0.9365859805341177,0.0016417182802939405,0.0024343757319395336,0.26410328254743143,11
2020-12-01,0.14737221952534107,0.6514683893579354,0.46249566762731775,0.731333888371797,0.39013211284734145,0.9365859805341177,0.002545488244198067,0.0017152242684377393,1.38472259221315,11
2020-12-02,0.13357944584654116,0.6514683893579354,0.4250696927358243,0.731333888371797,0.4413508614176346,0.9365859805341177,0.0027480085746668373,0.0015339404380784098,2.017023370629155,11
2020-12-03,0.21810840173586685,0.6514683893579354,0.4689813757416663,0.731333888371797,0.312910222522467,0.9365859805341177,0.0021798967784629813,0.001909581930783521,2.429489296000799,11
2020-12-04,0.3731763522950369,0.6514683893579354,0.46624991764142887,0.731333888371797,0.16057373006353431,0.9365859805341177,0.0014397917182080314,0.0022684454688073077,1.224415708647273,11
2020-12-05,0.1901446001127434,0.6514683893579354,0.5762553715707608,0.731333888371797,0.23360002831649582,0.9365859805341177,0.001925403314532734,0.002268274830873588,2.135342896065251,11
2020-12-06,0.279737545283425,0.6514683893579354,0.5616838046324464,0.731333888371797,0.15857865008412875,0.9365859805341177,0.001544923587287582,0.002424092600084508,2.5829223623486084,11
2020-12-07,0.4239616053965586,0.6514683893579354,0.4951305282657601,0.731333888371797,0.0809078663376814,0.9365859805341177,0.0010890856405687244,0.0025040383806633876,2.7020302058524166,11
2020-12-08,0.4916796043353725,0.6514683893579354,0.4613063031254963,0.731333888371797,0.04701409253913141,0.9365859805341177,0.0008844156628801546,0.002531364271662293,0.8326209376572733,11
2020-12-09,0.22325983329836754,0.6514683893579354,0.6677189286560029,0.731333888371797,0.10902123804562966,0.9365859805341177,0.0014325733288031743,0.0027098937306888112,2.546169217618192,11
2020-12-10,0.39371581795536953,0.6514683893579354,0.5425192702648879,0.731333888371797,0.06376491177974264,0.9365859805341177,0.0010630953158494456,0.0026198349721246765,2.231040600107684,11
2020-12-11,0.398643651483734,0.6514683893579354,0.5464345292338141,0.731333888371797,0.054921819282452045,0.9365859805341177,0.0010250058591585757,0.0026471080278560777,2.414909323543459,11
2020-12-12,0.43633777421073705,0.6514683893579354,0.5188570235039862,0.731333888371797,0.044805202285276784,0.9365859805341177,0.000942903855343846,0.002627623995771068,1.2780917613132228,11
2020-12-13,0.23311601729562517,0.6514683893579354,0.6903042599217429,0.731333888371797,0.07657972278263181,0.9365859805341177,0.0013026909168608195,0.0028229465808356567,2.3043833874935173,11
2020-12-14,0.34000329002463875,0.6514683893579354,0.6008496860126777,0.731333888371797,0.05914702396268359,0.9365859805341177,0.001110844316496117,0.002723070714888664,2.938916822486764,11
2020-12-15,0.4983036038182774,0.6514683893579354,0.4665300676995109,0.731333888371797,0.035166328482211816,0.9365859805341177,0.0008333642336722493,0.0025678695828727687,3.0993814358715572,11
2020-12-16,0.5521597350035213,0.6514683893579354,0.4212784894036359,0.731333888371797,0.026561775592843,0.9365859805341177,0.0007373286013551239,0.002516836160097437,-1.400596435570594,11
2020-12-17,0.1867898120180975,0.6514683893579354,0.5692378870556662,0.731333888371797,0.24397230092623648,0.9365859805341177,0.0019671371789064932,0.0022324511539642536,0.8885858277949874,11
2020-12-18,0.15473353337450643,0.6514683893579354,0.48242996570981295,0.731333888371797,0.3628365009156807,0.9365859805341177,0.0024375207485890617,0.001811817324193552,2.415876607292171,11
2020-12-19,0.3450510059564482,0.6514683893579354,0.46866840598277326,0.731333888371797,0.18628058806077857,0.9365859805341177,0.0015670581900914088,0.0022109821618589987,1.5252238517741015,11
2020-12-20,0.20314018499372952,0.6514683893579354,0.5888529707827095,0.731333888371797,0.20800684422356108,0.9365859805341177,0.0018167413768220694,0.0023492090952253117,2.2331191339225853,11
2020-12-21,0.3188797301447883,0.6514683893579354,0.5465656471011213,0.731333888371797,0.1345546227540904,0.9365859805341177,0.0014105054458512538,0.0024574644341228847,1.6897782406050175,11
2020-12-22,0.23795719120765066,0.6514683893579354,0.6191983300088494,0.731333888371797,0.14284447878350004,0.9365859805341177,0.0015379413042825262,0.0025525404364131485,1.6901074103523768,11
2020-12-23,0.21733603124197223,0.6514683893579354,0.640249023336672,0.731333888371797,0.14241494542135572,0.9365859805341177,0.0015611668244836054,0.0025868477697477614,2.025517116483666,11
2020-12-24,0.2737596829866094,0.6514683893579354,0.6106118452267729,0.731333888371797,0.11562847178661767,0.9365859805341177,0.0013959188991219155,0.0026038494429223846,2.346822771271207,11
2020-12-25,0.36820735597146603,0.6514683893579354,0.5556747873037484,0.731333888371797,0.07611785672478562,0.9365859805341177,0.001138686489832637,0.0026111847873028877,1.4080132719789147,11
2020-12-26,0.2257911010226093,0.6514683893579354,0.6701040711234714,0.731333888371797,0.10410482785391936,0.9365859805341177,0.001411644968906438,0.002725385994952833,0.5061839785998893,11
2020-12-27,0.19408158143416004,0.6514683893579354,0.5889838831008397,0.731333888371797,0.2169345354650003,0.9365859805341177,0.0018600907098046794,0.0023281317586180857,2.6973906612235177,11
2020-12-28,0.4217539001719499,0.6514683893579354,0.48261384874231816,0.731333888371797,0.095632251085732,0.9365859805341177,0.0011452820035324249,0.0024491441362224347,1.9625363133125961,11
2020-12-29,0.34133240919347346,0.6514683893579354,0.5718908457689267,0.731333888371797,0.08677674503759988,0.9365859805341177,0.0012097581312321816,0.0026114123954858147,2.923974764357472,11
2020-12-30,0.497569073714864,0.6514683893579354,0.45937755256643914,0.731333888371797,0.04305337371869699,0.9365859805341177,0.0008629314614967773,0.0025377573874951808,0.6032927440421538,11
2020-12-31,0.22319578698894424,0.6514683893579354,0.6678205966683124,0.731333888371797,0.10898361634274337,0.9365859805341177,0.0014325134149247756,0.0027101441712956277,2.7756604433944565,11
2021-01-01,0.44082833662740983,0.6514683893579354,0.5044396049317742,0.731333888371797,0.05473205844081607,0.9365859805341177,0.0009736133053353131,0.0025811621769253894,2.773911090747732,11
2021-01-02,0.502285090978578,0.6514683893579354,0.4613162936957454,0.731333888371797,0.03639861532567678,0.9365859805341177,0.0008330599523436826,0.0025566882054018965,-0.7578194102108707,11
2021-01-03,0.19575404855414988,0.6514683893579354,0.5935128983583746,0.731333888371797,0.2107330530874755,0.9365859805341177,0.0018355355526638326,0.0023500774180571808,1.6375279344457778,11
2021-01-04,0.19828012707837622,0.6514683893579354,0.5971176827492787,0.731333888371797,0.20460219017234518,0.9365859805341177,0.001810209542741288,0.002370393411904733,1.2779124191738227,11
2021-01-05,0.1815492409168363,0.6514683893579354,0.5549895916664662,0.731333888371797,0.2634611674166975,0.9365859805341177,0.002044266627985726,0.0021634601468739413,0.803238026606434,11
2021-01-06,0.14273981918797993,0.6514683893579354,0.44995119651359006,0.731333888371797,0.4073089842984302,0.9365859805341177,0.0026134215996628774,0.0016544391603060006,0.7074203666938546,11
2021-01-07,0.08748942890457433,0.6514683893579354,0.3003340140953777,0.731333888371797,0.612176557000048,0.9365859805341177,0.0034230892337307915,0.0009294586411511168,1.0454018535456981,11
2021-01-08,0.05877814597314658,0.6514683893579354,0.2225843113002167,0.731333888371797,0.7186375427266368,0.9365859805341177,0.003843424086251255,0.0005527170224084431,1.6104186209828906,11
2021-01-09,0.07508550733961397,0.6514683893579354,0.2659276427579258,0.731333888371797,0.6589868499024603,0.9365859805341177,0.0036076770260870792,0.0007634592189263462,2.0710676120746556,11
2021-01-10,0.2070125339726701,0.6514683893579354,0.3442519971173056,0.731333888371797,0.4487354689100244,0.9365859805341177,0.0026862736873935595,0.0013885539351254656,1.138699155209384,11
2021-01-11,0.09264625875675557,0.6514683893579354,0.31429594431368346,0.731333888371797,0.5930577969295612,0.9365859805341177,0.0033475726012133183,0.0009971145127275348,0.6301121690830754,11
2021-01-12,0.02553903992882514,0.6514683893579354,0.13257333683959924,0.731333888371797,0.8418876232315756,0.9365859805341177,0.004329691976555129,0.00011656255299853624,1.5034503302909477,11
2021-01-13,0.032417092122472,0.6514683893579354,0.15119255694073677,0.731333888371797,0.8163903509367912,0.9365859805341177,0.004229124767313485,0.00020678895243370212,0.5160236413023078,11
2021-01-14,0.006398849191702956,0.6514683893579354,0.08074200188854617,0.731333888371797,0.9128591489197508,0.9365859805341177,0.004609528700646673,-0.0001345898035220557,1.5307122436656964,11
2021-01-15,0.023948677326277534,0.6514683893579354,0.12826025645612377,0.731333888371797,0.8477910662175987,0.9365859805341177,0.00435297164036853,9.566885809699665e-05,1.273245194492687,11
2021-01-16,0.019194476962718997,0.6514683893579354,0.1153923593164223,0.731333888371797,0.8654131637208589,0.9365859805341177,0.00442246583391877,3.3310926314911865e-05,1.8147397279538418,11
2021-01-17,0.066195511498123,0.6514683893579354,0.19435706544668885,0.731333888371797,0.7394474230551883,0.9365859805341177,0.003909804805399695,0.0004584744682679902,2.1561212916539745,11
2021-01-18,0.23581232509961209,0.6514683893579354,0.29898638659018834,0.731333888371797,0.46520128831019963,0.9365859805341177,0.002711267140351105,0.0012777285747232027,2.3085206461947374,11
2021-01-19,0.3571573050384147,0.6514683893579354,0.3879766098841856,0.731333888371797,0.25486608507739994,0.9365859805341177,0.0018016586593935905,0.0019198869557151416,2.560910194294925,11
2021-01-20,0.4535236255072554,0.6514683893579354,0.4257951933789331,0.731333888371797,0.12068118111381157,0.9365859805341177,0.0011981379949963583,0.0022995894194738687,1.7861604048511817,11
2021-01-21,0.32351321738914113,0.6514683893579354,0.5547961387045972,0.731333888371797,0.12169064390626168,0.9365859805341177,0.0013581571617046332,0.0025011464237072907,-2.1763356315601,11
2021-01-22,0.008288958670326833,0.6514683893579354,0.08586038857686223,0.731333888371797,0.9058506527528111,0.9365859805341177,0.004581900209272135,-0.00010978830304810201,1.3229908945688689,11
2021-01-23,0.017247020265708297,0.6514683893579354,0.11011867436661013,0.731333888371797,0.8726343053676816,0.9365859805341177,0.004450939897442186,7.756919810568896e-06,1.6810491135864527,11
2021-01-24,0.03776597600031206,0.6514683893579354,0.16405022794236443,0.731333888371797,0.7981837960573235,0.9365859805341177,0.004156774751587936,0.0002705241082794052,2.0441781305044833,11
2021-01-25,0.17555610510955094,0.6514683893579354,0.2683433237204824,0.731333888371797,0.5561005711699666,0.9365859805341177,0.0031135449112015185,0.0010125676861605197,2.5186519868545165,11
2021-01-26,0.3900166452581803,0.6514683893579354,0.35871138957701876,0.731333888371797,0.2512719651648009,0.9365859805341177,0.0017490376839809228,0.0018821843257133283,2.9485720827782167,11
2021-01-27,0.46844629207208993,0.5864649294978509,0.42262742699031186,0.681484618800492,0.10892628093759807,0.9493970263751853,0.0011621575607022648,0.002547086555073089,-0.05620048733851668,12
2021-01-28,0.18749067723189095,0.5864649294978509,0.4440523404755915,0.681484618800492,0.3684569822925176,0.9493970263751853,0.002372161669525917,0.002375430899140444,-0.030430923087584105,12
2021-01-29,0.060617060274792335,0.5864649294978509,0.17780793285422875,0.681484618800492,0.7615750068709789,0.9493970263751853,0.003809813189497591,0.0016400449337017906,1.8853104395683822,12
2021-01-30,0.1294502612450539,0.5864649294978509,0.2453946384929849,0.681484618800492,0.6251551002619611,0.9493970263751853,0.0032782332857073803,0.001855760980542776,2.393286624342896,12
2021-01-31,0.32358073062111625,0.5864649294978509,0.34873684766126456,0.681484618800492,0.3276824217176191,0.9493970263751853,0.002060581686780339,0.0022560626246871975,1.3477559994191088,12
2021-02-01,0.1724197182358999,0.5864649294978509,0.40790481048939464,0.681484618800492,0.41967547127470556,0.9493970263751853,0.002557603422753915,0.002277296876572082,2.362980911230425,12
2021-02-02,0.3400768699585355,0.5864649294978509,0.4302172249090191,0.681484618800492,0.22970590513244546,0.9493970263751853,0.0017221284831035488,0.002463412828860153,0.9219814202994985,12
2021-02-03,0.18795668863243517,0.5864649294978509,0.4450286852852053,0.681484618800492,0.36701462608235963,0.9493970263751853,0.002366884238188317,0.00237812822997432,1.252873942623064,12
2021-02-04,0.1643908828964833,0.5864649294978509,0.39557159148468846,0.681484618800492,0.44003752561882814,0.9493970263751853,0.0026340132214210466,0.0022415258210987605,2.187146188585869,12
2021-02-05,0.29724343654001034,0.5864649294978509,0.42126919772492466,0.681484618800492,0.28148736573506483,0.9493970263751853,0.0019460811904865652,0.0024081203020234147,1.8693049869211777,12
2021-02-06,0.2775636433371345,0.5864649294978509,0.4816541051824826,0.681484618800492,0.24078225148038285,0.9493970263751853,0.001840491801290366,0.002536493042553272,1.6248328746431142,12
2021-02-07,0.2320931241098602,0.5864649294978509,0.5192854457288266,0.681484618800492,0.24862143016131316,0.9493970263751853,0.001925876427215294,0.0025901682316999738,2.4794203753968618,12
2021-02-08,0.3911465692694321,0.5864649294978509,0.4791801440197505,0.681484618800492,0.1296732867108175,0.9493970263751853,0.001331298164391278,0.0026206417876653747,-3.24094385221084,12
2021-02-09,0.0031166180015498183,0.5864649294978509,0.05714319920169159,0.681484618800492,0.9397401827967586,0.9493970263751853,0.004461015633971888,0.001306760368444797,1.8156197893434824,12
2021-02-10,0.03815557525020564,0.5864649294978509,0.11715052885436285,0.681484618800492,0.8446938958954315,0.9493970263751853,0.004107867002192375,0.001477613315496308,1.6455087619305195,12
2021-02-11,0.046739094686109504,0.5864649294978509,0.1475319631923061,0.681484618800492,0.8057289421215843,0.9493970263751853,0.0039707261268931955,0.0015568561623494548,1.3146930936278163,12
2021-02-12,0.04027935194766648,0.5864649294978509,0.13512918119192807,0.681484618800492,0.8245914668604055,0.9493970263751853,0.004040166807510071,0.0015221632094082756,1.9666756551986695,12
2021-02-13,0.1397487379432889,0.5864649294978509,0.21966983394239278,0.681484618800492,0.6405814281143183,0.9493970263751853,0.0033144296958686984,0.001802590305481361,2.2774733256040696,12
2021-02-14,0.29727348518572194,0.5864649294978509,0.3299953819872325,0.681484618800492,0.3727311328270456,0.9493970263751853,0.0022409154006904426,0.0021905215647428627,1.5215115061512194,12
2021-02-15,0.1795582466331626,0.5864649294978509,0.4071980131528791,0.681484618800492,0.4132437402139583,0.9493970263751853,0.0025273861108441016,0.0022812710234508637,2.083059583682283,12
2021-02-16,0.27889512368784675,0.5864649294978509,0.4308653466139455,0.681484618800492,0.2902395296982079,0.9493970263751853,0.0019986069441208024,0.0024164538792670956,2.0325751354558395,12
2021-02-17,0.30886748441020306,0.5864649294978509,0.47523387625077257,0.681484618800492,0.21589863933902445,0.9493970263751853,0.00171870951946547,0.0025460027642145826,0.8952186357171518,12
2021-02-18,0.1949331059745996,0.5864649294978509,0.45966985080643674,0.681484618800492,0.3453970432189636,0.9493970263751853,0.002287796595413356,0.002418567735797544,2.29229267393839,12
2021-02-19,0.3387090440219172,0.5864649294978509,0.45680844969623957,0.681484618800492,0.20448250628184328,0.9493970263751853,0.001642396566444392,0.002525729421944027,0.29489272688017565,12
2021-02-20,0.15782281423859967,0.5864649294978509,0.3817943014179928,0.681484618800492,0.4603828843434075,0.9493970263751853,0.0027084360010160013,0.002203469772992551,2.544292642623663,12
2021-02-21,0.37231728396836367,0.5864649294978509,0.4134693615337618,0.681484618800492,0.2142133544978746,0.9493970263751853,0.0016294670847737918,0.002449041058006372,1.6349089883566608,12
2021-02-22,0.2604549889356417,0.5864649294978509,0.5124189476652021,0.681484618800492,0.22712606339915625,0.9493970263751853,0.0018189321528391507,0.0025962815533893146,0.6703717942063212,12
2021-02-23,0.17067475491473594,0.5864649294978509,0.40876410207301805,0.681484618800492,0.42056114301224595,0.9493970263751853,0.0025627712638396478,0.002277962281588757,-0.22738752299069542,12
2021-02-24,0.025702659388355788,0.5864649294978509,0.10454002886872779,0.681484618800492,0.8697573117429164,0.9493970263751853,0.004205251305632534,0.0014376737786183566,1.805091845601951,12
2021-02-25,0.06860110972040183,0.5864649294978509,0.16550714286564616,0.681484618800492,0.765891747413952,0.9493970263751853,0.0038131837041930363,0.0016170460473842634,1.517493893243431,12
2021-02-26,0.05723542704193936,0.5864649294978509,0.17062033587257208,0.681484618800492,0.7721442370854886,0.9493970263751853,0.0038484114732177843,0.001620226748356418,1.685106692295418,12
2021-02-27,0.07331612353745358,0.5864649294978509,0.19958150108410716,0.681484618800492,0.7271023753784392,0.9493970263751853,0.0036817064007522464,0.0017020269567465576,2.064442028145925,12
2021-02-28,0.2009202882218474,0.5864649294978509,0.28428347993590697,0.681484618800492,0.5147962318422457,0.9493970263751853,0.002827263586288408,0.0020051436609841984,2.2577078944538282,12
2021-03-01,0.3207534207483081,0.5864649294978509,0.3728407979958305,0.681484618800492,0.3064057812558613,0.9493970263751853,0.001995559010484645,0.0023112917891268555,0.051728739232799636,12
2021-03-02,0.08170009402265557,0.5864649294978509,0.22205069953912185,0.681484618800492,0.6962492064382226,0.9493970263751853,0.003570988528106651,0.001762246597883157,1.701107953543984,12
2021-03-03,0.09901984164334032,0.5864649294978509,0.24847748777892306,0.681484618800492,0.6525026705777366,0.9493970263751853,0.0034068045878316534,0.00183898644256758,1.4615095314031052,12
2021-03-04,0.09099015570874527,0.5864649294978509,0.2415076825616162,0.681484618800492,0.6675021617296385,0.9493970263751853,0.0034658663972764784,0.0018160026062651303,1.4442507065017813,12
2021-03-05,0.07994409853111138,0.5864649294978509,0.21833628562049923,0.681484618800492,0.7017196158483894,0.9493970263751853,0.0035909763721755916,0.0017519982508222695,2.213475056866767,12
2021-03-06,0.2526308687181377,0.5864649294978509,0.313560640680983,0.681484618800492,0.4338084906008793,0.9493970263751853,0.0024972633509433404,0.0021159442950245888,2.737695865174845,12
2021-03-07,0.42904431004350857,0.5864649294978509,0.4009526543756061,0.681484618800492,0.17000303558088534,0.9493970263751853,0.0014116352550339706,0.002464170291232351,1.20580307838219,12
2021-03-08,0.22678111426430558,0.5864649294978509,0.5242073918828143,0.681484618800492,0.2490114938528801,0.9493970263751853,0.0019341511842360345,0.0025976922352791056,2.1504627177622324,12
2021-03-09,0.32194035003134513,0.5864649294978509,0.508138664748399,0.681484618800492,0.169920985220256,0.9493970263751853,0.0015527982805524402,0.002634821107337633,1.2006599385670143,12
2021-03-10,0.23082140661774797,0.5864649294978509,0.5348952850396016,0.681484618800492,0.23428330834265051,0.9493970263751853,0.0018811976057958896,0.002626378293591014,1.929985026012342,12
2021-03-11,0.2767910627498507,0.5864649294978509,0.5311168793054019,0.681484618800492,0.19209205794474757,0.9493970263751853,0.0016840903147863492,0.002653813774304294,1.7286277619121138,12
2021-03-12,0.2586730373706959,0.5864649294978509,0.554087696502198,0.681484618800492,0.18723926612710606,0.9493970263751853,0.0016923160504798997,0.002694218908362816,2.5155902164650232,12
2021-03-13,0.4071645190327429,0.5864649294978509,0.49394411560655355,0.681484618800492,0.09889136536070357,0.9493970263751853,0.0012106225842966217,0.0026685421311041756,0.5040913397218165,12
2021-03-14,0.23442381569591916,0.5864649294978509,0.5425415468900393,0.681484618800492,0.22303463741404148,0.9493970263751853,0.0018400710957884644,0.0026474650943498685,1.8302651925816165,12
2021-03-15,0.2654199015055262,0.5864649294978509,0.5337246873707044,0.681484618800492,0.2008554111237693,0.9493970263751853,0.001727437364689842,0.0026510165865099794,0.5902278032580662,12
2021-03-16,0.17882050350458759,0.5864649294978509,0.42585796872427983,0.681484618800492,0.3953215277711326,0.9493970263751853,0.0024704410332770086,0.0023251767534423757,2.5622964791177756,12
2021-03-17,0.3835310345562314,0.5864649294978509,0.43363746076073434,0.681484618800492,0.18283150468303427,0.9493970263751853,0.0015132131350507692,0.002506017648933023,1.3837773303427943,12
2021-03-18,0.23360908212021123,0.5864649294978509,0.5326831403711901,0.681484618800492,0.23370777750859859,0.9493970263751853,0.0018756563683501061,0.0026233139560879184,2.0934274878934094,12
2021-03-19,0.31842710975839383,0.5864649294978509,0.5121789606859413,0.681484618800492,0.16939392955566485,0.9493970263751853,0.0015557322942575259,0.002641669053642526,2.830757622824832,12
2021-03-20,0.46173124191735904,0.5864649294978509,0.46688510546923523,0.681484618800492,0.0713836526134056,0.9493970263751853,0.00104964318311413,0.002647285740155243,3.13787944500917,12
2021-03-21,0.5148369384602351,0.5864649294978509,0.45121514527837053,0.681484618800492,0.033947916261394186,0.9493970263751853,0.0008584910811127697,0.002652025774878544,2.370429139500246,12
2021-03-22,0.4613832265716991,0.5864649294978509,0.5044754365745443,0.681484618800492,0.03414133685375659,0.9493970263751853,0.0009296762658739268,0.0027366358049785225,0.6128073541988854,12
2021-03-23,0.2770614981909015,0.5864649294978509,0.6320115180639754,0.681484618800492,0.09092698374512322,0.9493970263751853,0.0013565675598492153,0.0028945894920065665,2.8818227745705545,12
2021-03-24,0.46221366437539835,0.5864649294978509,0.4927833191269113,0.681484618800492,0.045003016497690146,0.9493970263751853,0.0009637039568287837,0.0027094168567113703,1.1597762238287634,12
2021-03-25,0.2809115648831547,0.5864649294978509,0.6353681536074064,0.681484618800492,0.08372028150943886,0.9493970263751853,0.0013281772737925713,0.002905644952317359,1.9599692599742415,12
2021-03-26,0.32603675734190846,0.5864649294978509,0.5950926060859711,0.681484618800492,0.07887063657212051,0.9493970263751853,0.0012529513361440267,0.002845391455326827,0.81030615505596,12
2021-03-27,0.25894383201615484,0.5864649294978509,0.5939965044845626,0.681484618800492,0.14705966349928262,0.9493970263751853,0.0015620247881930705,0.0027895874631312808,2.0851509543334554,12
2021-03-28,0.32802464545067206,0.5864649294978509,0.5591934629471337,0.681484618800492,0.11278189160219426,0.9493970263751853,0.0013600010279742531,0.0027613737344818166,2.781061499733423,12
2021-03-29,0.46098823903654634,0.5864649294978509,0.48388054455262125,0.681484618800492,0.055131216410832504,0.9493970263751853,0.0009980722547843995,0.002687218622773447,1.4561269545101685,12
2021-03-30,0.2946238479951921,0.5864649294978509,0.6246999651668753,0.681484618800492,0.08067618683793255,0.9493970263751853,0.0013002394055311695,0.0028910799335904688,2.2391396673858033,12
2021-03-31,0.3735385896549617,0.5864649294978509,0.5636934727055267,0.681484618800492,0.06276793763951166,0.9493970263751853,0.0011381883508671457,0.0028081860125003465,3.0285389539098633,12
2021-04-01,0.4938249150102525,0.5864649294978509,0.4724739435372792,0.681484618800492,0.03370114145246847,0.9493970263751853,0.000885431032776204,0.002686054640482983,3.1759163914537236,12
2021-04-02,0.5223008989949555,0.5864649294978509,0.45296291934686506,0.681484618800492,0.024736181658179417,0.9493970263751853,0.0008188522287733839,0.002662110312576794,3.208785048951021,12
2021-04-03,0.5278052031466663,0.5864649294978509,0.44969863565958484,0.681484618800492,0.022496161193748816,0.9493970263751853,0.0008043429001032166,0.0026586910935053982,1.248973188984047,12
2021-04-04,0.3046251440214724,0.5864649294978509,0.6459139152439258,0.681484618800492,0.04946094073460181,0.9493970263751853,0.0011860734928431464,0.0029495889069535456,2.440613208068372,12
2021-04-05,0.4111061062296963,0.5864649294978509,0.5485230932468812,0.681484618800492,0.04037080052342251,0.9493970263751853,0.001016176684940829,0.002801798680651358,2.896989709628978,12
2021-04-06,0.48863505175133437,0.5864649294978509,0.4821332037599005,0.681484618800492,0.02923174448876507,0.9493970263751853,0.0008778294502286309,0.002704970575536172,2.5627872100494624,12
2021-04-07,0.47525844432124786,0.5864649294978509,0.4954434042158364,0.681484618800492,0.02929815146291581,0.9493970263751853,0.0008957006197405683,0.0027261010174214908,1.2872832131362837,12
2021-04-08,0.2952951808252359,0.5864649294978509,0.647667077071006,0.681484618800492,0.05703774210375803,0.9493970263751853,0.0012228911624249357,0.0029463722417817626,1.7927832931755308,12
2021-04-09,0.3005248066832431,0.5864649294978509,0.6342746864498113,0.681484618800492,0.06520050686694558,0.9493970263751853,0.0012423963186178944,0.0029185869927090655,2.923585120914697,12
2021-04-10,0.4717309028632965,0.5864649294978509,0.4919496112788273,0.681484618800492,0.03631948585787618,0.9493970263751853,0.0009230617951640204,0.0027149742298060407,1.6892734483368905,12
2021-04-11,0.3396426524494383,0.5864649294978509,0.6087028192121567,0.681484618800492,0.05165452833840489,0.9493970263751853,0.0011469704195918116,0.0028886286607337133,2.9616600773388564,12
2021-04-12,0.482325577773444,0.5864649294978509,0.4859347425274737,0.681484618800492,0.031739679699081966,0.9493970263751853,0.0008942676097028708,0.0027090324321820706,3.149763972994691,12
2021-04-13,0.5192954686449943,0.5864649294978509,0.4562136199571825,0.681484618800492,0.024490911397823167,0.9493970263751853,0.0008220266554400439,0.002667478227026353,0.613109405691017,12
2021-04-14,0.28403628738531805,0.5864649294978509,0.6466472970967816,0.681484618800492,0.0693164155179006,0.9493970263751853,0.0012774629847048398,0.0029350148641411494,2.5671109568099024,12
2021-04-15,0.42683316537332155,0.5864649294978509,0.5271343463117364,0.681484618800492,0.0460324883149421,0.9493970263751853,0.0010137311460626196,0.002763270115726574,3.053009051121852,12
2021-04-16,0.5040407636272999,0.5864649294978509,0.4670165824019551,0.681484618800492,0.028942653970745053,0.9493970263751853,0.0008565588047064494,0.0026811417689372196,1.4305724529475625,12
2021-04-17,0.31947537423305644,0.5864649294978509,0.6280595111534786,0.681484618800492,0.05246511461346498,0.9493970263751853,0.001176200023911713,0.0029187920728470525,1.8972114575142842,12
2021-04-18,0.33142117342066524,0.5864649294978509,0.6102506648953971,0.681484618800492,0.05832816168393763,0.9493970263751853,0.001179403848058109,0.002885801258645787,0.30014376896491357,12
2021-04-19,0.25434799878257014,0.5864649294978509,0.5843524918579932,0.681484618800492,0.16129950935943677,0.9493970263751853,0.001614141681296355,0.0027629498838200334,2.4350137397929927,12
2021-04-20,0.3946462415397613,0.5864649294978509,0.5121010107275019,0.681484618800492,0.09325274773273665,0.9493970263751853,0.0012089144849574134,0.0027019089372389005,2.7259414440903083,12
2021-04-21,0.46711642293376626,0.5864649294978509,0.4828133470054966,0.681484618800492,0.050070230060737006,0.9493970263751853,0.000973617781292378,0.002689532483089067,0.9239879939910981,12
2021-04-22,0.2727670794197703,0.5864649294978509,0.6227013219738459,0.681484618800492,0.10453159860638371,0.9493970263751853,0.0014062377321823448,0.002868986783878166,1.3461894612227452,12
2021-04-23,0.2611421448205647,0.5864649294978509,0.5980458621218159,0.681484618800492,0.14081199305761954,0.9493970263751853,0.00153891821660723,0.0028009850752163143,2.044542166243188,12
2021-04-24,0.32796394848080973,0.5864649294978509,0.5589846927378097,0.681484618800492,0.11305135878138074,0.9493970263751853,0.001360952570710785,0.0027608278474007594,2.3266586660694624,12
2021-04-25,0.4004479613517769,0.5864649294978509,0.5233562720186546,0.681484618800492,0.0761957666295685,0.9493970263751853,0.001146099216673898,0.0027333442028989944,1.554063350989663,12
2021-04-26,0.2942782892514435,0.5864649294978509,0.6073174359120936,0.681484618800492,0.0984042748364629,0.9493970263751853,0.001358035757422903,0.002849361118277004,-0.6713028867575873,12
2021-04-27,0.17486314085475713,0.5864649294978509,0.41755344330646293,0.681484618800492,0.4075834158387799,0.9493970263751853,0.002515297385748242,0.0023022390628785624,2.0568923094617837,12
2021-04-28,0.23630229463451258,0.6003976265485896,0.5055189334242826,0.7362496600138362,0.25817877194120487,0.9540056432478872,0.0019357655008806417,0.0026242102902025123,2.681660960885379,13
2021-04-29,0.4116054946305068,0.6003976265485896,0.4759582447886996,0.7362496600138362,0.11243626058079365,0.9540056432478872,0.0012429132492008316,0.002354073249833239,1.7358478358164646,13
2021-04-30,0.2861030855702185,0.6003976265485896,0.5950622237975176,0.7362496600138362,0.11883469063226386,0.9540056432478872,0.001429807012905657,0.002576823643535355,0.3574074583033363,13
2021-05-01,0.17778454568776567,0.6003976265485896,0.5448136610773395,0.7362496600138362,0.2774017932348948,0.9540056432478872,0.002074125401182596,0.0027232043081446135,2.657780030024206,13
2021-05-02,0.3891293266725538,0.6003976265485896,0.48788539619695476,0.7362496600138362,0.12298527713049143,0.9540056432478872,0.0013060707390249887,0.00239114720754504,1.751168198064958,13
2021-05-03,0.27889015769128656,0.6003976265485896,0.5943771791724306,0.7362496600138362,0.1267326631362829,0.9540056432478872,0.0014643141306517524,0.0025873686841140324,2.5875228266343475,13
2021-05-04,0.4044313388529631,0.6003976265485896,0.5277058489691844,0.7362496600138362,0.06786281217785242,0.9540056432478872,0.0011117564317909274,0.002380275627790692,0.36024335392579065,13
2021-05-05,0.20351514188022635,0.6003976265485896,0.6170072948131101,0.7362496600138362,0.17947756330666348,0.9540056432478872,0.001730870574958477,0.0027064925530987435,0.8714446288954152,13
2021-05-06,0.17479355303570615,0.6003976265485896,0.5364216608748492,0.7362496600138362,0.2887847860894443,0.9540056432478872,0.0021140262813950424,0.002725146920519161,2.1809036421094334,13
2021-05-07,0.2853068673052777,0.6003976265485896,0.5237871903830741,0.7362496600138362,0.19090594231164804,0.9540056432478872,0.0016583533458203413,0.002556647782994973,2.4324870346274197,13
2021-05-08,0.37756891677987653,0.6003976265485896,0.5153586803334506,0.7362496600138362,0.10707240288667304,0.9540056432478872,0.0012712017524539924,0.002416611484844505,1.876308015210303,13
2021-05-09,0.2922202434307211,0.6003976265485896,0.6047507425487896,0.7362496600138362,0.10302901402048951,0.9540056432478872,0.0013717944659218577,0.002570610294340746,2.671416286018539,13
2021-05-10,0.425584348171787,0.6003976265485896,0.5200277190471204,0.7362496600138362,0.054387932781092746,0.9540056432478872,0.0010411212448102189,0.002346447262687931,1.0892226479870746,13
2021-05-11,0.2249590708166143,0.6003976265485896,0.6760844979558052,0.7362496600138362,0.09895643122758044,0.9540056432478872,0.001448238712934621,0.002692238515138558,2.5065405730321606,13
2021-05-12,0.37269675626147525,0.6003976265485896,0.5671144937976001,0.7362496600138362,0.060188749940924643,0.9540056432478872,0.0011296919821200582,0.0024393853610710503,-1.5996235758570967,13
2021-05-13,0.12415562168964298,0.6003976265485896,0.3943442124006528,0.7362496600138362,0.48150016590970424,0.9540056432478872,0.002789551740500681,0.0027580357172996184,1.6512915267525694,13
2021-05-14,0.13045358632765813,0.6003976265485896,0.40561047379479304,0.7362496600138362,0.46393593987754883,0.9540056432478872,0.002725750512914668,0.002752025769659842,2.261939153075279,13
2021-05-15,0.2785982832806663,0.6003976265485896,0.44125381731630775,0.7362496600138362,0.2801478994030259,0.9540056432478872,0.0019489484986044935,0.0025419095363605412,0.7791597475298226,13
2021-05-16,0.12622201885254655,0.6003976265485896,0.40014193797692527,0.7362496600138362,0.47363604317052793,0.9540056432478872,0.00276198563884139,0.002756693593015188,1.849028466514362,13
2021-05-17,0.165491634874993,0.6003976265485896,0.4328172929315923,0.7362496600138362,0.40169107219341454,0.9540056432478872,0.002482765927880706,0.0027079584532397364,1.0746632899466664,13
2021-05-18,0.11069031380083993,0.6003976265485896,0.3565635401029891,0.7362496600138362,0.5327461460961711,0.9540056432478872,0.0029691838466567406,0.0027667811817660565,1.9868612152588678,13
2021-05-19,0.19216614363594592,0.6003976265485896,0.4036340489633252,0.7362496600138362,0.40419980740072886,0.9540056432478872,0.002455275374266795,0.002659455163820387,-0.9736231884753042,13
2021-05-20,0.0068039640968115735,0.6003976265485896,0.06508459071852808,0.7362496600138362,0.9281114451846603,0.9540056432478872,0.004355050479793593,0.002834254356303327,1.0701807525197409,13
2021-05-21,0.007162806868499106,0.6003976265485896,0.06609141446240327,0.7362496600138362,0.9267457786690976,0.9540056432478872,0.004350263450449867,0.0028340212917839515,0.7094663114436696,13
2021-05-22,0.0033517657393416197,0.6003976265485896,0.0553985790467028,0.7362496600138362,0.9412496552139555,0.9540056432478872,0.00440110344267893,0.0028364965219938205,1.812027325859607,13
2021-05-23,0.02977278402728419,0.6003976265485896,0.1137649373801283,0.7362496600138362,0.8564622785925874,0.9540056432478872,0.004098403970245217,0.002814611427439511,0.9291022152959236,13
2021-05-24,0.010913115732589984,0.6003976265485896,0.07661385021754975,0.7362496600138362,0.9124730340498602,0.9540056432478872,0.0043002336258865384,0.002831585506526817,0.5530545000958499,13
2021-05-25,0.003029319923161948,0.6003976265485896,0.054493876125363,0.7362496600138362,0.942476803951475,0.9540056432478872,0.004405404928832088,0.00283670594708219,1.803643954942667,13
2021-05-26,0.02877697742959265,0.6003976265485896,0.11161320754617102,0.7362496600138362,0.8596098150242363,0.9540056432478872,0.00410966089703963,0.0028154506903020826,1.7807228334407248,13
2021-05-27,0.052046972891146764,0.6003976265485896,0.16939504962386187,0.7362496600138362,0.7785579774849913,0.9540056432478872,0.003822933646315914,0.002798086782577408,1.838094323886085,13
2021-05-28,0.09530023546746315,0.6003976265485896,0.23462278705232206,0.7362496600138362,0.6700769774802148,0.9540056432478872,0.0034231027289947716,0.0027531709043506665,0.7669417080063143,13
2021-05-29,0.02738673320982958,0.6003976265485896,0.12283473170776152,0.7362496600138362,0.8497785350824089,0.9540056432478872,0.004080472334418862,0.0028208860692172607,1.7158939881831898,13
2021-05-30,0.0458203904444824,0.6003976265485896,0.16723353302530625,0.7362496600138362,0.7869460765302114,0.9540056432478872,0.0038576743275134683,0.002806719216090968,1.7631812444567276,13
2021-05-31,0.06724946599011186,0.6003976265485896,0.21916657073076418,0.7362496600138362,0.7135839632791239,0.9540056432478872,0.0035976630583511304,0.002790346065306409,1.5429223516370159,13
2021-06-01,0.06489247910713035,0.6003976265485896,0.2279965655292416,0.7362496600138362,0.707110955363628,0.9540056432478872,0.0035803583621501407,0.0027965055165665013,1.8723093268312667,13
2021-06-02,0.12048116115777457,0.6003976265485896,0.28934183744578634,0.7362496600138362,0.590177001396439,0.9540056432478872,0.0031374728747043928,0.002732040908797905,1.798234677817366,13
2021-06-03,0.12684842596617554,0.6003976265485896,0.34829784164917055,0.7362496600138362,0.5248537323846538,0.9540056432478872,0.002922825726441901,0.002740221253816925,1.6051336198033401,13
2021-06-04,0.11456318942762846,0.6003976265485896,0.36616603295805017,0.7362496600138362,0.5192707776143212,0.9540056432478872,0.002921507996450109,0.002763886993880884,1.0850830972559955,13
2021-06-05,0.08038341292701733,0.6003976265485896,0.27153022232665797,0.7362496600138362,0.6480863647463248,0.9540056432478872,0.0033734847876128126,0.002786465284667675,1.51767515885376,13
2021-06-06,0.07880693220117901,0.6003976265485896,0.2669076179212444,0.7362496600138362,0.6542854498775765,0.9540056432478872,0.003395144823207448,0.0027874294304824107,2.194920546472664,13
2021-06-07,0.23404599136908916,0.6003976265485896,0.34912604315365114,0.7362496600138362,0.4168279654772597,0.9540056432478872,0.002439532402757818,0.002580699041915856,0.9832095844548945,13
2021-06-08,0.0940300451191619,0.6003976265485896,0.30981899169536126,0.7362496600138362,0.5961509631854767,0.9540056432478872,0.0031914361766327876,0.0027776018560255527,2.2133659156339025,13
2021-06-09,0.2509885757729837,0.6003976265485896,0.3771870833967201,0.7362496600138362,0.37182434083029614,0.9540056432478872,0.0022749833105671783,0.0025638577709281786,-0.35989663455455745,13
2021-06-10,0.02584250409804772,0.6003976265485896,0.1185020081353055,0.7362496600138362,0.8556554877666469,0.9540056432478872,0.004101072663678552,0.0028218890294108294,1.8377604469333086,13
2021-06-11,0.0718515971337032,0.6003976265485896,0.18461645145485756,0.7362496600138362,0.7435319514114391,0.9540056432478872,0.003686088597498385,0.0027731315431561154,2.11296821661922,13
2021-06-12,0.20225832041944117,0.6003976265485896,0.28807616429811955,0.7362496600138362,0.5096655152824393,0.9540056432478872,0.002774777766148894,0.0026097784499239064,1.3687896953309022,13
2021-06-13,0.09467260460604333,0.6003976265485896,0.311204750887033,0.7362496600138362,0.5941226445069236,0.9540056432478872,0.003184180882781997,0.002777059506284924,0.6326464669318634,13
2021-06-14,0.036106455979320565,0.6003976265485896,0.14730010935273308,0.7362496600138362,0.8165934346679463,0.9540056432478872,0.003964149428031866,0.0028152227030952305,1.6462308990312398,13
2021-06-15,0.04772850106253266,0.6003976265485896,0.1794054731287761,0.7362496600138362,0.7728660258086912,0.9540056432478872,0.0038106972692188456,0.002807523487694021,2.067292279250215,13
2021-06-16,0.17417283733907893,0.6003976265485896,0.27336508296727724,0.7362496600138362,0.5524620796936438,0.9540056432478872,0.002947152401032743,0.0026472286810816604,1.2329963190460553,13
2021-06-17,0.07526932782980246,0.6003976265485896,0.257174463382305,0.7362496600138362,0.6675562087878923,0.9540056432478872,0.003441729738126139,0.0027897847581668826,2.164266675219216,13
2021-06-18,0.22518536776267156,0.6003976265485896,0.33946609031701525,0.7362496600138362,0.43534854192031314,0.9540056432478872,0.0025097570759230635,0.002591009895858841,0.8779073144325401,13
2021-06-19,0.08139172501000116,0.6003976265485896,0.27435931456341495,0.7362496600138362,0.6442489604265839,0.9540056432478872,0.003360033594536287,0.0027858104024588957,2.230610622146868,13
2021-06-20,0.2491735571143333,0.6003976265485896,0.35479637010593446,0.7362496600138362,0.3960300727797322,0.9540056432478872,0.0023537974989525845,0.002559851979461225,2.7571043310238,13
2021-06-21,0.4275912206180992,0.6003976265485896,0.41861313684321005,0.7362496600138362,0.1537956425386908,0.9540056432478872,0.001352215648029459,0.002313060160488649,-1.4723925358644465,13
2021-06-22,0.034885861599578585,0.6003976265485896,0.1438754245042631,0.7362496600138362,0.8212387138961582,0.9540056432478872,0.003980432413534148,0.002816015466012328,1.828012911605015,13
2021-06-23,0.07357179517645525,0.6003976265485896,0.20742288981616896,0.7362496600138362,0.7190053150073757,0.9540056432478872,0.0036063855812440704,0.0027774032592950736,1.650375336659975,13
2021-06-24,0.07024241413193563,0.6003976265485896,0.2412335131577741,0.7362496600138362,0.6885240727102901,0.9540056432478872,0.0035145876064557593,0.002792499194956918,1.7436975019372476,13
2021-06-25,0.08857724865042492,0.6003976265485896,0.28390349563954437,0.7362496600138362,0.6275192557100308,0.9540056432478872,0.003297689029684102,0.002777961468203561,0.4702176122101082,13
2021-06-26,0.022715720905316764,0.6003976265485896,0.10972903063981321,0.7362496600138362,0.8675552484548699,0.9540056432478872,0.004142784578892324,0.0028239198414530113,1.9500824637272045,13
2021-06-27,0.10670758447920851,0.6003976265485896,0.19664317295814585,0.7362496600138362,0.6966492425626457,0.9540056432478872,0.0034918388313734386,0.002724785794128249,0.903070339462948,13
2021-06-28,0.02800613968647449,0.6003976265485896,0.12457263252876921,0.7362496600138362,0.8474212277847563,0.9540056432478872,0.004072209325946454,0.002820483771374729,1.9765964630200215,13
2021-06-29,0.12398326848771414,0.6003976265485896,0.2146986010953668,0.7362496600138362,0.6613181304169191,0.9540056432478872,0.003357384018616245,0.0027044491774259084,1.4997969193376437,13
2021-06-30,0.06883461568555099,0.6003976265485896,0.23890414766356957,0.7362496600138362,0.6922612366508795,0.9540056432478872,0.003528252519962534,0.002793899261730375,1.7582122478051325,13
2021-07-01,0.09357443546983645,0.6003976265485896,0.2822682987836129,0.7362496600138362,0.6241572657465505,0.9540056432478872,0.003280444706335777,0.0027700234107565806,1.4236823248192692,13
2021-07-02,0.0772254162756167,0.6003976265485896,0.2626349610060871,0.7362496600138362,0.6601396227182962,0.9540056432478872,0.0034157227960660607,0.0027885059672436243,2.1980054162504215,13
2021-07-03,0.23428501088294948,0.6003976265485896,0.34631839195760994,0.7362496600138362,0.4193965971594406,0.9540056432478872,0.0024473227936165787,0.0025795012903174997,1.8535203271010687,13
2021-07-04,0.20359397375998475,0.6003976265485896,0.43353736066532567,0.7362496600138362,0.36286866557468955,0.9540056432478872,0.0023096424628794,0.002651385412663833,1.9659537118837216,13
2021-07-05,0.227499126409034,0.6003976265485896,0.4861959676034159,0.7362496600138362,0.28630490598755004,0.9540056432478872,0.00203623280676016,0.0026315393106627,1.3615763416884359,13
2021-07-06,0.16049650820797656,0.6003976265485896,0.49584739231566494,0.7362496600138362,0.3436560994763585,0.9540056432478872,0.002306206446553643,0.0027342947332076486,2.5489931421715637,13
2021-07-07,0.36137821091055683,0.6003976265485896,0.47475729637448844,0.7362496600138362,0.16386449271495476,0.9540056432478872,0.0014719657337083955,0.0024285735392529442,2.831455169568483,13
2021-07-08,0.46486148728643145,0.6003976265485896,0.46723417715970494,0.7362496600138362,0.0679043355538636,0.9540056432478872,0.0010315913645427917,0.002272084154625155,1.2540818978685286,13
2021-07-09,0.22774838754351995,0.6003976265485896,0.6619397272725019,0.7362496600138362,0.110311885183978,0.9540056432478872,0.001480379750515337,0.002683841760876787,1.757036997108588,13
2021-07-10,0.22588204264127532,0.6003976265485896,0.661303311899435,0.7362496600138362,0.11281464545928951,0.9540056432478872,0.00149075725089481,0.002686432670294499,2.530483652382994,13
2021-07-11,0.3823906116138496,0.6003976265485896,0.5528024299524178,0.7362496600138362,0.06480695843373263,0.9540056432478872,0.0011313916944926932,0.002420647735888745,2.2004468060747477,13
2021-07-12,0.3666017458831311,0.6003976265485896,0.5787037331248689,0.7362496600138362,0.05469452099200002,0.9540056432478872,0.0011204462352573466,0.0024519430751032837,1.4259052593679684,13
2021-07-13,0.2335189530937351,0.6003976265485896,0.6859572515164251,0.7362496600138362,0.08052379538983992,0.9540056432478872,0.0013786929377427692,0.0026824396756974065,2.246942378629618,13
2021-07-14,0.32989149762987946,0.6003976265485896,0.6081281042018502,0.7362496600138362,0.061980398168270376,0.9540056432478872,0.0011922011292016844,0.00251547619989505,2.9387397611856625,13
2021-07-15,0.4687540687292941,0.6003976265485896,0.4980189372551059,0.7362496600138362,0.03322699401559973,0.9540056432478872,0.0009169673111104653,0.0022755093501753702,1.2471738431931771,13
2021-07-16,0.2392995074807396,0.6003976265485896,0.6975562895302885,0.7362496600138362,0.06314420298897187,0.9540056432478872,0.001316160455398331,0.0026773006315669134,2.6078061681823494,13
2021-07-17,0.4003230947119077,0.6003976265485896,0.5584426717305355,0.7362496600138362,0.04123423355755672,0.9540056432478872,0.0010331654937771936,0.0023956111240298317,3.0684131298999646,13
2021-07-18,0.4966945227882811,0.6003976265485896,0.4778832361227438,0.7362496600138362,0.025422241088975114,0.9540056432478872,0.0008552003680500069,0.002227830989653745,3.1470396333989803,13
2021-07-19,0.519963546247473,0.6003976265485896,0.45941392163485656,0.7362496600138362,0.02062253211767037,0.9540056432478872,0.0008091229592575103,0.0021876145180280064,1.4393361833063825,13
2021-07-20,0.28421017839438106,0.6003976265485896,0.6739933169162212,0.7362496600138362,0.04179650468939776,0.9540056432478872,0.0011891524225929036,0.0026033021324514704,1.455749860133884,13
2021-07-21,0.23501781943150252,0.6003976265485896,0.7019784289007442,0.7362496600138362,0.06300375166775313,0.9540056432478872,0.0013214009394030492,0.002685007591354222,0.3098636984364701,13
2021-07-22,0.20869816207297676,0.6003976265485896,0.6315495951837258,0.7362496600138362,0.15975224274329752,0.9540056432478872,0.0016617271486355153,0.0027031262469176297,2.704968574641444,13
2021-07-23,0.40540854513601365,0.6003976265485896,0.5200099483150341,0.7362496600138362,0.07458150654895226,0.9540056432478872,0.0011316645993344802,0.0023765125535197963,1.4746988958360299,13
2021-07-24,0.23080352295528425,0.6003976265485896,0.6671662628361357,0.7362496600138362,0.10203021420858015,0.9540056432478872,0.0014501829318432325,0.002680854794500943,2.094332366754679,13
2021-07-25,0.28503822862900646,0.6003976265485896,0.6311877066702161,0.7362496600138362,0.0837740647007775,0.9540056432478872,0.0013205536225978408,0.002589238275286577,1.8394001458748717,13
2021-07-26,0.2520295519878653,0.6003976265485896,0.6618327234053372,0.7362496600138362,0.0861377246067975,0.9540056432478872,0.00137183996656817,0.002647620319797119,0.8084939877193956,13
2021-07-27,0.20908208965283154,0.6003976265485896,0.6326267571210169,0.7362496600138362,0.15829115322615145,0.9540056432478872,0.001656605555355881,0.0027028768770319313,1.505389102757732,13
2021-07-28,0.23623105873725797,0.5824663906113035,0.6022571600589102,0.7068140320372215,0.1615117812038319,0.9618317192067235,0.0016350016135558852,0.002220341202006076,2.099802162442821,14
2021-07-29,0.30816199821936047,0.5824663906113035,0.5704791501717109,0.7068140320372215,0.12135885160892876,0.9618317192067235,0.0014198977644123273,0.0022002538930763226,2.8936673334664356,14
2021-07-30,0.4603603468368618,0.5824663906113035,0.4881593313304024,0.7068140320372215,0.05148032183273603,0.9618317192067235,0.0010079746180756371,0.002112966197199357,1.2048955195624056,14
2021-07-31,0.25924695159162836,0.5824663906113035,0.6547290453837855,0.7068140320372215,0.08602400302458618,0.9618317192067235,0.0013866053082475058,0.002399933162549962,2.8383659262192436,14
2021-08-01,0.44564852570678215,0.5824663906113035,0.5124392795155873,0.7068140320372215,0.04191219477763046,0.9618317192067235,0.0010010161225938656,0.0021698765797973085,0.9810961493105242,14
2021-08-02,0.2587992900222844,0.5824663906113035,0.6562806544413332,0.7068140320372215,0.08492005553638232,0.9618317192067235,0.0013840621602815763,0.0024040786158802574,2.158705303317825,14
2021-08-03,0.34207703586844385,0.5824663906113035,0.590305684105339,0.7068140320372215,0.06761728002621716,0.9618317192067235,0.001218702058916753,0.002294155751578424,1.6791607634853423,14
2021-08-04,0.2837463366601723,0.5824663906113035,0.6361594234221152,0.7068140320372215,0.08009423991771275,0.9618317192067235,0.0013355536162726188,0.002370088047952109,1.5683679934376804,14
2021-08-05,0.25719662290222767,0.5824663906113035,0.6482627686238188,0.7068140320372215,0.0945406084739535,0.9618317192067235,0.0014138735062270912,0.0023786131648745935,1.8182191272275736,14
2021-08-06,0.27044775422378786,0.5824663906113035,0.6361991291710913,0.7068140320372215,0.09335311660512063,0.9618317192067235,0.001392051093749195,0.0023564726124555794,1.4339391574263771,14
2021-08-07,0.24979680652422484,0.5824663906113035,0.634653008119719,0.7068140320372215,0.11555018535605613,0.9618317192067235,0.0014843927504499179,0.0023305550783884565,1.5850323763694183,14
2021-08-08,0.24694719472843335,0.5824663906113035,0.6253232666209024,0.7068140320372215,0.1277295386506641,0.9618317192067235,0.001523269013521095,0.0022999061524990945,2.4155961599613933,14
2021-08-09,0.3809851622862782,0.5824663906113035,0.5415134745530678,0.7068140320372215,0.07750136316065412,0.9618317192067235,0.0011929352451050014,0.0021894396522679615,1.0862316619645784,14
2021-08-10,0.24684511372160947,0.5824663906113035,0.6280734181702725,0.7068140320372215,0.1250814681081179,0.9618317192067235,0.0015158197790827097,0.0023079677470814884,2.1362372731424815,14
2021-08-11,0.3300365074037751,0.5824663906113035,0.5748662635249829,0.7068140320372215,0.09509722907124199,0.9618317192067235,0.0013142116088812731,0.0022358717690315055,2.9245423274109275,14
2021-08-12,0.468319387352658,0.5824663906113035,0.48945602521045134,0.7068140320372215,0.04222458743689061,0.9618317192067235,0.0009703816792135145,0.0021250361785901547,1.4355427434872667,14
2021-08-13,0.28858929867319544,0.5824663906113035,0.6455556742336388,0.7068140320372215,0.0658550270931659,0.9618317192067235,0.0012879966141097715,0.0024029930019082877,0.4666594081255344,14
2021-08-14,0.24107653313808836,0.5824663906113035,0.6143495343718117,0.7068140320372215,0.14457393249009992,0.9618317192067235,0.0015797156248051833,0.0022612553184817043,2.3578903374577966,14
2021-08-15,0.36819907038690974,0.5824663906113035,0.5416737897083901,0.7068140320372215,0.09012713990470032,0.9618317192067235,0.0012469007022053893,0.0021767116308054535,2.9869497586280316,14
2021-08-16,0.48177702695212665,0.5824663906113035,0.47918193394186714,0.7068140320372215,0.03904103910600634,0.9618317192067235,0.0009425411184607706,0.0021084232339993146,1.660155131244712,14
2021-08-17,0.3335017646094801,0.5824663906113035,0.6133211095819059,0.7068140320372215,0.05317712580861406,0.9618317192067235,0.0011892254644343004,0.002353648102475652,1.6322583936770518,14
2021-08-18,0.27869617930546203,0.5824663906113035,0.6535527297745766,0.7068140320372215,0.06775109091996158,0.9618317192067235,0.0013071820746662069,0.0024165249801366318,2.8315443942979046,14
2021-08-19,0.44857534574200963,0.5824663906113035,0.5155549091222591,0.7068140320372215,0.03586974513573137,0.9618317192067235,0.0009796288343924234,0.0021821514434355966,1.3515708829675734,14
2021-08-20,0.2701776485666016,0.5824663906113035,0.6708584370785217,0.7068140320372215,0.05896391435487682,0.9618317192067235,0.001293822789539752,0.0024591200093760563,1.1514248973546235,14
2021-08-21,0.2571935359622244,0.5824663906113035,0.6528607273079188,0.7068140320372215,0.08994573672985698,0.9618317192067235,0.001400703594594915,0.0023922643473813527,2.7758235011306978,14
2021-08-22,0.43779697134899537,0.5824663906113035,0.5170654865156724,0.7068140320372215,0.0451375421353323,0.9618317192067235,0.0010211784561871041,0.002175506595735462,3.0289036466445967,14
2021-08-23,0.4970283670927259,0.5824663906113035,0.4775314228944345,0.7068140320372215,0.025440210012839568,0.9618317192067235,0.0008823544874478719,0.0021192717251856956,3.1392611507017403,14
2021-08-24,0.5141421604828526,0.5824663906113035,0.46660876517622374,0.7068140320372215,0.01924907434092369,0.9618317192067235,0.000840810109694134,0.002104508442327558,1.1591199088356199,14
2021-08-25,0.27687359044747617,0.5824663906113035,0.679492664576325,0.7068140320372215,0.04363374497619895,0.9618317192067235,0.0012405567247574844,0.0024916755724268204,2.0610632777962996,14
2021-08-26,0.3249609993697038,0.5824663906113035,0.6316223813689101,0.7068140320372215,0.043416619261386194,0.9618317192067235,0.0011731116797747468,0.0023991766575490914,1.3778369677882802,14
2021-08-27,0.26499127685797197,0.5824663906113035,0.6683859873426848,0.7068140320372215,0.06662273579934323,0.9618317192067235,0.0013229917210650307,0.0024464217484119317,1.5859130815801885,14
2021-08-28,0.26133297751076046,0.5824663906113035,0.6592713283848141,0.7068140320372215,0.07939569410442548,0.9618317192067235,0.0013647009980263993,0.002415576418699436,2.770294507885308,14
2021-08-29,0.438401733440533,0.5824663906113035,0.520075820674267,0.7068140320372215,0.04152244588520004,0.9618317192067235,0.001009976824911719,0.0021850707956569447,3.10502795514451,14
2021-08-30,0.5032618830500238,0.5824663906113035,0.473110484878375,0.7068140320372215,0.023627632071601262,0.9618317192067235,0.0008684903770990657,0.0021125803518497,1.0690704357799288,14
2021-08-31,0.2699260539823556,0.5824663906113035,0.6773203319382649,0.7068140320372215,0.052753614079379466,0.9618317192067235,0.001276363433538843,0.002478049815107026,2.8665425581395625,14
2021-09-01,0.4517959024223545,0.5824663906113035,0.517948292249642,0.7068140320372215,0.030255805328003524,0.9618317192067235,0.0009590608956237662,0.0021925848208305255,1.5343973757167135,14
2021-09-02,0.29115418236262025,0.5824663906113035,0.6618695769157871,0.7068140320372215,0.046976240721592816,0.9618317192067235,0.0012302990660827428,0.0024540884697840494,2.4987530521803656,14
2021-09-03,0.40593384255246184,0.5824663906113035,0.5592629323318776,0.7068140320372215,0.03480322511566083,0.9618317192067235,0.0010358631657577826,0.0022679138112650537,2.8252461521901227,14
2021-09-04,0.47342961993646615,0.5824663906113035,0.5018472750309262,0.7068140320372215,0.024723105032607724,0.9618317192067235,0.0009131200027239567,0.002167111267294031,3.152581201423731,14
2021-09-05,0.5119477755828346,0.5824663906113035,0.4690443537576914,0.7068140320372215,0.01900787065947418,0.9618317192067235,0.000843171142724575,0.00210947518528904,1.2673395383773456,14
2021-09-06,0.27854031604287854,0.5824663906113035,0.6815747739421503,0.7068140320372215,0.03988491001497122,0.9618317192067235,0.0012274900228869976,0.002499579942922016,2.318311680385639,14
2021-09-07,0.3730213230214166,0.5824663906113035,0.5919904134748504,0.7068140320372215,0.03498826350373309,0.9618317192067235,0.0010821475631475938,0.0023311147608815717,-2.3411489384034105,14
2021-09-08,0.15051395283048088,0.5824663906113035,0.3979018350034825,0.7068140320372215,0.45158421216603667,0.9618317192067235,0.0025851033017799,0.0015249561049120242,2.1118294552127304,14
2021-09-09,0.2591818533570329,0.5824663906113035,0.4219499264861355,0.7068140320372215,0.31886822015683153,0.9618317192067235,0.0020538379518395228,0.0017085912810691998,2.7287165136836795,14
2021-09-10,0.42370665354612846,0.5824663906113035,0.44434978730380853,0.7068140320372215,0.13194355915006314,0.9618317192067235,0.0012894979482778177,0.0019450147823300047,1.2181544646485525,14
2021-09-11,0.2252888580939938,0.5824663906113035,0.570371688157424,0.7068140320372215,0.2043394537485822,0.9618317192067235,0.001772956752093987,0.002114352286680794,2.659102650309305,14
2021-09-12,0.4086649076209404,0.5824663906113035,0.49675710165194964,0.7068140320372215,0.09457799072711008,0.9618317192067235,0.0012033744702061313,0.002085113146085863,1.8746118549751571,14
2021-09-13,0.328122406553051,0.5824663906113035,0.5805876172332091,0.7068140320372215,0.09128997621373997,0.9618317192067235,0.0013059601829490675,0.002250885561944558,1.6896538054736183,14
2021-09-14,0.2764124297190436,0.5824663906113035,0.6210270112119295,0.7068140320372215,0.10256055906902695,0.9618317192067235,0.0014101565566427183,0.0023175762689884496,1.4235082696743966,14
2021-09-15,0.24648083194982182,0.5824663906113035,0.6267078265838814,0.7068140320372215,0.12681134146629688,0.9618317192067235,0.001521285176932924,0.0023035362143457526,1.9689387630208681,14
2021-09-16,0.28823658394955887,0.5824663906113035,0.6034080284685598,0.7068140320372215,0.1083553875818814,0.9618317192067235,0.0014103305309415913,0.002277464611463653,2.657860231992184,14
2021-09-17,0.4291263750764829,0.5824663906113035,0.5145747077891156,0.7068140320372215,0.05629891713440169,0.9618317192067235,0.001065223404001457,0.0021591557708951063,2.51246887549777,14
2021-09-18,0.4465498317748706,0.5824663906113035,0.5146932971501058,0.7068140320372215,0.038756871075023555,0.9618317192067235,0.0009907198869998292,0.002177501016163519,2.075815725332563,14
2021-09-19,0.3845705371372628,0.5824663906113035,0.5756977525489896,0.7068140320372215,0.03973171031374769,0.9618317192067235,0.0010796909495489676,0.0022946578985320065,1.9132072477245485,14
2021-09-20,0.3435016665578726,0.5824663906113035,0.6112593130752881,0.7068140320372215,0.04523902036683932,0.9618317192067235,0.001152567725094017,0.0023578520945035496,-1.1535443123760998,14
2021-09-21,0.1976064347160337,0.5824663906113035,0.5104544959839192,0.7068140320372215,0.29193906930004704,0.9618317192067235,0.0020624376905695268,0.0019078312103924802,1.0560845769279843,14
2021-09-22,0.16008847656824335,0.5824663906113035,0.4207844074342112,0.7068140320372215,0.41912711599754543,0.9618317192067235,0.0024788647144465656,0.001602797087023553,0.8141459353170206,14
2021-09-23,0.10769747306789207,0.5824663906113035,0.2955689668334552,0.7068140320372215,0.5967335600986527,0.9618317192067235,0.0030600563599205793,0.0011768460971733614,1.7631605055719661,14
2021-09-24,0.12872069482721382,0.5824663906113035,0.3249410985574529,0.7068140320372215,0.5463382066153333,0.9618317192067235,0.0028865977741660276,0.0012857818448707024,1.3879627841028621,14
2021-09-25,0.10118152688712154,0.5824663906113035,0.27996552501500843,0.7068140320372215,0.61885294809787,0.9618317192067235,0.003132401047832278,0.0011237802228408636,2.334707982366603,14
2021-09-26,0.2877962297361916,0.5824663906113035,0.3558270290287956,0.7068140320372215,0.35637674123501284,0.9618317192067235,0.0021213577052799485,0.0015417786649794595,2.635430850748366,14
2021-09-27,0.41484844257245473,0.5824663906113035,0.4270985584598818,0.7068140320372215,0.1580529989676634,0.9618317192067235,0.0013766123471169846,0.0018846367024927787,2.2775239707839625,14
2021-09-28,0.40428965984501725,0.5824663906113035,0.4921191584885079,0.7068140320372215,0.10359118166647498,0.9618317192067235,0.0012352862262526262,0.002066821749319285,1.4353342610812565,14
2021-09-29,0.25366895162680336,0.5824663906113035,0.6060530058488109,0.7068140320372215,0.14027804252438578,0.9618317192067235,0.0015498942287112316,0.0022496215538551152,2.7701737941333184,14
2021-09-30,0.43347471865885656,0.5824663906113035,0.5032616373061518,0.7068140320372215,0.06326364403499181,0.9618317192067235,0.0010791348406402424,0.0021300503092686177,0.8818790945630344,14
2021-10-01,0.24825736791803188,0.5824663906113035,0.6314972406426114,0.7068140320372215,0.1202453914393566,0.9618317192067235,0.0014999928701363875,0.0023195937575268945,-0.3679246441233439,14
2021-10-02,0.1718147083551301,0.5824663906113035,0.44881137765658485,0.7068140320372215,0.37937391398828507,0.9618317192067235,0.002348728793694986,0.0016981372304711642,2.481583447274861,14
2021-10-03,0.3575361390912051,0.5824663906113035,0.4483854837590267,0.7068140320372215,0.19407837714976833,0.9618317192067235,0.0015595613503746669,0.0018886656230457787,2.7982935840140097,14
2021-10-04,0.4568556469925951,0.5824663906113035,0.46293356219938814,0.7068140320372215,0.08021079080801699,0.9618317192067235,0.0010951712743034203,0.002034434981804835,1.9410869655168113,14
2021-10-05,0.3607152495231474,0.5824663906113035,0.5636909759160046,0.7068140320372215,0.07559377456084805,0.9618317192067235,0.001215653342429687,0.002234366684037453,1.2816039846103606,14
2021-10-06,0.2517761647315458,0.5824663906113035,0.6393263395268447,0.7068140320372215,0.1088974957416095,0.9618317192067235,0.001462568980077768,0.0023464773486848458,0.5336365358053572,14
2021-10-07,0.2202296882239694,0.5824663906113035,0.5645248540413977,0.7068140320372215,0.21524545773463277,0.9618317192067235,0.0018112445976449102,0.002091764614454995,1.677678098897817,14
2021-10-08,0.2245455850266958,0.5824663906113035,0.5539356711598301,0.7068140320372215,0.22151874381347397,0.9618317192067235,0.0018232161018548773,0.0020647753447629925,2.745140433732517,14
2021-10-09,0.421487635698845,0.5824663906113035,0.48394966699873904,0.7068140320372215,0.0945626973024162,0.9618317192067235,0.0011854936272732092,0.002060321366525827,2.1298391871572635,14
2021-10-10,0.38104142938300395,0.5824663906113035,0.5441620600453412,0.7068140320372215,0.07479651057165498,0.9618317192067235,0.0011851048590918421,0.002197363155192309,2.870159769849097,14
2021-10-11,0.4738632424983159,0.5824663906113035,0.488921079169364,0.7068140320372215,0.037215678332320146,0.9618317192067235,0.00094831745662819,0.0021291726694883007,1.061889167767611,14
2021-10-12,0.2628835499083991,0.5824663906113035,0.665872698461987,0.7068140320372215,0.07124375162961387,0.9618317192067235,0.0013391713596826195,0.0024367815028507457,2.0386937015259146,14
2021-10-13,0.32258524967665936,0.5824663906113035,0.6132272188209568,0.7068140320372215,0.06418753150238396,0.9618317192067235,0.0012359652831158553,0.002342095874422018,2.130421177466111,14
2021-10-14,0.3509159693464558,0.5824663906113035,0.594130956040694,0.7068140320372215,0.05495307461285024,0.9618317192067235,0.001170110492854099,0.0023146434070619626,2.9867338718633807,14
2021-10-15,0.4794410824081657,0.5824663906113035,0.49166294361125135,0.7068140320372215,0.028895973980583082,0.9618317192067235,0.0009167182381204398,0.0021430752666416948,0.28369586496143206,14
2021-10-16,0.2581913911543293,0.5824663906113035,0.6552546232307901,0.7068140320372215,0.08655398561488051,0.9618317192067235,0.0013895918915923019,0.0024004038801638343,2.597250099387954,14
2021-10-17,0.4144248622837934,0.5824663906113035,0.5358267305410767,0.7068140320372215,0.04974840717513,0.9618317192067235,0.0010668941722706204,0.0022070848921782234,2.8927518544292643,14
2021-10-18,0.48116957856786546,0.5824663906113035,0.49015434817585357,0.7068140320372215,0.028676073256280975,0.9618317192067235,0.0009136841093058088,0.0021403802575493533,2.982848619286462,14
2021-10-19,0.5006710063996221,0.5824663906113035,0.4780957285133623,0.7068140320372215,0.02123326508701571,0.9618317192067235,0.0008652327250972838,0.0021247092473231483,1.2694385740741079,14
2021-10-20,0.276258733610908,0.5824663906113035,0.6809834362808334,0.7068140320372215,0.04275783010825865,0.9618317192067235,0.001238899072528649,0.0024954676982313377,1.8729153392993632,14
2021-10-21,0.29194789002160526,0.5824663906113035,0.660048417744201,0.7068140320372215,0.048003692234193894,0.9618317192067235,0.001232142412654326,0.0024494999037198385,0.786961820905572,14
2021-10-22,0.2545290094400757,0.5824663906113035,0.646500685441431,0.7068140320372215,0.09897030511849324,0.9618317192067235,0.0014302814981125708,0.0023706255535623634,1.762893134858278,14
2021-10-23,0.26873464317517565,0.5824663906113035,0.6281657921890664,0.7068140320372215,0.10309956463575808,0.9618317192067235,0.0014223744571230247,0.0023308472221260927,2.7249317083731954,14
2021-10-24,0.43153599933919734,0.5824663906113035,0.5169359354495949,0.7068140320372215,0.05152806521120783,0.9618317192067235,0.001048199866752729,0.002168656213582318,2.9013272013259535,14
2021-10-25,0.48657568211866875,0.5824663906113035,0.4842825294513615,0.7068140320372215,0.029141788429969846,0.9618317192067235,0.0009074998384542227,0.002128525800258505,1.3385779059495053,14
2021-10-26,0.2764879928828756,0.5824663906113035,0.6720002995971656,0.7068140320372215,0.051511707519958774,0.9618317192067235,0.0012636842680814441,0.0024690275979775823,1.3035203700338247,14
2021-10-27,0.2722557301301638,0.5634812550647511,0.6726625003001399,0.7061168953895863,0.05508176956969648,0.9718458256367826,0.0012742463288354406,0.0021132830053203536,1.639864524448122,15
2021-10-28,0.27343474122300454,0.5634812550647511,0.6626192870964072,0.7061168953895863,0.06394597168058824,0.9718458256367826,0.0012970540225962241,0.002090615464672159,1.6795713166858648,15
2021-10-29,0.27167361459579803,0.5634812550647511,0.659040719173674,0.7061168953895863,0.06928566623052798,0.9718458256367826,0.0013142507692361406,0.0020798570992600247,1.8514621776244873,15
2021-10-30,0.28764671525217866,0.5634812550647511,0.6456164997818059,0.7061168953895863,0.06673678496601544,0.9718458256367826,0.001284867179842713,0.0020672580724924914,2.6577421718165306,15
2021-10-31,0.4229733715624321,0.5634812550647511,0.5400136132609199,0.7061168953895863,0.037013015176648144,0.9718458256367826,0.0010134875598719526,0.0019800380271925533,2.9582966894940306,15
2021-11-01,0.4784491206061107,0.5634812550647511,0.4999040331911101,0.7061168953895863,0.021646846202779062,0.9718458256367826,0.0008934588996395392,0.0019519222118288381,2.9964983725789653,15
2021-11-02,0.4900764810488666,0.5634812550647511,0.49307189252441913,0.7061168953895863,0.0168516264267142,0.9718458256367826,0.0008639581992157271,0.00194981036474501,1.441114801365051,15
2021-11-03,0.29755157784214115,0.5634812550647511,0.6736006288942367,0.7061168953895863,0.028847793263622395,0.9718458256367826,0.0011664667650104826,0.0021466336852037685,2.9125518205080496,15
2021-11-04,0.45414299519616597,0.5634812550647511,0.5266130379154131,0.7061168953895863,0.01924396688842093,0.9718458256367826,0.0009208482691644152,0.0019861779121311796,1.5900074628607719,15
2021-11-05,0.3135848217190304,0.5634812550647511,0.6568832957225192,0.7061168953895863,0.02953188255845018,0.9718458256367826,0.001145921304300429,0.002126200772848951,2.7710207193549174,15
2021-11-06,0.4429076929718572,0.5634812550647511,0.5363952698676143,0.7061168953895863,0.02069703716052856,0.9718458256367826,0.0009405804976371613,0.00199585586007418,3.0080527140991746,15
2021-11-07,0.4849867564269182,0.5634812550647511,0.498596533280669,0.7061168953895863,0.01641671029241288,0.9718458256367826,0.0008698820421697023,0.0019568196516548857,1.7118710277382025,15
2021-11-08,0.33856300028730757,0.5634812550647511,0.6368345584596885,0.7061168953895863,0.02460244125300405,0.9718458256367826,0.0010973704524012851,0.0021087647150709976,0.47082945880699667,15
2021-11-09,0.2708495933828337,0.5634812550647511,0.6695611640400524,0.7061168953895863,0.05958924257711395,0.9718458256367826,0.0012886506422808916,0.002104107039963045,2.697713532571749,15
2021-11-10,0.4246469507228812,0.5634812550647511,0.5421707550997321,0.7061168953895863,0.03318229417738661,0.9718458256367826,0.001000578107600568,0.0019872754639281864,1.293125396441298,15
2021-11-11,0.2743292472974718,0.5634812550647511,0.6718153404232724,0.7061168953895863,0.053855412279255735,0.9718458256367826,0.001267961299779912,0.002113797820177413,2.8810729858604023,15
2021-11-12,0.445647429624565,0.5634812550647511,0.5266484809228607,0.7061168953895863,0.02770408945257436,0.9718458256367826,0.0009560756062868283,0.0019758188369435365,2.3925837039187234,15
2021-11-13,0.4292270383812842,0.5634812550647511,0.5465043682242386,0.7061168953895863,0.024268593394477248,0.9718458256367826,0.0009695789009385199,0.0020033124787566334,3.0721745120075337,15
2021-11-14,0.4875502417712369,0.5634812550647511,0.49537490223311387,0.7061168953895863,0.01707485599564909,0.9718458256367826,0.0008681096635070406,0.0019522349503511647,2.928388527182169,15
2021-11-15,0.4861026771051183,0.5634812550647511,0.4981320820357174,0.7061168953895863,0.0157652408591644,0.9718458256367826,0.0008665231923080035,0.0019570762333778794,1.8838168259030699,15
2021-11-16,0.3728860963813698,0.5634812550647511,0.6047607068668124,0.7061168953895863,0.02235319675181796,0.9718458256367826,0.001043137528496385,0.0020739408480291203,0.7592598605689683,15
2021-11-17,0.2735305513607975,0.5634812550647511,0.6759088795216854,0.7061168953895863,0.050560569117517176,0.9718458256367826,0.0012599877055152653,0.0021226458301802685,2.8364448783064558,15
2021-11-18,0.4413086093331627,0.5634812550647511,0.5313750598982622,0.7061168953895863,0.027316330768575148,0.9718458256367826,0.0009610782648448873,0.001981834859743195,0.5659002767286456,15
2021-11-19,0.26790793925748657,0.5634812550647511,0.6625944562827549,0.7061168953895863,0.06949760445975846,0.9718458256367826,0.0013201047731606868,0.0020837613587261043,2.0839607231930435,15
2021-11-20,0.3258166157298958,0.5634812550647511,0.6174409724445283,0.7061168953895863,0.05674241182557581,0.9718458256367826,0.0012038807700966141,0.0020465244761572886,1.720967127716567,15
2021-11-21,0.2842518257796773,0.5634812550647511,0.6538579570533573,0.7061168953895863,0.06189021716696547,0.9718458256367826,0.0012762460135792703,0.002082874886235718,2.4231147869213645,15
2021-11-22,0.39095087488032176,0.5634812550647511,0.5680642650727215,0.7061168953895863,0.04098486004695678,0.9718458256367826,0.0010692595607833014,0.002008029185145676,1.0544766574901647,15
2021-11-23,0.2668401161188956,0.5634812550647511,0.6599653572573618,0.7061168953895863,0.07319452662374248,0.9718458256367826,0.0013317988368489752,0.00207613529890678,2.0450946180325946,15
2021-11-24,0.3180911656117856,0.5634812550647511,0.6208843405987667,0.7061168953895863,0.061024493789447694,0.9718458256367826,0.0012265051762468785,0.002045295679824894,2.6465193649909375,15
2021-11-25,0.4283610628503978,0.5634812550647511,0.5366616723632092,0.7061168953895863,0.03497726478639307,0.9718458256367826,0.0010003316542386844,0.001978612401418245,1.5020979845773799,15
2021-11-26,0.28493365027123974,0.5634812550647511,0.6666045174960256,0.7061168953895863,0.04846183223273481,0.9718458256367826,0.001238241638869576,0.0021143216854531193,-0.7988375362213622,15
2021-11-27,0.21733659293987947,0.5634812550647511,0.5428354353615312,0.7061168953895863,0.23982797169858927,0.9718458256367826,0.0018606933988870172,0.001734010640630576,2.3040489865109968,15
2021-11-28,0.3368468945246219,0.5634812550647511,0.5168990414030967,0.7061168953895863,0.1462540640722813,0.9718458256367826,0.0014353431275590193,0.0018186512929080831,1.2456730614235214,15
2021-11-29,0.22922770219745492,0.5634812550647511,0.5708205562312416,0.7061168953895863,0.19995174157130363,0.9718458256367826,0.0017340850236692309,0.0018158304650146184,2.5106309813550567,15
2021-11-30,0.3797632893502981,0.5634812550647511,0.5166741876657905,0.7061168953895863,0.10356252298391141,0.9718458256367826,0.0012575284942198204,0.0018708714336767582,2.299438161687104,15
2021-12-01,0.3941047489808269,0.5634812550647511,0.5367759360748806,0.7061168953895863,0.06911931494429234,0.9718458256367826,0.0011424544594806167,0.0019367731338315267,3.0633699483261183,15
2021-12-02,0.4808370023681434,0.5634812550647511,0.48970342911822107,0.7061168953895863,0.02945956851363562,0.9718458256367826,0.0009116669987017322,0.0019303628733218128,2.670729825856775,15
2021-12-03,0.46523002825244086,0.5634812550647511,0.5127390553830127,0.7061168953895863,0.022030916364546516,0.9718458256367826,0.0009130194372416289,0.001966492079416913,0.6923769661139964,15
2021-12-04,0.2724119953555619,0.5634812550647511,0.6732553241534831,0.7061168953895863,0.054332680490955056,0.9718458256367826,0.0012719608090634108,0.002114898673412266,-0.5249021163831886,15
2021-12-05,0.2215009376921709,0.5634812550647511,0.5526971442470499,0.7061168953895863,0.22580191806077912,0.9718458256367826,0.001816187255559139,0.0017628112873271083,2.746272727828916,15
2021-12-06,0.4124946774400614,0.5634812550647511,0.49246485173139626,0.7061168953895863,0.09504047082854233,0.9718458256367826,0.0011882074587455018,0.0018529759979646078,1.8228621508391325,15
2021-12-07,0.3198350806922111,0.5634812550647511,0.5871625711555942,0.7061168953895863,0.09300234815219456,0.9718458256367826,0.0013122806683102189,0.001966462796521982,2.9509564131401227,15
2021-12-08,0.45924661719420196,0.5634812550647511,0.5019288906952045,0.7061168953895863,0.03882449211059358,0.9718458256367826,0.0009677170503416753,0.0019331775819480428,3.121949301033994,15
2021-12-09,0.4948306798520139,0.5634812550647511,0.48450262201532146,0.7061168953895863,0.020666698132664685,0.9718458256367826,0.0008678274819444659,0.0019350774589354442,0.6616488571395216,15
2021-12-10,0.2727426562768765,0.5634812550647511,0.6740348102714012,0.7061168953895863,0.053222533451722245,0.9718458256367826,0.001268435040024003,0.0021171769742178233,2.5076866459265905,15
2021-12-11,0.4007753779047804,0.5634812550647511,0.5646885488630564,0.7061168953895863,0.034536073232163164,0.9718458256367826,0.0010377204660064023,0.0020120009461657077,1.369708576107688,15
2021-12-12,0.27462155013146433,0.5634812550647511,0.674399350596746,0.7061168953895863,0.050979099271789646,0.9718458256367826,0.0012596160014558995,0.002120362206535645,2.346596280770501,15
2021-12-13,0.37443579901030766,0.5634812550647511,0.5887235973631882,0.7061168953895863,0.03684060362650431,0.9718458256367826,0.0010809382521948492,0.0020373357540635433,0.19980537550307953,15
2021-12-14,0.2562644455523696,0.5634812550647511,0.6350216425993079,0.7061168953895863,0.10871391184832244,0.9718458256367826,0.0014445899689667229,0.002003236027204918,1.7291120673076967,15
2021-12-15,0.26207106392076907,0.5634812550647511,0.6290775514211477,0.7061168953895863,0.10885138465808322,0.9718458256367826,0.0014368429613574472,0.0019961008320933814,2.603268781358695,15
2021-12-16,0.40643036474395006,0.5634812550647511,0.5372373890614692,0.7061168953895863,0.05633224619458061,0.9718458256367826,0.0010899319932411462,0.001953033960983928,1.677501592583559,15
2021-12-17,0.30402380568126236,0.5634812550647511,0.6300171377808945,0.7061168953895863,0.06595905653784315,0.9718458256367826,0.0012598043513545524,0.0020499324822691816,1.6602097277052086,15
2021-12-18,0.27525551915184915,0.5634812550647511,0.6498055512663817,0.7061168953895863,0.07493892958176912,0.9718458256367826,0.0013248357662700467,0.0020620839776932113,2.5687179597200522,15
2021-12-19,0.4063425755532367,0.5634812550647511,0.5509474383441116,0.7061168953895863,0.042709986102651504,0.9718458256367826,0.0010524780531216353,0.0019858482671113323,3.0700395715816358,15
2021-12-20,0.48394613165172795,0.5634812550647511,0.49393122796209377,0.7061168953895863,0.022122640386178366,0.9718458256367826,0.0008870777030474365,0.0019443374434043937,3.1858992451004178,15
2021-12-21,0.5021015162734234,0.5634812550647511,0.48184210928735843,0.7061168953895863,0.01605637443921814,0.9718458256367826,0.000844934237276854,0.001937627254567074,1.0500349031849778,15
2021-12-22,0.2787245534121903,0.5634812550647511,0.6873286322697516,0.7061168953895863,0.033946814318058106,0.9718458256367826,0.0012068781352912328,0.0021564536693694293,2.6514280762742386,15
2021-12-23,0.42199686902182315,0.5634812550647511,0.554423040176248,0.7061168953895863,0.023580090801929132,0.9718458256367826,0.000977797875248441,0.0020134392069562335,1.29432258606295,15
2021-12-24,0.2776858766225382,0.5634812550647511,0.6832836102902756,0.7061168953895863,0.03903051308718602,0.9718458256367826,0.001222359114602127,0.002145463355419085,2.8990523957175194,15
2021-12-25,0.44878338904965925,0.5634812550647511,0.5286030190648271,0.7061168953895863,0.022613591885513658,0.9718458256367826,0.0009376444273504879,0.0019843675621467423,3.0418016538612944,15
2021-12-26,0.48874109640545566,0.5634812550647511,0.49442369999071156,0.7061168953895863,0.01683520360383285,0.9718458256367826,0.0008657818957769294,0.001951414808089631,3.1649272473266694,15
2021-12-27,0.5015447367432696,0.5634812550647511,0.483619570137675,0.7061168953895863,0.014835693119055521,0.9718458256367826,0.0008423464619411276,0.0019412110214045146,3.199987127959133,15
2021-12-28,0.5052927932001702,0.5634812550647511,0.4804383811542479,0.7061168953895863,0.014268825645582088,0.9718458256367826,0.0008355369916283106,0.001938179709528289,0.19373012318405847,15
2021-12-29,0.2734943457196847,0.5634812550647511,0.675824260088641,0.7061168953895863,0.050681394191674334,0.9718458256367826,0.0012603717471801974,0.0021223981216511923,1.784092552839168,15
2021-12-30,0.2874581659252337,0.5634812550647511,0.6583063247167524,0.7061168953895863,0.05423550935801395,0.9718458256367826,0.0012506396473838484,0.002097498620915117,2.515978450524234,15
2021-12-31,0.40293551652261866,0.5634812550647511,0.5624221640219731,0.7061168953895863,0.0346423194554082,0.9718458256367826,0.0010349905509939277,0.0020092142358150095,2.200994398049377,15
2022-01-01,0.3923126964155224,0.5634812550647511,0.5765793280373767,0.7061168953895863,0.031107975547101003,0.9718458256367826,0.0010401061844831042,0.0020301507672408135,1.798151550069014,15
2022-01-02,0.31896283339844933,0.5634812550647511,0.6447249475015469,0.7061168953895863,0.03631221910000379,0.9718458256367826,0.0011571045352663548,0.002103616235019312,2.8567215796484255,15
2022-01-03,0.4523241105417033,0.5634812550647511,0.5254141416415163,0.7061168953895863,0.022261747816780537,0.9718458256367826,0.0009317185397857338,0.0019810628966718917,1.9530231179203659,15
2022-01-04,0.3714031588693293,0.5634812550647511,0.6019087358597857,0.7061168953895863,0.02668810527088508,0.9718458256367826,0.0010571724934507153,0.0020652692722485802,2.499628903498336,15
2022-01-05,0.4244974095244298,0.5634812550647511,0.5531998301868047,0.7061168953895863,0.02230276028876555,0.9718458256367826,0.0009707747328906743,0.002013575973985717,0.75456440365583,15
2022-01-06,0.27313666687597865,0.5634812550647511,0.6749729970163271,0.7061168953895863,0.0518903361076943,0.9718458256367826,0.0012642079390913512,0.002119914246329158,2.5936603301562218,15
2022-01-07,0.4125029427214001,0.5634812550647511,0.5553794931085375,0.7061168953895863,0.03211756417006263,0.9718458256367826,0.0010146363373158029,0.002004064418625445,1.2318113679678682,15
2022-01-08,0.2731177691939332,0.5634812550647511,0.6729575582674011,0.7061168953895863,0.053924672538665536,0.9718458256367826,0.0012698475145253624,0.0021150512983906283,2.8012740406732144,15
2022-01-09,0.43640272874641595,0.5634812550647511,0.5345973551976222,0.7061168953895863,0.02899991605596185,0.9718458256367826,0.0009725883927383481,0.001983541487954788,3.124775967027395,15
2022-01-10,0.4920838336105821,0.5634812550647511,0.48987271330020027,0.7061168953895863,0.01804345308921773,0.9718458256367826,0.0008644362124369933,0.0019445958850585773,3.1599461799669704,15
2022-01-11,0.5019105248759188,0.5634812550647511,0.48291827794590125,0.7061168953895863,0.015171197178180065,0.9718458256367826,0.0008427599348061028,0.0019399766822283421,1.9068659336229823,15
2022-01-12,0.37686248365278724,0.5634812550647511,0.6016800499540974,0.7061168953895863,0.021457466393115354,0.9718458256367826,0.0010351020326717696,0.0020714316487741432,1.7407171070056062,15
2022-01-13,0.30686921793691985,0.5634812550647511,0.6648376911908874,0.7061168953895863,0.028293090872192617,0.9718458256367826,0.001151899424462459,0.0021370458756705063,1.6007244179072717,15
2022-01-14,0.28183459102437697,0.5634812550647511,0.6804434026673091,0.7061168953895863,0.037722006308313946,0.9718458256367826,0.0012129438849425374,0.002143743405769045,2.6442009406289513,15
2022-01-15,0.41975258799221943,0.5634812550647511,0.5551195469293982,0.7061168953895863,0.025127865078382376,0.9718458256367826,0.000985208467076233,0.002012352693761192,3.102143282386226,15
2022-01-16,0.48841303995935414,0.5634812550647511,0.49445372272830723,0.7061168953895863,0.01713323731233852,0.9718458256367826,0.0008670631369254655,0.0019510835998887781,3.172085447385667,15
2022-01-17,0.5021217261899811,0.5634812550647511,0.4829833837695057,0.7061168953895863,0.014894890040513269,0.9718458256367826,0.0008417021830354802,0.001940392666575402,1.6847491262960084,15
2022-01-18,0.3469323501379536,0.5634812550647511,0.6292112624050884,0.7061168953895863,0.023856387456958124,0.9718458256367826,0.001083601315674917,0.002100747752482685,2.9596981894089156,15
2022-01-19,0.46641672613490276,0.5634812550647511,0.5161448878126709,0.7061168953895863,0.017438386052426577,0.9718458256367826,0.0008986901297795435,0.0019761294665240907,2.267352880735417,15
2022-01-20,0.42025665655172917,0.5634812550647511,0.5598574320411935,0.7061168953895863,0.01988591140707722,0.9718458256367826,0.0009700419714825441,0.0020243495638088828,1.6404009331281102,15
2022-01-21,0.31064129557903947,0.5634812550647511,0.6602277084575421,0.7061168953895863,0.02913099596341852,0.9718458256367826,0.0011489336751759327,0.0021306131020313156,-1.9740558568341815,15
2022-01-22,0.19914013067853525,0.5634812550647511,0.49974385091262813,0.7061168953895863,0.30111601840883656,0.9718458256367826,0.0020551473549136907,0.0016081637398840875,1.4266134387155802,15
2022-01-23,0.18349620219162166,0.5634812550647511,0.46248810161445675,0.7061168953895863,0.3540156961939216,0.9718458256367826,0.0022228744587875185,0.0014994685595461994,1.6459812824911346,15
2022-01-24,0.18461533164787794,0.5634812550647511,0.46104656956911677,0.7061168953895863,0.3543380987830054,0.9718458256367826,0.002222195558570436,0.0014973828012410763,2.4477237701882766,15
2022-01-25,0.3479761117509831,0.5634812550647511,0.4644741869833216,0.7061168953895863,0.18754970126569537,0.9718458256367826,0.0015336342082727774,0.0017064442957267173,2.830497603729861,15
2022-01-26,0.43598703087004315,0.5342099687009731,0.5172439385091071,0.7219970146070237,0.04676903062084969,0.9255630610230955,0.0011052727230295473,0.001161782807515277,3.035993405833505,16
2022-01-27,0.46247301695904675,0.5342099687009731,0.510465172436226,0.7219970146070237,0.02706181060472713,0.9255630610230955,0.0009892706048925746,0.0012398261954537767,3.1036163655379525,16
2022-01-28,0.47041489063831343,0.5342099687009731,0.5073229583052206,0.7219970146070237,0.022262151056465968,0.9255630610230955,0.000958849026442353,0.0012590416830622051,2.093849271484072,16
2022-01-29,0.37884151693058987,0.5342099687009731,0.5967861346155402,0.7219970146070237,0.02437234845387,0.9255630610230955,0.0011002549296993157,0.0012382987501107037,2.8819833862233515,16
2022-01-30,0.4432873559081236,0.5342099687009731,0.5352141376333657,0.7219970146070237,0.0214985064585105,0.9255630610230955,0.0009952766908551747,0.0012581360152803854,3.0733652424586317,16
2022-01-31,0.46616254297774207,0.5342099687009731,0.512883474211842,0.7219970146070237,0.020953982810416057,0.9255630610230955,0.0009598847172593064,0.0012633832505088798,2.7167653922842985,16
2022-02-01,0.4441911502311998,0.5342099687009731,0.5342312663307369,0.7219970146070237,0.021577583438063132,0.9255630610230955,0.0009942740058770945,0.0012579638483991046,2.9572418451763576,16
2022-02-02,0.4587538172630426,0.5342099687009731,0.5201201516826898,0.7219970146070237,0.02112603105426768,0.9255630610230955,0.0009713303847075752,0.0012617000560084595,0.8947913137141807,16
2022-02-03,0.26221171883184985,0.5342099687009731,0.69719326004089,0.7219970146070237,0.04059502112726005,0.9255630610230955,0.0013335800473295823,0.0011608184017097476,2.862260266526735,16
2022-02-04,0.4222458777743762,0.5342099687009731,0.5525540143466019,0.7219970146070237,0.025200107879021993,0.9255630610230955,0.0010404203698632963,0.0012412345154935466,-1.389410934960044,16
2022-02-05,0.21890041964309134,0.5342099687009731,0.594351237711922,0.7219970146070237,0.18674834264498658,0.9255630610230955,0.0019709656646882353,0.0006034028000889331,2.5401243895688874,16
2022-02-06,0.37166764449190864,0.5342099687009731,0.544423309556267,0.7219970146070237,0.08390904595182429,0.9255630610230955,0.0013447921732826517,0.0010126924925311434,2.06620573809819,16
2022-02-07,0.34249852729738856,0.5342099687009731,0.597209469366501,0.7219970146070237,0.060292003336110574,0.9255630610230955,0.0012943349898954597,0.00109771733935518,1.4985301486975084,16
2022-02-08,0.257874777647905,0.5342099687009731,0.6780339134038963,0.7219970146070237,0.06409130894819881,0.9255630610230955,0.0014322741819885944,0.0010715722204061161,2.7860041803690363,16
2022-02-09,0.41316556588367276,0.5342099687009731,0.5540057113505064,0.7219970146070237,0.03282872276582101,0.9255630610230955,0.0010836219774018304,0.0012111877579442487,3.039877560272202,16
2022-02-10,0.45995301178755943,0.5342099687009731,0.5165731615484542,0.7219970146070237,0.023473826663986425,0.9255630610230955,0.000978821622652971,0.0012530102776505275,2.031210781221468,16
2022-02-11,0.3663521019461863,0.5342099687009731,0.6079754133679839,0.7219970146070237,0.025672484685829854,0.9255630610230955,0.0011235223015015462,0.001231650612702099,1.5747527422315155,16
2022-02-12,0.2729729069385518,0.5342099687009731,0.6965426769860691,0.7219970146070237,0.03048441607537916,0.9255630610230955,0.0012781772740794635,0.001200463202578037,2.7921358801393343,16
2022-02-13,0.41700575820172664,0.5342099687009731,0.5603248825645336,0.7219970146070237,0.02266935923373979,0.9255630610230955,0.0010380834349810193,0.0012500504467119764,3.1018523864612706,16
2022-02-14,0.46461666203656576,0.5342099687009731,0.5143935036758909,0.7219970146070237,0.02098983428754356,0.9255630610230955,0.0009622727469254933,0.0012630322199568575,2.8502355533106636,16
2022-02-15,0.4542293744049855,0.5342099687009731,0.5244590480348915,0.7219970146070237,0.021311577560122877,0.9255630610230955,0.0009786366870631396,0.0012603685365261354,1.1459346080552177,16
2022-02-16,0.26470752175932666,0.5342099687009731,0.702046152869356,0.7219970146070237,0.03324632537131714,0.9255630610230955,0.0013010530867618934,0.0011888900638462702,2.522630999743666,16
2022-02-17,0.38353617929106715,0.5342099687009731,0.591660133980175,0.7219970146070237,0.024803686728757955,0.9255630610230955,0.001095127501856796,0.001237326803451145,-0.31372567471997237,16
2022-02-18,0.24449402000870787,0.5342099687009731,0.6551390553712977,0.7219970146070237,0.1003669246199945,0.9255630610230955,0.0015943318916071083,0.0009328530763221166,2.2689731897806023,16
2022-02-19,0.33839720957407765,0.5342099687009731,0.6009446952284326,0.7219970146070237,0.06065809519748957,0.9255630610230955,0.0013017357407056503,0.0010957637655096848,2.9859920686301096,16
2022-02-20,0.44511126388061295,0.5342099687009731,0.5246788596272479,0.7219970146070237,0.03020987649213936,0.9255630610230955,0.0010268880133117355,0.001225526561994649,1.1869762178581014,16
2022-02-21,0.2610695415028391,0.5342099687009731,0.6931261876354438,0.7219970146070237,0.045804270861717115,0.9255630610230955,0.0013557250117316462,0.0011410068407667364,1.492181150213387,16
2022-02-22,0.25942880613149355,0.5342099687009731,0.6897769450900808,0.7219970146070237,0.05079424877842563,0.9255630610230955,0.0013777316380224247,0.001121952902353507,1.7728308631070284,16
2022-02-23,0.2708790864322446,0.5342099687009731,0.6842028938657572,0.7219970146070237,0.04491801970199814,0.9255630610230955,0.0013379816299916832,0.0011457195126730747,1.852849184075796,16
2022-02-24,0.28241956489077846,0.5342099687009731,0.6776036082005925,0.7219970146070237,0.0399768269086289,0.9255630610230955,0.001301776430310836,0.0011659712461631084,1.8633368252863982,16
2022-02-25,0.2883568680489841,0.5342099687009731,0.676357494580803,0.7219970146070237,0.035285637370212904,0.9255630610230955,0.0012746979664480095,0.0011844977210731444,1.8249342798995716,16
2022-02-26,0.2850368206331432,0.5342099687009731,0.6824042150381849,0.7219970146070237,0.03255896432867182,0.9255630610230955,0.0012688006315655382,0.0011943207960845206,2.7091735781911375,16
2022-02-27,0.4102335151755607,0.5342099687009731,0.5659715787470679,0.7219970146070237,0.02379490607737146,0.9255630610230955,0.001052354114333519,0.0012448589776687027,1.3265008662139868,16
2022-02-28,0.26530348395104303,0.5342099687009731,0.7010493595550688,0.7219970146070237,0.033647156493888115,0.9255630610230955,0.001301763173422161,0.0011874610965612366,-2.984428363452084,16
2022-03-01,0.10570215991988757,0.5342099687009731,0.3254920278658296,0.7219970146070237,0.5688058122142828,0.9255630610230955,0.003634180678326427,-0.0008537270058855228,1.7444949738694262,16
2022-03-02,0.1460925951744348,0.5342099687009731,0.39113472151096934,0.7219970146070237,0.4627726833145959,0.9255630610230955,0.003159970877239168,-0.0004480743632134525,2.3128910460363983,16
2022-03-03,0.3029415234011474,0.5342099687009731,0.45972009472299485,0.7219970146070237,0.23733838187585768,0.9255630610230955,0.00204752162856993,0.0004242803093230177,1.4510321628316052,16
2022-03-04,0.1994630229174798,0.5342099687009731,0.5438134180895595,0.7219970146070237,0.2567235589929608,0.9255630610230955,0.0022740247855262026,0.00033670497079620304,0.28100848485587215,16
2022-03-05,0.11510762215591051,0.5342099687009731,0.34783110932518624,0.7219970146070237,0.5370612685189033,0.9255630610230955,0.0034961485621499517,-0.0007326564223218992,2.3269971321417255,16
2022-03-06,0.29563993313898035,0.5342099687009731,0.435680613343931,0.7219970146070237,0.2686794535170887,0.9255630610230955,0.002181192333530762,0.0003050255079419588,1.6560780474175463,16
2022-03-07,0.21803253253300897,0.5342099687009731,0.5330105716649607,0.7219970146070237,0.24895689580203031,0.9255630610230955,0.0022165430208828086,0.0003685970557500679,2.558531275962145,16
2022-03-08,0.3717408333495371,0.5342099687009731,0.5204505856293601,0.7219970146070237,0.10780858102110288,0.9255630610230955,0.0014386349676215673,0.0009225406232751506,2.4340127556762874,16
2022-03-09,0.39412955778661446,0.5342099687009731,0.5475282792713422,0.7219970146070237,0.05834216294204347,0.9255630610230955,0.0012116220619134332,0.0011122800326405096,-0.11959940912438505,16
2022-03-10,0.22144431742958787,0.5342099687009731,0.6003932948109066,0.7219970146070237,0.17816238775950538,0.9255630610230955,0.0019335395447332157,0.0006361487919170683,0.8773662892841768,16
2022-03-11,0.1934456430090677,0.5342099687009731,0.5338931321401346,0.7219970146070237,0.2726612248507976,0.9255630610230955,0.002345341246460025,0.0002757394740655171,2.054923415620983,16
2022-03-12,0.2724850730250418,0.5342099687009731,0.5493007048794327,0.7219970146070237,0.17821422209552543,0.9255630610230955,0.00185956170136011,0.0006430776835230556,2.8405389864054733,16
2022-03-13,0.41954933443407966,0.5342099687009731,0.5147453693168249,0.7219970146070237,0.06570529624909567,0.9255630610230955,0.0012036261386193096,0.0010880504539422953,1.4556959140541408,16
2022-03-14,0.25998136597208255,0.5342099687009731,0.6631599634987347,0.7219970146070237,0.07685867052918265,0.9255630610230955,0.001479408534397087,0.001023700811634766,1.308741424041648,16
2022-03-15,0.24837756344000358,0.5342099687009731,0.6642928374073267,0.7219970146070237,0.08732959915266948,0.9255630610230955,0.0015374384859134162,0.0009825790587383956,2.6201105602502976,16
2022-03-16,0.39103638376091976,0.5342099687009731,0.5651484944931396,0.7219970146070237,0.043815121745940516,0.9255630610230955,0.0011589933468786513,0.0011666522020275193,1.232815847025792,16
2022-03-17,0.25735381172991817,0.5342099687009731,0.6849920493521807,0.7219970146070237,0.057654138917901096,0.9255630610230955,0.0014077212273735484,0.00109578401953939,2.792896152928468,16
2022-03-18,0.4137738825239083,0.5342099687009731,0.5553487493311453,0.7219970146070237,0.030877368144946685,0.9255630610230955,0.0010750633419928997,0.0012186342430455734,2.04383360948269,16
2022-03-19,0.3547795576650843,0.5342099687009731,0.6161768232044939,0.7219970146070237,0.029043619130422034,0.9255630610230955,0.0011536019414299986,0.0012173175200291667,2.8371829855316575,16
2022-03-20,0.43552610247663276,0.5342099687009731,0.5417280122871722,0.7219970146070237,0.022745885236195314,0.9255630610230955,0.0010114642125491592,0.001252346880340827,1.7993567940055504,16
2022-03-21,0.3231144904901613,0.5342099687009731,0.6504139042735146,0.7219970146070237,0.02647160523632401,0.9255630610230955,0.0011895128674240581,0.0012226006439068095,2.8135083920554647,16
2022-03-22,0.4279378614106417,0.5342099687009731,0.55021226748945,0.7219970146070237,0.021849871099908602,0.9255630610230955,0.001018969922327905,0.0012546679424915125,1.4899331030188074,16
2022-03-23,0.2773305962574247,0.5342099687009731,0.6947252665547639,0.7219970146070237,0.027944137187811406,0.9255630610230955,0.0012618528113517706,0.0012106547812649898,2.7597104617389285,16
2022-03-24,0.41458458866173653,0.5342099687009731,0.5634694223189499,0.7219970146070237,0.02194598901931348,0.9255630610230955,0.0010387576019134709,0.0012524414388870087,1.6135565863613117,16
2022-03-25,0.2891282579049939,0.5342099687009731,0.6844354411040385,0.7219970146070237,0.026436300990967596,0.9255630610230955,0.0012387743476924868,0.0012179899190171476,2.76856233371267,16
2022-03-26,0.4176867089454884,0.5342099687009731,0.5607506251295047,0.7219970146070237,0.021562665925006955,0.9255630610230955,0.001032740847978006,0.0012543205470308197,3.0830978412074077,16
2022-03-27,0.46353847699681094,0.5342099687009731,0.5157032342623142,0.7219970146070237,0.020758288740874827,0.9255630610230955,0.0009629292211101476,0.0012637552394176813,0.940368022995415,16
2022-03-28,0.2633524050397525,0.5342099687009731,0.6998558688326564,0.7219970146070237,0.03679172612759109,0.9255630610230955,0.0013169655107698186,0.001175325726207793,2.6867026634589495,16
2022-03-29,0.4036713347957042,0.5342099687009731,0.5713368389419629,0.7219970146070237,0.02499182626233311,0.9255630610230955,0.0010666001196601481,0.0012394275706878273,3.0376341635545563,16
2022-03-30,0.45861995520596677,0.5342099687009731,0.5198428965045488,0.7219970146070237,0.02153714828948445,0.9255630610230955,0.0009731419733569516,0.001260130412590471,2.8822663240020434,16
2022-03-31,0.45545743150052004,0.5342099687009731,0.5231190771485832,0.7219970146070237,0.021423491350896856,0.9255630610230955,0.0009772918246447942,0.001260117752957999,1.313529432256912,16
2022-04-01,0.2678214045714293,0.5342099687009731,0.70050921541932,0.7219970146070237,0.03166938000925069,0.9255630610230955,0.001290325310348568,0.001195273808244047,2.4084062531685997,16
2022-04-02,0.3692593106144428,0.5342099687009731,0.6061301803775068,0.7219970146070237,0.02461050900805049,0.9255630610230955,0.0011151197839782215,0.0012360627622309325,2.8141877591443336,16
2022-04-03,0.43577038665091705,0.5342099687009731,0.5425247766284371,0.7219970146070237,0.021704836720645684,0.9255630610230955,0.0010070145154342258,0.0012563083813087897,2.8086872143793284,16
2022-04-04,0.4464638606309099,0.5342099687009731,0.532182954055288,0.7219970146070237,0.021353185313802044,0.9255630610230955,0.0009900879049221166,0.0012591276330513265,3.1001070510700455,16
2022-04-05,0.46826855863545125,0.5342099687009731,0.5108510162983713,0.7219970146070237,0.020880425066177516,0.9255630610230955,0.000956534194877963,0.0012639547151449655,1.803691362458109,16
2022-04-06,0.334832714603919,0.5342099687009731,0.6396033067707965,0.7219970146070237,0.02556397862528466,0.9255630610230955,0.0011689103034727584,0.0012276603754876347,0.9395116031106336,16
2022-04-07,0.26108190456717134,0.5342099687009731,0.6945357503342097,0.7219970146070237,0.04438234509861883,0.9255630610230955,0.0013501155566750108,0.0011463728461859534,2.80341323845792,16
2022-04-08,0.41595745377387167,0.5342099687009731,0.5573772226457326,0.7219970146070237,0.026665323580395806,0.9255630610230955,0.0010553236316843443,0.0012348291632792332,1.4385719978314113,16
2022-04-09,0.26909175391483053,0.5342099687009731,0.6961868033205414,0.7219970146070237,0.03472144276462827,0.9255630610230955,0.0013004816017928706,0.001183937082011261,2.6335883437807968,16
2022-04-10,0.3986428228437764,0.5342099687009731,0.5767375346907893,0.7219970146070237,0.02461964246543419,0.9255630610230955,0.0010724454670104635,0.0012401297545432699,2.6551672448859476,16
2022-04-11,0.426136185049171,0.5342099687009731,0.5514304267367673,0.7219970146070237,0.022433388214061573,0.9255630610230955,0.0010238838132170264,0.0012522151135871216,0.30384983231197404,16
2022-04-12,0.2559087628603758,0.5342099687009731,0.6822504136570346,0.7219970146070237,0.061840823482589596,0.9255630610230955,0.0014262832799210397,0.0010797878564793985,2.451349919675813,16
2022-04-13,0.371384764403048,0.5342099687009731,0.591636230779098,0.7219970146070237,0.03697900481785417,0.9255630610230955,0.0011606738545496859,0.001189698726062996,1.7664785372175278,16
2022-04-14,0.2974590809068278,0.5342099687009731,0.6662325700854363,0.7219970146070237,0.03630834900773577,0.9255630610230955,0.0012654895828072708,0.0011819100120603544,1.6353747665241127,16
2022-04-15,0.26692877545474836,0.5342099687009731,0.6948137178524253,0.7219970146070237,0.03825750669282618,0.9255630610230955,0.0013175314216579146,0.0011702952039444373,2.394158730392718,16
2022-04-16,0.36678502199530116,0.5342099687009731,0.605602445840565,0.7219970146070237,0.027612532164133834,0.9255630610230955,0.0011305231807055363,0.0012243921236033584,2.9900420635830063,16
2022-04-17,0.44993352156883093,0.5342099687009731,0.5280137917152238,0.7219970146070237,0.022052686715945253,0.9255630610230955,0.000987795855195857,0.0012569730389867658,2.0070951147409635,16
2022-04-18,0.35995895190556637,0.5342099687009731,0.6153048220176573,0.7219970146070237,0.02473622607677619,0.9255630610230955,0.0011291327087092082,0.0012342903137539396,1.7184060151014737,16
2022-04-19,0.28903759266054263,0.5342099687009731,0.6841215718136866,0.7219970146070237,0.026840835525770667,0.9255630610230955,0.0012404971219189844,0.0012164511386917206,2.3437528001695083,16
2022-04-20,0.3654557973013187,0.5342099687009731,0.6115354053485179,0.7219970146070237,0.02300879735016344,0.9255630610230955,0.0011143487474695006,0.0012415743853722344,2.9867669293882675,16
2022-04-21,0.4495555179026984,0.5342099687009731,0.5295605327026228,0.7219970146070237,0.020883949394678678,0.9255630610230955,0.0009837484204194198,0.00126132939077986,1.7060750729820715,16
2022-04-22,0.31292510049052324,0.5342099687009731,0.661108283496627,0.7219970146070237,0.025966616012849438,0.9255630610230955,0.0012023374674702562,0.0012230834697052881,2.0832431843409753,16
2022-04-23,0.33165266276777755,0.5342099687009731,0.6438096253676303,0.7219970146070237,0.02453771186459217,0.9255630610230955,0.0011694963564459367,0.0012310881313636268,2.8905192158197934,16
2022-04-24,0.436470956321757,0.5342099687009731,0.5423421100954879,0.7219970146070237,0.021186933582754943,0.9255630610230955,0.0010039591910551622,0.001258359982351038,3.0917219549514177,16
2022-04-25,0.4664459111423013,0.5342099687009731,0.5127473841353822,0.7219970146070237,0.020806704722316556,0.9255630610230955,0.0009588935472571284,0.0012639784172820822,1.7872778443078559,16
2022-04-26,0.3325593198089691,0.5342099687009731,0.6423374835355637,0.7219970146070237,0.025103196655467383,0.9255630610230955,0.0011704025351486206,0.0012290813684352514,0.6702351858273221,16
2022-04-27,0.022771038747841647,0.899190324342085,0.6144455788393949,0.8123133845220414,0.36278338241276364,0.4751771401374058,0.0020537553984519815,0.0007674289262851563,1.9733574702142394,17
2022-04-28,0.020600254324064766,0.899190324342085,0.7248145082783012,0.8123133845220414,0.2545852373976343,0.4751771401374058,0.0016270355749382307,0.001021138661706949,2.4994471810770733,17
2022-04-29,0.04405619198001073,0.899190324342085,0.7481128707839266,0.8123133845220414,0.20783093723606288,0.4751771401374058,0.0014300235312727722,0.0011152412523485887,1.9149065440469735,17
2022-04-30,0.020409516405268356,0.899190324342085,0.7562724905108394,0.8123133845220414,0.22331799308389236,0.4751771401374058,0.001503472389492264,0.001094178103179791,2.150942382171964,17
2022-05-01,0.021709343786161843,0.899190324342085,0.7613058063507789,0.8123133845220414,0.21698484986305933,0.4751771401374058,0.001477753289399005,0.0011081200582893325,2.377218757964649,17
2022-05-02,0.03026540355365434,0.899190324342085,0.7629129781176173,0.8123133845220414,0.20682161832872847,0.4751771401374058,0.001433142875930868,0.0011263746273665835,2.6697602928192747,17
2022-05-03,0.08313236838867884,0.899190324342085,0.7232280922009239,0.8123133845220414,0.1936395394103973,0.4751771401374058,0.001353742192529755,0.0011234600136787935,2.148697709954482,17
2022-05-04,0.04407723961381669,0.899190324342085,0.7463552902206266,0.8123133845220414,0.20956747016555674,0.4751771401374058,0.001436881093310053,0.0011111781026495674,1.019027021169638,17
2022-05-05,0.01864349180748845,0.899190324342085,0.706160023862037,0.8123133845220414,0.2751964843304747,0.4751771401374058,0.0017095563851442744,0.0009743171114055321,-0.1958039673872125,17
2022-05-06,0.027377969912194582,0.899190324342085,0.5124185833882011,0.8123133845220414,0.46020344669960445,0.4751771401374058,0.0024364879698616183,0.0005373037295129371,2.307450047680675,17
2022-05-07,0.05755821584441972,0.899190324342085,0.6918180937225347,0.8123133845220414,0.2506236904330456,0.4751771401374058,0.0015923054026024288,0.0010068490023326672,2.397751909304032,17
2022-05-08,0.07293335547224364,0.899190324342085,0.7183563457905406,0.8123133845220414,0.20871029873721592,0.4751771401374058,0.0014186099436111922,0.0010948065945542826,1.2816745227964597,17
2022-05-09,0.01812943250178807,0.899190324342085,0.7223908343458952,0.8123133845220414,0.2594797331523167,0.4751771401374058,0.0016476667540010514,0.0010112972449693909,-0.9195075184136745,17
2022-05-10,0.028070748497500193,0.899190324342085,0.49707652087099913,0.8123133845220414,0.47485273063150063,0.4751771401374058,0.002494031192785421,0.0005026992480748518,2.253444986403367,17
2022-05-11,0.04825362138015961,0.899190324342085,0.694923215144875,0.8123133845220414,0.2568231634749654,0.4751771401374058,0.001621622141932708,0.000998314808411814,-0.02380424102315759,17
2022-05-12,0.026238380452667763,0.899190324342085,0.5376555839792015,0.8123133845220414,0.43610603556813055,0.4751771401374058,0.00234182675432807,0.0005942265401806938,2.4506255483965185,17
2022-05-13,0.07679824355470453,0.899190324342085,0.6880630677652347,0.8123133845220414,0.23513868868006083,0.4751771401374058,0.001521141233046605,0.001030712740898685,2.644161094563964,17
2022-05-14,0.15355096469968865,0.899190324342085,0.6546249009815353,0.8123133845220414,0.19182413431877604,0.4751771401374058,0.0013102476159040596,0.001082863501420093,2.0766312246795082,17
2022-05-15,0.05918471364729532,0.899190324342085,0.7310071281611261,0.8123133845220414,0.2098081581915787,0.4751771401374058,0.0014300423228380311,0.0011009990094235532,1.6844068559066452,17
2022-05-16,0.01795399858600488,0.899190324342085,0.7490720589446426,0.8123133845220414,0.23297394246935282,0.4751771401374058,0.0015429290719178833,0.0010732228073866612,1.3093200916088796,17
2022-05-17,0.01825326818901428,0.899190324342085,0.7154550159425435,0.8123133845220414,0.2662917158684424,0.4751771401374058,0.0016745424566626318,0.000995332254583087,2.383511819931649,17
2022-05-18,0.031151872167260383,0.899190324342085,0.7543165718216605,0.8123133845220414,0.21453155601107932,0.4751771401374058,0.0014631805914542219,0.0011078300148464884,0.5525174204214208,17
2022-05-19,0.021234578850706856,0.899190324342085,0.648476126953133,0.8123133845220414,0.3302892941961602,0.4751771401374058,0.0019260727791938117,0.0008441861970783359,1.1080450814890517,17
2022-05-20,0.02073123228115961,0.899190324342085,0.659736908942766,0.8123133845220414,0.31953185877607454,0.4751771401374058,0.0018837970602096187,0.00086959394230415,1.673425493999147,17
2022-05-21,0.018767111099053418,0.899190324342085,0.7136254006225273,0.8123133845220414,0.26760748827841946,0.4751771401374058,0.001679480870907781,0.0009919366305687631,2.586680264531809,17
2022-05-22,0.055936357178286704,0.899190324342085,0.7379907692716482,0.8123133845220414,0.20607287355006518,0.4751771401374058,0.0014169436072143625,0.0011117780107413107,1.9722039148416945,17
2022-05-23,0.021789391270660617,0.899190324342085,0.7590561398249316,0.8123133845220414,0.21915446890440782,0.4751771401374058,0.0014862933106590589,0.0011030093522569509,1.3255601638098773,17
2022-05-24,0.017965082949999718,0.899190324342085,0.7222534456715016,0.8123133845220414,0.2597814713784988,0.4751771401374058,0.001648944832215548,0.001010698193353156,2.3690736059167454,17
2022-05-25,0.029493663334003654,0.899190324342085,0.7563972444578894,0.8123133845220414,0.21410909220810706,0.4751771401374058,0.0014623647641029865,0.0011098708945279775,2.6522414390662594,17
2022-05-26,0.08052956472335339,0.899190324342085,0.7242222617569593,0.8123133845220414,0.19524817351968743,0.4751771401374058,0.0013614469865717027,0.001121365543343822,2.6275497635937257,17
2022-05-27,0.1465733828943018,0.899190324342085,0.6655351196939879,0.8123133845220414,0.18789149741171038,0.4751771401374058,0.00129829190018315,0.0010964768618823045,2.0010246574514494,17
2022-05-28,0.05150429979039155,0.899190324342085,0.7352628831415337,0.8123133845220414,0.21323281706807512,0.4751771401374058,0.0014475482353457508,0.0010979019374915756,2.498614021629359,17
2022-05-29,0.07441541934990586,0.899190324342085,0.7263187985899807,0.8123133845220414,0.19926578206011356,0.4751771401374058,0.001380490614104561,0.0011158885349129755,2.5643117431171,17
2022-05-30,0.11427749573906747,0.899190324342085,0.6933821589416492,0.8123133845220414,0.19234034531928332,0.4751771401374058,0.001332542735981548,0.0011066621013468584,-0.2894096597017066,17
2022-05-31,0.02529758394039868,0.899190324342085,0.5584901780758866,0.8123133845220414,0.41621223798371465,0.4751771401374058,0.0022636735980836762,0.0006412195912643215,2.504219846849062,17
2022-06-01,0.08359984886936715,0.899190324342085,0.687746658564741,0.8123133845220414,0.2286534925658918,0.4751771401374058,0.0014919849034739508,0.0010415067306708415,0.16384934015643515,17
2022-06-02,0.02420751556160279,0.899190324342085,0.582630780565076,0.8123133845220414,0.39316170387332117,0.4751771401374058,0.0021731136129344015,0.0006956694646631888,2.181656854168225,17
2022-06-03,0.029418776996759193,0.899190324342085,0.723426201569119,0.8123133845220414,0.24715502143412185,0.4751771401374058,0.0015931017324656036,0.0010328525034898884,1.9611265951549168,17
2022-06-04,0.020079648200679,0.899190324342085,0.7494242702708586,0.8123133845220414,0.23049608152846268,0.4751771401374058,0.0015320327026268259,0.001077648160444011,2.632044983454869,17
2022-06-05,0.06049619641537286,0.899190324342085,0.7400283824649485,0.8123133845220414,0.19947542111967875,0.4751771401374058,0.0013884975232452358,0.0011242609553674514,2.710001033471166,17
2022-06-06,0.14198723538456798,0.899190324342085,0.671133711098027,0.8123133845220414,0.18687905351740505,0.4751771401374058,0.001296652563433581,0.0011017576252780076,1.1162590376575785,17
2022-06-07,0.01807647206267386,0.899190324342085,0.7227039528939625,0.8123133845220414,0.25921957504336385,0.4751771401374058,0.0016466652052484734,0.0010119376728809678,2.5785518464970174,17
2022-06-08,0.053978985881145615,0.899190324342085,0.740488433256787,0.8123133845220414,0.20553258086206744,0.4751771401374058,0.0014158159924534132,0.0011142841320678626,1.8281981036760786,17
2022-06-09,0.0198466292967761,0.899190324342085,0.7534689777306399,0.8123133845220414,0.2266843929725841,0.4751771401374058,0.0015170772586985517,0.00108668570494071,2.599421577783736,17
2022-06-10,0.0558291478387238,0.899190324342085,0.7438259026547617,0.8123133845220414,0.20034494950651457,0.4751771401374058,0.0013943433992438788,0.0011252042945096466,1.6995121853135007,17
2022-06-11,0.018406324100700325,0.899190324342085,0.7501215814056019,0.8123133845220414,0.2314720944936979,0.4751771401374058,0.0015367558849165054,0.0010764372898465996,2.103415148714326,17
2022-06-12,0.02024975368400879,0.899190324342085,0.7591394904660663,0.8123133845220414,0.22061075584992496,0.4751771401374058,0.0014928471880906757,0.0011005933316375464,0.612770835156157,17
2022-06-13,0.021072723647967143,0.899190324342085,0.652059971952629,0.8123133845220414,0.326867304399404,0.4751771401374058,0.0019126257151341171,0.0008522696246281577,-3.01874371590789,17
2022-06-14,0.028086090128078764,0.899190324342085,0.4967367698157153,0.8123133845220414,0.475177140056206,0.4751771401374058,0.0024953054644056495,0.0005019329293955393,2.3310702689761236,17
2022-06-15,0.06595584651435427,0.899190324342085,0.6831028863064071,0.8123133845220414,0.2509412671792388,0.4751771401374058,0.0015892296839344635,0.0010007622480032745,2.3219939515525567,17
2022-06-16,0.05944616476640222,0.899190324342085,0.7286123620177245,0.8123133845220414,0.21194147321587342,0.4751771401374058,0.0014383451328729962,0.0010958574816218379,-0.9217782100878502,17
2022-06-17,0.02801935198983439,0.899190324342085,0.49821473219918433,0.8123133845220414,0.4737659158109813,0.4751771401374058,0.0024897622044233935,0.000505266517810231,2.427403040909212,17
2022-06-18,0.0847225142651353,0.899190324342085,0.6732845713059088,0.8123133845220414,0.24199291442895587,0.4751771401374058,0.001544161094338248,0.0010096832883972795,-0.0829248292942184,17
2022-06-19,0.026211975116841812,0.899190324342085,0.5382403493498673,0.8123133845220414,0.4355476755332909,0.4751771401374058,0.002339633286700284,0.0005955454960532697,0.403793173546634,17
2022-06-20,0.026931763040867293,0.899190324342085,0.5223001447959632,0.8123133845220414,0.4507680921631695,0.4751771401374058,0.0023994240909746166,0.0005595918872256374,2.475079256873788,17
2022-06-21,0.08902620092820371,0.899190324342085,0.6758532527668181,0.8123133845220414,0.23512054630497814,0.4751771401374058,0.0015147624381811023,0.0010229704340227548,2.7075018013563117,17
2022-06-22,0.1930106915778122,0.899190324342085,0.6200851959321125,0.8123133845220414,0.18690411249007527,0.4751771401374058,0.0012704381525112205,0.001069216406269183,1.5435622229248755,17
2022-06-23,0.024104532607214103,0.899190324342085,0.7396808612349518,0.8123133845220414,0.23621460615783405,0.4751771401374058,0.0015525739457988518,0.0010617497092542786,0.889482688520902,17
2022-06-24,0.019771194676332912,0.899190324342085,0.6809244032255697,0.8123133845220414,0.2993044020980975,0.4751771401374058,0.0018043085516930397,0.0009173773656157712,2.531790160574696,17
2022-06-25,0.05352978260337489,0.899190324342085,0.7339484908686896,0.8123133845220414,0.21252172652793538,0.4751771401374058,0.0014436912093037117,0.0010982707924319692,2.6504398018573223,17
2022-06-26,0.11616014232337428,0.899190324342085,0.6918915637109765,0.8123133845220414,0.1919482939656494,0.4751771401374058,0.0013300212312509906,0.0011063778613753272,2.276142723404982,17
2022-06-27,0.08590343845989493,0.899190324342085,0.7123010753127414,0.8123133845220414,0.2017954862273637,0.4751771401374058,0.0013845719846088318,0.00110267548457807,2.421896105253786,17
2022-06-28,0.09685969675326792,0.899190324342085,0.7049240353912153,0.8123133845220414,0.19821626785551694,0.4751771401374058,0.0013647654090497446,0.0011040475204598303,2.087108663658475,17
2022-06-29,0.04320406592113517,0.899190324342085,0.7440114848279226,0.8123133845220414,0.21278444925094236,0.4751771401374058,0.0014500552394972627,0.0011042317031242216,2.5714173852249895,17
2022-06-30,0.08543244300292203,0.899190324342085,0.7178511306896611,0.8123133845220414,0.1967164263074169,0.4751771401374058,0.0013647260412482153,0.0011148201542516536,1.4565523147548611,17
2022-07-01,0.01804033144070218,0.899190324342085,0.7382185073632708,0.8123133845220414,0.24374116119602698,0.4751771401374058,0.0015854689106559086,0.0010480577277368094,2.6263345730390344,17
2022-07-02,0.05824494778200479,0.899190324342085,0.7401384142734135,0.8123133845220414,0.20161663794458176,0.4751771401374058,0.001398127551173268,0.0011207006459328355,2.655811163560093,17
2022-07-03,0.12589659561706007,0.899190324342085,0.6843199983727413,0.8123133845220414,0.1897834060101988,0.4751771401374058,0.0013164376648518094,0.0011052281097782366,2.811399864989979,17
2022-07-04,0.2621545017903013,0.899190324342085,0.5641607407782061,0.8123133845220414,0.1736847574314927,0.4751771401374058,0.0011824950038902588,0.0010560264862995044,0.8784521588459135,17
2022-07-05,0.0187410761605638,0.899190324342085,0.708618046429359,0.8123133845220414,0.2726408774100772,0.4751771401374058,0.0016993996110557614,0.000980214890959633,2.598803165377545,17
2022-07-06,0.06008351722373615,0.899190324342085,0.7337416478175274,0.8123133845220414,0.20617483495873642,0.4751771401374058,0.0014152082701625677,0.0011089000441650697,2.4175512783829056,17
2022-07-07,0.06521455370608331,0.899190324342085,0.7336419806951487,0.8123133845220414,0.20114346559876808,0.4751771401374058,0.0013926619978247776,0.0011173671047352174,0.9069760537601969,17
2022-07-08,0.018903483793528478,0.899190324342085,0.7003514277201923,0.8123133845220414,0.28074508848627927,0.4751771401374058,0.0017313645979129893,0.0009612117525028762,2.56944556520006,17
2022-07-09,0.05534831682652286,0.899190324342085,0.7361781250860892,0.8123133845220414,0.20847355808738804,0.4751771401374058,0.0014267421041861213,0.0011065537603301783,2.5472857067442307,17
2022-07-10,0.09527654673703241,0.899190324342085,0.7087993475153893,0.8123133845220414,0.19592410574757843,0.4751771401374058,0.001356515815962216,0.0011104009197025846,1.5655270717767382,17
2022-07-11,0.018825106974606525,0.899190324342085,0.7438016423289933,0.8123133845220414,0.23737325069640036,0.4751771401374058,0.0015598792265230806,0.0010624086578469773,1.3200028466376603,17
2022-07-12,0.01830140514852891,0.899190324342085,0.7144999298479264,0.8123133845220414,0.2671986650035446,0.4751771401374058,0.0016781043304034985,0.0009931865228372393,1.7931521319999013,17
2022-07-13,0.018031460556190544,0.899190324342085,0.7373011023976161,0.8123133845220414,0.2446674370461935,0.4751771401374058,0.0015891368491511508,0.0010459032169479348,1.5133388652279514,17
2022-07-14,0.0176763069987626,0.899190324342085,0.729607000236531,0.8123133845220414,0.2527166927647064,0.4751771401374058,0.0016211539447777265,0.0010273577314085386,2.357482411399706,17
2022-07-15,0.028140491992736775,0.899190324342085,0.758405569019863,0.8123133845220414,0.2134539389874004,0.4751771401374058,0.001460471283784236,0.0011122602324413725,2.5291567507967203,17
2022-07-16,0.05276300558334854,0.899190324342085,0.7469182507583896,0.8123133845220414,0.20031874365826188,0.4751771401374058,0.0013958208412526284,0.0011272173899911449,2.442709221016735,17
2022-07-17,0.06238019927558346,0.899190324342085,0.7378180379263817,0.8123133845220414,0.1998017627980349,0.4751771401374058,0.0013888167839556157,0.0011223004950902129,2.343867308128724,17
2022-07-18,0.059676275599561415,0.899190324342085,0.7371179236238681,0.8123133845220414,0.20320580077657077,0.4751771401374058,0.0014036750242288835,0.0011160833576623905,0.04442595764301305,17
2022-07-19,0.023508792265817917,0.899190324342085,0.5981043039018641,0.8123133845220414,0.3783869038323181,0.4751771401374058,0.002115063880140359,0.0007305704454529736,1.29428028309094,17
2022-07-20,0.020679150662079076,0.899190324342085,0.6612886436567563,0.8123133845220414,0.3180322056811647,0.4751771401374058,0.0018778941275878133,0.0008731244240149084,2.5513434206269223,17
2022-07-21,0.06383642554105375,0.899190324342085,0.7222767453153145,0.8123133845220414,0.21388682914363177,0.4751771401374058,0.0014437752220168034,0.0010885257901249036,2.656655283890663,17
2022-07-22,0.13769484807391286,0.899190324342085,0.6719804940195458,0.8123133845220414,0.1903246579065413,0.4751771401374058,0.0013124941223680853,0.0010964548060316134,2.241992190791521,17
2022-07-23,0.0935989916027973,0.899190324342085,0.7044403560382474,0.8123133845220414,0.2019606523589555,0.4751771401374058,0.001381256683543773,0.0010973911251597277,2.5927262367037933,17
2022-07-24,0.15399445499776143,0.899190324342085,0.6570240323797175,0.8123133845220414,0.18898151262252116,0.4751771401374058,0.0012987759926047224,0.0010892104129488936,2.7747024829200244,17
2022-07-25,0.27816308322632655,0.899190324342085,0.5489345344895324,0.8123133845220414,0.17290238228414112,0.4751771401374058,0.0011711442023236201,0.0010476596009914097,0.51543679945162,17
2022-07-26,0.020389781307010243,0.899190324342085,0.6678179877856832,0.8123133845220414,0.3117922309073066,0.4751771401374058,0.0018533695694639154,0.0008878608234474188,2.347999906732086,17
2022-07-27,0.293188838958096,0.48631377682109894,0.6591746372503693,0.7287465251024255,0.04763652379153471,0.840432582439507,0.0012051139766759498,0.0010524776498369898,-0.0472580131074265,18
2022-07-28,0.21369668819657966,0.48631377682109894,0.6459821168431019,0.7287465251024255,0.14032119496031853,0.840432582439507,0.0017503894307007526,0.0004855207843877026,1.5305039930120345,18
2022-07-29,0.21730724704577295,0.48631377682109894,0.6540349940064716,0.7287465251024255,0.1286577589477555,0.840432582439507,0.0016898855238317494,0.0005582814219437154,2.806986945722389,18
2022-07-30,0.3661439968951079,0.48631377682109894,0.5823893003171967,0.7287465251024255,0.05146670278769543,0.840432582439507,0.0011313348272048841,0.0010121751971498487,2.327480567125003,18
2022-07-31,0.33999305911609007,0.48631377682109894,0.6194612393729114,0.7287465251024255,0.04054570151099862,0.840432582439507,0.0011119216804474385,0.0010868400503220802,2.5092589985307336,18
2022-08-01,0.3563939808001559,0.48631377682109894,0.6103943713825691,0.7287465251024255,0.03321164781727494,0.840432582439507,0.0010559700688168052,0.0011294651689849468,3.086517133771168,18
2022-08-02,0.4111329797503281,0.48631377682109894,0.5638761950322225,0.7287465251024255,0.024990825217449275,0.840432582439507,0.0009473188204573069,0.001169198246410881,2.4175063120085674,18
2022-08-03,0.36122573196929525,0.48631377682109894,0.6100896072016934,0.7287465251024255,0.028684660829011423,0.840432582439507,0.0010281173996948346,0.0011569469243965043,2.656967891039477,18
2022-08-04,0.37629587464360664,0.48631377682109894,0.5961158883265056,0.7287465251024255,0.02758823702988755,0.840432582439507,0.0010038104259846158,0.001160526679320389,2.7929058617586864,18
2022-08-05,0.39138421895500886,0.48631377682109894,0.5825955348380832,0.7287465251024255,0.026020246206908147,0.840432582439507,0.0009772148242338254,0.0011670765151199141,1.6850311578821056,18
2022-08-06,0.25791689108552684,0.48631377682109894,0.7025448339792729,0.7287465251024255,0.039538274935200055,0.840432582439507,0.0012107783574829849,0.0011113583986936302,2.491792851408861,18
2022-08-07,0.3370972588025602,0.48631377682109894,0.6294894342976264,0.7287465251024255,0.033413306899813415,0.840432582439507,0.0010813182547895661,0.0011324639768588015,2.9510298543531315,18
2022-08-08,0.3984020264378303,0.48631377682109894,0.5755234153328641,0.7287465251024255,0.026074558229305596,0.840432582439507,0.000968609595449769,0.0011651808340424202,1.6529809191989857,18
2022-08-09,0.25588465861152154,0.48631377682109894,0.703967477923582,0.7287465251024255,0.04014786346489653,0.840432582439507,0.0012162741831021116,0.0011079635691502118,1.8040413901433063,18
2022-08-10,0.24661825798485174,0.48631377682109894,0.7056469939717497,0.7287465251024255,0.04773474804339875,0.840432582439507,0.0012644243990415328,0.0010621649075056197,1.7535006266766886,18
2022-08-11,0.2425080667071025,0.48631377682109894,0.7052819892359057,0.7287465251024255,0.05220994405699189,0.840432582439507,0.0012911114711425388,0.0010348500990719246,2.917697753143233,18
2022-08-12,0.3814343812099189,0.48631377682109894,0.5877005239066153,0.7287465251024255,0.030865094883465873,0.840432582439507,0.001013061241860152,0.0011387227559724988,2.112052300053008,18
2022-08-13,0.31488935834693826,0.48631377682109894,0.6501039126624242,0.7287465251024255,0.03500672899063746,0.840432582439507,0.0011170304120242587,0.001127329410491315,3.045024418902957,18
2022-08-14,0.40272076814423774,0.48631377682109894,0.571548482170555,0.7287465251024255,0.025730749685207412,0.840432582439507,0.0009615015750760476,0.0011663933876805892,3.027915226395668,18
2022-08-15,0.41309570160239967,0.48631377682109894,0.5630624411904457,0.7287465251024255,0.023841857207154753,0.840432582439507,0.0009393189315554375,0.001176010252777418,2.711089958266469,18
2022-08-16,0.3904404938677671,0.48631377682109894,0.5839671816612666,0.7287465251024255,0.025592324470966432,0.840432582439507,0.0009763511755965264,0.0011699842194221755,2.7345863057568094,18
2022-08-17,0.3886487992854491,0.48631377682109894,0.5854092467173926,0.7287465251024255,0.025941953997158488,0.840432582439507,0.0009802945497888688,0.0011681756814786253,1.7653282247427273,18
2022-08-18,0.26773004698471004,0.48631377682109894,0.6933472053982095,0.7287465251024255,0.038922747617080464,0.840432582439507,0.001195423526954858,0.0011130686522183352,2.830498739358045,18
2022-08-19,0.37714639477981704,0.48631377682109894,0.5940846349021248,0.7287465251024255,0.02876897031805819,0.840432582439507,0.0010084084994045528,0.0011528917224269601,-1.8255916596949597,18
2022-08-20,0.14967154447868494,0.48631377682109894,0.5002482934023776,0.7287465251024255,0.35008016211893744,0.840432582439507,0.002835555213588898,-0.0008232308353733335,2.3500875502159753,18
2022-08-21,0.28719598747720665,0.48631377682109894,0.5562986629618322,0.7287465251024255,0.15650534956096127,0.840432582439507,0.001735112312365286,0.00036718305935971147,2.078068230488958,18
2022-08-22,0.2806498917162495,0.48631377682109894,0.6208788171017959,0.7287465251024255,0.09847129118195463,0.840432582439507,0.0014650141860504569,0.0007346447280969339,2.4225305180973273,18
2022-08-23,0.332171363092075,0.48631377682109894,0.6117196114310894,0.7287465251024255,0.05610902547683551,0.840432582439507,0.0011965517521315642,0.0009904153349093447,2.7056605137020115,18
2022-08-24,0.37564924453784976,0.48631377682109894,0.5898258476729298,0.7287465251024255,0.03452490778922049,0.840432582439507,0.0010379517142713474,0.0011169211477349947,2.966890709369296,18
2022-08-25,0.405161755508202,0.48631377682109894,0.5686642314744876,0.7287465251024255,0.026174013017310246,0.840432582439507,0.0009605472947666982,0.0011630575601683582,3.0008676101725436,18
2022-08-26,0.41148350680041085,0.48631377682109894,0.5644840634839227,0.7287465251024255,0.02403242971566645,0.840432582439507,0.0009422713563378694,0.0011751651399345556,0.2887113191885795,18
2022-08-27,0.23282291016895765,0.48631377682109894,0.6895171608791909,0.7287465251024255,0.07765992895185156,0.840432582439507,0.0014255534869402004,0.0008764839670094688,2.5101701264952796,18
2022-08-28,0.33363147179368813,0.48631377682109894,0.620280179164299,0.7287465251024255,0.04608834904201284,0.840432582439507,0.001146581598660677,0.0010532912367527997,2.002440399013272,18
2022-08-29,0.285913088980289,0.48631377682109894,0.6679636177958143,0.7287465251024255,0.04612329322389676,0.840432582439507,0.0012070382264366146,0.0010636316184132273,1.7357193842462357,18
2022-08-30,0.24434610659607325,0.48631377682109894,0.7037379478137621,0.7287465251024255,0.051915945590164575,0.840432582439507,0.0012873772092065942,0.0010362975225927755,1.9275186701005977,18
2022-08-31,0.2543004307083646,0.48631377682109894,0.693908038824613,0.7287465251024255,0.05179153046702241,0.840432582439507,0.0012742029880357948,0.0010348791556444282,2.6798007430645123,18
2022-09-01,0.35873275170356167,0.48631377682109894,0.6072528463036668,0.7287465251024255,0.03401440199277122,0.840432582439507,0.001056871643908655,0.0011238847035411805,3.0774507574712446,18
2022-09-02,0.4107658757453004,0.48631377682109894,0.5640609491543406,0.7287465251024255,0.025173175100358904,0.840432582439507,0.0009486587051785293,0.0011681294359078354,2.8385833532366607,18
2022-09-03,0.4005403613180373,0.48631377682109894,0.5744822310193868,0.7287465251024255,0.024977407662576043,0.840432582439507,0.0009606368524103349,0.0011716271691223643,2.8653360048322423,18
2022-09-04,0.4010696805494526,0.48631377682109894,0.574167771834202,0.7287465251024255,0.024762547616345425,0.840432582439507,0.0009589358255210281,0.001172865116228133,2.9755770463856925,18
2022-09-05,0.4091664413316086,0.48631377682109894,0.5669279321489485,0.7287465251024255,0.023905626519442776,0.840432582439507,0.0009445894512906282,0.0011764776706459034,2.8055609533667796,18
2022-09-06,0.39768064787835167,0.48631377682109894,0.5774118867738841,0.7287465251024255,0.02490746534776446,0.840432582439507,0.0009639137151946169,0.0011727011818411113,0.9270281707490972,18
2022-09-07,0.23935324611691236,0.48631377682109894,0.7043802708895038,0.7287465251024255,0.05626648299358378,0.840432582439507,0.001314579410144466,0.0010099642665697562,1.9746382825989444,18
2022-09-08,0.25837749060204107,0.48631377682109894,0.6901281707156821,0.7287465251024255,0.0514943386822767,0.840432582439507,0.0012676245242209676,0.0010358511914024926,2.947462136414574,18
2022-09-09,0.38661973950734313,0.48631377682109894,0.5831045477387871,0.7287465251024255,0.03027571275386984,0.840432582439507,0.0010036786469653771,0.001141292314041138,-1.4837344708871543,18
2022-09-10,0.18147715042762608,0.48631377682109894,0.5726441099929912,0.7287465251024255,0.24587873957938272,0.840432582439507,0.0022969083888642206,-0.00017308565980655522,2.1909662178716345,18
2022-09-11,0.26916802965379866,0.48631377682109894,0.5997111890568558,0.7287465251024255,0.13112078128934557,0.840432582439507,0.0016361654260257101,0.0005312699316184519,2.941371420081178,18
2022-09-12,0.38787612532501187,0.48631377682109894,0.5643527655617109,0.7287465251024255,0.047771109113277185,0.840432582439507,0.0010861290000554749,0.0010306731693824072,1.621195599266085,18
2022-09-13,0.24755381033987744,0.48631377682109894,0.6953909156283471,0.7287465251024255,0.05705527403177544,0.840432582439507,0.0013080064936781563,0.0010031745648987917,-1.3561413703753622,18
2022-09-14,0.12262032151781825,0.48631377682109894,0.4386743878723087,0.7287465251024255,0.43870529060987296,0.840432582439507,0.0032930184702676516,-0.0013761906541368,2.4923499065895234,18
2022-09-15,0.30390070146062065,0.48631377682109894,0.525768523987473,0.7287465251024255,0.17033077455190643,0.840432582439507,0.001780277655678988,0.00027629098662232095,1.6324486266058382,18
2022-09-16,0.21367658985472965,0.48631377682109894,0.6317541019184519,0.7287465251024255,0.15456930822681836,0.840432582439507,0.001818738474121805,0.0003956643175341045,2.8289781326178933,18
2022-09-17,0.3679249633821967,0.48631377682109894,0.5748885576816419,0.7287465251024255,0.057186478936161404,0.840432582439507,0.0011565524835840636,0.000975707192254436,2.108555033912909,18
2022-09-18,0.310084729576779,0.48631377682109894,0.6420900051859588,0.7287465251024255,0.0478252652372621,0.840432582439507,0.0011846736737155816,0.0010475479776513095,1.501458734529583,18
2022-09-19,0.23770420393823885,0.48631377682109894,0.6997656836950608,0.7287465251024255,0.06253011236670038,0.840432582439507,0.0013467421819357945,0.0009708253639045396,2.8033274641417596,18
2022-09-20,0.36921030022231655,0.48631377682109894,0.5958549864038722,0.7287465251024255,0.03493471337381115,0.840432582439507,0.001048055322474226,0.0011157615913005108,1.400800134002989,18
2022-09-21,0.24016444280826138,0.48631377682109894,0.7053451753588142,0.7287465251024255,0.0544903818329243,0.840432582439507,0.0013050247295891813,0.0010209863657370882,2.0236350756293078,18
2022-09-22,0.2655073150680441,0.48631377682109894,0.6841022407396924,0.7287465251024255,0.05039044419226342,0.840432582439507,0.0012533146289149008,0.0010412353704857542,1.264305963254987,18
2022-09-23,0.23560058711779927,0.48631377682109894,0.6958344664071747,0.7287465251024255,0.06856494647502592,0.840432582439507,0.00137837768205492,0.0009332300458527983,2.7897426730417463,18
2022-09-24,0.3674916520717319,0.48631377682109894,0.5956165425031116,0.7287465251024255,0.0368918054251567,0.840432582439507,0.0010596279909074937,0.0011037988393342744,1.8537863843919333,18
2022-09-25,0.273516014671451,0.48631377682109894,0.6821204298596604,0.7287465251024255,0.04436355546888876,0.840432582439507,0.0012142485706870259,0.001077473697650685,2.737941911041842,18
2022-09-26,0.3687630331373342,0.48631377682109894,0.5999512985835608,0.7287465251024255,0.031285668279105075,0.840432582439507,0.0010310906095989676,0.0011388746097162486,1.9647204033054724,18
2022-09-27,0.2899778886651742,0.48631377682109894,0.6722100406989615,0.7287465251024255,0.03781207063586429,0.840432582439507,0.0011619800674746213,0.001115149771183556,2.8629163442203884,18
2022-09-28,0.3838307053554648,0.48631377682109894,0.58807275849522,0.7287465251024255,0.028096536149315426,0.840432582439507,0.0009967330698457935,0.0011556533385558942,2.1915529529834523,18
2022-09-29,0.326564926183082,0.48631377682109894,0.6409196937128014,0.7287465251024255,0.03251538010411666,0.840432582439507,0.0010903110566118667,0.001140458037076105,3.02180030452019,18
2022-09-30,0.4024861758391363,0.48631377682109894,0.5721466631860899,0.7287465251024255,0.025367160974773803,0.840432582439507,0.0009600511119556434,0.0011687384109652999,2.9840537457814404,18
2022-10-01,0.4100703069442552,0.48631377682109894,0.5658850097456037,0.7287465251024255,0.02404468331014098,0.840432582439507,0.0009441156338685204,0.0011754006197934293,2.9367396280906273,18
2022-10-02,0.4077762639898994,0.48631377682109894,0.568177326723453,0.7287465251024255,0.02404640928664762,0.840432582439507,0.000947022167795857,0.0011758974392555768,2.201356427561636,18
2022-10-03,0.33452832743759253,0.48631377682109894,0.6346223165691469,0.7287465251024255,0.030849355993260556,0.840432582439507,0.001072246323060748,0.0011492030086910424,1.6226173085755968,18
2022-10-04,0.24540542297274673,0.48631377682109894,0.7106628782144228,0.7287465251024255,0.04393169881283062,0.840432582439507,0.001247689649273117,0.001086418640366686,1.6570585057906837,18
2022-10-05,0.24113405603679317,0.48631377682109894,0.7070040645121646,0.7287465251024255,0.051861879451042356,0.840432582439507,0.0012911757690681578,0.0010373493837403103,2.5799204648221923,18
2022-10-06,0.34453663671716156,0.48631377682109894,0.6194127462974542,0.7287465251024255,0.036050616985384074,0.840432582439507,0.0010845886860983407,0.001114184378223478,2.602218950546426,18
2022-10-07,0.36756150357269285,0.48631377682109894,0.6019824494281376,0.7287465251024255,0.03045604699916964,0.840432582439507,0.0010286230130710568,0.0011443728343437352,1.8669895928296782,18
2022-10-08,0.27600265691190096,0.48631377682109894,0.6840230800986361,0.7287465251024255,0.03997426298946286,0.840432582439507,0.0011900230265891815,0.0011046060391013452,2.777392332396575,18
2022-10-09,0.37326492429382024,0.48631377682109894,0.5971144835800358,0.7287465251024255,0.029620592126143985,0.840432582439507,0.0010174036929560299,0.0011483796850541759,3.1322706572174663,18
2022-10-10,0.41623521453982393,0.48631377682109894,0.5597928331308094,0.7287465251024255,0.02397195232936665,0.840432582439507,0.0009359775898493263,0.0011744949407885767,2.3089058982507633,18
2022-10-11,0.34994399193475495,0.48631377682109894,0.6205749134461653,0.7287465251024255,0.0294810946190798,0.840432582439507,0.0010461968958468608,0.00115442073728612,2.887127574349778,18
2022-10-12,0.3952085593397451,0.48631377682109894,0.5790190280698537,0.7287465251024255,0.025772412590401216,0.840432582439507,0.0009711925232288941,0.0011677931861066011,3.0574990683947667,18
2022-10-13,0.41401358523550275,0.48631377682109894,0.5623517709923868,0.7287465251024255,0.023634643772110553,0.840432582439507,0.0009371637293632072,0.001177113978810211,2.7070630910369573,18
2022-10-14,0.3900161909667744,0.48631377682109894,0.5845552302510024,0.7287465251024255,0.02542857878222321,0.840432582439507,0.000976100517571878,0.0011711108456207832,2.581828283942012,18
2022-10-15,0.37421475685324185,0.48631377682109894,0.5985437471489602,0.7287465251024255,0.02724149599779803,0.840432582439507,0.0010047738015596067,0.0011631741094445193,2.9383770283245765,18
2022-10-16,0.40282148679760366,0.48631377682109894,0.5723588737484416,0.7287465251024255,0.024819639453954778,0.840432582439507,0.0009569969293601861,0.0011721173456458157,2.846243429108991,18
2022-10-17,0.39975542023130206,0.48631377682109894,0.5754906547655043,0.7287465251024255,0.02475392500319355,0.840432582439507,0.0009605548059819532,0.0011732103627386395,2.426962221787964,18
2022-10-18,0.3594462446953859,0.48631377682109894,0.6122621930622236,0.7287465251024255,0.028291562242390402,0.840432582439507,0.0010284770012055765,0.0011598199701139587,2.547639523303788,18
2022-10-19,0.3646995552650339,0.48631377682109894,0.606705847294912,0.7287465251024255,0.02859459744005416,0.840432582439507,0.0010232959293425647,0.00115674613450263,2.5669126554515658,18
2022-10-20,0.36777948571511604,0.48631377682109894,0.603750740677965,0.7287465251024255,0.02846977360691904,0.840432582439507,0.0010188050974942024,0.0011568517482051593,2.9550349437391983,18
2022-10-21,0.40317250867831855,0.48631377682109894,0.571846124241754,0.7287465251024255,0.024981367079927465,0.840432582439507,0.0009573304756058038,0.0011710196652470776,3.0077607034795006,18
2022-10-22,0.4116891433808339,0.48631377682109894,0.5645586567532778,0.7287465251024255,0.02375219986588821,0.840432582439507,0.0009406651805919799,0.0011768870011744125,3.187451786237094,18
2022-10-23,0.424038257942609,0.48631377682109894,0.5534084698129573,0.7287465251024255,0.02255327224443365,0.840432582439507,0.0009193032506176527,0.0011817154367484543,2.153135320968813,18
2022-10-24,0.3319113708208701,0.48631377682109894,0.6377468428463832,0.7287465251024255,0.030341786332746742,0.840432582439507,0.0010731140688076464,0.0011529833520277722,2.4991774592512144,18
2022-10-25,0.3536828494303273,0.48631377682109894,0.6164014001919904,0.7287465251024255,0.029915750377682536,0.840432582439507,0.001043561469223368,0.0011508519590959318,1.4322692732724482,18
2022-10-26,0.22463179536041622,0.9166117770890647,0.47765733262723853,0.7906821907870094,0.2977108720123452,0.44233584268893356,0.001725697917706611,0.0005609003428348248,1.5886309184305785,19
2022-10-27,0.04231740128186214,0.9166117770890647,0.6867748663825135,0.7906821907870094,0.2709077323356241,0.44233584268893356,0.0017050387388645501,0.0007954415681878708,2.0557349062719545,19
2022-10-28,0.029275388928786374,0.9166117770890647,0.7275238490627625,0.7906821907870094,0.24320076200845098,0.44233584268893356,0.0015989889446615508,0.0008823075129548224,2.4563344134091083,19
2022-10-29,0.04604752078347271,0.9166117770890647,0.730604114151647,0.7906821907870094,0.22334836506488026,0.44233584268893356,0.0015104001967534448,0.0009213843837821564,2.602855201906709,19
2022-10-30,0.08948232106709733,0.9166117770890647,0.6982601694617993,0.7906821907870094,0.21225750947110322,0.44233584268893356,0.0014444811980314442,0.0009130024488883002,2.605965637196701,19
2022-10-31,0.15492003636432905,0.9166117770890647,0.642270737496107,0.7906821907870094,0.202809226139564,0.44233584268893356,0.001374611246058942,0.0008806416321941175,2.729377972035003,19
2022-11-01,0.27042964996930935,0.9166117770890647,0.5448801655745401,0.7906821907870094,0.1846901844561503,0.44233584268893356,0.001245429895528616,0.0008274352342912245,2.9271905923361277,19
2022-11-02,0.4449414820826027,0.9166117770890647,0.39736385318137774,0.7906821907870094,0.15769466473601967,0.44233584268893356,0.0010517874204670258,0.0007460218272648646,2.405021987265516,19
2022-11-03,0.445439654379672,0.9166117770890647,0.39122226767528545,0.7906821907870094,0.1633380779450426,0.44233584268893356,0.001074425742006939,0.000730242995023601,3.0817435226924657,19
2022-11-04,0.6185868285898407,0.9166117770890647,0.24930795710277967,0.7906821907870094,0.13210521430737973,0.44233584268893356,0.000864249628275042,0.0006615556799213247,0.3503770311264247,19
2022-11-05,0.026109537526436334,0.9166117770890647,0.6723821067524939,0.7906821907870094,0.30150835572106965,0.44233584268893356,0.0018369194679348072,0.0007266539939744919,2.571867896866994,19
2022-11-06,0.0667626441412893,0.9166117770890647,0.7086821585364584,0.7906821907870094,0.224555197322252,0.44233584268893356,0.0015053043392102771,0.0008997318762152765,2.3955181807538812,19
2022-11-07,0.08236668926834022,0.9166117770890647,0.699244954549052,0.7906821907870094,0.21838835618260768,0.44233584268893356,0.0014727730849653055,0.0009026517878491547,2.320630025097914,19
2022-11-08,0.08280245137860762,0.9166117770890647,0.697719249674754,0.7906821907870094,0.21947829894663834,0.44233584268893356,0.0014769825910102426,0.0008993031845820638,-0.8994475376463107,19
2022-11-09,0.024872446711977237,0.9166117770890647,0.5335803950194619,0.7906821907870094,0.44154715826856084,0.44233584268893356,0.002405088762133616,0.0003471705341634502,-1.803636455372089,19
2022-11-10,0.024919721398601605,0.9166117770890647,0.5327444434671508,0.7906821907870094,0.4423358351342477,0.44233584268893356,0.0024082615763862687,0.00034498523373808446,-0.30555952491021354,19
2022-11-11,0.02489692920039083,0.9166117770890647,0.5331474746628144,0.7906821907870094,0.44195559613679475,0.44233584268893356,0.002406731891894893,0.0003460388166172412,1.6051352305783873,19
2022-11-12,0.018296000433561766,0.9166117770890647,0.6724402060856098,0.7906821907870094,0.30926379348082833,0.44233584268893356,0.0018721302668986708,0.000712507202601986,2.4935366396588536,19
2022-11-13,0.046133795871152176,0.9166117770890647,0.7231209112137593,0.7906821907870094,0.23074529291508838,0.44233584268893356,0.0015403531094785752,0.0009012053809200869,1.9873903797107266,19
2022-11-14,0.02566234651676925,0.9166117770890647,0.7352504437790398,0.7906821907870094,0.23908720970419087,0.44233584268893356,0.0015840514610332324,0.0008966913232695897,2.386004692690137,19
2022-11-15,0.035074573665993786,0.9166117770890647,0.7389403380583928,0.7906821907870094,0.22598508827561334,0.44233584268893356,0.0015263835647540676,0.00092395077504551,2.5224474832740853,19
2022-11-16,0.05977749563704243,0.9166117770890647,0.7221893794843316,0.7906821907870094,0.2180331248786259,0.44233584268893356,0.0014822258110582319,0.0009236520728787851,2.519871267670034,19
2022-11-17,0.09695791572777913,0.9166117770890647,0.6903075985985251,0.7906821907870094,0.21273448567369577,0.44233584268893356,0.0014428103170110488,0.0009050759017950631,2.737921648188994,19
2022-11-18,0.200062235598441,0.9166117770890647,0.6054737513674069,0.7906821907870094,0.19446401303415212,0.44233584268893356,0.0013190009890478424,0.0008632835876503334,2.852188825048263,19
2022-11-19,0.35572764714344934,0.9166117770890647,0.47328895184163144,0.7906821907870094,0.1709834010149191,0.44233584268893356,0.0011487074680220071,0.0007890331136895709,3.008660811319175,19
2022-11-20,0.535393482781229,0.9166117770890647,0.3205358354221821,0.7906821907870094,0.14407068179658886,0.44233584268893356,0.0009529070859299976,0.0007028234760695405,1.5269467284453235,19
2022-11-21,0.24750714284791428,0.9166117770890647,0.5421504865660094,0.7906821907870094,0.21034237058607624,0.44233584268893356,0.0013604927030370154,0.0007780513024507184,1.7117900553014096,19
2022-11-22,0.07360704596104004,0.9166117770890647,0.6855671400729372,0.7906821907870094,0.24082581396602276,0.44233584268893356,0.001567977343012365,0.0008494430866530327,2.1706168061960063,19
2022-11-23,0.04677887547333918,0.9166117770890647,0.7222925418479501,0.7906821907870094,0.23092858267871058,0.44233584268893356,0.001540785247117008,0.0009001351219127148,2.201644427321778,19
2022-11-24,0.03424070062466858,0.9166117770890647,0.7357667909996987,0.7906821907870094,0.22999250837563276,0.44233584268893356,0.0015430359151425823,0.0009137994706098673,2.6528666064794124,19
2022-11-25,0.08422499340490484,0.9166117770890647,0.7030471585779285,0.7906821907870094,0.2127278480171664,0.44233584268893356,0.0014489236557343474,0.0009163870650843969,2.6956780441980452,19
2022-11-26,0.1715104399464435,0.9166117770890647,0.6295399405347717,0.7906821907870094,0.19894961951878465,0.44233584268893356,0.0013509598290254719,0.0008764163943308589,2.77848747413069,19
2022-11-27,0.30361371393536885,0.9166117770890647,0.5171498655268921,0.7906821907870094,0.17923642053773906,0.44233584268893356,0.0012073097701980813,0.0008128251035297917,2.9575630665588886,19
2022-11-28,0.48182972287346365,0.9166117770890647,0.3660083370567105,0.7906821907870094,0.1521619400698258,0.44233584268893356,0.0010115573383328812,0.0007283409661774299,2.605841016525066,19
2022-11-29,0.5349644492722192,0.9166117770890647,0.31716495866060346,0.7906821907870094,0.14787059206717737,0.44233584268893356,0.0009685183575589188,0.0006928770553890246,2.6953484092020985,19
2022-11-30,0.5931414665978928,0.9166117770890647,0.2682821083514479,0.7906821907870094,0.1385764250506592,0.44233584268893356,0.000902763435165546,0.0006665370813631609,0.5452162252935147,19
2022-12-01,0.033266541047524543,0.9166117770890647,0.6779649555806291,0.7906821907870094,0.28876850337184634,0.44233584268893356,0.0017818177048402291,0.0007549291244551223,2.438704191306555,19
2022-12-02,0.05974073773367038,0.9166117770890647,0.7120338026984253,0.7906821907870094,0.22822545956790408,0.44233584268893356,0.001523573338021471,0.0008959851693443167,2.6522482402030034,19
2022-12-03,0.12345329507385154,0.9166117770890647,0.6691295312120611,0.7906821907870094,0.20741717371408716,0.44233584268893356,0.0014084714811173154,0.0008960272878565174,2.59632959620605,19
2022-12-04,0.19346137416031584,0.9166117770890647,0.608994485607054,0.7906821907870094,0.19754414023262995,0.44233584268893356,0.0013346738029734997,0.0008607672444892846,2.613056961691104,19
2022-12-05,0.26253208761255903,0.9166117770890647,0.5503796187543369,0.7906821907870094,0.18708829363310397,0.44233584268893356,0.0012589627707368012,0.000827922472056015,2.7196430037572394,19
2022-12-06,0.37710634646574714,0.9166117770890647,0.4531849742538211,0.7906821907870094,0.16970867928043165,0.44233584268893356,0.0011332249212341176,0.000773536135057742,2.9569110561342913,19
2022-12-07,0.5370622176747817,0.9166117770890647,0.31859719196022906,0.7906821907870094,0.14434059036498914,0.44233584268893356,0.0009531959165714058,0.0007006099112309451,2.662982857297955,19
2022-12-08,0.5947821500837913,0.9166117770890647,0.266600226881347,0.7906821907870094,0.1386176230348616,0.44233584268893356,0.0009021385307311893,0.0006649699581680849,2.02424435606899,19
2022-12-09,0.46817377656682435,0.9166117770890647,0.3665677278882955,0.7906821907870094,0.1652584955448802,0.44233584268893356,0.0010712400382878592,0.0007048604938743423,3.0034009149101193,19
2022-12-10,0.6217271566390942,0.9166117770890647,0.24556762770161533,0.7906821907870094,0.13270521565929053,0.44233584268893356,0.0008651660352390114,0.0006571398383832614,3.225270364857424,19
2022-12-11,0.7487724497984116,0.9166117770890647,0.138887345245482,0.7906821907870094,0.11234020495610633,0.44233584268893356,0.0007212880591128988,0.0005998060038794923,3.302723888925824,19
2022-12-12,0.8219700415013975,0.9166117770890647,0.07665993027665235,0.7906821907870094,0.10137002822195018,0.44233584268893356,0.0006414825953762118,0.0005646987921280596,3.2812186520533904,19
2022-12-13,0.8559032135485268,0.9166117770890647,0.047544830131643984,0.7906821907870094,0.09655195631982917,0.44233584268893356,0.000605569543050353,0.0005476966524964311,0.45928777333872106,19
2022-12-14,0.4409833753605544,0.9166117770890647,0.33802105933931015,0.7906821907870094,0.22099556530013548,0.44233584268893356,0.001310296986881441,0.000577500767338501,3.054981561097734,19
2022-12-15,0.6324400232697559,0.9166117770890647,0.23304513804093535,0.7906821907870094,0.13451483868930864,0.44233584268893356,0.0008673304099025047,0.0006427203719233714,1.469379950587538,19
2022-12-16,0.3532559835435906,0.9166117770890647,0.450171761350375,0.7906821907870094,0.19657225510603427,0.44233584268893356,0.001253641099222511,0.0007216829704096457,0.867562586943477,19
2022-12-17,0.02139940718776394,0.9166117770890647,0.6835287844745116,0.7906821907870094,0.2950718083377244,0.44233584268893356,0.0018130982053932642,0.0007483239944847007,2.525998379778677,19
2022-12-18,0.05022315098922,0.9166117770890647,0.7225771291507153,0.7906821907870094,0.22719971986006474,0.44233584268893356,0.0015240038838381807,0.0009072141702467721,2.6731979108681707,19
2022-12-19,0.11577131609130399,0.9166117770890647,0.676263211375499,0.7906821907870094,0.207965472533197,0.44233584268893356,0.0014143994727718046,0.0009013505124889237,2.1994968008097078,19
2022-12-20,0.08587352401149834,0.9166117770890647,0.6931886361700427,0.7906821907870094,0.22093783981845871,0.44233584268893356,0.0014814198450057061,0.0008926128138470105,2.0162446380183954,19
2022-12-21,0.035535050003073165,0.9166117770890647,0.7304308041340837,0.7906821907870094,0.23403414586284293,0.44233584268893356,0.0015588004764716234,0.000901667604415356,2.6020700484495194,19
2022-12-22,0.07962669849514764,0.9166117770890647,0.7054781200134795,0.7906821907870094,0.2148951814913726,0.44233584268893356,0.0014599296526575437,0.0009145752805250903,2.7169021584396074,19
2022-12-23,0.16970902266210947,0.9166117770890647,0.6313321830046724,0.7906821907870094,0.19895879433321798,0.44233584268893356,0.0013518658438617945,0.0008779891789099122,2.8100857919147617,19
2022-12-24,0.3109015403235736,0.9166117770890647,0.5113212275906437,0.7906821907870094,0.17777723208578278,0.44233584268893356,0.0011978778337277621,0.0008103269685910976,2.955763234150994,19
2022-12-25,0.48526520868449435,0.9166117770890647,0.3631246497543368,0.7906821907870094,0.1516101415611688,0.44233584268893356,0.001007662522307782,0.0007267935659108805,3.119220209998847,19
2022-12-26,0.6509676077831911,0.9166117770890647,0.22217811156170883,0.7906821907870094,0.12685428065510018,0.44233584268893356,0.0008273345879826413,0.0006471067732899474,3.233603567856974,19
2022-12-27,0.7644549186043679,0.9166117770890647,0.12561239226082724,0.7906821907870094,0.10993268913480486,0.44233584268893356,0.0007039583355227286,0.0005924397161942135,2.9181069377795543,19
2022-12-28,0.7992137077326075,0.9166117770890647,0.09401112070539039,0.7906821907870094,0.10677517156200209,0.44233584268893356,0.0006743780777637463,0.0005701924621902578,3.0017736081348296,19
2022-12-29,0.8283397434366075,0.9166117770890647,0.06948296125603057,0.7906821907870094,0.10217729530736204,0.44233584268893356,0.0006416788785934449,0.0005568554620007032,3.291541029966771,19
2022-12-30,0.8601107430520405,0.9166117770890647,0.04388519676622191,0.7906821907870094,0.09600406018173763,0.44233584268893356,0.0006013171784466043,0.000545453903369789,3.3660088477589705,19
2022-12-31,0.8777352937108107,0.9166117770890647,0.029177159855346985,0.7906821907870094,0.09308754643384205,0.44233584268893356,0.0005809858790266533,0.0005377484317520295,3.3254721866013703,19
2023-01-01,0.8844631324428626,0.9166117770890647,0.02326547922903262,0.7906821907870094,0.09227138832810475,0.44233584268893356,0.0005744291565461194,0.0005339994120956094,3.3472900326841044,19
2023-01-02,0.8880825458899559,0.9166117770890647,0.020265978916368152,0.7906821907870094,0.09165147519367596,0.44233584268893356,0.0005701688550845987,0.0005324739959025244,3.3511424567441046,19
2023-01-03,0.8898046112255221,0.9166117770890647,0.018811943472653074,0.7906821907870094,0.09138344530182484,0.44233584268893356,0.0005682509512563402,0.000531675075696079,3.401808025441746,19
2023-01-04,0.8917774643067622,0.9166117770890647,0.017312391701447244,0.7906821907870094,0.09091014399179044,0.44233584268893356,0.0005653799880894174,0.0005312115880632816,3.081007244001932,19
2023-01-05,0.8844697084780319,0.9166117770890647,0.022160196076977702,0.7906821907870094,0.09337009544499045,0.44233584268893356,0.0005788789725008271,0.0005310076452101564,3.3944392928044036,19
2023-01-06,0.8896469415944834,0.9166117770890647,0.019043629009051176,0.7906821907870094,0.09130942939646547,0.44233584268893356,0.0005680271093661063,0.0005320160681021373,3.2385578936045167,19
2023-01-07,0.8876949545039257,0.9166117770890647,0.020150588263106922,0.7906821907870094,0.09215445723296735,0.44233584268893356,0.0005723945788541176,0.0005314508154267741,3.4028533128408416,19
2023-01-08,0.8910215958053095,0.9166117770890647,0.017939727192853073,0.7906821907870094,0.09103867700183742,0.44233584268893356,0.0005662659380971629,0.0005315326737751076,3.285085676238196,19
2023-01-09,0.8895185039317434,0.9166117770890647,0.018795887006708364,0.7906821907870094,0.09168560906154823,0.44233584268893356,0.0005696137636659176,0.0005311076464625174,3.270035090380993,19
2023-01-10,0.8885603134676906,0.9166117770890647,0.019526363722820794,0.7906821907870094,0.09191332280948858,0.44233584268893356,0.0005709993892671289,0.0005313386347017751,2.771041652263771,19
2023-01-11,0.8720246020825114,0.9166117770890647,0.03088427011895535,0.7906821907870094,0.09709112779853307,0.44233584268893356,0.0005999698961916288,0.0005319329233372253,1.8427829682673313,19
2023-01-12,0.7918205649649938,0.9166117770890647,0.08817439359082428,0.7906821907870094,0.120005041444182,0.44233584268893356,0.0007315694573035594,0.0005407950581976977,-0.4808094668460383,19
2023-01-13,0.022734060153844476,0.9166117770890647,0.5851711509427726,0.7906821907870094,0.392094788903383,0.44233584268893356,0.002205725968946183,0.00048346283804152305,1.0869763974662947,19
2023-01-14,0.018719849857359496,0.9166117770890647,0.6428743992982706,0.7906821907870094,0.3384057508443699,0.44233584268893356,0.0019900584423143664,0.0006329327636420233,0.8611809636650478,19
2023-01-15,0.018933844959024292,0.9166117770890647,0.6386978412574367,0.7906821907870094,0.342368313783539,0.44233584268893356,0.0020060172049391647,0.000621973988048239,2.5005956852955777,19
2023-01-16,0.05189621965841195,0.9166117770890647,0.7143674195639443,0.7906821907870094,0.23373636077764356,0.44233584268893356,0.001549702603344117,0.0008879657879987856,2.5004985675018947,19
2023-01-17,0.07822923173053967,0.9166117770890647,0.7047236193659626,0.7906821907870094,0.21704714890349763,0.44233584268893356,0.001469329787529413,0.0009099663672528123,2.712225144773674,19
2023-01-18,0.16735948462789438,0.9166117770890647,0.6330765317422964,0.7906821907870094,0.19956398362980915,0.44233584268893356,0.001355452939417426,0.0008784283278139946,2.125593121772652,19
2023-01-19,0.10783313032885745,0.9166117770890647,0.673149421861163,0.7906821907870094,0.21901744780997964,0.44233584268893356,0.001463042268163677,0.0008783553405649439,2.4337138805995964,19
2023-01-20,0.12090946343160233,0.9166117770890647,0.6677184142937098,0.7906821907870094,0.2113721222746877,0.44233584268893356,0.001425735173583277,0.0008875351862393864,-0.13228398030931166,19
2023-01-21,0.021793794148762383,0.9166117770890647,0.5880209130287638,0.7906821907870094,0.3901852928224738,0.44233584268893356,0.002198441514225202,0.0004894861812446522,2.494881838291544,19
2023-01-22,0.06158737085627339,0.9166117770890647,0.7001889624907148,0.7906821907870094,0.23822366665301176,0.44233584268893356,0.0015632238135127997,0.000867175419329957,2.653089768018272,19
2023-01-23,0.13334678151052745,0.9166117770890647,0.6593777974759604,0.7906821907870094,0.20727542101351212,0.44233584268893356,0.001403125377278016,0.0008876377636586442,2.683049687628158,19
2023-01-24,0.22322137143372076,0.9166117770890647,0.5849187424767961,0.7906821907870094,0.1918598860894832,0.44233584268893356,0.0012972716779998323,0.0008498203966222871,2.511085884890786,19
2023-01-25,0.5712440355454964,0.8959076102792887,0.3280292170540708,0.9522803230077249,0.10072674740043276,0.5663383266366947,0.0011019080739589034,0.0011922656932844065,2.298032313460373,20
2023-01-26,0.564607502271347,0.8959076102792887,0.3287636805596242,0.9522803230077249,0.10662881716902864,0.5663383266366947,0.001136736152250914,0.0011679945643887646,2.892779049186719,20
2023-01-27,0.6834159523919994,0.8959076102792887,0.21154048737463152,0.9522803230077249,0.10504356023336918,0.5663383266366947,0.0010284807923035817,0.001043641706797382,3.024896717940529,20
2023-01-28,0.7679562901566369,0.8959076102792887,0.12339902624946691,0.9522803230077249,0.10864468359389612,0.5663383266366947,0.0009748322350121428,0.0009297616497315464,3.0516806540024954,20
2023-01-29,0.8164754573243252,0.8959076102792887,0.0714585046933555,0.9522803230077249,0.11206603798231922,0.5663383266366947,0.000950732540785994,0.0008571299539180443,1.3242327921070562,20
2023-01-30,0.6722859046450407,0.8959076102792887,0.1690178536951693,0.9522803230077249,0.1586962416597898,0.5663383266366947,0.0013033622721441704,0.0007679850461783923,0.6478898333715233,20
2023-01-31,0.2646145732247296,0.8959076102792887,0.48354147361324445,0.9522803230077249,0.251843953162026,0.5663383266366947,0.0021089536255312494,0.0007237067503668625,2.4418947316782798,20
2023-02-01,0.39948118925344117,0.8959076102792887,0.47450808865174954,0.9522803230077249,0.1260107220948093,0.5663383266366947,0.0013722144189623217,0.0012485811733008235,2.0959436657017987,20
2023-02-02,0.35494625009143893,0.8959076102792887,0.5399833552296811,0.9522803230077249,0.10507039467887988,0.5663383266366947,0.0013061229926971984,0.0014108304295225383,2.631152724222251,20
2023-02-03,0.4766959376703409,0.8959076102792887,0.4280488293226656,0.9522803230077249,0.09525523300699351,0.5663383266366947,0.0011546871116623208,0.0013273811901994192,2.8626488716828153,20
2023-02-04,0.6165626448024435,0.8959076102792887,0.28415058566947693,0.9522803230077249,0.09928676952807952,0.5663383266366947,0.0010564856698545347,0.0011493175590629944,2.9392617106193253,20
2023-02-05,0.7188612067140137,0.8959076102792887,0.1753976365454205,0.9522803230077249,0.105741156740566,0.5663383266366947,0.0010019709456320716,0.001000256777249452,2.436108958661027,20
2023-02-06,0.7265905028681178,0.8959076102792887,0.1571300180223088,0.9522803230077249,0.11627947910957348,0.5663383266366947,0.0010475862965250167,0.0009350244188058806,2.8459276919983463,20
2023-02-07,0.7808364082712622,0.8959076102792887,0.10536472965973978,0.9522803230077249,0.11379886206899793,0.5663383266366947,0.0009894439467039446,0.0008876807618812413,2.2374647665334604,20
2023-02-08,0.7570303473358257,0.8959076102792887,0.11837289906261057,0.9522803230077249,0.12459675360156369,0.5663383266366947,0.0010629989240236192,0.0008563210561154907,2.6194983099316778,20
2023-02-09,0.7839038146891463,0.8959076102792887,0.09623251658466059,0.9522803230077249,0.11986366872619311,0.5663383266366947,0.0010168559200157811,0.0008516837023628946,-0.07539574082918787,20
2023-02-10,0.22093607896150072,0.8959076102792887,0.44078465053210514,0.9522803230077249,0.33827927050639417,0.5663383266366947,0.0025732399907644156,0.0003084136967951951,2.4252881338822205,20
2023-02-11,0.3999651283376617,0.8959076102792887,0.4519561330093726,0.9522803230077249,0.14807873865296572,0.5663383266366947,0.0014810638508490981,0.0011295393886047924,2.6664292831647125,20
2023-02-12,0.5348801348095386,0.8959076102792887,0.3591960734410917,0.9522803230077249,0.10592379174936954,0.5663383266366947,0.0011583636325999008,0.001205024983103323,2.8746208665407615,20
2023-02-13,0.6613460638136647,0.8959076102792887,0.2349299002789376,0.9522803230077249,0.10372403590739758,0.5663383266366947,0.001040603826521729,0.0010754083761592968,3.014282917255163,20
2023-02-14,0.754455998957712,0.8959076102792887,0.13782668439325793,0.9522803230077249,0.10771731664902999,0.5663383266366947,0.000981657811609968,0.0009498390016739839,2.4762820828292464,20
2023-02-15,0.7571610531741044,0.8959076102792887,0.12554958414275857,0.9522803230077249,0.11728936268313711,0.5663383266366947,0.0010267342187124183,0.0008954140315979996,-1.073802727169698,20
2023-02-16,0.21442887476393302,0.8959076102792887,0.2891406568721869,0.9522803230077249,0.49643046836388,0.5663383266366947,0.0033595499343364067,-0.0005335477248174174,1.8879016214521112,20
2023-02-17,0.3054967930320762,0.8959076102792887,0.4414856672193319,0.9522803230077249,0.2530175397485919,0.5663383266366947,0.0020801698615390057,0.0006716856108781565,1.6107984700311488,20
2023-02-18,0.17766425385108087,0.8959076102792887,0.6508902135452157,0.9522803230077249,0.17144553260370363,0.5663383266366947,0.0017845829302740872,0.0012526671935912184,2.5897544840876576,20
2023-02-19,0.32574851938865035,0.8959076102792887,0.5754256143315474,0.9522803230077249,0.09882586627980222,0.5663383266366947,0.0012998430626843963,0.0014770145081714563,2.5691864570757077,20
2023-02-20,0.4323134331826384,0.8959076102792887,0.47546845623898293,0.9522803230077249,0.09221811057837877,0.5663383266366947,0.001177128364126482,0.0013933235468085224,2.4892547068483957,20
2023-02-21,0.4878969077980414,0.8959076102792887,0.4164796723798653,0.9522803230077249,0.09562341982209333,0.5663383266366947,0.0011470496453437732,0.0013128778842560048,2.4402446332771004,20
2023-02-22,0.5338410559507587,0.8959076102792887,0.36526830035750235,0.9522803230077249,0.10089064369173889,0.5663383266366947,0.001134320877189515,0.001233213943323291,2.7295579914424093,20
2023-02-23,0.6334109635802845,0.8959076102792887,0.2632493029775782,0.9522803230077249,0.10333973344213723,0.5663383266366947,0.0010623111128947108,0.001108712259805384,2.751783626095728,20
2023-02-24,0.7059840044609184,0.8959076102792887,0.18573612807705317,0.9522803230077249,0.10827986746202836,0.5663383266366947,0.0010254208145373939,0.0010010252140411108,1.3615973277021038,20
2023-02-25,0.5033247985835636,0.8959076102792887,0.3516164219817565,0.9522803230077249,0.14505877943467965,0.5663383266366947,0.0013787576065613257,0.0010301671920033657,2.8804293388096474,20
2023-02-26,0.6565424219137822,0.8959076102792887,0.23444015850477026,0.9522803230077249,0.10901741958144762,0.5663383266366947,0.0010708642893950695,0.0010523560118724858,2.6129551452453534,20
2023-02-27,0.7004087627178626,0.8959076102792887,0.18860643914722644,0.9522803230077249,0.1109847981349111,0.5663383266366947,0.001043520436629863,0.0009927351878772689,3.0221967445759392,20
2023-02-28,0.7793843626031779,0.8959076102792887,0.11037277252166985,0.9522803230077249,0.11024286487515227,0.5663383266366947,0.0009730772234812904,0.0009083995612026712,2.56601754613717,20
2023-03-01,0.7887352770867102,0.8959076102792887,0.09267849552772939,0.9522803230077249,0.11858622738556046,0.5663383266366947,0.0010064500141892373,0.0008531401924096511,2.4359985349207562,20
2023-03-02,0.7866784985480015,0.8959076102792887,0.09078290657171059,0.9522803230077249,0.12253859488028798,0.5663383266366947,0.0010277428948845249,0.0008342169414120076,2.98750800976645,20
2023-03-03,0.8274284335020115,0.8959076102792887,0.05706383382996058,0.9522803230077249,0.11550773266802791,0.5663383266366947,0.000958496347135248,0.0008263998953737509,-0.19901495162893235,20
2023-03-04,0.2771200578861224,0.8959076102792887,0.3527602467406229,0.9522803230077249,0.3701196953732547,0.5663383266366947,0.0026829427371462132,7.460591561534802e-05,2.581954350757905,20
2023-03-05,0.5155954630434632,0.8959076102792887,0.3332949276177756,0.9522803230077249,0.15110960933876122,0.5663383266366947,0.0013983303464686864,0.0009839530369346238,2.883636925597449,20
2023-03-06,0.6666246372989874,0.8959076102792887,0.22293578595826588,0.9522803230077249,0.11043957674274679,0.5663383266366947,0.0010693809613827184,0.0010334442287433707,3.0113735105190256,20
2023-03-07,0.7595975355270309,0.8959076102792887,0.13142632890063466,0.9522803230077249,0.10897613557233438,0.5663383266366947,0.0009835397658327202,0.0009373295489677306,2.802899119928789,20
2023-03-08,0.7944660356071475,0.8959076102792887,0.09121820395552449,0.9522803230077249,0.11431576043732808,0.5663383266366947,0.0009804756905025238,0.0008696629008718049,2.1215660146813984,20
2023-03-09,0.7608164460839864,0.8959076102792887,0.10960898380308515,0.9522803230077249,0.12957457011292847,0.5663383266366947,0.001084423406204888,0.0008253571792009049,-0.4136810305477876,20
2023-03-10,0.18668289697888724,0.8959076102792887,0.38400124553529835,0.9522803230077249,0.42931585748581436,0.5663383266366947,0.003051905787487674,-0.00014212767740238823,2.40775104292642,20
2023-03-11,0.4038075905146994,0.8959076102792887,0.42494675128967,0.9522803230077249,0.17124565819563065,0.5663383266366947,0.0015924842943272554,0.001000840837944654,2.4655876658096303,20
2023-03-12,0.49504074723903974,0.8959076102792887,0.3914333808055309,0.9522803230077249,0.11352587195542922,0.5663383266366947,0.0012296631695527455,0.0012087564297441674,-0.026917420391134872,20
2023-03-13,0.0990173226405379,0.8959076102792887,0.6546913658846085,0.9522803230077249,0.2462913114748536,0.5663383266366947,0.0022215363181352535,0.0009387132651409223,-0.17973941920509517,20
2023-03-14,0.18234127165143207,0.8959076102792887,0.39033381425515,0.9522803230077249,0.42732491409341794,0.5663383266366947,0.0030457582281755284,-0.00012658142420910075,1.976626316309948,20
2023-03-15,0.2507848132953654,0.8959076102792887,0.5445984224684975,0.9522803230077249,0.20461676423613712,0.5663383266366947,0.0018869960588465617,0.0009927728176168408,2.3646496333877023,20
2023-03-16,0.34835803289591677,0.8959076102792887,0.5352181836694475,0.9522803230077249,0.11642378343463572,0.5663383266366947,0.0013679209572234896,0.0013572328363861852,2.107154116149161,20
2023-03-17,0.30383585839364263,0.8959076102792887,0.5978416601340714,0.9522803230077249,0.09832248147228617,0.5663383266366947,0.0013158493006083579,0.001504222850620883,-0.8643965982131079,20
2023-03-18,0.14226840281240896,0.8959076102792887,0.5167226547172421,0.9522803230077249,0.341008942470349,0.5663383266366947,0.002653347814612016,0.00038173123050758845,2.1750478684178822,20
2023-03-19,0.2361167276472793,0.8959076102792887,0.6053774398299567,0.9522803230077249,0.15850583252276407,0.5663383266366947,0.0016711293132274435,0.0012567823321903062,1.4337912972429099,20
2023-03-20,0.07541870116842145,0.8959076102792887,0.7939783518314474,0.9522803230077249,0.13060294700013125,0.5663383266366947,0.0016686097049456623,0.001586326056736187,2.3661602698364126,20
2023-03-21,0.12872367838831303,0.8959076102792887,0.7876022693419393,0.9522803230077249,0.08367405226974782,0.5663383266366947,0.001391036228981835,0.001778712518024531,2.4973749904026317,20
2023-03-22,0.2029281377558581,0.8959076102792887,0.7224355546435993,0.9522803230077249,0.07463630760054246,0.5663383266366947,0.0012836316117333397,0.0017442592877434573,1.8655503630853734,20
2023-03-23,0.1132130054528434,0.8959076102792887,0.8075132956525833,0.9522803230077249,0.07927369889457342,0.5663383266366947,0.0013823057590422318,0.0018196873149998235,1.803820898721022,20
2023-03-24,0.04611550351011345,0.8959076102792887,0.8778400838494393,0.9522803230077249,0.07604441264044737,0.5663383266366947,0.0014228859818087027,0.0019120640885593307,1.85977816281793,20
2023-03-25,0.03212593682467319,0.8959076102792887,0.8938310900637374,0.9522803230077249,0.07404297311158956,0.5663383266366947,0.0014247583854949445,0.0019384561478754858,2.486832766333965,20
2023-03-26,0.07306957383566422,0.8959076102792887,0.8626894411372169,0.9522803230077249,0.06424098502711897,0.5663383266366947,0.0013416236794681197,0.001945302842446652,2.326073275817691,20
2023-03-27,0.08942657600782423,0.8959076102792887,0.8456114072806513,0.9522803230077249,0.06496201671152455,0.5663383266366947,0.0013314058304501801,0.001923138762603128,1.8555344449003237,20
2023-03-28,0.04649627584176743,0.8959076102792887,0.8824664730613534,0.9522803230077249,0.0710372510968793,0.5663383266366947,0.001397734926074503,0.001938525664839726,2.5007548136761373,20
2023-03-29,0.09663814619915398,0.8959076102792887,0.8384394400755756,0.9522803230077249,0.06492241372527066,0.5663383266366947,0.0013251278750905854,0.0019152866102626065,1.7479310460183781,20
2023-03-30,0.03420633290602095,0.8959076102792887,0.8949094373518617,0.9522803230077249,0.0708842297421175,0.5663383266366947,0.001407339546515034,0.00195309139307007,2.3659200615814213,20
2023-03-31,0.06056652713152643,0.8959076102792887,0.874876627969966,0.9522803230077249,0.06455684489850769,0.5663383266366947,0.0013537330934443768,0.0019575890948082273,2.3766383719651243,20
2023-04-01,0.08621151200518501,0.8959076102792887,0.849593246339217,0.9522803230077249,0.06419524165559819,0.5663383266366947,0.0013303146965072227,0.0019308516391882127,2.5475326401843903,20
2023-04-02,0.16387209951225723,0.8959076102792887,0.768659471868636,0.9522803230077249,0.06746842861910687,0.5663383266366947,0.0012810456207076645,0.0018264262638903257,2.468653098104256,20
2023-04-03,0.23534334517123576,0.8959076102792887,0.6906294775966236,0.9522803230077249,0.07402717723214064,0.5663383266366947,0.0012532624276055085,0.0017112797544921842,2.5240079074264994,20
2023-04-04,0.3263601605724027,0.8959076102792887,0.5928568533250971,0.9522803230077249,0.08078298610250027,0.5663383266366947,0.001209931645782936,0.0015732169560424261,2.690555607975721,20
2023-04-05,0.45312311837964975,0.8959076102792887,0.45876189096107284,0.9522803230077249,0.08811499065927746,0.5663383266366947,0.0011392314524114899,0.0013920846369498844,2.868118545686276,20
2023-04-06,0.5977384865193613,0.8959076102792887,0.30542085024677723,0.9522803230077249,0.09684066323386112,0.5663383266366947,0.0010602818876881647,0.0011835039845763682,2.904852081374221,20
2023-04-07,0.7020494401541739,0.8959076102792887,0.193224460929234,0.9522803230077249,0.10472609891659188,0.5663383266366947,0.001011158926688043,0.0010245082855073325,2.9892638432482,20
2023-04-08,0.7752293154194824,0.8959076102792887,0.11515772751526843,0.9522803230077249,0.10961295706524928,0.5663383266366947,0.0009734737722638312,0.0009164286875127286,3.085488100519549,20
2023-04-09,0.8223984443347756,0.8959076102792887,0.06547975140644074,0.9522803230077249,0.11212180425878368,0.5663383266366947,0.0009459994225297778,0.0008502067315536045,2.797868220312374,20
2023-04-10,0.8331352211630967,0.8959076102792887,0.049673122944396006,0.9522803230077249,0.11719165589250721,0.5663383266366947,0.0009620000971776236,0.0008109755931962863,0.08907365221764207,20
2023-04-11,0.3968649522854288,0.8959076102792887,0.30395996387605795,0.9522803230077249,0.29917508383851316,0.5663383266366947,0.0022310095998991377,0.0003216509028243664,2.3196188801750797,20
2023-04-12,0.5159053857079439,0.8959076102792887,0.33216064888511415,0.9522803230077249,0.15193396540694193,0.5663383266366947,0.0014021478706782613,0.0009791798275821909,2.6486069862138977,20
2023-04-13,0.6267587959687513,0.8959076102792887,0.2595937669687851,0.9522803230077249,0.11364743706246366,0.5663383266366947,0.0011189550498847053,0.0010608012917447058,2.6567260969341837,20
2023-04-14,0.6875652947384673,0.8959076102792887,0.20229126341544687,0.9522803230077249,0.11014344184608585,0.5663383266366947,0.0010502139219279107,0.0010116161450582177,3.0246931281044973,20
2023-04-15,0.7719713180750063,0.8959076102792887,0.11846843218574754,0.9522803230077249,0.10956024973924611,0.5663383266366947,0.0009759677589969341,0.000920355184232474,3.033593882211242,20
2023-04-16,0.8177822376938272,0.8959076102792887,0.06970488894994714,0.9522803230077249,0.11251287335622578,0.5663383266366947,0.0009518380845535931,0.0008532691493585488,3.1011751166469614,20
2023-04-17,0.8453080748870052,0.8959076102792887,0.040865698481748876,0.9522803230077249,0.1138262266312458,0.5663383266366947,0.0009350559342219216,0.0008154341443592319,1.4948785840213203,20
2023-04-18,0.7507809939401342,0.8959076102792887,0.09194328019615262,0.9522803230077249,0.1572757258637132,0.5663383266366947,0.0012299317127005159,0.0006878306269302342,1.6088020648326258,20
2023-04-19,0.6601275876856645,0.8959076102792887,0.17693282984415507,0.9522803230077249,0.16293958247018045,0.5663383266366947,0.0013346362044119767,0.0007587960387246846,0.21205214498532876,20
2023-04-20,0.16439033285590954,0.8959076102792887,0.5025914757476178,0.9522803230077249,0.3330181913964728,0.5663383266366947,0.0025951230483910173,0.0003999005748749798,2.1259629929722084,20
2023-04-21,0.2426062648676114,0.8959076102792887,0.5964182401709145,0.9522803230077249,0.16097549496147429,0.5663383266366947,0.0016778756499787066,0.0012362634152803431,1.6199862750989202,20
2023-04-22,0.11778886384077,0.8959076102792887,0.7545881801231363,0.9522803230077249,0.12762295603609375,0.5663383266366947,0.0016180795052211582,0.0015549447616009634,2.3172456133860355,20
2023-04-23,0.1532229776100821,0.8959076102792887,0.7617052308998912,0.9522803230077249,0.08507179149002672,0.5663383266366947,0.0013772959010198618,0.0017438090031872753,2.526196022740987,20
2023-04-24,0.24736013052226355,0.8959076102792887,0.6749074321484688,0.9522803230077249,0.07773243732926768,0.5663383266366947,0.001261487335762751,0.0016779447308774475,2.6797349981120853,20
2023-04-25,0.3848658583948392,0.8959076102792887,0.5318611728166478,0.9522803230077249,0.083272968788513,0.5663383266366947,0.0011728799976738883,0.0014944184357539435,1.9992128896353347,20
2023-04-26,0.5601617837139196,0.9100085720091733,0.3414464988134355,0.9452786740540794,0.09839171747264501,0.5478389233931777,0.0012031152900176057,0.0009459936985274326,2.8224081244721138,21
2023-04-27,0.6802060234451791,0.9100085720091733,0.2278917029079017,0.9452786740540794,0.09190227364691915,0.5478389233931777,0.001064856247392199,0.0006919494973384488,1.3483528606999924,21
2023-04-28,0.46487433165599523,0.9100085720091733,0.4178269424234479,0.9452786740540794,0.11729872592055691,0.5478389233931777,0.0013821283781304354,0.0010389247698976787,2.7312406757971206,21
2023-04-29,0.6083090331927036,0.9100085720091733,0.29918938013094754,0.9452786740540794,0.09250158667634871,0.5478389233931777,0.0011311149437010215,0.0008700838516928528,2.8255949282158443,21
2023-04-30,0.7122688320119778,0.9100085720091733,0.19491860098810396,0.9452786740540794,0.09281256699991834,0.5478389233931777,0.001041215793500318,0.0006032026256362381,2.898881326760122,21
2023-05-01,0.7818041936051653,0.9100085720091733,0.12258075472839734,0.9452786740540794,0.09561505166643737,0.5478389233931777,0.0009940595451854441,0.00040418855381159233,0.6153888956883518,21
2023-05-02,0.47728795895370674,0.9100085720091733,0.3417461833301003,0.9452786740540794,0.18096585771619295,0.5478389233931777,0.0016919039942406642,0.0005041489507999423,2.3203855624010408,21
2023-05-03,0.5453050527422788,0.9100085720091733,0.34244539067067015,0.9452786740540794,0.112249556587051,0.5478389233931777,0.0012860064694870416,0.0008742547652439059,2.652932913296597,21
2023-05-04,0.6427698565345838,0.9100085720091733,0.26262165740782595,0.9452786740540794,0.09460848605759017,0.5478389233931777,0.001111424161762535,0.0007657800589762963,2.810617566741676,21
2023-05-05,0.7334954022390714,0.9100085720091733,0.17200309434097863,0.9452786740540794,0.09450150341994983,0.5478389233931777,0.0010310241707569834,0.0005358637852276461,2.211822403122357,21
2023-05-06,0.7142651054361173,0.9100085720091733,0.1822766731747417,0.9452786740540794,0.10345822138914096,0.5478389233931777,0.0010930445911355442,0.0005139857409757556,2.2087591409679694,21
2023-05-07,0.7145608449239313,0.9100085720091733,0.17846531822363962,0.9452786740540794,0.10697383685242909,0.5478389233931777,0.0011104772960458047,0.00048544739290437827,2.8772597553632684,21
2023-05-08,0.7882990943848086,0.9100085720091733,0.11335708408018824,0.9452786740540794,0.09834382153500315,0.5478389233931777,0.0010020619282367369,0.00036610148121271336,1.1489808931904624,21
2023-05-09,0.6205198793890093,0.9100085720091733,0.233475338874358,0.9452786740540794,0.14600478173663256,0.5478389233931777,0.0013897559988182893,0.0004161558229036508,2.8290120923957547,21
2023-05-10,0.7402857532923696,0.9100085720091733,0.1574920637683082,0.9452786740540794,0.10222218293932218,0.5478389233931777,0.00106389760921176,0.0004575710145126332,2.934676219324487,21
2023-05-11,0.805298422825261,0.9100085720091733,0.09692388579971248,0.9452786740540794,0.09777769137502659,0.5478389233931777,0.000984224113196217,0.0003273379114026746,2.103817223090679,21
2023-05-12,0.7810701203475967,0.9100085720091733,0.10707403349643375,0.9452786740540794,0.1118558461559695,0.5478389233931777,0.0010764021708416643,0.0002776944209152073,2.8493855088037217,21
2023-05-13,0.82707833076714,0.9100085720091733,0.07132348951041739,0.9452786740540794,0.10159817972244262,0.5478389233931777,0.0009842263452505802,0.00024174464641414878,2.9783660728154677,21
2023-05-14,0.8549504255075376,0.9100085720091733,0.04523199573159615,0.9452786740540794,0.09981757876086615,0.5478389233931777,0.0009506765753803225,0.0001849247578160954,2.9918843250849028,21
2023-05-15,0.8695377730458748,0.9100085720091733,0.030243404144672272,0.9452786740540794,0.10021882280945313,0.5478389233931777,0.0009398172125374625,0.00014465032909684615,2.826987130702246,21
2023-05-16,0.8722531082407534,0.9100085720091733,0.025325719551058896,0.9452786740540794,0.1024211722081876,0.5478389233931777,0.0009484909915576318,0.0001203372734282149,2.9068160814188313,21
2023-05-17,0.8773087781775895,0.9100085720091733,0.020524154849058417,0.9452786740540794,0.10216706697335205,0.5478389233931777,0.00094274964106798,0.00010948645316090469,2.749361130143949,21
2023-05-18,0.8753979433213955,0.9100085720091733,0.020627358070788526,0.9452786740540794,0.10397469860781586,0.5478389233931777,0.0009535230601654077,0.00010005983625323495,2.3416725123376945,21
2023-05-19,0.8604038696253529,0.9100085720091733,0.02781848575164502,0.9452786740540794,0.1117776446230021,0.5478389233931777,0.0010059841535846612,7.652588186568131e-05,2.9966108477331117,21
2023-05-20,0.8766851763997567,0.9100085720091733,0.021253491913281592,0.9452786740540794,0.1020613316869617,0.5478389233931777,0.0009427687906539395,0.00011190828667351753,2.93168116353958,21
2023-05-21,0.8800942518461768,0.9100085720091733,0.018141813869862494,0.9452786740540794,0.10176393428396081,0.5478389233931777,0.0009382636529396356,0.00010558777025100483,2.7724245433038144,21
2023-05-22,0.8777721342590892,0.9100085720091733,0.0181791221903692,0.9452786740540794,0.10404874355054186,0.5478389233931777,0.0009517986615954463,9.34358210136298e-05,3.0012371649333733,21
2023-05-23,0.8831156617538916,0.9100085720091733,0.01551324826713701,0.9452786740540794,0.10137108997897153,0.5478389233931777,0.0009336210058535844,0.00010100766427510873,2.7589439819986104,21
2023-05-24,0.8789996335352773,0.9100085720091733,0.017094089799767585,0.9452786740540794,0.10390627666495499,0.5478389233931777,0.0009499985817252365,9.143966347331656e-05,1.37407024503474,21
2023-05-25,0.8001575672069112,0.9100085720091733,0.05415552551392584,0.9452786740540794,0.14568690727916295,0.5478389233931777,0.0012296093276572707,-3.824304466917524e-05,2.9203325021527258,21
2023-05-26,0.8533350733585588,0.9100085720091733,0.04031344381937524,0.9452786740540794,0.10635148282206595,0.5478389233931777,0.0009849511351508998,0.00013739185910464566,2.895227533415453,21
2023-05-27,0.8675320268586051,0.9100085720091733,0.03033970211485502,0.9452786740540794,0.10212827102653996,0.5478389233931777,0.0009511869211139494,0.00013466039984524127,2.9763424191400123,21
2023-05-28,0.8764308297348993,0.9100085720091733,0.02252067011112326,0.9452786740540794,0.1010485001539775,0.5478389233931777,0.000937902170527038,0.00012056026883698915,0.3470732254260145,21
2023-05-29,0.63264428027817,0.9100085720091733,0.14633585224237036,0.9452786740540794,0.2210198674794596,0.5478389233931777,0.0017561139816565576,-0.0002075743938810741,2.617022370783105,21
2023-05-30,0.7547313778288904,0.9100085720091733,0.12358190291366468,0.9452786740540794,0.12168671925744483,0.5478389233931777,0.0011490787201213835,0.00026698781771434957,2.9274251509704796,21
2023-05-31,0.8201305944650321,0.9100085720091733,0.07855009291146378,0.9452786740540794,0.10131931262350406,0.5478389233931777,0.0009889538304807537,0.00026162038374855605,2.476347584811332,21
2023-06-01,0.8247945001183993,0.9100085720091733,0.06890348632197996,0.9452786740540794,0.10630201355962074,0.5478389233931777,0.001009894556534492,0.00021037623427201072,2.6458469147077874,21
2023-06-02,0.840143953340832,0.9100085720091733,0.05499572862458528,0.9452786740540794,0.10486031803458268,0.5478389233931777,0.0009890989010377669,0.00018272929378136866,2.6464846042073593,21
2023-06-03,0.8478581374083033,0.9100085720091733,0.0476102134643288,0.9452786740540794,0.10453164912736798,0.5478389233931777,0.0009806373527831483,0.00016570582562091206,2.9193420643393155,21
2023-06-04,0.8652262582019411,0.9100085720091733,0.03315462696695421,0.9452786740540794,0.10161911483110485,0.5478389233931777,0.000950663010397129,0.00014454934108469998,2.9964057915228355,21
2023-06-05,0.8756563174262101,0.9100085720091733,0.023620942840533798,0.9452786740540794,0.10072273973325616,0.5478389233931777,0.000936948482488366,0.00012510494325827353,-0.26095437324339144,21
2023-06-06,0.44796701634393216,0.9100085720091733,0.21343876819997593,0.9452786740540794,0.33859421545609186,0.5478389233931777,0.002509680956830054,-0.0006671092778892503,0.8140207621789237,21
2023-06-07,0.18971206266277596,0.9100085720091733,0.4749865490038207,0.9452786740540794,0.33530138833340334,0.5478389233931777,0.002721764120132349,1.5791474014172774e-05,1.7146169864747112,21
2023-06-08,0.19959372441586626,0.9100085720091733,0.607441655836796,0.9452786740540794,0.1929646197473377,0.5478389233931777,0.001996565861248416,0.0011156347233632425,2.4947007896271876,21
2023-06-09,0.34098122063698266,0.9100085720091733,0.5608941567420453,0.9452786740540794,0.09812462262097199,0.5478389233931777,0.001394060985132598,0.0015055938613756394,2.6688131018929186,21
2023-06-10,0.4889781568801697,0.9100085720091733,0.4271912250184106,0.9452786740540794,0.0838306181014198,0.5478389233931777,0.0011921949398274263,0.0012421359193545193,2.1512779444692454,21
2023-06-11,0.493463305667863,0.9100085720091733,0.41571970136288905,0.9452786740540794,0.09081699296924806,0.5478389233931777,0.001223498686792884,0.0011755101397487597,2.786668887980851,21
2023-06-12,0.6262982083258279,0.9100085720091733,0.2853788176619142,0.9452786740540794,0.08832297401225774,0.5478389233931777,0.0010942454158745208,0.00085735432309422,2.872020713182436,21
2023-06-13,0.7267079056767992,0.9100085720091733,0.18092393470261853,0.9452786740540794,0.09236815962058223,0.5478389233931777,0.0010262638495189835,0.0005699890513070067,2.9267446136370263,21
2023-06-14,0.7936525802590514,0.9100085720091733,0.1104126772122084,0.9452786740540794,0.09593474252874011,0.5478389233931777,0.0009852224956718835,0.0003715252807112794,1.623687661568637,21
2023-06-15,0.7097127252435139,0.9100085720091733,0.16646000885108125,0.9452786740540794,0.1238272659054048,0.5478389233931777,0.0011995498334117537,0.00036457536254336177,2.4925855734522204,21
2023-06-16,0.7471277609216928,0.9100085720091733,0.14728931195870879,0.9452786740540794,0.1055829271195984,0.5478389233931777,0.0010747778492623287,0.00041360617802902496,1.818346054019093,21
2023-06-17,0.6732672718939946,0.9100085720091733,0.21079720029922122,0.9452786740540794,0.11593552780678434,0.5478389233931777,0.001191959643900247,0.0005196483274627715,2.8391167633331422,21
2023-06-18,0.7604292391751193,0.9100085720091733,0.14104463707659043,0.9452786740540794,0.09852612374829021,0.5478389233931777,0.001027547058158496,0.0004355480383197949,2.8835906888099383,21
2023-06-19,0.8124919046413834,0.9100085720091733,0.0891150067497545,0.9452786740540794,0.098393088608862,0.5478389233931777,0.0009809751358946293,0.00030417730629125255,2.6370368675825846,21
2023-06-20,0.8252484554691103,0.9100085720091733,0.07241713578584096,0.9452786740540794,0.10233440874504872,0.5478389233931777,0.0009895431662646365,0.00024058007935962397,-0.1974139334128222,21
2023-06-21,0.30271779576648694,0.9100085720091733,0.407465379434897,0.9452786740540794,0.28981682479861615,0.5478389233931777,0.0023933553138978676,8.785289063304542e-05,0.7817780351037072,21
2023-06-22,0.1278420111965336,0.9100085720091733,0.5917611662347014,0.9452786740540794,0.2803968225687649,0.5478389233931777,0.002500173912624174,0.0006071043755433326,2.3781295300463214,21
2023-06-23,0.26913452881651184,0.9100085720091733,0.6110079184393918,0.9452786740540794,0.11985755274409626,0.5478389233931777,0.001566713862481492,0.0015165679530849377,2.2406315737555387,21
2023-06-24,0.295674304607252,0.9100085720091733,0.618082928991752,0.9452786740540794,0.08624276640099607,0.5478389233931777,0.001373714243576127,0.0017147425177405306,2.6335301161935485,21
2023-06-25,0.43683530486197286,0.9100085720091733,0.48372142642359983,0.9452786740540794,0.07944326871442742,0.5478389233931777,0.0012157769619485503,0.0014094380619412913,2.739400309379376,21
2023-06-26,0.5738780526496741,0.9100085720091733,0.34180234837374207,0.9452786740540794,0.08431959897658388,0.5478389233931777,0.0011201353896673483,0.001022326999925022,2.7662458420019416,21
2023-06-27,0.678938503044202,0.9100085720091733,0.23053665782917618,0.9452786740540794,0.09052483912662174,0.5478389233931777,0.0010590350338163734,0.0007060601902896596,2.685296893064131,21
2023-06-28,0.7340602409616309,0.9100085720091733,0.17060668102532459,0.9452786740540794,0.09533307801304441,0.5478389233931777,0.0010347121685649239,0.0005278546498369227,2.427700171723004,21
2023-06-29,0.7538936927263802,0.9100085720091733,0.1439831550790544,0.9452786740540794,0.10212315219456546,0.5478389233931777,0.0010514063429158229,0.0004237417131743124,2.768877929069874,21
2023-06-30,0.7981135185479283,0.9100085720091733,0.10238784225587598,0.9452786740540794,0.09949863919619575,0.5478389233931777,0.0009992168712047646,0.0003320110883728932,2.968509151264465,21
2023-07-01,0.8383555656747924,0.9100085720091733,0.06285772437651974,0.9452786740540794,0.09878670994868798,0.5478389233931777,0.0009601380355440674,0.00023528164732064966,2.9810914345195823,21
2023-07-02,0.8600338950228121,0.9100085720091733,0.040269892698570064,0.9452786740540794,0.09969621227861793,0.5478389233931777,0.0009455794465760919,0.000172954110668027,3.0020949908979246,21
2023-07-03,0.8725404694893244,0.9100085720091733,0.0271863620705762,0.9452786740540794,0.10027316844009933,0.5478389233931777,0.0009374394907177202,0.00013658339651649224,2.5809624869667482,21
2023-07-04,0.8656389770106299,0.9100085720091733,0.028576978791960722,0.9452786740540794,0.10578404419740947,0.5478389233931777,0.0009712352144286731,0.00011058151630329342,2.8073643471893597,21
2023-07-05,0.8718753229623831,0.9100085720091733,0.024319397325309085,0.9452786740540794,0.10380527971230777,0.5478389233931777,0.0009557820414410712,0.00011035870004753835,2.842756286688548,21
2023-07-06,0.875789650747056,0.9100085720091733,0.021019421701896426,0.9452786740540794,0.10319092755104775,0.5478389233931777,0.0009492375524728557,0.00010525816021013064,2.5389074401049045,21
2023-07-07,0.8681387299650872,0.9100085720091733,0.024049591379960503,0.9452786740540794,0.10781167865495239,0.5478389233931777,0.0009792195619150847,8.81976799515942e-05,2.8223223286962544,21
2023-07-08,0.8742741906396433,0.9100085720091733,0.022019501621102316,0.9452786740540794,0.10370630773925438,0.5478389233931777,0.0009531663171360607,0.00010503938113516425,2.9967120870256627,21
2023-07-09,0.8811256529143241,0.9100085720091733,0.01754027548083489,0.9452786740540794,0.10133407160484104,0.5478389233931777,0.0009351921804068334,0.00010636186205688168,2.989558100270648,21
2023-07-10,0.8836717034754714,0.9100085720091733,0.01505529929058921,0.9452786740540794,0.10127299723393943,0.5478389233931777,0.0009326369343075291,0.00010036865251578108,2.9393382876397816,21
2023-07-11,0.883810059694995,0.9100085720091733,0.014422556534448636,0.9452786740540794,0.10176738377055633,0.5478389233931777,0.0009349997495696377,9.610929219179917e-05,2.947085918833375,21
2023-07-12,0.8842414499072142,0.9100085720091733,0.013995675685497604,0.9452786740540794,0.10176287440728811,0.5478389233931777,0.0009345961333692385,9.504768487881443e-05,2.9136466231426184,21
2023-07-13,0.8837109102659206,0.9100085720091733,0.013954654756729665,0.9452786740540794,0.10233443497734966,0.5478389233931777,0.0009379375041849332,9.18797163521304e-05,1.3977953640371803,21
2023-07-14,0.8096397915643907,0.9100085720091733,0.04975489694295919,0.9452786740540794,0.14060531149265015,0.5478389233931777,0.0011956978358076775,-2.2198166624797476e-05,1.1260907931485455,21
2023-07-15,0.680008883035659,0.9100085720091733,0.1372841462741498,0.9452786740540794,0.1827069706901912,0.5478389233931777,0.0015217897784127999,-2.5235962825594072e-05,2.868599585215045,21
2023-07-16,0.7945828465055049,0.9100085720091733,0.0958555378626106,0.9452786740540794,0.10956161563188463,0.5478389233931777,0.001052943392710976,0.00026145734676524595,2.9574409025696813,21
2023-07-17,0.8395674781182925,0.9100085720091733,0.06010810966364669,0.9452786740540794,0.10032441221806093,0.5478389233931777,0.0009668009162108631,0.0002200456967913393,2.9656297063687096,21
2023-07-18,0.8609538121488043,0.9100085720091733,0.03884310411494513,0.9452786740540794,0.10020308373625048,0.5478389233931777,0.0009473157569511871,0.00016660816190270685,2.825731405319007,21
2023-07-19,0.8677431432374668,0.9100085720091733,0.02978788306863862,0.9452786740540794,0.10246897369389457,0.5478389233931777,0.0009527132303401248,0.0001314306336475527,2.999514432104982,21
2023-07-20,0.877348546406811,0.9100085720091733,0.021764432439334867,0.9452786740540794,0.10088702115385396,0.5478389233931777,0.0009362801545977083,0.00011950231288243948,2.9843529694135515,21
2023-07-21,0.8814564670531787,0.9100085720091733,0.01738162064734111,0.9452786740540794,0.10116191229948013,0.5478389233931777,0.0009340346977512001,0.0001068811149492737,2.997465258632631,21
2023-07-22,0.883933474925389,0.9100085720091733,0.01497392411788394,0.9452786740540794,0.10109260095672709,0.5478389233931777,0.0009314990231190095,0.00010112861854515002,2.938287657004548,21
2023-07-23,0.8838827450542817,0.9100085720091733,0.014193729829667628,0.9452786740540794,0.10192352511605077,0.5478389233931777,0.0009357203871649118,9.469033215783241e-05,2.838480166695386,21
2023-07-24,0.8817594971676312,0.9100085720091733,0.015211122430960365,0.9452786740540794,0.10302938040140838,0.5478389233931777,0.0009431538022547932,9.135057292923706e-05,1.6431572351816117,21
2023-07-25,0.8263015448966379,0.9100085720091733,0.04092296151697995,0.9452786740540794,0.13277549358638224,0.5478389233931777,0.0011416328569395307,-2.693595586760367e-06,2.9719899423617995,21
2023-07-26,0.486313476023602,0.5889845061039476,0.5037552590063443,0.6867045525184879,0.009931264970053724,0.6221144652473345,0.0010373320675131125,0.0009698197641245375,2.9884487412924483,22
2023-07-27,0.5163117480647414,0.5889845061039476,0.4747946508965263,0.6867045525184879,0.008893601038732442,0.6221144652473345,0.0009795584038232164,0.0009394747988750147,2.9853977041207895,22
2023-07-28,0.5213743650640713,0.5889845061039476,0.46988477986826765,0.6867045525184879,0.008740855067661072,0.6221144652473345,0.0009700961749008391,0.0009337550866918135,3.0437186763650477,22
2023-07-29,0.5248156515538843,0.5889845061039476,0.4665693521717308,0.6867045525184879,0.008614996274384775,0.6221144652473345,0.000963380618940762,0.0009304565419569025,3.0789139256277376,22
2023-07-30,0.5274259831132504,0.5889845061039476,0.4640303783778123,0.6867045525184879,0.008543638508937438,0.6221144652473345,0.0009585970212197359,0.0009273094433911985,3.050223120878257,22
2023-07-31,0.526542491052754,0.5889845061039476,0.46487898676904715,0.6867045525184879,0.008578522178199027,0.6221144652473345,0.0009603542396864177,0.0009280874903277456,3.076347801855571,22
2023-08-01,0.5277270857825584,0.5889845061039476,0.4637304131491212,0.6867045525184879,0.008542501068320444,0.6221144652473345,0.0009581365528401416,0.0009267566416546208,2.859902008695493,22
2023-08-02,0.5140663220152729,0.5889845061039476,0.47704252051805984,0.6867045525184879,0.008891157466667216,0.6221144652473345,0.000982851488474,0.0009438895384615928,2.6733995742187013,22
2023-08-03,0.5002243756796915,0.5889845061039476,0.4904097007459651,0.6867045525184879,0.009365923574343427,0.6221144652473345,0.0010094578064847278,0.000957999482458863,3.0513981918421305,22
2023-08-04,0.5224427521345367,0.5889845061039476,0.468854012772651,0.6867045525184879,0.008703235092812237,0.6221144652473345,0.0009680299787035868,0.0009326921065019101,3.0149864148305214,22
2023-08-05,0.5239414255798461,0.5889845061039476,0.46739849102237113,0.6867045525184879,0.008660083397782944,0.6221144652473345,0.000965255471970401,0.0009309436604312254,3.0814953718531513,22
2023-08-06,0.5275624597343707,0.5889845061039476,0.46389121799401706,0.6867045525184879,0.008546322271612403,0.6221144652473345,0.0009584294984107748,0.0009269732891287135,3.0852461018965065,22
2023-08-07,0.528258548023034,0.5889845061039476,0.4632178326063796,0.6867045525184879,0.008523619370586363,0.6221144652473345,0.0009571065684843581,0.000926232360563034,3.0492283776163185,22
2023-08-08,0.526087713810162,0.5889845061039476,0.4653395192143158,0.6867045525184879,0.008572766975522207,0.6221144652473345,0.0009609535075695078,0.0009291223616985532,2.112082763058839,22
2023-08-09,0.4438477207496693,0.5889845061039476,0.5453100964948718,0.6867045525184879,0.01084218275545891,0.6221144652473345,0.001111927281506945,0.0010277050325452222,2.87373436481036,22
2023-08-10,0.502588955408085,0.5889845061039476,0.4880866365773702,0.6867045525184879,0.009324408014544823,0.6221144652473345,0.0010054224519227331,0.0009545300129893584,2.97988243816678,22
2023-08-11,0.5189894524445016,0.5889845061039476,0.4721888024115436,0.6867045525184879,0.008821745143954821,0.6221144652473345,0.0009746686972071431,0.0009362105267172803,3.072026068317731,22
2023-08-12,0.5264281341876172,0.5889845061039476,0.4649864619785406,0.6867045525184879,0.008585403833842343,0.6221144652473345,0.000960612153983658,0.0009281248885340241,3.084445208315869,22
2023-08-13,0.5280129210469531,0.5889845061039476,0.4634569676392809,0.6867045525184879,0.00853011131376596,0.6221144652473345,0.0009575538302189244,0.0009265344537476671,3.026380494553582,22
2023-08-14,0.525368318259493,0.5889845061039476,0.46601771915623585,0.6867045525184879,0.008613962584271282,0.6221144652473345,0.0009625490160127744,0.0009294136878028285,3.042380887226207,22
2023-08-15,0.525283532398947,0.5889845061039476,0.46611914879407274,0.6867045525184879,0.008597318806980293,0.6221144652473345,0.0009624602821856803,0.0009300231996950938,2.8895599997034274,22
2023-08-16,0.5170482170618019,0.5889845061039476,0.4740915142407863,0.6867045525184879,0.008860268697411753,0.6221144652473345,0.000978038857283851,0.0009389400301947072,2.539439855665061,22
2023-08-17,0.4900917832267038,0.5889845061039476,0.5002297890121958,0.6867045525184879,0.009678427761100405,0.6221144652473345,0.0010284828281028348,0.0009692655565755767,-0.22145240420460488,22
2023-08-18,0.29127864657925906,0.5889845061039476,0.6751961988228621,0.6867045525184879,0.03352515459787899,0.6221144652473345,0.0016298084255256065,0.0007163761751144313,1.9382531051793743,22
2023-08-19,0.3550811532006844,0.5889845061039476,0.6249415538261671,0.6867045525184879,0.019977292973148562,0.6221144652473345,0.0013609713716083297,0.0009552468713598692,2.8751088297087737,22
2023-08-20,0.48695269717796164,0.5889845061039476,0.5025001375910573,0.6867045525184879,0.010547165230981141,0.6221144652473345,0.001044315766366166,0.0009521039887631106,3.0202936623010936,22
2023-08-21,0.5185760120588816,0.5889845061039476,0.47252839776631,0.6867045525184879,0.008895590174808359,0.6221144652473345,0.0009762315380303193,0.0009350357282459788,3.064290470728116,22
2023-08-22,0.5259980513913358,0.5889845061039476,0.46539635512413774,0.6867045525184879,0.008605593484526573,0.6221144652473345,0.0009615088686702414,0.0009284178062013558,2.984855729197742,22
2023-08-23,0.5227887467573508,0.5889845061039476,0.4685179235491389,0.6867045525184879,0.008693329693510457,0.6221144652473345,0.0009673901692097792,0.0009322869248980353,2.3197302739698955,22
2023-08-24,0.4667026376842578,0.5889845061039476,0.5230939126860529,0.6867045525184879,0.010203449629689483,0.6221144652473345,0.0010698691678507509,0.0010005237904259431,2.62604616713179,22
2023-08-25,0.4870681829688283,0.5889845061039476,0.5031350768712374,0.6867045525184879,0.0097967401599344,0.6221144652473345,0.00103448258870963,0.0009719569417567335,3.008362464766213,22
2023-08-26,0.5183264674703089,0.5889845061039476,0.4728253228343184,0.6867045525184879,0.008848209695372715,0.6221144652473345,0.0009759910280308046,0.0009367866964669918,3.0689273363705953,22
2023-08-27,0.5261862022774495,0.5889845061039476,0.46521970932186674,0.6867045525184879,0.008594088400683892,0.6221144652473345,0.0009610821710030525,0.0009283611636205889,3.063216419344802,22
2023-08-28,0.5266416789191645,0.5889845061039476,0.4647960679220053,0.6867045525184879,0.008562253158830262,0.6221144652473345,0.0009599979338914178,0.0009283306210198135,3.084497250180851,22
2023-08-29,0.5280367656597429,0.5889845061039476,0.463435764750781,0.6867045525184879,0.00852746958947632,0.6221144652473345,0.0009574845159752537,0.0009265589429017093,0.5654562161799744,22
2023-08-30,0.29870986825255946,0.5889845061039476,0.682716999722841,0.6867045525184879,0.01857313202459952,0.6221144652473345,0.0014263304049977707,0.001102003917593416,2.438675627340768,22
2023-08-31,0.4294015522319259,0.5889845061039476,0.5582231814428243,0.6867045525184879,0.012375266325249814,0.6221144652473345,0.001153055894154418,0.001014671439592673,0.8745554210680032,22
2023-09-01,0.29767579242373726,0.5889845061039476,0.6811470694247249,0.6867045525184879,0.021177138151537676,0.6221144652473345,0.0014614039602648835,0.0010343401105658784,2.7256359148586693,22
2023-09-02,0.46237980917885824,0.5889845061039476,0.5261866592207063,0.6867045525184879,0.011433531600435538,0.6221144652473345,0.0010921085177937142,0.00097598781584355,3.0014653384979706,22
2023-09-03,0.5137980238105035,0.5889845061039476,0.47713354890865023,0.6867045525184879,0.009068427280846265,0.6221144652473345,0.000985530996258052,0.0009396666055318297,3.0410876370724145,22
2023-09-04,0.5236179398724518,0.5889845061039476,0.4677171309928196,0.6867045525184879,0.008664929134728733,0.6221144652473345,0.0009657968172112705,0.0009314406072110065,2.9651998263429094,22
2023-09-05,0.5213096509284235,0.5889845061039476,0.469952930089493,0.6867045525184879,0.008737418982083639,0.6221144652473345,0.0009701477550419913,0.0009339723652491308,3.076750117735593,22
2023-09-06,0.5269803368590836,0.5889845061039476,0.46445385607726547,0.6867045525184879,0.008565807063650906,0.6221144652473345,0.0009595422562604409,0.0009275795642954185,3.0802036849770627,22
2023-09-07,0.5279684355695734,0.5889845061039476,0.4634970684098772,0.6867045525184879,0.00853449602054944,0.6221144652473345,0.0009576761449285651,0.0009265033144842894,2.3604141788093886,22
2023-09-08,0.4722516829912503,0.5889845061039476,0.5177107804869112,0.6867045525184879,0.010037536521838416,0.6221144652473345,0.0010595179801517628,0.0009942141417194545,2.666720592134583,22
2023-09-09,0.4916125995317645,0.5889845061039476,0.4987358631414229,0.6867045525184879,0.009651537326812686,0.6221144652473345,0.0010258850457121182,0.0009670391711335112,3.0459578449635765,22
2023-09-10,0.5210595184984307,0.5889845061039476,0.47018321402869645,0.6867045525184879,0.008757267472873108,0.6221144652473345,0.0009707736370276166,0.0009339258483715341,3.05878743515175,22
2023-09-11,0.5260751410260988,0.5889845061039476,0.46532794258233146,0.6867045525184879,0.00859691639156987,0.6221144652473345,0.0009612830194449829,0.0009285006287932847,1.5853795147460115,22
2023-09-12,0.37883468800824005,0.5889845061039476,0.6078143968318465,0.6867045525184879,0.01335091515991343,0.6221144652473345,0.0012404698315863676,0.0010865166697801149,1.7507647845737444,22
2023-09-13,0.3428941223465082,0.5889845061039476,0.6425888098106425,0.6867045525184879,0.014517067842849288,0.6221144652473345,0.0013086839842428608,0.0011249342413163165,2.485619748578115,22
2023-09-14,0.44162267417891304,0.5889845061039476,0.5471294167250846,0.6867045525184879,0.011247909096002238,0.6221144652473345,0.0011204462786656767,0.0010211602416763527,2.6396244866361025,22
2023-09-15,0.4803853888546241,0.5889845061039476,0.5096676448273746,0.6867045525184879,0.009946966318001283,0.6221144652473345,0.001046310508350685,0.000980882333103081,2.991377000914396,22
2023-09-16,0.5156387293254237,0.5889845061039476,0.47545918860174696,0.6867045525184879,0.008902082072829463,0.6221144652473345,0.0009806640584653263,0.0009405515295529462,3.0142931717860697,22
2023-09-17,0.5229071755248481,0.5889845061039476,0.4683988747554285,0.6867045525184879,0.008693949719723483,0.6221144652473345,0.000967222803205775,0.0009320409417123473,3.0666557282773517,22
2023-09-18,0.5267358970233698,0.5889845061039476,0.46468904342904876,0.6867045525184879,0.008575059547581603,0.6221144652473345,0.0009600232981236673,0.0009278055033217795,2.843847318781399,22
2023-09-19,0.5128051853696382,0.5889845061039476,0.47826826099309855,0.6867045525184879,0.008926553637263466,0.6221144652473345,0.0009851744095389265,0.0009453853674028438,2.4168974589301313,22
2023-09-20,0.4742379768596754,0.5889845061039476,0.5157648681377597,0.6867045525184879,0.009997155002564928,0.6221144652473345,0.0010560574921623218,0.000991447067923373,2.999684629295408,22
2023-09-21,0.5158581689284966,0.5889845061039476,0.4752324511409142,0.6867045525184879,0.008909379930589144,0.6221144652473345,0.0009804331142690833,0.0009399312328095385,2.0483225369858475,22
2023-09-22,0.439372570779477,0.5889845061039476,0.549343462234038,0.6867045525184879,0.011283966986485025,0.6221144652473345,0.0011242414264628277,0.0010245539846356426,2.988230129718881,22
2023-09-23,0.5095791946473647,0.5889845061039476,0.4812914525484392,0.6867045525184879,0.009129352804196246,0.6221144652473345,0.0009925617043150868,0.0009462084469380441,3.0660251965023275,22
2023-09-24,0.5247367113157307,0.5889845061039476,0.4666227013166191,0.6867045525184879,0.00864058736765033,0.6221144652473345,0.0009638269582100301,0.000929924791862763,2.7526131599156365,22
2023-09-25,0.5079677054552939,0.5889845061039476,0.4828991545346958,0.6867045525184879,0.009133140010010487,0.6221144652473345,0.0009949963734331325,0.0009492285615993475,3.064839281454882,22
2023-09-26,0.5244235418174127,0.5889845061039476,0.4669307594530395,0.6867045525184879,0.008645698729547863,0.6221144652473345,0.0009643564496274962,0.0009303946498112165,3.041765924041326,22
2023-09-27,0.5256710060033387,0.5889845061039476,0.4657217004051055,0.6867045525184879,0.008607293591555822,0.6221144652473345,0.0009620149905870982,0.0009290058052833846,3.013652419343014,22
2023-09-28,0.5235954529028151,0.5889845061039476,0.4677636161815494,0.6867045525184879,0.00864093091563542,0.6221144652473345,0.0009655211584488557,0.0009321262053866336,1.7397336688191287,22
2023-09-29,0.3912291196887741,0.5889845061039476,0.5963635321700338,0.6867045525184879,0.012407348141192171,0.6221144652473345,0.0012099704618157492,0.0010877527045950602,2.874860476111525,22
2023-09-30,0.4936171310846121,0.5889845061039476,0.49676477406975517,0.6867045525184879,0.009618094845632835,0.6221144652473345,0.0010224867517966418,0.0009640511262003369,3.0368712618846,22
2023-10-01,0.520579988003629,0.5889845061039476,0.47065604742250333,0.6867045525184879,0.008763964573867813,0.6221144652473345,0.0009715698559840347,0.0009346755213091687,1.2823388126329482,22
2023-10-02,0.32135076016778313,0.5889845061039476,0.6637626283352963,0.6867045525184879,0.01488661149692037,0.6221144652473345,0.0013453257899507267,0.001156776831161357,2.443225004811854,22
2023-10-03,0.4354730435106939,0.5889845061039476,0.5529035449203447,0.6867045525184879,0.011623411568961368,0.6221144652473345,0.0011343854550549036,0.0010230259263470992,2.923318169227709,22
2023-10-04,0.5047636850189579,0.5889845061039476,0.48591920037926956,0.6867045525184879,0.009317114601772628,0.6221144652473345,0.001002108767186968,0.0009505127119858828,2.6563694854576934,22
2023-10-05,0.49452600065013574,0.5889845061039476,0.4960087095822744,0.6867045525184879,0.009465289767589887,0.6221144652473345,0.0010191736872122309,0.0009663787573865874,2.580866677545652,22
2023-10-06,0.48887896901328837,0.5889845061039476,0.5013916564825193,0.6867045525184879,0.009729374504192262,0.6221144652473345,0.0010309343637371002,0.000970251750148712,2.274168257825644,22
2023-10-07,0.45267309701967995,0.5889845061039476,0.5366576076842322,0.6867045525184879,0.010669295296088035,0.6221144652473345,0.0010966367021892445,0.0010152357573427065,3.00200755519556,22
2023-10-08,0.5124602722751666,0.5889845061039476,0.4785273200970388,0.6867045525184879,0.009012407627794856,0.6221144652473345,0.000986790423438002,0.000943756548227993,3.0629557881004343,22
2023-10-09,0.5250388551638774,0.5889845061039476,0.46633135248920754,0.6867045525184879,0.008629792346915207,0.6221144652473345,0.0009632406204408088,0.0009296283493814596,2.66460346710811,22
2023-10-10,0.5016654035701328,0.5889845061039476,0.48901372452062325,0.6867045525184879,0.00932087190924397,0.6221144652473345,0.001006744271387279,0.0009564135264097002,2.945731478706189,22
2023-10-11,0.5167872767134883,0.5889845061039476,0.4743271752975712,0.6867045525184879,0.008885547988940683,0.6221144652473345,0.0009787506601679112,0.000938769154116298,1.9807519202615398,22
2023-10-12,0.43123202950587297,0.5889845061039476,0.5572165914866698,0.6867045525184879,0.011551379007457133,0.6221144652473345,0.0011397354980920039,0.0010331678603361144,2.9472972176489054,22
2023-10-13,0.5057175811433617,0.5889845061039476,0.4850182226701099,0.6867045525184879,0.009264196186528543,0.6221144652473345,0.001000015149515897,0.0009500807893641218,3.0301622385561147,22
2023-10-14,0.5218122718498863,0.5889845061039476,0.4694705649213598,0.6867045525184879,0.008717163228754004,0.6221144652473345,0.0009691427914547826,0.0009335407105399415,3.079216323845143,22
2023-10-15,0.5270873425004199,0.5889845061039476,0.4643541538572974,0.6867045525184879,0.008558503642283014,0.6221144652473345,0.0009592897967137593,0.00092756768912084,2.839514105591784,22
2023-10-16,0.5125646492428564,0.5889845061039476,0.4785034596704356,0.6867045525184879,0.008931891086708211,0.6221144652473345,0.0009855992585122708,0.0009457084866493924,0.8790053647222409,22
2023-10-17,0.29999777741227335,0.5889845061039476,0.682963286667681,0.6867045525184879,0.0170389359200454,0.6221144652473345,0.0014046576180784837,0.001140554675281085,2.7927442114872782,22
2023-10-18,0.46928333340583067,0.5889845061039476,0.5200835921076812,0.6867045525184879,0.010633074486488068,0.6221144652473345,0.001071581122513141,0.0009840309570648587,2.980911175214594,22
2023-10-19,0.5139683505980169,0.5889845061039476,0.47701150548500265,0.6867045525184879,0.009020143916980373,0.6221144652473345,0.0009846571894351582,0.0009406284431216871,2.678112491757681,22
2023-10-20,0.4981157140666309,0.5889845061039476,0.4925333877881602,0.6867045525184879,0.009350898145208968,0.6221144652473345,0.001012386247480768,0.0009624859221080418,1.3450217166778917,22
2023-10-21,0.3223659143550657,0.5889845061039476,0.6627390686156219,0.6867045525184879,0.014895017029312204,0.6221144652473345,0.001343931922967907,0.0011545856098266485,2.739213713453827,22
2023-10-22,0.46681504595795725,0.5889845061039476,0.5227202320088397,0.6867045525184879,0.01046472203320321,0.6221144652473345,0.0010730672980520223,0.00099331605320688,3.0116200512140496,22
2023-10-23,0.5151299783987451,0.5889845061039476,0.47592546374835515,0.6867045525184879,0.00894455785289993,0.6221144652473345,0.00098196416362888,0.0009404005900705861,-1.0146606770117796,22
2023-10-24,0.2873797106162267,0.5889845061039476,0.6712165643719117,0.6867045525184879,0.04140372501186162,0.6221144652473345,0.0017368812814819712,0.0005131474562164815,1.8397043845854104,22
2023-10-25,0.2542482210412817,0.6480754033125898,0.7197416128199178,0.7490518397566792,0.026010166138800514,0.7000548033769775,0.001449654937839781,0.001302832649666942,2.247010412215624,23
2023-10-26,0.3450709968580207,0.6480754033125898,0.6385862901403091,0.7490518397566792,0.016342713001670235,0.7000548033769775,0.00121428425902173,0.0013478405094866643,2.7222473733902515,23
2023-10-27,0.4764418082577109,0.6480754033125898,0.5144864895897138,0.7490518397566792,0.009071702152575311,0.7000548033769775,0.0009495024641840728,0.0012304959324570923,2.886344583391871,23
2023-10-28,0.5307475774674802,0.6480754033125898,0.4630552372055362,0.7490518397566792,0.0061971853269837136,0.7000548033769775,0.0008415171982491216,0.0011784234319535702,3.0880019395863654,23
2023-10-29,0.5587883632465298,0.6480754033125898,0.4363455063731923,0.7490518397566792,0.004866130380277648,0.7000548033769775,0.0007874826687034186,0.001147371753264931,2.596109429846757,23
2023-10-30,0.5160426405559433,0.6480754033125898,0.4777509521722455,0.7490518397566792,0.006206407271811174,0.7000548033769775,0.0008620915682580799,0.0012134289575224237,3.1517620728027165,23
2023-10-31,0.5620638325375136,0.6480754033125898,0.4331891239645346,0.7490518397566792,0.004747043497952081,0.7000548033769775,0.0007815806895158737,0.0011427553640400874,3.172768638594156,23
2023-11-01,0.5712440802329996,0.6480754033125898,0.4244275804186094,0.7490518397566792,0.004328339348390913,0.7000548033769775,0.0007640821205546268,0.0011321254531192603,1.8362168633441551,23
2023-11-02,0.3972661838757345,0.6480754033125898,0.5925663947540674,0.7490518397566792,0.010167421370198096,0.7000548033769775,0.001072030494149488,0.0013905436315181739,2.3528302837537267,23
2023-11-03,0.4332091406027536,0.6480754033125898,0.5567819171003879,0.7490518397566792,0.010008942296858258,0.7000548033769775,0.0010202345147399784,0.001308675197120763,2.9871393982544507,23
2023-11-04,0.5308937388518795,0.6480754033125898,0.4629221809354483,0.7490518397566792,0.006184080212672077,0.7000548033769775,0.0008411660703380358,0.0011784291973158938,2.8105012694289426,23
2023-11-05,0.5325856975201623,0.6480754033125898,0.46163085474510424,0.7490518397566792,0.0057834477347334465,0.7000548033769775,0.0008342968615502083,0.0011852618261214804,3.1926309058855478,23
2023-11-06,0.5678111943148022,0.6480754033125898,0.4276697182432982,0.7490518397566792,0.004519087441899734,0.7000548033769775,0.0007710105766346724,0.0011351715024815782,3.2037208950956524,23
2023-11-07,0.5751226819777981,0.6480754033125898,0.4206855782360272,0.7490518397566792,0.004191739786174442,0.7000548033769775,0.0007571429365767691,0.0011265390051786314,2.8147296423166885,23
2023-11-08,0.5439977697723896,0.6480754033125898,0.4508150098604449,0.7490518397566792,0.005187220367165463,0.7000548033769775,0.0008116920806381057,0.0011741060464309293,2.841909470261101,23
2023-11-09,0.5390065311460249,0.6480754033125898,0.45554813991316734,0.7490518397566792,0.005445328940807703,0.7000548033769775,0.000821548674732152,0.0011790574985170248,1.7473536996113905,23
2023-11-10,0.35959678339230994,0.6480754033125898,0.6286356113726075,0.7490518397566792,0.011767605235082511,0.7000548033769775,0.0011424787309405368,0.0014373656820803012,2.204226219209828,23
2023-11-11,0.3770673541655925,0.6480754033125898,0.6107998544642432,0.7490518397566792,0.012132791370164266,0.7000548033769775,0.0011222952880892577,0.0013855528998226252,2.676879920386805,23
2023-11-12,0.4788777068560078,0.6480754033125898,0.5126988962274931,0.7490518397566792,0.00842339691649912,0.7000548033769775,0.0009388058747419089,0.0012422766770082264,3.121839809106472,23
2023-11-13,0.5520508792398814,0.6480754033125898,0.44268011171221444,0.7490518397566792,0.0052690090479040625,0.7000548033769775,0.0008014016366550158,0.0011525750947122743,2.5580744445246926,23
2023-11-14,0.515125308561642,0.6480754033125898,0.4784828129415237,0.7490518397566792,0.006391878496834325,0.7000548033769775,0.0008654584252975401,0.0012105872051878148,1.5403883562365963,23
2023-11-15,0.3182101410622373,0.6480754033125898,0.6676327452784657,0.7490518397566792,0.014157113659296942,0.7000548033769775,0.0012269979370808652,0.001471646186321928,0.8012623969105925,23
2023-11-16,0.23393176491347056,0.6480754033125898,0.7414224187586793,0.7490518397566792,0.024645816327849977,0.7000548033769775,0.0014625388089122182,0.001388626008702144,1.290167673933986,23
2023-11-17,0.2323648400991151,0.6480754033125898,0.7380724688100037,0.7490518397566792,0.02956269109088111,0.7000548033769775,0.0015201533251013903,0.0012587417457429824,2.533043299349473,23
2023-11-18,0.4019634234724305,0.6480754033125898,0.5840570848607215,0.7490518397566792,0.013979491666847867,0.7000548033769775,0.0011084749209232918,0.0012756692499731853,3.03641488115628,23
2023-11-19,0.52865582609551,0.6480754033125898,0.46471045248646364,0.7490518397566792,0.006633721418026474,0.7000548033769775,0.0008493473943711968,0.0011715734725481137,1.815665422846763,23
2023-11-20,0.36963084421893044,0.6480754033125898,0.6185757517930255,0.7490518397566792,0.011793403988044116,0.7000548033769775,0.0011288125309267425,0.001412607063375767,2.9869309343525603,23
2023-11-21,0.5153016047005182,0.6480754033125898,0.47788783034312526,0.7490518397566792,0.006810564956356496,0.7000548033769775,0.0008699306913889271,0.00119878458788802,0.9967433253327161,23
2023-11-22,0.23850041028216176,0.6480754033125898,0.7424018793680991,0.7490518397566792,0.019097710349739047,0.7000548033769775,0.0013935931002190603,0.0015284703426635914,1.6501746632001872,23
2023-11-23,0.23728825469533782,0.6480754033125898,0.7419927401667936,0.7490518397566792,0.02071900513786848,0.7000548033769775,0.0014135738610391074,0.0014873096430788886,2.7790178576346025,23
2023-11-24,0.45266079954172606,0.6480754033125898,0.5371294604658176,0.7490518397566792,0.010209739992456337,0.7000548033769775,0.0009954277167896865,0.0012565807008036104,2.755618330153323,23
2023-11-25,0.5059895085307945,0.6480754033125898,0.4868503015708187,0.7490518397566792,0.007160189898386724,0.7000548033769775,0.0008868329848397623,0.0012116081941618555,3.150761029105116,23
2023-11-26,0.5595681855462059,0.6480754033125898,0.435523762686555,0.7490518397566792,0.004908051767239051,0.7000548033769775,0.000786869133660717,0.001144362644434393,2.959425293321541,23
2023-11-27,0.5561370787628397,0.6480754033125898,0.43897429223147755,0.7490518397566792,0.004888629005682741,0.7000548033769775,0.0007914274957648395,0.0011531168902201452,3.044754390770018,23
2023-11-28,0.5620457562940773,0.6480754033125898,0.4332816700562841,0.7490518397566792,0.004672573649638669,0.7000548033769775,0.0007807669924568423,0.0011448228000994713,2.4348338753485366,23
2023-11-29,0.4964410622281618,0.6480754033125898,0.4967140581566315,0.7490518397566792,0.006844879615206532,0.7000548033769775,0.0008965705142985446,0.0012430714644129477,3.1520311937119976,23
2023-11-30,0.5580606121511873,0.6480754033125898,0.4370208061076579,0.7490518397566792,0.00491858174115469,0.7000548033769775,0.0007890867747803838,0.0011476909580597704,3.1689086060003904,23
2023-12-01,0.5711601846890295,0.6480754033125898,0.42448236312772475,0.7490518397566792,0.004357452183245755,0.7000548033769775,0.000764526858166197,0.0011315353095482682,1.5926893217880493,23
2023-12-02,0.3425026010511886,0.6480754033125898,0.6454157793443356,0.7490518397566792,0.012081619604475643,0.7000548033769775,0.0011697965982305637,0.0014698153166082706,2.1642025828699,23
2023-12-03,0.3607088000271414,0.6480754033125898,0.6265154952503454,0.7490518397566792,0.012775704722513142,0.7000548033769775,0.0011523029160927802,0.0014072993082536469,2.556281516463249,23
2023-12-04,0.4482725458485522,0.6480754033125898,0.5422009717588357,0.7490518397566792,0.009526482392611967,0.7000548033769775,0.0009938336581604872,0.0012856728657828999,1.0687285711222483,23
2023-12-05,0.23588627463619494,0.6480754033125898,0.7445565307530291,0.7490518397566792,0.019557194610775864,0.7000548033769775,0.0014024134478089639,0.0015222491051217295,1.3001848436556318,23
2023-12-06,0.2343475404509651,0.6480754033125898,0.742140157802311,0.7490518397566792,0.023512301746723932,0.7000548033769775,0.0014491759563245562,0.0014184381803817184,2.6556794348231025,23
2023-12-07,0.43169319460486155,0.6480754033125898,0.556608863435829,0.7490518397566792,0.011697941959309238,0.7000548033769775,0.0010413830935840959,0.001266402633274278,2.7112197279945556,23
2023-12-08,0.49927576319441064,0.6480754033125898,0.49299818386052946,0.7490518397566792,0.007726052945059857,0.7000548033769775,0.0009025548039554456,0.00121232469085433,2.0054904438043213,23
2023-12-09,0.39620198513500327,0.6480754033125898,0.5927998849317118,0.7490518397566792,0.01099812993328495,0.7000548033769775,0.0010828792053662664,0.0013705163964252134,2.6855037842212752,23
2023-12-10,0.4856070265207424,0.6480754033125898,0.5063602257333214,0.7490518397566792,0.008032747745936137,0.7000548033769775,0.0009250370251164803,0.0012367605113885634,3.138809410094854,23
2023-12-11,0.5550836822668873,0.6480754033125898,0.4397820563719134,0.7490518397566792,0.005134261361199201,0.7000548033769775,0.0007956611568163837,0.0011489661779040096,0.24619831471913112,23
2023-12-12,0.234682861907763,0.6480754033125898,0.7428357887071834,0.7490518397566792,0.022481349385053414,0.7000548033769775,0.0014370802297139712,0.0014456555966957598,2.7136515876098963,23
2023-12-13,0.4381594544873062,0.6480754033125898,0.5508089814254428,0.7490518397566792,0.011031564087251047,0.7000548033769775,0.001024872863204545,0.0012690115029996083,1.4204809400804859,23
2023-12-14,0.24562648283173136,0.6480754033125898,0.7359260823841127,0.7490518397566792,0.018447434784155687,0.7000548033769775,0.001376345769412671,0.0015290596004114997,2.804313552929967,23
2023-12-15,0.45783975785587744,0.6480754033125898,0.5325275345608755,0.7490518397566792,0.009632707583246964,0.7000548033769775,0.0009817161666996546,0.001259847554272625,1.698319667900298,23
2023-12-16,0.3241205470457224,0.6480754033125898,0.6609143451080357,0.7490518397566792,0.014965107846241936,0.7000548033769775,0.0012278927281161053,0.001435514196896563,2.8616626371994127,23
2023-12-17,0.4873582264158831,0.6480754033125898,0.5044578878338923,0.7490518397566792,0.008183885750224693,0.7000548033769775,0.0009243027439201982,0.001228453935487327,2.1423142359568517,23
2023-12-18,0.4307371097573844,0.6480754033125898,0.5591974667210302,0.7490518397566792,0.010065423521585456,0.7000548033769775,0.0010243111648151663,0.0013130669101686563,1.6323195780873903,23
2023-12-19,0.27657727090293927,0.6480754033125898,0.7071878407351911,0.7490518397566792,0.016234888361869506,0.7000548033769775,0.0013083394543960472,0.0015149899896143482,2.6638956390031616,23
2023-12-20,0.44632322603060715,0.6480754033125898,0.5436429269727011,0.7490518397566792,0.010033846996691617,0.7000548033769775,0.0010022654660970162,0.0012765562910292592,1.5240974411520458,23
2023-12-21,0.2620077383197011,0.6480754033125898,0.7209303955838263,0.7490518397566792,0.017061866096472422,0.7000548033769775,0.001337931151136937,0.0015274442001010004,2.7584924660094936,23
2023-12-22,0.45388905350352665,0.6480754033125898,0.5364786826197507,0.7490518397566792,0.009632263876722547,0.7000548033769775,0.0009872095653597212,0.001269331721477859,3.074628566904172,23
2023-12-23,0.542652542914477,0.6480754033125898,0.4516472384616335,0.7490518397566792,0.005700218623889322,0.7000548033769775,0.0008193442825866505,0.0011633879907548153,3.088633192512969,23
2023-12-24,0.5626544782487206,0.6480754033125898,0.4326251456065983,0.7490518397566792,0.0047203761446811925,0.7000548033769775,0.0007804579190242063,0.0011420640680322983,2.423720604036578,23
2023-12-25,0.5022074218617787,0.6480754033125898,0.4910211076028543,0.7490518397566792,0.006771470535367089,0.7000548033769775,0.0008877171258959534,0.0012312414538925246,2.709870649940991,23
2023-12-26,0.5134986826011398,0.6480754033125898,0.4800154017465166,0.7490518397566792,0.006485915652343431,0.7000548033769775,0.0008687823266906691,0.001211931223761161,1.5488139794188407,23
2023-12-27,0.3192276739713092,0.6480754033125898,0.6666220637706082,0.7490518397566792,0.01415026225808262,0.7000548033769775,0.0012255054893917864,0.00146939279724738,2.0344823919712036,23
2023-12-28,0.3199949723390594,0.6480754033125898,0.6651022167309645,0.7490518397566792,0.014902810929976106,0.7000548033769775,0.0012329282572118053,0.001447098804363482,2.1929177923499923,23
2023-12-29,0.3718858872275496,0.6480754033125898,0.6147097621699663,0.7490518397566792,0.013404350602484103,0.7000548033769775,0.0011438432910590333,0.0013634147618009377,2.3252821446633325,23
2023-12-30,0.41901103199514933,0.6480754033125898,0.569746488752738,0.7490518397566792,0.011242479252112492,0.7000548033769775,0.0010538979819132946,0.0013091885762230738,2.9925511742979367,23
2023-12-31,0.5266211709967663,0.6480754033125898,0.4669613674920393,0.7490518397566792,0.0064174615111941,0.7000548033769775,0.000849743535888963,0.0011823296723083834,3.1859882826903663,23
2024-01-01,0.5663014040439518,0.6480754033125898,0.4290712486764998,0.7490518397566792,0.004627347279548429,0.7000548033769775,0.000774332207971682,0.0011358488250764955,0.9657480889428365,23
2024-01-02,0.2383383890340376,0.6480754033125898,0.7450875092087601,0.7490518397566792,0.016574101757202177,0.7000548033769775,0.0013653336839191405,0.0015974507006127885,2.1546741451193667,23
2024-01-03,0.3148512618612803,0.6480754033125898,0.6699115728232908,0.7490518397566792,0.01523716531542883,0.7000548033769775,0.0012438543590454878,0.0014503434512778178,1.0498909412458155,23
2024-01-04,0.23353641771398367,0.6480754033125898,0.7405448745321749,0.7490518397566792,0.0259187077538413,0.7000548033769775,0.0014774430861030992,0.0013549765838575777,1.730499241507052,23
2024-01-05,0.23947015851942638,0.6480754033125898,0.7377600586207897,0.7490518397566792,0.02276978285978388,0.7000548033769775,0.0014336750748668503,0.0014263380505637846,2.7827218457193195,23
2024-01-06,0.45413353583788796,0.6480754033125898,0.535402303270941,0.7490518397566792,0.010464160891170922,0.7000548033769775,0.0009962453504711506,0.0012461345240610262,3.0049276704559036,23
2024-01-07,0.5373761882864599,0.6480754033125898,0.4565836431764885,0.7490518397566792,0.006040168537051433,0.7000548033769775,0.000830519933247244,0.001166798574947409,3.184575992269123,23
2024-01-08,0.5683705541165983,0.6480754033125898,0.42709302574632413,0.7490518397566792,0.004536420137077447,0.7000548033769775,0.0007704269721639437,0.0011333592916410297,0.024597666733963908,23
2024-01-09,0.23531590614947173,0.6480754033125898,0.7440355345616687,0.7490518397566792,0.02064855928885961,0.7000548033769775,0.0014155218776751262,0.0014939532195370918,2.117353954540572,23
2024-01-10,0.3205052539917495,0.6480754033125898,0.6626558524559698,0.7490518397566792,0.016838893552280635,0.7000548033769775,0.0012540565324885879,0.001393252472940943,2.368326572169552,23
2024-01-11,0.39787415671730775,0.6480754033125898,0.5898907192445668,0.7490518397566792,0.012235124038125308,0.7000548033769775,0.0010945007496907576,0.0013328856339797914,2.754202072532743,23
2024-01-12,0.49545524135964913,0.6480754033125898,0.49671339023364036,0.7490518397566792,0.007831368406710521,0.7000548033769775,0.0009090596575150339,0.0012186221924563678,-0.5837893392354865,23
2024-01-13,0.2273037613814686,0.6480754033125898,0.7289137979203351,0.7490518397566792,0.04378244069819623,0.7000548033769775,0.0016873242307975018,0.0008843820329335515,2.7719667237465657,23
2024-01-14,0.45002438698009933,0.6480754033125898,0.5362252674136649,0.7490518397566792,0.0137503456062356,0.7000548033769775,0.0010389938056148298,0.0011666677287773969,1.841031288516189,23
2024-01-15,0.3528554183259854,0.6480754033125898,0.6319334420116006,0.7490518397566792,0.015211139662413845,0.7000548033769775,0.0011906940851027926,0.0013599330419328916,2.4179500851684184,23
2024-01-16,0.419989610691171,0.6480754033125898,0.5688845829475472,0.7490518397566792,0.011125806361281746,0.7000548033769775,0.0010512209417724446,0.001310013540361672,2.459463266395353,23
2024-01-17,0.45127764233267015,0.6480754033125898,0.5393858885390724,0.7490518397566792,0.009336469128257502,0.7000548033769775,0.0009875097406572535,0.001283632500653679,2.6903784194967773,23
2024-01-18,0.5019219745355746,0.6480754033125898,0.4907754284603336,0.7490518397566792,0.00730259700409156,0.7000548033769775,0.0008940996502036343,0.0012174897716759339,1.2190738254318658,23
2024-01-19,0.2514179918014162,0.6480754033125898,0.7306719020927346,0.7490518397566792,0.017910106105849102,0.7000548033769775,0.001362228781528663,0.001529778667328766,2.6730427487711785,23
2024-01-20,0.4350766865481293,0.6480754033125898,0.5544256628137757,0.7490518397566792,0.010497650638095024,0.7000548033769775,0.0010231448664262057,0.0012909144819438874,3.0742226585385146,23
2024-01-21,0.539055498633572,0.6480754033125898,0.4550454755545248,0.7490518397566792,0.005899025811903098,0.7000548033769775,0.0008265918846789733,0.0011666085751025732,3.1586357292625293,23
2024-01-22,0.5669614215370535,0.6480754033125898,0.42846056901173807,0.7490518397566792,0.004578009451208357,0.7000548033769775,0.0007728574755770894,0.0011356073905418218,0.6303591411577419,23
2024-01-23,0.23612005161888824,0.6480754033125898,0.7449810845448124,0.7490518397566792,0.018898863836299358,0.7000548033769775,0.0013946587695660797,0.0015395820948661423,2.765086764961664,23
2024-01-24,0.4535545970061838,0.6524963677193883,0.535874929856192,0.7443965509903738,0.010570473137624067,0.7076358581015574,0.000978252512326586,0.001457933934329194,2.880435352583491,24
2024-01-25,0.524761253701299,0.6524963677193883,0.4689130319762207,0.7443965509903738,0.006325714322480235,0.7076358581015574,0.0008359855777980201,0.0014316351787367699,3.0875530553591775,24
2024-01-26,0.5621986740415481,0.6524963677193883,0.43355080296039766,0.7443965509903738,0.00425052299805417,0.7076358581015574,0.0007628357123884998,0.0014137633211695779,0.8283575546877274,24
2024-01-27,0.23943341039890198,0.6524963677193883,0.7415590781886541,0.7443965509903738,0.019007511412443955,0.7076358581015574,0.0013604312445004466,0.0016488439037135687,2.7347938198167356,24
2024-01-28,0.4453545587994955,0.6524963677193883,0.5438615788291685,0.7443965509903738,0.010783862371336026,0.7076358581015574,0.0009917339721997084,0.0014680805779320322,3.0379445939196668,24
2024-01-29,0.5414530304750641,0.6524963677193883,0.45297431412008593,0.7443965509903738,0.005572655404849735,0.7076358581015574,0.0008051847603935438,0.0014192170529915501,1.478567577357195,24
2024-01-30,0.30152432106655475,0.6524963677193883,0.6826425214485836,0.7443965509903738,0.015833157484861433,0.7076358581015574,0.001241942067295805,0.001612292286429524,2.7718338065022827,24
2024-01-31,0.4727967654202674,0.6524963677193883,0.5179473181099771,0.7443965509903738,0.009255916469755404,0.7076358581015574,0.0009380433890124544,0.0014551559327018939,2.855923092568813,24
2024-02-01,0.5293314197344504,0.6524963677193883,0.46460865016774755,0.7443965509903738,0.006059930097801826,0.7076358581015574,0.00082692465764155,0.0014297753744502509,2.8978140054853165,24
2024-02-02,0.5445300623513287,0.6524963677193883,0.4504930884816461,0.7443965509903738,0.004976849167024976,0.7076358581015574,0.0007946934052269792,0.0014287379944901437,3.186311831930692,24
2024-02-03,0.5726561039726608,0.6524963677193883,0.42368792978691244,0.7443965509903738,0.0036559662404266626,0.7076358581015574,0.0007422457361768538,0.0014091560121901367,3.1570382382711593,24
2024-02-04,0.576388829990542,0.6524963677193883,0.42020877003544616,0.7443965509903738,0.003402399974011671,0.7076358581015574,0.000734460816819568,0.001408579893219275,2.87911414200198,24
2024-02-05,0.5562142227691707,0.6524963677193883,0.4395603017448285,0.7443965509903738,0.004225475486000674,0.7076358581015574,0.0007707711095370772,0.0014258404555242661,3.2190001818688008,24
2024-02-06,0.577213067209701,0.6524963677193883,0.4193846522854278,0.7443965509903738,0.003402280504871019,0.7076358581015574,0.0007333302444184566,0.0014070087547674343,2.8577003510485293,24
2024-02-07,0.5519887418918622,0.6524963677193883,0.44364372049234946,0.7443965509903738,0.004367537615788275,0.7076358581015574,0.000778056615899448,0.0014302393726442952,1.6199028853901938,24
2024-02-08,0.34091207815235886,0.6524963677193883,0.6455759888482243,0.7443965509903738,0.013511932999416774,0.7076358581015574,0.0011635341977238754,0.001597053845151055,1.944103076055684,24
2024-02-09,0.31102462488717625,0.6524963677193883,0.6718880263003957,0.7443965509903738,0.017087348812427884,0.7076358581015574,0.0012421528148769127,0.0015617345686468132,1.4872627392742634,24
2024-02-10,0.2390830640364959,0.6524963677193883,0.7374227968377077,0.7443965509903738,0.02349413912579612,0.7076358581015574,0.0014082072774292977,0.001533562095384626,2.490893153896038,24
2024-02-11,0.3968647504436064,0.6524963677193883,0.5889373871273351,0.7443965509903738,0.014197862429058216,0.7076358581015574,0.0010941275592192504,0.0014724618609775657,2.8526874998663234,24
2024-02-12,0.5074344507990856,0.6524963677193883,0.4850584170113675,0.7443965509903738,0.007507132189546635,0.7076358581015574,0.0008721683044181533,0.0014341957838858244,1.2583742161699627,24
2024-02-13,0.24836587001183108,0.6524963677193883,0.732096965330152,0.7443965509903738,0.019537164658016748,0.7076358581015574,0.0013537848445932818,0.0016180954476965517,2.666213575211689,24
2024-02-14,0.4392465821880513,0.6524963677193883,0.5493513409268147,0.7443965509903738,0.01140207688513379,0.7076358581015574,0.0010066143228504383,0.0014637693819103841,1.1825376103022314,24
2024-02-15,0.23865146237228785,0.6524963677193883,0.7387858066590882,0.7443965509903738,0.02256273096862382,0.7076358581015574,0.001398982039732031,0.0015584574276481262,2.8003889149493144,24
2024-02-16,0.4578373179065047,0.6524963677193883,0.5314555110778068,0.7443965509903738,0.010707171015688383,0.7076358581015574,0.0009738253740613933,0.0014462215108223355,3.068618016957881,24
2024-02-17,0.546094465705155,0.6524963677193883,0.4485683763651157,0.7443965509903738,0.0053371579297294015,0.7076358581015574,0.000796345146375649,0.0014164384094777804,2.8677214442581422,24
2024-02-18,0.5481385605392577,0.6524963677193883,0.44706002707065906,0.7443965509903738,0.004801412390083201,0.7076358581015574,0.0007879016559828671,0.001426379987549035,2.969469085167584,24
2024-02-19,0.5554828801825006,0.6524963677193883,0.440148184806193,0.7443965509903738,0.004368935011306188,0.7076358581015574,0.0007732841574628454,0.0014235297391935508,3.0319984232096653,24
2024-02-20,0.5640514643730429,0.6524963677193883,0.4319592336059416,0.7443965509903738,0.003989302021015308,0.7076358581015574,0.0007575458835924037,0.0014169755521233245,2.951464557468651,24
2024-02-21,0.5573751895751201,0.6524963677193883,0.4384177278780794,0.7443965509903738,0.004207082546800375,0.7076358581015574,0.0007689867743763733,0.0014240984445729502,2.769105116159585,24
2024-02-22,0.5415386389586578,0.6524963677193883,0.45351985736930545,0.7443965509903738,0.004941503672036514,0.7076358581015574,0.0007984194667318231,0.0014353648270161562,2.8973146865073685,24
2024-02-23,0.5497094700549399,0.6524963677193883,0.44562405010694156,0.7443965509903738,0.004666479838118521,0.7076358581015574,0.0007843281570638937,0.0014268668310946613,2.8329819115164527,24
2024-02-24,0.5457402175056266,0.6524963677193883,0.4494438988794178,0.7443965509903738,0.004815883614955371,0.7076358581015574,0.0007913399422206631,0.0014305866378435041,2.517768904624578,24
2024-02-25,0.5054115436377556,0.6524963677193883,0.4880804832856649,0.7443965509903738,0.006507973076579239,0.7076358581015574,0.0008644142375539664,0.0014638813136483792,3.1417101619399173,24
2024-02-26,0.5619397564136906,0.6524963677193883,0.4338297115602358,0.7443965509903738,0.0042305320260733114,0.7076358581015574,0.0007629799033123364,0.001414774472906956,0.6606308166682522,24
2024-02-27,0.2389587737288261,0.6524963677193883,0.7414918220016763,0.7443965509903738,0.019549404269497486,0.7076358581015574,0.0013667949859580166,0.0016357459190821026,1.4538642588299513,24
2024-02-28,0.23730922611577876,0.6524963677193883,0.7378887347723077,0.7443965509903738,0.02480203911191348,0.7076358581015574,0.0014244193616442882,0.0015031490412754016,-0.48331600068155856,24
2024-02-29,0.2199765595928348,0.6524963677193883,0.7059271258388637,0.7443965509903738,0.07409631456830135,0.7076358581015574,0.001966037842386724,0.00026230786691682634,2.169087501239616,24
2024-03-01,0.33049518681868717,0.6524963677193883,0.6360100090739299,0.7443965509903738,0.03349480410738276,0.7076358581015574,0.001388210218676209,0.0011005184645950091,2.2474794262257944,24
2024-03-02,0.3806105462493598,0.6524963677193883,0.6009143457645117,0.7443965509903738,0.01847510798612842,0.7076358581015574,0.0011614504189699727,0.0013929663301670463,2.803850347074609,24
2024-03-03,0.49997347826049027,0.6524963677193883,0.49142327767939364,0.7443965509903738,0.008603244060116094,0.7076358581015574,0.0008939357573701767,0.0014201180767006633,2.525404571653644,24
2024-03-04,0.49180896785285594,0.6524963677193883,0.500471223443391,0.7443965509903738,0.0077198087037530574,0.7076358581015574,0.0008958153425005997,0.0014585428415984196,-0.23667058940181263,24
2024-03-05,0.2348266909371027,0.6524963677193883,0.7338458485673427,0.7443965509903738,0.03132746049555464,0.7076358581015574,0.0014965517125015782,0.0013392496221942636,0.6500259511850491,24
2024-03-06,0.22672503465096336,0.6524963677193883,0.718614276185004,0.7443965509903738,0.054660689164032585,0.7076358581015574,0.001752974786834534,0.0007517067846069408,1.7420342371604762,24
2024-03-07,0.2398678594481448,0.6524963677193883,0.723674801671349,0.7443965509903738,0.036457338880506035,0.7076358581015574,0.0015436334490495358,0.0011970464991927449,2.4140891875973995,24
2024-03-08,0.38195077691534984,0.6524963677193883,0.6001810955072769,0.7443965509903738,0.017868127577373022,0.7076358581015574,0.0011532215488190207,0.0014060932021786696,2.2222309201733315,24
2024-03-09,0.3943080278114467,0.6524963677193883,0.5915178377184456,0.7443965509903738,0.014174134470107668,0.7076358581015574,0.0010973799608766943,0.0014779582106402146,3.020767252082731,24
2024-03-10,0.5278964492416215,0.6524963677193883,0.4656226725100064,0.7443965509903738,0.0064808782483720545,0.7076358581015574,0.0008333245273895377,0.001421637204718474,3.10902200514567,24
2024-03-11,0.5634535794615012,0.6524963677193883,0.4323544415685546,0.7443965509903738,0.004191978969944195,0.7076358581015574,0.0007604997425240612,0.0014128795467436626,0.841090126182674,24
2024-03-12,0.23953534831036252,0.6524963677193883,0.7415489513612612,0.7443965509903738,0.018915700328376226,0.7076358581015574,0.0013593235554575438,0.0016510219462756123,2.5177299962552273,24
2024-03-13,0.4084973544213932,0.6524963677193883,0.5785493904600979,0.7443965509903738,0.012953255118508956,0.7076358581015574,0.0010650796058097247,0.0014824097594522728,1.9650872910716342,24
2024-03-14,0.347226171000524,0.6524963677193883,0.6372483586031347,0.7443965509903738,0.015525470396341261,0.7076358581015574,0.0011761100357011178,0.0015329572390570293,1.9377448341662498,24
2024-03-15,0.3267781103399772,0.6524963677193883,0.6554712111661576,0.7443965509903738,0.01775067849386512,0.7076358581015574,0.0012275670356168094,0.0015145038185408197,1.6308320653058994,24
2024-03-16,0.25738931352445954,0.6524963677193883,0.7192011824167507,0.7443965509903738,0.02340950405878961,0.7076358581015574,0.0013822410744597834,0.0015007859305196632,0.7617797346087973,24
2024-03-17,0.23116719890239218,0.6524963677193883,0.7269646401943963,0.7443965509903738,0.04186816090321128,0.7076358581015574,0.0016124748424466236,0.001073828535109731,1.5082648688639324,24
2024-03-18,0.23399767812252484,0.6524963677193883,0.731045392832446,0.7443965509903738,0.034956929045028964,0.7076358581015574,0.0015358924414356472,0.0012470341693074697,2.6304740985202093,24
2024-03-19,0.42955422054082226,0.6524963677193883,0.5557606009733824,0.7443965509903738,0.014685178485795296,0.7076358581015574,0.0010544752046405597,0.0013974335978830723,-0.9748146240046369,24
2024-03-20,0.21160142161892118,0.6524963677193883,0.6901815979506469,0.7443965509903738,0.09821698043043192,0.7076358581015574,0.0022297943931456708,-0.0003450629125823666,-0.3079621465960599,24
2024-03-21,0.17245462977034684,0.6524963677193883,0.6165843742745201,0.7443965509903738,0.21096099595513298,0.7076358581015574,0.003452852558494113,-0.0031840152443508548,1.5428492751633205,24
2024-03-22,0.20211706098468157,0.6524963677193883,0.666984179375338,0.7443965509903738,0.13089875963998018,0.7076358581015574,0.002583417222362613,-0.0011715657845308557,1.6821079097753948,24
2024-03-23,0.22769777640829308,0.6524963677193883,0.694657626738492,0.7443965509903738,0.07764459685321495,0.7076358581015574,0.001992574506522893,0.00015586032296460912,2.4207458927919587,24
2024-03-24,0.38418243397540475,0.6524963677193883,0.5892579899351965,0.7443965509903738,0.026559576089398587,0.7076358581015574,0.0012416501413995717,0.001177211962073339,1.242354874710316,24
2024-03-25,0.23529209026857983,0.6524963677193883,0.733343182638813,0.7443965509903738,0.031364727092606993,0.7076358581015574,0.0014963062929363967,0.0013373976416038223,1.576760993370242,24
2024-03-26,0.23656410526719224,0.6524963677193883,0.7342485343398392,0.7443965509903738,0.029187360392968414,0.7076358581015574,0.0014716358469582251,0.00139123935042071,2.7964694056038635,24
2024-03-27,0.4575497771486742,0.6524963677193883,0.530701658061747,0.7443965509903738,0.011748564789578666,0.7076358581015574,0.0009851887636847278,0.00141985724966852,2.64644564999382,24
2024-03-28,0.5004771835720304,0.6524963677193883,0.49165082314125746,0.7443965509903738,0.007871993286711858,0.7076358581015574,0.000885543225930393,0.0014380542467424043,1.9521057474753554,24
2024-03-29,0.388706610457118,0.6524963677193883,0.5988859860317424,0.7443965509903738,0.012407403511139389,0.7076358581015574,0.0010864361282253842,0.0015343152795931788,2.5064958287661865,24
2024-03-30,0.4580420385681064,0.6524963677193883,0.5320933952448748,0.7443965509903738,0.009864566187018812,0.7076358581015574,0.0009646683592748032,0.0014676065150375736,3.045697282502088,24
2024-03-31,0.5448847885108593,0.6524963677193883,0.44978593377337506,0.7443965509903738,0.005329277715765577,0.7076358581015574,0.0007979195191360605,0.0014189524480944147,1.9327097132310365,24
2024-04-01,0.4068885988593452,0.6524963677193883,0.582168699534053,0.7443965509903738,0.010942701606601787,0.7076358581015574,0.001046097171552356,0.0015374424399221917,1.9964008481988396,24
2024-04-02,0.3665515099803068,0.6524963677193883,0.6190521755253372,0.7443965509903738,0.014396314494355954,0.7076358581015574,0.0011377412257755934,0.0015252289515774184,0.44501971000160134,24
2024-04-03,0.23270822957659737,0.6524963677193883,0.7298627312913656,0.7443965509903738,0.03742903913203703,0.7076358581015574,0.0015636722068449653,0.0011856085053023194,2.6342141329605164,24
2024-04-04,0.4260325415444928,0.6524963677193883,0.5589634599329709,0.7443965509903738,0.015003998522536298,0.7076358581015574,0.0010626581900955313,0.001395920237098402,1.4589470033985936,24
2024-04-05,0.25007288911419406,0.6524963677193883,0.7274070682589542,0.7443965509903738,0.0225200426268517,0.7076358581015574,0.0013828893854539882,0.0015377466561488067,2.646164320952476,24
2024-04-06,0.4365987073394987,0.6524963677193883,0.5512966889361005,0.7443965509903738,0.012104603724400604,0.7076358581015574,0.0010176426574535818,0.0014506707330637016,2.2849415677558707,24
2024-04-07,0.4287739374928776,0.6524963677193883,0.5599541801566231,0.7443965509903738,0.011271882350499226,0.7076358581015574,0.0010195888458617015,0.0014871359855537782,3.044530729489048,24
2024-04-08,0.5376049934646167,0.6524963677193883,0.45665278082060384,0.7443965509903738,0.005742225714779489,0.7076358581015574,0.0008122429398012942,0.0014221841706362553,1.316550335543098,24
2024-04-09,0.26592195361586596,0.6524963677193883,0.7164115358075701,0.7443965509903738,0.017666510576563876,0.7076358581015574,0.0013100222721165395,0.0016329093307063008,1.4824913884593978,24
2024-04-10,0.238745595718337,0.6524963677193883,0.7358755924678695,0.7443965509903738,0.02537881181379329,0.7076358581015574,0.0014285290417571396,0.001485499766952609,2.1059397520428025,24
2024-04-11,0.3071821715164663,0.6524963677193883,0.6728429078657986,0.7443965509903738,0.01997492061773511,0.7076358581015574,0.0012778459412594305,0.0014944478790093728,2.7243476007425684,24
2024-04-12,0.46764318732578863,0.6524963677193883,0.5221017253407049,0.7443965509903738,0.010255087333506588,0.7076358581015574,0.0009556291243217367,0.0014391766017336767,1.0032577518543069,24
2024-04-13,0.23790104178277835,0.6524963677193883,0.7374032666985822,0.7443965509903738,0.024695691518639408,0.7076358581015574,0.0014224881184439781,0.0015047671340102286,1.4824857089733567,24
2024-04-14,0.23658412616527902,0.6524963677193883,0.7339414447152498,0.7443965509903738,0.029474429119471117,0.7076358581015574,0.0014746315569206163,0.0013837822017205422,2.3086277124330743,24
2024-04-15,0.3553894967394975,0.6524963677193883,0.6266322016780278,0.7443965509903738,0.017978301582474647,0.7076358581015574,0.0011907722565290904,0.001453975783498299,1.4255659171980544,24
2024-04-16,0.2424378097597919,0.6524963677193883,0.7315011413132376,0.7443965509903738,0.026061048926970365,0.7076358581015574,0.0014306588530526004,0.001460816425636187,2.7395869970791487,24
2024-04-17,0.44796165787167347,0.6524963677193883,0.5402419634599424,0.7443965509903738,0.01179637866838416,0.7076358581015574,0.0009988286349140339,0.0014369340904857363,1.1492073719724614,24
2024-04-18,0.23950100001571864,0.6524963677193883,0.7358628515738486,0.7443965509903738,0.024636148410432566,0.7076358581015574,0.0014196691402370706,0.0015032501567079164,1.7017852608305224,24
2024-04-19,0.24138336085946224,0.6524963677193883,0.7336000648533543,0.7443965509903738,0.025016574287183402,0.7076358581015574,0.0014210991326129812,0.0014898233986547428,2.782219829786586,24
2024-04-20,0.4553779366082594,0.6524963677193883,0.5334049446139782,0.7443965509903738,0.011217118777762023,0.7076358581015574,0.0009825664656907523,0.0014377398054203827,2.299452061367465,24
2024-04-21,0.438906328096001,0.6524963677193883,0.5504398430013258,0.7443965509903738,0.01065382890267295,0.7076358581015574,0.0009991972375290314,0.0014837567160115687,3.0848228517271945,24
2024-04-22,0.5441125079830281,0.6524963677193883,0.45049550983181985,0.7443965509903738,0.005391982185152026,0.7076358581015574,0.0007996380602722797,0.001418806927189547,1.4267030588283263,24
2024-04-23,0.2912811447791565,0.6524963677193883,0.6924732961526636,0.7443965509903738,0.016245559068179576,0.7076358581015574,0.0012603163186331817,0.0016211979472310323,2.6732568506398158,24
2024-04-24,0.2005441150006611,0.7337358681950237,0.5412281687172426,0.6215302249155662,0.2582277162820962,0.4790905940090972,0.0010337907868351707,0.0015570904377524904,1.4265164656380391,25
2024-04-25,0.06642498164911889,0.7337358681950237,0.5827982440392222,0.6215302249155662,0.35077677431165877,0.4790905940090972,0.0013095390853668618,0.0017092021140532117,2.7316911172484675,25
2024-04-26,0.19106970214329713,0.7337358681950237,0.5460224774425877,0.6215302249155662,0.2629078204141151,0.4790905940090972,0.0010489082016291028,0.0015735271509009893,2.606527834906679,25
2024-04-27,0.2667570112193026,0.7337358681950237,0.5077240893586686,0.6215302249155662,0.22551889942202857,0.4790905940090972,0.0009281227485678551,0.0014422251920522514,3.0066140528317242,25
2024-04-28,0.4138754533554649,0.7337358681950237,0.4339156843406524,0.6215302249155662,0.15220886230388253,0.4790905940090972,0.0006917560727038471,0.001188949352415927,3.087130832602743,25
2024-04-29,0.49778241764617365,0.7337358681950237,0.39149271008227854,0.6215302249155662,0.11072487227154765,0.4790905940090972,0.0005576580458051525,0.001043494055466302,2.494415477249769,25
2024-04-30,0.3723107266718796,0.7337358681950237,0.4601743303317337,0.6215302249155662,0.16751494299638656,0.4790905940090972,0.0007458612987391765,0.0012770675722167297,0.15803320167287294,25
2024-05-01,0.03602280130886725,0.7337358681950237,0.5552133769255377,0.6215302249155662,0.408763821765595,0.4790905940090972,0.0014589906713340795,0.0016303061980216791,1.2802707618669489,25
2024-05-02,0.0398239228344391,0.7337358681950237,0.5588288646357672,0.6215302249155662,0.40134721252979355,0.4790905940090972,0.0014399143256941741,0.001640680809469598,2.4048977526860225,25
2024-05-03,0.09150001116508243,0.7337358681950237,0.5884798644462929,0.6215302249155662,0.3200201243886246,0.4790905940090972,0.0012263776804370804,0.0017219792538675637,0.4284748684231836,25
2024-05-04,0.022684854123353568,0.7337358681950237,0.5425119812180743,0.6215302249155662,0.4348031646585722,0.4790905940090972,0.001525961751754128,0.0015938567724098766,2.473522540856759,25
2024-05-05,0.0918207169715349,0.7337358681950237,0.5870373324364289,0.6215302249155662,0.3211419505920362,0.4790905940090972,0.0012288743630397534,0.0017175007494879511,2.813745022889334,25
2024-05-06,0.238778987749804,0.7337358681950237,0.5232256159277319,0.6215302249155662,0.23799539632246416,0.4790905940090972,0.0009696182878679063,0.001494880056924333,2.5249988767041347,25
2024-05-07,0.27353633085515733,0.7337358681950237,0.5044552824230922,0.6215302249155662,0.22200838672175022,0.4790905940090972,0.0009169229103568058,0.001430959485303056,2.534347067634534,25
2024-05-08,0.2977829910810556,0.7337358681950237,0.4924219490256092,0.6215302249155662,0.20979505989333508,0.4790905940090972,0.0008776673943578,0.001389618500673291,1.9516818082730312,25
2024-05-09,0.14884933426667601,0.7337358681950237,0.564166355469563,0.6215302249155662,0.2869843102637609,0.4790905940090972,0.0011238350289243231,0.0016369062245917667,1.8661404202392575,25
2024-05-10,0.07717357180974285,0.7337358681950237,0.5927397609556759,0.6215302249155662,0.330086667234581,0.4790905940090972,0.0012562539249111936,0.0017376744532102643,1.5639124140437284,25
2024-05-11,0.06136561341574362,0.7337358681950237,0.5789463869584469,0.6215302249155662,0.35968799962580955,0.4790905940090972,0.001332675313256146,0.001698335643539675,2.7433590205813765,25
2024-05-12,0.20069441260500187,0.7337358681950237,0.5400874313261047,0.6215302249155662,0.2592181560688934,0.4790905940090972,0.001036051608426044,0.0015535679608350119,2.7641129387458108,25
2024-05-13,0.2847235134147162,0.7337358681950237,0.5010158597150228,0.6215302249155662,0.21426062687026087,0.4790905940090972,0.000893851008873446,0.0014183573818228803,2.035393483100289,25
2024-05-14,0.11236106947129554,0.7337358681950237,0.5873343693283013,0.6215302249155662,0.30030456120040316,0.4790905940090972,0.00117099010618757,0.0017146189410219886,2.09554276941832,25
2024-05-15,0.09966441919331326,0.7337358681950237,0.5841118643882273,0.6215302249155662,0.31622371641845926,0.4790905940090972,0.0012139106549910465,0.001707090398485008,-0.01968149950055187,25
2024-05-16,0.00814614630746875,0.7337358681950237,0.5286669051021344,0.6215302249155662,0.4631869485903967,0.4790905940090972,0.0015989594674737837,0.0015541252625976844,2.3121807761792397,25
2024-05-17,0.07608624637697578,0.7337358681950237,0.5855845908833419,0.6215302249155662,0.33832916273968217,0.4790905940090972,0.001276094152198991,0.0017159547947513266,2.150132942686577,25
2024-05-18,0.08117648988081215,0.7337358681950237,0.593336147830382,0.6215302249155662,0.32548736228880576,0.4790905940090972,0.0012437080361044285,0.0017387625784940402,2.804519535882487,25
2024-05-19,0.23115009819671048,0.7337358681950237,0.5269774724382004,0.6215302249155662,0.24187242936508915,0.4790905940090972,0.0009820476300734726,0.001507782453835894,2.679821107026578,25
2024-05-20,0.3124272992024887,0.7337358681950237,0.4851263018230681,0.6215302249155662,0.20244639897444322,0.4790905940090972,0.0008540218754534809,0.0013645643798883217,-0.3669396100767821,25
2024-05-21,0.01262425014589212,0.7337358681950237,0.5329313617064542,0.6215302249155662,0.45444438814765364,0.4790905940090972,0.0015764755945241744,0.0015663630645434065,2.3558186414042654,25
2024-05-22,0.08285935063083413,0.7337358681950237,0.5845843576682745,0.6215302249155662,0.3325562917008913,0.4790905940090972,0.0012595874154787258,0.001711640175218719,2.3207202470439214,25
2024-05-23,0.12305849848663344,0.7337358681950237,0.5744017890719806,0.6215302249155662,0.30253971244138583,0.4790905940090972,0.0011715933439082247,0.0016730242718519027,2.184744996524059,25
2024-05-24,0.11754186663659229,0.7337358681950237,0.576625032875984,0.6215302249155662,0.3058331004874237,0.4790905940090972,0.0011817288196143089,0.001680853724798096,2.5940419210668493,25
2024-05-25,0.17516840772816963,0.7337358681950237,0.5556177458362849,0.6215302249155662,0.26921384643554547,0.4790905940090972,0.0010706410443837374,0.0016058583706398983,2.7393077700173847,25
2024-05-26,0.26017228924529184,0.7337358681950237,0.5136712016065954,0.6215302249155662,0.22615650914811258,0.4790905940090972,0.0009324915491263342,0.0014616601578046782,2.606518148431115,25
2024-05-27,0.3095084019776538,0.7337358681950237,0.48676584615496343,0.6215302249155662,0.20372575186738273,0.4790905940090972,0.0008582997974105251,0.0013701260786733347,2.6114322751934993,25
2024-05-28,0.2962165659508257,0.7337358681950237,0.4963822392629975,0.6215302249155662,0.20740119478617675,0.4790905940090972,0.0008727309120507722,0.0014020403026992565,2.438161280390536,25
2024-05-29,0.28356713933652694,0.7337358681950237,0.5000187193226593,0.6215302249155662,0.21641414134081366,0.4790905940090972,0.0008994117513829931,0.0014155160396986009,2.691352603122286,25
2024-05-30,0.3466607907641591,0.7337358681950237,0.46803389449081856,0.6215302249155662,0.18530531474502224,0.4790905940090972,0.0007988299826003577,0.0013058809609378529,2.726286800084286,25
2024-05-31,0.35363127007981043,0.7337358681950237,0.46709936742548647,0.6215302249155662,0.17926936249470313,0.4790905940090972,0.0007816159427306028,0.0013017312010024683,2.437518868841427,25
2024-06-01,0.3183804908451334,0.7337358681950237,0.4831566977689864,0.6215302249155662,0.1984628113858801,0.4790905940090972,0.0008420705440706415,0.001357431380606848,3.0968455504506895,25
2024-06-02,0.44413238413564393,0.7337358681950237,0.41939464764124346,0.6215302249155662,0.13647296822311247,0.4790905940090972,0.0006415827459607053,0.0011388775970322266,3.3458961454374814,25
2024-06-03,0.5443447319251059,0.7337358681950237,0.36764245021568254,0.6215302249155662,0.08801281785921145,0.4790905940090972,0.0004839486751757635,0.0009618315332614383,2.450648691591318,25
2024-06-04,0.3892301184300624,0.7337358681950237,0.4524067415601396,0.6215302249155662,0.158363140009798,0.4790905940090972,0.0007169832780120879,0.0012501476379096065,1.8555296345653958,25
2024-06-05,0.1172344538547419,0.7337358681950237,0.5883689036610792,0.6215302249155662,0.29439664248417885,0.4790905940090972,0.0011549912879869173,0.001716888672421038,2.768800350783423,25
2024-06-06,0.23322728544860147,0.7337358681950237,0.5274998636797311,0.6215302249155662,0.2392728508716675,0.4790905940090972,0.0009750375818153708,0.001508999383057453,3.007790982812494,25
2024-06-07,0.3951004962289035,0.7337358681950237,0.4437128963567133,0.6215302249155662,0.16118660741438312,0.4790905940090972,0.0007210409630844906,0.0012224297266729457,1.915018101450044,25
2024-06-08,0.19478267329921012,0.7337358681950237,0.5447463727165229,0.6215302249155662,0.26047095398426684,0.4790905940090972,0.001041568073757114,0.0015689322875492074,3.0131368077019376,25
2024-06-09,0.37076409277874534,0.7337358681950237,0.4562657267027454,0.6215302249155662,0.17297018051850915,0.4790905940090972,0.0007593409435551698,0.001265378794649537,3.163202351368082,25
2024-06-10,0.48098663664237007,0.7337358681950237,0.40051540450874273,0.6215302249155662,0.11849795884888706,0.4790905940090972,0.0005832588410598042,0.0010742362779519155,3.3670099976433727,25
2024-06-11,0.563032676992914,0.7337358681950237,0.357936944353647,0.6215302249155662,0.07903037865343901,0.4790905940090972,0.0004546735702257047,0.0009286481700992745,0.9734184727378336,25
2024-06-12,0.09951440581084003,0.7337358681950237,0.5946812100407032,0.6215302249155662,0.3058043841484567,0.4790905940090972,0.0011894929887748275,0.0017394980469883274,2.5944564874830696,25
2024-06-13,0.16176268969493338,0.7337358681950237,0.5632144729163024,0.6215302249155662,0.27502283738876393,0.4790905940090972,0.0010901187877298045,0.0016316062244767053,2.069051342613782,25
2024-06-14,0.11304037194277987,0.7337358681950237,0.5789193057540382,0.6215302249155662,0.3080403223031819,0.4790905940090972,0.0011888710379509549,0.0016887133834961783,2.523817937883407,25
2024-06-15,0.19046925512099439,0.7337358681950237,0.5447570825295756,0.6215302249155662,0.2647736623494299,0.4790905940090972,0.0010535521212487846,0.0015697613660503754,2.9739743700413044,25
2024-06-16,0.35178656210716247,0.7337358681950237,0.4661586989124933,0.6215302249155662,0.18205473898034424,0.4790905940090972,0.0007889599679372842,0.0012991899327963348,3.0741570713912223,25
2024-06-17,0.45199356651903516,0.7337358681950237,0.41563234611145,0.6215302249155662,0.1323740873695148,0.4790905940090972,0.0006285216131057221,0.0011259003191871385,3.345298120736751,25
2024-06-18,0.5501002453194801,0.7337358681950237,0.36455827417562064,0.6215302249155662,0.08534148050489927,0.4790905940090972,0.00047515571413729417,0.0009513204539229639,1.761027090829173,25
2024-06-19,0.26113856422079046,0.7337358681950237,0.5173150418527729,0.6215302249155662,0.22154639392643685,0.4790905940090972,0.000921244864249517,0.0014726449493448828,3.0678168608592395,25
2024-06-20,0.42213365766208855,0.7337358681950237,0.4302164475407855,0.6215302249155662,0.14764989479712598,0.4790905940090972,0.0006774428383715012,0.001176091986657398,3.3293031411907883,25
2024-06-21,0.5354576351111143,0.7337358681950237,0.3720923671411579,0.6215302249155662,0.09244999774772762,0.4790905940090972,0.0004982580151872422,0.0009771047571275338,2.697485433097368,25
2024-06-22,0.48164025149671513,0.7337358681950237,0.40161027440045793,0.6215302249155662,0.11674947410282686,0.4790905940090972,0.0005788706332862044,0.001077469832133453,3.359885361879142,25
2024-06-23,0.5571688242182172,0.7337358681950237,0.36129256506080204,0.6215302249155662,0.08153861072098055,0.4790905940090972,0.0004631321425571683,0.0009400108395597511,2.507517605697162,25
2024-06-24,0.45545617837903274,0.7337358681950237,0.416001249076345,0.6215302249155662,0.1285425725446222,0.4790905940090972,0.0006180151361565755,0.001126391272974755,0.09217082179090275,25
2024-06-25,0.04585709126086401,0.7337358681950237,0.5645771219071225,0.6215302249155662,0.38956578683201326,0.4790905940090972,0.001409612910733335,0.001657177273221015,2.2035527463105913,25
2024-06-26,0.07787079039597647,0.7337358681950237,0.5908555266466919,0.6215302249155662,0.3312736829573316,0.4790905940090972,0.0012587404175021723,0.0017317732566190583,2.3635714106233596,25
2024-06-27,0.12828998933164437,0.7337358681950237,0.5729517725645371,0.6215302249155662,0.2987582381038185,0.4790905940090972,0.0011604349895468027,0.0016676162944826189,2.5905359402549397,25
2024-06-28,0.18058989036043563,0.7337358681950237,0.5530986339349261,0.6215302249155662,0.2663114757046382,0.4790905940090972,0.0010614642911266452,0.0015971400691492175,2.07558075581859,25
2024-06-29,0.1217421366207045,0.7337358681950237,0.5753472165091298,0.6215302249155662,0.30291064687016567,0.4790905940090972,0.0011730370057226685,0.0016761636610798415,2.6977221496142456,25
2024-06-30,0.21319756701162657,0.7337358681950237,0.5366951281417818,0.6215302249155662,0.25010730484659155,0.4790905940090972,0.001009208254062526,0.001540867279601981,1.8207408235636873,25
2024-07-01,0.08061714166658036,0.7337358681950237,0.5944685531247312,0.6215302249155662,0.3249143052086883,0.4790905940090972,0.0012426043212305274,0.001742335041236142,2.803817369155701,25
2024-07-02,0.2287978240629739,0.7337358681950237,0.5283384481698906,0.6215302249155662,0.24286372776713555,0.4790905940090972,0.000985400590858457,0.00151238613744918,2.5390123407650425,25
2024-07-03,0.2713128872598533,0.7337358681950237,0.5055475956025037,0.6215302249155662,0.22313951713764296,0.4790905940090972,0.0009205487039927333,0.0014347163192834254,1.5301388088682697,25
2024-07-04,0.07867777581726391,0.7337358681950237,0.587198256934921,0.6215302249155662,0.3341239672478149,0.4790905940090972,0.0012650874272614125,0.0017204199744577835,0.9291142987587346,25
2024-07-05,0.03558267035491357,0.7337358681950237,0.5547939217615011,0.6215302249155662,0.4096234078835852,0.4790905940090972,0.0014612014262155252,0.0016291024160762075,2.434601137863925,25
2024-07-06,0.11299779865789132,0.7337358681950237,0.5755319066969282,0.6215302249155662,0.3114702946451804,0.4790905940090972,0.0011969482813515373,0.0016783437003710779,2.071739018070681,25
2024-07-07,0.0817509952209465,0.7337358681950237,0.5936641353986749,0.6215302249155662,0.32458486938037856,0.4790905940090972,0.0012413378424525742,0.0017396613369764081,1.3860844035058215,25
2024-07-08,0.05568231992697218,0.7337358681950237,0.5738412967395845,0.6215302249155662,0.37047638333344324,0.4790905940090972,0.00136049287451669,0.0016837449807964257,2.6060833418653546,25
2024-07-09,0.1415347883398014,0.7337358681950237,0.5691253631100788,0.6215302249155662,0.28933984855011974,0.4790905940090972,0.0011325495629346425,0.0016534487877388699,2.209659765104711,25
2024-07-10,0.09759117394479334,0.7337358681950237,0.5913422937807201,0.6215302249155662,0.31106653227448644,0.4790905940090972,0.0012026932854454163,0.0017296240688875056,2.7818641388628955,25
2024-07-11,0.24494713332934248,0.7337358681950237,0.5197793933286533,0.6215302249155662,0.2352734733420043,0.4790905940090972,0.0009605378772591013,0.0014831836487650973,2.8997671920448225,25
2024-07-12,0.3774606464523642,0.7337358681950237,0.4524358791358406,0.6215302249155662,0.17010347441179496,0.4790905940090972,0.0007496842525644231,0.0012524095781179627,2.8928234863219218,25
2024-07-13,0.41692607119689706,0.7337358681950237,0.43436958792860453,0.6215302249155662,0.14870434087449821,0.4790905940090972,0.0006821971924678735,0.0011897767669337388,1.796266525044032,25
2024-07-14,0.11727017082479216,0.7337358681950237,0.5885375318215827,0.6215302249155662,0.2941922973536249,0.4790905940090972,0.00115449562091223,0.0017173986835541122,2.0242265203432748,25
2024-07-15,0.08128537500736845,0.7337358681950237,0.5948152937474851,0.6215302249155662,0.32389933124514636,0.4790905940090972,0.001239929107093236,0.0017432739486259237,0.5824852917563438,25
2024-07-16,0.028460019868967262,0.7337358681950237,0.5480116176615267,0.6215302249155662,0.42352836246950587,0.4790905940090972,0.0014969642200603948,0.001609639196220351,2.619671247747691,25
2024-07-17,0.1279126624544556,0.7337358681950237,0.5722747529459052,0.6215302249155662,0.2998125845996391,0.4790905940090972,0.0011630761021495068,0.0016656118513865396,2.428991852330597,25
2024-07-18,0.17569159748988514,0.7337358681950237,0.5513936294033422,0.6215302249155662,0.2729147731067725,0.4790905940090972,0.0010791068198759406,0.0015928209019245802,2.939598653598935,25
2024-07-19,0.34472941571184895,0.7337358681950237,0.469069337167656,0.6215302249155662,0.186201247120495,0.4790905940090972,0.0008017770126837521,0.0013094096514034666,1.0405974269610745,25
2024-07-20,0.06786100813308997,0.7337358681950237,0.5854995141281891,0.6215302249155662,0.34663947773872084,0.4790905940090972,0.0012991939068545135,0.0017172125563231814,2.7137904568631144,25
2024-07-21,0.184228047122587,0.7337358681950237,0.5498030922543286,0.6215302249155662,0.26596886062308434,0.4790905940090972,0.001059076189688214,0.0015863723254086273,2.598548265774113,25
2024-07-22,0.21710733759571138,0.7337358681950237,0.5355082471716568,0.6215302249155662,0.24738441523263177,0.4790905940090972,0.001001110353231591,0.0015365094300002031,2.8431400040732737,25
2024-07-23,0.3469008458896796,0.7337358681950237,0.4680124798652729,0.6215302249155662,0.18508667424504752,0.4790905940090972,0.0007982118740270381,0.001305771040881568,1.7221913199384606,25
2024-07-24,0.37313221870529695,0.6012489263144124,0.579723256332832,0.6493634239197773,0.04714452496187098,0.9547728264721987,0.0007711069997568149,0.0019542004039288683,2.835607676725548,26
2024-07-25,0.4802746218465181,0.6012489263144124,0.4880835541937846,0.6493634239197773,0.03164182395969721,0.9547728264721987,0.0006479790361777807,0.001693211346982906,3.1186300095999964,26
2024-07-26,0.5218101055474899,0.6012489263144124,0.46037940762741836,0.6493634239197773,0.017810486825091718,0.9547728264721987,0.0005904018928870266,0.0016212690558313264,1.3791070483242098,26
2024-07-27,0.3237506320496989,0.6012489263144124,0.6240581983312354,0.6493634239197773,0.05219116961906563,0.9547728264721987,0.0008251715393570748,0.002082332990875166,3.0193224316702927,26
2024-07-28,0.4859269486547177,0.6012489263144124,0.484325107343006,0.6493634239197773,0.02974794400227647,0.9547728264721987,0.0006401296816076028,0.0016834646841073365,3.224064058850198,26
2024-07-29,0.5305249864515218,0.6012489263144124,0.4540000660169612,0.6493634239197773,0.015474947531516962,0.9547728264721987,0.0005790302721106178,0.0016040568007783345,2.045388131750405,26
2024-07-30,0.43596920531637134,0.6012489263144124,0.5347655135872486,0.6493634239197773,0.029265281096379915,0.9547728264721987,0.0006878784773850318,0.001833979256655734,2.789491092694125,26
2024-07-31,0.4907318516836091,0.6012489263144124,0.4857833650074423,0.6493634239197773,0.0234847833089485,0.9547728264721987,0.0006276192613948033,0.0016925716556928942,1.7781390696797739,26
2024-08-01,0.3823347981267474,0.6012489263144124,0.5707060444204904,0.6493634239197773,0.04695915745276215,0.9547728264721987,0.0007619768002471909,0.00192749969440207,2.9409169956930525,26
2024-08-02,0.4883605153089517,0.6012489263144124,0.48284486075732047,0.6493634239197773,0.028794623933727816,0.9547728264721987,0.0006365771132861981,0.0016797838525770487,0.13128817569797602,26
2024-08-03,0.29148964281058004,0.6012489263144124,0.5873494572706845,0.6493634239197773,0.12116089991873527,0.9547728264721987,0.0009430408272672066,0.0019205765600300462,2.4756967787325292,26
2024-08-04,0.40604525107579204,0.6012489263144124,0.5025658761728993,0.6493634239197773,0.09138887275130873,0.9547728264721987,0.0007948155565963994,0.0016908549647475248,1.1317939899916842,26
2024-08-05,0.26877870411947574,0.6012489263144124,0.543632759491699,0.6493634239197773,0.1875885363888252,0.9547728264721987,0.0010484232187219363,0.001739893842906443,0.06791023817281483,26
2024-08-06,0.1601177259074194,0.6012489263144124,0.34302002714893637,0.6493634239197773,0.4968622469436443,0.9547728264721987,0.0015410472787371519,0.0009073736760096162,1.8440534508039472,26
2024-08-07,0.15677179242152173,0.6012489263144124,0.3287353951581379,0.6493634239197773,0.5144928124203404,0.9547728264721987,0.0015663158759224648,0.0008514357368672931,2.1907921668194423,26
2024-08-08,0.22704960575114874,0.6012489263144124,0.33303247498056676,0.6493634239197773,0.43991791926828455,0.9547728264721987,0.0014048144757106674,0.0009209769432917362,-1.5739269081404466,26
2024-08-09,0.016861855468171406,0.6012489263144124,0.07658747415413701,0.6493634239197773,0.9065506703776917,0.9547728264721987,0.0021908106936600505,-0.00019748762542821138,2.05242929021855,26
2024-08-10,0.03854567589403923,0.6012489263144124,0.10690463100420342,0.6493634239197773,0.8545496931017574,0.9547728264721987,0.002105046485236519,-6.767006624206102e-05,2.2866765198326187,26
2024-08-11,0.13339242147176542,0.6012489263144124,0.17833544317842867,0.6493634239197773,0.688272135349806,0.9547728264721987,0.0018056695752522655,0.0002714937385209043,1.7278148874426418,26
2024-08-12,0.06750925643644842,0.6012489263144124,0.1684071100380189,0.6493634239197773,0.7640836335255328,0.9547728264721987,0.001964323668629764,0.0001842488018645964,2.2997015698288488,26
2024-08-13,0.1720226221306248,0.6012489263144124,0.2299060790068552,0.6493634239197773,0.5980712988625201,0.9547728264721987,0.0016556779167496236,0.0004936463999416062,2.11307499382147,26
2024-08-14,0.1865741136763597,0.6012489263144124,0.27946051864272176,0.6493634239197773,0.5339653676809184,0.9547728264721987,0.001561591108026244,0.0006899397053695019,1.7929144461746502,26
2024-08-15,0.12896690300538982,0.6012489263144124,0.2678374181685793,0.6493634239197773,0.6031956788260309,0.9547728264721987,0.001704047598162493,0.0006026580599322785,2.0419679088285676,26
2024-08-16,0.15403512207366937,0.6012489263144124,0.2702132031227369,0.6493634239197773,0.5757516748035938,0.9547728264721987,0.0016454022624126268,0.0006306144498704002,2.038155683352968,26
2024-08-17,0.16594826554958703,0.6012489263144124,0.2931807513020668,0.6493634239197773,0.5408709831483464,0.9547728264721987,0.0015902972224084383,0.0007255260477181846,2.543800868381747,26
2024-08-18,0.3164972200181965,0.6012489263144124,0.34595277155232007,0.6493634239197773,0.3375500084294834,0.9547728264721987,0.0011899350359901079,0.0010373370254996908,2.6154028435282104,26
2024-08-19,0.40296305466088267,0.6012489263144124,0.398770556090531,0.6493634239197773,0.19826638924858642,0.9547728264721987,0.0009317372413746904,0.001300553106207044,2.7666389408614136,26
2024-08-20,0.4583434582156663,0.6012489263144124,0.43790289570750224,0.6493634239197773,0.10375364607683145,0.9547728264721987,0.0007596466680864857,0.001488961639397315,3.08608940467843,26
2024-08-21,0.5123890095001197,0.6012489263144124,0.4441361809798498,0.6493634239197773,0.043474809520030466,0.9547728264721987,0.0006317091047441396,0.0015533873909629034,1.3650202913438707,26
2024-08-22,0.30835578897403554,0.6012489263144124,0.5998373248293931,0.6493634239197773,0.09180688619657139,0.9547728264721987,0.0008898504118585767,0.001980087329135732,2.5662766427160966,26
2024-08-23,0.42815338920642304,0.6012489263144124,0.5046984792019134,0.6493634239197773,0.06714813159166348,0.9547728264721987,0.0007429946733114624,0.0017156498508184251,0.4993497758071199,26
2024-08-24,0.27453778265068224,0.6012489263144124,0.5558223844429538,0.6493634239197773,0.16963983290636395,0.9547728264721987,0.001020320626320847,0.001789837616376208,2.9327328524297744,26
2024-08-25,0.45751987684918033,0.6012489263144124,0.46182440363637517,0.6493634239197773,0.08065571951444438,0.9547728264721987,0.0007314932558574502,0.0015777464696361781,3.0106848978925744,26
2024-08-26,0.5056977773521956,0.6012489263144124,0.4561560753467986,0.6493634239197773,0.038146147301005774,0.9547728264721987,0.0006315122960577613,0.0015932223282983566,1.6943071155660392,26
2024-08-27,0.36928791359612395,0.6012489263144124,0.5626400227515291,0.6493634239197773,0.068072063652347,0.9547728264721987,0.0008011160827550984,0.001887422864726155,0.4797236053280941,26
2024-08-28,0.26658486369720263,0.6012489263144124,0.5410301539550468,0.6493634239197773,0.19238498234775062,0.9547728264721987,0.0010565661968186632,0.0017284966011686703,2.7485770920904535,26
2024-08-29,0.4300575994128348,0.6012489263144124,0.4632758938823296,0.6493634239197773,0.10666650670483563,0.9547728264721987,0.0007907149879321926,0.0015622734786927234,3.104713400494693,26
2024-08-30,0.5075779635990036,0.6012489263144124,0.44819139993500656,0.6493634239197773,0.044230636465989695,0.9547728264721987,0.0006373190032798173,0.0015648834983097324,3.1972602684303983,26
2024-08-31,0.5317658678347145,0.6012489263144124,0.44824821789068425,0.6493634239197773,0.019985914274601377,0.9547728264721987,0.0005834842178779717,0.0015835023701711824,3.2313994610631456,26
2024-09-01,0.5387685567100085,0.6012489263144124,0.44945805552525636,0.6493634239197773,0.011773387764735181,0.9547728264721987,0.0005664019255824122,0.001593353291089216,1.401812284779614,26
2024-09-02,0.3505265956747482,0.6012489263144124,0.6076750903041578,0.6493634239197773,0.04179831402109399,0.9547728264721987,0.0007862353528169956,0.002041473716602641,1.7185654152331515,26
2024-09-03,0.3153824345805218,0.6012489263144124,0.6129407390503362,0.6493634239197773,0.07167682636914198,0.9547728264721987,0.0008577566846962453,0.002034411170815445,1.7835632617762822,26
2024-09-04,0.31665873661828464,0.6012489263144124,0.5789266295679295,0.6493634239197773,0.10441463381378577,0.9547728264721987,0.0008976647404871407,0.0019082476764448592,2.8881495881184494,26
2024-09-05,0.4646856799750323,0.6012489263144124,0.4797660277171974,0.6493634239197773,0.05554829230777022,0.9547728264721987,0.000693065652057249,0.0016502600124067822,1.2611415225107552,26
2024-09-06,0.2968050217903322,0.6012489263144124,0.5823729278974723,0.6493634239197773,0.1208220503121955,0.9547728264721987,0.0009374752237399483,0.0019060206526040492,1.2539479286588109,26
2024-09-07,0.26033096822644036,0.6012489263144124,0.5288364052990413,0.6493634239197773,0.21083262647451836,0.9547728264721987,0.001085767765743147,0.0016781608688790056,2.8717179126044434,26
2024-09-08,0.44132461704843584,0.6012489263144124,0.45535500362824255,0.6493634239197773,0.10332037932332164,0.9547728264721987,0.0007756010454912833,0.0015412414924687132,2.5239929251686934,26
2024-09-09,0.4461751481722401,0.6012489263144124,0.4806425318576063,0.6493634239197773,0.07318231997015354,0.9547728264721987,0.0007331124719531599,0.0016394499888804826,1.24547941619837,26
2024-09-10,0.28601034403518133,0.6012489263144124,0.5757597047326639,0.6493634239197773,0.13822995123215484,0.9547728264721987,0.0009697810560031445,0.0018730878398603263,2.750294642471669,26
2024-09-11,0.4362221893189997,0.6012489263144124,0.4839349458722773,0.6493634239197773,0.07984286480872305,0.9547728264721987,0.0007511069038248142,0.0016441820646252777,3.081969707282839,26
2024-09-12,0.5103160304186594,0.6012489263144124,0.4539761594237449,0.6493634239197773,0.03570781015759578,0.9547728264721987,0.0006239802914868844,0.0015885888405442168,2.736861853849615,26
2024-09-13,0.49484823580557,0.6012489263144124,0.4785563778187278,0.6493634239197773,0.026595386375702253,0.9547728264721987,0.0006275354114226754,0.0016686917883445619,1.1612355691739995,26
2024-09-14,0.30989485024736013,0.6012489263144124,0.6198940888495812,0.6493634239197773,0.07021106090305865,0.9547728264721987,0.0008612159623650671,0.002056224806640518,2.761211583470593,26
2024-09-15,0.4560652749985131,0.6012489263144124,0.49780260140781635,0.6493634239197773,0.04613212359367064,0.9547728264721987,0.0006896005384101625,0.0017111154656638554,2.4515373826828757,26
2024-09-16,0.45800464486872106,0.6012489263144124,0.5002683969092343,0.6493634239197773,0.04172695822204456,0.9547728264721987,0.0006821953121478604,0.0017218077048262606,2.3982233270899753,26
2024-09-17,0.4529535588470487,0.6012489263144124,0.5062609912810854,0.6493634239197773,0.04078544987186593,0.9547728264721987,0.0006859036314113205,0.0017403624858542146,1.4603078157979694,26
2024-09-18,0.30974068579492764,0.6012489263144124,0.6084879022709545,0.6493634239197773,0.08177141193411772,0.9547728264721987,0.0008758983733302821,0.0020134745209101175,2.323665031670334,26
2024-09-19,0.38170561597802305,0.6012489263144124,0.5422611007897348,0.6493634239197773,0.07603328323224225,0.9547728264721987,0.0007991018443733294,0.0018207020688283863,1.7985231229181078,26
2024-09-20,0.31657904271033577,0.6012489263144124,0.577435910439269,0.6493634239197773,0.10598504685039518,0.9547728264721987,0.0008997145806378678,0.0019026151614704224,2.9983759225166784,26
2024-09-21,0.4779890372082506,0.6012489263144124,0.47121004795343835,0.6493634239197773,0.05080091483831098,0.9547728264721987,0.0006742254715416836,0.0016284038614473514,3.1817600950370926,26
2024-09-22,0.5248733661674042,0.6012489263144124,0.45228823408251273,0.6493634239197773,0.02283839975008296,0.9547728264721987,0.0005937390958870505,0.0015933577085671846,3.237897507826243,26
2024-09-23,0.5369871545335363,0.6012489263144124,0.4502902559273311,0.6493634239197773,0.0127225895391326,0.9547728264721987,0.0005693180982852675,0.0015951082005413934,3.2195421125763253,26
2024-09-24,0.5394264580355702,0.6012489263144124,0.4509510053709389,0.6493634239197773,0.009622536593490836,0.9547728264721987,0.0005630675422871912,0.0015994341479096976,2.4666618688850868,26
2024-09-25,0.477561798229443,0.6012489263144124,0.5050987221721225,0.6493634239197773,0.01733947959843453,0.9547728264721987,0.0006326579757933393,0.0017547446354203651,1.9997561954751446,26
2024-09-26,0.4120152550314423,0.6012489263144124,0.5542196291838809,0.6493634239197773,0.0337651157846768,0.9547728264721987,0.0007167003889845154,0.0018884645484719348,1.6237002425713194,26
2024-09-27,0.31889808898818517,0.6012489263144124,0.614849335775306,0.6493634239197773,0.06625257523650888,0.9547728264721987,0.0008475402774597808,0.0020442202853459854,2.7148673994336083,26
2024-09-28,0.4464905995804896,0.6012489263144124,0.507277831814396,0.6493634239197773,0.04623156860511425,0.9547728264721987,0.000698994663513596,0.0017392449560888815,3.181592792478096,26
2024-09-29,0.5210628061215039,0.6012489263144124,0.457103368708175,0.6493634239197773,0.02183382517032095,0.9547728264721987,0.0005961712820763852,0.0016084555065048706,3.238688250932244,26
2024-09-30,0.5374551103913721,0.6012489263144124,0.45014896041842456,0.6493634239197773,0.012395929190203377,0.9547728264721987,0.0005684551061479485,0.0015949361843863915,1.001550321507637,26
2024-10-01,0.31851736770352984,0.6012489263144124,0.6295033441334347,0.6493634239197773,0.0519792881630355,0.9547728264721987,0.000829960068846793,0.0020987029362109152,1.3074758522574945,26
2024-10-02,0.29781082697326583,0.6012489263144124,0.597480485557051,0.6493634239197773,0.104708687469683,0.9547728264721987,0.0009162574148836012,0.0019632536557582635,2.954887096612877,26
2024-10-03,0.47106756521689724,0.6012489263144124,0.47620519973927555,0.6493634239197773,0.05272723504382718,0.9547728264721987,0.0006833459022905595,0.001641807169864579,3.204883851451343,26
2024-10-04,0.5256353342960155,0.6012489263144124,0.4513349010992608,0.6493634239197773,0.023029764604723578,0.9547728264721987,0.0005932407689328568,0.0015903742725922427,2.015666534258726,26
2024-10-05,0.41242924647375145,0.6012489263144124,0.5492417760168914,0.6493634239197773,0.03832897750935699,0.9547728264721987,0.0007220322712665721,0.0018701738368891803,3.1422276838938807,26
2024-10-06,0.5135638552972559,0.6012489263144124,0.4658696291806326,0.6493634239197773,0.020566515522111584,0.9547728264721987,0.0006018463697593986,0.001635514660084435,2.7589350481460686,26
2024-10-07,0.4991531725274602,0.6012489263144124,0.4818892272824684,0.6493634239197773,0.018957600190071394,0.9547728264721987,0.0006137848963253807,0.001684424968380349,3.093598181327645,26
2024-10-08,0.5262329666317456,0.6012489263144124,0.4603394644688467,0.6493634239197773,0.013427568899407757,0.9547728264721987,0.0005806207641977669,0.0016244854673649685,3.175995803238407,26
2024-10-09,0.5355629413178791,0.6012489263144124,0.45407497724585744,0.6493634239197773,0.010362081436263496,0.9547728264721987,0.0005677379999754241,0.001608170578077122,1.603180457261768,26
2024-10-10,0.3777857223015892,0.6012489263144124,0.5876481448687021,0.6493634239197773,0.03456613282970869,0.9547728264721987,0.000750801418383807,0.001987362527333737,2.9449736536950883,26
2024-10-11,0.4926406531047524,0.6012489263144124,0.4837397968903203,0.6493634239197773,0.02361955000492718,0.9547728264721987,0.0006259400048593564,0.0016863859583410377,1.3060784039899924,26
2024-10-12,0.31446263254840107,0.6012489263144124,0.623343328356215,0.6493634239197773,0.062194039095383916,0.9547728264721987,0.0008467224591362975,0.002072593038553121,2.6626574896298894,26
2024-10-13,0.43871868402050385,0.6012489263144124,0.5148224979218499,0.6493634239197773,0.04645881805764647,0.9547728264721987,0.0007068027733958267,0.0017615304287155972,2.9788247706804873,26
2024-10-14,0.5056293031415917,0.6012489263144124,0.4679662425846223,0.6493634239197773,0.026404454273785932,0.9547728264721987,0.000616854033073446,0.0016373131513879417,0.7066048740170637,26
2024-10-15,0.3053584075493311,0.6012489263144124,0.6131242460858087,0.6493634239197773,0.08151734636486034,0.9547728264721987,0.0008798138158591682,0.002027468985478181,2.6019270510535866,26
2024-10-16,0.4253807330792703,0.6012489263144124,0.5148645341959766,0.6493634239197773,0.059754732724753186,0.9547728264721987,0.0007364005830295042,0.0017515376386142308,2.792064308976347,26
2024-10-17,0.47999870882524576,0.6012489263144124,0.48212300623813986,0.6493634239197773,0.037878284936614215,0.9547728264721987,0.0006560701264729266,0.0016707226081282614,3.12067310909006,26
2024-10-18,0.5234141118653513,0.6012489263144124,0.456864798531387,0.6493634239197773,0.019721089603261712,0.9547728264721987,0.0005912439701724724,0.001609353097209146,2.4850799270870123,26
2024-10-19,0.4739477431634816,0.6012489263144124,0.5025479183498256,0.6493634239197773,0.023504338486692714,0.9547728264721987,0.0006438934214624346,0.001742460258798887,3.2133900150468597,26
2024-10-20,0.5288725453745573,0.6012489263144124,0.45726581285304646,0.6493634239197773,0.013861641772396429,0.9547728264721987,0.0005786080668309265,0.001615005727622036,2.9596310422432985,26
2024-10-21,0.5193354687322584,0.6012489263144124,0.4677174332307433,0.6493634239197773,0.012947098036998225,0.9547728264721987,0.0005866993697204007,0.0016468132884075392,1.7383202948858072,26
2024-10-22,0.390379550253612,0.6012489263144124,0.5747333185440565,0.6493634239197773,0.03488713120233139,0.9547728264721987,0.0007390308126355232,0.0019486743529583937,3.117287278743323,26
2024-10-23,0.4256781323028069,0.5066492702080019,0.5361489757391895,0.6702251826891301,0.038172891958003566,0.9500707527244655,0.0005932255410911712,0.0013674189003215602,2.7266141291635626,27
2024-10-24,0.41339490175405397,0.5066492702080019,0.5490582533988698,0.6702251826891301,0.037546844847076224,0.9500707527244655,0.0006023071702351107,0.0014133911519598052,1.9258964968375678,27
2024-10-25,0.31176742317670225,0.5066492702080019,0.628616593478376,0.6702251826891301,0.05961598334492174,0.9500707527244655,0.0007146972179055052,0.0017073169744570623,1.6927941419709651,27
2024-10-26,0.2871502475030464,0.5066492702080019,0.6189181096020403,0.6702251826891301,0.09393164289491324,0.9500707527244655,0.0007816688695478429,0.0016866216848103318,2.619401844804661,27
2024-10-27,0.36282037969347175,0.5066492702080019,0.5656170927097738,0.6702251826891301,0.07156252759675442,0.9500707527244655,0.0006898513119796611,0.0014866010158904495,2.4149096166148647,27
2024-10-28,0.35547510242096014,0.5066492702080019,0.5769422497452769,0.6702251826891301,0.0675826478337631,0.9500707527244655,0.0006903307839252463,0.0015255287904363817,1.8177235548532287,27
2024-10-29,0.286640751685858,0.5066492702080019,0.618953973726812,0.6702251826891301,0.09440527458733003,0.9500707527244655,0.0007827302036050772,0.0016869438302876043,1.4965414552193517,27
2024-10-30,0.2693946358067085,0.5066492702080019,0.5925173814907837,0.6702251826891301,0.13808798270250766,0.9500707527244655,0.0008566039646460689,0.0016101402652314552,3.045204021500025,27
2024-10-31,0.4051044084057729,0.5066492702080019,0.5251874791056196,0.6702251826891301,0.06970811248860743,0.9500707527244655,0.0006530992721046132,0.0013410635435898188,1.4982193277420568,27
2024-11-01,0.2774514208132153,0.5066492702080019,0.5999813969086933,0.6702251826891301,0.12256718227809146,0.9500707527244655,0.0008287997035195923,0.0016305209963415922,2.5466258924853378,27
2024-11-02,0.3579872027161755,0.5066492702080019,0.5499524049436103,0.6702251826891301,0.09206039234021421,0.9500707527244655,0.0007218668431793367,0.0014388891827723045,3.1703140908052556,27
2024-11-03,0.4300795360295487,0.5066492702080019,0.5218033858175911,0.6702251826891301,0.04811707815286019,0.9500707527244655,0.0006032904824458843,0.0013201143166494398,3.083963553517859,27
2024-11-04,0.4373252599222257,0.5066492702080019,0.5277285065330803,0.6702251826891301,0.03494623354469379,0.9500707527244655,0.0005793751049145819,0.0013359453769702036,2.488862405360932,27
2024-11-05,0.3958544977994617,0.5066492702080019,0.5633806367941416,0.6702251826891301,0.040764865406396594,0.9500707527244655,0.0006209070761586901,0.001465995980273158,1.8117187328905642,27
2024-11-06,0.2983463720421602,0.5066492702080019,0.6351609372033628,0.6702251826891301,0.06649269075447689,0.9500707527244655,0.0007349667000581026,0.001733564937452344,-1.1892944520783755,27
2024-11-07,0.19422036366166123,0.5066492702080019,0.44112799891110976,0.6702251826891301,0.364651637427229,0.9500707527244655,0.0012279948871732112,0.001160677374139824,2.835364440043409,27
2024-11-08,0.3467470046895919,0.5066492702080019,0.46769746421873704,0.6702251826891301,0.1855555310916711,0.9500707527244655,0.0008590806474920972,0.0011825726284670351,2.9279978160113838,27
2024-11-09,0.3987040847366588,0.5066492702080019,0.5062392196075861,0.6702251826891301,0.09505669565575488,0.9500707527244655,0.0006930162278916469,0.001283577139515737,3.1771019863579713,27
2024-11-10,0.43352092063748127,0.5066492702080019,0.5177302823629507,0.6702251826891301,0.048748796999567814,0.9500707527244655,0.0006013693712303318,0.0013057868490505497,0.9948178978211516,27
2024-11-11,0.2788436036735854,0.5066492702080019,0.6115747412317072,0.6702251826891301,0.10958165509470726,0.9500707527244655,0.0008098544570811656,0.0016667258401420197,-1.9667788591195505,27
2024-11-12,0.0883856760930055,0.5066492702080019,0.22795571652614993,0.6702251826891301,0.6836586073808447,0.9500707527244655,0.0017502269566904744,0.0005277783994329335,2.3926156073011975,27
2024-11-13,0.19428693891132992,0.5066492702080019,0.3065133016841753,0.6702251826891301,0.49919975940449474,0.9500707527244655,0.0014119949314417215,0.0007336504799061772,1.9054275679733452,27
2024-11-14,0.14491123863021044,0.5066492702080019,0.3357358589309121,0.6702251826891301,0.5193529024388774,0.9500707527244655,0.0014797110882314249,0.0008465395121652232,1.655288688867819,27
2024-11-15,0.11385465615403226,0.5066492702080019,0.279100280559948,0.6702251826891301,0.6070450632860198,0.9500707527244655,0.001624837547162208,0.0006795928351745192,1.555873072096257,27
2024-11-16,0.09345281548868209,0.5066492702080019,0.23816128336925624,0.6702251826891301,0.6683859011420616,0.9500707527244655,0.001725242769514612,0.0005580781354307496,2.4941477932759515,27
2024-11-17,0.22368395102282404,0.5066492702080019,0.32922827916947706,0.6702251826891301,0.4470877698076988,0.9500707527244655,0.001316848890765458,0.000793679310803207,2.637092076367802,27
2024-11-18,0.31517335085515313,0.5066492702080019,0.4204865592917674,0.6702251826891301,0.26434008985307955,0.9500707527244655,0.0009925492509623376,0.0010457326272171798,2.711126809555831,27
2024-11-19,0.3605632148119646,0.5066492702080019,0.4861515076654595,0.6702251826891301,0.15328527752257584,0.9500707527244655,0.0008036849340540216,0.001235458272088313,2.127101846500609,27
2024-11-20,0.29890812710972225,0.5066492702080019,0.5480640965799254,0.6702251826891301,0.15302777631035236,0.9500707527244655,0.0008532438090759124,0.0014570628070173558,2.0827772783803833,27
2024-11-21,0.27943039827613186,0.5066492702080019,0.5638794837201254,0.6702251826891301,0.15669011800374263,0.9500707527244655,0.000874014540630357,0.0015151958302840266,1.266724353027937,27
2024-11-22,0.23605073811901445,0.5066492702080019,0.5253818458252467,0.6702251826891301,0.23856741605573878,0.9500707527244655,0.0010213669003059753,0.001410823092552981,2.925712812785829,27
2024-11-23,0.3772594002413261,0.5066492702080019,0.5044324118779527,0.6702251826891301,0.11830818788072105,0.9500707527244655,0.0007422423410828835,0.0012866168046957495,2.5994946380324566,27
2024-11-24,0.38323967735577036,0.5066492702080019,0.5314349211578839,0.6702251826891301,0.08532540148634576,0.9500707527244655,0.0006922020445299682,0.0013698231986870911,3.1978735243862375,27
2024-11-25,0.4339238312909903,0.5066492702080019,0.520985307653066,0.6702251826891301,0.045090861055943524,0.9500707527244655,0.0005960308128801716,0.0013159470432817695,0.578466364184572,27
2024-11-26,0.2689844622837309,0.5066492702080019,0.5917170214024453,0.6702251826891301,0.13929851631382373,0.9500707527244655,0.0008585962645951814,0.0016077692731857143,2.3141779509066165,27
2024-11-27,0.3235672145007185,0.5066492702080019,0.5543279735275992,0.6702251826891301,0.12210481197168224,0.9500707527244655,0.0007909000835494383,0.0014668463344957947,1.2723829205061143,27
2024-11-28,0.2502966689407719,0.5066492702080019,0.5540738253488907,0.6702251826891301,0.19562950571033746,0.9500707527244655,0.0009509707885527323,0.0014960078538255868,3.0133066170102865,27
2024-11-29,0.39445463965810484,0.5066492702080019,0.5120434335708067,0.6702251826891301,0.09350192677108828,0.9500707527244655,0.000694327638889932,0.0013037262104162825,2.1922110237762054,27
2024-11-30,0.3289587248238776,0.5066492702080019,0.5743696480110101,0.6702251826891301,0.09667162716511234,0.9500707527244655,0.0007516613819605124,0.0015282136709321775,2.807282772691383,27
2024-12-01,0.39781815586046987,0.5066492702080019,0.538737383225995,0.6702251826891301,0.06344446091353516,0.9500707527244655,0.0006504119172822838,0.0013870241052505376,2.753036228766564,27
2024-12-02,0.4010169633275526,0.5066492702080019,0.5493467200350659,0.6702251826891301,0.04963631663738146,0.9500707527244655,0.0006288949851893228,0.0014193687535805448,2.1285126190026857,27
2024-12-03,0.3475399644552044,0.5066492702080019,0.5892613116250399,0.6702251826891301,0.06319872391975573,0.9500707527244655,0.0006907295114388864,0.0015678504980195251,3.152605036721368,27
2024-12-04,0.4279820521195353,0.5066492702080019,0.5328104229449918,0.6702251826891301,0.03920752493547267,0.9500707527244655,0.0005927787372673492,0.0013558866610166363,1.6214707326817361,27
2024-12-05,0.29285402501201574,0.5066492702080019,0.6358798266697334,0.6702251826891301,0.07126614831825079,0.9500707527244655,0.0007459513070221194,0.0017380916367062725,2.0580036076345842,27
2024-12-06,0.3111856817398075,0.5066492702080019,0.602721266791482,0.6702251826891301,0.08609305146871048,0.9500707527244655,0.0007515067414662895,0.001625414575695107,1.7714638307512998,27
2024-12-07,0.27782374695658785,0.5066492702080019,0.6076682798937906,0.6702251826891301,0.11450797314962145,0.9500707527244655,0.0008174389890820429,0.0016547516130103726,3.0937889291835563,27
2024-12-08,0.41138003979910015,0.5066492702080019,0.529658782574467,0.6702251826891301,0.05896117762643283,0.9500707527244655,0.0006332905310273647,0.0013526798438740042,2.937090476457438,27
2024-12-09,0.41974777716051087,0.5066492702080019,0.5378505083493076,0.6702251826891301,0.042401714490181465,0.9500707527244655,0.0006038214558726881,0.0013752417025812158,1.2669206754260363,27
2024-12-10,0.28453287179309944,0.5066492702080019,0.6218340687803849,0.6702251826891301,0.09363305942651572,0.9500707527244655,0.00078337138665024,0.0016969416549516044,2.990501081253653,27
2024-12-11,0.40688338094553667,0.5066492702080019,0.538016271404696,0.6702251826891301,0.05510034764976734,0.9500707527244655,0.0006316383835908548,0.0013810290481809943,1.0760525471999007,27
2024-12-12,0.27714560747640393,0.5066492702080019,0.6081540548844777,0.6702251826891301,0.11470033763911822,0.9500707527244655,0.000818250470297877,0.0016565698572437316,2.5866372005374676,27
2024-12-13,0.3637431528806808,0.5066492702080019,0.5514082228343282,0.6702251826891301,0.0848486242849911,0.9500707527244655,0.0007073232469165151,0.0014411528712848039,2.609153193052434,27
2024-12-14,0.37738386826280834,0.5066492702080019,0.5560716244559916,0.6702251826891301,0.06654450728119995,0.9500707527244655,0.0006711934880698235,0.0014503661874069914,3.23844385363559,27
2024-12-15,0.43751364703064627,0.5066492702080019,0.524212688645516,0.6702251826891301,0.03827366432383783,0.9500707527244655,0.0005837824012386243,0.001324716104036683,1.570170029846997,27
2024-12-16,0.2922238972250332,0.5066492702080019,0.6358724512347913,0.6702251826891301,0.07190365154017545,0.9500707527244655,0.0007473349140159753,0.00173832596422865,2.564430704001878,27
2024-12-17,0.3596895390948742,0.5066492702080019,0.5786874527694232,0.6702251826891301,0.06162300813570232,0.9500707527244655,0.0006787501456866437,0.0015293408921595467,3.1833208829752664,27
2024-12-18,0.4318124598741773,0.5066492702080019,0.530210180235633,0.6702251826891301,0.03797735989018956,0.9500707527244655,0.0005879920817833232,0.0013460720172779866,0.21993087402891898,27
2024-12-19,0.2671657580820061,0.5066492702080019,0.5880546344369691,0.6702251826891301,0.14477960748102464,0.9500707527244655,0.0008675858292021004,0.001596895982232559,1.736199789416717,27
2024-12-20,0.254792599535974,0.5066492702080019,0.555888522371848,0.6702251826891301,0.189318878092178,0.9500707527244655,0.0009386814446210173,0.0014999252603453835,3.0417320775049337,27
2024-12-21,0.39792923824429166,0.5066492702080019,0.5129847302347799,0.6702251826891301,0.08908603152092837,0.9500707527244655,0.0006854630979320467,0.0013052909042024577,3.1468152931371973,27
2024-12-22,0.43391341897810765,0.5066492702080019,0.5184624308024826,0.6702251826891301,0.04762415021940988,0.9500707527244655,0.0005995105016476772,0.0013079487019674804,1.9316630872111018,27
2024-12-23,0.332157746103805,0.5066492702080019,0.5979549152742457,0.6702251826891301,0.06988733862194924,0.9500707527244655,0.0007123323316741044,0.0016017180610901354,3.1352972785064877,27
2024-12-24,0.42610329546968473,0.5066492702080019,0.5320425265310256,0.6702251826891301,0.04185417799928963,0.9500707527244655,0.0005979268513480651,0.0013542192952451645,1.2764694037655988,27
2024-12-25,0.28672282386747766,0.5066492702080019,0.6274011949053712,0.6702251826891301,0.08587598122715107,0.9500707527244655,0.0007709556329890245,0.0017137049641090247,2.946618419179191,27
2024-12-26,0.40016124271136233,0.5066492702080019,0.5461106346022151,0.6702251826891301,0.05372812268642263,0.9500707527244655,0.0006351967863552253,0.0014094538362821375,1.1919210435484637,27
2024-12-27,0.276847834463063,0.5066492702080019,0.607211248192415,0.6702251826891301,0.11594091734452208,0.9500707527244655,0.0008201934823468832,0.0016537010507673498,2.3900705139185523,27
2024-12-28,0.3396127709515958,0.5066492702080019,0.5612303616731511,0.6702251826891301,0.09915686737525309,0.9500707527244655,0.0007464571814276339,0.0014821781656579156,2.7743245293669223,27
2024-12-29,0.38966551025334856,0.5066492702080019,0.5440441255951685,0.6702251826891301,0.06629036415148297,0.9500707527244655,0.000660909933060405,0.0014071915999272462,2.1603009750701876,27
2024-12-30,0.34491776480381325,0.5066492702080019,0.5791568658469305,0.6702251826891301,0.07592536934925621,0.9500707527244655,0.0007103065806555481,0.0015368715381462587,2.7958609173016336,27
2024-12-31,0.4016756581960149,0.5066492702080019,0.5441371985241948,0.6702251826891301,0.0541871432797903,0.9500707527244655,0.0006346007165698012,0.0014025746734845645,2.843236839157567,27
2025-01-01,0.4108217775099174,0.5066492702080019,0.5464043409038121,0.6702251826891301,0.04277388158627055,0.9500707527244655,0.000611554652946338,0.0014060253139337865,2.6823928570456452,27
2025-01-02,0.39869477294224975,0.5066492702080019,0.5601348593914315,0.6702251826891301,0.041170367666318694,0.9500707527244655,0.0006191661251877589,0.0014545386562506714,1.826795951652497,27
2025-01-03,0.29947604441294273,0.5066492702080019,0.6340051709854486,0.6702251826891301,0.06651878460160854,0.9500707527244655,0.0007340911355978737,0.0017294367947388626,2.525777091559756,27
2025-01-04,0.3570024863121942,0.5066492702080019,0.583025270657699,0.6702251826891301,0.05997224303010677,0.9500707527244655,0.0006786574080876648,0.0015441995155689606,3.208429068488266,27
2025-01-05,0.433589331452441,0.5066492702080019,0.5294658261067592,0.6702251826891301,0.036944842440799736,0.9500707527244655,0.0005851385974873638,0.0013429841746301107,3.2932585463398554,27
2025-01-06,0.4484001310835433,0.5066492702080019,0.5232116274757753,0.6702251826891301,0.028388241440681423,0.9500707527244655,0.0005614213344817649,0.0013170881481898414,1.3220429882062876,27
2025-01-07,0.29372094992502534,0.5066492702080019,0.6413972131471436,0.6702251826891301,0.06488183692783114,0.9500707527244655,0.0007364862354122011,0.0017552382896289574,0.6003686551882425,27
2025-01-08,0.2575401478305887,0.5066492702080019,0.5686666989987852,0.6702251826891301,0.17379315317062632,0.9500707527244655,0.000915165939209523,0.0015393340634807437,2.0565293171322816,27
2025-01-09,0.27691258179675965,0.5066492702080019,0.5432312929518169,0.6702251826891301,0.17985612525142336,0.9500707527244655,0.0009078188448063111,0.0014507292740090795,1.692695210110194,27
2025-01-10,0.23847020131647145,0.5066492702080019,0.5244016660043811,0.6702251826891301,0.2371281326791475,0.9500707527244655,0.0010174362782114402,0.0014067243873621524,1.9538389311436666,27
2025-01-11,0.23563763183208766,0.5066492702080019,0.516849508099677,0.6702251826891301,0.2475128600682354,0.9500707527244655,0.0010339635768120746,0.0013839273609518765,2.991076326049673,27
2025-01-12,0.3853049131264921,0.5066492702080019,0.49906982789700033,0.6702251826891301,0.11562525897650745,0.9500707527244655,0.0007320495201951335,0.0012663159969847743,3.2220537335908523,27
2025-01-13,0.4349223112244439,0.5066492702080019,0.511321862041272,0.6702251826891301,0.053755826734284064,0.9500707527244655,0.0006070947791058732,0.0012848860826622528,3.3178521045351994,27
2025-01-14,0.44914949047843394,0.5066492702080019,0.5180258856413238,0.6702251826891301,0.03282462388024224,0.9500707527244655,0.0005668933952447565,0.0013003324157278525,1.832678876714008,27
2025-01-15,0.31038045668357817,0.5066492702080019,0.6318435963901291,0.6702251826891301,0.057775946926292635,0.9500707527244655,0.0007132903706201722,0.001718120341749681,1.5756012618314035,27
2025-01-16,0.2850933489931771,0.5066492702080019,0.6240393646377193,0.6702251826891301,0.0908672863691036,0.9500707527244655,0.0007791224493274956,0.0017037076482550033,3.1013076361305996,27
2025-01-17,0.4153887660984835,0.5066492702080019,0.5343040211929959,0.6702251826891301,0.050307212708520496,0.9500707527244655,0.0006181849592601934,0.0013657750338778281,1.187113707500665,27
2025-01-18,0.28133302110317654,0.5066492702080019,0.6165796082224769,0.6702251826891301,0.10208737067434658,0.9500707527244655,0.0007975587237055897,0.0016815831741746295,3.0956026109117665,27
2025-01-19,0.4127322961048102,0.5066492702080019,0.5327689467678899,0.6702251826891301,0.05449875712729976,0.9500707527244655,0.000626079995705417,0.0013619922539900436,1.3148735321814378,27
2025-01-20,0.27894744970581464,0.5066492702080019,0.6101090692715958,0.6702251826891301,0.11094348102258934,0.9500707527244655,0.0008116397232626944,0.001662034235526352,2.3275769008567617,27
2025-01-21,0.3190312741639339,0.5066492702080019,0.5806055424621125,0.6702251826891301,0.10036318337395354,0.9500707527244655,0.0007647479121655422,0.0015520543446874162,1.690356967914424,27
2025-01-22,0.27170741339484156,0.47122172485755837,0.6304163809798073,0.693806875928887,0.09787620562535099,0.9413086749611145,0.0007640881373283404,0.0015449102896678694,2.0215815574209413,28
2025-01-23,0.28497192252856485,0.47122172485755837,0.6127985964773679,0.693806875928887,0.10222948099406719,0.9413086749611145,0.0007601952854403764,0.0014754570442765975,3.0607599957296596,28
2025-01-24,0.3848995904784101,0.47122172485755837,0.5497295695953259,0.693806875928887,0.06537083992626404,0.9413086749611145,0.0006318427183247525,0.0012889179564516701,3.127884752686078,28
2025-01-25,0.4035288069800492,0.47122172485755837,0.5429254575872442,0.693806875928887,0.05354573543270659,0.9413086749611145,0.0006008791754786722,0.0012780864106762626,3.296145181743445,28
2025-01-26,0.41620577308519635,0.47122172485755837,0.534441730768354,0.693806875928887,0.04935249614644982,0.9413086749611145,0.0005852754175300434,0.0012520885795162117,1.9780797129886634,28
2025-01-27,0.31822858002500815,0.47122172485755837,0.6189728649258496,0.693806875928887,0.06279855504914222,0.9413086749611145,0.0006788943304334812,0.0015446779383280927,2.8641423503465644,28
2025-01-28,0.38117732398636206,0.47122172485755837,0.5647123899235421,0.693806875928887,0.05411028609009581,0.9413086749611145,0.0006186952557783185,0.0013569328255639403,3.0319115520693916,28
2025-01-29,0.4011319541799085,0.47122172485755837,0.547978733048538,0.693806875928887,0.05088931277155356,0.9413086749611145,0.0005989351694362942,0.0012996743903576314,1.751714754956407,28
2025-01-30,0.2848364505942142,0.47122172485755837,0.6523418350192668,0.693806875928887,0.06282171438651893,0.9413086749611145,0.0007042765704350085,0.001666435847629327,2.7092135300662563,28
2025-01-31,0.3562338851577443,0.47122172485755837,0.5913993387555725,0.693806875928887,0.05236677608668313,0.9413086749611145,0.0006351912532292071,0.0014563954104415415,1.6856898771224738,28
2025-02-01,0.28406009576936636,0.47122172485755837,0.6433626377279529,0.693806875928887,0.07257726650268075,0.9413086749611145,0.0007187410005447808,0.0016221140987765354,2.295268993575001,28
2025-02-02,0.32188116353184115,0.47122172485755837,0.6092056371525709,0.693806875928887,0.0689131993155879,0.9413086749611145,0.0006848089944328703,0.0015017910480588442,1.5003563939355775,28
2025-02-03,0.2701654708752252,0.47122172485755837,0.6263804297242765,0.693806875928887,0.10345409940049814,0.9413086749611145,0.0007731869759187681,0.0015235761211225716,1.404753375914061,28
2025-02-04,0.259403945716861,0.47122172485755837,0.6049076575475728,0.693806875928887,0.1356883967355662,0.9413086749611145,0.0008271584573092104,0.0014070418574704184,1.3824064865872758,28
2025-02-05,0.23643553400959302,0.47122172485755837,0.5564734106463868,0.693806875928887,0.20709105534402025,0.9413086749611145,0.000945951694781161,0.0011457313863058383,2.4662811284470925,28
2025-02-06,0.30878006324131974,0.47122172485755837,0.5395234325701888,0.693806875928887,0.1516965041884916,0.9413086749611145,0.0008122687242765067,0.001149457907202669,3.1668487962735483,28
2025-02-07,0.39276811837324976,0.47122172485755837,0.5260491345644882,0.693806875928887,0.08118274706226204,0.9413086749611145,0.0006482750602038865,0.0011837708836462543,3.2914393143452965,28
2025-02-08,0.4138419880091296,0.47122172485755837,0.5285100585038386,0.693806875928887,0.057647953487031875,0.9413086749611145,0.0005988421185136684,0.0012206180333893004,3.2860454727579165,28
2025-02-09,0.41626171530066697,0.47122172485755837,0.5329233328504207,0.693806875928887,0.050814951848912396,0.9413086749611145,0.0005873072531299194,0.0012448153724751469,3.2988600579909098,28
2025-02-10,0.41854668070044554,0.47122172485755837,0.532399625718554,0.693806875928887,0.0490536935810004,0.9413086749611145,0.0005830683972828591,0.001244989381990656,2.7023244411550826,28
2025-02-11,0.3779258226197721,0.47122172485755837,0.5719033859605526,0.693806875928887,0.05017079141967525,0.9413086749611145,0.00061557636063524,0.0013878419346918447,2.2755417445504884,28
2025-02-12,0.3412745477982698,0.47122172485755837,0.6025900742905783,0.693806875928887,0.05613537791115182,0.9413086749611145,0.0006519156762377493,0.001492775676149959,2.0891517424753,28
2025-02-13,0.2996321492862596,0.47122172485755837,0.6431632276149757,0.693806875928887,0.057204623098764694,0.9413086749611145,0.0006850600416682246,0.0016395878063240933,2.5808843487308804,28
2025-02-14,0.35564322001872956,0.47122172485755837,0.5906806917030543,0.693806875928887,0.053676088278216065,0.9413086749611145,0.0006375001286001097,0.0014522223452569426,2.834404241536028,28
2025-02-15,0.37926912119991624,0.47122172485755837,0.5710775135667815,0.693806875928887,0.04965336523330228,0.9413086749611145,0.0006138198174044958,0.0013854404247711032,3.2598624224060186,28
2025-02-16,0.412205935810311,0.47122172485755837,0.5400714685876135,0.693806875928887,0.04772259560207564,0.9413086749611145,0.0005860096474871165,0.001274565029035162,2.437303567234324,28
2025-02-17,0.3629786024513159,0.47122172485755837,0.5832226154243341,0.693806875928887,0.05379878212434974,0.9413086749611145,0.0006320968649681524,0.0014248576453967635,3.1981045339576593,28
2025-02-18,0.40821337103778643,0.47122172485755837,0.5425379901963342,0.693806875928887,0.04924863876587938,0.9413086749611145,0.0005912151899478966,0.0012817601269314418,3.2715116707214342,28
2025-02-19,0.41669601546196533,0.47122172485755837,0.5347709279968247,0.693806875928887,0.04853305654121014,0.9413086749611145,0.0005837396060033818,0.001254260268062123,2.562326557356827,28
2025-02-20,0.36527602612823024,0.47122172485755837,0.5841955512773943,0.693806875928887,0.05052842259437533,0.9413086749611145,0.0006257052290654519,0.001432280693068431,2.18005625700519,28
2025-02-21,0.3146525138748566,0.47122172485755837,0.6330111312866706,0.693806875928887,0.052336354838472654,0.9413086749611145,0.0006667363304739039,0.001608300243396915,1.8368127081918517,28
2025-02-22,0.2894599047197824,0.47122172485755837,0.6453868451931289,0.693806875928887,0.06515325008708857,0.9413086749611145,0.000704084617312089,0.0016382919328090874,2.986433256774246,28
2025-02-23,0.38215572155648503,0.47122172485755837,0.5659995944151568,0.693806875928887,0.051844684028358,0.9413086749611145,0.0006147346204199794,0.0013643131953893928,3.167768759662399,28
2025-02-24,0.40889601444813034,0.47122172485755837,0.5418428789053614,0.693806875928887,0.04926110664650837,0.9413086749611145,0.0005907130372568293,0.0012792084462167198,0.7662744279510014,28
2025-02-25,0.2631807391782626,0.47122172485755837,0.6128607155762072,0.693806875928887,0.12395854524553007,0.9413086749611145,0.0008076276021758729,0.0014499561548682119,1.5022271952739081,28
2025-02-26,0.2463058635416156,0.47122172485755837,0.5769891781029113,0.693806875928887,0.17670495835547306,0.9413086749611145,0.0008953417233660243,0.0012565846075248918,0.5927937837828949,28
2025-02-27,0.17067062356556228,0.47122172485755837,0.4180672785270237,0.693806875928887,0.41126209790741397,0.9413086749611145,0.0012849471242648257,0.0003988541453592573,2.6499362803847,28
2025-02-28,0.2895387486984751,0.47122172485755837,0.4662685344465756,0.693806875928887,0.24419271685494925,0.9413086749611145,0.0009579121804709692,0.0007725853990808418,3.0401846582365266,28
2025-03-01,0.37428670378229606,0.47122172485755837,0.5041568637743534,0.693806875928887,0.12155643244335057,0.9413086749611145,0.0007195892498431175,0.0010560684116661008,2.081816474870334,28
2025-03-02,0.2894385564447213,0.47122172485755837,0.5916159237384488,0.693806875928887,0.11894551981682967,0.9413086749611145,0.0007805386955194363,0.0013783554415525141,-1.7031756732691,28
2025-03-03,0.08976403873612221,0.47122172485755837,0.24770473799071646,0.693806875928887,0.6625312232731613,0.9413086749611145,0.0017005880702583912,-0.0005204180359761509,0.054006831991241566,28
2025-03-04,0.0061084311243572425,0.47122172485755837,0.07155366283998835,0.693806875928887,0.9223379060356544,0.9413086749611145,0.0021285743185667596,-0.0014709250107820654,2.141351424350562,28
2025-03-05,0.038981037256942415,0.47122172485755837,0.1342850734748703,0.693806875928887,0.8267338892681871,0.9413086749611145,0.0019696660726041667,-0.001128779937553417,1.774690398533811,28
2025-03-06,0.04731311265772201,0.47122172485755837,0.15831254717953264,0.693806875928887,0.7943743401627452,0.9413086749611145,0.0019180013086624306,-0.0010027735865516401,2.387087580067478,28
2025-03-07,0.14870359854198376,0.47122172485755837,0.26344896063675566,0.693806875928887,0.5878474408212607,0.9413086749611145,0.001550249177733799,-0.0003745300653969206,1.524040110115403,28
2025-03-08,0.07258299724338371,0.47122172485755837,0.21152368017338208,0.693806875928887,0.7158933225832342,0.9413086749611145,0.0017886394184606505,-0.000715648210269467,2.4879346037170005,28
2025-03-09,0.19546598990652123,0.47122172485755837,0.3202603400966115,0.693806875928887,0.48427366999686716,0.9413086749611145,0.0013686739998077337,-4.4554749469732946e-05,0.6221544052567113,28
2025-03-10,0.03984163272957268,0.47122172485755837,0.14258464212124525,0.693806875928887,0.8175737251491819,0.9413086749611145,0.001956210988797937,-0.0010876435509535572,2.0647199325029333,28
2025-03-11,0.06004820620157948,0.47122172485755837,0.1779081909527816,0.693806875928887,0.7620436028456389,0.9413086749611145,0.001862922515777071,-0.0008929760130177039,1.5327529923942422,28
2025-03-12,0.05194805151693189,0.47122172485755837,0.168076734334282,0.693806875928887,0.7799752141487862,0.9413086749611145,0.0018942803664663717,-0.0009500888181122871,2.259907067059517,28
2025-03-13,0.11916654866707214,0.47122172485755837,0.25128961855850906,0.693806875928887,0.6295438327744186,0.9413086749611145,0.0016315809232134053,-0.00046827678410922796,1.8212890857286312,28
2025-03-14,0.08655258387111923,0.47122172485755837,0.24028261355123273,0.693806875928887,0.673164802577648,0.9413086749611145,0.0017179758513607328,-0.0005600966013409826,1.7600883046912699,28
2025-03-15,0.08867514678862526,0.47122172485755837,0.2453960143916267,0.693806875928887,0.665928838819748,0.9413086749611145,0.0017061927497896978,-0.0005328669255626783,2.5581695808908105,28
2025-03-16,0.22280729437386168,0.47122172485755837,0.3549844841945176,0.693806875928887,0.4222082214316208,0.9413086749611145,0.0012602865545863597,0.00015566310998759683,1.9327402749903908,28
2025-03-17,0.16819034721199833,0.47122172485755837,0.3859651539132894,0.693806875928887,0.44584449887471234,0.9413086749611145,0.0013355969076579669,0.0002407461830706575,2.1570629690343495,28
2025-03-18,0.19297307296980054,0.47122172485755837,0.4277820057155106,0.693806875928887,0.3792449213146888,0.9413086749611145,0.0012226621798572916,0.00047221849058581595,2.2450846015871684,28
2025-03-19,0.2330779661509823,0.47122172485755837,0.45207329552276493,0.693806875928887,0.3148487383262526,0.9413086749611145,0.0011009971666166457,0.0006371196308566992,1.2029620043060927,28
2025-03-20,0.16448463502437832,0.47122172485755837,0.405041597909899,0.693806875928887,0.4304737670657227,0.9413086749611145,0.0013167860860045337,0.0003285679034069085,1.7580388710862889,28
2025-03-21,0.1458881102318025,0.47122172485755837,0.36507744113004464,0.693806875928887,0.48903444863815276,0.9413086749611145,0.001413576283195046,0.00011337549662851086,2.7879015852121856,28
2025-03-22,0.299364198016987,0.47122172485755837,0.4404377298070973,0.693806875928887,0.26019807217591573,0.9413086749611145,0.0009730102111871318,0.0006593611663892245,3.0992811605102126,28
2025-03-23,0.3789935258630998,0.47122172485755837,0.49773239576992834,0.693806875928887,0.1232740783669718,0.9413086749611145,0.0007184298184800394,0.001030587576620899,1.893064948128377,28
2025-03-24,0.2680475970578227,0.47122172485755837,0.597620311731758,0.693806875928887,0.1343320912104191,0.9413086749611145,0.0008186576063695513,0.0013820514272746799,2.2219868169564965,28
2025-03-25,0.28546993738925225,0.47122172485755837,0.6003872833012742,0.693806875928887,0.11414277930947347,0.9413086749611145,0.0007767380200749629,0.0014160544357434501,3.128768599288306,28
2025-03-26,0.38980188939911875,0.47122172485755837,0.5416719326189289,0.693806875928887,0.06852617798195258,0.9413086749611145,0.0006325857434584931,0.0012557743597766747,3.094216712822167,28
2025-03-27,0.40449442891929166,0.47122172485755837,0.5395552250842383,0.693806875928887,0.055950345996470204,0.9413086749611145,0.0006035551520446646,0.0012629391123309321,3.1929772901471285,28
2025-03-28,0.4101893991683411,0.47122172485755837,0.5393739543822236,0.693806875928887,0.05043664644943534,0.9413086749611145,0.0005913958050195603,0.0012688058556830824,1.2914083402712138,28
2025-03-29,0.2738370886800913,0.47122172485755837,0.634467919584851,0.693806875928887,0.0916949917350575,0.9413086749611145,0.0007536844026473547,0.0015670156885760499,1.9836163181139606,28
2025-03-30,0.2835531436743105,0.47122172485755837,0.6179705403254453,0.693806875928887,0.09847631600024412,0.9413086749611145,0.0007559411530170573,0.0014987766856383838,3.1015485720311786,28
2025-03-31,0.3899344635519791,0.47122172485755837,0.5462698581117675,0.693806875928887,0.06379567833625334,0.9413086749611145,0.0006257738553873783,0.0012781562122320146,3.2324413027474503,28
2025-04-01,0.41062669089528536,0.47122172485755837,0.5368976856622815,0.693806875928887,0.052475623442433256,0.9413086749611145,0.0005939552619594415,0.0012573541361802195,1.5409024021981628,28
2025-04-02,0.2799776222765419,0.47122172485755837,0.6477040406253308,0.693806875928887,0.07231833709812735,0.9413086749611145,0.0007214711973013685,0.001638265311887869,1.5731503922624606,28
2025-04-03,0.270778807001422,0.47122172485755837,0.627737980622857,0.693806875928887,0.10148321237572083,0.9413086749611145,0.0007699200616934333,0.0015308642833743026,3.012103928780168,28
2025-04-04,0.3791311840329004,0.47122172485755837,0.5552818387858502,0.693806875928887,0.06558697718124933,0.9413086749611145,0.0006365413484334644,0.001308925930010017,2.760124628136301,28
2025-04-05,0.37515847025182797,0.47122172485755837,0.568106247252552,0.693806875928887,0.05673528249562,0.9413086749611145,0.0006270014780070087,0.001366211201335051,3.1424348116420764,28
2025-04-06,0.4064387616965664,0.47122172485755837,0.542641859003734,0.693806875928887,0.05091937929969956,0.9413086749611145,0.0005949369921902309,0.001280161025719849,-0.5445345115868392,28
2025-04-07,0.2136688689257308,0.47122172485755837,0.5086073801129769,0.693806875928887,0.2777237509612922,0.9413086749611145,0.0010633646814136436,0.0008874063606125128,2.1790593954674544,28
2025-04-08,0.2411259989404458,0.47122172485755837,0.5255636498905429,0.693806875928887,0.2333103511690112,0.9413086749611145,0.0009795197823954124,0.001001877211273064,1.3590718028626183,28
2025-04-09,0.19049869351107335,0.47122172485755837,0.4597958057045307,0.693806875928887,0.3497055007843958,0.9413086749611145,0.0011828588910154888,0.0006240331186597132,-0.17980989903315214,28
2025-04-10,0.06375660463317041,0.47122172485755837,0.1929416729681347,0.693806875928887,0.7433017223986949,0.9413086749611145,0.0018338369509736123,-0.0008159182208099568,1.7097738227987107,28
2025-04-11,0.05040311397790769,0.47122172485755837,0.16481810474444458,0.693806875928887,0.7847787812776478,0.9413086749611145,0.0019021933217242715,-0.0009676692117060416,1.5340808881589842,28
2025-04-12,0.04705838317630594,0.47122172485755837,0.1577807178301791,0.693806875928887,0.7951608989935149,0.9413086749611145,0.0019192981174608536,-0.0010056458816206895,2.032768357914514,28
2025-04-13,0.0709118275338072,0.47122172485755837,0.20502528821865545,0.693806875928887,0.7240628842475373,0.9413086749611145,0.0018013684273666293,-0.0007490380267317402,2.0693535798233653,28
2025-04-14,0.09033939422035521,0.47122172485755837,0.2344056606789054,0.693806875928887,0.6752549451007395,0.9413086749611145,0.0017179689582758587,-0.0005840202360492195,2.2864506223768672,28
2025-04-15,0.1570819835470277,0.47122172485755837,0.31421549186561504,0.693806875928887,0.5287025245873573,0.9413086749611145,0.0014607352267855254,-0.00011922094138807997,2.4623998568318255,28
2025-04-16,0.23956582953187544,0.47122172485755837,0.394367988326351,0.693806875928887,0.3660661821417735,0.9413086749611145,0.00116830024080831,0.00036587261719139245,2.840059125390664,28
2025-04-17,0.333476225772656,0.47122172485755837,0.47441216363682415,0.693806875928887,0.1921116105905199,0.9413086749611145,0.0008506460870547919,0.000863971827435591,2.7554383394857647,28
2025-04-18,0.35486179656707667,0.47122172485755837,0.5264431553228023,0.693806875928887,0.11869504811012097,0.9413086749611145,0.0007303527455506206,0.001140793685568403,3.0879337350422644,28
2025-04-19,0.3960916427088519,0.47122172485755837,0.5304012773767568,0.693806875928887,0.0735070799143912,0.9413086749611145,0.0006348582799124253,0.0012087428446548331,2.9285723866860565,28
2025-04-20,0.39036249634210074,0.47122172485755837,0.5506950840883171,0.693806875928887,0.05894241956958221,0.9413086749611145,0.0006185618208947427,0.0013000531195143227,3.2988928377662425,28
2025-04-21,0.41511564518335603,0.47122172485755837,0.5341177037057822,0.693806875928887,0.05076665111086196,0.9413086749611145,0.0005881117679212063,0.001249231606626503,1.7584328497340869,28
2025-04-22,0.2856978050224142,0.47122172485755837,0.6511072262005977,0.693806875928887,0.06319496877698792,0.9413086749611145,0.0007041539982752881,0.0016614880077023522,-0.11197394058225507,28
2025-04-23,0.20896591646583287,0.49552578626189253,0.5855546418874595,0.715899583362813,0.20547944164670773,0.9066889379335318,0.0009753807675907599,0.0006497568504791435,2.9794679811764504,29
2025-04-24,0.3562241952683441,0.49552578626189253,0.5423654861857394,0.715899583362813,0.1014103185459165,0.9066889379335318,0.0007008751149135668,0.000825344971157285,3.2347824330195594,29
2025-04-25,0.40966593915006666,0.49552578626189253,0.5330938355756144,0.715899583362813,0.05724022527431907,0.9066889379335318,0.0005909713553051083,0.0009299734209127908,2.804929139493144,29
2025-04-26,0.37982984439443357,0.49552578626189253,0.5692888791384672,0.715899583362813,0.05088127646709935,0.9066889379335318,0.000602563381164956,0.0010697479503865364,3.302822567566559,29
2025-04-27,0.4200003616073038,0.49552578626189253,0.5376623251448083,0.715899583362813,0.04233731324788814,0.9066889379335318,0.0005595091591315468,0.0009908511131660447,2.940167230467017,29
2025-04-28,0.4016357033247017,0.49552578626189253,0.5544433574383745,0.715899583362813,0.04392093923692392,0.9066889379335318,0.0005754655627221042,0.0010417586519626799,2.494021233653264,29
2025-04-29,0.3422001671364778,0.49552578626189253,0.6084488615572805,0.715899583362813,0.049350971306241734,0.9066889379335318,0.0006275613857927928,0.0012045689708408977,2.8091502725121176,29
2025-04-30,0.3754860514562256,0.49552578626189253,0.5767209653720482,0.715899583362813,0.047792983171726186,0.9066889379335318,0.0006007745978825815,0.0011039143731502536,3.277030076713524,29
2025-05-01,0.41714763411942807,0.49552578626189253,0.541223742089429,0.715899583362813,0.04162862379114289,0.9066889379335318,0.0005604559752350733,0.0010048587505946762,1.874945031787247,29
2025-05-02,0.2629612332510551,0.49552578626189253,0.6767196503828118,0.715899583362813,0.06031911636613318,0.9066889379335318,0.0007029364606768042,0.0013978014067615966,3.0287229806906253,29
2025-05-03,0.3770235018186788,0.49552578626189253,0.5756169288480177,0.715899583362813,0.0473595693333036,0.9066889379335318,0.0005989563043264668,0.001101574629461598,2.9074118319210585,29
2025-05-04,0.39116667158267154,0.49552578626189253,0.5629454449780602,0.715899583362813,0.04588788343926825,0.9066889379335318,0.0005862681826484477,0.0010639798844109263,2.2554770523499985,29
2025-05-05,0.3232899587113259,0.49552578626189253,0.6193097397246926,0.715899583362813,0.05740030156398149,0.9066889379335318,0.0006542897462016548,0.0012159781297382496,3.0750371657181446,29
2025-05-06,0.3917418897183013,0.49552578626189253,0.562049776345198,0.715899583362813,0.046208333936500784,0.9066889379335318,0.0005863627169892186,0.0010600209835195354,2.083200149280923,29
2025-05-07,0.2812873261398827,0.49552578626189253,0.6599105190342306,0.715899583362813,0.0588021548258867,0.9066889379335318,0.0006871516755829872,0.0013465960824815208,3.0394644616717312,29
2025-05-08,0.38128869144091576,0.49552578626189253,0.5718866797213715,0.715899583362813,0.046824628837712795,0.9066889379335318,0.0005949838736488991,0.0010908192880822911,0.21917112281030815,29
2025-05-09,0.22899583304674465,0.49552578626189253,0.632737454393205,0.715899583362813,0.13826671256005038,0.9066889379335318,0.0008530032650510493,0.001012638866401701,3.0581853592804054,29
2025-05-10,0.3729769569649496,0.49552578626189253,0.553281999939117,0.715899583362813,0.07374104309593327,0.9066889379335318,0.0006442585288806735,0.0009464624813539967,2.288008200215449,29
2025-05-11,0.302910332577663,0.49552578626189253,0.6242070923353259,0.715899583362813,0.0728825750870111,0.9066889379335318,0.0006940377286970209,0.0011847789536613667,3.0564211742853216,29
2025-05-12,0.38982658700682027,0.49552578626189253,0.5580446626126923,0.715899583362813,0.05212875038048749,0.9066889379335318,0.0005972661821433496,0.0010285582936791751,2.839742433660753,29
2025-05-13,0.3871759358340789,0.49552578626189253,0.5638429913822748,0.715899583362813,0.04898107278364651,0.9066889379335318,0.0005941485913583386,0.001057477827787166,2.6175507674772933,29
2025-05-14,0.3541330483372496,0.49552578626189253,0.5959622403732386,0.715899583362813,0.04990471128951177,0.9066889379335318,0.0006197481246247845,0.001161377988927318,3.1401571761566407,29
2025-05-15,0.4059066270806215,0.49552578626189253,0.55040968218599,0.715899583362813,0.04368369073338864,0.9066889379335318,0.0005719655249187719,0.0010290822163182445,3.3166929930511198,29
2025-05-16,0.423917375506177,0.49552578626189253,0.5356791425134335,0.715899583362813,0.040403481980389386,0.9066889379335318,0.0005535439909219351,0.0009901906754789455,3.356721251741321,29
2025-05-17,0.4294206437937827,0.49552578626189253,0.531114623990308,0.715899583362813,0.03946473221590931,0.9066889379335318,0.000548016545989261,0.0009779012507975318,3.3139423867006252,29
2025-05-18,0.4280895739656666,0.49552578626189253,0.532307269205891,0.715899583362813,0.039603156828442454,0.9066889379335318,0.000549211274176237,0.0009814399627155529,1.7065002688852045,29
2025-05-19,0.2540263391270405,0.49552578626189253,0.6832982007103694,0.715899583362813,0.06267546016259018,0.9066889379335318,0.000713233716449966,0.001412436712171604,3.072254791151619,29
2025-05-20,0.38292611884917827,0.49552578626189253,0.5691932475879579,0.715899583362813,0.04788063356286397,0.9066889379335318,0.0005954844297509268,0.0010786309971018708,2.601576424275744,29
2025-05-21,0.35123832736127725,0.49552578626189253,0.5992186006268416,0.715899583362813,0.04954307201188116,0.9066889379335318,0.0006212785330106076,0.0011733077673838173,1.8618364635632398,29
2025-05-22,0.25315998524326017,0.49552578626189253,0.6805020197495026,0.715899583362813,0.0663379950072374,0.9066889379335318,0.0007197609981066911,0.0013919146189157986,2.3583666186301,29
2025-05-23,0.2839950169066883,0.49552578626189253,0.6524796985826334,0.715899583362813,0.06352528451067845,0.9066889379335318,0.0006927791047089522,0.001307420989358888,1.2881943516350598,29
2025-05-24,0.23484776740885646,0.49552578626189253,0.646463925703138,0.715899583362813,0.11868830688800559,0.9066889379335318,0.0008172936624977564,0.001118284944988256,2.9151296073019823,29
2025-05-25,0.3560944636665755,0.49552578626189253,0.572410365240644,0.715899583362813,0.07149517109278056,0.9066889379335318,0.0006529905562176261,0.001016912547968303,2.820147229798815,29
2025-05-26,0.3702588944216362,0.49552578626189253,0.5736455622083924,0.715899583362813,0.05609554336997158,0.9066889379335318,0.0006179239432964407,0.0010682367776505067,3.171091545484196,29
2025-05-27,0.4075188847246214,0.49552578626189253,0.5474930471308506,0.715899583362813,0.04498806814452825,0.9066889379335318,0.0005728816155682464,0.0010153906399882763,3.3116753817061895,29
2025-05-28,0.4248207905417301,0.49552578626189253,0.5342536653402272,0.715899583362813,0.04092554411804276,0.9066889379335318,0.0005537216588057841,0.0009838530211720917,2.811025998458888,29
2025-05-29,0.3918711783581397,0.49552578626189253,0.5631890188093536,0.715899583362813,0.044939802832506745,0.9066889379335318,0.0005842314711115699,0.0010676963671836092,1.959237518918009,29
2025-05-30,0.28456465776370266,0.49552578626189253,0.6503865981762572,0.715899583362813,0.06504874406004013,0.9066889379335318,0.0006948148944558934,0.0012957942510367537,2.2752111917341917,29
2025-05-31,0.29666765781110366,0.49552578626189253,0.6341309192211432,0.715899583362813,0.06920142296775325,0.9066889379335318,0.0006926723630721835,0.0012290433084128903,2.9331262040085817,29
2025-06-01,0.371853536061135,0.49552578626189253,0.5757789583776911,0.715899583362813,0.05236750556117388,0.9066889379335318,0.0006107731138512809,0.0010867572871290218,2.778621603590011,29
2025-06-02,0.3696604083226715,0.49552578626189253,0.5815397763998215,0.715899583362813,0.04879981527750711,0.9066889379335318,0.0006066435754034657,0.0011168400521610325,3.2695479569526884,29
2025-06-03,0.4158069699526865,0.49552578626189253,0.5422596030075223,0.715899583362813,0.04193342703979115,0.9066889379335318,0.0005619245522047316,0.0010073663035661605,3.2865871046175803,29
2025-06-04,0.42467033221034717,0.49552578626189253,0.5349451547428117,0.715899583362813,0.040384513046841056,0.9066889379335318,0.0005529634125874714,0.0009878097974562005,3.1534176619653325,29
2025-06-05,0.41781440082905463,0.49552578626189253,0.541051354670869,0.715899583362813,0.041134244500076425,0.9066889379335318,0.0005591754406176554,0.0010058018154912823,1.43615572821947,29
2025-06-06,0.24745981719019106,0.49552578626189253,0.6714002386023288,0.715899583362813,0.0811399442074803,0.9066889379335318,0.0007477339236202778,0.0013162823744777672,1.9722335770212238,29
2025-06-07,0.24545918359813412,0.49552578626189253,0.6672777565287947,0.715899583362813,0.0872630598730712,0.9066889379335318,0.0007590417324397299,0.0012838081356429032,2.5743010739268684,29
2025-06-08,0.31259570014732485,0.49552578626189253,0.6183489564310104,0.715899583362813,0.06905534342166478,0.9066889379335318,0.0006808225771573702,0.0011770477496461712,3.20298990804106,29
2025-06-09,0.40227648437250674,0.49552578626189253,0.5495391097756661,0.715899583362813,0.04818440585182729,0.9066889379335318,0.0005818412782424135,0.0010123888217316692,1.1881731141248706,29
2025-06-10,0.24361683465159262,0.49552578626189253,0.6671730441727222,0.715899583362813,0.08921012117568528,0.9066889379335318,0.0007635159900672587,0.0012774899288106965,3.0960011773663756,29
2025-06-11,0.3814013712998846,0.49552578626189253,0.5624998866440349,0.715899583362813,0.05609874205608048,0.9066889379335318,0.0006097924609583589,0.0010311898768531826,2.5691113014587637,29
2025-06-12,0.35777977843608755,0.49552578626189253,0.5860476811616174,0.715899583362813,0.05617254040229508,0.9066889379335318,0.0006271570418130467,0.0011092129382338836,1.7606059077487728,29
2025-06-13,0.2536819661791873,0.49552578626189253,0.6621646422563228,0.715899583362813,0.08415339156449014,0.9066889379335318,0.0007480480598556609,0.0012763523846191327,3.1128081582410942,29
2025-06-14,0.38445335872020536,0.49552578626189253,0.5614791645302403,0.715899583362813,0.05406747674955448,0.9066889379335318,0.0006043027102394963,0.00103402645723891,3.1874649957626935,29
2025-06-15,0.413634806669146,0.49552578626189253,0.5417129852498647,0.715899583362813,0.04465220808098944,0.9066889379335318,0.000567874760967772,0.0009972133308532593,3.3418232145111975,29
2025-06-16,0.4266804086038963,0.49552578626189253,0.5327762083434496,0.715899583362813,0.040543383052654265,0.9066889379335318,0.0005517496388679157,0.0009801152451434628,2.2340066697620937,29
2025-06-17,0.31327501094931703,0.49552578626189253,0.6347344832645027,0.715899583362813,0.051990505786180204,0.9066889379335318,0.0006528904515312195,0.0012838225533585294,1.8216276924696977,29
2025-06-18,0.25459235185321627,0.49552578626189253,0.6696109006376095,0.715899583362813,0.07579674750917428,0.9066889379335318,0.0007339413644213073,0.0013267201736246272,3.0962027871640436,29
2025-06-19,0.3827518002712977,0.49552578626189253,0.5656690798971356,0.715899583362813,0.051579119831566864,0.9066889379335318,0.0006015504185993057,0.0010555795657438624,3.305799165416776,29
2025-06-20,0.4206039843780349,0.49552578626189253,0.536874388524744,0.715899583362813,0.04252162709722097,0.9066889379335318,0.0005593639028132534,0.0009876676398262265,2.5075217313189313,29
2025-06-21,0.3611252654172,0.49552578626189253,0.5886202781243536,0.715899583362813,0.050254456458446464,0.9066889379335318,0.0006152087213467765,0.0011359082210885567,2.23305509291074,29
2025-06-22,0.3120539057761055,0.49552578626189253,0.6271497059321403,0.715899583362813,0.06079638829175417,0.9066889379335318,0.0006679416448029266,0.0012316169719781543,3.0395366965453636,29
2025-06-23,0.3905464477412609,0.49552578626189253,0.5611274739956077,0.715899583362813,0.04832607826313162,0.9066889379335318,0.0005906357988961625,0.001050462561167456,1.0560159472077264,29
2025-06-24,0.24204121204909615,0.49552578626189253,0.663466581033354,0.715899583362813,0.09449220691754967,0.9066889379335318,0.0007731590912139365,0.001248976959972219,2.9928141067932144,29
2025-06-25,0.3680031449657127,0.49552578626189253,0.5719072404701763,0.715899583362813,0.06008961456411126,0.9066889379335318,0.0006259839647427774,0.001050213366414506,2.54931755031088,29
2025-06-26,0.34016292534749004,0.49552578626189253,0.6030302805603586,0.715899583362813,0.05680679409215136,0.9066889379335318,0.0006410303073873176,0.001163701332102902,3.2237829190031637,29
2025-06-27,0.4092869934316416,0.49552578626189253,0.5460837917381492,0.715899583362813,0.044629214830209374,0.9066889379335318,0.0005710140868705702,0.0010118080297287283,3.3325962466300636,29
2025-06-28,0.4254910748565441,0.49552578626189253,0.5339372536504119,0.715899583362813,0.040571671493044,0.9066889379335318,0.000552664058692469,0.0009838866595733753,3.3097098809007233,29
2025-06-29,0.42579126088648483,0.49552578626189253,0.534480323287367,0.715899583362813,0.03972841582614807,0.9066889379335318,0.0005510915702742759,0.0009882769439671104,2.861027504635488,29
2025-06-30,0.38937945794036916,0.49552578626189253,0.5676092942204766,0.715899583362813,0.04301124783915441,0.9066889379335318,0.0005829535637307741,0.001088298449363439,2.7510312515315554,29
2025-07-01,0.3794747884044111,0.49552578626189253,0.5742263038813774,0.715899583362813,0.04629890771421138,0.9066889379335318,0.0005954635463445506,0.0011002058733753449,2.3975657173166867,29
2025-07-02,0.3382696612044938,0.49552578626189253,0.60752868074317,0.715899583362813,0.0542016580523363,0.9066889379335318,0.0006382245510859158,0.0011866376142363657,1.6997243508907596,29
2025-07-03,0.24803855981078454,0.49552578626189253,0.67667539570946,0.715899583362813,0.07528604447975545,0.9066889379335318,0.0007378927371824953,0.0013517614606105269,2.9122457629813576,29
2025-07-04,0.36010787495363805,0.49552578626189253,0.5851784229086536,0.715899583362813,0.054713702137708375,0.9066889379335318,0.0006231146404519052,0.0011107976079611569,2.457015896757963,29
2025-07-05,0.3399330038587863,0.49552578626189253,0.6022351222011171,0.715899583362813,0.05783187394009663,0.9066889379335318,0.0006428452478793299,0.0011579158315854427,3.2265414457580457,29
2025-07-06,0.4081658954958449,0.49552578626189253,0.5471077999682116,0.715899583362813,0.0447263045359436,0.9066889379335318,0.0005719888535310836,0.0010149131054117792,2.9098362022240383,29
2025-07-07,0.39062146372542633,0.49552578626189253,0.5650656523758927,0.715899583362813,0.04431288389868115,0.9066889379335318,0.0005841371815759874,0.0010758547356699269,2.9812599791578234,29
2025-07-08,0.3998466289093844,0.49552578626189253,0.5562302768621198,0.715899583362813,0.04392309422849583,0.9066889379335318,0.0005767755250719853,0.001047689979440121,3.065953589361667,29
2025-07-09,0.40341678847659546,0.49552578626189253,0.5541871064288685,0.715899583362813,0.04239610509453602,0.9066889379335318,0.0005717168891574524,0.0010455827077256881,1.9153960821007592,29
2025-07-10,0.264281249718607,0.49552578626189253,0.6760004950757266,0.715899583362813,0.05971825520566651,0.9066889379335318,0.0007010082418815846,0.0013972540652420799,1.4946426742899805,29
2025-07-11,0.2446542562615891,0.49552578626189253,0.6696113961503399,0.715899583362813,0.08573434758807096,0.9066889379335318,0.0007571692010215235,0.0012962502924452318,2.4091409432501036,29
2025-07-12,0.2874781421744386,0.49552578626189253,0.6386084628478327,0.715899583362813,0.07391339497772875,0.9066889379335318,0.0007069477449895777,0.0012294739354345684,3.158507532570174,29
2025-07-13,0.3952812693074535,0.49552578626189253,0.5544052841048157,0.715899583362813,0.050313446587730806,0.9066889379335318,0.0005903682102909603,0.0010220308760096341,2.5291373783894895,29
2025-07-14,0.3447596375382012,0.49552578626189253,0.6029937067005025,0.715899583362813,0.052246655761296265,0.9066889379335318,0.0006303490087934835,0.0011775624871779892,2.900562560789787,29
2025-07-15,0.3778090990872934,0.49552578626189253,0.5754351160056345,0.715899583362813,0.046755784907072134,0.9066889379335318,0.0005974131317643546,0.0011028218411398326,2.1194546265252496,29
2025-07-16,0.30174129078578044,0.49552578626189253,0.6367270440071634,0.715899583362813,0.061531665207056316,0.9066889379335318,0.0006766411184120809,0.0012611879078176448,2.8322727469566016,29
2025-07-17,0.36141977999028607,0.49552578626189253,0.5874442264223458,0.715899583362813,0.05113599358736824,0.9066889379335318,0.000616410054352274,0.0011292971546395846,3.0310630128657596,29
2025-07-18,0.3938685605111897,0.49552578626189253,0.5612350834829964,0.715899583362813,0.04489635600581399,0.9066889379335318,0.0005827033490458162,0.0010613366582614674,2.5817145667959425,29
2025-07-19,0.36299107808254694,0.49552578626189253,0.5870611484066366,0.715899583362813,0.049947773510816404,0.9066889379335318,0.000613354576852441,0.0011316676089899351,3.281145206449314,29
2025-07-20,0.41620860237592927,0.49552578626189253,0.5416309230274124,0.715899583362813,0.04216047459665831,0.9066889379335318,0.0005619955460657703,0.0010045810064385717,3.2342062437433965,29
2025-07-21,0.4216326781850607,0.49552578626189253,0.5374712341103843,0.715899583362813,0.040896087704555065,0.9066889379335318,0.0005560037394451216,0.0009946353276926295,3.342624696796194,29
2025-07-22,0.42767157482889295,0.49552578626189253,0.5327267259139458,0.715899583362813,0.039601699257161255,0.9066889379335318,0.0005495143603067631,0.0009828382871694523,1.8855109660550662,29
2025-07-23,0.22760494804630385,0.4551205087145259,0.61793575184556,0.6226233511177609,0.154459300108136,0.43294707024084983,0.0008360151554879401,0.0009356012266019659,2.604397948755897,30
2025-07-24,0.2772072173357599,0.4551205087145259,0.5959041576746027,0.6226233511177609,0.12688862498963727,0.43294707024084983,0.0007448410463560699,0.0009040339348549159,3.2195334145879593,30
2025-07-25,0.3533403559409003,0.4551205087145259,0.5754344356814127,0.6226233511177609,0.07122520837768695,0.43294707024084983,0.0005737758676913104,0.0009058094594369102,3.0874177404138883,30
2025-07-26,0.35608379912954197,0.4551205087145259,0.5763380709491857,0.6226233511177609,0.06757812992127227,0.43294707024084983,0.0005637840579186989,0.0009120502856926522,3.249560988799548,30
2025-07-27,0.36571215574004634,0.4551205087145259,0.5735938249511806,0.6226233511177609,0.06069401930877294,0.43294707024084983,0.0005425125196483194,0.0009116896310299768,2.596328914616091,30
2025-07-28,0.29844654585919816,0.4551205087145259,0.5953910363167547,0.6226233511177609,0.10616241782404713,0.43294707024084983,0.0006849969984703974,0.0009240897493753698,2.6391192433790542,30
2025-07-29,0.2997438476216216,0.4551205087145259,0.5918247357579901,0.6226233511177609,0.10843141662038812,0.43294707024084983,0.0006895856755147935,0.0009120110043904044,3.273956743426047,30
2025-07-30,0.3610861115679498,0.4551205087145259,0.5736983233961177,0.6226233511177609,0.06521556503593254,0.43294707024084983,0.0005555637830236609,0.0009072940314619831,3.371356887359121,30
2025-07-31,0.37698408625962015,0.4551205087145259,0.5700135464343548,0.6226233511177609,0.05300236730602512,0.43294707024084983,0.0005184671358856194,0.0009098840089056193,2.268837688311153,30
2025-08-01,0.27607397220666724,0.4551205087145259,0.6023146306021916,0.6226233511177609,0.1216113971911411,0.43294707024084983,0.0007331480250212964,0.000926986504976065,1.9415420690487508,30
2025-08-02,0.21180810565739427,0.4551205087145259,0.613782627388402,0.6226233511177609,0.17440926695420367,0.43294707024084983,0.0008911002787106868,0.0009036181339734366,2.9424621138648694,30
2025-08-03,0.31440354693647826,0.4551205087145259,0.5849455771715445,0.6226233511177609,0.10065087589197719,0.43294707024084983,0.0006634971845204179,0.0009012971196959592,2.3769477308635434,30
2025-08-04,0.25473924681567073,0.4551205087145259,0.6061303926953081,0.6226233511177609,0.13913036048902108,0.43294707024084983,0.00078556430184662,0.0009192613673274058,2.858597247010684,30
2025-08-05,0.3067849551658342,0.4551205087145259,0.5889464852695455,0.6226233511177609,0.10426855956462018,0.43294707024084983,0.0006760622388286166,0.0009084677077196577,2.8547972732451807,30
2025-08-06,0.32566583082944855,0.4551205087145259,0.5842611934319277,0.6226233511177609,0.09007297573862376,0.43294707024084983,0.0006327261800663533,0.0009103801616103787,2.933208723599688,30
2025-08-07,0.3300422752550979,0.4551205087145259,0.5839645963422497,0.6226233511177609,0.0859931284026524,0.43294707024084983,0.0006208402189036064,0.0009137944157488904,2.079701538760972,30
2025-08-08,0.22434982493650357,0.4551205087145259,0.6158145242382513,0.6226233511177609,0.1598356508252451,0.43294707024084983,0.0008503174729897195,0.000924248321810095,2.991574775379194,30
2025-08-09,0.3224723660870334,0.4551205087145259,0.58329307271854,0.6226233511177609,0.09423456119442651,0.43294707024084983,0.0006441616786275765,0.0009034307834928593,3.300655888501078,30
2025-08-10,0.3667762347072736,0.4551205087145259,0.5723428422708248,0.6226233511177609,0.0608809230219015,0.43294707024084983,0.0005423717955906367,0.0009080831130117266,1.9600625730083077,30
2025-08-11,0.22452676214270342,0.4551205087145259,0.6178992211869653,0.6226233511177609,0.15757401667033116,0.43294707024084983,0.0008449470226152401,0.0009322772082164011,3.090098230869484,30
2025-08-12,0.3322932327991583,0.4551205087145259,0.5806952889295763,0.6226233511177609,0.08701147827126528,0.43294707024084983,0.0006219953223289789,0.0009038206231581784,2.623814723930874,30
2025-08-13,0.29373546606652046,0.4551205087145259,0.5952785553346684,0.6226233511177609,0.11098597859881107,0.43294707024084983,0.0006987987850048187,0.0009187895226486367,1.8747555972382774,30
2025-08-14,0.20850430545707935,0.4551205087145259,0.6163699937250096,0.6226233511177609,0.1751257008179112,0.43294707024084983,0.0008945613284393646,0.0009099355510691011,1.14695854368582,30
2025-08-15,0.15975453276118584,0.4551205087145259,0.6050779462826885,0.6226233511177609,0.2351675209561256,0.43294707024084983,0.0010609903066413845,0.0008169723942394228,2.6493203928819318,30
2025-08-16,0.26366925135026625,0.4551205087145259,0.5953783518283609,0.6226233511177609,0.14095239682137284,0.43294707024084983,0.0007849740912770132,0.0008880405807349622,3.1979522058346035,30
2025-08-17,0.347904944236147,0.4551205087145259,0.5766542018691446,0.6226233511177609,0.07544085389470837,0.43294707024084983,0.000586552320259015,0.0009047732941500094,3.3372508150307745,30
2025-08-18,0.37206622658482896,0.4551205087145259,0.5712947799687099,0.6226233511177609,0.056638993446461096,0.43294707024084983,0.0005296128396244406,0.0009096149444182138,2.767658194273342,30
2025-08-19,0.33106517425931486,0.4551205087145259,0.5848365999825726,0.6226233511177609,0.08409822575811238,0.43294707024084983,0.00061586684869858,0.0009181350907902509,1.524099125160614,30
2025-08-20,0.2062923835904068,0.4551205087145259,0.6159510471702011,0.6226233511177609,0.17775656923939206,0.43294707024084983,0.0009018952507004266,0.0009060690729520669,2.5631675829361953,30
2025-08-21,0.25299985397454755,0.4551205087145259,0.6023300992447446,0.6226233511177609,0.14467004678070777,0.43294707024084983,0.0007994257828522667,0.0009031584100007602,2.2425274627952647,30
2025-08-22,0.2354835336862099,0.4551205087145259,0.606955896347833,0.6226233511177609,0.15756056996595724,0.43294707024084983,0.0008389789311988023,0.000902434635462824,1.4060430909574704,30
2025-08-23,0.18321616051312126,0.4551205087145259,0.6106628658088911,0.6226233511177609,0.2061209736779876,0.43294707024084983,0.000980545015055873,0.0008622786034112896,2.490433470836294,30
2025-08-24,0.24831928366000747,0.4551205087145259,0.6004764758934968,0.6226233511177609,0.1512042404464956,0.43294707024084983,0.0008171999228890702,0.0008913370072844522,2.3474587217869503,30
2025-08-25,0.24768790885865327,0.4551205087145259,0.6034433667681774,0.6226233511177609,0.14886872437316928,0.43294707024084983,0.0008120957520992312,0.0009018492513470964,1.6014722008710442,30
2025-08-26,0.18886827582811622,0.4551205087145259,0.6119135577263646,0.6226233511177609,0.19921816644551926,0.43294707024084983,0.0009613853852314176,0.000872836626740012,2.3615796851325976,30
2025-08-27,0.21886875619320256,0.4551205087145259,0.6097122995149474,0.6226233511177609,0.17141894429184984,0.43294707024084983,0.0008803005115320282,0.0008956087054445815,2.992497666670474,30
2025-08-28,0.32133336763399906,0.4551205087145259,0.583109636583715,0.6226233511177609,0.09555699578228591,0.43294707024084983,0.0006478628468852969,0.0009015613343557893,2.6887038335759663,30
2025-08-29,0.2996220454447762,0.4551205087145259,0.5930088188586282,0.6226233511177609,0.10736913569659559,0.43294707024084983,0.0006871743315403025,0.0009163411912601217,1.2412509425536502,30
2025-08-30,0.18994634656846607,0.4551205087145259,0.6122595648186191,0.6226233511177609,0.19779408861291475,0.43294707024084983,0.0009574803391139174,0.0008752548365558567,3.035232724366323,30
2025-08-31,0.31686241719446945,0.4551205087145259,0.583759803386406,0.6226233511177609,0.09937777941912443,0.43294707024084983,0.0006591958088177853,0.0008993799011960816,3.232362185177366,30
2025-09-01,0.36118418094419497,0.4551205087145259,0.5738530539748782,0.6226233511177609,0.06496276508092695,0.43294707024084983,0.0005549210990341535,0.0009079778786848944,3.1114293748513933,30
2025-09-02,0.3543387168918458,0.4551205087145259,0.57732394789519,0.6226233511177609,0.06833733521296412,0.43294707024084983,0.0005665001750680052,0.0009139541087302219,2.1121696932816896,30
2025-09-03,0.23320912731251844,0.4551205087145259,0.6149453534068158,0.6226233511177609,0.1518455192806655,0.43294707024084983,0.0008268831460542417,0.0009301483559063131,2.983206168131526,30
2025-09-04,0.3181403285302228,0.4551205087145259,0.585199483034697,0.6226233511177609,0.09666018843508016,0.43294707024084983,0.0006521658406316622,0.0009061210037223372,2.9961333957963294,30
2025-09-05,0.3417715643125751,0.4551205087145259,0.579768982085921,0.6226233511177609,0.07845945360150394,0.43294707024084983,0.0005969154299505468,0.0009101464453815853,3.335698623873167,30
2025-09-06,0.37202580325166623,0.4551205087145259,0.5711921338996125,0.6226233511177609,0.05678206284872135,0.43294707024084983,0.0005299683906632724,0.0009091867914954049,3.3019588848979113,30
2025-09-07,0.374592349901092,0.4551205087145259,0.5710063694794094,0.6226233511177609,0.054401280619498456,0.43294707024084983,0.0005230255083942724,0.0009111445575770488,2.8401116076182387,30
2025-09-08,0.32951527423269694,0.4551205087145259,0.5857795758696948,0.6226233511177609,0.08470514989760829,0.43294707024084983,0.0006181220483420153,0.0009200795089175594,3.0046667656072126,30
2025-09-09,0.33843895470924823,0.4551205087145259,0.5816035820489758,0.6226233511177609,0.07995746324177602,0.43294707024084983,0.0006022147231903347,0.0009136010156951024,3.1825666418585232,30
2025-09-10,0.36101312610846,0.4551205087145259,0.5745321619298126,0.6226233511177609,0.06445471196172739,0.43294707024084983,0.000553828979568025,0.0009103566139553895,2.0090727548965135,30
2025-09-11,0.22623642357435475,0.4551205087145259,0.6171693048618998,0.6226233511177609,0.15659427156374514,0.43294707024084983,0.0008417358168079073,0.0009313000209828493,2.5142477174216893,30
2025-09-12,0.25109891804459594,0.4551205087145259,0.6040617861270086,0.6226233511177609,0.14483929582839555,0.43294707024084983,0.0008008505889994111,0.0009077077362821044,2.986102564288501,30
2025-09-13,0.32192955864487305,0.4551205087145259,0.5842544596408799,0.6226233511177609,0.09381598171424708,0.43294707024084983,0.0006434796868984918,0.0009064870327690254,3.306083432491536,30
2025-09-14,0.3669886753345454,0.4551205087145259,0.572302887364135,0.6226233511177609,0.06070843730131965,0.43294707024084983,0.0005418544320895034,0.0009081526617948945,3.25983739281535,30
2025-09-15,0.3710742571302814,0.4551205087145259,0.5719981752956697,0.6226233511177609,0.056927567574048835,0.43294707024084983,0.0005308233329565296,0.0009112352745605511,3.386626028541634,30
2025-09-16,0.37889394464445136,0.4551205087145259,0.5696634000025179,0.6226233511177609,0.05144265535303076,0.43294707024084983,0.0005137948851497923,0.0009105433228827665,2.6339763826998244,30
2025-09-17,0.3064282068886724,0.4551205087145259,0.593400649191901,0.6226233511177609,0.10017114391942666,0.43294707024084983,0.0006666998893342605,0.0009248615715186708,3.277620028742023,30
2025-09-18,0.36257766330136426,0.4551205087145259,0.5735062875724338,0.6226233511177609,0.06391604912620213,0.43294707024084983,0.0005517249994614274,0.0009081153612443479,3.2670194485588544,30
2025-09-19,0.36807271952494597,0.4551205087145259,0.572951649857597,0.6226233511177609,0.05897563061745706,0.43294707024084983,0.0005372259996964283,0.0009117164700707575,2.6618930089921093,30
2025-09-20,0.31929511449344994,0.4551205087145259,0.5884197871665442,0.6226233511177609,0.09228509834000578,0.43294707024084983,0.0006413370219142385,0.0009194359965884263,3.2938541270451127,30
2025-09-21,0.36470521821953633,0.4551205087145259,0.5731232580410904,0.6226233511177609,0.06217152373937311,0.43294707024084983,0.0005465037904643818,0.00090887627953971,3.3130022802426446,30
2025-09-22,0.3742021788624697,0.4551205087145259,0.5709668351969187,0.6226233511177609,0.054830985940611685,0.43294707024084983,0.0005242390333585736,0.0009105918661999703,1.8178308411608914,30
2025-09-23,0.2276275181571234,0.4551205087145259,0.6163035948477522,0.6226233511177609,0.15606888699512436,0.43294707024084983,0.0008397568638208985,0.0009294819963568001,2.9976159056989014,30
2025-09-24,0.32380857954494735,0.4551205087145259,0.5830631836850397,0.6226233511177609,0.09312823677001288,0.43294707024084983,0.0006408576066152628,0.0009039488472972823,2.6649916506609106,30
2025-09-25,0.29711200316041203,0.4551205087145259,0.5939106931915789,0.6226233511177609,0.10897730364800907,0.43294707024084983,0.000692284796923768,0.0009171369858056421,1.1846847060811116,30
2025-09-26,0.187335075196139,0.4551205087145259,0.6116407619782988,0.6226233511177609,0.20102416282556218,0.43294707024084983,0.0009664276856400394,0.000870222796416355,2.959886527518501,30
2025-09-27,0.3062909281030247,0.4551205087145259,0.5865849498976479,0.6226233511177609,0.10712412199932736,0.43294707024084983,0.0006829891808791789,0.0008990686934696793,3.287345415132444,30
2025-09-28,0.362802521745647,0.4551205087145259,0.5732024722633244,0.6226233511177609,0.06399500599102835,0.43294707024084983,0.0005517872832261798,0.0009072047308536267,1.9621479003439513,30
2025-09-29,0.22373194159045892,0.4551205087145259,0.6177967047567444,0.6226233511177609,0.15847135365279638,0.43294707024084983,0.0008474704152206528,0.0009310685917173105,2.2343852935832027,30
2025-09-30,0.21453464153077342,0.4551205087145259,0.613284179804232,0.6226233511177609,0.17218117866499452,0.43294707024084983,0.0008844268068550872,0.0009045647430738161,3.0849625596924435,30
2025-10-01,0.32966559892630076,0.4551205087145259,0.5809000043533022,0.6226233511177609,0.08943439672039674,0.43294707024084983,0.0006290695419700427,0.0009018709414018858,1.3148884204666254,30
2025-10-02,0.20186755081671512,0.4551205087145259,0.6151023053576133,0.6226233511177609,0.18303014382567137,0.43294707024084983,0.0009165911468768781,0.0008982942639569631,2.2843031829549316,30
2025-10-03,0.21359037572925293,0.4551205087145259,0.6119101020153346,0.6226233511177609,0.17449952225541235,0.43294707024084983,0.0008903449036290669,0.000898415921639927,2.427732220011867,30
2025-10-04,0.2347121137375424,0.4551205087145259,0.6072698114843373,0.6226233511177609,0.15801807477812024,0.43294707024084983,0.0008404638793462823,0.0009028174762958886,3.1607164156549326,30
2025-10-05,0.3397890291804858,0.4551205087145259,0.5785412916340191,0.6226233511177609,0.08166967918549493,0.43294707024084983,0.0006054761257949861,0.0009034737344945148,2.841438407796371,30
2025-10-06,0.3224881263033116,0.4551205087145259,0.5866643196656006,0.6226233511177609,0.09084755403108763,0.43294707024084983,0.0006362544204531773,0.0009161347283984547,2.7335269680841896,30
2025-10-07,0.3056627021355122,0.4551205087145259,0.5914605375062328,0.6226233511177609,0.10287676035825488,0.43294707024084983,0.0006734245459255825,0.0009167675445545699,1.7295244568022683,30
2025-10-08,0.20674555780344617,0.4551205087145259,0.6153156732989092,0.6226233511177609,0.1779387688976444,0.43294707024084983,0.000902074570903186,0.0009041469799343908,2.431177882376178,30
2025-10-09,0.23348380055565776,0.4551205087145259,0.6074575088675174,0.6226233511177609,0.1590586905768247,0.43294707024084983,0.000843556244439014,0.0009022523232304339,2.4069823304370908,30
2025-10-10,0.25173492370457723,0.4551205087145259,0.6020956334300954,0.6226233511177609,0.1461694428653274,0.43294707024084983,0.0008036078692033452,0.0009009665470125478,-0.34442859358330624,30
2025-10-11,0.06130054588439154,0.4551205087145259,0.5816412946937651,0.6226233511177609,0.3570581594218434,0.43294707024084983,0.0013985252754234916,0.0006268494609239269,2.0182581221689446,30
2025-10-12,0.15948735496823885,0.4551205087145259,0.6047662967206631,0.6226233511177609,0.23574634831109814,0.43294707024084983,0.0010624846746205164,0.0008155229242062046,1.580370827677092,30
2025-10-13,0.1689176464386204,0.4551205087145259,0.6072589034337255,0.6226233511177609,0.22382345012765414,0.43294707024084983,0.0010295729274280299,0.0008346660378178504,3.0090439452058844,30
2025-10-14,0.3097609054810103,0.4551205087145259,0.5846837570361197,0.6226233511177609,0.10555533748286985,0.43294707024084983,0.0006774502966293218,0.0008955057049509415,2.1828281449541787,30
2025-10-15,0.24442784075306467,0.4551205087145259,0.6072227481139084,0.6226233511177609,0.1483494111330268,0.43294707024084983,0.0008126512794506136,0.000912698067875097,1.9898995422674879,30
2025-10-16,0.20714186147226665,0.4551205087145259,0.6126962998718997,0.6226233511177609,0.18016183865583366,0.43294707024084983,0.0009070439700555632,0.0008946992663421132,1.89965138583385,30
2025-10-17,0.1928556239094932,0.4551205087145259,0.6119519438176193,0.6226233511177609,0.1951924322728873,0.43294707024084983,0.000949836773627114,0.0008771087920607275,2.4351279971223914,30
2025-10-18,0.24353521762017688,0.4551205087145259,0.6022062624031816,0.6226233511177609,0.15425851997664142,0.43294707024084983,0.0008269151127684852,0.0008928945672867388,3.0401142347751704,30
2025-10-19,0.3269760452581609,0.4551205087145259,0.5823961690392482,0.6226233511177609,0.09062778570259093,0.43294707024084983,0.0006333100366560032,0.0009047175074182576,2.4193526669686283,30
2025-10-20,0.26419991176556595,0.4551205087145259,0.6040195523072815,0.6226233511177609,0.13178053592715253,0.43294707024084983,0.0007632975164391484,0.0009211109295020302,2.269158239057606,30
2025-10-21,0.22736916986337896,0.4551205087145259,0.6117915903179485,0.6226233511177609,0.16083923981867235,0.43294707024084983,0.0008510220069961559,0.0009122337028887443,2.2169162583843125,30
2025-10-22,0.2306216845712439,0.4738326171714982,0.6111178726007807,0.6308073650064122,0.15826044282797555,0.45088449441180006,0.0007974716971459561,0.0004134276704717095,2.8035596405618373,31
2025-10-23,0.3045985728583726,0.4738326171714982,0.5869222809070241,0.6308073650064122,0.10847914623460322,0.45088449441180006,0.0006467444072304604,0.0004693568701428012,2.0496433884123464,31
2025-10-24,0.21773014151127207,0.4738326171714982,0.6206576764924854,0.6308073650064122,0.1616121819962428,0.45088449441180006,0.0008114774225527972,0.00042680257341629594,2.816000237964553,31
2025-10-25,0.2948983027593818,0.4738326171714982,0.5912399203248921,0.6308073650064122,0.11386177691572598,0.45088449441180006,0.0006638715443561436,0.00046699616974892554,3.1073884491897896,31
2025-10-26,0.34888818775708197,0.4738326171714982,0.5737582408367021,0.6308073650064122,0.07735357140621582,0.45088449441180006,0.0005534565930089511,0.0005085822545139503,1.826142839968278,31
2025-10-27,0.216587454456636,0.4738326171714982,0.6236015174186905,0.6308073650064122,0.15981102812467357,0.45088449441180006,0.0008078861475272355,0.0004371015682586018,3.082520407497992,31
2025-10-28,0.3340518283168761,0.4738326171714982,0.5770806746973705,0.6308073650064122,0.08886749698575344,0.45088449441180006,0.000587211865338514,0.0004907196906509248,2.881629377198187,31
2025-10-29,0.3384827029750328,0.4738326171714982,0.5784318615424251,0.6308073650064122,0.08308543548254216,0.45088449441180006,0.0005717321188140653,0.0005062327278991207,1.7695604631106425,31
2025-10-30,0.21533962198891704,0.4738326171714982,0.6210873014885813,0.6308073650064122,0.16357307652250186,0.45088449441180006,0.0008171592903755498,0.00042346534002810836,2.1370738533796905,31
2025-10-31,0.2134158878553837,0.4738326171714982,0.6146021815983068,0.6308073650064122,0.1719819305463096,0.45088449441180006,0.0008374629862397995,0.00039111082451539353,2.4873479916245684,31
2025-11-01,0.24408502380344899,0.4738326171714982,0.6077030894938662,0.6308073650064122,0.14821188670268493,0.45088449441180006,0.000767763674631317,0.00042790058344705374,3.0952099042963477,31
2025-11-02,0.3380542029462001,0.4738326171714982,0.5762566877734583,0.6308073650064122,0.08568910928034165,0.45088449441180006,0.0005779392765384402,0.0004958524610612618,3.2560526857874836,31
2025-11-03,0.3714029055109941,0.4738326171714982,0.5663473441829279,0.6308073650064122,0.06224975030607803,0.45088449441180006,0.0005076887946471452,0.0005253999830583918,1.1128962218256904,31
2025-11-04,0.2045291738848301,0.4738326171714982,0.6204866221746991,0.6308073650064122,0.17498420394047098,0.45088449441180006,0.0008487112959089413,0.0003973261245006764,0.6159526762051006,31
2025-11-05,0.12139786970429252,0.4738326171714982,0.5914887275938894,0.6308073650064122,0.2871134027018181,0.45088449441180006,0.001147385622034019,9.043223331232128e-05,2.0810511718336566,31
2025-11-06,0.17981848265254138,0.4738326171714982,0.6114019529052064,0.6308073650064122,0.20877956444225243,0.45088449441180006,0.0009385822473312629,0.0003040822458787706,1.8908256731059894,31
2025-11-07,0.1849841026060323,0.4738326171714982,0.6128001769430675,0.6308073650064122,0.20221572045090025,0.45088449441180006,0.000920949840443377,0.00032139884473629814,2.1778046693219246,31
2025-11-08,0.20165469941112638,0.4738326171714982,0.6164749772525898,0.6308073650064122,0.18187032333628383,0.45088449441180006,0.0008659707791937001,0.00037364542550528685,2.702447838105405,31
2025-11-09,0.2833020379283135,0.4738326171714982,0.5927083275543769,0.6308073650064122,0.12398963451730988,0.45088449441180006,0.0006928531582823218,0.0004481333382284439,2.039547719707161,31
2025-11-10,0.21280130626063307,0.4738326171714982,0.6202667964719725,0.6308073650064122,0.1669318972673945,0.45088449441180006,0.0008261327403570882,0.00041437663296581506,2.53811861997949,31
2025-11-11,0.25167796563170314,0.4738326171714982,0.6057535787910964,0.6308073650064122,0.14256845557720035,0.45088449441180006,0.0007510635242107483,0.0004359600895895508,1.6386567404602164,31
2025-11-12,0.1917008643956239,0.4738326171714982,0.6157558598620944,0.6308073650064122,0.19254327574228175,0.45088449441180006,0.0008954025699972418,0.0003488563111723077,2.5634800580366233,31
2025-11-13,0.2605856165896671,0.4738326171714982,0.5991533449790399,0.6308073650064122,0.140261038431293,0.45088449441180006,0.0007414058599495655,0.0004266814064825559,2.321732068756318,31
2025-11-14,0.2471587306134801,0.4738326171714982,0.6067466157885151,0.6308073650064122,0.1460946535980048,0.45088449441180006,0.0007613885867574945,0.00043043655731244226,0.09495550602607206,31
2025-11-15,0.09513915075057965,0.4738326171714982,0.582322652064452,0.6308073650064122,0.32253819718496846,0.45088449441180006,0.0012417037994098055,-6.534691697369184e-06,2.572932652626562,31
2025-11-16,0.22109284362816298,0.4738326171714982,0.6036743147560648,0.6308073650064122,0.1752328416157723,0.45088449441180006,0.0008412039094369534,0.0003603568727748687,2.457144692455879,31
2025-11-17,0.2537858936341233,0.4738326171714982,0.602005745782572,0.6308073650064122,0.14420836058330475,0.45088449441180006,0.0007538127343485509,0.00042427002273854713,1.8892965869906453,31
2025-11-18,0.20214318147453955,0.4738326171714982,0.6170978532504755,0.6308073650064122,0.18075896527498514,0.45088449441180006,0.000863173344419649,0.00037741404661351867,2.721376149504377,31
2025-11-19,0.2768224600808395,0.4738326171714982,0.5962309385176302,0.6308073650064122,0.12694660140153038,0.45088449441180006,0.0007028229358124625,0.0004493297597127674,2.308608812488031,31
2025-11-20,0.250435907460258,0.4738326171714982,0.606848688063054,0.6308073650064122,0.14271540447668812,0.45088449441180006,0.0007520075604143308,0.00043801306527730234,0.5129007657360911,31
2025-11-21,0.13212828677537505,0.4738326171714982,0.5952343716039981,0.6308073650064122,0.2726373416206268,0.45088449441180006,0.0011088378350869279,0.00013005699754405184,2.0627374173503012,31
2025-11-22,0.18018416234285764,0.4738326171714982,0.6098866755253649,0.6308073650064122,0.2099291621317776,0.45088449441180006,0.000941050195386439,0.00029829678119545325,3.0554907316329363,31
2025-11-23,0.3223652151439517,0.4738326171714982,0.5786529797019331,0.6308073650064122,0.09898180515411525,0.45088449441180006,0.0006162071988334558,0.0004721114715763005,1.9239682490491257,31
2025-11-24,0.21423673540662935,0.4738326171714982,0.6219806490499069,0.6308073650064122,0.16378261554346382,0.45088449441180006,0.0008181796707100825,0.00042494491365095764,2.338526319728157,31
2025-11-25,0.224654765384915,0.4738326171714982,0.6146216028373784,0.6308073650064122,0.16072363177770682,0.45088449441180006,0.0008060543581738259,0.00041565794931970623,2.71632850400748,31
2025-11-26,0.2916101410262685,0.4738326171714982,0.591219169591322,0.6308073650064122,0.11717068938240943,0.45088449441180006,0.0006730963479487469,0.0004597489614116824,1.5194801169403747,31
2025-11-27,0.19859105484603995,0.4738326171714982,0.6184159763411177,0.6308073650064122,0.1829929688128425,0.45088449441180006,0.0008700504379883388,0.0003754075115230482,2.734194130529445,31
2025-11-28,0.2778542113422839,0.4738326171714982,0.5957711200525551,0.6308073650064122,0.1263746686051611,0.45088449441180006,0.0007010025866637207,0.0004495783288431443,3.1896897452031125,31
2025-11-29,0.3573929669339537,0.4738326171714982,0.5698132651348409,0.6308073650064122,0.07279376793120548,0.45088449441180006,0.0005388074519846387,0.0005099594413376622,3.36465651988072,31
2025-11-30,0.38487504404073947,0.4738326171714982,0.5615195677952012,0.6308073650064122,0.05360538816405931,0.45088449441180006,0.00048120867064075095,0.0005337548958791844,3.384485352585935,31
2025-12-01,0.3905706139044006,0.4738326171714982,0.5599965892423534,0.6308073650064122,0.04943279685324586,0.45088449441180006,0.00046882007674297943,0.0005395371303390113,0.35301757263451106,31
2025-12-02,0.1904923948734211,0.4738326171714982,0.6156073832334661,0.6308073650064122,0.19390022189311285,0.45088449441180006,0.0008991165666401139,0.00034558104268069163,0.3692462713434719,31
2025-12-03,0.10731658357120878,0.4738326171714982,0.5865734031574813,0.6308073650064122,0.3061100132713099,0.45088449441180006,0.0011979662548745474,3.8433543715303076e-05,2.177269148710362,31
2025-12-04,0.1811200690858863,0.4738326171714982,0.6112034361862502,0.6308073650064122,0.2076764947278636,0.45088449441180006,0.0009354075233138454,0.000306053073987719,2.4064303636466087,31
2025-12-05,0.2343538689001738,0.4738326171714982,0.6055871479665318,0.6308073650064122,0.16005898313329447,0.45088449441180006,0.000799793522317282,0.00039752923490212914,1.535680747683481,31
2025-12-06,0.18232208301912411,0.4738326171714982,0.6126817456475634,0.6308073650064122,0.2049961713333125,0.45088449441180006,0.0009286503037333077,0.00031509024738713104,3.0702093956403687,31
2025-12-07,0.32432337563824654,0.4738326171714982,0.5783164991661564,0.6308073650064122,0.09736012519559714,0.45088449441180006,0.0006115171433249185,0.00047491218431448145,2.7957261717456166,31
2025-12-08,0.31762334598280706,0.4738326171714982,0.586378401025751,0.6308073650064122,0.09599825299144207,0.45088449441180006,0.0006116451032336541,0.0004953445866105727,3.0476630851566178,31
2025-12-09,0.34644636131850526,0.4738326171714982,0.5755780820794277,0.6308073650064122,0.07797555660206715,0.45088449441180006,0.0005560793360865209,0.0005111715692351444,1.9505702801592757,31
2025-12-10,0.22099134229294304,0.4738326171714982,0.6229547907050741,0.6308073650064122,0.15605386700198287,0.45088449441180006,0.0007970852686524358,0.0004438781872565331,2.9204488333732836,31
2025-12-11,0.316756455833434,0.4738326171714982,0.5831781283976535,0.6308073650064122,0.10006541576891279,0.45088449441180006,0.0006214370448707617,0.00047955772703116983,3.1140764175424946,31
2025-12-12,0.3535913629212411,0.4738326171714982,0.5725919800201636,0.6308073650064122,0.0738166570585953,0.45088449441180006,0.0005430163573583446,0.0005137537795114842,1.7402135857542527,31
2025-12-13,0.21726458016707212,0.4738326171714982,0.6217937647691456,0.6308073650064122,0.16094165506378244,0.45088449441180006,0.0008101600850829064,0.00043072367499986334,3.1466280424944646,31
2025-12-14,0.34029896275009813,0.4738326171714982,0.574915831400046,0.6308073650064122,0.08478520584985597,0.45088449441180006,0.0005747630192018265,0.0004949146156640204,1.8054241297382425,31
2025-12-15,0.21693102121721772,0.4738326171714982,0.6205666804632716,0.6308073650064122,0.16250229831951069,0.45088449441180006,0.0008139171520864831,0.0004246679623660038,2.1382319204135225,31
2025-12-16,0.21391553895810173,0.4738326171714982,0.6145708209062937,0.6308073650064122,0.17151364013560466,0.45088449441180006,0.0008361408739649615,0.0003920621642513729,2.385484623309135,31
2025-12-17,0.22986683646989428,0.4738326171714982,0.6122118131142769,0.6308073650064122,0.1579213504158288,0.45088449441180006,0.0007970588524805802,0.0004165360412328366,2.152759072070012,31
2025-12-18,0.21799901626098947,0.4738326171714982,0.6137710316377253,0.6308073650064122,0.16822995210128522,0.45088449441180006,0.0008265872450822508,0.0003974765637779432,2.931965993992335,31
2025-12-19,0.31739137694548186,0.4738326171714982,0.5821366868933372,0.6308073650064122,0.1004719361611809,0.45088449441180006,0.0006220640588055392,0.0004764163433583604,1.6079424964323918,31
2025-12-20,0.20544575511809468,0.4738326171714982,0.6207523891464446,0.6308073650064122,0.17380185573546086,0.45088449441180006,0.000845541406350596,0.0004004754983394406,3.1099061583713334,31
2025-12-21,0.33285099971854704,0.4738326171714982,0.5770471913982653,0.6308073650064122,0.09010180888318763,0.45088449441180006,0.0005906405562994822,0.00048796051214961196,3.278708753490257,31
2025-12-22,0.3727847261188185,0.4738326171714982,0.5656109281463931,0.6308073650064122,0.06160434573478822,0.45088449441180006,0.0005055285822489073,0.0005252091546580191,3.3949977857682607,31
2025-12-23,0.38906598258238195,0.4738326171714982,0.5603122049731576,0.6308073650064122,0.05062181244446045,0.45088449441180006,0.00047229265872110286,0.0005376329549205579,2.6449510545066968,31
2025-12-24,0.3257454996741177,0.4738326171714982,0.5859228501440727,0.6308073650064122,0.08833165018180951,0.45088449441180006,0.0005900249024136152,0.0005110448066833538,3.2621611185160475,31
2025-12-25,0.37000193436831663,0.4738326171714982,0.5668428073636226,0.6308073650064122,0.06315525826806058,0.45088449441180006,0.000510457618505648,0.0005245025805623311,3.292705982815121,31
2025-12-26,0.38205068870628495,0.4738326171714982,0.562987582809165,0.6308073650064122,0.05496172848455018,0.45088449441180006,0.00048570965487589924,0.0005339834788136974,3.391707991614026,31
2025-12-27,0.3895985539224056,0.4738326171714982,0.5603828607562108,0.6308073650064122,0.05001858532138366,0.45088449441180006,0.00047064331941073167,0.0005390990448358317,3.2919136801965245,31
2025-12-28,0.3823266615558338,0.4738326171714982,0.5635563109095959,0.6308073650064122,0.05411702753457017,0.45088449441180006,0.0004836289401594939,0.0005370543636482927,3.4021126130806065,31
2025-12-29,0.3905467461147101,0.4738326171714982,0.5600321042223538,0.6308073650064122,0.049421149662936086,0.45088449441180006,0.00046880486632022966,0.0005396394339240114,3.1627475251706687,31
2025-12-30,0.37567708091783275,0.4738326171714982,0.5661280676072968,0.6308073650064122,0.0581948514748704,0.45088449441180006,0.0004962638952218087,0.000533750841508289,2.415475273249158,31
2025-12-31,0.2794365320251846,0.4738326171714982,0.6042157310258561,0.6308073650064122,0.1163477369489595,0.45088449441180006,0.0006771339723220259,0.0004897005119875036,2.790007254026178,31
2026-01-01,0.3152823877759926,0.4738326171714982,0.5856161880962879,0.6308073650064122,0.09910142412771965,0.45088449441180006,0.0006199347439732963,0.00048693863608765284,2.5387289593337186,31
2026-01-02,0.279860396196368,0.4738326171714982,0.6005130533982517,0.6308073650064122,0.11962655040538034,0.45088449441180006,0.0006844806057408564,0.00047454100382136996,2.4858036519478444,31
2026-01-03,0.2624242856277724,0.4738326171714982,0.6053751705140228,0.6308073650064122,0.13220054385820493,0.45088449441180006,0.000721943751948719,0.0004577071827127767,2.9493325701581017,31
2026-01-04,0.32346732266977507,0.4738326171714982,0.5824176273748588,0.6308073650064122,0.09411504995536607,0.45088449441180006,0.0006044588390958532,0.0004908615998603476,2.9294145524807353,31
2026-01-05,0.3340155508465156,0.4738326171714982,0.580405173217555,0.6308073650064122,0.08557927593592954,0.45088449441180006,0.0005796542115328563,0.0005050802561143902,1.7584078647213508,31
2026-01-06,0.2127166353461493,0.4738326171714982,0.6229149217341869,0.6308073650064122,0.16436844291966396,0.45088449441180006,0.0008202701325395185,0.0004256941248251197,3.0789253421624623,31
2026-01-07,0.33279475564530125,0.4738326171714982,0.5773038747348586,0.6308073650064122,0.08990136961984022,0.45088449441180006,0.0005902062149012679,0.0004889529608979139,1.7381531585360372,31
2026-01-08,0.21176095320421454,0.4738326171714982,0.6206817386695423,0.6308073650064122,0.1675573081262433,0.45088449441180006,0.0008280804293650531,0.00041391442674995496,3.133534384095963,31
2026-01-09,0.3378592459601268,0.4738326171714982,0.5754569614748677,0.6308073650064122,0.08668379256500555,0.45088449441180006,0.0005803257764643017,0.0004919546063291227,3.1600229390515113,31
2026-01-10,0.3660407120778432,0.4738326171714982,0.5681504146312717,0.6308073650064122,0.06580887329088489,0.45088449441180006,0.0005185013894449822,0.0005215599253574719,3.379489241789577,31
2026-01-11,0.38718956706745566,0.4738326171714982,0.5608881692558386,0.6308073650064122,0.05192226367670595,0.45088449441180006,0.00047620310049425763,0.0005360503365456793,3.3231442208945445,31
2026-01-12,0.3845877505345045,0.4738326171714982,0.5625499757225373,0.6308073650064122,0.052862273742958044,0.45088449441180006,0.0004796364056212779,0.0005376050100142204,3.2554849801558987,31
2026-01-13,0.37846043159615217,0.4738326171714982,0.5650033964931068,0.6308073650064122,0.05653617191074099,0.45088449441180006,0.0004910862678557776,0.0005349242766559334,0.7140312688854065,31
2026-01-14,0.2013842849320968,0.4738326171714982,0.6194093914705738,0.6308073650064122,0.1792063235973294,0.45088449441180006,0.0008599681597640474,0.000385802083029621,2.3020482178260315,31
2026-01-15,0.21690237506798266,0.4738326171714982,0.6154202921305097,0.6308073650064122,0.16767733280150776,0.45088449441180006,0.0008258494568593496,0.0004022529409312181,2.383386012562854,31
2026-01-16,0.24288165035181689,0.4738326171714982,0.606265631093658,0.6308073650064122,0.15085271855452517,0.45088449441180006,0.0007744326434690518,0.0004190378821728254,3.1906734997424038,31
2026-01-17,0.3499751368457383,0.4738326171714982,0.5716766250810048,0.6308073650064122,0.07834823807325692,0.45088449441180006,0.0005552185177473248,0.0005019069023699191,3.2872998274442935,31
2026-01-18,0.3783646020652623,0.4738326171714982,0.5637968255055583,0.6308073650064122,0.05783857242917949,0.45088449441180006,0.0004941337806797212,0.0005294751076828863,2.9935825998075707,31
2026-01-19,0.3589814303968634,0.4738326171714982,0.5723203780274952,0.6308073650064122,0.06869819157564117,0.45088449441180006,0.0005285975511047128,0.0005243062428524853,2.1185701887367117,31
2026-01-20,0.2517285493188177,0.4738326171714982,0.6122115014491594,0.6308073650064122,0.1360599492320229,0.45088449441180006,0.0007360474161121868,0.00046411933980256334,0.6213391815112663,31
2026-01-21,0.14276981634940494,0.5062232888277357,0.6275396423114831,0.6892458511157691,0.22969054133911207,0.5097585349743597,0.0010043437822143293,0.0006705610835720115,2.438229571694189,32
2026-01-22,0.19879347602581326,0.5062232888277357,0.6467547536197942,0.6892458511157691,0.1544517703543924,0.5097585349743597,0.0008008628590516448,0.0006697533198221032,3.113826786521639,32
2026-01-23,0.33333435358729535,0.5062232888277357,0.5896619255071186,0.6892458511157691,0.07700372090558613,0.5097585349743597,0.0005548667146398227,0.0005437587920280595,3.3470140176742733,32
2026-01-24,0.3886620410409568,0.5062232888277357,0.5638223571976365,0.6892458511157691,0.047515601761406644,0.5097585349743597,0.000459244865377278,0.0004891084631465524,3.3896957467448976,32
2026-01-25,0.40327884641858525,0.5062232888277357,0.5570309388186033,0.6892458511157691,0.03969021476281136,0.5097585349743597,0.0004338995631905224,0.0004747127072340321,1.3483392634151667,32
2026-01-26,0.19389347974582946,0.5062232888277357,0.6761382583813477,0.6892458511157691,0.12996826187282284,0.5097585349743597,0.0007456367052650547,0.0007071518069779186,2.1870884675835023,32
2026-01-27,0.1906502991805111,0.5062232888277357,0.666488710346166,0.6892458511157691,0.14286099047332293,0.5097585349743597,0.0007774849860327478,0.0006969399454430968,2.723830936763083,32
2026-01-28,0.2625672782317856,0.5062232888277357,0.6300621603725058,0.6892458511157691,0.10737056139570841,0.5097585349743597,0.000659886786280407,0.0006224915844013433,3.244014211568167,32
2026-01-29,0.3637717095250617,0.5062232888277357,0.5764089542623668,0.6892458511157691,0.059819336212571524,0.5097585349743597,0.0005000018402878739,0.0005148501912829689,-0.1488946506871487,32
2026-01-30,0.1420986239573186,0.5062232888277357,0.6268941115088127,0.6892458511157691,0.23100726453386866,0.5097585349743597,0.0010077578829274377,0.0006700716918779518,2.8798682832016,32
2026-01-31,0.284093535466783,0.5062232888277357,0.6068412315708605,0.6892458511157691,0.10906523296235651,0.5097585349743597,0.0006536377239628547,0.0005854062089789587,-0.5969301224390349,32
2026-02-01,0.0616168490854842,0.5062232888277357,0.5494883593955789,0.6892458511157691,0.38889479151893674,0.5097585349743597,0.0014171370309699065,0.0006113881633362787,2.0981586367500116,32
2026-02-02,0.14126487961825712,0.5062232888277357,0.6240542687196391,0.6892458511157691,0.23468085166210376,0.5097585349743597,0.0010167894428231162,0.0006670148683472651,2.1377312105690693,32
2026-02-03,0.16995853717728035,0.5062232888277357,0.6508153437973916,0.6892458511157691,0.17922611902532803,0.5097585349743597,0.0008727995368144623,0.0006869324764526086,1.2345434865730043,32
2026-02-04,0.1455538265685822,0.5062232888277357,0.6302154951892118,0.6892458511157691,0.22423067824220577,0.5097585349743597,0.0009901866102585738,0.000672588947559205,1.520970692663974,32
2026-02-05,0.1458766304774822,0.5062232888277357,0.6305066513280759,0.6892458511157691,0.22361671819444184,0.5097585349743597,0.0009885900107995062,0.0006728011171609666,-2.9302584848312323,32
2026-02-06,7.871076939909442e-06,0.5062232888277357,0.49023408357933246,0.6892458511157691,0.5097580453437276,0.5097585349743597,0.001730513027024195,0.000566465791367401,-0.6452690178642378,32
2026-02-07,0.0001020738645110595,0.5062232888277357,0.4903246859255786,0.6892458511157691,0.5095732402099102,0.5097585349743597,0.0017300338646759781,0.0005665344796138316,2.1749720398665926,32
2026-02-08,0.12457531743855697,0.5062232888277357,0.6100341882204064,0.6892458511157691,0.2653904943410366,0.5097585349743597,0.0010969075897378808,0.0006572868782434839,2.2781880386107374,32
2026-02-09,0.17372483976872774,0.5062232888277357,0.6476929883650795,0.6892458511157691,0.17858217186619277,0.5097585349743597,0.0008694964876501068,0.0006815739846416993,3.023236407132333,32
2026-02-10,0.31452909354150593,0.5062232888277357,0.5974567777096685,0.6892458511157691,0.08801412874882544,0.5097585349743597,0.0005896877220575044,0.0005611469345995619,1.9396400458498158,32
2026-02-11,0.19880719799445012,0.5062232888277357,0.6657449146888387,0.6892458511157691,0.1354478873167113,0.5097585349743597,0.0007561837662593049,0.0006925667754816145,1.9434629213717614,32
2026-02-12,0.18219693166162707,0.5062232888277357,0.6621927139409072,0.6892458511157691,0.15561035439746546,0.5097585349743597,0.0008114712112341747,0.0006953835684872044,2.6538139779460614,32
2026-02-13,0.2586891667414153,0.5062232888277357,0.628862578898187,0.6892458511157691,0.11244825436039782,0.5097585349743597,0.0006736654536007113,0.0006227043634425348,1.2412774115240113,32
2026-02-14,0.1686019138209639,0.5062232888277357,0.6523828167614809,0.6892458511157691,0.17901526941755516,0.5097585349743597,0.0008729483812434991,0.0006893946918776667,2.53667735270415,32
2026-02-15,0.22300651916099026,0.5062232888277357,0.6446730874686842,0.6892458511157691,0.13232039337032553,0.5097585349743597,0.0007373345132342525,0.0006569236245110564,2.3230564917598144,32
2026-02-16,0.2191306683124775,0.5062232888277357,0.6506341413441998,0.6892458511157691,0.13023519034332254,0.5097585349743597,0.0007342745567136838,0.0006657399344607555,3.154271478155745,32
2026-02-17,0.34165087507694486,0.5062232888277357,0.5874634927406621,0.6892458511157691,0.0708856321823931,0.5097585349743597,0.0005365320013124507,0.0005375695856486849,2.129005670201578,32
2026-02-18,0.2272273896697997,0.5062232888277357,0.6562850268044171,0.6892458511157691,0.11648758352578313,0.5097585349743597,0.0006981113334925531,0.0006690765288204316,2.363670986536091,32
2026-02-19,0.22695399861990526,0.5062232888277357,0.6501773742905068,0.6892458511157691,0.1228686270895877,0.5097585349743597,0.0007132409614737998,0.0006618539556841706,2.8767622901260976,32
2026-02-20,0.29971636416047015,0.5062232888277357,0.6116658287348478,0.6892458511157691,0.08861780710468198,0.5097585349743597,0.0005981493117846649,0.0005845395766612054,2.3982686697892004,32
2026-02-21,0.2398123210514916,0.5062232888277357,0.6485897704027782,0.6892458511157691,0.11159790854573019,0.5097585349743597,0.0006806375347193128,0.0006544613999367161,3.207201746839634,32
2026-02-22,0.3533928658901068,0.5062232888277357,0.5823722923582793,0.6892458511157691,0.06423484175161387,0.5097585349743597,0.0005153160593409358,0.0005264431544286511,3.1299592761917125,32
2026-02-23,0.3718654306539775,0.5062232888277357,0.5746052169845844,0.6892458511157691,0.053529352361438,0.5097585349743597,0.0004813687413061639,0.0005092303036436499,0.610004352724725,32
2026-02-24,0.17459528766180948,0.5062232888277357,0.6581483582032656,0.6892458511157691,0.16725635413492485,0.5097585349743597,0.0008424590970599142,0.0006937662625402006,2.8090600434099087,32
2026-02-25,0.2818073999212059,0.5062232888277357,0.6156448915003929,0.6892458511157691,0.10254770857840123,0.5097585349743597,0.0006394051397254439,0.0005969601968853465,-0.14935468548920938,32
2026-02-26,0.10741677840470851,0.5062232888277357,0.5935378101730676,0.6892458511157691,0.29904541142222374,0.5097585349743597,0.0011841716407413798,0.0006447833198138387,2.7303572506958456,32
2026-02-27,0.24748939132414324,0.5062232888277357,0.6148312501701647,0.6892458511157691,0.137679358505692,0.5097585349743597,0.0007382957999894842,0.0006106211405268468,1.8898924465094766,32
2026-02-28,0.1811162663555878,0.5062232888277357,0.6596784708189707,0.6892458511157691,0.15920526282544148,0.5097585349743597,0.0008204352747852306,0.0006928233243518648,2.3957496997445276,32
2026-03-01,0.20530287783676512,0.5062232888277357,0.6559754765156093,0.6892458511157691,0.1387216456476255,0.5097585349743597,0.0007607934718106971,0.0006780566533458125,2.2422838069812636,32
2026-03-02,0.20401854034082864,0.5062232888277357,0.6566797691594732,0.6892458511157691,0.1393016904996981,0.5097585349743597,0.0007627671764714853,0.0006794508038901966,0.8017092638963704,32
2026-03-03,0.1418602456701173,0.5062232888277357,0.6266648411372815,0.6892458511157691,0.23147491319260124,0.5097585349743597,0.0010089704366155244,0.000669897874110997,2.8285727318883365,32
2026-03-04,0.2756211679840669,0.5062232888277357,0.6107124783975053,0.6892458511157691,0.11366635361842786,0.5097585349743597,0.0006684803059712296,0.000593672010626019,-0.1538677787281688,32
2026-03-05,0.09796231498825807,0.5062232888277357,0.5844446974307813,0.6892458511157691,0.31759298758096055,0.5097585349743597,0.0012322627875908433,0.0006378895693235135,2.070085221312831,32
2026-03-06,0.15265980663954926,0.5062232888277357,0.6341821578533855,0.6892458511157691,0.21315803550706522,0.5097585349743597,0.000960782076619476,0.0006743243242964295,1.2506156935752433,32
2026-03-07,0.13547933559802527,0.5062232888277357,0.6205266276044444,0.6892458511157691,0.24399403679753015,0.5097585349743597,0.0010414306471825073,0.0006652437932768831,2.495756399749524,32
2026-03-08,0.21630589906072056,0.5062232888277357,0.6347154691493583,0.6892458511157691,0.1489786317899211,0.5097585349743597,0.000779676067397326,0.0006478163748992711,2.3310060182820216,32
2026-03-09,0.21758209605978768,0.5062232888277357,0.6480198757057227,0.6892458511157691,0.13439802823448968,0.5097585349743597,0.0007447958076260572,0.0006632590892136278,1.5587019388571104,32
2026-03-10,0.17159382967669892,0.5062232888277357,0.6552412749691405,0.6892458511157691,0.17316489535416046,0.5097585349743597,0.0008577743781927114,0.0006915532974960421,2.267513915716847,32
2026-03-11,0.18865661703595957,0.5062232888277357,0.659552731777695,0.6892458511157691,0.1517906511863455,0.5097585349743597,0.0007994233761451653,0.000689455829015746,2.965238903353125,32
2026-03-12,0.3044619460402774,0.5062232888277357,0.6062293284730842,0.6892458511157691,0.08930872548663853,0.5097585349743597,0.000597517130850945,0.0005759825991651587,3.2320033119993297,32
2026-03-13,0.3696668497806043,0.5062232888277357,0.5742198499956744,0.6892458511157691,0.056113300223721144,0.5097585349743597,0.0004884875447275549,0.0005097050557088413,3.1979625001968004,32
2026-03-14,0.37838288765363615,0.5062232888277357,0.5716033762569097,0.6892458511157691,0.05001373608945401,0.5097585349743597,0.00047000590813116164,0.000502843097993797,3.3496991561185796,32
2026-03-15,0.3960726833559889,0.5062232888277357,0.5613584006680132,0.6892458511157691,0.04256891597599793,0.5097585349743597,0.00044409350661826785,0.00048298660386404,1.947942944210435,32
2026-03-16,0.20861667706193718,0.5062232888277357,0.6742803414041452,0.6892458511157691,0.1171029815339176,0.5097585349743597,0.0007083996476587206,0.0006986389539367783,1.9344160286219427,32
2026-03-17,0.18455882656275024,0.5062232888277357,0.6669381583691861,0.6892458511157691,0.14850301506806368,0.5097585349743597,0.0007936416545924542,0.0007000783903620333,2.838776574918133,32
2026-03-18,0.2892650224940832,0.5062232888277357,0.6141711576290331,0.6892458511157691,0.09656381987688374,0.5097585349743597,0.0006217948305065003,0.0005920081874447787,1.059654850852402,32
2026-03-19,0.16738211033030276,0.5062232888277357,0.6512068642566617,0.6892458511157691,0.1814110254130355,0.5097585349743597,0.0008791596394357377,0.0006885019398960655,2.260510920734641,32
2026-03-20,0.19467641446336725,0.5062232888277357,0.652964758052526,0.6892458511157691,0.15235882748410673,0.5097585349743597,0.0007978990820790128,0.0006789716688863298,2.8575982886127753,32
2026-03-21,0.2879322489918195,0.5062232888277357,0.6148631677388858,0.6892458511157691,0.09720458326929468,0.5097585349743597,0.0006239345193653179,0.0005934082396249502,2.7118001263779328,32
2026-03-22,0.30053108502397674,0.5062232888277357,0.6124400007297877,0.6892458511157691,0.08702891424623559,0.5097585349743597,0.0005940273317831968,0.0005851223252426229,1.8505962965299365,32
2026-03-23,0.19218417107533947,0.5062232888277357,0.6682775669157419,0.6892458511157691,0.13953826200891853,0.5097585349743597,0.0007689454387637223,0.0006984352179311563,1.3350388186856055,32
2026-03-24,0.16360122193070833,0.5062232888277357,0.647573746275833,0.6892458511157691,0.18882503179345872,0.5097585349743597,0.0008983841143525085,0.000685749016392462,3.0512125917614776,32
2026-03-25,0.31525461895684836,0.5062232888277357,0.5963272418537736,0.6892458511157691,0.08841813918937785,0.5097585349743597,0.0005902923362955316,0.0005594801616099757,2.8508431853384013,32
2026-03-26,0.3200229190747751,0.5062232888277357,0.6028882371811312,0.6892458511157691,0.07708884374409365,0.5097585349743597,0.000561396469453074,0.0005653301461955513,1.1602732429252114,32
2026-03-27,0.1774701153107618,0.5062232888277357,0.660891469596452,0.6892458511157691,0.16163841509278615,0.5097585349743597,0.0008278870925314865,0.0006958362079816825,1.3378285489858057,32
2026-03-28,0.1556103816298444,0.5062232888277357,0.6398826407216056,0.6892458511157691,0.20450697764854986,0.5097585349743597,0.0009390442109183254,0.0006799156505056535,3.0168465784029665,32
2026-03-29,0.30654657003146224,0.5062232888277357,0.5993417366746051,0.6892458511157691,0.09411169329393279,0.5097585349743597,0.0006078150980340943,0.0005668169890303078,3.146263148306295,32
2026-03-30,0.3636186379599348,0.5062232888277357,0.5769138334167434,0.6892458511157691,0.059467528623321594,0.5097585349743597,0.000499247790056736,0.0005155221675321229,2.805083467552941,32
2026-03-31,0.32590253666455987,0.5062232888277357,0.6027710007380817,0.6892458511157691,0.07132646259735838,0.5097585349743597,0.0005450567994931001,0.0005626812681182912,1.975803085418129,32
2026-04-01,0.19793823336221367,0.5062232888277357,0.6727527626057825,0.6892458511157691,0.12930900403200365,0.5097585349743597,0.000742165608979833,0.0007013583398790843,3.135274821319506,32
2026-04-02,0.33459619260891665,0.5062232888277357,0.5919041571950783,0.6892458511157691,0.07349965019600513,0.5097585349743597,0.0005460307634494095,0.0005459148955174226,2.192509960003351,32
2026-04-03,0.2340717358471882,0.5062232888277357,0.6522427270112444,0.6892458511157691,0.1136855371415674,0.5097585349743597,0.0006882725798467645,0.0006612996300528198,3.2024937203019848,32
2026-04-04,0.3518071209965397,0.5062232888277357,0.5831435493503498,0.6892458511157691,0.06504932965311061,0.5097585349743597,0.0005179845549638152,0.0005280463398715685,3.147183014923719,32
2026-04-05,0.3688652646930782,0.5062232888277357,0.5765828976048377,0.6892458511157691,0.05455183770208404,0.5097585349743597,0.00048519891254624256,0.000512886507843558,1.8883485160924087,32
2026-04-06,0.19988601389027466,0.5062232888277357,0.6752829428632166,0.6892458511157691,0.12483104324650872,0.5097585349743597,0.0007307137576831623,0.0007035678591163886,3.1218160740857046,32
2026-04-07,0.3335201173913737,0.5062232888277357,0.592918732590457,0.6892458511157691,0.07356115001816937,0.5097585349743597,0.0005466870204073657,0.0005475930576711554,0.5805101682296732,32
2026-04-08,0.16385678804528025,0.5062232888277357,0.6478206682450008,0.6892458511157691,0.1883225437097188,0.5097585349743597,0.0008970814918706597,0.0006859367133809984,2.5139537138958414,32
2026-04-09,0.22948463954764375,0.5062232888277357,0.6378499066448526,0.6892458511157691,0.1326654538075035,0.5097585349743597,0.0007350672765711441,0.0006459613288110783,2.77194087663409,32
2026-04-10,0.2831167531884958,0.5062232888277357,0.6192287363243884,0.6892458511157691,0.09765451048711576,0.5097585349743597,0.0006272812116332921,0.0006007081667702402,2.3759318730978536,32
2026-04-11,0.23111299918202705,0.5062232888277357,0.6518960804114589,0.6892458511157691,0.11699092040651414,0.5097585349743597,0.0006974482829145835,0.0006621451611231343,3.1616593314509127,32
2026-04-12,0.3448603008690513,0.5062232888277357,0.5868669415602726,0.6892458511157691,0.06827275757067602,0.5097585349743597,0.0005288645120475122,0.0005354837381641699,1.2865464424283193,32
2026-04-13,0.18322272769988907,0.5062232888277357,0.6663332527975435,0.6892458511157691,0.1504440195025673,0.5097585349743597,0.0007988391681387824,0.0006999214371744288,0.39118985473636947,32
2026-04-14,0.11324206255965683,0.5062232888277357,0.5991404512940117,0.6892458511157691,0.2876174861463315,0.5097585349743597,0.0011545406579284308,0.0006490308433013677,2.802240765796529,32
2026-04-15,0.26214345751328366,0.5062232888277357,0.6101355545914948,0.6892458511157691,0.12772098789522146,0.5097585349743597,0.0007079226918090169,0.0005987277919165271,2.9203707091176887,32
2026-04-16,0.31739741975322,0.5062232888277357,0.6001826308581942,0.6892458511157691,0.0824199493885858,0.5097585349743597,0.0005751752031860695,0.00056319891511447,3.2006245178567325,32
2026-04-17,0.3683385069865176,0.5062232888277357,0.5755163184904764,0.6892458511157691,0.05614517452300591,0.5097585349743597,0.000489194284645784,0.0005118295584058419,1.7647694491274462,32
2026-04-18,0.19534287697564473,0.5062232888277357,0.6756892702887468,0.6892458511157691,0.12896785273560857,0.5097585349743597,0.0007425964935887618,0.0007059940325429707,2.3234714646445505,32
2026-04-19,0.21257517240598442,0.5062232888277357,0.6557786424291997,0.6892458511157691,0.13164618516481602,0.5097585349743597,0.0007407060713793432,0.0006747180691416459,1.919553950092515,32
2026-04-20,0.18239468425147326,0.5062232888277357,0.6623213000482725,0.6892458511157691,0.15528401570025419,0.5097585349743597,0.00081061013112803,0.0006954537294109568,2.031281635605516,32
2026-04-21,0.1798790453938141,0.5062232888277357,0.6617420260676821,0.6892458511157691,0.15837892853850383,0.5097585349743597,0.0008190805224948017,0.0006958307192205333,3.0288146704267924,32
2026-04-22,0.3598359091047522,0.5427965234497465,0.5953528313111631,0.7310306971057012,0.04481125958408472,0.7477108624968839,0.0005432619420147299,0.0005363368551686064,1.7159325673650485,33
2026-04-23,0.21862095372747695,0.5427965234497465,0.7058818793685258,0.7310306971057012,0.07549716690399731,0.7477108624968839,0.0006991889956116169,0.0006839246022639968,3.10521296305792,33
2026-04-24,0.3732361728715934,0.5427965234497465,0.5883210115556772,0.7310306971057012,0.038442815572729314,0.7477108624968839,0.0005199910542063029,0.0005356909780286396,2.874330765855952,33
2026-04-25,0.3857684221646502,0.5427965234497465,0.5834112430875869,0.7310306971057012,0.03082033474776303,0.7477108624968839,0.0004941425969000621,0.0005415279222128721,3.3037703158277796,33
2026-04-26,0.43200229516820055,0.5427965234497465,0.5481293350924149,0.7310306971057012,0.01986836973938455,0.7477108624968839,0.0004408641070262737,0.000496706734578783,2.7073055353788114,33
2026-04-27,0.3707033390644139,0.5427965234497465,0.6007481317050669,0.7310306971057012,0.028548529230519294,0.7477108624968839,0.0004971852141625137,0.000578705099122031,2.327139573835981,33
2026-04-28,0.30544981733376364,0.5427965234497465,0.6506709365427269,0.7310306971057012,0.043879246123509456,0.7477108624968839,0.0005720592634708564,0.0006424542975090046,2.651852073308019,33
2026-04-29,0.33504111818668025,0.5427965234497465,0.6232232156819768,0.7310306971057012,0.04173566613134301,0.7477108624968839,0.0005498952783211227,0.0005949606100608365,3.094451490232939,33
2026-04-30,0.4020326396137985,0.5427965234497465,0.5705365995583485,0.7310306971057012,0.027430760827853208,0.7477108624968839,0.0004765358037301265,0.0005239707611607641,3.110405029123913,33
2026-05-01,0.4144571469343543,0.5427965234497465,0.5630242492968879,0.7310306971057012,0.022518603768757924,0.7477108624968839,0.000457392171741332,0.0005195358240886816,1.8560832863358692,33
2026-05-02,0.23502156828276052,0.5427965234497465,0.7098042534871029,0.7310306971057012,0.05517417823013654,0.7477108624968839,0.0006399821753538342,0.0007315552922217047,2.9169160562541023,33
2026-05-03,0.3459333039513105,0.5427965234497465,0.6142561527702943,0.7310306971057012,0.03981054327839527,0.7477108624968839,0.0005389507641255635,0.0005818696189240041,3.2912456996476505,33
2026-05-04,0.42393935333169447,0.5427965234497465,0.5534340853451027,0.7310306971057012,0.02262656132320287,0.7477108624968839,0.0004522347695612266,0.0005012450489483416,2.4207085762843783,33
2026-05-05,0.32342270215483554,0.5427965234497465,0.6388377546024138,0.7310306971057012,0.03773954324275067,0.7477108624968839,0.0005467368870910717,0.0006323051854441898,2.5320839014194902,33
2026-05-06,0.30811690016549664,0.5427965234497465,0.647496852378248,0.7310306971057012,0.04438624745625551,0.7477108624968839,0.0005717786217118747,0.0006354674857876807,3.0983264619816957,33
2026-05-07,0.3916532410340046,0.5427965234497465,0.5790964792146607,0.7310306971057012,0.029250279751334776,0.7477108624968839,0.0004869298208974553,0.0005365033136957002,2.266155420274259,33
2026-05-08,0.3028178163662333,0.5427965234497465,0.6518319688164479,0.7310306971057012,0.04535021481731895,0.7477108624968839,0.0005771696792260805,0.0006417304420742911,3.200317170686703,33
2026-05-09,0.40379923237207593,0.5427965234497465,0.5692152828390886,0.7310306971057012,0.026985484788835487,0.7477108624968839,0.00047443435764006034,0.000522361733596439,3.152399279631405,33
2026-05-10,0.4195083100754274,0.5427965234497465,0.5589495204816602,0.7310306971057012,0.021542169442912405,0.7477108624968839,0.00045211078776667414,0.000513788370026279,2.0731680485251025,33
2026-05-11,0.2634035121966695,0.5427965234497465,0.688225434701615,0.7310306971057012,0.04837105310171532,0.7477108624968839,0.0006070905410911218,0.0007043495891902287,3.016258150692596,33
2026-05-12,0.37433247390191193,0.5427965234497465,0.5923303090247213,0.7310306971057012,0.033337217073366746,0.7477108624968839,0.0005068495601697973,0.0005533568252219708,2.4784739557936475,33
2026-05-13,0.3304830379789243,0.5427965234497465,0.6287242433334863,0.7310306971057012,0.04079271868758953,0.7477108624968839,0.0005501883148177274,0.0006071967298897077,2.4202435652143572,33
2026-05-14,0.30664324696237155,0.5427965234497465,0.6455886964446664,0.7310306971057012,0.047768056592961856,0.7477108624968839,0.0005809122810664047,0.0006251751022055666,2.009549041930906,33
2026-05-15,0.22715314795774663,0.5427965234497465,0.7040339041385353,0.7310306971057012,0.06881294790371802,0.7477108624968839,0.0006779242552576428,0.0006936752392809737,1.887535297950604,33
2026-05-16,0.2160861932548529,0.5427965234497465,0.6953646621702341,0.7310306971057012,0.08854914457491309,0.7477108624968839,0.0007326415111907111,0.0006382586959760663,2.6794847356785576,33
2026-05-17,0.3111249272562436,0.5427965234497465,0.6296755501253488,0.7310306971057012,0.059199522618407774,0.7477108624968839,0.0006063765460987808,0.000572546537488162,2.941814783303535,33
2026-05-18,0.3779819119103009,0.5427965234497465,0.585538255438848,0.7310306971057012,0.03647983265085114,0.7477108624968839,0.0005124663569314489,0.0005343320881223001,3.127570175579247,33
2026-05-19,0.41558553691355016,0.5427965234497465,0.5601556033312107,0.7310306971057012,0.0242588597552391,0.7477108624968839,0.0004610122619992867,0.0005106830468105716,3.3619932819382434,33
2026-05-20,0.44403755453719884,0.5427965234497465,0.5390492262080165,0.7310306971057012,0.01691321925478462,0.7477108624968839,0.0004267389810617558,0.00048544199354442694,3.059740529470092,33
2026-05-21,0.41816306866291725,0.5427965234497465,0.5618756623433487,0.7310306971057012,0.019961268993734106,0.7477108624968839,0.0004490052125684518,0.0005224340187955735,3.3399111338415564,33
2026-05-22,0.441232445913173,0.5427965234497465,0.5421550600736224,0.7310306971057012,0.016612494013204644,0.7477108624968839,0.00042760619008520536,0.000491891753463022,1.5895250089053308,33
2026-05-23,0.23175102900710204,0.5427965234497465,0.7129492500601563,0.7310306971057012,0.05529972093274161,0.7477108624968839,0.0006421574451489571,0.000737234910397262,2.547087497674157,33
