time,xi0,pstay0,xi1,pstay1,xi2,pstay2,h,m,logscore,window
2018-01-31,6.5117258588140235e-06,0.024282734300819453,0.34073594150010905,0.5020360488828077,0.6592575467740321,0.6592744804887632,0.0031896660707161437,0.00010421643020970647,2.2429288617548773,0
2018-02-01,0.09691414785263687,0.04851437299653389,0.5815334789920592,0.6631430414858822,0.32155237315530383,0.5362508145668611,0.0018028491892915063,0.0018971016174685815,-0.545889568550618,0
2018-02-02,3.4759477042546353e-06,0.0834841455394435,0.3558149653665282,0.04588772363892335,0.6441815586857675,0.6440547729555957,0.0031302338257517648,0.00020001868218736513,1.7681909829335658,0
2018-02-03,0.0036908478880088597,0.07650856218528816,0.23334401906547791,0.05387523007220035,0.7629651330465131,0.6486810206916017,0.0035960009271492786,-0.0005681456458897114,1.6406534362345186,0
2018-02-04,0.03356114108099129,0.02787098973327122,0.43167090715292966,0.5883365915353717,0.5347679517660789,0.62616702645242,0.002680350356980595,0.0007730318179640602,0.06197751114732852,0
2018-02-05,3.4524601363066427e-06,0.04055647406792491,0.2820219185677989,0.05573820189444979,0.7179746289720649,0.7178897419878487,0.0034209724554337844,-0.000268854421906964,-2.2913786703769583,0
2018-02-06,2.3608476986111534e-08,0.006870054507373163,0.17398627239865938,0.12271198079034261,0.8260137039928638,0.8260137039928328,0.0038458462868440047,-0.0009553105376831276,-0.1120731459390123,0
2018-02-07,7.158545148885282e-08,0.007779445657121431,0.14288287776374042,0.02529232666332377,0.8571170506508081,0.85711495593128,0.003967987839960991,-0.0011529380139455089,1.905093545854342,0
2018-02-08,0.01985731043167127,0.0019526765551931375,0.25950403509589404,0.5485851470530959,0.7206386544724346,0.8406737119527988,0.003420647498769608,-0.00035807258163253063,0.8207294564410856,0
2018-02-09,0.0002453277752910304,0.004547600924922145,0.14154868559384035,0.08541565227847685,0.8582059866308687,0.8570535915925412,0.00397212756370632,-0.001160750014378474,1.38195907716645,0
2018-02-10,0.00919677927435195,0.0014659257337492377,0.22014770494675373,0.7485436195111239,0.7706555157788942,0.8251348955106598,0.0036232349892092062,-0.0006370575266976216,1.9689530293611242,0
2018-02-11,0.014490405471734207,0.003563632263004306,0.21064936155956845,0.29255415568760146,0.7748602329686973,0.8362966839157776,0.0036368717586600565,-0.0006830488267078811,1.3082530034924562,0
2018-02-12,0.008398027909030263,0.001232014143480459,0.2342397399558479,0.8174703228153034,0.7573622321351219,0.8022755891168569,0.003571391563446633,-0.0005496850519728603,0.45365898505934565,0
2018-02-13,0.00011212117557591346,0.0027586186987290824,0.1677285452029295,0.4511076345246198,0.8321593336214945,0.8327739526696187,0.0038699245176866065,-0.000994767369898003,1.4875731374515944,0
2018-02-14,0.0028211893024863805,0.0037691149864052423,0.17037549599074941,0.257871721692916,0.8268033147067643,0.83748425798411,0.0038473983426615325,-0.0009705999766633231,0.3251382431262494,0
2018-02-15,2.2477328214800453e-05,0.0023437966555534743,0.16683594802410812,0.5276588316241507,0.8331415746476771,0.8332717705463448,0.003873831705154615,-0.0010006820148753502,1.1307143171794243,0
2018-02-16,0.0025078462096807903,0.008749729487627192,0.2473330333526161,0.4404880334763066,0.750159120437703,0.7596223775440476,0.0035462722145871203,-0.0004824701187403351,2.1453100413476687,0
2018-02-17,0.05285492768288274,0.015662671820143022,0.4373570122538412,0.5771298117839864,0.509788060063276,0.6872881139855678,0.0025713135957242516,0.0008614994329850909,0.30283227489532505,0
2018-02-18,0.001343573911680838,0.014216063138592727,0.2734035749934634,0.3872521960820712,0.7252528510948556,0.7289526862727974,0.0034488944174132052,-0.00031997906547855614,1.148257236203248,0
2018-02-19,0.0033214308210032743,0.01518527214595568,0.2885931732157776,0.42241624823968926,0.7080853959632192,0.7176711040274254,0.003380230828536083,-0.00021810062085840672,1.0391627493040236,0
2018-02-20,0.009323012628073831,0.009706219902118552,0.3109697774092415,0.6385070055062859,0.6797072099626847,0.7169575271066407,0.003265200211373433,-5.9641462290480236e-05,2.226470306852667,0
2018-02-21,0.026255451371315533,0.01771794763044243,0.2759103512874707,0.28245542127623247,0.6978341973412139,0.7275176971067533,0.0033273925943299214,-0.00023647223200492324,0.8823642397995948,0
2018-02-22,0.0003245449927173035,0.0186049473005966,0.25686544183223264,0.18521198013352938,0.74281001317505,0.7423342233919147,0.003518547813748399,-0.0004278249195838707,1.197113846598626,0
2018-02-23,0.0018866650251568565,0.023301749809006973,0.2843644166562509,0.23114984886440826,0.7137489183185922,0.7129389624089334,0.0034033107888329743,-0.00024886180641061945,1.9059835787010901,0
2018-02-24,0.02381582197102341,0.02164287166652247,0.3042208986458066,0.3149476682270094,0.67196327938317,0.7038952228384475,0.003226826865121422,-6.320811644216573e-05,1.2950547579189506,0
2018-02-25,0.01013922325849613,0.03414452762050099,0.3602359566134996,0.39038595567059137,0.6296248201280042,0.6443655542968257,0.0030673534306692295,0.00025560466756521967,2.212753730847443,0
2018-02-26,0.050265244245660395,0.0451419191066113,0.4036005532220099,0.4155023174259247,0.5461342025323297,0.6077705224237586,0.0027162672118862486,0.0006399894458419431,0.6543092590909599,0
2018-02-27,0.004834109104165569,0.033781973342090876,0.34899328521445483,0.3576728611902059,0.6461726056813797,0.6516618843637404,0.003135470913972738,0.0001697786386194815,1.8319181290873483,0
2018-02-28,0.06116118867769358,0.0375953281231587,0.4939330428667362,0.5923902531063957,0.44490576845557017,0.5909062552372462,0.002310345930074293,0.0012435100077118906,1.5685643689514996,0
2018-03-01,0.06710151345709614,0.04727939015983279,0.5059178703962185,0.5769648983741625,0.42698061614668553,0.5668467400187414,0.002236255206521964,0.0013357747675734623,0.8639933986111572,0
2018-03-02,0.011556851037131595,0.08497836924926933,0.36037106990491885,0.19673221191926188,0.6280720790579496,0.5745310368075991,0.003060463910150663,0.0002603087957123299,2.2993924815242934,0
2018-03-03,0.05921391876700837,0.06200242151277914,0.4307764991022901,0.43141667948788004,0.5100095821307016,0.5648151569292096,0.002568779872707082,0.0008369377516978991,1.6929723571844344,0
2018-03-04,0.0913349968455765,0.061012966909011535,0.5857905321606898,0.6656338280433154,0.3228744709937336,0.5037876733302681,0.0018110388055402945,0.0019090157761475104,2.8039983407932603,0
2018-03-05,0.12461202075867725,0.0981935725896696,0.5527207364558758,0.600103500195072,0.322667242785447,0.45736668389989865,0.0017926202193106061,0.0017891652514838885,2.765491253551169,0
2018-03-06,0.1267330808878366,0.1075546223817533,0.5539843185260058,0.5940731498988512,0.31928260058615776,0.44478500991196523,0.0017780838235994904,0.001802947766055522,0.030521039974943598,0
2018-03-07,0.003351659245761297,0.07874631516687502,0.49331216155007696,0.5382790949789897,0.5033361792041617,0.5078503041698306,0.0025723050740096218,0.00108274369685397,0.5216369020014611,0
2018-03-08,0.0020963361213196243,0.050969526895172715,0.4223541814577655,0.4843499488070302,0.5755494824209149,0.5788866179639764,0.002858309200175928,0.0006284790186103294,0.9438115840102443,0
2018-03-09,0.01638340132465212,0.02273305050878704,0.4865208759468656,0.7664457913068606,0.49709572272848224,0.537257119999355,0.0025406655153273395,0.0010749441219900973,2.398417864044237,0
2018-03-10,0.09555358695017388,0.05557044740687255,0.5320204716027358,0.5773425765604435,0.3724259414470903,0.545914921928681,0.002005153256254068,0.001578810495964502,0.7271019424980795,0
2018-03-11,0.034157742900366744,0.038392212647172484,0.4878156027958045,0.6737443471610229,0.47802665430382885,0.5621341601716113,0.002455763521585039,0.001131387559428127,0.3495833889432719,0
2018-03-12,0.0036618912597641954,0.046177746809817295,0.3972322237533915,0.4217346029848636,0.5991058849868443,0.6038260267373389,0.002950451987393904,0.00047310373470724936,1.4639463712056897,0
2018-03-13,0.03972493089587,0.030236757481060587,0.4570887171974275,0.6169988143721054,0.5031863519067024,0.6096334367808597,0.0025522578731850105,0.0009512544952309662,2.548120834481619,0
2018-03-14,0.07472761926949004,0.03911398542997653,0.4598262653273914,0.5309105906423994,0.46544611540311853,0.6009482151320545,0.0023843405365058285,0.0010636012129761731,-0.2258794261998477,0
2018-03-15,7.74575715551199e-06,0.025347204736308842,0.3034442903114613,0.27421539115992527,0.6965479639313832,0.6965509861688204,0.0033365961270935473,-0.00013272734164283448,2.2137420085265873,0
2018-03-16,0.022092959532239446,0.027325225536497112,0.2627820978670874,0.23094118187512414,0.7151249426006732,0.6980470486885698,0.0033977277186663436,-0.0003311794262517388,2.139772431429777,0
2018-03-17,0.05784586289757401,0.02326730668136048,0.458172038050224,0.579742374681183,0.4839820990522022,0.6475188376183598,0.0024666500329209445,0.001007294885995958,0.7624959183168859,0
2018-03-18,0.010265933892514453,0.027469494398814902,0.38431564146403024,0.5658651974305517,0.6054184246434552,0.6330232131020761,0.002971801022928948,0.00040894811243305,1.6755622810605677,0
2018-03-19,0.0017866872693079233,0.0996048213718116,0.2095692070900927,0.02443198306431607,0.7886441056405995,0.6458684811505645,0.003698015843640501,-0.0007243736927116824,1.5735570746055287,0
2018-03-20,0.0047072270719518425,0.05803704408595833,0.3026199226670324,0.12137613113502886,0.6926728502610158,0.6477861962765273,0.003318780334721742,-0.00012521688875420092,1.5862379421927932,0
2018-03-21,0.03506475425876048,0.03307697895553538,0.42651114355998854,0.5287382646073934,0.538424102181251,0.6207050436128979,0.002693985074072154,0.000744326125560336,2.4804358426381574,0
2018-03-22,0.07107681103138183,0.06029285376477011,0.44863130774673066,0.47341087409773114,0.4802918812218876,0.5596435191209997,0.0024449836734821086,0.0009825660278409473,2.0079352590056176,0
2018-03-23,0.10646184457635507,0.04583755162401307,0.5990499013615626,0.6833298876265941,0.29448825406208223,0.5349115880613996,0.001690490106526531,0.0020342993372938737,2.7519039141131634,0
2018-03-24,0.10523225854928642,0.05516403244629403,0.5220230900578606,0.5993581383134403,0.3727446513928528,0.5407848906022734,0.002001276880671225,0.0015415437793760414,2.056570591535026,0
2018-03-25,0.1507866406933552,0.17810466977077258,0.6419707774606251,0.6372764175041853,0.20724258184601968,0.34012155690977763,0.0013209218135577304,0.0024272548815103693,2.0408157823189215,0
2018-03-26,0.18847443761208907,0.15484433482028562,0.6696111060528891,0.674750995905597,0.14191445633502187,0.34562585390596456,0.0010416426174234212,0.0027051151320654325,1.4350938345745898,0
2018-03-27,0.163694887254784,0.1515338057347866,0.6376692202022132,0.6392548838012202,0.19863589254300296,0.36948759352428745,0.0012799712315310896,0.0024349397620893566,0.980844903805151,0
2018-03-28,0.14025503397295233,0.18881744364875053,0.663129452054066,0.6534632331762568,0.19661551397298171,0.32049487882471267,0.0012842332510723275,0.0025331254697217123,2.613447791478862,0
2018-03-29,0.2110658897359127,0.232136085255411,0.6364013006909814,0.6393115356731509,0.15253280957310583,0.2858734616633462,0.0010720195831096999,0.0025553879940983524,-1.3821023579947709,0
2018-03-30,1.2968082434265895e-05,0.1413208175202106,0.47814519071715583,0.11836115265575921,0.5218418412004099,0.5216756758836252,0.002647251621133144,0.0009773174564741464,1.4169926463659877,0
2018-03-31,0.019074797705041783,0.11919216132863476,0.39622225625884866,0.2342818822753932,0.5847029460361097,0.513336507680649,0.002885306535285596,0.0005084974717247982,2.2795632895753566,0
2018-04-01,0.11978650999703591,0.057965630087158763,0.6250896780867115,0.6992947983109061,0.2551238119162527,0.4933828784524347,0.0015272937397863198,0.0022358994027386067,2.165549373133559,0
2018-04-02,0.10916340321596656,0.0819948560705942,0.5261199372691846,0.5360266759430156,0.364716659514849,0.502527414537609,0.001967397505086023,0.0015782388140767353,1.8158724589668744,0
2018-04-03,0.07773917560281392,0.08081077729377315,0.4730834207035374,0.4700330920490178,0.44917740369364856,0.5200269103173918,0.0023183978481471886,0.0011560052659395689,1.0417233844760805,0
2018-04-04,0.016367129948034808,0.08708880484062347,0.36937018133023564,0.23157168554465085,0.6142626887217295,0.5618630774180805,0.0030034000271670163,0.0003305371357306822,0.4357142295046678,0
2018-04-05,0.00015245688745413379,0.03473895793499798,0.3698712055414134,0.45453908123803766,0.6299763375711324,0.6302685228574691,0.003074135484778661,0.0002897346565785381,2.290587481228698,0
2018-04-06,0.05596854612408595,0.03844221492701768,0.41561605140508107,0.43855623396310767,0.528415402470833,0.6219648164417318,0.0026432301441839516,0.000731806106007314,1.7392088215057049,0
2018-04-07,0.09886475530646409,0.012818253279597742,0.593203321039061,0.7798306204361392,0.3079319236544749,0.5853727201920423,0.0017478142959743588,0.0019765419916775353,1.5176051862748463,0
2018-04-08,0.08388659391585378,0.02934478889214753,0.5176541741471312,0.5849937604961359,0.3984592319370151,0.6212876186305833,0.002114433426436808,0.0014558792632585718,2.2888677221403553,0
2018-04-09,0.10227450921478488,0.09047087338835795,0.5236215159996969,0.530195739411278,0.37410397478551827,0.489356310872281,0.002008230427972945,0.0015436764473631018,1.254287161806177,0
2018-04-10,0.09585147798520563,0.05373247610592049,0.6209712266001164,0.7325115729837451,0.28317729541467823,0.4736908784999072,0.0016512128372989294,0.0021448020714496924,2.568434713876143,0
2018-04-11,0.1419880505927249,0.07209931540669322,0.6128120354525806,0.660932140527354,0.24519991395469448,0.4817238120089256,0.0014762299533025679,0.002218115241061894,2.325280234263957,0
2018-04-12,0.0791926770436736,0.10839084932025612,0.39724868512288103,0.37710586835974236,0.5235586378334454,0.4958524418864829,0.0026115746439235705,0.000678102504048074,-0.7761763557362963,0
2018-04-13,2.5019709042613686e-07,0.06326946729079082,0.32270320057505036,0.04680653118706493,0.6772965492278592,0.6772919937168759,0.0032607602927252816,-1.0378641611267711e-05,2.2360880747560548,0
2018-04-14,0.09627023901701987,0.017617507131908683,0.5854794411477628,0.7396594115630915,0.31825031983521734,0.6202162660107042,0.0017900980563618815,0.0019204270873887767,2.5718666317367687,0
2018-04-15,0.05385554008059,0.07969934340501972,0.319521716164096,0.2768805802906679,0.626622743755314,0.5635705560275615,0.0030318699584887506,0.00011550108801213496,1.5388447042272067,0
2018-04-16,0.03722765412783752,0.053097468755567506,0.44403415900180465,0.47900451733945576,0.5187381868703577,0.5748662217798521,0.002615054477964389,0.0008615328213676394,1.5037888014911374,0
2018-04-17,0.06454310212253478,0.03488685215288829,0.5303134261408853,0.682480749881257,0.40514347173657994,0.5703734362222526,0.0021511789749489954,0.0014838412271328634,2.0347939161988955,0
2018-04-18,0.13742498031039718,0.02620178164051819,0.6625034951088957,0.7578026736346437,0.20007152458070718,0.5460314746000936,0.0012994447323822415,0.002521471052473753,1.8023612816441985,0
2018-04-19,0.07318079938831737,0.05798711381056595,0.40908522861944796,0.406584964359676,0.5177339719922348,0.5786223707212248,0.0025918001283390967,0.0007370020567616675,2.3152746360334113,0
2018-04-20,0.10453571615934852,0.042813585838864784,0.5747501921084841,0.666537803428215,0.32071409173216725,0.5512099398843593,0.0017954976674797432,0.0018746765573509569,0.38768258803048294,0
2018-04-21,0.029131277251017867,0.03555249516084792,0.44082163649191874,0.5802198400195668,0.5300470862570634,0.6006012845512574,0.0026640772297850507,0.0008191575648055114,2.488858374423949,0
2018-04-22,0.11328738315614846,0.02216590036108954,0.5926791616576664,0.7479811346864895,0.2940334551861852,0.5850102940222983,0.0016850856029143625,0.00201233614840117,2.6436573920734423,0
2018-04-23,0.18521025209602732,0.1693427001154498,0.6411442677144681,0.6712825673216511,0.1736454801895046,0.33062917289001037,0.001169434683819785,0.002515385084880816,2.4989798382762354,0
2018-04-24,0.18963820488834301,0.1776154147734491,0.6329250309109975,0.6414588495083151,0.17743676420065926,0.3387027950651805,0.001182173207259519,0.0024751727567733444,-0.4819522964561018,0
2018-04-25,0.02549172152650953,0.09424653552351916,0.5491259456216819,0.6069663023615125,0.42538233285180865,0.46156320809893675,0.002252063280977788,0.0014974383242807312,0.15059082794135048,0
2018-04-26,0.001313217363651903,0.027435811817397706,0.4757539671704444,0.7608090357931832,0.5229328154659036,0.5260520170446662,0.0026508680230986088,0.0009656510980481966,1.4514500241421713,0
2018-04-27,0.0497575938506732,0.05844001594995055,0.4691235748553727,0.5035946130416852,0.48111883129395416,0.5571362437818284,0.0024596555466644783,0.0010549385251169634,1.6538244642074582,0
2018-04-28,0.044799641963178045,0.06336613468290257,0.41878058210212477,0.4050958512099891,0.5364197759346971,0.5673845109307739,0.002680841634486735,0.0007216150374797692,1.613533990455658,0
2018-04-29,0.06755212255540329,0.045438598287962144,0.5185198906638933,0.6085543158990359,0.41392798678070336,0.5632168376815683,0.0021843550694227473,0.0014170690198596235,2.6363423235650227,0
2018-04-30,0.07446715565482996,0.05828868376369212,0.4318899495578961,0.4542280159112958,0.49364289478727397,0.5681318606710659,0.0024959344307945858,0.0008853903173319563,2.0305225482528786,0
2018-05-01,0.10100181301981913,0.06310180715803235,0.5815572742003154,0.6418640545470472,0.3174409127798655,0.5086292818527491,0.0017843891688715113,0.0019083415170651416,2.147952672031837,0
2018-05-02,0.08774225242137115,0.040144009334619854,0.662989304200035,0.7284029686069773,0.24926844337859372,0.5275086291871152,0.0014937805233591116,0.0028740236719430583,2.5003670066610213,1
2018-05-03,0.08509407818548326,0.04510488670271626,0.6320949292155676,0.695896745306684,0.2828109925989491,0.5386464239933085,0.0016190331072498713,0.0026765865992370787,0.7898878993210016,1
2018-05-04,0.010074606735349854,0.08480978282315,0.299602279568307,0.25147187852733555,0.690323113696343,0.6560010743572047,0.0031595987297101833,0.00044250100151807634,2.193983396560804,1
2018-05-05,0.0413475248567634,0.09438216808525539,0.5326528990206462,0.5742961593664703,0.4259995761225903,0.49090874749618,0.0021714535982592753,0.0019583831841445687,2.4761625330284973,1
2018-05-06,0.10141606886536017,0.2525589178774352,0.6369774611576451,0.6233167569808554,0.2616064699769947,0.2571643935118836,0.0015315571319358446,0.0027451286169127677,2.03382517616637,1
2018-05-07,0.16653488109375408,0.22148540272574735,0.7493129104292385,0.732948971941371,0.08415220847700755,0.1730837080852938,0.0008392753059826363,0.003593314453763536,1.758809686123279,1
2018-05-08,0.23427554957689195,0.2858454210901287,0.6408180443699942,0.6981164281755385,0.1249064060531137,0.0,0.000951805554362466,0.003080835445817954,2.3302829594427967,1
2018-05-09,0.28788012588530026,0.3207797464259643,0.6279269020083903,0.7140434052943821,0.08419297210630933,0.0,0.0007711784965149431,0.0031269023571984596,2.961351369938689,1
2018-05-10,0.28085255124409675,0.300441609706862,0.6030988193467655,0.7179787380330966,0.1160486294091378,0.0,0.0008927809546966894,0.00295673013700901,1.558426463599741,1
2018-05-11,0.36008090456117287,0.22862651379190072,0.6173936394873047,0.715821661713373,0.022525455951522468,0.0,0.000502647338968753,0.003231224585374878,-1.7298455988506525,1
2018-05-12,0.060431738854005275,0.18241298237256426,0.653020559798118,0.6354906554479858,0.28654770134787677,0.32481738904285523,0.0016468097724364726,0.00274820120887314,2.654945920199043,1
2018-05-13,0.09433217604175215,0.21401171671843572,0.5534715791228261,0.554377882158134,0.3521962448354217,0.3309933698298744,0.001869476619666531,0.002211640224907903,2.13969651580873,1
2018-05-14,0.1443197198425663,0.20612570621404147,0.7475054461969014,0.7332805832078813,0.10817483396053237,0.20175098831404112,0.000940597736899807,0.0035299690978090287,2.943638217565775,1
2018-05-15,0.19094433245213396,0.19049916398308625,0.6348634269289581,0.7387819915139741,0.1741922406189078,0.19605829997732527,0.0011582705386521154,0.002942243867933543,1.9465427945159113,1
2018-05-16,0.17102528951238488,0.17609462112271287,0.7444103352141603,0.7415794242515578,0.08456437527345488,0.20701363092117794,0.0008382822600043012,0.0035735130142415016,2.110185142148716,1
2018-05-17,0.21263273709411187,0.14714936473418722,0.7347859962200134,0.7398652373219402,0.0525812666858746,0.19469042656177815,0.0006966340551226369,0.0036116320779863843,1.3404847069886514,1
2018-05-18,0.16662617426226395,0.18398253770378786,0.7384942528135665,0.7356168576810965,0.0948795729241694,0.22541069715014525,0.0008789056436805632,0.0035265671392719538,2.2883768656599175,1
2018-05-19,0.14806575481123374,0.19815424693582143,0.7134265339591369,0.7144199036307586,0.1385077112296295,0.2445931004249462,0.0010506478552647835,0.0033278341753518034,2.99410420856139,1
2018-05-20,0.16946387277677238,0.1784441691329342,0.615951332136381,0.7351611285298852,0.21458479508684664,0.23428925297583164,0.0013194996277834142,0.0027747550477440976,1.8173560811971665,1
2018-05-21,0.13019330105432594,0.1825207341829282,0.7272422591397891,0.7225803190319959,0.14256443980588496,0.2519540535410404,0.0010756968598069584,0.0033713840159938983,2.385370413245557,1
2018-05-22,0.29579345479815294,0.41853721088745666,0.6188101172925896,0.6921606226625557,0.08539642790925737,0.0,0.0007711574842703496,0.0030890537767859815,0.39504347333446765,1
2018-05-23,0.41904232341485115,0.26648468004724185,0.5258773431051839,0.7233389096060694,0.055080333479965035,0.0,0.0005895355623413323,0.0028032213063037405,-0.8408471877205481,1
2018-05-24,0.023403241521645943,0.29573589479292917,0.5177786818478503,0.3609484290482604,0.45881807663050367,0.32673350738837625,0.0023024692585434056,0.001824189102648868,2.4764685009366127,1
2018-05-25,0.10347816439561998,0.18801638770604043,0.6690507951476259,0.6795049801935678,0.2274710404567541,0.28859452680311276,0.001404420362857629,0.0029484867785182474,2.073775689056361,1
2018-05-26,0.17472453041528524,0.10307713841207575,0.7479060279248171,0.7533535676519565,0.07736944165989754,0.24966663263376923,0.0008095909098634292,0.0036038347736884638,2.4009413733423752,1
2018-05-27,0.16019123577130126,0.1514620028682171,0.6964454795322846,0.739254626773589,0.14336328469641413,0.26333640331947866,0.001061766589862137,0.003251199555673661,3.027170068393141,1
2018-05-28,0.17684441531561443,0.1425323222476995,0.598939775267042,0.7446478401690846,0.22421580941734348,0.2097405941396918,0.0013508401299768633,0.0026867911750936544,1.5170829101287913,1
2018-05-29,0.12812737658027606,0.1698668045273012,0.7430013143807095,0.7372026751018206,0.12887130903901445,0.24114635206566012,0.0010262297816937963,0.003464073567123677,1.2245688625671685,1
2018-05-30,0.13149532654285445,0.11408713788095508,0.7343888003752873,0.7446557564606332,0.13411587308185818,0.3139191581570436,0.001043730112550546,0.003418674229298527,2.5321945856006183,1
2018-05-31,0.14260211458629093,0.15138830463587316,0.6717166033516873,0.7259589525498459,0.18568128206202175,0.2872814581121474,0.0012280126497472446,0.003056844319252537,2.542108117347236,1
2018-06-01,0.17645548113375656,0.0953456369062548,0.7005107788199626,0.7557760937817352,0.1230337400462809,0.2613113211541445,0.0009774783377857808,0.003314547765773961,2.989881349955909,1
2018-06-02,0.18570899996134616,0.20633190995528422,0.6250357098799866,0.7315644519692467,0.18925529015866732,0.20676236938767406,0.001216830954566812,0.002869123760828451,2.4522041253309923,1
2018-06-03,0.2853670714989015,0.46241667960742905,0.5648585591044016,0.6469786210323571,0.14977436939669686,0.0,0.001014679664141165,0.0027306430110029876,2.9456107922034627,1
2018-06-04,0.3487356130856433,0.39104137904025216,0.5744602958990714,0.7007341986342182,0.07680409101528526,0.0,0.0007095149323205995,0.0029388531586354663,1.4429787817387185,1
2018-06-05,0.25402444683386266,0.43051787687654763,0.5891400399218905,0.655953496686334,0.15683551324424685,0.0,0.0010585005683293788,0.0028073441381974676,2.379501882238988,1
2018-06-06,0.3189915367257142,0.346379572454493,0.6222199990102951,0.7083416259491743,0.058788464263990654,0.0,0.0006597860075006134,0.0031646249949333605,3.2182506812532266,1
2018-06-07,0.31626252079080797,0.36130046656983456,0.5824527262306451,0.7069605411629645,0.10128475297854678,0.0,0.0008182510528182949,0.002912079663185316,3.29424228275656,1
2018-06-08,0.3586097202634601,0.3658382202016602,0.5596146924467401,0.6768321544413716,0.08177558728979978,0.0,0.0007222766328444824,0.002870149914925539,3.0799262725992267,1
2018-06-09,0.5203727317561999,0.5742835579165702,0.4652228488586989,0.5840775610384342,0.014404419385101319,0.0,0.0003820093694774249,0.002665712473302249,2.9109946377854694,1
2018-06-10,0.5349081380367117,0.6426362593184086,0.4450169156885099,0.6283276881636356,0.02007494627477843,0.0,0.00039466153610774645,0.002574775764172655,-3.5634791009988986,1
2018-06-11,0.00011868702545750512,0.17496973167835153,0.5263818930002174,0.34528617562098946,0.4734994199743251,0.4730511651806735,0.002369832061724054,0.0018227694273914119,2.350016496066289,1
2018-06-12,0.1239325369612387,0.048334538886938304,0.729002896819647,0.7743376821601642,0.1470645662191143,0.3959488947195887,0.0010958534003615006,0.003367582005689054,0.6437100657897856,1
2018-06-13,0.064148031355832,0.06727108948338016,0.6157799200763123,0.6757085087939572,0.32007204856785576,0.488787597906293,0.0017683258701055543,0.002526427066599516,1.525658115978125,1
2018-06-14,0.03300559055144985,0.0933192304162496,0.4604365042749362,0.46382801183577,0.506557905173614,0.545246926823918,0.0024724132796851567,0.0014918169247773376,1.3037653454860494,1
2018-06-15,0.03613120330309652,0.045539928580459375,0.5346819892782116,0.6747484771192586,0.42918680741869175,0.5528639340010544,0.0021861702453682737,0.001958694957231306,1.5328131102006786,1
2018-06-16,0.04546093338797724,0.04105304057800961,0.5478036205985944,0.6666392362624906,0.40673544601342837,0.574151448519886,0.0020982071889918273,0.0020618156972944434,2.388062220302796,1
2018-06-17,0.0815254169183332,0.03165671883627248,0.641627488549852,0.7273877215036814,0.2768470945318149,0.5654472276802864,0.0015990605751758774,0.002727209279255669,2.5960216126642863,1
2018-06-18,0.05368499061094038,0.05452961537898244,0.4665272323434022,0.5456626223893444,0.47978777704565734,0.5960145641214357,0.002362138496570576,0.0015780676198224623,1.6884889074908083,1
2018-06-19,0.04093975697585274,0.03875560542396351,0.5107394625141917,0.6120657237739192,0.4483207805099554,0.6139547625723707,0.0022537944026840228,0.001821793443256052,2.5579829985822,1
2018-06-20,0.07441668315906337,0.02409308070524538,0.5790075954443676,0.7444967669050027,0.346575721396569,0.5881979797861331,0.0018601438775860731,0.002322935575859598,2.7243562718798957,1
2018-06-21,0.15211372430714112,0.15262241174304192,0.6603372843929834,0.7452740602208626,0.18754899129987546,0.24011384020544052,0.0012295358173311907,0.0030087444139561925,2.8347225333911896,1
2018-06-22,0.1629912699930195,0.1737867181649886,0.6277170771567169,0.7360851948808097,0.2092916528502637,0.2384396660745864,0.001303637375556229,0.0028323818901006396,-0.9684409578072539,1
2018-06-23,0.00016980640563295406,0.07334826567578671,0.48390651373237,0.6091392735722027,0.515923679861997,0.5163545892368667,0.0025257527284118456,0.0015599897497316107,2.2635018138905023,1
2018-06-24,0.08316030776602108,0.055900293390712515,0.6657416379125387,0.7284212220453344,0.25109805432144,0.4727559939063927,0.0015031269625406694,0.00288030136134783,2.7033560862555346,1
2018-06-25,0.08240816367554099,0.12847526722358263,0.5190652083673303,0.5670040884990643,0.39852662795712873,0.43605216664474455,0.002046837353577577,0.0019706874064252663,2.3501863540407135,1
2018-06-26,0.08754293058165363,0.11674728821791057,0.6422616418998556,0.6750709205775333,0.2701954275184909,0.38930288462408996,0.0015711100104526389,0.002745262636613705,1.9278978351132292,1
2018-06-27,0.09009444508232974,0.1056913075826285,0.6691767145073643,0.6894280828489122,0.2407288404103059,0.396811578533909,0.001460930592693285,0.0029178430291834138,2.746623846582054,1
2018-06-28,0.0875914691069791,0.138576111211644,0.5327541678314374,0.5767349511923477,0.3796543630615837,0.41574072031875675,0.0019744183885318893,0.0020675843701162167,1.037423966854017,1
2018-06-29,0.015106993552236193,0.1739221802404419,0.4792990368200719,0.3725151643077121,0.5055939696276918,0.4618370155536517,0.0024791902121698794,0.0015665424015187351,0.9702016997570738,1
2018-06-30,0.013781451085662592,0.09172154908423215,0.4640845111384736,0.4798590817449059,0.5221340377758638,0.541125808052983,0.0025407196748999704,0.001469260499386638,2.123745293267443,1
2018-07-01,0.05231259386729427,0.06395471335742264,0.5599306730350043,0.6127824097585008,0.3877567330977014,0.5371414598135396,0.0020244248927802637,0.0021529623654762413,2.6093075016667244,1
2018-07-02,0.07528218233879186,0.04977228916027003,0.5656361541536229,0.6971267093872218,0.3590816635075854,0.521971349048007,0.001905712855970993,0.002242205635302224,1.7086148863839905,1
2018-07-03,0.11104683535637667,0.18348820096610488,0.7371450810418648,0.7274805127348171,0.15180808360175863,0.24323617385030924,0.001120634912079093,0.003387723890943885,2.2347178647666746,1
2018-07-04,0.30473945631512,0.03922741123442259,0.650554125722171,0.6491513666928687,0.04470641796270915,0.17261766494344524,0.0006157810697191399,0.003306536050085496,2.7121201051412003,1
2018-07-05,0.1707100990936175,0.16897444607396125,0.6364973532413457,0.7377807347704045,0.19279254766503667,0.24089755382236278,0.0012383764066351873,0.0029048498089486313,2.7566423465277365,1
2018-07-06,0.1556541334660429,0.22679506411686867,0.6086031844182427,0.6733120352984773,0.23574268211571436,0.25182523665444134,0.0014053819876748668,0.0026968506164734736,2.718823805142504,1
2018-07-07,0.18106398627463033,0.1430860393143238,0.6518291076950724,0.7421381107652538,0.16710690603029732,0.20183197804254577,0.0011376973620907038,0.0030240545989588174,2.2677386808586615,1
2018-07-08,0.14268960961212854,0.20314280075140628,0.712234745475249,0.7139891307304223,0.14507564491262231,0.23963491699054132,0.001077949003558207,0.003307835201607497,2.841564099676031,1
2018-07-09,0.22334627354871922,0.1973978581070258,0.6404337829375132,0.7202430514150133,0.13621994351376773,0.1426808169422372,0.000999757862529396,0.003052796645861797,2.880917808086279,1
2018-07-10,0.4082562065107592,0.40523384872985474,0.5498642628850281,0.6317837813173032,0.04187953060421277,0.0,0.0005469255508748207,0.0029263630972064473,-0.36995117439724945,1
2018-07-11,0.390570542229365,0.37868648923119935,0.49580210724073176,0.6746875074801117,0.11362735052990323,0.0,0.0008216291555472841,0.0025502240048392204,2.823522102124813,1
2018-07-12,0.29003280455674757,0.24596861846692608,0.5698188568184432,0.7038099771386891,0.14014833862480924,0.0,0.0009765224571989359,0.002772299075778383,1.2012576809051634,1
2018-07-13,0.41030118410927807,0.3098431035463363,0.5533440203185687,0.7143006039127985,0.03635479557215316,0.0,0.0005253747066840043,0.002952702244386688,3.1350530375563643,1
2018-07-14,0.27578725009298233,0.24494850767668408,0.5617830041217162,0.6810816738691756,0.16242974578530142,0.0,0.0010667957186441836,0.0026891148877206937,2.9996378988035555,1
2018-07-15,0.31858534258686577,0.289542786400326,0.5698649009067807,0.699572319638067,0.11154975650635379,0.0,0.0008548202981240295,0.00283962147499912,2.48895092106779,1
2018-07-16,0.29567956651687494,0.3364955123689982,0.6240182869984426,0.7116692601020262,0.08030214648468248,0.0,0.0007524062156481183,0.003121022145568412,0.4530363234928584,1
2018-07-17,0.24920410564078455,0.36939950643919617,0.2658207998978039,0.3376193595904495,0.4849750944614116,0.0,0.0022679445157786937,0.0007948548515184134,0.18796973279710283,1
2018-07-18,0.0004250402639940154,0.17337773873203033,0.4899167637248757,0.28026965957177147,0.5096581960111304,0.5068612384698996,0.0025025827143068877,0.0015977892108241505,2.38775983177785,1
2018-07-19,0.051461060042260365,0.11150814202850615,0.5395278801837463,0.5454603600212998,0.4090110597739933,0.4745013714076892,0.0021031468527321837,0.0020246807933407013,2.4456846141748008,1
2018-07-20,0.09282039285736203,0.06709800429553375,0.6538454630908815,0.7241150969580147,0.25333414405175647,0.4459282317334951,0.001505908386178747,0.0028293509965395813,2.1150518428583935,1
2018-07-21,0.038078319413738404,0.20617247508949801,0.4057315123389582,0.36695427329938013,0.5561901682473032,0.42366539976813017,0.0026517045420576396,0.0011651325824621082,2.3378052034972194,1
2018-07-22,0.07578689296812564,0.12422003527210218,0.6272042127373488,0.6657044407113697,0.29700889429452537,0.3841807338573993,0.0016766779914408263,0.0026244637169350504,2.738312708757691,1
2018-07-23,0.1203186090591287,0.12298745727652549,0.6248793652880371,0.723900701151184,0.2548020256528344,0.332551771590186,0.001495733986926831,0.002714628476236668,1.5119013832482906,1
2018-07-24,0.020090305707813057,0.22354113256198185,0.3432792558530128,0.26562635134738,0.6366304384391741,0.45180332355633285,0.0029571125007201503,0.0007363534144059051,0.5117433935891581,1
2018-07-25,0.00043758467099198927,0.1001643119321319,0.37340585317832486,0.2611727411576478,0.6261565621506832,0.6243967331645206,0.0029301643773079196,0.0008766789389156229,1.9091147190990632,1
2018-07-26,0.03604562032612813,0.04565947983311955,0.507705911019942,0.6168253972447625,0.4562484686539299,0.5875760696550404,0.002285758610399192,0.0017915266388081135,1.5201978275688863,1
2018-07-27,0.048282189043582106,0.04502987259711855,0.5744851449561292,0.6990465243838029,0.3772326660002887,0.5363676782145365,0.001987976340581868,0.002233583867037085,1.946145020750289,1
2018-07-28,0.11266675853797595,0.08919805836058303,0.7244401124169403,0.7529537852860668,0.16289312904508385,0.3462522914044057,0.0011606995791266265,0.0033128903401248295,2.9232781793776867,1
2018-07-29,0.11579419990307521,0.1239379361185426,0.5794215387505158,0.6909847625922895,0.30478426134640896,0.3648253160983069,0.0016825818429417403,0.0024226463495227377,2.810737227326464,1
2018-07-30,0.11271413892062038,0.1151054333505239,0.5860792895802978,0.716350004015366,0.3012065714990819,0.3545977029748723,0.0016711513268966704,0.002456622680634005,2.611701115133745,1
2018-07-31,0.100054724787305,0.16049500077702403,0.5647450677489295,0.6143383458866839,0.3352002074637655,0.3647309665514777,0.0018036144115739074,0.0022948527950453434,0.6367265241457994,1
2018-08-01,0.012162790336606192,2.6623397760698253e-308,0.4799949708891194,0.40718783281543003,0.5078422387742743,0.5008489796897266,0.0023614634594940668,0.001149854924599904,2.1508159218616343,2
2018-08-02,0.054429909628716744,0.0,0.7753920093521668,0.8994926420404654,0.17017808101911652,0.4385129189772311,0.0011595477163169482,0.002874481012343712,2.6388073511293912,2
2018-08-03,0.07196090160161721,0.0,0.5412036550182946,0.6075620544018403,0.3868354433800882,0.4244796312519903,0.0019070590947566186,0.0016581296449087006,2.135936921329378,2
2018-08-04,0.06407020346648941,0.44439799793207024,0.42337131262799843,0.2469534853476284,0.5125584839055121,0.1308145171140352,0.002349394383138025,0.000996706614848388,0.9201466036528421,2
2018-08-05,0.01707319424727164,0.0,0.7907519144046286,0.798399825716678,0.19217489134809984,0.21032044014691006,0.0012567225704917682,0.002847200209873164,2.711076682527673,2
2018-08-06,0.12573375693076907,9.184023436419884e-27,0.6178244770100788,0.6405584768456639,0.2564417660591519,0.17134819280934918,0.0014226192121506193,0.0022320490886501686,2.275474046630307,2
2018-08-07,0.12449746740546289,0.0,0.7868068670668493,0.825903328217984,0.0886956655276878,0.11532493892811295,0.0008363949361399886,0.0031434751071169435,1.6625109456208298,2
2018-08-08,0.11518743751762178,0.41907018431680887,0.5589283923779064,0.5317181791633838,0.3258841701044717,0.18156244446622247,0.0016708397326130168,0.001881928216257448,0.20876659424513289,2
2018-08-09,0.005057391364187219,1.6465144173677513e-203,0.5715461623360039,0.4319855245131319,0.423396446299809,0.41753251139239933,0.0020710911281955377,0.001624617676731711,1.4407795666356442,2
2018-08-10,0.038716733937346,0.0,0.531312805558861,0.5545166439612005,0.4299704605037929,0.49395965169770095,0.0020756205639178263,0.0015062699634698336,0.5475449611516219,2
2018-08-11,0.0061721884104282395,0.0,0.5446794350509718,0.8994977552034584,0.44914837653859996,0.48441178627373915,0.0021602638288950337,0.0014824239817767316,2.061051602606793,2
2018-08-12,0.05637639469868174,0.0,0.6757282677092182,0.7772834980766029,0.26789533759210016,0.5401678126913932,0.0015002923847175526,0.002340532613788684,2.754142239144576,2
2018-08-13,0.058369433729194224,0.0,0.6035792539227034,0.7951305111877475,0.33805131234810243,0.5355442806793299,0.001744253659504536,0.001955720943849467,2.5123755353747628,2
2018-08-14,0.05925284031014882,0.0,0.6148598579059106,0.7488548342646721,0.3258873017839405,0.533146408558765,0.001701306853093613,0.0020194203197774602,2.336074452768412,2
2018-08-15,0.07088514699938801,0.0,0.614612282545929,0.6564268934253478,0.3145025704546831,0.4196479704932242,0.0016552266138645036,0.00205247471532453,2.4949794255513327,2
2018-08-16,0.06528967457594567,0.0,0.7997172345904205,0.910579331925614,0.1349930908336338,0.3560888392137836,0.0010304842880555051,0.0030383189212163757,2.8606515112794018,2
2018-08-17,0.07590944251492614,0.0,0.6086332586167432,0.7731389577259989,0.3154572988683305,0.40426678593581117,0.0016558268481055472,0.002034952945622717,1.486200562898079,2
2018-08-18,0.021821724466013742,1.903096821664099e-11,0.3114860868516485,0.20570664232304772,0.6666921886823376,0.49396782228727726,0.002908506946361891,0.0002658976216015213,1.8521576242545161,2
2018-08-19,0.04930779054800174,0.0,0.7297279162887271,0.708057215805798,0.22096429316327112,0.2562028683472634,0.0013400328811249472,0.0026120532453284277,2.5537229464045113,2
2018-08-20,0.13132712500553448,0.0,0.7474881378642627,0.7755674425907447,0.12118473713020277,0.16518598593921444,0.0009465089263355971,0.0029507487639778497,1.4520533406268548,2
2018-08-21,0.1922429422456876,0.4850370449705391,0.7391217690411965,0.7013573220130166,0.06863528871311603,0.055874508953416134,0.0007296175116654734,0.0030855622151945736,1.9144866038961181,2
2018-08-22,0.1506820452784791,0.4793015715954929,0.4386260577692771,0.4097852486550381,0.4106918969522439,0.06988269841359049,0.0019471788299594913,0.0013354137487229867,2.0553511570945435,2
2018-08-23,0.13862240196109665,0.4726730374087215,0.6612862056329031,0.5383745719085775,0.20009139240600024,0.07525502045099429,0.0012186696199052774,0.002505515019356514,2.204969766198775,2
2018-08-24,0.1633614682144525,0.0,0.8058892730650162,0.7951890094209166,0.030749258720531428,0.0744838608290742,0.0006123909406556987,0.003361726394611671,2.1364153459910367,2
2018-08-25,0.16815883875951218,0.4491511627086833,0.610448142584991,0.6046766189648776,0.22139301865549688,0.10953603763116916,0.0012771182926100031,0.00231754934523679,2.9000997622160862,2
2018-08-26,0.2647160816941095,0.45189074536147916,0.5961354858099766,0.5881738978369144,0.13914843249591405,0.10523724948043622,0.0009372549242937497,0.0025255488023590237,2.729614770668893,2
2018-08-27,0.26525264398966863,0.4506310375334718,0.5789878004425698,0.5676840405950275,0.1557595555677615,0.10819763168995315,0.0009950440742347592,0.00243427637180232,2.1204170083220273,2
2018-08-28,0.19938294242003965,0.4808803633041268,0.6578501544188904,0.627093318262186,0.14276690316106996,0.06301767421277917,0.0009852776119959196,0.0026665682318048585,1.6420839993363407,2
2018-08-29,0.04544819506161544,0.46241823252232883,0.24139443789340667,0.13020466242284953,0.7131573670449778,0.10180040714331737,0.0030566996335514972,-4.3805925283735975e-05,2.184091425223121,2
2018-08-30,0.11034299608571747,0.46647004971113054,0.6823757372668559,0.4295494277756888,0.20728126664742672,0.08642333548971848,0.0012591305801697248,0.0025361018798144915,2.5491611703388184,2
2018-08-31,0.20122262317358935,0.4939737151913063,0.4638237543846164,0.3910417689316578,0.3349536224417943,0.054554187656881664,0.0016555489973008619,0.0016213068303338137,2.8124538132752357,2
2018-09-01,0.3473265736403043,0.524095141755623,0.5916890883078767,0.5967911392296168,0.06098433805181888,0.029401803799120795,0.0006191235836788229,0.0027457379399889897,2.019763653781904,2
2018-09-02,0.20543899068131363,0.5140303975195653,0.45135450890374545,0.42482419812154687,0.3432065004149407,0.03793560734634059,0.0016820223460297377,0.001566249973028867,2.493402189673327,2
2018-09-03,0.29702883868449564,0.528207277583044,0.6306183504153982,0.5985968090516182,0.07235281090010623,0.02721590103914095,0.0006860920363017725,0.002807826295814185,3.117664703734308,2
2018-09-04,0.43656185314461254,0.5577060420070404,0.4700301865581624,0.4812889584530234,0.09340796029722516,0.016758561066165023,0.0006841889577263499,0.002350780852860798,2.572027519376535,2
2018-09-05,0.3402924881867332,0.5506724939728727,0.39356635048398103,0.3039427541144236,0.2661411613292858,0.020459736305885785,0.0013396405713461642,0.0016520553880678226,-0.23316919841953587,2
2018-09-06,0.001149477013769383,0.400975643115785,0.7352539998288589,0.23317684429552654,0.26359652315737164,0.2543290333505488,0.0015152079992476785,0.002499581070065707,1.0344626611245278,2
2018-09-07,0.006173099108720645,0.38007731613413465,0.3190102149749782,0.046167255258065705,0.6748166859163012,0.36204111669392924,0.0029453692215988146,0.00026037188045789595,2.1277716072370563,2
2018-09-08,0.06416210832358994,0.0,0.8106345228991658,0.8476265485340435,0.1252033687772441,0.21610568033017377,0.0009968006519948116,0.0030941046918241577,1.4724607495132922,2
2018-09-09,0.09940500492726234,0.0,0.7082798591158903,0.7089164839807226,0.1923151359568472,0.29514917595706597,0.0012127057540174053,0.002644037038831547,2.7233390203967813,2
2018-09-10,0.09015731143070911,0.0,0.6298252886763196,0.7763185283039756,0.2800173998929711,0.2867838313964284,0.0015243072884081861,0.002191841967417064,2.743480677303613,2
2018-09-11,0.08048058163146346,0.0,0.6031447137425616,0.7952072110118991,0.3163747046259749,0.2828583540742437,0.0016565427501536402,0.0020187473225832587,2.727211140064943,2
2018-09-12,0.07957077007339577,0.0,0.5922039310533335,0.7962115862089525,0.32822529887327084,0.25734897568916254,0.0016984097826839026,0.00195681008747577,2.682423590481431,2
2018-09-13,0.08321439944718605,0.0,0.5872506273458794,0.7390085305683799,0.3295349732069344,0.26079770052580087,0.001700997478689901,0.0019407604136197178,2.1284606210568633,2
2018-09-14,0.09346098653870312,0.0,0.736304406532529,0.7456597339208161,0.1702346069287678,0.28946644600274335,0.001138661334808091,0.002778221295838346,2.90081611534147,2
2018-09-15,0.07267468721129869,4.733855345502644e-242,0.4480527762357457,0.6186475876044919,0.47927253655295554,0.2931162104371857,0.0022287957540234973,0.001155805096880198,2.6406612222662424,2
2018-09-16,0.25737111329335516,0.5040635985370512,0.6323051433810724,0.5690681212137836,0.11032374332557246,0.04290825408359864,0.0008404049020733212,0.0026996984408297555,3.048676824796398,2
2018-09-17,0.47446649513800654,0.5899464856774844,0.5109137371747635,0.5858992295898996,0.014619767687229897,0.008200305832452135,0.00038814483561544814,0.0026842540576287118,0.7183967012863198,2
2018-09-18,0.2721805865409678,0.5317833017165594,0.584008389106903,0.5685975568795955,0.1438110243521293,0.025931623140718882,0.0009495145351964846,0.0024819490459786118,2.6376819462972794,2
2018-09-19,0.4015646657512111,0.5787738424455918,0.5152493398138529,0.512680326222907,0.08318599443493598,0.01102955634353818,0.000667429697287385,0.0024921720735846635,3.2491963257843577,2
2018-09-20,0.49981503069522004,0.5815443804666673,0.4631089660160579,0.5205541741285061,0.03707600328872208,0.010392005207452102,0.00045296698321953765,0.0025003313826421646,2.1682639532242542,2
2018-09-21,0.39000607239229634,0.5682257811522083,0.5340856909602586,0.5513312047680275,0.07590823664744517,0.013164900878195052,0.0006482406757675543,0.00255999846889712,1.372244254054194,2
2018-09-22,0.20831176690469938,0.5142076581962453,0.5385582318639086,0.49106272011092855,0.2531300012313918,0.03694338215733831,0.0013661652512109179,0.002046974150910648,2.8456082611326354,2
2018-09-23,0.11771697713767355,7.226650061626481e-157,0.4451130822142817,0.7456172104894365,0.4371699406480448,0.02788911441578828,0.002057474893652779,0.0012730695739154006,2.789183097200131,2
2018-09-24,0.34462410172811686,0.5397066632144073,0.61272371649634,0.6084836109507193,0.04265218177554304,0.021777670424922645,0.0005564230973594616,0.0028516548430237336,1.9456338540385696,2
2018-09-25,0.2706291005798434,0.525549709472687,0.5668161317042851,0.555200630524675,0.16255476771587146,0.02928508448992496,0.0010158826351463629,0.0023842611848869087,1.7288065684389515,2
2018-09-26,0.19967899162071648,1.7277231987226217e-100,0.780183331772453,0.7455908028272864,0.020137676606830388,0.03425495110691433,0.0005556629519778449,0.003329908101993769,3.03557030410428,2
2018-09-27,0.34085663675504435,0.5048356025680658,0.5471330936370601,0.5759702701561638,0.11201026960789556,0.04218701229597179,0.0008011097001798496,0.0024853254949093666,1.6240030990504546,2
2018-09-28,0.23714572530843062,0.5161382759835129,0.6894476867396957,0.6517778991365543,0.07340658795187387,0.03279697389377883,0.000722113997882112,0.00294933588729865,2.7538109768554637,2
2018-09-29,0.3475043802856975,0.5199716881316233,0.626536406332679,0.6882091592723214,0.025959213381623544,0.02940415521149057,0.000496427327611899,0.0029349705584293486,3.0501043120374187,2
2018-09-30,0.4023151300819183,0.5208264745450242,0.5885036380698956,0.7144148780005648,0.009181231848186092,0.027826701372498656,0.0004081003918768247,0.0028910812825351587,3.4528317543133467,2
2018-10-01,0.45416042003704593,0.5305859976511004,0.5040981142944968,0.5800534208547988,0.04174146566845734,0.026338906368663532,0.0004940083814442971,0.0025873035915452737,3.066021632526058,2
2018-10-02,0.5117972055808715,0.5907720121838482,0.4753101339331533,0.5771394656025166,0.012892660485975132,0.008158149773634386,0.00036190368910779725,0.002601833320930974,2.922643173834191,2
2018-10-03,0.5095192040940211,0.5886860858841649,0.4779040723551304,0.5841605967822783,0.012576723550848332,0.00844126328551881,0.0003620316321730657,0.002609144414186558,3.0770942785166637,2
2018-10-04,0.5142036249200996,0.5854142269745004,0.45176039662004935,0.5217310301351553,0.03403597845985107,0.009622538641435604,0.0004345410154665056,0.002481421092844325,2.7766672147932114,2
2018-10-05,0.49942734906242664,0.598565631312756,0.4940846843350821,0.5973832907488078,0.006487966602491252,0.006682472062070937,0.00034619306205435206,0.0026669262600313025,3.4257687409454554,2
2018-10-06,0.5908992706659713,0.6373392303847828,0.40493214248084825,0.520561078607678,0.004168586853180306,0.003209008775763894,0.000288549696377263,0.00245461260630492,3.307489169600859,2
2018-10-07,0.6004296443167885,0.639186960309102,0.3951818639970697,0.5100470201880356,0.004388491686141735,0.003133614909797639,0.00028415227500105825,0.002429992390469091,3.683709146990742,2
2018-10-08,0.7589115995231791,0.7666056657273977,0.2401302377082947,0.2716282957638891,0.0009581627685260256,0.0001825170734672202,0.0001861031355330935,0.002058957996023902,3.6444516303949883,2
2018-10-09,0.7693682812801342,0.772049964203569,0.22792086431313213,0.22649503541843308,0.002710854406733588,0.00017473811385772614,0.00018653404042452378,0.002023760132780637,3.721571836633261,2
2018-10-10,0.7762823698857688,0.7782805491486353,0.22169088391461145,0.21775356061495071,0.0020267461996196228,0.00014766406524415772,0.0001803830834056042,0.002010467221120152,2.8303781301446413,2
2018-10-11,0.7503691234093331,0.7618940847684287,0.2332342601796375,0.20867980346292475,0.016396616411029324,0.00024376916529215238,0.000244655363578948,0.001996355679776188,-1.5416890275658313,2
2018-10-12,0.18187944319207366,0.5212414106667788,0.7932771977315145,0.7082821060012752,0.024843359076411692,0.027879245767532052,0.0005817301917915804,0.0033481838987608737,3.089101030015929,2
2018-10-13,0.3738303835810832,0.5219360715955267,0.5875218624878988,0.6572702929617092,0.03864775393101778,0.02926846444411487,0.0005266298592807361,0.0028015393775497666,3.420361216384786,2
2018-10-14,0.44056396600003955,0.5242997511193221,0.5533601927977632,0.7115000200234602,0.006075841202197208,0.026075460187397568,0.0003765732667795899,0.002813867181896795,3.4022289740929543,2
2018-10-15,0.4577024594097536,0.5287821705809796,0.5207362750435408,0.6385791881885621,0.021561265546705576,0.026139350269007156,0.0004214982559065895,0.002687876665349007,1.013492686100037,2
2018-10-16,0.11352002837061749,0.0,0.8851289887372582,0.8818489748125165,0.0013509828921241236,0.03426809329650689,0.0005360339858124961,0.003643455053531215,3.0299225387132274,2
2018-10-17,0.14959471739103902,1.3153223093938443e-164,0.534543784602302,0.7623500146057514,0.315861498006659,0.05734359103533222,0.0016171137132842428,0.0018516169537189805,2.848606673545917,2
2018-10-18,0.10579889432951314,9.94719514629893e-67,0.4721737376513914,0.7477187261353121,0.4220273680190956,0.058933736660586655,0.002011244289040108,0.0013843696574368169,2.519944802447432,2
2018-10-19,0.228666778035572,0.47825329756239854,0.6745487899975642,0.6386519775198632,0.09678443196686377,0.06562194794968376,0.000808536183095583,0.002843583624487848,3.117172681504462,2
2018-10-20,0.25415592660613007,0.47597417338194764,0.3211588115759503,0.07478128956792095,0.4246852618179197,0.08402669220812191,0.0019391692510265016,0.001005257037777387,3.0566442678147814,2
2018-10-21,0.3554765123235957,0.48017024451004525,0.6044970643388434,0.6520998291610927,0.04002642333756093,0.06300029791888886,0.0005413705218968462,0.0028391945169513985,3.397001155755367,2
2018-10-22,0.5546742287777584,0.6190191786175071,0.43207990506839744,0.5204551954586658,0.01324586615384403,0.004830356977572922,0.00033991849167199823,0.0024945121735201036,3.581608046935293,2
2018-10-23,0.5737211891008618,0.6229766765220072,0.4260812898207078,0.623912929724928,0.00019752107843049878,0.0035852158711614395,0.000283972942791772,0.002518347338693696,3.5677467869575334,2
2018-10-24,0.5857421235167402,0.6202477985974488,0.39903920486025907,0.4803081487999128,0.015218671623000602,0.004927425887593419,0.0003299757492659469,0.002407451936494201,3.6564519905431516,2
2018-10-25,0.5886723404140181,0.620238526226885,0.40048541158978573,0.49362486556314167,0.0108422479961962,0.004861220963495205,0.0003130880670787935,0.0024239477394818647,3.5840516996857508,2
2018-10-26,0.8885128014625366,0.8809246033689071,0.1107588860764558,0.07343871773190758,0.0007283124610074035,8.080903628576586e-87,0.00011470141153162246,0.001741592375275251,3.9243996625043116,2
2018-10-27,0.8871875233561336,0.8856712044155723,0.11267980931271844,0.06812926069800249,0.00013266733114800848,1.5216930836238645e-94,0.0001133464625211338,0.0017480759920087147,3.9330853185746797,2
2018-10-28,0.8918081499175179,0.8902294356685015,0.10802052120825012,0.06105266920365374,0.00017132887423196397,1.058722554507666e-109,0.00011096068284995487,0.0017365073273787604,3.9061285036367783,2
2018-10-29,0.9292930434899004,0.9278145904446263,0.07064720218794883,0.028358742033527184,5.9754322150782054e-05,2.1745171440286194e-185,9.011322270982473e-05,0.0016449590384377132,-0.20590954711462217,2
2018-10-30,0.6614359887661826,0.7541808218103463,0.20195321348142342,0.18938096461916026,0.13661079775239407,0.0003086104468786568,0.0007125651527090661,0.0015639984153806143,3.7135642323024305,2
2018-10-31,0.6518363394956973,0.6537603207856256,0.3457532460168704,0.27363717217015643,0.0024104144874322136,0.000509676837304451,0.00022284545959859255,0.0022677608801120294,3.65741657664215,3
2018-11-01,0.6387810248885512,0.6335213921171312,0.35505508538649627,0.2906706793998062,0.006163889724952623,0.0006010679844762835,0.00024299263752505446,0.00228775060920933,3.6105193835567535,3
2018-11-02,0.6911495629743049,0.686499725488387,0.30776207993280147,0.2745783572297028,0.0010883570928936612,0.000577463902111367,0.00019846945795258183,0.0021480224882293605,3.8912400718723648,3
2018-11-03,0.41468229801817036,0.4576759332626739,0.48901830989665057,0.04461294230555819,0.09629939208517906,0.0010711767819635682,0.000682302954432033,0.0024775227257633013,3.43116121610287,3
2018-11-04,0.7236844997377495,0.7315138904180537,0.27597139840331414,0.2432633321605165,0.00034410185893642034,0.0004923256356499916,0.000179546428125669,0.002046841887610798,2.350872244621445,3
2018-11-05,0.6327686369028845,0.6400510281585986,0.35689523871632245,0.35234241231474117,0.010336124380793014,0.001153622341024475,0.00026116102523446885,0.002282378062202448,3.666142966105025,3
2018-11-06,0.6544774871450018,0.6580349642332619,0.3434656517359317,0.34480667433304096,0.0020568611190666703,0.001116731470750805,0.00022024568263243548,0.0022612959696127395,3.6095894995875217,3
2018-11-07,0.5614008007431621,0.575499508985209,0.41356494798295185,0.35499287488031,0.025034251273886105,0.0015379400034563676,0.000350100094953487,0.002426377895534929,3.125179516098,3
2018-11-08,0.5870734334821123,0.6090614537945814,0.3956819263256285,0.393122371427014,0.01724464019225939,0.0017213993384628697,0.0003090048348123256,0.002389506658199312,1.8902647748587815,3
2018-11-09,0.6347481036934077,0.6285389551209902,0.3327354471043102,0.3054119345033909,0.032516449202282145,0.0007051124798565554,0.0003408501003595795,0.002143626881916997,2.2499358923633306,3
2018-11-10,0.625854393684417,0.642964476445416,0.3630098483979472,0.34126738624594555,0.01113575791763574,0.0010365760622091003,0.0002675079055372629,0.002300053801186825,3.7720314811621978,3
2018-11-11,0.6464816992344861,0.6478480203267273,0.35056387187853744,0.3340384808134436,0.0029544288869764526,0.0009721226255543772,0.00022748740458681323,0.0022818985490363126,3.6750596418905017,3
2018-11-12,0.6398608195576014,0.6398122409565044,0.3561353668550539,0.3304456572611931,0.00400381358734465,0.000922721453090247,0.0002345971064033516,0.0022971319341570204,3.706154806237653,3
2018-11-13,0.6066785701294225,0.6094792856082409,0.383306808162783,0.3381571993788127,0.010014621707794456,0.0010190704652043075,0.00027295716212471865,0.0023689943523818873,2.8894152223556597,3
2018-11-14,0.5576102984389185,0.581206134195005,0.397490829290979,0.34507167056467114,0.04489887227010253,0.0013186817981590446,0.00042427225154354745,0.002320173425021482,-2.890193478260834,3
2018-11-15,4.4624567858580185e-07,0.318515131829038,0.46144367529653996,0.07681843905923466,0.5385558784577815,0.5385114126142344,0.0024962787551223195,0.0011852895575469302,2.3476946919376496,3
2018-11-16,0.03393031512931704,0.023855467127537902,0.6442552680356405,0.6922700019846791,0.3218144168350425,0.45897036853831225,0.0016920921361051491,0.002368193158145908,2.5238880130181593,3
2018-11-17,0.05044104111405373,0.0018478376939405877,0.7242086939864486,0.8168267083032283,0.22535026489949764,0.4380735256215355,0.0013325810699895968,0.0028900863109246246,2.8302961123831087,3
2018-11-18,0.051799837630871315,0.0006009781802341767,0.6666069092751357,0.8488836415999796,0.2815932530939931,0.42509392050320716,0.0015368165218941575,0.0025501364151842044,2.652257514753339,3
2018-11-19,0.055847139557254316,0.000755805649552869,0.736718548345106,0.8446690701185332,0.20743431209763957,0.4220262150817905,0.001264597614728564,0.0029794204300740406,-2.319417201710503,3
2018-11-20,6.165086565164168e-13,0.1648059264352394,0.06753885783507331,0.0007257300627243318,0.9324611421643103,0.932461138890001,0.003918638142907254,-0.0011646991896831931,0.4838748700779238,3
2018-11-21,5.84998301705855e-09,0.08267494439025506,0.05549388965892375,0.03869838915783148,0.9445061044910932,0.9445059223033402,0.003961957466493961,-0.0012365579675824201,1.443086717059757,3
2018-11-22,0.0004574435596107588,1.4090430343630102e-07,0.0946597115859961,0.8164291303072021,0.9048828448543931,0.9249035855728318,0.0038191775598040967,-0.0010016555062198247,1.3865237308169271,3
2018-11-23,0.00025052435816043915,3.378381050749721e-08,0.0794648268304113,0.8573151874841904,0.9202846488114282,0.9316916033242486,0.003874705209330638,-0.0010928690299158103,1.9462109599303565,3
2018-11-24,0.0011324285138393942,2.5244934579726983e-05,0.11575322199732169,0.3806823430433018,0.8831143494888389,0.9445309177596211,0.003740469843444576,-0.0008739786060523491,0.023810715191290605,3
2018-11-25,1.7717265707733424e-09,0.0014383648574178847,0.04750523393469741,0.12106554294153529,0.9524947642935759,0.952494845778559,0.0039906827351558205,-0.0012842173129349423,1.6634010414230664,3
2018-11-26,5.651984776043136e-06,0.18576654961277508,0.03400982825341567,0.009486520335775196,0.9659845197618082,0.9644228777636061,0.00403917534044115,-0.0013647138721743224,1.3132767189064274,3
2018-11-27,3.668864808310172e-06,0.0002770586121721501,0.04002734317286329,0.15729502860312483,0.9599689879623283,0.9601897920949631,0.004017552192315371,-0.0013288195138078747,1.815797700412166,3
2018-11-28,0.0006890146717144615,2.09371133007015e-06,0.08744660913285779,0.5156844789787192,0.9118643761954276,0.9541181093974155,0.003844181107343752,-0.0010440582282847139,0.2797743749547793,3
2018-11-29,4.787724482184374e-07,2.8514406022293295e-08,0.03429347051264239,0.7402718285927798,0.9657060507149093,0.9657392722443596,0.004038177072563404,-0.0013630357659953488,1.8725108844874445,3
2018-11-30,0.0013729808186548815,6.079212649742772e-07,0.13467280868208523,0.7406861759443437,0.86395421049926,0.9255241272522919,0.0036713488994179746,-0.0007604525051260297,1.2043760676523028,3
2018-12-01,1.6528574274402895e-05,0.009990983226329339,0.07748364345189356,0.12112948218665354,0.9224998279738321,0.9228651601691595,0.003882796206516825,-0.0011053248764495737,1.5732469191388279,3
2018-12-02,0.0008349786670872127,2.9225898637019035e-05,0.12802195419366497,0.5480740982768444,0.8711430671392479,0.9028720844993527,0.0036975176093961364,-0.0008015937778579875,1.952226532577079,3
2018-12-03,0.0055788622335928946,1.111184905002016e-06,0.29517702153066866,0.8179809916576591,0.6992441162357385,0.8736190705881947,0.0030749957776922475,0.00020853370714757217,1.0161167357504497,3
2018-12-04,0.00022237278726849882,5.451849387851367e-05,0.09805328100036274,0.472188008795942,0.9017243462123685,0.9105744432427192,0.003807932137313903,-0.0009820491642567966,1.9506865445697543,3
2018-12-05,0.007459105485175579,7.368632201383276e-06,0.36373603949256744,0.8394779496258903,0.6288048550222569,0.7749258866570848,0.0028193470796700868,0.0006226616652316929,1.2412005663894743,3
2018-12-06,0.0019858083717169883,0.0011567329377765753,0.2226481800919539,0.4769509755653608,0.775366011536329,0.8170712306747008,0.003351684912428551,-0.00023393571227332257,1.2697760562646003,3
2018-12-07,0.0009898548694814938,0.00013249115267473417,0.22997132437384138,0.6836947959926345,0.7690388207566772,0.7893528211583726,0.003329366220389599,-0.00019295523031294826,1.5208012185591333,3
2018-12-08,0.000927057573467257,0.01744304897743941,0.17990002893118312,0.2528609064402254,0.8191729134953496,0.8312621768964887,0.003510217579400066,-0.0004918451772913642,2.080413003471092,3
2018-12-09,0.015831373398307844,0.003486161280191186,0.5377824365757935,0.7159461488467178,0.44638619002589863,0.5675759331787662,0.00215393630787433,0.001683769355647017,1.7012144454307063,3
2018-12-10,0.02709988572584226,0.0003645039916957827,0.6368755676863075,0.8028983980505344,0.3360245465878504,0.5954539200054246,0.0017471922224012617,0.0023055914401334666,1.4091304953258823,3
2018-12-11,0.03116073518825641,0.001193203552481253,0.6683908149845446,0.8037487324978351,0.3004484498271992,0.5048705050210494,0.0016156973070430534,0.002504650986946008,2.199373819549907,3
2018-12-12,0.03627257040243566,0.03533225191566479,0.6288254291350258,0.6556151713924089,0.3349020004625385,0.4723051206534527,0.0017385477948057392,0.0022825104008805212,2.3426709683761535,3
2018-12-13,0.03925076112901652,0.016997649665940775,0.6631907154910052,0.6971457179255747,0.2975585233799782,0.47793052867905295,0.001601164844674798,0.002495628641186439,0.8003712713430218,3
2018-12-14,0.0187837099051905,0.06961877548094507,0.6133613720828356,0.6605101372219732,0.367854918011974,0.4139750577871658,0.0018671082083436643,0.002142692830592682,2.144704587312013,3
2018-12-15,0.05503855836018636,0.0015109119574108435,0.7776093936370778,0.8366085371641708,0.1673520480027358,0.3904074033947781,0.001118783866026238,0.0032211712325871996,2.767284082822563,3
2018-12-16,0.06686049739195428,0.03405024591632765,0.6589965349491395,0.7744842572264703,0.2741429676589064,0.3074372589913874,0.0015022256378634015,0.0025456912891470545,2.8369849726624423,3
2018-12-17,0.1400582235226468,0.3094121098253558,0.6471014519717722,0.7322193652169965,0.21284032450558094,0.18357507578907473,0.0012427235735581158,0.0026737877325148382,-0.7289510753413111,3
2018-12-18,0.0008850449978391609,0.05449283398514083,0.5229453016814072,0.6176529004242189,0.47616965332075384,0.47911008759655266,0.002269550081546377,0.0015546063355276753,1.4420466351417476,3
2018-12-19,0.0197569225841804,0.008100778202696533,0.5682512150143165,0.6917476828242624,0.4119918624015032,0.5379314316090751,0.0020270502109624145,0.0018762178495979071,2.519378034919623,3
2018-12-20,0.04355378309387562,0.002768003536391609,0.7065679340773632,0.7863993324830767,0.24987828282876134,0.4758681314595802,0.0014253746516012487,0.0027661138324924332,-0.6833686179616658,3
2018-12-21,0.0002592189574059913,0.002017879265112862,0.2878717653323242,0.5984658408875799,0.7118690157102697,0.7153860260422005,0.0031233265517009038,0.00015048469300164304,1.1443707745960923,3
2018-12-22,0.0007677165562330675,0.0018849557526355674,0.23879644505789002,0.5175968957888233,0.760435838385877,0.7734139153591376,0.0032984337492537965,-0.0001409097539294057,1.8069166802116643,3
2018-12-23,0.009900510673890812,5.241805787818218e-05,0.4117137845942116,0.7689292085782589,0.5783857047318977,0.761975402951184,0.0026355932581097175,0.0009155303676735395,2.340895873677617,3
2018-12-24,0.016319600194684376,0.0006883021475543132,0.4945407300348593,0.6480994078196582,0.4891396697704563,0.7352521539489677,0.002308858712361498,0.0014271224019915736,2.158904921807962,3
2018-12-25,0.016808749235228564,0.000836097293840273,0.5082734726150612,0.6268899035324704,0.4749177781497103,0.7411578082644401,0.0022570113424006796,0.0015103804892657412,0.5155403369776822,3
2018-12-26,0.0005785574490095873,5.8181881639024404e-05,0.20525310253907456,0.7094920933879844,0.7941683400119157,0.8071679643186309,0.003420234933205496,-0.0003415396139329872,2.099038677436014,3
2018-12-27,0.008257438720367362,0.000178190629090025,0.36484658812979576,0.6232004718466339,0.6268959731498369,0.814773507412429,0.002812034667291699,0.0006314581266787362,0.991462151821496,3
2018-12-28,0.001354741931342384,0.00022020988660725877,0.27766163773030056,0.7102252484152444,0.7209836203383571,0.7438128292677144,0.003155690608655407,9.255160374244033e-05,0.7230379098409505,3
2018-12-29,0.00035344999299628766,1.4358345213667096e-05,0.2106781449215095,0.7957187479843897,0.7889684050854944,0.796593342089087,0.003401594991220335,-0.00030978665970855736,1.9918157257970117,3
2018-12-30,0.01175042625862169,2.097844927981608e-06,0.4415396324320767,0.8697877521868721,0.5467099413093015,0.7874853602353249,0.0025199028141583424,0.0010984985363998389,2.454652687092695,3
2018-12-31,0.02809579095859589,0.00019171987715664075,0.6283377809705839,0.8073610692707541,0.3435664280708203,0.6323785540589398,0.001774134489050404,0.002257364420029275,1.3970670005821304,3
2019-01-01,0.033674718230167794,1.2585799761809384e-05,0.6937144075310899,0.893746415657824,0.2726108742387423,0.54813136053416,0.0015130782471334963,0.002662565186032712,1.9818153868916095,3
2019-01-02,0.03940087408041901,0.00033931291178080974,0.7361664661584505,0.8153506804361955,0.22443265976113053,0.5756963126055884,0.001334680594559201,0.0029314011963732876,2.338313058855608,3
2019-01-03,0.04221025534133497,0.0002592957671443552,0.7667754489316959,0.8178823043677003,0.19101429572696918,0.5902255501241249,0.0012114235795420865,0.003121650716090443,1.7137842336397524,3
2019-01-04,0.045639715481079784,1.8855215387103608e-05,0.7953927345634738,0.8849595249685089,0.15896754995544654,0.5775886550008759,0.0010927967146865873,0.0033017043194573568,2.699762070219271,3
2019-01-05,0.060729694827207366,0.0010839560280644616,0.7744611092086003,0.8352706159721235,0.16480919596419233,0.4260652696095846,0.0011067091819413019,0.0032178659881469764,2.6516024389238413,3
2019-01-06,0.04302127575346269,0.06265671738524366,0.5656059344753641,0.627989234656624,0.39137278977117307,0.45742290276754644,0.0019405056013916274,0.0019237037849473711,0.6163093981841309,3
2019-01-07,0.00984247583553923,0.030821230361866327,0.5619913293055208,0.6698499505303388,0.42816619485894003,0.4665422871805422,0.002090766446034464,0.0018119098297772781,2.345835481667661,3
2019-01-08,0.058920995210024404,0.4187200432398054,0.6557653496436578,0.6113671348738087,0.28531365514631785,0.20809865863445418,0.0015468326644665757,0.0025048229792054544,2.76727474913029,3
2019-01-09,0.14125406660765688,0.3919996670934722,0.645913704321574,0.6786007519089259,0.21283222907076924,0.19251190450576827,0.0012421024762077268,0.0026699538690004186,3.046829147721189,3
2019-01-10,0.09031491178189599,0.0654144928176831,0.5014457024380448,0.8024555605407298,0.40823938578005936,0.17507966286023374,0.0019781030741568306,0.0016695466875942051,-0.20706443020819465,3
2019-01-11,2.3363498127232103e-05,0.0044921944000681285,0.46900171747126357,0.73014488594396,0.5309749190306093,0.5311300051205389,0.0024687846601836524,0.0012304422279224689,2.4126239986194,3
2019-01-12,0.048020564330781106,0.0001771195947179194,0.7685608473621526,0.8652534533805117,0.18341858830706612,0.46310502398220477,0.0011808559171352958,0.003148103304165789,2.809436633576866,3
2019-01-13,0.047336649927708016,0.0017699375513916932,0.6602622211097614,0.8095272719487019,0.29240112896253045,0.4604215706936003,0.0015783794532506087,0.0025001471602659813,1.6676780202531367,3
2019-01-14,0.038262490948233335,0.004865420944654146,0.6926615047462114,0.765750722078882,0.26907600430555534,0.47098251637333705,0.0014979322787071346,0.002668760134843259,1.391891398563549,3
2019-01-15,0.024124683303976976,0.02155098834491525,0.55722658334547,0.6106071729425688,0.4186487333505531,0.555213615345793,0.0020490495354094384,0.0018223243722828232,1.9531682598497833,3
2019-01-16,0.03197003517672019,0.0012171951765032546,0.6662464816617265,0.7802842521646541,0.3017834831615531,0.5487877515170264,0.0016201563664244103,0.002494059048326537,2.6782820035950516,3
2019-01-17,0.04492885512224584,0.10269767187233207,0.5678334849421877,0.6154864371458726,0.3872376599355664,0.42865163458616945,0.0019245262582311847,0.0019421807336719643,2.582808614264913,3
2019-01-18,0.0493609937648058,0.005395240244465617,0.6861323062160339,0.7974566868989852,0.2645067000191603,0.4003063536892733,0.0014757970017285399,0.0026599900938849954,2.5451909459308064,3
2019-01-19,0.05529751766456812,0.003554001707697755,0.7225026413738403,0.8110572986614354,0.2221998409615915,0.399888735673243,0.0013187011716205817,0.002893115387888306,2.3835847680396967,3
2019-01-20,0.05350869733023927,0.007888109185170659,0.7454965381538894,0.7703450289051744,0.20099476451587123,0.42640201152486257,0.001242266900181478,0.003025429446056231,1.0498935847026984,3
2019-01-21,0.09270966319654861,0.47157322782008637,0.7905400478058405,0.72690230864902,0.1167502889976108,0.09635131775397289,0.0009155919235634724,0.0034007603989437206,2.977799694774349,3
2019-01-22,0.15541752880144377,0.11317476281429129,0.5911031542387883,0.7844853707844499,0.2534793169597678,0.0854837613213738,0.00138307528968627,0.002381478392202962,2.6137769561429702,3
2019-01-23,0.17738497580278365,0.36987023596241847,0.7041539757421982,0.7642260518925067,0.11846104845501824,0.09627389484634175,0.0008802673592755391,0.0031156660623870777,2.784990530123753,3
2019-01-24,0.25520249965627323,0.5018575084252144,0.6522820425345696,0.7121975672563332,0.09251545780915746,0.07298266862065513,0.000747335355318823,0.003017829079190828,3.2571079403785683,3
2019-01-25,0.43589533674642555,0.5720237786494128,0.5412675067236348,0.6742284269690295,0.022837156529939694,0.02400620514608755,0.0004042165680858394,0.0028469237944754493,3.5260926584130914,3
2019-01-26,0.5144110053385124,0.5849438974989264,0.47408668599617226,0.6333031018156603,0.011502308665315403,0.01579996315886704,0.00032411457939134444,0.002659654480372741,3.647725757049811,3
2019-01-27,0.5297404407972061,0.5833431022598327,0.4607347003300674,0.6288503969030221,0.009524858872726598,0.015263655088938498,0.00030932521604388823,0.0026216865444520917,3.281202120948188,3
2019-01-28,0.49374644935622586,0.5643931822559354,0.48599064572806905,0.6162588319789478,0.020262904915704972,0.01538617435054455,0.00036624990259684565,0.0026744748247920377,1.0949092637725193,3
2019-01-29,0.2752139957493805,0.56763534848375,0.694509747207373,0.6834219604210107,0.030276257043246536,0.025690583447016396,0.0005104123134235761,0.003324175570036171,2.4834525531468947,3
2019-01-30,0.38914939609647486,0.5740794629462584,0.5768406101640772,0.6247799318930187,0.03400999373944802,0.012105801512732122,0.0004519086645951448,0.0030651184933476495,2.699085566991882,4
2019-01-31,0.47391980011862594,0.6369149886863699,0.47046808679031354,0.5159524965277362,0.05561211309106049,0.0022857382395229608,0.0004848873385542301,0.002597708216478839,2.896191986772908,4
2019-02-01,0.5667226279236627,0.633361017652847,0.42601705607227996,0.4887554692915354,0.007260316004057276,0.0021346083236367195,0.00027602806990172866,0.002581375474470562,2.9914207686529597,4
2019-02-02,0.6126178660693808,0.6287709997160975,0.37990205448156367,0.4089031047574667,0.007480079449055547,0.0016581499188019107,0.0002547237186325105,0.0024072700200154034,3.649510620784656,4
2019-02-03,0.6179155889163865,0.6357534706812067,0.3794438130481487,0.4540849474751191,0.0026405980354647653,0.0017910681445842006,0.00023573849042715726,0.0024206431430868107,1.9431478103385014,4
2019-02-04,0.47412515355631357,0.6280947569793868,0.48285541840990276,0.5347261424267569,0.04301942803378375,0.0029716249229510675,0.00044198022005490764,0.00268357387144765,3.6185780576727917,4
2019-02-05,0.5796403387452538,0.6281339381733534,0.4108070135110735,0.528038280129058,0.009552647743672666,0.002825142842590067,0.00027761678122781443,0.002517025889870061,3.6535307599648266,4
2019-02-06,0.5867591088282547,0.6273849095453959,0.4034649052797547,0.533620958317135,0.009775985891990815,0.0029666819321887404,0.00027495574091535653,0.002488718496492621,1.6230746987723372,4
2019-02-07,0.40820820381700074,0.6162167201627781,0.5437147492189014,0.5592503581484044,0.04807704696409786,0.004321501786755924,0.0004907079843756965,0.002896664418558749,3.43824565328291,4
2019-02-08,0.5577962110940821,0.6589547305349465,0.3735936738929947,0.43074308567214287,0.06861011501292313,0.00121200391931557,0.0004886679615402322,0.002192856374115844,-1.2413968255728571,4
2019-02-09,0.0243662723494275,0.5197168346593917,0.8037485169371454,0.4986079517714154,0.17188521071342705,0.08832946099677542,0.0010949389587272672,0.0034883366327577207,2.808461775055246,4
2019-02-10,0.1733484832127319,0.4788402408978559,0.6547567605138349,0.6582022382160962,0.17189475627343315,0.07486213648809638,0.0010241908380034005,0.0029280089590916587,3.0344621659960747,4
2019-02-11,0.2719014686144751,0.4446803385204721,0.5828755277962813,0.6875403925627502,0.1452230035892437,0.07127681356759795,0.0008863504020207004,0.002740893086793371,2.2116187195087282,4
2019-02-12,0.20966250147717094,0.09514361386452617,0.67286228477638,0.7212590712483736,0.11747521374644913,0.061461510189199084,0.0008215913956506715,0.0031658540448529903,3.2100940242070313,4
2019-02-13,0.31611877597112525,0.5021815874178893,0.5356796489267595,0.611481699590452,0.14820157510211537,0.07924318488417849,0.0008752824370477941,0.002554117002607271,3.2380059904948535,4
2019-02-14,0.36036312932205683,0.5054684750477623,0.522473088460735,0.6218016423630974,0.11716378221720808,0.0731080749130057,0.0007485666627978945,0.0026012724263964337,3.2528519171872756,4
2019-02-15,0.35336557529687285,0.46262716413123706,0.5108170864291294,0.6800010981256235,0.13581733827399808,0.06923506749701897,0.0008153151276464409,0.002499250593338399,3.456508951456936,4
2019-02-16,0.10817219055849968,0.04086652938016324,0.24541924461545542,0.6998580742703951,0.646408564826045,0.0526197549648473,0.0026611555635486705,-9.155308540881161e-05,2.6138952419729566,4
2019-02-17,0.24365885477720106,0.5184682697373699,0.6440315044985601,0.6082653300988783,0.11230964072423891,0.06630953072524247,0.000787822936221277,0.0030735467112764816,2.810518236237696,4
2019-02-18,0.24312175185357415,0.32526994209031956,0.595315849170139,0.716038096534782,0.1615623989762868,0.05834505188323013,0.0009556927346798349,0.0027367066497705475,-0.11237523889725232,4
2019-02-19,0.06243284158216473,0.5406790518219515,0.842910102770452,0.6306413269597763,0.09465705564738308,0.04177538396648546,0.0008133462796089284,0.0038765147579457615,2.865626775089249,4
2019-02-20,0.18973340817321196,0.5458214084690202,0.5621421898183375,0.5643139390911914,0.24812440200845037,0.04547822410372467,0.0012754716146583117,0.0023419304910564445,2.796033358358964,4
2019-02-21,0.2543961609462709,0.25865289085693843,0.5621412384032055,0.6838432410786685,0.1834626006505238,0.034347221904953935,0.0010247374861280898,0.0025436343518191206,2.541020807359217,4
2019-02-22,0.28257012056534436,0.5166365375648857,0.6322022857482227,0.6783482142408946,0.085227593686433,0.03868905298849442,0.0006770689927361974,0.0031135421214897154,2.542465492327395,4
2019-02-23,0.24307150287597162,0.5182736207767016,0.643971601362607,0.671107661993294,0.11295689576142123,0.04383622977303248,0.000790306764819921,0.003071302378213432,1.3713438924093833,4
2019-02-24,0.15352119236414524,0.3490053105899369,0.7414324344017236,0.7112219537703917,0.10504637323413116,0.08127796911529767,0.0008058521907417375,0.003462489515593009,-1.394215995625021,4
2019-02-25,0.0005573888709346914,0.039298648672077746,0.5821578304607228,0.6247457000451666,0.41728478066834246,0.4181924116544017,0.0019407393147091703,0.0018895186535554669,2.412968546436266,4
2019-02-26,0.06747378186071168,0.012324068450630691,0.6890394399394976,0.7192592079505007,0.2434867781997908,0.41371784754399316,0.0013183648178311563,0.0028336065673918746,2.6513368737269984,4
2019-02-27,0.09493475677554335,0.0012966961452131878,0.6761592305639432,0.8117670422826856,0.22890601266051339,0.379153621251013,0.0012556350352312434,0.0028306528546332894,2.946971728057566,4
2019-02-28,0.05393940069241966,0.023227158485236724,0.46320795609043636,0.6697290448845433,0.48285264321714394,0.4197344489942013,0.0021366429332106977,0.0012376623311479977,2.635940154841208,4
2019-03-01,0.09686993452324691,0.2474685388278167,0.5410089083577365,0.5722090959802864,0.3621211571190165,0.25602682652041897,0.0017070683043580997,0.001906852770657923,2.827897372806599,4
2019-03-02,0.10585120829994876,0.002581948516461619,0.5514129057157953,0.7870061144247962,0.3427358859842559,0.19513001757047918,0.0016369992650210367,0.002006448847192442,2.8952335124797512,4
2019-03-03,0.10826716391571216,0.1657148943590068,0.49046114760601683,0.6464963135371697,0.4012716884782711,0.24164479498820712,0.0018341409665495944,0.0015946360073868376,2.5667453734612873,4
2019-03-04,0.09707145538325919,0.20575167181964965,0.552354130691378,0.6173485098612529,0.35057441392536276,0.24334429312174888,0.001667827973273995,0.001985536739012532,1.9244975006369,4
2019-03-05,0.053167985426122215,0.22839556381194273,0.6294113899582351,0.580604524653898,0.3174206246156427,0.2607563228629091,0.0015765283432762473,0.0023787386646283836,1.7113590639228857,4
2019-03-06,0.10832576397896908,0.013879829393760885,0.7828486278055851,0.7805913918578467,0.10882560821544578,0.21185871090115005,0.0008401073236905814,0.003606450084585635,3.0337111888740744,4
2019-03-07,0.47136036025324984,0.5653104636539393,0.5055801154727356,0.5405006254094312,0.0230595242740145,0.006204500541723231,0.0003754176040883608,0.0028312956513553123,3.6445390456592985,4
2019-03-08,0.5388971145334973,0.6094240014389166,0.43296783442945025,0.5667350826949001,0.028135051037052314,0.005984007138449211,0.00036032386332555987,0.0025423974427078106,3.430771818168907,4
2019-03-09,0.5647937789027889,0.5903056564946836,0.4085627892848062,0.501100123469218,0.02664343181240489,0.004149296906445248,0.00034281450640733825,0.0024552729018547143,1.951932456594097,4
2019-03-10,0.39450204748668843,0.5966440326295364,0.5742897021416986,0.5891816739872444,0.031208250371613053,0.007201919430828941,0.00043981903193569355,0.00306426537683027,3.479239144427206,4
2019-03-11,0.5201241471456756,0.5982140931435038,0.4617414614307971,0.5959869836640431,0.018134391423527563,0.007563636593057883,0.00033533376873880986,0.0026817997239495586,2.136489461513972,4
2019-03-12,0.39533479861146437,0.5936716645157836,0.5518376311549336,0.6059627091653734,0.052827570233601864,0.009136262506134281,0.0005130200653444518,0.0029123924147102715,3.5358908480670954,4
2019-03-13,0.4988790582229235,0.594407824690086,0.46222751510239646,0.5894287625431422,0.03889342667468002,0.009854769273101605,0.0004160891888391445,0.0026188713867554727,3.5907526377531394,4
2019-03-14,0.5140699014984844,0.5960704883947345,0.43890978769690475,0.5492881040205855,0.04702031080461079,0.010014976271111805,0.0004364168027889158,0.0025058316394069692,3.6835427449323994,4
2019-03-15,0.545570770632077,0.5529658178107398,0.3761228507774234,0.46135867062301267,0.07830637859049948,0.0035695633646981224,0.0005274717168843015,0.0021721208513206104,2.614254312122519,4
2019-03-16,0.6301502169128164,0.6816263313009747,0.3636860831405349,0.36448538594410573,0.006163699946648685,0.0003877127942003022,0.00024181455909194836,0.0023503946358816863,1.5962097686662715,4
2019-03-17,0.4607585494343195,0.6471091605553223,0.48813964999160747,0.48869234722594934,0.05110180057407291,0.0015233868797604082,0.0004758640343354601,0.002678233405092234,3.2043023850990404,4
2019-03-18,0.5943792672123055,0.6452559584312878,0.39868569492779204,0.46842017456156604,0.006935037859902664,0.0014685615711341707,0.0002616422985041904,0.0024796079296328655,3.781421193240431,4
2019-03-19,0.6141277986271187,0.6463891778524998,0.3760448154501677,0.49288261161363045,0.009827385922713629,0.001591342570886124,0.0002619688880551955,0.0023854422607163146,3.476370708400358,4
2019-03-20,0.6205378818737615,0.6649443050402997,0.36014323424576256,0.4523808480852399,0.019318883880476072,0.0008738992299210409,0.00029110873532188757,0.002296034841528959,3.2381263873706856,4
2019-03-21,0.6284503721823874,0.6599219830111339,0.3661023331254678,0.43389248440729095,0.005447294692144517,0.0008857788668353055,0.00024020043479672544,0.002361715947664739,2.0268481712994038,4
2019-03-22,0.5875394165286552,0.6597629569322558,0.3995518304189918,0.43249736485018664,0.012908753052353103,0.00088576080471283,0.00028522345382962474,0.0024642305779013778,3.7676758923281994,4
2019-03-23,0.6402240558509271,0.6597616390810842,0.3563286128915976,0.4328471875032821,0.0034473312574751867,0.0008867624501335137,0.00022773975887159783,0.002331199658013824,3.803900391856775,4
2019-03-24,0.642116331898689,0.6599779289411525,0.3540698894010985,0.44149624046146224,0.003813778700212368,0.0009068742636892288,0.0002280723479281693,0.0023215624058936695,3.675385308706622,4
2019-03-25,0.6418247355134987,0.6594532535773082,0.3548986299233409,0.4344516240189902,0.0032766345631603942,0.0008988237411401129,0.0002263891486975479,0.0023263545438879985,1.6863507620218026,4
2019-03-26,0.5861980677036296,0.6530862747214501,0.4059589871735429,0.42097911823051837,0.007842945122827401,0.0010304239688834961,0.00026865777933534,0.0025041277021472783,3.7555804044239975,4
2019-03-27,0.6662690681615288,0.692157611819471,0.3217786998788844,0.38718077715290516,0.011952231959586786,0.00031661683754634877,0.00024404573794282102,0.0021747409981579227,1.252772792853211,4
2019-03-28,0.4954614831999458,0.6398899591536353,0.48595160233794554,0.4760321391615055,0.018586914462108795,0.0017326880647566606,0.00034867907455552767,0.0027714326879734533,3.4270021853631056,4
2019-03-29,0.591290738135825,0.639222776931845,0.3988667745888153,0.4997769436736415,0.009842487275359833,0.0019208716732686578,0.0002730038923161,0.0024712193358429665,1.8468828159676458,4
2019-03-30,0.45640265246262496,0.6236099943759946,0.5178294303644412,0.5277130118118145,0.025767917172933953,0.003120404960167772,0.0003917791680080376,0.0028689117635537975,3.6236832176085496,4
2019-03-31,0.5849082997564485,0.6267156987906889,0.40899281737751364,0.5139808947382329,0.006098882866037999,0.002747141933929959,0.0002633514445601892,0.0025209771797696364,3.7720153688166174,4
2019-04-01,0.5965290871702238,0.6356365680377124,0.3899522385854534,0.5188892970847482,0.013518674244322963,0.002376810894053674,0.00028297270449175675,0.0024262277836891912,2.9149255186178635,4
2019-04-02,0.5823057943528117,0.6294236175653165,0.4124082315783068,0.4821065547802069,0.005285974068881552,0.0022931623179715064,0.0002618389603938293,0.0025363569803987115,-7.172275488714846,4
2019-04-03,6.738354690531128e-12,0.39156670554417217,0.11400739402288201,0.008217201049023595,0.8859926059703797,0.8859926019217961,0.0035191465927511666,-0.0013331037504509145,2.0069677391338097,4
2019-04-04,0.00910037100588767,0.0006277191348559259,0.2918414956122215,0.5866888067360354,0.699058133381891,0.8101899183169913,0.0028876848985135354,-8.121394146556708e-05,2.1652533113251415,4
2019-04-05,0.027256692376834583,0.00010013826606537708,0.4732941090946814,0.7680548035917253,0.499449198528484,0.7888697022213862,0.0022058143966820903,0.0012238206261917246,2.1522374769035064,4
2019-04-06,0.02387215862407587,0.0005199350263273464,0.4584865807457765,0.598428103508318,0.5176412606301477,0.8145070825753471,0.0022689492725831597,0.0011113867682329638,2.5449726718022454,4
2019-04-07,0.0289632708872702,0.00027022785687269373,0.48295923871824736,0.6870522318490025,0.48807749039448245,0.7970559891174545,0.0021665366958937425,0.0012956404353667535,2.045195240190814,4
2019-04-08,0.03127330822527465,0.00017101656426001658,0.529293845068156,0.7152774687599822,0.43943284670656924,0.8038392355376747,0.0020008331166687563,0.0016216293662258395,2.3562499880925274,4
2019-04-09,0.025228843777696654,0.00063157613100353,0.4732978172869955,0.5752727583889196,0.5014733389353079,0.816153550002847,0.002213649621004481,0.0012175204233122454,2.1345740968340623,4
2019-04-10,0.03893099714570254,4.923625186287531e-05,0.5790951397279148,0.8021148456078717,0.38197386312638265,0.7942133105927879,0.0018024438286389074,0.001988150758271136,2.2888393354846546,4
2019-04-11,0.0726305259450918,2.0666856399944147e-06,0.7297020066030201,0.8786886864100034,0.1976674674518881,0.7665204462747319,0.0011599289751776855,0.003129451839501901,0.48013418563984933,4
2019-04-12,0.004440806344413124,0.004411860201618099,0.18341814231016865,0.25583950314722526,0.8121410513454183,0.8691480915342107,0.0032696242948701457,-0.0008417037682237527,2.144926851429253,4
2019-04-13,0.10076378117067816,0.2887549527867536,0.8448117562395008,0.7083184942246836,0.05442446258982114,0.047318770858552434,0.0006578561463556361,0.004009168541077428,3.014077681965786,4
2019-04-14,0.2628817226404885,0.2894452912737724,0.577892615934179,0.7043377229283907,0.15922566142533262,0.04431275157200543,0.0009382846197077927,0.0026784741678568,2.39543114594142,4
2019-04-15,0.21638423175329338,0.4325056852485606,0.6924764955722894,0.7023268016585098,0.0911392726744173,0.05188230748762013,0.0007286524494215552,0.003321768090957086,1.878836252636051,4
2019-04-16,0.08889083330529834,0.5389451266990483,0.5059934309902027,0.46623287851990186,0.40511573570449905,0.062359132413502535,0.0018565920119108061,0.0016410554548641548,1.8882546735366406,4
2019-04-17,0.17700377063598158,0.042020116196780394,0.7906280797410731,0.7154422547033746,0.03236814962294546,0.06201919820841296,0.0005466805179122213,0.0038742085353585514,3.1780164899726504,4
2019-04-18,0.26285719545370784,0.5370294598443662,0.4182302481505413,0.380766669726233,0.3189125563957509,0.07169151440354157,0.0014800263307767404,0.001579917609866081,2.730175037777334,4
2019-04-19,0.28875362706117097,0.4874415584223076,0.6091134824512887,0.6848989140412003,0.10213289048754039,0.05169062761168188,0.0007316867192947256,0.002973979692719778,3.365761943928053,4
2019-04-20,0.38468315765896505,0.5089034072591226,0.5281600993490363,0.6767532670417405,0.08715674299199885,0.045945323948225814,0.0006348958043793872,0.0027162635954109293,3.4145294492144576,4
2019-04-21,0.4167416265987102,0.5076295043461216,0.5033466209046906,0.683110749228784,0.07991175249659925,0.03473815559736123,0.0005949045941444099,0.0026455502939551692,3.3740036864663363,4
2019-04-22,0.5346894052313931,0.6125728356514747,0.44860576751927916,0.5674865061630789,0.01670482724932762,0.004885253068108964,0.0003234936148328727,0.0026368610914782476,2.170959894216741,4
2019-04-23,0.3726325503471557,0.6047688940773208,0.5482542281543825,0.581386284326477,0.0791132214984617,0.00677817306267097,0.0006133032119863854,0.002816920645495845,1.7536404813719622,4
2019-04-24,0.28557759281715717,0.5740560671137819,0.6611157211638541,0.6340471313611795,0.053306686018988594,0.01380482063505453,0.0005668721758156469,0.003321848667413062,1.890632724369835,4
2019-04-25,0.25574086140864816,0.5737222121280173,0.6495542297436395,0.6343410571570346,0.0947049088477124,0.016680939664753976,0.0007221129384646777,0.003149232039215508,-0.3951925424267635,4
2019-04-26,0.0766081898139422,0.3683544728796548,0.8439987572624879,0.7116194537264813,0.07939305292356977,0.06954488638787527,0.0007545308638041109,0.0039282236125963875,2.967553988862394,4
2019-04-27,0.25620064407517684,0.09444956869218901,0.556520301313044,0.6768471072405517,0.1872790546117794,0.03734160208231302,0.0010368389695831369,0.0025105911447111306,3.113968911759726,4
2019-04-28,0.2753204293014265,0.3168146422652793,0.49073673830004605,0.702009878105203,0.2339428323985275,0.042507329428629496,0.0011860499790464353,0.0021176416894311723,2.883711699656745,4
2019-04-29,0.26598522643593414,0.31307252009869424,0.5065414686442036,0.6998797990580928,0.22747330491986217,0.04114993801644843,0.0011686087910028676,0.0021972580907342163,3.2780344484454247,4
2019-04-30,0.18491423360357245,0.14035903537308603,0.3489329011023033,0.6835272184037591,0.4661528652941244,0.0377171846041283,0.002015885451261245,0.0008600135973409527,1.9859117653372267,4
2019-05-01,0.2152612614525281,0.7661766032366685,0.5761695263835579,0.753213247460583,0.20856921216391386,0.08225127457024173,0.001076293868652948,0.0034118135438361797,2.9104386814131407,5
2019-05-02,0.30898014971781596,0.7911131086175585,0.5282816991977455,0.7942141489972157,0.16273815108443893,0.07242078208075599,0.0008855341786876906,0.0032688539856517845,2.632173227644901,5
2019-05-03,0.25013475028316373,0.7956760456737781,0.5889264261969873,0.805153225753371,0.160938823519849,0.06755090266379413,0.0009016816424210524,0.0036031542694255686,0.836891107057605,5
2019-05-04,0.11240793112660542,0.7474751301537016,0.6150893909445774,0.6726617755953822,0.27250267792881727,0.15882618194806908,0.0013318216726781417,0.003459656288851461,2.4227136607174926,5
2019-05-05,0.07935605196902999,0.783897373243838,0.6778645437888576,0.7344272305204821,0.24277940424211236,0.1357658548265648,0.0012434006458957297,0.0038770558944236757,2.6321227318544933,5
2019-05-06,0.21587740034770525,0.7976381531442626,0.6864195087247295,0.884418533386933,0.09770309092756536,0.015541080278079641,0.0006996386316294482,0.004295126495960055,2.923946815629497,5
2019-05-07,0.3353317524779257,0.8018848893570599,0.576074055251663,0.8922549132353087,0.0885941922704112,0.014754507840495099,0.0006242740332855777,0.0037185683559722254,2.1699836064792484,5
2019-05-08,0.0827735455845155,0.8185515012677873,0.833613262187555,0.9102621590293789,0.08361319222792939,0.017442542177258005,0.0007000726472110839,0.005131424087222494,2.6705955243865134,5
2019-05-09,0.0509687071322355,0.8115291894022156,0.8324387086481901,0.8783723435836066,0.11659258421957414,0.027408166295543195,0.0008241504345250113,0.005040573568699748,1.8527800292461198,5
2019-05-10,0.04839539070314305,0.7656911489061614,0.7089356486370185,0.7413373778800734,0.24266896065983845,0.09523612808474878,0.001254552257184828,0.004046255220046096,1.9842097364712208,5
2019-05-11,0.08127395534190464,0.7759993217774132,0.6838601080063361,0.7382761021113462,0.23486593665175914,0.11563166402532736,0.0012158103628815782,0.003929918036120492,-2.2805516460167405,5
2019-05-12,0.01146918184514681,0.8155122667063636,0.3272641799917986,0.4732811967176748,0.6612666381630546,0.6612666556174983,0.00268092300436162,0.0008992271216973636,1.1347337209299766,5
2019-05-13,0.00523437821817162,0.7432226264939453,0.269080663236468,0.3372048645333111,0.7256849585453603,0.7279572163772463,0.0028988965280159554,0.00041793054452178677,-0.28246024170865197,5
2019-05-14,0.0011134589638534297,0.6428660796501022,0.16255826164828355,0.19305107988542486,0.836328279387863,0.8363285091069759,0.0032694342374966034,-0.0004445469817018124,2.0259171263097264,5
2019-05-15,0.0015086014443735822,0.7483615307039428,0.216564228743742,0.2799317820144765,0.7819271698118844,0.8127204684211714,0.0030881119475532253,-1.1617002272266367e-05,1.8366809587441582,5
2019-05-16,0.0005989038600942609,0.5941278207524571,0.1537005080853539,0.16239086704198377,0.8457005880545518,0.8492963301849233,0.003300822845570387,-0.000516705577103447,1.5032380400389906,5
2019-05-17,0.0016128181262857675,0.7880535323910998,0.1868932235086487,0.31534788539106495,0.8114939583650657,0.8164696702250313,0.0031865730447491135,-0.000248646830583681,1.0387217301340321,5
2019-05-18,0.0014614004338615982,0.8225458946426432,0.1727252921443633,0.34903030035507704,0.8258133074217751,0.8260980322003626,0.0032343025348538336,-0.0003623440392659862,2.0887038190666654,5
2019-05-19,0.005819997500323004,0.8277464474237426,0.2366983755149877,0.3598651457802719,0.7574816269846892,0.8227745942892656,0.0030048019684810853,0.00016044991503090457,-0.40998400743504904,5
2019-05-20,0.0003044397831924626,0.697760593749368,0.10298736139254576,0.17393823731987873,0.8967081988242618,0.8967083391660327,0.0034704029554066935,-0.0009230430535943352,1.740727593921833,5
2019-05-21,0.0004183800426065356,0.7783507830906311,0.1268189996268162,0.24127293405209982,0.8727626203305772,0.8828409142592175,0.0033908447969617397,-0.000732155397027925,2.075293067152474,5
2019-05-22,0.003272043041532744,0.763706056843355,0.21956082035918198,0.2964779400067282,0.7771671365992854,0.8094700132296538,0.0030715108953762666,1.6864965577001066e-05,1.501151631096285,5
2019-05-23,0.004086768279120825,0.8671632197366472,0.26394942070418703,0.5035508718220063,0.7319638110166921,0.7523780661963513,0.0029203397020972238,0.0003739537351815712,1.9285196527573607,5
2019-05-24,0.005070987640270775,0.765991371795237,0.3351251126440665,0.3865392967953259,0.6598038997156627,0.6901232744682052,0.0026786186295722214,0.0009457089680007589,2.34665522991613,5
2019-05-25,0.012992558372515475,0.8128575261842265,0.4079181098716538,0.4688155012875373,0.5790893317558308,0.6615812380845258,0.0024047495475680966,0.0015481663434499062,2.4600028618606755,5
2019-05-26,0.0292292049584776,0.8029860504498311,0.4061702320240895,0.4584365369971843,0.564600563017433,0.6546686993933875,0.002349618092209921,0.0015757719830142044,0.4325725232120129,5
2019-05-27,0.0045653597521276785,0.7272882997570523,0.2551116781251562,0.313816047618592,0.7403229621227161,0.7409298103887826,0.0029480547238339818,0.0003044987753789076,2.2612198834640793,5
2019-05-28,0.0127830722603384,0.702578566446075,0.30684729265242683,0.3223358018353742,0.6803696350872348,0.6942063832032171,0.0027443224692342673,0.0007393061529891315,2.1624581683397337,5
2019-05-29,0.022103048188585234,0.7287124733244557,0.3208655265105403,0.35085332856380563,0.6570314253008745,0.6855499401005458,0.0026624295728739557,0.0008752881800426257,2.2848855145086135,5
2019-05-30,0.12278409432188839,0.775370453143901,0.5553238767171735,0.6296080507749934,0.32189202896093805,0.2916643513329029,0.0014950793469282856,0.003008250685327315,0.7612995066240222,5
2019-05-31,0.08240258202867425,0.7486061900553508,0.5387094706050295,0.5582387870376525,0.37888794736629633,0.35869341720558634,0.0017032247313819985,0.002771952313159101,1.8566627634039368,5
2019-06-01,0.04931657350656127,0.8429041473912847,0.6694787700136963,0.7336443818215809,0.2812046564797425,0.3122993625233312,0.0013850716068438647,0.0037330542915147424,2.793254805640615,5
2019-06-02,0.1280100561435203,0.7684322359468025,0.5162215576390544,0.6013451962244113,0.35576838621742535,0.325979380869887,0.0016075527473825148,0.0027089105592566997,2.2792232231009346,5
2019-06-03,0.05151901260052334,0.7809064454453498,0.6004488510426974,0.6324285210561493,0.3480321363567793,0.30054274267926273,0.0016107190253104523,0.003186621591529727,0.2619356030406277,5
2019-06-04,0.057926419104002196,0.7829686461764775,0.48705791774401647,0.5503551427001471,0.4550156631519815,0.4551186681143559,0.0019695880070069215,0.0022961769218237727,0.5481790182031703,5
2019-06-05,0.034056336759143796,0.8220724831562808,0.4345480910562232,0.5675903082648525,0.5313955721846331,0.5328307714343101,0.0022361068466239284,0.0018150896646355213,2.320113960657401,5
2019-06-06,0.04289616903946982,0.8143735396355353,0.5991080419922765,0.6448310159325042,0.3579957889682538,0.3735663580287081,0.0016477243734768512,0.0031538139586730143,2.679152788469734,5
2019-06-07,0.12391687292369145,0.8172503507372151,0.5569627592348543,0.6531626495382504,0.31912036784145437,0.36756947165863507,0.0014852724252596547,0.0030242590214061087,1.9448070392553958,5
2019-06-08,0.02512996438832544,0.8269988108662196,0.6242278539491103,0.661159313127134,0.3506421816625643,0.3857379560531625,0.0016295852147310476,0.003309210204156463,2.4260313862385563,5
2019-06-09,0.04779054659969451,0.7957615253297732,0.5516762335575885,0.5898733640152659,0.400533219842717,0.41812572055313496,0.0017896764647913133,0.0027870086969261753,1.1506594223678395,5
2019-06-10,0.06573817928706799,0.8151884088248771,0.5586725725277506,0.6409031544071772,0.37558924818518147,0.3833227487375006,0.0016984877924233277,0.002888929148151447,1.2759918503686682,5
2019-06-11,0.03213203282340503,0.7816744726876712,0.5237873584353705,0.5551268729996091,0.44408060874122446,0.4432959360184738,0.0019427510894095403,0.0025238609344202766,2.4234411644966687,5
2019-06-12,0.07380925610859432,0.807366097675892,0.5419268854736595,0.6046938852475061,0.3842638584177461,0.4247342619450346,0.0017246951097464867,0.0027756751173414118,2.113060960038646,5
2019-06-13,0.015950013643124164,0.7672950525071175,0.511423096836509,0.5237432804789265,0.4726268895203666,0.46458824901482093,0.0020453254472684707,0.00238353199953233,2.5554106293522905,5
2019-06-14,0.0558728806913381,0.7580684396557266,0.5664225369568977,0.5941143018803918,0.37770458235176413,0.31459922806899343,0.00170942398965282,0.0029256437462948956,0.8489307929331238,5
2019-06-15,0.2176333535152798,0.8364198028398557,0.5938615678647117,0.7929902637582988,0.18850507862000848,0.1799866492495315,0.0010073925086511867,0.0035593826417641616,2.5079127020595546,5
2019-06-16,0.10306658656141732,0.7648877727211364,0.5695858615855414,0.6403885167415178,0.3273475518530414,0.24743254130269154,0.0015210700694219433,0.003071812828439667,2.4366075736881165,5
2019-06-17,0.04845572374393117,0.6677062596363108,0.4873668342838043,0.4945171451761425,0.4641774419722645,0.31839187576868533,0.0020041639045431277,0.002274391655092573,1.8169109928253202,5
2019-06-18,0.056851840474798125,0.6958116667387416,0.5323705925653823,0.5234013480740072,0.4107775669598196,0.31546521380025827,0.0018207779726886505,0.0026558172790292506,1.4597568625767334,5
2019-06-19,0.06056791656785,0.6977491697512103,0.5219442165447843,0.5048877209757809,0.41748786688736567,0.3533254968044011,0.0018419912603153947,0.002581948747877841,2.1799193143856646,5
2019-06-20,0.01912613700331633,0.43299619603206757,0.3385780728349572,0.2736244237530987,0.6422957901617263,0.42338571422544197,0.002614289693873552,0.001009321676075192,2.0157097136392865,5
2019-06-21,0.12515776066906953,0.7631066862310704,0.5944346966173661,0.6564795633565653,0.2804075427135643,0.215713528413923,0.0013537773899159023,0.0033271225734392363,0.6877304318371285,5
2019-06-22,0.0955736888999919,0.8126715498197786,0.5967768411445105,0.681667466509998,0.3076494699554976,0.30051812586927923,0.0014572580297970304,0.003270084901997365,0.5865096442895622,5
2019-06-23,0.02428973587143677,0.5887198941628747,0.411986045103686,0.33015102784460293,0.5637242190248772,0.516638776133627,0.0023486405346231994,0.0016096337987133928,2.4736534479095718,5
2019-06-24,0.057758020992561124,0.7483537485180812,0.4829675145367579,0.5118651287774805,0.4592744644706809,0.44326173303358823,0.0019840065310136076,0.0022630322328084157,2.359165769127597,5
2019-06-25,0.051473905397231595,0.7804255324864372,0.585524131708338,0.6174213400934023,0.36300196289443054,0.3266620802371564,0.0016613894887949694,0.0030671441745862378,0.4783380447171829,5
2019-06-26,0.06293257291543099,0.8197952420316863,0.5239268246618201,0.6279673913268617,0.41314060242274886,0.4215007720229513,0.0018264030293648464,0.0026038610845588285,-0.1818862232580628,5
2019-06-27,0.002711332695871814,0.3194572754637474,0.22655968346722688,0.10442196538119207,0.7707289838369012,0.7703963962877823,0.003050276277043218,7.140298980041538e-05,-1.1449020075667313,5
2019-06-28,0.000902488546669104,0.6589371124220981,0.15105198680532844,0.19317609709741568,0.8480455246480023,0.8480455246499897,0.0033084924980115553,-0.0005371098575203328,0.16452440729207826,5
2019-06-29,0.0010618731504385328,0.839755481036451,0.15407546690875404,0.35489243295944756,0.8448626599408076,0.8448684160333498,0.0032978414642047833,-0.0005125210744595766,1.6537470689490816,5
2019-06-30,0.0005022699488298292,0.7357436671835279,0.13413804917935732,0.21799007436815526,0.8653596808718128,0.87352903018072,0.003366213529607959,-0.0006734057337189964,0.5369552472689688,5
2019-07-01,0.0001098321347064783,0.44500372385616843,0.07409282163003343,0.07345811790654357,0.9257973462352601,0.9257973393001107,0.003566976409580165,-0.0011546283574352155,1.792531220697521,5
2019-07-02,0.00030241362692947905,0.7073634662087799,0.1107163339250074,0.18093641975133293,0.8889812524480631,0.8946475325256072,0.003444754948339788,-0.0008612350352776372,1.9771324197373263,5
2019-07-03,0.0004847808779453339,0.7387629558981377,0.1405787864347794,0.21184750150702644,0.8589364326872753,0.8821785315264269,0.003344874435255317,-0.000621940104819862,0.2333577179887611,5
2019-07-04,0.00046987363468976395,0.849935385236052,0.11604856166220896,0.32348894812366386,0.8834815647031012,0.8834896625553875,0.0034264235531050857,-0.0008181611367394292,1.184355876846062,5
2019-07-05,0.00010942476122362705,0.6015681403273674,0.07257775025084294,0.10920871556586711,0.9273128249879334,0.9273701128952423,0.0035720005627392463,-0.0011667463311089143,1.8892602268963932,5
2019-07-06,0.0007182575444165083,0.890525833779457,0.16810174908402772,0.4344663345408919,0.8311799933715557,0.8669039724287471,0.003252472322123108,-0.00040122457267172075,2.0465495137227605,5
2019-07-07,0.0006332358918077685,0.7945377788747193,0.168530090391047,0.26034779604338015,0.8308366737171453,0.8789827937309752,0.003251365685968432,-0.00039801662458977655,2.0034411027904744,5
2019-07-08,0.0017296209289871976,0.7929519892602654,0.2489850321970699,0.3410142938623419,0.749285346873943,0.7932939366431451,0.0029791414101855017,0.0002482375821462456,0.8647819347455805,5
2019-07-09,0.0016194464865831402,0.5584355878126017,0.18686407954699474,0.1695718052648592,0.8115164739664221,0.8112541070599683,0.0031866452436591828,-0.0002488629360295274,2.040261375346609,5
2019-07-10,0.002329006508951152,0.709243792642897,0.24442725667132265,0.2783595762534754,0.7532437368197263,0.7715809251911782,0.0029921045411247394,0.0002133214456845941,1.5217311945634975,5
2019-07-11,0.00549994107484081,0.6364511385192375,0.2795490020362529,0.2637169022837013,0.7149510568889064,0.7123689064652182,0.0028629252026383454,0.0005023322454882071,0.9326583429344815,5
2019-07-12,0.004819269948907199,0.7127272855858796,0.25884217403236337,0.30437113764420154,0.7363385560187294,0.7364710974823265,0.0029346470432186165,0.0003349840799927446,1.5008866836227936,5
2019-07-13,0.010688148104653527,0.8806787108650086,0.3936182127521147,0.6268866289528429,0.5956936391432318,0.6522730059489054,0.002461418045117544,0.0014278995922444137,1.3388809259070853,5
2019-07-14,0.02227934967462326,0.8303402882400466,0.43351775579953333,0.5624523932799937,0.5442028945258433,0.5659979938767059,0.002283832151859623,0.0017766868462719358,0.03128228129394972,5
2019-07-15,0.008280911611945833,0.762249595693074,0.30144907952362376,0.38221944288520165,0.6902700088644304,0.6902724575969063,0.0027792750985524573,0.0006846027180609044,1.0566874362897163,5
2019-07-16,0.00939347813378083,0.8518256978801119,0.3277749520181771,0.530040398494116,0.6628315698480423,0.6773715756835711,0.002687004395545162,0.000897995885188035,-1.1594691726257675,5
2019-07-17,0.0009065173866673736,0.7745363249625915,0.1483570774599831,0.27029439802655586,0.8507364051533495,0.8507364051828981,0.003317437741340122,-0.0005586523379812819,1.9889636185806772,5
2019-07-18,0.00084032029885904,0.7760673503703281,0.18557861286395141,0.27217839862082027,0.8135810668371894,0.8502532806240987,0.003193845298151302,-0.00026113903835495015,0.3330290294007049,5
2019-07-19,0.00035955224255371275,0.6354194572651923,0.11024560201699563,0.15162368801836648,0.8893948457404507,0.8894013507182804,0.0034461037543020204,-0.00086485341890017,1.9400333833319299,5
2019-07-20,0.0011525879812075254,0.8256692211429997,0.18150766139657942,0.32678383397326594,0.817339750622213,0.8515070930569235,0.003206228225381638,-0.0002928971037416731,1.8446390741803893,5
2019-07-21,0.0005416082580938985,0.7846461525531913,0.17389731715504742,0.2693827987521481,0.8255610745868587,0.8614109328056994,0.0032338487713074117,-0.0003553263798504768,1.7943720359889475,5
2019-07-22,0.0010299179954421963,0.8182892808801538,0.1927607654513555,0.3331704233057015,0.8062093165532022,0.8360570911547583,0.0031692184182034316,-0.00020321348846160932,1.7848913012072312,5
2019-07-23,0.0008536565632010413,0.7710411796883194,0.17700902136460606,0.27288534192999436,0.8221373220721929,0.8445159336561878,0.003222323066899326,-0.00032964102154065043,1.4687364955577973,5
2019-07-24,0.0017567386705138225,0.858161179269114,0.19344299995392225,0.4214982261916,0.8048002613755638,0.8144372458464152,0.0031642220999784786,-0.00019589575620070684,2.1027780721578537,5
2019-07-25,0.007038855978125894,0.8216441389399257,0.2805973691153335,0.39251182879635693,0.7123637749065406,0.7780435751057795,0.0028536482758352234,0.0005146580524201696,2.2909777739817203,5
2019-07-26,0.016807920053943777,0.8486333707165815,0.37056197981895383,0.4770123482941711,0.6126301001271022,0.7350421423018922,0.002515790049554308,0.0012591787771448573,2.344587646236334,5
2019-07-27,0.09462828760516478,0.8661077251124661,0.6410372400051548,0.7721819633760022,0.26433447238968044,0.3498790120217874,0.0013108297620090274,0.0036216404224568527,0.8914967322571379,5
2019-07-28,0.032926156076915396,0.8129322942289786,0.5281763018979233,0.5928643451467026,0.4388975420251616,0.46234228303296315,0.0019249537394481725,0.0025609958030649283,2.6201320316149412,5
2019-07-29,0.15517124727901682,0.7958311385169999,0.6533792057845754,0.775140050230938,0.1914495469364078,0.10268256192057686,0.0010408043002747285,0.003875405998275646,2.9701156981119343,5
2019-07-30,0.2986023574146516,0.7602622613825669,0.4765329322535365,0.7182299623634513,0.2248647103318119,0.11599578701342822,0.001099640190318152,0.0028284091352961775,2.9616244872625286,5
2019-07-31,0.32020116517635644,0.7880200535989429,0.5498592821565906,0.8273852391503339,0.1299395526670529,0.09465683838313779,0.0007339227443952101,0.003678745424320134,0.6238246186009352,6
2019-08-01,0.07016260594322359,0.7626079019720604,0.660008943263208,0.705617801865733,0.2698284507935684,0.21963947758824293,0.001295669464091923,0.003957316409625377,1.9123225524427903,6
2019-08-02,0.04258310733087276,0.7688073223783318,0.6729763616557507,0.7023083573048748,0.2844405310133765,0.23768227767044262,0.001354835205808976,0.0039943005889200795,2.7340035792805972,6
2019-08-03,0.06823844175173782,0.7408990697713363,0.6736182316523813,0.7216943613122057,0.2581433265958808,0.15700480942530518,0.0012565139681242792,0.004057107501603181,2.272995073295336,6
2019-08-04,0.03967489202628261,0.7466200766569366,0.6824278443866882,0.7056789787578351,0.2778972635870291,0.18980745413722772,0.0013335296046225779,0.004060056998555607,2.6472561133346644,6
2019-08-05,0.04207036039670388,0.7491303391563153,0.6770381250753932,0.7042952973801836,0.2808915145279029,0.19629497079010422,0.001342918363703149,0.004024222615767967,-0.005606370554922524,6
2019-08-06,0.0328998420532512,0.7028143231719497,0.5080928633860768,0.4932440049415353,0.4590072945606719,0.4551989390113401,0.0019511798115164657,0.0027108205346875964,1.4533018230542694,6
2019-08-07,0.27594702404580684,0.843133948162149,0.6003058322384358,0.9197789724102837,0.12374714371575751,0.15081391701858343,0.0007279855990008048,0.003964877070262633,0.7722088254880555,6
2019-08-08,0.056007634200065624,0.8535861814223087,0.7566736013068754,0.8517130222256362,0.187318764493059,0.2905460443694638,0.0010189521664061567,0.004665015907857036,2.8774149791732695,6
2019-08-09,0.12389979915081678,0.772653365268061,0.4890453343760937,0.5698776895699743,0.38705486647308956,0.4612146375763443,0.0016752413259280463,0.002770432461020909,2.657415556047173,6
2019-08-10,0.2139942557112538,0.7656653514410157,0.4188134528686233,0.5578906130083329,0.36719229142012294,0.46530688748826315,0.0015759867106143602,0.0024363570533651197,0.6867588585305207,6
2019-08-11,0.050657701668178456,0.8029707907995237,0.5236605882618188,0.6346080543973853,0.4256817100700028,0.4324471239466081,0.0018319897666506711,0.0028700126482390036,2.403265983321117,6
2019-08-12,0.020238032758806205,0.7909720405825489,0.594717218674217,0.6228922411985658,0.38504474856697674,0.4196155921121614,0.0017047462381907254,0.0033450648843518067,2.3183113061688068,6
2019-08-13,0.025507297496031815,0.7720569692905703,0.558708984659576,0.5844469969454276,0.4157837178443923,0.4366704118610681,0.0018072597338733985,0.0030814340430482205,0.8666916093653785,6
2019-08-14,0.043020273085903935,0.8083418906985835,0.5163665441898692,0.6317133313864494,0.44061318272422684,0.4519335449058028,0.0018852862773446894,0.0027969661576410674,0.21573705687654976,6
2019-08-15,0.018507696546064722,0.8324143260383672,0.3959739622354324,0.5881021652543131,0.5855183412185027,0.5856149338230797,0.0023839844432895774,0.0018204494771428526,2.0501894019960156,6
2019-08-16,0.02073519167839487,0.8364926516295333,0.5876368761374332,0.6742201026286417,0.3916279321841719,0.4767430836122516,0.0017269322840941681,0.0032920106186095106,2.722674081646191,6
2019-08-17,0.040943215583863615,0.6603478547020495,0.3715047567907125,0.38554572019086586,0.5875520276254238,0.5716000177425635,0.002382665168607281,0.0016838495841966822,2.047440408528643,6
2019-08-18,0.03330679109302605,0.776175807908327,0.5329989942962391,0.5779136024268575,0.43369421461073476,0.4562478338578594,0.0018652621242170376,0.0029023114758544646,2.608763978667331,6
2019-08-19,0.037952506633005666,0.7543604291763893,0.5081874455620049,0.5364558929943051,0.4538600478049894,0.47649612957352344,0.0019319562249146352,0.0027229464266372407,1.0066506883701214,6
2019-08-20,0.03291431417702539,0.8328055463858363,0.5232423624730405,0.6622180652608493,0.44384332334993415,0.48153087259882166,0.0018997999754840574,0.002826771612365736,2.36897879299586,6
2019-08-21,0.057402398145712935,0.8265087226202006,0.6123460015139262,0.6873781522959843,0.33025160034036083,0.42124447520173913,0.0015056714334090325,0.0035638214888546317,0.2462088087786125,6
2019-08-22,0.03221481134746675,0.8353579424668766,0.44862234605155177,0.6406512997161722,0.5191628426009814,0.5217530364797007,0.002154964333632851,0.0022542280290515516,2.635559499755326,6
2019-08-23,0.10326032162299072,0.7810370915088733,0.43217023866348453,0.5108924656811173,0.46456943971352466,0.5697011955940684,0.0019449226151212172,0.0022886686201698705,1.9890183624319318,6
2019-08-24,0.010856120368944285,0.8034576864703771,0.5323941242895849,0.5791961862562519,0.45674975534147066,0.5192791672047625,0.001951321668841422,0.0028470195338508877,1.7166889162097283,6
2019-08-25,0.072692153705157,0.8120399741111689,0.644538949075796,0.732989338640069,0.28276889721904686,0.299130388998544,0.0013388718497793952,0.0038446540277224375,2.7669577632949967,6
2019-08-26,0.15711028117618792,0.7690559680902828,0.5406038336421104,0.6540275560939889,0.30228588518170146,0.3167471965207217,0.0013760858695014146,0.0032398842298008027,2.151669891340882,6
2019-08-27,0.012495598123020165,0.6825341974710625,0.5142593603585478,0.5069377181792454,0.47324504151843194,0.4007619036678082,0.0020066301019996706,0.002711958717741779,2.0199710351478375,6
2019-08-28,0.042459653952165076,0.7833122487535311,0.6214744977645461,0.6628627929066327,0.3360658482832888,0.3354629227317963,0.0015305936979005976,0.003599948594406357,0.7718730877984027,6
2019-08-29,0.07392026531316492,0.8173075216501534,0.5714099450506701,0.7003594456301854,0.3546697896361649,0.3696408537259811,0.0015829220740024535,0.003287869110010835,1.67928044073509,6
2019-08-30,0.09450836671444036,0.8301075806648318,0.695694004781387,0.8090142401291761,0.20979762850417266,0.23860921204152022,0.0010827941743556228,0.004285305717932222,2.8604836188195715,6
2019-08-31,0.13647730749005593,0.8358051519725028,0.7194491185840834,0.843195698669226,0.1440735739258606,0.20959743794407948,0.0008443724879844233,0.004561781092327382,3.1144844002298195,6
2019-09-01,0.26505845779955295,0.7605478361250702,0.5474042791202482,0.768749367236954,0.18753726308019883,0.12321511663048769,0.0009487952326428147,0.0035355218863990586,2.5155141041572313,6
2019-09-02,0.12995664101288099,0.771288135074113,0.6724771022818089,0.7788433169453304,0.19756625670530997,0.12750650550709236,0.001029109689765877,0.004187653449949064,0.07228556304692635,6
2019-09-03,0.06184804758543816,0.7074152081551398,0.5755045786754047,0.5706559600740871,0.3626473737391571,0.3359195179776772,0.001614213287216257,0.0032919567659572286,2.33789942847726,6
2019-09-04,0.014764732784016237,0.6351554288118384,0.5045909986492204,0.4877074876920611,0.4806442685667634,0.36479808706728867,0.0020308835179334377,0.002643100637092795,2.5353632026030493,6
2019-09-05,0.07343011632890895,0.7646211604931451,0.614701738213931,0.6662366088212356,0.31186814545715996,0.28711897600140096,0.0014376339461037967,0.0036180159535470946,2.883346694197304,6
2019-09-06,0.14898190182810045,0.6176317316400473,0.405524708439982,0.4887118359271043,0.44549338973191743,0.34012101101325376,0.001864023356762975,0.0021879651837039614,1.6631916397869484,6
2019-09-07,0.0905292312735915,0.7718076335045548,0.6292804998186708,0.6942407428434357,0.28019026890773757,0.2571871131304316,0.0013239884719642896,0.003768154314664365,2.615941013058071,6
2019-09-08,0.06916281151692608,0.7556465184789731,0.6754129042957878,0.7254314355071706,0.25542428418728613,0.17607906188011102,0.0012469342017707974,0.004072925674595177,2.608854595565142,6
2019-09-09,0.1335395010333977,0.7570727047783934,0.6463219847382677,0.7512090306315449,0.22013851422833458,0.1413980361401951,0.001104824735403932,0.003995609392777158,2.7430134343328336,6
2019-09-10,0.12256732006869644,0.4609402594507225,0.3489437758363962,0.41873747832220637,0.5284889040949073,0.2761071215504691,0.0021537311789141976,0.0016954196813969927,1.6792658412080197,6
2019-09-11,0.2551268754085172,0.7971613465830658,0.5999801540595053,0.820193440946628,0.14489297053197747,0.12180074447144987,0.0008071029025087011,0.003915400948025252,3.202812318821933,6
2019-09-12,0.37911901885633975,0.7734560500645606,0.4565545514885672,0.7713249558840619,0.16432642965509325,0.1418073225347606,0.0008303144059867603,0.0030977697992678613,1.9209491459979617,6
2019-09-13,0.10278810659449167,0.6802723796352128,0.7103608779810183,0.7874118390657766,0.18685101542449006,0.03367628959576414,0.0010017109852756888,0.004416215879919364,2.8241187297069996,6
2019-09-14,0.22753348422328773,0.7360800627582982,0.6864346779642202,0.9019357192644611,0.08603183781249209,0.007244132110454077,0.0006157062344876854,0.004514650195059288,3.281026416218668,6
2019-09-15,0.3608282290571678,0.7219281963985114,0.5309808065941063,0.8788346168782064,0.10819096434872595,0.009678829463674373,0.0006459702080607596,0.0036259760163925145,3.128447613360341,6
2019-09-16,0.4438860996115162,0.7207082406197941,0.4476428593744978,0.8745809805035277,0.10847104101398593,0.010502929409045243,0.0006181251014946074,0.003175738558942699,3.2735588549829737,6
2019-09-17,0.7865314463608274,0.6907856130942727,0.12898119160334356,2.6546859343419273e-40,0.08448736203582889,0.005016476971074446,0.0004143183022569256,0.0015106927852778888,3.3850277552852077,6
2019-09-18,0.6919139949520794,0.6630253161167696,0.16680207990886575,5.0186722883973654e-95,0.14128392513905463,0.004121237112413929,0.0006403769214189351,0.0015865642473008972,3.5809597353293117,6
2019-09-19,0.7323396468693582,0.7012253569787786,0.19258280580422657,1.2892720387147401e-73,0.0750775473264152,0.0018027656991558094,0.0004023806379924138,0.0018750561738434374,3.055766540615606,6
2019-09-20,0.7746193782585838,0.7188038281702571,0.1912662770176364,1.2149994358093654e-25,0.03411434472377966,0.0009981584295214673,0.00024879776579247797,0.001960393872042787,2.8522568505686023,6
2019-09-21,0.7280465609746343,0.6715753402019091,0.19525892426170105,1.3790612513124215e-192,0.07669451476366486,0.0005600697400726094,0.00040939572384957187,0.0018858447849512106,1.2190661686198516,6
2019-09-22,0.8868083463571403,0.671696874144577,0.0720808071110991,1.2521060975138039e-126,0.04111084653176052,0.0020382746683601225,0.00023134064072522726,0.001301603499305986,3.696234917996808,6
2019-09-23,0.6668922505389744,0.6521620873144707,0.2666093571927594,1.3530554708214985e-293,0.0664983922682661,0.00010897722134780378,0.0003970254388882893,0.0022937872247038404,-0.08029518901485355,6
2019-09-24,0.363238419344117,0.7238122461247746,0.5773932656630402,0.9045645530136474,0.05936831499284279,0.0050303723423988375,0.00047896147151278733,0.003986546153852998,-2.757857949796948,6
2019-09-25,0.0005767358225909413,0.1250166951274639,0.2434488978383514,0.06453358545868335,0.7559743663390577,0.7559742675056158,0.0029640709223667815,0.000612919326963027,1.8494110622525712,6
2019-09-26,0.00571043669117683,0.6453012615631563,0.36643743786953437,0.34639759724899544,0.6278521254392888,0.6182477837359649,0.0025313848010876656,0.0015655676496929474,1.3342343503948233,6
2019-09-27,0.0106343445104914,0.7636952227444336,0.3955654397753965,0.46619938529904065,0.5938002157141121,0.6021917024140127,0.002414786361692791,0.0017995560754961,2.4537894855787785,6
2019-09-28,0.02284301845448275,0.8364672227961648,0.5540938129181203,0.6275575015352308,0.4230631686273969,0.5439769797284064,0.001832888147207666,0.0030401080472325683,2.6979408299251837,6
2019-09-29,0.07357627596911342,0.8180957124280153,0.5025666357420865,0.5739844894492405,0.42385708828880025,0.565020636452234,0.001817715899074498,0.0027603290496740667,2.0684728859288035,6
2019-09-30,0.0265306660185978,0.8291392226610397,0.5287408711918669,0.6017203625403676,0.44472846278953515,0.5571780508088932,0.0019050515947901395,0.0028544384162792827,2.1882560138383313,6
2019-10-01,0.0035633003468248316,0.7768842286557516,0.4467820543066431,0.4760140573808087,0.5496546453465323,0.6122691421883698,0.002268310755476256,0.0021754898578288094,2.5368184724035503,6
2019-10-02,0.021075923728153,0.8479018159144126,0.5887111295301996,0.6616839618418907,0.39021294674164747,0.5371450425272201,0.001722008444829109,0.0033009993310854423,2.7263559162100903,6
2019-10-03,0.055014785915409946,0.8305927981566275,0.5387381978068172,0.6012797560270859,0.40624701627777304,0.5621489101107681,0.001764564704063116,0.00299521348496953,2.2766864053361693,6
2019-10-04,0.043744172698272556,0.8174239111230353,0.5180101512877459,0.5826001364796475,0.43824567601398157,0.5509337865701914,0.001877008371706497,0.0028111760379305292,2.3595061660573147,6
2019-10-05,0.23258902697749115,0.762131664665698,0.6578436566186937,0.8583629663844359,0.10956731640381524,0.0349834725472142,0.0006943369442947439,0.0043072908492943875,3.1644872487742384,6
2019-10-06,0.37130944940823996,0.742144905361764,0.507079249046216,0.8499668225828264,0.12161130154554405,0.027549844834700108,0.0006879798297804117,0.0034667426803322472,0.5476191036641433,6
2019-10-07,0.29807979789101735,0.7262583806360181,0.5993747241468823,0.8461996946686791,0.10254547796210023,0.022178911490807616,0.000648226705155355,0.004007698882826027,0.7470662703591805,6
2019-10-08,0.11405827901790803,0.7648537259778734,0.7120663026610119,0.8005484343296843,0.17387541832108,0.09016965225647293,0.0009536377824554583,0.004454698196456591,2.9051112752498573,6
2019-10-09,0.21281214281526806,0.7230282120630072,0.5549058655526401,0.7283219340847982,0.2322819916320918,0.12310951946135971,0.0011189475365323413,0.0034750187192365374,0.8091871967385016,6
2019-10-10,0.0857178310455781,0.7325898975214241,0.6223340671188085,0.6582105733620185,0.29194810183561354,0.2385564026942571,0.0013656481742519242,0.003704145025229361,2.8632995556239336,6
2019-10-11,0.2167706201412875,0.7610369603789994,0.5620877240931742,0.7330534025688411,0.22114165576553824,0.17447673134643935,0.0010797109342977158,0.003538904637621228,0.972316377125485,6
2019-10-12,0.16717870612173394,0.8142634281024012,0.6650249182696544,0.8246329848861141,0.16779637560861177,0.1592732153017071,0.0009150146717329123,0.004214629890432247,3.1292702508150665,6
2019-10-13,0.30257131748562466,0.783457200121068,0.49756259403472025,0.7372139294630217,0.19986608847965506,0.2144154147926958,0.0009776698055297243,0.0032388056153723004,3.1509424807554396,6
2019-10-14,0.4395511189303736,0.7522835486244518,0.34782674302222016,0.6810926777899509,0.21262213804740618,0.23819720795371116,0.0009725471617054382,0.0024021995817741794,3.2719877881751995,6
2019-10-15,0.5372549166521072,0.7697593021607516,0.29646667019187356,0.7162049013284354,0.16627841315601916,0.21757179518472222,0.0007808400080319591,0.0022296960954537267,1.1687580153973796,6
2019-10-16,0.07558185084145455,0.7364863769307807,0.6002851011068147,0.6404964684953238,0.32413304805173104,0.2734886006383612,0.0014785940706014435,0.0035125608753897954,1.9835521421856417,6
2019-10-17,0.08149751165161108,0.7745999000836256,0.6804977563619901,0.7410873005507216,0.2380047319863989,0.18884613868583874,0.0011833785162171152,0.004139668416918644,2.8749249239802426,6
2019-10-18,0.11084773757063347,0.609778355580038,0.5234085096907987,0.5988335059494657,0.3657437527385677,0.16626410206633227,0.0016075993882040745,0.0030039127311760755,2.2135371306583305,6
2019-10-19,0.2144185373797461,0.7909589365453167,0.676250582045167,0.8657553469072955,0.10933088057508696,0.05882704383110855,0.0006996424903402814,0.004407129148874017,3.203569674210441,6
2019-10-20,0.3606489861062715,0.7307826184109995,0.5352993131847177,0.8793386519969691,0.10405170070901072,0.011489121545834955,0.0006319529518009211,0.0036586151555483047,1.6130195254544017,6
2019-10-21,0.07852731252551949,0.7485014925437433,0.7735954753492215,0.8378883838076648,0.14787721212525892,0.038874535661323914,0.0008766487236596029,0.004845315316276473,2.994029534146334,6
2019-10-22,0.8554610851747958,0.4433401100628512,0.03900826745299243,2.5365460649260358e-37,0.10553064737221196,0.05831181743615329,0.0004596185501556702,0.0009778041933084542,0.12645382924249882,6
2019-10-23,0.6325210855058433,0.758433764559326,0.32773520185504385,0.9060701351450947,0.03974371263911311,0.011558702030612605,0.00031875156664542794,0.0026839355123986705,-2.0366631053809137,6
2019-10-24,0.174485986357739,0.7881802172145655,0.5663744040503282,0.7168318902392858,0.2591396095919329,0.25878446749474754,0.0012234872232897132,0.003476282385365388,3.0874103836458575,6
2019-10-25,0.35402781663458177,0.784148955199155,0.43780890553870155,0.7091002277134594,0.20816327782671665,0.2615086310066763,0.000987793298018463,0.002897712481803816,-2.706864397668293,6
2019-10-26,0.001346501557377517,0.7059543363949066,0.21657398642220188,0.2826002501099112,0.7820795120204206,0.782079512065659,0.003051320879764901,0.0004090194523279345,1.0380114917942371,6
2019-10-27,0.00038583062780375515,0.5532360727286431,0.16108479440047804,0.16473320359021218,0.8385293749717182,0.8385838868213602,0.003240713415214268,-1.773143839595994e-05,1.7924245225724915,6
2019-10-28,0.0008873470202718674,0.7638988161762104,0.22214919608948172,0.3134459299964057,0.7769634568902464,0.8028587114317051,0.0030343449939806005,0.00045064275582171816,1.7777445230033404,6
2019-10-29,0.0012232337670420722,0.8042382441027945,0.2405206361443536,0.36828719683088473,0.7582561300886044,0.7920415877264636,0.0029714821039774084,0.0005919722717580854,2.248701253070058,6
2019-10-30,0.013246365800970291,0.11823198845602009,0.41064749157794045,0.7131677395322977,0.5761061426210892,0.8740768074332844,0.002633418148605958,0.0013962237375114714,1.810232456671361,7
2019-10-31,0.018186469062346788,0.11306544659990347,0.41910092672022414,0.7543926881234235,0.5627126042174292,0.8616239785749708,0.0025838633017922735,0.0014772640985789276,2.3709447399928534,7
2019-11-01,0.022678534659209812,0.12192837354331024,0.4737770943269321,0.6963038620750082,0.5035443710138581,0.8741932163394951,0.0023749924542602586,0.0019145069755460977,2.4066168317858274,7
2019-11-02,0.03738342584554182,0.11223501831102417,0.5694531672486849,0.7652112713496437,0.39316340690577334,0.8545381872250714,0.001980637802582295,0.0027012888397598004,2.601839897021304,7
2019-11-03,0.04374001714520951,0.14473162228935174,0.5680755089773087,0.7233872984291243,0.3881844738774818,0.8052950243480259,0.0019595130376790846,0.0027107506341513187,2.351880127582363,7
2019-11-04,0.0341323192363209,0.14345140523881394,0.580076125924631,0.7275008583980289,0.38579155483904803,0.8053550354748633,0.001956714225353073,0.002773186847775962,2.2747270494495164,7
2019-11-05,0.31245191035137765,0.4009050182256318,0.5069006320525489,0.6585689497169369,0.18064745759607345,6.524306055813452e-247,0.0010766438296086114,0.003088003873701517,2.557239917230036,7
2019-11-06,0.362827772402944,0.5503330743247137,0.45890332153076785,0.5739715544697114,0.1782689060662882,0.0,0.0010391598135644341,0.002876108804665267,3.4049116843796274,7
2019-11-07,0.5097198652207945,0.5979134555279132,0.40483651936982556,0.5469500540678343,0.08544361540938004,0.0,0.0006288066775898663,0.002922758740909846,1.8128149166756438,7
2019-11-08,0.38725719700330447,0.6129765797401278,0.4487219661700682,0.5210826899388802,0.16402083682662738,0.0,0.000975082662985331,0.0028746634385483044,0.4497154813966866,7
2019-11-09,0.8470425705001164,0.4456373518257559,0.1414479446565619,0.2887762036407916,0.011509484843321715,0.0,0.00017342675907504866,0.0019526793437541104,3.978365249984268,7
2019-11-10,0.5155258096829625,0.5228581650362708,0.43531744839565706,0.53444142821745,0.049156741921380406,0.0,0.0004982201911747903,0.003176964295002799,1.6767762330883078,7
2019-11-11,0.27620954152869853,0.5043207878262131,0.5573447984743984,0.5887510877487138,0.16644565999690306,0.0,0.0010476986392308418,0.003363566951000653,1.057440831817329,7
2019-11-12,0.4217760732102677,0.46587946691856086,0.4331733617579638,0.6270737449111925,0.14505056503176855,0.0,0.0008886134554598447,0.002863628469253263,3.072146597887003,7
2019-11-13,0.37593066131740216,0.4892279940346452,0.4630100638350836,0.5869145355806641,0.16105927484751448,0.0,0.000971265620232229,0.002949357004337514,3.304744742457638,7
2019-11-14,0.402183332542189,0.49200632418030904,0.454345568540276,0.5861607662064836,0.143471098917535,0.0,0.0008944269224364233,0.0029654185799246027,2.0543979419965046,7
2019-11-15,0.3486533770522647,0.4714624023717493,0.5114557400708846,0.6149410539364172,0.13989088287685075,0.0,0.0009127840259703707,0.003237835258176345,1.6984490604829237,7
2019-11-16,0.3476990957347964,0.45435338464206926,0.5184298172935458,0.6137971123826829,0.1338710869716577,0.0,0.0008922069128760635,0.0032887724028775886,3.4076547521489564,7
2019-11-17,0.4004798466953726,0.4629660847276244,0.4857420605328674,0.6256928116982197,0.11377809277176004,0.0,0.0007912840700085044,0.00320293805803549,3.461104918162275,7
2019-11-18,0.41132922926542953,0.47220373991610004,0.47993381584033024,0.621980019878493,0.10873695489424019,0.0,0.0007673411483463152,0.0031923419345338553,0.753122970013877,7
2019-11-19,0.31495410936157886,0.5296083242101594,0.40016101355857475,0.5485359734498572,0.28488487707984655,0.0,0.0014400735203861019,0.0022700902777474797,2.632148068414674,7
2019-11-20,0.44549549767153307,0.4900973344297777,0.4497901468644363,0.6033521544509527,0.10471435546403043,0.0,0.0007335099994987465,0.0030672702847241913,3.189026937792297,7
2019-11-21,0.4657926513739493,0.5043617981376614,0.45931242014234175,0.5529029654947891,0.07489492848370899,0.0,0.0006172007626499236,0.003205190008622212,-0.6011685020086484,7
2019-11-22,0.6326243254393129,0.44786357101998436,0.2744880877029681,0.6378282320120164,0.09288758685771897,0.0,0.0005833314251768429,0.0023032969173531165,-0.00018962027035529516,7
2019-11-23,0.6136250762309277,0.3663847258731543,0.3312824307069169,0.6147049437216213,0.05509249306215538,1.6381183333590999e-83,0.00046221573058233403,0.0026825705479553807,3.5006249853548654,7
2019-11-24,0.35639853509474034,0.3916760717389083,0.4867339049918733,0.6651371354418151,0.1568675599133864,3.5877473756753924e-183,0.0009678669552586296,0.0030710807206922076,0.14105991235282755,7
2019-11-25,0.03174475648781947,0.3430842289958236,0.7383228203410497,0.6776892098293835,0.22993242317113077,0.2233686974877658,0.0014108058047993246,0.003989968439673442,2.233791475732307,7
2019-11-26,0.021907229650404116,0.3673954110040677,0.5901035009491888,0.5684416522300481,0.3879892694004069,0.2743132238730734,0.0019715056407125574,0.002812071421054149,2.573160637316918,7
2019-11-27,0.0762427508016286,0.3445687123040611,0.6555140430393562,0.6593854950336948,0.26824320615901526,0.2473984635503428,0.001520104668993915,0.00349013521591575,1.2572719642620955,7
2019-11-28,0.06811053846364369,0.2846598114161612,0.6975930661578973,0.7102548490766126,0.2342963953784591,0.3263489998388912,0.0014054248961679356,0.0037899554473161314,2.357417355505181,7
2019-11-29,0.10701647498025102,0.30583068871565305,0.6934845073153566,0.7020622443374332,0.19949901770439227,0.2690106877335591,0.001260786738351074,0.00388131739372839,1.6274159840503137,7
2019-11-30,0.17508219216010218,0.2583185208702213,0.6851319826819553,0.6824158260945865,0.13978582515794247,0.30366269773517085,0.0010118041897504415,0.0040321440246272044,1.7713692476015441,7
2019-12-01,0.12717953057181572,0.2607068883200158,0.7052562352119939,0.7135966137027597,0.1675642342161906,0.34542130199051235,0.0011368802832183763,0.004036216462374047,2.0890595307387763,7
2019-12-02,0.17008666515861762,0.30747136878181897,0.6918771729887805,0.6807739071634371,0.13803616185260212,0.21237792315713871,0.0010084838891987829,0.004068518487307533,2.286143949512586,7
2019-12-03,0.12551587727724742,0.47474007934720314,0.21324640536780573,0.21776278186174333,0.6612377173549467,2.7701569207421414e-199,0.0028617737233295913,0.00022431923884616415,2.659386911341564,7
2019-12-04,0.21137798360593685,0.34908869420920097,0.6223299174064244,0.6695319094866279,0.1662920989876388,0.14685199694115905,0.0010843553382123266,0.0036611382092552767,2.29654817268821,7
2019-12-05,0.37397540552597885,0.40700509766567905,0.5229249313941761,0.6025524884139496,0.10309966307984508,0.0,0.0007690575457906082,0.0034067233942292278,1.9006735760255808,7
2019-12-06,0.25600730172857605,0.42617275906748997,0.5843249862689491,0.6408897554406074,0.15966771200247468,0.0,0.0010354978325691543,0.003508363579145502,2.3180588140029164,7
2019-12-07,0.2925347314896103,0.4139288939571595,0.5667756084671386,0.6399902379705341,0.14068966004325092,0.0,0.0009478625383939256,0.003488206524893178,3.169860519664628,7
2019-12-08,0.4013459305471496,0.5085331600183096,0.4776792615577994,0.6046104350106051,0.12097480789505097,0.0,0.0008160316889670893,0.0031432984085831713,3.482712132174678,7
2019-12-09,0.450864178449275,0.5019018796150571,0.4638423936734921,0.5902938293963726,0.08529342787723285,0.0,0.0006622922795191506,0.003192984678086106,1.3529603663688798,7
2019-12-10,0.29289774690451814,0.5598641380922037,0.497450769847959,0.5709866576517402,0.209651483247523,0.0,0.001189632891185959,0.0029529961836543537,2.049110194458286,7
2019-12-11,0.32794242951323466,0.5924745370342992,0.4395807272895536,0.5481831239383171,0.23247684319721185,0.0,0.001249231023212725,0.002616188787924509,3.0708809493439118,7
2019-12-12,0.5740239171073727,0.5663645975680415,0.38358956478079664,0.41913456528891585,0.04238651811183057,0.0,0.00044068065613353015,0.0029619155992437313,3.660121439104221,7
2019-12-13,0.5618714311667096,0.5923259412478582,0.39816667484884416,0.4830120788690729,0.03996189398444629,0.0,0.00043921057758263406,0.0030362308344144737,3.38592058853402,7
2019-12-14,0.5432541600554562,0.5909717352813398,0.4066485568971237,0.49390815451343967,0.05009728304742004,0.0,0.0004855080549930693,0.0030429248279116544,1.231726980537334,7
2019-12-15,0.3959930223201765,0.5642008179624717,0.47001438103628557,0.514556349608905,0.13399259664353785,0.0,0.0008647775405231575,0.0030670523595445103,3.3241585118654156,7
2019-12-16,0.5673539064488795,0.5965837666718311,0.38799376325015245,0.44122739642018377,0.044652330300968116,0.0,0.00045248230488028214,0.0029748777757904825,0.7438744381604455,7
2019-12-17,0.27388077473327566,0.5785780860828057,0.49423423789563453,0.5601217857928947,0.2318849873710898,0.0,0.0012785565398326165,0.0028679155297676737,0.9477937670923805,7
2019-12-18,0.5241029931896645,0.5137107167173123,0.3178715884599576,0.5954772292424361,0.15802541835037784,0.0,0.0008744307006534567,0.002295446797337476,-1.1944467049590737,7
2019-12-19,0.0004307660864026367,0.31512186091090494,0.5900979021301784,0.5859554702172398,0.40947133178341893,0.40982182447792553,0.0020592027904896473,0.0027440483786898575,2.097345962149395,7
2019-12-20,0.030893235412883496,0.3031526204466953,0.6486114977750472,0.6575342441083487,0.3204952668120694,0.3720209711097544,0.0017296585282399963,0.0032931855068233824,2.6372122587076836,7
2019-12-21,0.08528541461976447,0.29437967451701075,0.6580128952892248,0.693434662655745,0.25670169009101057,0.3454507642966281,0.0014743663565311516,0.003538091447320049,2.6179318481184017,7
2019-12-22,0.10736353923234428,0.29336639911962564,0.6374436466917643,0.6952312317450873,0.2551928140758914,0.3451291118496858,0.0014563946668142416,0.0034488333818983577,1.362153725824524,7
2019-12-23,0.034289536279021156,0.2694985201015104,0.6433726671946035,0.6836321705256733,0.3223377965263754,0.4476956378638562,0.001734169561622463,0.0032634035489535274,2.026732308319244,7
2019-12-24,0.01591215518089366,0.28414518199662836,0.5714728759468491,0.5953036803556117,0.41261496887225724,0.49853929019363913,0.002061210260642296,0.0026489518378728497,2.2804364004498123,7
2019-12-25,0.17800777112424307,0.22735323599723478,0.6608795781116061,0.6760839017259461,0.16111265076415068,0.3694024615839888,0.0010852091085622945,0.0038537659491045006,2.776596255188636,7
2019-12-26,0.12401189189458046,0.2696417686402225,0.5799719965684319,0.6849254711409019,0.2960161115369877,0.44526252372395986,0.0015900683220625357,0.0030568781703986764,2.913963859639964,7
2019-12-27,0.14002294127796158,0.287456859040824,0.5597038473884972,0.670863781033877,0.3002732113335411,0.40536926242129717,0.0015957311779871797,0.002950745490461736,2.86528080921045,7
2019-12-28,0.1578277294036212,0.2983429559461756,0.5963253147784182,0.7001706853249959,0.24584695581796062,0.31458580750946574,0.0013945605160630304,0.003290439874009055,2.7325729772370186,7
2019-12-29,0.34828690602257895,0.5452929523151971,0.47676942854418275,0.5826301578875938,0.17494366543323814,0.0,0.0010359283393465506,0.0029683107117368275,2.6965763855807774,7
2019-12-30,0.4079678578363809,0.5481118059834965,0.4644454403287535,0.5747832502935379,0.12758670183486548,0.0,0.0008353959868997909,0.0030618701178409657,1.553348820135257,7
2019-12-31,0.3874245666704319,0.5155607635616574,0.4777202081308335,0.5699072188389861,0.13485522519873444,0.0,0.0008727522259255645,0.0030995497369881615,2.6909243868830357,7
2020-01-01,0.5257173214531218,0.4840471481246087,0.4184864913970553,0.426641192266932,0.05579618714982288,0.0,0.0005156247155517778,0.003079004173110205,3.6537798987209564,7
2020-01-02,0.5922315051782806,0.6458232811779924,0.3628738842046691,0.4825299442443257,0.0448946106170504,0.0,0.000438922717928694,0.002859273145301585,0.741420494203175,7
2020-01-03,0.13103987571610917,0.6758524590092201,0.2589682299988601,0.2940940051709576,0.6099918942850306,0.0,0.0026808604157595754,0.0005955496428102743,1.2352933221601727,7
2020-01-04,0.8139770348739848,0.4917071105892238,0.13562927930070945,0.6141438992637117,0.050393685825305894,0.0,0.00032852435491649074,0.0018029981442656941,3.8849950097921577,7
2020-01-05,0.5021291102319487,0.5194666487576394,0.42092388838953654,0.5571428705651902,0.0769470013785146,0.0,0.0006034180585541763,0.0030231980050923466,3.618270029656357,7
2020-01-06,0.4410895732596403,0.48445430116232535,0.46794490118043147,0.6092375055109618,0.09096552555992843,0.0,0.0006878292221994689,0.003193785688802865,0.3285723569827086,7
2020-01-07,0.34446379207714284,0.40675026767195077,0.47512432185940795,0.6533181249224036,0.18041188606344924,9.149080535330654e-308,0.0010573062482637028,0.0029434813330514982,1.04328434618682,7
2020-01-08,0.02314179810434716,0.385378269187712,0.6439169857248599,0.5848757948208824,0.3329412161707932,0.21665542050201653,0.0017778031110257855,0.003232328809167582,2.3954838508633793,7
2020-01-09,0.0491940891252837,0.37698299775267285,0.6490959831795882,0.6229021060371834,0.30170992769512833,0.20507997742602266,0.0016531813598005137,0.0033548618487015637,1.6566305506369576,7
2020-01-10,0.037608465969065655,0.36260088497641924,0.6887179936716055,0.6442749689074561,0.273673540359329,0.21858333297027838,0.001561337396844736,0.0036247412917336775,1.7725390574882818,7
2020-01-11,0.12120971560593237,0.3024009840534622,0.7104834874329091,0.6958201392367201,0.1683067969611584,0.24199253661415035,0.001142891268888697,0.004057762862523299,2.3711343868808568,7
2020-01-12,0.12715801046835234,0.30718187439059486,0.6835449333037952,0.7012116262249353,0.18929705622785248,0.2572124644499417,0.0012133966974963797,0.0038681701556623083,2.4637067423368886,7
2020-01-13,0.12594345964614467,0.32016858927006914,0.6912750534087558,0.6955596918825775,0.18278148694509966,0.226641904847184,0.0011911587284777045,0.003924132894742903,2.761116609479707,7
2020-01-14,0.23727234631200886,0.3948677676340215,0.5440682661537979,0.6493363012359689,0.2186593875341933,8.338669564845152e-67,0.001253368075264592,0.0031375993354968578,-0.4703851673462084,7
2020-01-15,0.00019206597583553092,0.34713300953971876,0.42332550507497,0.29852891183485575,0.5764824289491944,0.5621865593733024,0.0026424669542848738,0.0014529913278994795,2.308345814757172,7
2020-01-16,0.014846471334345432,0.291089149845846,0.573543334039109,0.5994284926676893,0.4116101946265457,0.4725609249059825,0.0020583131784484587,0.002661597544007162,2.312959808193329,7
2020-01-17,0.11578221504330467,0.2898634452088441,0.7039842154862946,0.7023591425338951,0.18023356947040076,0.2733895987681635,0.00118797786412154,0.00399029890331259,2.3294557230802155,7
2020-01-18,0.11946343452381088,0.3263186953027379,0.7012511646340729,0.6928235199946291,0.17928540084211622,0.21308518415559866,0.0011825434970860302,0.0039808057711327146,2.9698773278106176,7
2020-01-19,0.1682490625005576,0.34724963670315007,0.5886438128705166,0.6661356564912815,0.24310712462892595,0.23104395919661663,0.0013789428415831087,0.0032639956348077034,1.6588318115501053,7
2020-01-20,0.0787885126107939,0.33822021778826017,0.715204819862174,0.6878829386505656,0.20600666752703206,0.20933731630374974,0.001299781899606623,0.003960014966603754,2.6498606623807652,7
2020-01-21,0.1793506316646697,0.3607034020501876,0.6518049578517358,0.6750449590945738,0.16884441048359478,0.14384178167881664,0.0011116441641566299,0.003787807086107726,2.7130804154532826,7
2020-01-22,0.17665592373634212,0.3686045833367078,0.6326763110669885,0.6756043512272104,0.19066776519666917,0.1486083229683309,0.001189926265627447,0.0036312810502382156,2.506293646577324,7
2020-01-23,0.26498383254095487,0.3455603331241881,0.6148633574962179,0.6244709033567816,0.1201528099628273,0.12242525348584452,0.0008914478061765526,0.0037730494553861378,1.2632241676300464,7
2020-01-24,0.08936938794688015,0.35142356482702136,0.7074509880710502,0.6823849062310905,0.20317962398206954,0.18410513076919519,0.0012838017362872616,0.003933516119362396,2.801661019113174,7
2020-01-25,0.44929916888102567,0.5487310925571667,0.45092124733686945,0.5123470349710944,0.09977958378210497,0.0,0.0007140079108623068,0.0030880613059991544,2.624111405192613,7
2020-01-26,0.4701305542173817,0.5477935187658672,0.44693316245044235,0.529813724951899,0.08293628333217594,0.0,0.0006429073646009595,0.00312314373938768,1.6997775649018132,7
2020-01-27,0.18849534667588463,0.5498610256724705,0.5232732240021353,0.5724441171189215,0.28823142932198015,0.0,0.0015254523724431664,0.0028223156965480954,1.6520364062930435,7
2020-01-28,0.3905183428510401,0.5006997126411814,0.435984572138635,0.609558894374675,0.17349708501032493,0.0,0.0010063852334553512,0.0027864380312931356,1.1223638212561364,7
2020-01-29,0.3023651281166261,0.5310711268524336,0.25869806366591996,0.37010988449289045,0.4389368082174539,0.0,0.0019315183092334135,0.0012487788803411443,3.2849981001383135,8
2020-01-30,0.4527803847790545,0.4684130636179546,0.4806903202422558,0.5574819821433283,0.06652929497868973,0.0,0.0005726048019342393,0.0028023832132997996,1.9273539531092108,8
2020-01-31,0.23683207497339115,0.3555723909707284,0.5946668746770092,0.6305660771576284,0.16850105034959947,8.722980638379308e-231,0.0010427091936621392,0.0029692325981465462,2.087792454977195,8
2020-02-01,0.501183093658581,0.3040020064254815,0.4273590770796721,0.4818264729666562,0.07145782926174683,5.190344330900989e-35,0.000562505328337871,0.002611043590564092,3.6746258446454334,8
2020-02-02,0.33952134855614235,0.38250319428399904,0.6160626782137539,0.6491626059832434,0.04441597323010374,3.1471063398607056e-304,0.0005595978788388106,0.0033087290020349684,3.1643665271275783,8
2020-02-03,0.31179051875571834,0.40519359231027363,0.6030578128693799,0.6332935572645475,0.08515166837490182,0.0,0.0007149062252376028,0.0031770075889314604,2.9234052387652536,8
2020-02-04,0.27904946756301474,0.44357280003320404,0.574688779176862,0.6279649093729324,0.14626175326012328,0.0,0.0009429017734861247,0.002949379709577374,2.24301226426091,8
2020-02-05,0.20830449487334873,0.43766483517348753,0.5613395483038852,0.6310477209577027,0.2303559568227661,0.0,0.0012708148976130844,0.0027231988820725175,1.003743428135027,8
2020-02-06,0.4022907905796258,0.4160843680031143,0.3609209354773518,0.5887134019877291,0.23678827394302235,3.54996698844366e-276,0.00118420188149456,0.0020301568128042726,2.619624795144973,8
2020-02-07,0.3354643565673402,0.4237748018721091,0.5376912905587043,0.6314273970369755,0.12684435287395546,0.0,0.0008448752193593266,0.0028657777794238812,3.2352724328731517,8
2020-02-08,0.3848687789012728,0.46381058099183203,0.544307505872875,0.6080722464438393,0.07082371522585203,0.0,0.0006251340376116344,0.0030087364557871126,2.7539554908863195,8
2020-02-09,0.47114604085459705,0.39257348105576584,0.4870685086943579,0.41855184693799313,0.041785450451044974,0.0,0.0004774839945266433,0.002877238485819155,1.8122300359258787,8
2020-02-10,0.10852979079651359,0.49590963897522117,0.5901132358855611,0.615198483222144,0.30135697331792527,0.0,0.001569960946951842,0.0026679410847951024,1.738805656619168,8
2020-02-11,0.3520750002926612,0.4683250915033944,0.4327328954490445,0.6221993825827006,0.21519210425829435,0.0,0.0011384615322287824,0.002319988982074864,1.2887116511628518,8
2020-02-12,0.3160998207461191,0.45911604694660574,0.3823784419765349,0.549666406926239,0.301521737277346,0.0,0.0014541833078035777,0.0019635906764485416,2.910120192417593,8
2020-02-13,0.35626900225025465,0.43580180135092944,0.5154875942769285,0.5909164501270278,0.12824340347281685,0.0,0.0008380860749558003,0.002787521035314184,2.254159059192318,8
2020-02-14,0.21052616169679636,0.4040741532364542,0.5721635708170099,0.6330861946528812,0.2173102674861938,0.0,0.0012248307861303437,0.002787950365384967,2.568299829916082,8
2020-02-15,0.25983641814911373,0.3735888642963071,0.5782374552142732,0.6499980899735684,0.16192612663661302,3.671936059836351e-260,0.0010073485946692367,0.0029277016083703042,0.7161020045846351,8
2020-02-16,0.49192288327058475,0.3748345852929125,0.3859486347536922,0.6362348653461048,0.12212848197572307,0.0,0.0007413293889516931,0.002361681482022273,3.5876141311241154,8
2020-02-17,0.35919245974712244,0.39526385574713374,0.5988591207711825,0.6444863263312909,0.04194841948169503,0.0,0.0005402232958532436,0.003255736895527944,1.4717292268221374,8
2020-02-18,0.0937488088340581,0.4145926334716713,0.5820151515016649,0.61623579256263,0.324236039664277,0.0,0.0016566553049448395,0.0025912695806667276,1.0817829345382206,8
2020-02-19,0.08066020538879921,0.28787127215405944,0.7516476147484319,0.6570787052781296,0.16769217986276888,0.15060577753101448,0.001126489905941468,0.003502967642972746,0.22006326974523982,8
2020-02-20,0.062163637126011674,0.24507243829376196,0.7132375635257284,0.6723096214922052,0.22459879934825985,0.25671540426033346,0.0013323002020541681,0.0032503559840526245,2.775158438296274,8
2020-02-21,0.2246777097481501,0.23546617897749392,0.6656901803407026,0.6199752998240748,0.10963210991114747,0.2104619375339714,0.0008472785033420709,0.003336590087090775,2.8871476745411546,8
2020-02-22,0.35765298464590045,0.23029736776414786,0.594800546821752,0.47145148228217043,0.047546468532347494,0.13911972117882246,0.0005603075043911601,0.003229937677679994,3.344303190083567,8
2020-02-23,0.23140027142393477,0.3039764280343585,0.6888046464934876,0.6697642511542166,0.07979508208257739,0.17166329753889448,0.0007410064087539824,0.0034791219632748114,1.9376370545239707,8
2020-02-24,0.07489160358029681,0.2942457872086217,0.6798745689945818,0.6720579360699898,0.2452338274251215,0.20610106351539245,0.0013961114345886166,0.0030928921939718267,1.5456646566751393,8
2020-02-25,0.06757340618662896,0.2709290543676338,0.7016083639272834,0.6787729954643684,0.23081822988608772,0.24224276892640223,0.0013506657025261375,0.003197563550940241,1.6058484936865947,8
2020-02-26,0.12810974449114523,0.26386807345892666,0.6964677273361454,0.6564957350549595,0.17542252817270923,0.18888433741049884,0.0011268134189875948,0.003299334592410041,0.041226321551272704,8
2020-02-27,0.01203056943042135,0.26461921456758714,0.6291220231999651,0.6596799689855684,0.35884740736961335,0.38499695970426284,0.0018209488762198284,0.0026764392484663092,2.5505807733392363,8
2020-02-28,0.14144471558128427,0.22258342509937423,0.6784864314277202,0.6686207404951992,0.1800688529909955,0.30731038029020075,0.0011353875582683255,0.0032284002094677463,2.9265864925549248,8
2020-02-29,0.20957017689292198,0.2535903133591417,0.6920257577908546,0.643597514575882,0.09840406531622331,0.19318516656416787,0.0008170453714718689,0.0034499979990326654,2.024071652313876,8
2020-03-01,0.15782461719721658,0.32182318051216535,0.6649772838589628,0.6445442988786095,0.17719809894382058,0.09725010259324612,0.0011164449973637062,0.0031887956963723247,2.8656247690920438,8
2020-03-02,0.1884353376717973,0.33882510135758653,0.674470533222305,0.6582767573328648,0.13709412910589772,0.10288632280224817,0.0009617095312991418,0.0033072572832071267,1.4245627523876585,8
2020-03-03,0.06390614230501321,0.3146426145713232,0.6931295060446211,0.6658393547029874,0.2429643516503658,0.1694248596753495,0.0013944158134343214,0.003142695190680721,2.2634336590576702,8
2020-03-04,0.10584912550130617,0.29062536653686816,0.6939604848947282,0.6684749072932289,0.20019038960396573,0.16948725556480232,0.0012242388661234589,0.0032375459571263297,2.9194626148472014,8
2020-03-05,0.32096279399774097,0.2560801105029037,0.6183609097173589,0.5164371106432855,0.0606762962849002,0.1142173703963249,0.0006257452788931371,0.0032815309727126257,1.6389442766813396,8
2020-03-06,0.16447734097800973,0.2935400104652025,0.6623683746511562,0.6484287140590806,0.17315428437083402,0.1323105527687736,0.0010988662243174515,0.0031886551992559384,2.7930327744456096,8
2020-03-07,0.5057880342196976,0.23593744090136498,0.4678969098240635,0.2944416134343818,0.026315055956238592,0.07778595159678375,0.0004051152884857912,0.00284555442942384,1.2048222540814035,8
2020-03-08,0.16652738707328776,0.43541001545824487,0.6043539091597018,0.6331304805463399,0.22911870376701046,0.0,0.0012898501373332432,0.0028716331011599287,-0.6807701342220838,8
2020-03-09,0.00043250868816852234,0.24921129025204775,0.6452786011121552,0.6833551709727417,0.35428889019967635,0.35496849493768307,0.0018117857179894311,0.0027410008828453705,1.8974575938370435,8
2020-03-10,0.005701843062565467,0.3114043546881543,0.547489973154595,0.5451760899124583,0.44680818378283943,0.4473086128253376,0.00212588370512559,0.0022105341245564096,2.491932371893337,8
2020-03-11,0.031946970040732554,0.2700721144572561,0.6424835445233212,0.6494623208719528,0.3255694854359463,0.3911803324816455,0.0016957098637525485,0.0027933228119744716,2.6737576463190758,8
2020-03-12,0.06025197228049392,0.26854309100250073,0.6570879270307253,0.6524534009450844,0.2826601006887807,0.38938461747980013,0.0015327234095475397,0.002935141877286685,-26.9087258330492,8
2020-03-13,2.745770203592035e-76,0.11003522230866077,0.00043810983891266015,0.13969007095321215,0.9995618901610873,0.9995618901610873,0.004012377630567953,-0.0008327122191049861,-0.1780047072865851,8
2020-03-14,3.64130133499517e-12,0.06405943328592101,0.0005455645649421866,0.36210826493383963,0.9994544354314165,0.9994544470755693,0.004012013343129473,-0.0008321168588968201,0.85712230508662,8
2020-03-15,2.191808677950553e-09,0.0450977478848603,0.0006455759032430809,0.558078333571067,0.9993544219049485,0.9993555880967274,0.0040116742805631255,-0.0008315627345830576,1.625775709539295,8
2020-03-16,2.357742996117599e-06,0.03752680850423804,0.001197218986142585,0.6605680514184301,0.9988004232708614,0.9992648576142312,0.004009794758079197,-0.0008285012503288371,1.298786304062311,8
2020-03-17,1.810130745399984e-06,0.02645439004757698,0.0009613469500288552,0.7944879298902878,0.9990368429192256,0.9990964559284848,0.00401059658282142,-0.0008298092936193357,1.075212514463396,8
2020-03-18,3.8502591796382536e-07,0.032905466461503725,0.0007666306766795018,0.7117765543826856,0.9992329842974024,0.9992773387431674,0.004011262364760921,-0.0008308911986718243,1.8394932877858394,8
2020-03-19,0.00011211150055827365,0.022789000341038358,0.0025607950862598277,0.8128506801284335,0.9973270934131817,0.9989502337735616,0.0040047359717970115,-0.0008207101126195875,-0.6374097157851359,8
2020-03-20,3.605175754434638e-10,0.025400188430160123,0.0007768106908518552,0.7947177149004383,0.9992231889486305,0.9992232014881155,0.004011229380717469,-0.0008308356232783774,1.839252439252074,8
2020-03-21,3.5763693011885933e-06,0.03853193573946685,0.0017257985434629415,0.6165457272067744,0.9982706250872361,0.999429583604696,0.00400799792325844,-0.0008255699973687715,1.842629483021755,8
2020-03-22,6.594748382781288e-05,0.027542366933549,0.004161710674307531,0.771382737396971,0.9957723418418646,0.9992682249249117,0.00399949171137975,-0.000811939460046237,1.4360407034112463,8
2020-03-23,9.70843973182494e-06,0.1002179904601765,0.03408251177376153,0.6905678669550265,0.9659077797865065,0.9663241623191345,0.003898244921919657,-0.000646282238247962,0.3677432008988478,8
2020-03-24,2.2575094282544664e-06,0.09345905887620538,0.04543517987783654,0.7363089934847714,0.9545625626127353,0.9546070209385701,0.0038597599278771123,-0.0005833980421462867,1.5917006823084068,8
2020-03-25,0.003941625060745036,0.08815925532617196,0.09641027882774994,0.7468506095195628,0.8996480961115049,0.932455381751109,0.0036710701976807505,-0.00029249090270098684,1.918688787691351,8
2020-03-26,0.014141842955010612,0.09340605547567386,0.1948956332780256,0.7470376419127378,0.7909625237669637,0.929061375858359,0.0032957400829912407,0.000275121197292996,2.1295724213537905,8
2020-03-27,0.012013870527691263,0.12823023449604928,0.33359096187516574,0.6773196243095273,0.654395167597143,0.9256715341383759,0.0028317191261407757,0.001038993421304863,1.4900707416185905,8
2020-03-28,0.011110363871439703,0.11931413215857645,0.251080143169258,0.7283982307475066,0.7378094929593023,0.8927299533091413,0.0031165392801637457,0.0005798926007192782,1.511432906452792,8
2020-03-29,0.00858872266075988,0.1132671085551178,0.20018341678475932,0.7341578759159196,0.7912278605544808,0.9010288001289908,0.0032998318715191646,0.00029247014242703964,1.3056085115095346,8
2020-03-30,0.0011878601786355749,0.19339508781108775,0.29846509469946536,0.6638203228030016,0.700347045121899,0.7204182189520736,0.002994569835547357,0.000821082372363724,0.5490863973418522,8
2020-03-31,0.0003384667785377733,0.15061360628620882,0.17250961921697383,0.6988834642674614,0.8271519140044884,0.8329921060778961,0.0034267756216256203,0.00012138991605770404,2.0777716684493344,8
2020-04-01,0.02692081045037321,0.1318005747608436,0.37295357067677687,0.7278544391564413,0.60012561887285,0.8169100551603395,0.002638065070098951,0.0012891591618575038,1.8752686018807176,8
2020-04-02,0.029700674853139247,0.1456033674180238,0.46132725105843336,0.720069376469292,0.5089720740884274,0.7917072119956854,0.002325075009983192,0.0017847808328199878,2.1781320904530554,8
2020-04-03,0.027557750869967777,0.2196645018450645,0.6045927806713413,0.6795121320640967,0.36784946845869093,0.5412721296832997,0.0018431417590132962,0.00257394239511255,2.4988666889267743,8
2020-04-04,0.08365018501445684,0.2120908947481915,0.6764336336907671,0.6966228297674499,0.239916181294776,0.44431478203612906,0.001372989518780962,0.003092672871046022,2.4638611450045844,8
2020-04-05,0.07817761084703406,0.2138252993687037,0.680711297164553,0.6965925730574367,0.2411110919884128,0.45078783867748806,0.001380130805808709,0.0031045984847747903,2.45469314314638,8
2020-04-06,0.0881347141963593,0.21177889548854803,0.6849707181383157,0.6969192569071323,0.226894567665325,0.44915238932347673,0.001325784768856428,0.003149622309434575,-0.018001607779441597,8
2020-04-07,0.011856212620711222,0.2006723238973678,0.4733179819655141,0.6915866410959302,0.5148258054137747,0.5992420548941999,0.0023551549587692085,0.0018128212317128725,2.165315530516941,8
2020-04-08,0.03453902264084794,0.20838271780562226,0.6053635907081373,0.6923120113435635,0.360097386651015,0.5482489996027674,0.001812667318341716,0.002593234382473435,2.197675128307213,8
2020-04-09,0.06330525684426284,0.21562493657560175,0.6624761538619053,0.6960522956025407,0.2742185892938317,0.44921314890844577,0.0015020531540253098,0.0029715653171475368,2.4458911238173355,8
2020-04-10,0.33683999661351954,0.25530942009093155,0.5792619259869083,0.5071069948865634,0.08389807739957228,0.1120363696523503,0.0006967007110263839,0.0030990626031758006,-0.5972997573312027,8
2020-04-11,0.053433853158546436,0.2392305944474069,0.6992195548208107,0.6786308385241294,0.2473465920206429,0.2871213573676506,0.001415276133906003,0.003153904805219832,2.790350507417036,8
2020-04-12,0.1551201265152342,0.25016012800242843,0.6948281021433781,0.6702254476476004,0.15005177134138775,0.240715509416785,0.001024679687711553,0.0033483670597187804,2.5496177748295548,8
2020-04-13,0.09107298409603742,0.2801895758746378,0.6857739580910283,0.6757017369856253,0.2231530578129342,0.2446713037938867,0.0013113050055139496,0.003160394846961112,2.2077423931572318,8
2020-04-14,0.20647920947006845,0.2316522209149799,0.6487718039805629,0.6249565277121469,0.14474898654936863,0.22435427012023923,0.0009780088096737933,0.0032036958492976096,3.215741995569659,8
2020-04-15,0.18899114713380213,0.26920736737863854,0.709778401018478,0.6783658453932074,0.1012304518477199,0.2369520359871047,0.0008381346776219245,0.0035040788284753555,1.167938410790776,8
2020-04-16,0.04010560817189626,0.2768115928318992,0.6690953930746131,0.6654076687361621,0.29079899875349063,0.3126899641026209,0.0015718620915425835,0.0029583221083175214,0.13104606828642118,8
2020-04-17,0.0032695330866247966,0.31034267191084086,0.642983470427781,0.5992028706005853,0.35374699648559427,0.3469656519822894,0.0018083451555840602,0.002734388842625684,2.4665574601614786,8
2020-04-18,0.36953077527818645,0.1900291947133997,0.5323809890089314,0.47643515781760865,0.09808823571288218,0.24051802963082117,0.0007272403095496244,0.0029096547453992382,1.8989524860776945,8
2020-04-19,0.05909267252683252,0.26732204640610385,0.6786267438272799,0.6768073517009723,0.2622805836458876,0.3028349881047543,0.0014634142729147194,0.003051984744398124,2.255242517586608,8
2020-04-20,0.05199575560898233,0.2673646489977619,0.6781640278276606,0.6753816637181229,0.269840216563357,0.31104088238072986,0.0014933099956907139,0.0030341509449305693,1.1243025973144458,8
2020-04-21,0.10377985663377903,0.2574620254929545,0.7199866043625001,0.6510526532973653,0.17623353900372096,0.19405478730635273,0.0011430685057430589,0.003377293092978587,2.9709704254339786,8
2020-04-22,0.1620528489293206,0.27818450876319994,0.697399063111451,0.6744424647250195,0.14054808795922843,0.20592156284633614,0.0009881824239088071,0.0033775284441703224,1.7400834401701522,8
2020-04-23,0.1641429111341774,0.23925034558799577,0.6682986086325348,0.6542828403249158,0.16755848023328776,0.23867479546820264,0.0010798307170488972,0.0032207924866063105,0.9977938997313118,8
2020-04-24,0.007497422520990244,0.31005709598217257,0.5683165452179235,0.5631096072765532,0.4241860322610862,0.4184310968640171,0.0020474065441673647,0.0023297886209144637,2.5191465430728637,8
2020-04-25,0.18155388345318635,0.20294713756989669,0.6520124979899723,0.6375011792922974,0.16643361855684125,0.3238127069487935,0.0010663120007017631,0.003168020525739883,3.1076405010021624,8
2020-04-26,0.15742823191807845,0.26629273272348897,0.7048671441326336,0.6771578607365322,0.13770462394928784,0.30576147776175433,0.0009809678159816019,0.0034089552908545076,2.3636807683364713,8
2020-04-27,0.18857789260197222,0.34454154551246713,0.6055231383746892,0.65646737377155,0.20589896902333862,5.905218676204614e-17,0.0011978997162880953,0.0029255562924899474,2.591136372045718,8
2020-04-28,0.22924668917344365,0.3518315217026938,0.5928262198100087,0.6570912024432587,0.17792709101654774,1.2950756733640072e-23,0.0010792792243651816,0.0029427132202164237,3.20000045160748,8
2020-04-29,0.31416617171225203,0.32004077626807664,0.6256137712903154,0.6064504120660237,0.060220056997432596,2.466354334828695e-123,0.000729644104033232,0.003228396080794493,-2.6164397073788694,9
2020-04-30,0.0003409313178570879,0.1942274122991687,0.42690306265634553,0.723335571776151,0.5727560060257973,0.575401282675815,0.0030234263165191443,0.000904783841683778,2.1406511336546497,9
2020-05-01,0.03348725767357647,0.19837116865206594,0.6324516032900236,0.7236181648953345,0.3340611390364,0.51306009976881,0.0020302258115474743,0.002400496339724478,2.234518788447534,9
2020-05-02,0.025454458956800253,0.2165449909202039,0.6518409010491915,0.7008649690076886,0.32270463999400834,0.5524685504799355,0.001989106943739696,0.0025068281183986342,2.434495824157085,9
2020-05-03,0.03894440126612415,0.2132129797358151,0.6785587189380382,0.7112106000913255,0.28249687979583776,0.5016575186778172,0.0018161853893430661,0.0027298426169906857,2.422230329881467,9
2020-05-04,0.041466257915530894,0.2462389210354009,0.6748701681084212,0.6860481688544523,0.2836635739760481,0.41779020163187525,0.0018193155657988502,0.0027127095660279604,2.6451291895953903,9
2020-05-05,0.14311757747699422,0.17942539058165002,0.7133613213727497,0.6988007827259425,0.14352110115025607,0.3582419739490065,0.0011807014587699772,0.0032900751803344877,2.5976623519107633,9
2020-05-06,0.0650238703305433,0.2456439393079956,0.6900045938095518,0.6859193794212921,0.24497153585990494,0.42296009441339144,0.0016459837493773579,0.002888610739809672,2.0396733785378713,9
2020-05-07,0.050429642756538696,0.21431938747037843,0.692287323542409,0.7151877540136578,0.2572830337010524,0.4238340234522021,0.001705738862034315,0.0028586187171414255,0.06101329873257244,9
2020-05-08,0.0022723550147531286,0.24818706586654518,0.39875611484548645,0.6207088861903959,0.5989715301397605,0.6774359649581658,0.0031285418926595126,0.0007201202744451746,2.102439158683831,9
2020-05-09,0.018388640382268062,0.19532872423855074,0.5662235347008202,0.7141581401760989,0.41538782491691173,0.6402721438140241,0.002371615609040338,0.001904812222110011,1.7870187159517656,9
2020-05-10,0.06057442389688701,0.3070448481564226,0.7489725265317617,0.6665924232344148,0.1904530495713514,0.11246068175707752,0.0014259194128059093,0.0032742258689059155,-0.7814820173501238,9
2020-05-11,0.0016594246290498064,0.1902606364791668,0.5608848999585744,0.7249886215781636,0.43745567541237584,0.44226156245959836,0.002472441941137765,0.0018165400741856808,2.204024140298338,9
2020-05-12,0.13095322722250166,0.1633316012727121,0.6671211730652254,0.6920835952768989,0.20192559971227306,0.3989218072262027,0.0014274070811381666,0.0029389369504097293,2.130840107888084,9
2020-05-13,0.2521685861315146,0.1400607628129917,0.62179762610081,0.6239563435369094,0.12603378776767532,0.3933678759473234,0.0010388175579169438,0.0030094419012457597,0.6573508562983256,9
2020-05-14,0.06551256177616367,0.16642480214984723,0.6609312225525019,0.7377396527123828,0.2735562156713345,0.5509077829662659,0.0017624432811431333,0.0026931775544149694,1.2375173487008992,9
2020-05-15,0.014396330840719273,0.2035720628243182,0.5681622489989341,0.6960080566745235,0.4174414201603467,0.6739984289272192,0.002382592616784923,0.0019055111662179044,1.0640305667274534,9
2020-05-16,0.1051927525936773,0.10044871625100368,0.45978503571561796,0.6250508126180606,0.4350222116907047,0.6266028622433153,0.0023945924881832756,0.0014541190055496948,2.608678551856213,9
2020-05-17,0.07007039553970998,0.19360261015848382,0.6593075709033316,0.7037583617011715,0.27062203355695835,0.7069098253073193,0.0017475043362639106,0.0026963743989247735,2.0415620608200147,9
2020-05-18,0.032600886320892565,0.20397202819710133,0.6658494891894049,0.7152245162507855,0.30154962448970263,0.5553417827604805,0.0018981062782167319,0.0026239869724823664,2.6192275487608594,9
2020-05-19,0.060396035569763806,0.19973682890812086,0.6975679970689682,0.720543433937645,0.24203596736126806,0.5447117796385641,0.0016369805923030273,0.0029254342517437484,2.7623568584994342,9
2020-05-20,0.10710863115434323,0.17633749961058323,0.7335070914624005,0.7299232629075947,0.15938427738325636,0.4859561022084599,0.0012688090875709853,0.003314395163402411,1.914827800966101,9
2020-05-21,0.15130654522184975,0.2399120613443773,0.6873926955386823,0.6643167483404891,0.16130075923946788,0.15652832935771607,0.0012481587539991525,0.0031396586690334723,0.7425804934205181,9
2020-05-22,0.026544610785026033,0.28004773583600073,0.6908898361327833,0.6725168606732849,0.2825655530821908,0.2757593808812861,0.0018245021818043153,0.002774757562222564,2.525670295212562,9
2020-05-23,0.10321779619514743,0.23896023573407546,0.7072130846631045,0.6933818139115137,0.18956911914174823,0.22317831617617864,0.0013948058309046893,0.0031241497887736836,2.917251650538079,9
2020-05-24,0.16178851445993986,0.3073208118456388,0.6892467436081873,0.6677260923626162,0.14896474193187273,0.12039396519159744,0.001190938841761735,0.0031848666456018395,1.0486902342247166,9
2020-05-25,0.10114004072776932,0.30002174244214236,0.7217841471964727,0.6579668674847876,0.1770758120757581,0.09211960053087169,0.0013450433234823529,0.0032163887994029372,2.5753763644854253,9
2020-05-26,0.5159838028190905,0.2709066681498154,0.4255068729420283,0.42329939716775533,0.058509324238881305,8.871573793571932e-129,0.0005920222978677958,0.0025013826804456715,2.777385769807272,9
2020-05-27,0.303674168127853,0.3509749898083412,0.6247950531566421,0.6192090265370302,0.07153077871550499,7.076984984287008e-201,0.0007826803167322714,0.003190170612872573,1.5674453899432472,9
2020-05-28,0.19861630860860985,0.35305888314391004,0.5899361279012866,0.6367598266861856,0.2114475634901037,3.24060554171572e-151,0.0014224686630112896,0.0026268009986731883,1.4236272806756203,9
2020-05-29,0.046492923418289596,0.3470074947040922,0.7074731925121566,0.6477239817376717,0.2460338840695539,0.10236214122058152,0.0016623128402931415,0.0029492326278669516,2.2816246469891315,9
2020-05-30,0.06492522281991635,0.332679117267919,0.6905490761447357,0.656368438085823,0.24452570103534801,0.10576870055676652,0.0016442256272117036,0.0028919920387334664,2.153182080366054,9
2020-05-31,0.05241813187172304,0.3383695515776615,0.6875081962075915,0.6520056265714526,0.26007367192068553,0.11184017784071681,0.0017158540573156864,0.0028324363765731293,1.8610380353105354,9
2020-06-01,0.27351705582951924,0.37610323073233004,0.4964652140713636,0.6358817376965993,0.2300177300991171,1.7450572712363715e-117,0.0014495197427081582,0.002226880631584856,-0.18720132975817494,9
2020-06-02,0.0580770344347634,0.17523344606280963,0.7472141650892704,0.5881570470201729,0.19470880047596628,0.21760205195368543,0.0014449417950949043,0.003254535442505065,-0.1142925210089698,9
2020-06-03,0.0035925941742141533,0.26093890595216146,0.519037338060817,0.6454799374112876,0.4773700677649688,0.5166945069867819,0.002633632941566689,0.0015390681975653436,2.323294057636502,9
2020-06-04,0.06374104054401554,0.20321145014651096,0.6895037614862556,0.7186599979312486,0.2467551979697289,0.3926740915010118,0.0016541029157606524,0.0028812222990534024,2.3805213114581516,9
2020-06-05,0.03346744750078808,0.2397174550483985,0.6760766622096788,0.6911771085447188,0.29045589028953317,0.4331107445654708,0.0018522428624207113,0.0026959692144308198,2.1748750317512515,9
2020-06-06,0.23844588691013538,0.14683550140292706,0.6239005159634181,0.6183277488762274,0.1376535971264466,0.35437872906241186,0.0010951890287543933,0.0029809460902653247,3.2351464309810516,9
2020-06-07,0.15919128851245223,0.2101016178915993,0.7569794420049515,0.7137559511999225,0.08382926948259618,0.35305542095955605,0.000925967062512235,0.0036356270547050775,2.851584042881883,9
2020-06-08,0.1227162112353408,0.24124955342235516,0.7191136003698518,0.7009604995146494,0.1581701883948072,0.2915473893731007,0.0012537871771418903,0.0032655000312233643,2.984588939505074,9
2020-06-09,0.15181940919954284,0.22244518992665208,0.7329278305699571,0.7006010916847408,0.1152527602305,0.2685701645349939,0.001059395609638986,0.0034497303101840614,3.078506874243438,9
2020-06-10,0.17343142160783287,0.22129465994427966,0.7327137504692867,0.6891726866503408,0.09385482792288041,0.2333606376978856,0.0009578875723403645,0.0035155943209274616,2.6641390179179183,9
2020-06-11,0.09795000168248558,0.2777449785262975,0.691663140515058,0.6799069441755704,0.21038685780245658,0.23873346960987152,0.001483330782099694,0.003002400458788791,0.14261020299459037,9
2020-06-12,0.05652743982487803,0.2447808867940748,0.8027788177535521,0.6517595410442577,0.14069374242156985,0.13447694808373215,0.0012247969390924106,0.003626127395456512,2.431312091212944,9
2020-06-13,0.2174317061393672,0.37847997044345194,0.5757607090778315,0.6179764345025855,0.20680758478280123,2.0873245948938352e-283,0.001391310510523958,0.00258937447191147,3.1826563448308347,9
2020-06-14,0.3410325554427507,0.36902406928543036,0.5888783987598321,0.600976393019727,0.07008904579741719,1.225205453506652e-298,0.0007526743695442124,0.0030632150606478403,2.2345131584194986,9
2020-06-15,0.2647498972396881,0.37818727670060115,0.5794884293044,0.601539420771873,0.1557616734559119,0.0,0.0011521605355539189,0.002762008158498343,2.6961573706180912,9
2020-06-16,0.3060641237132703,0.39274054966145167,0.5685713847306398,0.6032280505550783,0.12536449155608986,0.0,0.0010012160326178954,0.0028167316556262315,2.960801504275728,9
2020-06-17,0.32697309207547615,0.37995317535743445,0.5857054773669625,0.5946622746704192,0.08732143055756135,0.0,0.0008322125347161953,0.002997929766584559,2.7893824825459457,9
2020-06-18,0.3084584287236823,0.3881100108848825,0.5881879174129745,0.6022195256670156,0.10335365386334319,0.0,0.0009097178160243494,0.00295707980348749,2.9192750771810796,9
2020-06-19,0.47697446011121136,0.26456447171563063,0.5068335216158438,0.273222515612821,0.016192018272944742,5.745373312665755e-238,0.0004444798032423103,0.0029308225349034996,2.3585025948141,9
2020-06-20,0.24092170044512967,0.40899877643567506,0.6018517812837374,0.6174061184739678,0.15722651827113301,0.0,0.0011735795889408727,0.0028392899892559476,2.940149819848639,9
2020-06-21,0.3111725110998603,0.3936654024740241,0.5795699939639871,0.6107287253913161,0.10925749493615258,0.0,0.000932092473605036,0.0029071518198200987,2.7388383812369463,9
2020-06-22,0.5674763205759319,0.6756773053119226,0.3400818900664271,0.38119977830205864,0.09244178935764086,0.0,0.0006968706900072141,0.0020830599457582898,0.8342923433674921,9
2020-06-23,0.3826752261965421,0.5343188413684302,0.4279032579935717,0.5277744708683135,0.18942151580988623,0.0,0.0012128030132255386,0.0021024046233345975,2.7705143836753527,9
2020-06-24,0.5407113938467742,0.427248541166851,0.43509190893415145,0.3036437350946044,0.02419669721907425,0.0,0.0004358891032709281,0.002643334041123527,0.8624021073915761,9
2020-06-25,0.2736521000086486,0.45313197117023424,0.5284993820891675,0.5581827005818166,0.1978485179021839,0.0,0.0013182103589790416,0.002444314235350522,2.974494199827535,9
2020-06-26,0.39198494700156566,0.48328563200401214,0.5089927811881624,0.5751861956949309,0.09902227181027203,0.0,0.0008379286622188939,0.002680736011728771,2.5465986306539703,9
2020-06-27,0.3884815977824434,0.4383926093488983,0.5196300625388546,0.5293345969370511,0.09188833967870207,0.0,0.0008110638855710289,0.0027418856733171597,1.842908398744755,9
2020-06-28,0.276764135345428,0.45233060813758263,0.5251370162945549,0.5732541443269235,0.19809884836001718,0.0,0.0013172077602155894,0.00243122911126268,2.553238325735344,9
2020-06-29,0.3328888915771586,0.4575431650465035,0.5196065204290713,0.583328327152008,0.14750458799376992,0.0,0.0010742380280638795,0.0025685732726656208,2.971262462805565,9
2020-06-30,0.3759261656091455,0.4451600937336641,0.5369998174055561,0.5701495224322094,0.08707401698529846,0.0,0.0007995312131748615,0.002820449706058002,3.20061090968574,9
2020-07-01,0.39756914856345055,0.4149529819752937,0.5527889928961534,0.5205239319026222,0.0496418585403962,0.0,0.000632549393379164,0.002994822993157441,2.787781285797968,9
2020-07-02,0.30140673363348136,0.5080643315588256,0.5270399323829295,0.5781131312357134,0.17155333398358913,0.0,0.0011928547767933737,0.002520873822387139,1.9730419807490351,9
2020-07-03,0.3850544777363186,0.5489345104358357,0.4354245832800341,0.5067563376422338,0.1795209389836475,0.0,0.0011708921336792569,0.0021607678405522373,3.309733092457792,9
2020-07-04,0.5246461246456177,0.44141203136191914,0.4639349400039424,0.24205054011358057,0.011418935350439707,0.0,0.00039411760535266327,0.002788690910335623,3.4107431956640175,9
2020-07-05,0.6150845074031143,0.6784070249984094,0.338728312838647,0.3980474303296785,0.04618717975823872,0.0,0.0004772444198476751,0.002222174017888457,3.3632965888212345,9
2020-07-06,0.6353458811505037,0.6771282885849809,0.3320921545406572,0.3961503468248095,0.03256196430883901,0.0,0.0004084764303143908,0.002240325364877202,1.2729156342903485,9
2020-07-07,0.2044088520967401,0.6352161179751564,0.48882358995885566,0.5135381965714668,0.3067675579444043,0.0,0.00180746032156366,0.0019598638151198584,2.4201043533751916,9
2020-07-08,0.6167762818169025,0.564731299427209,0.31727734106201677,0.34863993898836354,0.0659463771210808,0.0,0.0005566911931053317,0.002082125392407427,1.5893273436006226,9
2020-07-09,0.22821851165027374,0.6509608086812917,0.46090866175331324,0.5124836300916918,0.3108728265964132,0.0,0.001808602918298513,0.0018449155245733994,1.7816304641642609,9
2020-07-10,0.40988139573609633,0.5851090426024514,0.3789468738103885,0.534643842647371,0.21117173045351517,0.0,0.0012836329575870093,0.0018554916285131856,3.296802901677313,9
2020-07-11,0.5095077373981021,0.534433662772959,0.44924950580578304,0.48711049654422994,0.04124275679611455,0.0,0.0005257406800372764,0.0026420545000138476,3.262071528506388,9
2020-07-12,0.4908841214759896,0.5718399525048341,0.4467375961183687,0.5202506369953106,0.06237828240564177,0.0,0.0006241216991378895,0.002567031350884145,3.4581773321147717,9
2020-07-13,0.5217481261715772,0.5572977041426005,0.4400520813259529,0.4536668988538659,0.03819979250247012,0.0,0.0005053720543482802,0.0026178720292751277,3.208931958029968,9
2020-07-14,0.5308335302456447,0.4841750831296497,0.45224308195254215,0.28034768012632993,0.01692338780181322,0.0,0.00041259262220184293,0.002728757049740683,3.7119525494779024,9
2020-07-15,0.5327012844181016,0.5830733636409235,0.42871027050439414,0.4929933791512724,0.03858844507750429,0.0,0.0004998475714120729,0.002575153281750298,3.032641745697966,9
2020-07-16,0.5116556772014644,0.5469020468379229,0.4428735145871571,0.43431312003571904,0.045470808211378354,0.0,0.0005416097409117389,0.0026055509651868184,3.000026580706394,9
2020-07-17,0.5922818522801458,0.648918991316045,0.3562906324858444,0.3833139084076257,0.051427515234009666,0.0,0.0005134767580771163,0.0022701258511668323,3.7736426436658106,9
2020-07-18,0.6322463385365451,0.6394049191951149,0.35274156241006593,0.31725879513564004,0.01501209905338896,0.0,0.00033891488157147115,0.0023705591249310945,3.8392430541805496,9
2020-07-19,0.7112749733274788,0.7407206912966122,0.267822706737253,0.3376458223728187,0.020902319935268192,0.0,0.00031139703041206153,0.002041431018544689,3.7766226263546554,9
2020-07-20,0.8308990972268743,0.8283592708551499,0.16486230089365117,0.10427672719653987,0.004238601879474561,0.0,0.00016523431392710732,0.0017165233694192486,3.459293475276045,9
2020-07-21,0.8496902424836261,0.8716806190354761,0.13660795077421264,0.2430492623202597,0.013701806742161269,0.0,0.00019141767961328117,0.0015836446771327034,0.5427547850700962,9
2020-07-22,0.5460612005944923,0.7115614462271217,0.310176839195076,0.32520325087604246,0.14376196021043153,0.0,0.0009199467099568248,0.0018137694740135153,2.044650287756177,9
2020-07-23,0.43315987818653123,0.7547541446287378,0.3387320798822633,0.4553328568195173,0.22810804193120565,0.0,0.0013373281922921178,0.001655564410738683,3.045880469230276,9
2020-07-24,0.6507165792937505,0.6522179239331478,0.3187866697300509,0.31746362131224115,0.03049675097619859,0.0,0.00039003377825398667,0.0021980630378491722,3.199992611510962,9
2020-07-25,0.6313972948478388,0.6606463089041722,0.3403639852239291,0.3583961048173443,0.02823871992823209,0.0,0.00039341901731537043,0.0022840636980061895,1.9332650797647069,9
2020-07-26,0.4528152215189921,0.6521741363783876,0.3991593338715418,0.43436740608354496,0.14802544460946604,0.0,0.000998283263897779,0.0021261440563632755,1.7113125931174031,9
2020-07-27,0.2626447836606582,0.6454210700781988,0.43876690432113136,0.5139248044957389,0.2985883120182103,0.0,0.0017360327447456122,0.0018021443724250687,-0.6768611443696337,9
2020-07-28,2.065793290967645e-05,0.4095894377839005,0.6232167656133007,0.4573528218530061,0.37676257645378963,0.37558908834720744,0.0022261948069049386,0.0022336982448900146,2.3418458890649267,9
2020-07-29,0.010671942334716515,0.2745957973028175,0.635064343968463,0.6307448850888593,0.3542637136968204,0.34873593901184646,0.002025314309816851,0.0025982459416562455,2.422418759755418,10
2020-07-30,0.06316259225938592,0.16840777696875628,0.6423603562162145,0.6345429227295316,0.2944770515243998,0.32752044331253816,0.0017592657750851665,0.002740429510472593,2.7421420540865094,10
2020-07-31,0.13418414967582565,0.13379439885069397,0.6704097919901738,0.5964267289633498,0.19540605833400054,0.31284631030392535,0.0013276576726267172,0.00304159093712444,2.364867444981812,10
2020-08-01,0.24536196766909182,0.11025121350554083,0.5528707510739569,0.5235750865698982,0.20176728125695118,0.29127365652031856,0.0012874048071018127,0.002546864528147382,1.4663446397642934,10
2020-08-02,0.026868994358697478,0.193804794356335,0.633626176883054,0.6397494243259858,0.33950482875824856,0.38699529285389406,0.0019577349819692854,0.0026200401513424873,0.5077830254515947,10
2020-08-03,0.008398048884434668,0.1387638488080167,0.5049153437996459,0.6331563905719483,0.4866866073159194,0.5250421254846832,0.002546814889064051,0.001815115462891763,2.35401398476906,10
2020-08-04,0.1271133334734036,0.08749269888461965,0.561179451190146,0.5793049926113202,0.3117072153364505,0.5004059988846067,0.0017893412091584378,0.002374642402583619,2.821988973387154,10
2020-08-05,0.2220369777952783,0.06287852836154616,0.6434563704563263,0.44367009252882883,0.13450665174839535,0.47050967028236623,0.0010364282656438442,0.0030451848962143595,1.230000659591049,10
2020-08-06,0.09788696977120172,0.09219008529597347,0.5774799901359948,0.6061652167525573,0.32463304009280347,0.5503326666494279,0.0018574003938897107,0.0024173353095845993,2.781244129247973,10
2020-08-07,0.12772869369320494,0.305442156382648,0.6921460871798307,0.6539485563955582,0.18012521912696433,0.1290499755448405,0.0012712458097569766,0.0031595529800017477,2.2831141631864824,10
2020-08-08,0.38471019139384693,0.15050877741423446,0.4916613665433326,0.4147847125563787,0.1236284420628204,0.11182668930158489,0.0008980385939626519,0.002442110755091375,2.585350748679895,10
2020-08-09,0.14915078354348543,0.3287367270803725,0.6728437464458434,0.656069927666068,0.17800547001067096,0.13333074577435255,0.0012503747309570025,0.0030842480258824307,2.8232298586988733,10
2020-08-10,0.1922791780836861,0.2105918381134226,0.6734350402491488,0.5814836117005191,0.13428578166716526,0.11910157416773108,0.0010529558394430554,0.0031687356203163757,2.419363853885004,10
2020-08-11,0.2117809046970251,0.20331537394594573,0.6035254316191427,0.5645213017019244,0.1846936636838322,0.11572142208091174,0.0012400000867204028,0.0027869725848132403,1.0077221251220183,10
2020-08-12,0.08610537686940303,0.24054787763524937,0.7072715195544166,0.6228162530071097,0.20662310357618036,0.12487812775060513,0.0013999475638894177,0.003171945352340147,2.4629868398381225,10
2020-08-13,0.26495744030605617,0.3735771458273214,0.5487196162341667,0.6095928813041128,0.18632294345977726,0.0,0.0012151303351161085,0.0025588018815643878,2.2674150799588797,10
2020-08-14,0.5343549324429764,0.25383256490717687,0.3750377495732009,0.38537554702356136,0.0906073179838226,0.0,0.0006797600865337719,0.002025062397443778,3.6313260272890493,10
2020-08-15,0.34004767453806967,0.355828643247519,0.626707183769547,0.5970229551579426,0.033245141692383275,0.0,0.0005685908461815171,0.003166449255543124,3.0674899689084243,10
2020-08-16,0.4185403173399178,0.4543320606160921,0.5144814762061629,0.4909969641222467,0.06697820645391916,0.0,0.0006553548671525275,0.002642172063007849,3.4668250118916366,10
2020-08-17,0.4464476774653661,0.5158718723362071,0.503286930372189,0.5924132965118883,0.05026539216244491,0.0,0.0005731977099935449,0.002627559736484447,1.4474420805059731,10
2020-08-18,0.1922640384969813,0.4646899050881233,0.596448637276232,0.6350600054642759,0.21128732422678675,0.0,0.0013560994907384659,0.0027079904493675015,1.7085737739346776,10
2020-08-19,0.29210933366057873,0.4490679472137163,0.5143691283356657,0.6518118575559123,0.19352153800375538,0.0,0.0012274164165296682,0.002404197378661519,1.7731627246999424,10
2020-08-20,0.5041295522474599,0.2858265370004135,0.38101741708985226,0.46374594445027906,0.11485303066268772,0.0,0.0007928831224648421,0.0020041160859927483,2.7478117975035032,10
2020-08-21,0.34055393755899527,0.47029669876646607,0.5568039297349703,0.6665799506425695,0.10264213270603435,0.0,0.0008415080204186471,0.00274907105620437,1.4079736696763818,10
2020-08-22,0.3503831284086186,0.4042629823175883,0.4901472619492094,0.5673538872049035,0.15946960964217216,0.0,0.0010591739171818238,0.002368620200110241,2.4473843427759094,10
2020-08-23,0.28683084998033836,0.5010439978969905,0.5582851673031288,0.6570767468491724,0.1548839827165328,0.0,0.0010786100793325722,0.0026571007826424447,3.2435528107996965,10
2020-08-24,0.3964876254302663,0.509635518994906,0.5237897945681875,0.6484578975765645,0.07972258000154628,0.0,0.0007184577558112381,0.0026564852801237056,2.9713931843697123,10
2020-08-25,0.3539086842189576,0.48318057096060446,0.5518486719096293,0.6334347634915867,0.09424264387141308,0.0,0.0008006135057741578,0.0027444828051981876,1.061366569589079,10
2020-08-26,0.4775210134209616,0.2936512605936777,0.3981103420809668,0.47914542761465534,0.12436864449807171,0.0,0.0008460318622886872,0.0020564644202030447,2.882520763612791,10
2020-08-27,0.32594913487571686,0.3915676228753097,0.5918671736762398,0.6348122857346041,0.08218369144804336,0.0,0.0007695630570086717,0.0029314910052821866,2.2593785803864144,10
2020-08-28,0.20125020238241548,0.5474724956247976,0.5946795710034359,0.6744524345022328,0.20407022661414853,0.0,0.0013224244387049912,0.0027142700826369923,2.260606745712084,10
2020-08-29,0.6730130717248335,0.3000905596094357,0.2643270322673315,0.2835991283211206,0.062659896007835,0.0,0.00048758500940893675,0.001622778041000918,3.6379447077823968,10
2020-08-30,0.4958914764966608,0.5316472313388889,0.47818400728347055,0.635847891980654,0.0259245162198686,0.0,0.0004483599232568449,0.0025701366689895267,2.0624590175477753,10
2020-08-31,0.14143741286919614,0.6231721447259119,0.6244605975971204,0.6811528699988686,0.23410198953368364,0.0,0.0014757284285214954,0.0027802268623713607,2.9324644619082623,10
2020-09-01,0.6477495239985891,0.17372173814619163,0.35105718514954515,0.013555536012704355,0.001193290851865812,0.0,0.00026143066199675477,0.0020943872480076063,1.4211583103640741,10
2020-09-02,0.05160925717049329,0.6675773291752122,0.6779002990826675,0.6850271540644823,0.27049044374683906,0.0,0.0016716464664961249,0.002931429609392794,0.9176715901022795,10
2020-09-03,0.6645119088658583,0.29081028224044897,0.25349990639258385,0.5116918973673126,0.08198818474155758,0.0,0.0005684382741454385,0.0015420281797950703,-1.938856588769835,10
2020-09-04,9.498868808319504e-05,0.14256671297606985,0.542111549546097,0.6337274714488023,0.4577934617658198,0.4580355879935833,0.002438358168558472,0.002022127831610401,2.269243673820035,10
2020-09-05,0.07441259493826201,0.1283398768894708,0.6113932140044936,0.6204712336024597,0.31419419105724433,0.4136818743076729,0.001830202235751552,0.002576225505411651,1.5562972748002535,10
2020-09-06,0.022771747871467577,0.16495702390790323,0.5972049524637818,0.6355694031762371,0.38002329966475057,0.47412299357059273,0.00211945202597971,0.0023943910424757894,2.4483426450815546,10
2020-09-07,0.08367905412295056,0.11875199062624076,0.6121484811469853,0.6182320148251436,0.3041724647300643,0.45083476169681436,0.0017853343767927194,0.002598137832637736,2.5384376356384357,10
2020-09-08,0.08833875004547169,0.12200643043444302,0.6416458683676812,0.6199904289525662,0.2700153815868471,0.44295587169639333,0.0016482279977503194,0.002783407670184261,1.8686289279226715,10
2020-09-09,0.18316783415716367,0.0850279456196535,0.5459964359448034,0.5436514858973549,0.270835729898033,0.4470171424611726,0.0015956077134033039,0.0023889917816528224,2.5729895089463453,10
2020-09-10,0.13025174779815413,0.09895942536648519,0.6577757280510039,0.5858216675046694,0.21197252415084183,0.44822957630850374,0.0013951902049541176,0.0029586029049934962,2.6265242100529154,10
2020-09-11,0.3225039537536756,0.06543958447935956,0.527482470979101,0.4227820997444275,0.1500135752672235,0.4279001704118905,0.0010384515188027886,0.0025397213844854734,3.2038777279927775,10
2020-09-12,0.10982017119719004,0.12441715381562551,0.7780795096029749,0.6221769506544083,0.112100319199835,0.44271539642547664,0.0010135008559806794,0.0036401991219656687,2.9100574876442877,10
2020-09-13,0.12540953844814992,0.13433487222426727,0.6865289583384193,0.6104535358414832,0.18806150321343082,0.34764905181665245,0.0013038633005651792,0.0031215849868714953,2.459908003907785,10
2020-09-14,0.26256501638252683,0.5941298669400369,0.5603357953962159,0.6590453404671224,0.17709918822125728,0.0,0.0011802659899458618,0.0026238272254351263,1.7543501593586006,10
2020-09-15,0.2509454594532911,0.5283678766433862,0.5502981948033092,0.6550786619313583,0.19875634574339962,0.0,0.001272275622556202,0.002541949178990017,2.663447982281845,10
2020-09-16,0.3839021480754822,0.5880886118828623,0.49822110227496685,0.6170372299810517,0.11787674964955082,0.0,0.0008759052606565419,0.0024798501377830537,2.163801933851447,10
2020-09-17,0.2577326640791443,0.60016391436472,0.5666440544033343,0.6476283174214185,0.1756232815175213,0.0,0.0011773048215150065,0.0026525083189745165,3.127577737439225,10
2020-09-18,0.46017458782714216,0.5487807053964935,0.47268614869637465,0.56880581155053,0.06713926347648326,0.0,0.0006314588345879811,0.0024701971633305318,3.510643559303327,10
2020-09-19,0.5624936494484228,0.6388848537090814,0.3970099734229605,0.5679227162628613,0.04049637712861648,0.0,0.00046629927966372717,0.002209367237743299,2.388666005055065,10
2020-09-20,0.6352112197285067,0.44113527837637845,0.34231186664723745,0.1814087869106277,0.02247691362425599,0.0,0.0003524325853606953,0.0020185182969519725,2.078837230760119,10
2020-09-21,0.3925623783032228,0.7289115877184917,0.4759482464817927,0.6868669172195986,0.1314893752149844,0.0,0.000924298468561176,0.0023628153175226166,0.6045747040802704,10
2020-09-22,0.41108274325839017,0.5008446689640451,0.4289084762789561,0.6584791426261397,0.16000878046265374,0.0,0.0010253735924274426,0.0021160723935572216,3.2253282510005348,10
2020-09-23,0.4102924421065557,0.5017787116639568,0.5209418873614321,0.6594662827620396,0.06876567053201206,0.0,0.000667238277635294,0.0026653529904695056,1.3839534806234455,10
2020-09-24,0.3911443109225329,0.32705560427817526,0.4625353849026177,0.5105444054859525,0.1463203041748494,0.0,0.0009834126096468182,0.00227988589033346,0.8376270762194464,10
2020-09-25,0.3343788339339675,0.39715755762304056,0.47110224530149886,0.6599102867942614,0.19451892076453375,5.061647370327106e-240,0.001206347856459318,0.0022246083980771133,3.0753977221091073,10
2020-09-26,0.3265335679882505,0.25187465456270347,0.6236386625894972,0.48313608457726737,0.04982776942225248,5.234269621190155e-221,0.0006418098878512246,0.0031227209661513927,3.224679267301501,10
2020-09-27,0.27888919957029457,0.33676665217822765,0.6339291276920604,0.6099997432962377,0.08718167273764486,7.390425e-317,0.0008167925258054798,0.003094877898723234,3.287385347407535,10
2020-09-28,0.28786793416098394,0.33411565208950067,0.6303602449788529,0.6066208311201773,0.08177182086016314,9.886753e-318,0.0007902350137250527,0.0030903727819860086,3.2095750306423074,10
2020-09-29,0.3137754357564548,0.4699890742235172,0.5711116440441426,0.6678922455209187,0.1151129201994027,0.0,0.0009063071669060388,0.002784432591091545,2.7623353292667856,10
2020-09-30,0.2660941498629935,0.35509075393575956,0.6055353915573285,0.6241045795763845,0.12837045857967802,0.0,0.0009864632046220592,0.0029009432357449735,2.924159339729571,10
2020-10-01,0.2875577839166972,0.4472818491877334,0.5820096608255911,0.6659050133360965,0.1304325552577116,0.0,0.0009819853401648766,0.002800441839193652,2.128723616353464,10
2020-10-02,0.3548175450728893,0.42581802828776344,0.5059669187963973,0.5534010986745495,0.13921553613071327,0.0,0.0009769470521273436,0.0024716143140947255,3.2515250189634206,10
2020-10-03,0.435399682011074,0.261718648125924,0.5511703967102959,0.18370322764405286,0.013429921278630129,0.0,0.0004347551185960905,0.0028933767971447166,3.4998016629300377,10
2020-10-04,0.4978966266666132,0.6463928057336844,0.4313683145099203,0.6807005682546093,0.07073505882346649,0.0,0.0006233122040112121,0.002293736777997463,2.8667763333879033,10
2020-10-05,0.5866607327744815,0.8833538802724972,0.3046535672855189,0.7040042253557254,0.10868569993999952,0.0,0.0007195831326556038,0.0017020303410366533,2.9302372890948303,10
2020-10-06,0.7035658160456175,0.8684834766761225,0.23005818674987316,0.6359367412090614,0.06637599720450955,0.0,0.0004838991882857878,0.0014750452838292612,1.5273434222236633,10
2020-10-07,0.42740188418150177,0.8701062597190311,0.4280603567135898,0.7132549438764522,0.14453775910490846,0.0,0.0009549462474756118,0.002141626831002767,3.2029563720249863,10
2020-10-08,0.7182155759196911,0.6685143192780525,0.2688087949084376,0.16088134182441047,0.012975629171871244,0.0,0.00026578279326470604,0.0017344406856840047,1.3287826015622568,10
2020-10-09,0.11074450272018155,0.847444232956907,0.6411139465075955,0.7035554772370681,0.2481415507722228,0.0,0.0015489967499189693,0.002822278514372448,2.4201383811380883,10
2020-10-10,0.25654962321457286,0.7648212173719758,0.5649331424246194,0.672716022824092,0.17851723436080766,0.0,0.0011893835614724714,0.002640049065151334,2.1501077014036074,10
2020-10-11,0.17834510015184385,0.7629335753228347,0.6019521714719983,0.6945645513753703,0.21970272837615784,0.0,0.001397388622221492,0.0027148008512869666,2.8850163406178457,10
2020-10-12,0.41583566308544007,0.7600147860916733,0.45446466891638115,0.6862461150037447,0.12969966799817872,0.0,0.0009035092786339035,0.0022779315557173627,2.314097229015127,10
2020-10-13,0.3100866326414123,0.7665246009604385,0.5158925440496457,0.695384263587511,0.174020823308942,0.0,0.001140156090208971,0.002447056260850844,2.5936727891271247,10
2020-10-14,0.42343757429316076,0.68237656797577,0.463521371027239,0.653674216375756,0.11304105467960038,0.0,0.0008335595649391437,0.0023463986743316404,3.4481124270462953,10
2020-10-15,0.566590354649286,0.6668705189816831,0.3850798072616836,0.6181143119869006,0.048329838089030436,0.0,0.0004946398487611466,0.002145661692781474,3.277163394458971,10
2020-10-16,0.5492315517996489,0.5201668662652829,0.43183252494943547,0.3024488464923028,0.018935923250915622,0.0,0.0003894272122480083,0.0023928669552017025,2.084354976258474,10
2020-10-17,0.6658801223703612,0.4776732307872127,0.30569874410242165,0.19550836168681543,0.028421133527217174,0.0,0.00035753745708527875,0.001856974490153413,3.769405882745129,10
2020-10-18,0.5842241952846022,0.5999323580498497,0.3987981642811125,0.4403383285425021,0.016977640434285415,0.0,0.0003610500398295352,0.002260855226863586,2.8147937166230053,10
2020-10-19,0.5381981770777831,0.7775090544481179,0.3756099547247367,0.668713658799709,0.08619186819748001,0.0,0.0006601447142686229,0.0020357002055216987,1.6856418927756511,10
2020-10-20,0.2731585437514907,0.7138975896442904,0.5599338627190652,0.6300069346398885,0.16690759352944395,0.0,0.0011339470111568003,0.002641305232860135,2.351603680964992,10
2020-10-21,0.2753511542413817,0.7793920001158566,0.5526020319089187,0.67982600457991,0.1720468138496996,0.0,0.001152868644234879,0.0026015440694891557,-0.3020642954894557,10
2020-10-22,0.008088408541179938,0.4070926231858068,0.8433570670544771,0.6606338981721889,0.14855452440434297,0.09129531141832763,0.001216308362865766,0.003839901970411841,2.630753457826024,10
2020-10-23,0.1426499003586581,0.2814751982274306,0.6358444727737472,0.6159067900528316,0.22150562686759462,0.07860629262351346,0.0014254466331323718,0.002850628181659321,2.8847506482165075,10
2020-10-24,0.247961187274383,0.22973186440234603,0.6509331473779368,0.5255891331817166,0.10110566534768019,0.07181849764078355,0.0008897165350317421,0.0031385868311108356,2.6221913545859166,10
2020-10-25,0.13714111106777718,0.3289531797008057,0.6665250535519004,0.6505800703305116,0.19633383538032242,0.08436439927036615,0.00132958058087876,0.0030238931577383998,2.785309221265459,10
2020-10-26,0.1710930427218198,0.29639467303899636,0.6752034925839508,0.6310314375153276,0.15370346469422938,0.08097063438188264,0.0011418262868620444,0.003139553796941768,3.0485299835226587,10
2020-10-27,0.26403073155913626,0.2644340224425589,0.6282153473850582,0.586516843267131,0.10775392105580552,3.882001933019676e-05,0.0009065030222205828,0.0030327960688465577,1.2164872441449375,10
2020-10-28,0.4161805532033621,0.15204152817775946,0.41167528372919204,0.3196138011708048,0.17214416306744584,0.03441560650005528,0.0010907907235458603,0.0024050835419328867,1.2998284970013287,11
2020-10-29,0.04108009701685576,0.3971696037191661,0.7226621323598752,0.6749100200207359,0.236257770623269,0.13883306614816165,0.0015717919603154627,0.0033298045302591547,2.52245154638289,11
2020-10-30,0.07785560605246487,0.3715922331136733,0.6787603686736429,0.6547702364234549,0.24338402527389222,0.11402261709024235,0.0015767212457973303,0.003138956816838432,2.643465236908556,11
2020-10-31,0.38813611007181137,0.14460248910566412,0.46819750122937764,0.31043588125023736,0.14366638869881102,0.03626686353356028,0.0009980799762330775,0.002722752404114571,2.4891197135409784,11
2020-11-01,0.34703136432755954,0.6145184770640332,0.5122514408541826,0.6607518803658758,0.14071719481825787,2.2080170404458977e-32,0.001012174704264674,0.0028985981843523472,3.0203009447080413,11
2020-11-02,0.4384715277305045,0.5942564544797614,0.47196370635643536,0.6393678484740891,0.08956476591306022,4.605193611330356e-33,0.0007573267801106878,0.002938527475625065,2.6104525371537997,11
2020-11-03,0.5125854691609751,0.08978058637401427,0.479321049676244,0.020224702359980612,0.008093481162781017,1.6729044418628337e-15,0.00039564310090694685,0.003269770244927434,1.5933062946293832,11
2020-11-04,0.653932425833064,0.22631302662616926,0.21666116958585552,0.21309537235518805,0.12940640458108046,4.232155742867297e-15,0.0007769274823914231,0.0018346517850439837,3.180892821288337,11
2020-11-05,0.37260393049726914,0.35368157547580337,0.5972252735470456,0.4350212987393461,0.030170795955685045,2.1559312221445067e-18,0.0005675665241215944,0.003628672243671787,-2.656882743124321,11
2020-11-06,0.008143405109070911,0.30710434420883276,0.6438604897133744,0.6775111476410968,0.34799610517755475,0.36380909009869555,0.0020251579936349214,0.002618383727292096,2.502101104609536,11
2020-11-07,0.08760381043303513,0.2561514497840286,0.65195740828422,0.6170649732222957,0.260438781282745,0.20186454736603926,0.0016367927602290912,0.002975081751105269,0.837079548914922,11
2020-11-08,0.016598189612573654,0.33973196827980534,0.6577884475703741,0.6918321095544514,0.3256133628170523,0.3732754827145261,0.0019332700417246768,0.0027539418357701907,1.6735066826001652,11
2020-11-09,0.12052432861155299,0.16077473806956055,0.6009110111029645,0.5450857022021026,0.2785646602854825,0.26406432035703875,0.0016865656633709332,0.0027164937665319386,2.356017539592179,11
2020-11-10,0.3941864986337932,0.07350031955734544,0.4534053811736511,0.27114997166580823,0.15240812019255584,0.13790943174366518,0.0010281520577812037,0.0026348119650134467,3.316973944766485,11
2020-11-11,0.15812966527007571,0.15669764822851817,0.7639396359022982,0.5343812286953044,0.07793069882762643,0.2502151542850005,0.0008847118586571993,0.004074483436754813,2.180232858369853,11
2020-11-12,0.12986339041197612,0.17370651795217804,0.5814486778489074,0.5745312673836512,0.28868793173911644,0.3071067821194384,0.0017199362986656103,0.0026059270455543616,1.8130492531804228,11
2020-11-13,0.27718227598731526,0.09240933856135124,0.48372700906193433,0.3923702123941721,0.23909071495075046,0.2269088176222782,0.0014363269052110727,0.0024251385884890724,3.13227248456138,11
2020-11-14,0.17514530489009963,0.25653892079272217,0.706666454446411,0.6620725127548286,0.11818824066348954,0.4285872109844287,0.001030828815571962,0.0037100914389282236,2.3146150938247967,11
2020-11-15,0.0609469121122809,0.3221060813750003,0.6826980845485799,0.6994738310264402,0.2563550033391391,0.5089922343557659,0.0016374659654176688,0.003105338283449581,2.528051695301885,11
2020-11-16,0.3310060945911167,0.23081166657705796,0.507365420634778,0.38352177567680396,0.16162848477410535,0.01834149593328626,0.0011031053505174617,0.002802360711516909,1.0952925381479335,11
2020-11-17,0.2749652570396942,0.1874666402822226,0.5420048459319156,0.4054603925221149,0.1830298970283903,0.042379170679565564,0.0012207635183470414,0.002852202011215548,0.7595257679672635,11
2020-11-18,0.008935205173808069,0.5731951091598428,0.7558153051671719,0.7445103256318499,0.2352494896590199,0.22369429139225502,0.0015876918508476437,0.0034576237884662462,2.588479680359685,11
2020-11-19,0.14993466818544343,0.31998386513502725,0.6125481789525836,0.5697529952546437,0.23751715286197275,0.046782705612138875,0.0015093582793693791,0.00291305875656712,2.9088263692770138,11
2020-11-20,0.21269775808577676,0.38038431259760097,0.6462715218200513,0.6230467206563867,0.14103072009417178,0.055262571170693386,0.0010964355425028623,0.003398938149431733,1.2502604508388195,11
2020-11-21,0.020719839722769213,0.4878495652264665,0.7342768498410025,0.7177839756505506,0.24500331043622828,0.1928585897834511,0.0016182845087904512,0.0033406653822228077,2.6171303491608184,11
2020-11-22,0.061937006234250816,0.4937037329980691,0.7111756046541702,0.7130468960547087,0.22688738911157902,0.1534780513406983,0.0015225684264667247,0.003321752674826091,2.376745711336948,11
2020-11-23,0.14408783923216367,0.3203099225629184,0.6304827109525633,0.5783608038797193,0.22542944981527313,0.052645179769556516,0.0014661443574393769,0.0030252314529741545,2.696261167040583,11
2020-11-24,0.18099246240291958,0.5057084158067069,0.6557037629285501,0.7054229974409341,0.16330377466853022,0.10351125528868971,0.0012024187075780695,0.003351203777812011,1.528040295392093,11
2020-11-25,0.08062324803506078,0.3276800038292111,0.6719512966825962,0.6261098983519752,0.24742545528234305,0.10454715007420523,0.0015906780461474252,0.0030984112121862184,2.0295557976749254,11
2020-11-26,0.03407933116099186,0.4311351274224575,0.7194356388537178,0.6958723555898574,0.24648502998529057,0.17172456458162721,0.0016157905672515714,0.0032796053495493683,-0.4768023918462677,11
2020-11-27,8.112693508647704e-05,4.466733883444468e-281,0.3181710271133761,0.7697795631084726,0.6817478459515376,0.690262930046153,0.0033155491401412047,0.00015546966306040529,2.1744253819655945,11
2020-11-28,0.018765616306050954,0.3619015188982804,0.6850829170172705,0.6944008233866136,0.2961514666766787,0.325832840141809,0.0018178173332102678,0.0029659078861513553,1.8689135342936127,11
2020-11-29,0.1681726429256489,0.1541640097220776,0.5749964489151383,0.5075055820748408,0.25683090815921283,0.19732373040357523,0.0015728251506173492,0.0027005401759136946,2.0979898851005916,11
2020-11-30,0.15580974117531066,0.15937448559172,0.5753188391614369,0.5306194851262248,0.2688714196632524,0.23120265261970488,0.0016271126013100892,0.0026568615664441598,-0.03707119062845177,11
2020-12-01,0.0040648226454331905,0.3129427584523985,0.43349746253325777,0.7074887679008663,0.562437714821309,0.6289332943075042,0.0028549527972553746,0.0010317941520644328,1.3539031249767526,11
2020-12-02,0.01071327265789593,0.23682864309404297,0.4559569215380238,0.6778520342879192,0.5333298058040803,0.6342497689175128,0.002738758196609793,0.0012243477870215618,2.182177959102885,11
2020-12-03,0.042305482904534696,0.18784451236795058,0.5672710579804547,0.6421603052437916,0.39042345911501053,0.5818948362442616,0.002167876741671672,0.002173620819441187,2.420740149297971,11
2020-12-04,0.09336142622880625,0.14246467122045578,0.5842923063266093,0.5875051234706025,0.3223462674445844,0.5121754799263323,0.001872870479399911,0.0024910953922725543,1.3389018507288442,11
2020-12-05,0.26111106696586633,0.06159808630084843,0.48640926390513,0.32198492029551007,0.2524796691290037,0.2980839767320888,0.0014981170379702,0.002385263922699281,2.1388487945569827,11
2020-12-06,0.07539969901385725,0.16933464768198755,0.6119705477827547,0.6218014546213433,0.31262975320338804,0.5471323262556989,0.0018464640617065636,0.0026308900618772463,2.50427408520534,11
2020-12-07,0.15311034561042253,0.1921360120110904,0.6168664376138064,0.5437562659415538,0.23002321677577106,0.16686784877759067,0.0014783570044583662,0.0029571539973520375,2.5353450324988596,11
2020-12-08,0.12023556090508516,0.2640548732884647,0.6716252981024564,0.630714762413616,0.20813914099245848,0.2313390231364784,0.001413854855665176,0.00324364410171878,0.9642442930007572,11
2020-12-09,0.16909612169814223,0.14392659507947542,0.6115687339599267,0.46410775868249166,0.21933514434193094,0.1528012945603049,0.0014270400296797327,0.0029771731104677604,2.5928786744702172,11
2020-12-10,0.17921899537577626,0.17471180397269265,0.6204126119018387,0.5195626083644317,0.20036839272238502,0.16338685702131583,0.001347265419357186,0.003080972139292616,2.2049037677845917,11
2020-12-11,0.24731437303892878,0.25958206272995477,0.5606702787555937,0.46874741228093914,0.19201534820547747,0.02910059335582343,0.0012727176595897164,0.0028885525848463055,2.321671461458304,11
2020-12-12,0.27348825612024735,0.593585931395833,0.5587306965411324,0.7038820711536147,0.16778104733862031,1.2745597652963286e-16,0.0011626074446712232,0.002971635995865752,1.431469136524174,11
2020-12-13,0.21909170250661256,0.5719048278555955,0.5776130897982178,0.7164657219389453,0.2032952076951696,1.0660386564862413e-07,0.0013339120117202084,0.0029099038665717347,2.318277713367149,11
2020-12-14,0.22134158496218947,0.4528350234507966,0.5724159430627392,0.6581438637387419,0.20624247197507115,0.0007378442089330187,0.0013439333583069965,0.002879469019782138,2.943968523075117,11
2020-12-15,0.36556247923838464,0.5922382977930972,0.5174449987100272,0.7018540390160768,0.1169925220515881,4.7809635244725815e-17,0.0009087712846586408,0.0030064742950591957,3.1130529906564206,11
2020-12-16,0.4014196890395163,0.5626372174840244,0.5079904984339361,0.6762739547367617,0.09058981252654764,4.470096896726188e-19,0.0007842446923557469,0.0030695200328965445,-1.5656122007062636,11
2020-12-17,0.003146130440466524,0.3490992387350496,0.6323948722035015,0.6953932483295981,0.36445899735603204,0.3743030155743936,0.0020919588770494718,0.0025141080076177724,0.7254999998188875,11
2020-12-18,0.0010301289230565322,0.0,0.4138936365594731,0.7794884379937569,0.5850762345174703,0.7900009589141476,0.0029439144168642347,0.0008740432132746194,2.261649363864739,11
2020-12-19,0.0043620260739231425,2.15991848960871e-20,0.6103079420278815,0.756404227623453,0.38533003189819537,0.6509351294366532,0.0021719029307746855,0.002353654077479411,1.9390581577760058,11
2020-12-20,0.010684894573792647,0.38315990805351324,0.632143140306251,0.7265488995937208,0.35717196511995636,0.6068005406474698,0.0020590763387579435,0.0025403308502109667,2.258290266491681,11
2020-12-21,0.17101018851890828,0.12792948644577312,0.551287244715988,0.5019783070955981,0.27770256676510374,0.2856154107030083,0.0016518215160329962,0.0025340133022879636,1.7556279928804626,11
2020-12-22,0.01955978161958885,0.3160785838463483,0.6309415490250568,0.7026046865249563,0.34949866935535445,0.5645360830109607,0.0020238662717096145,0.0025644392050011384,1.9146895607326833,11
2020-12-23,0.5423814390092114,0.044364467506450886,0.33934719614404185,0.1482628863065514,0.11827136484674675,0.12193636389659418,0.0008037786352248059,0.002335257575623142,1.580432859322928,11
2020-12-24,0.6496063558259746,0.019685283825504715,0.31924289728056077,0.03220138741320239,0.031150746893464656,0.0604004039493605,0.0004000352262326822,0.0025847975006553932,2.2097730553364956,11
2020-12-25,0.21957350844226695,0.4337553021646663,0.6476553119754165,0.7435393185630828,0.13277117958231655,0.667400027044719,0.0010601401987591508,0.0034349065315094174,1.5619924547849884,11
2020-12-26,0.030111212751661277,0.26382220764266556,0.6481181497960345,0.6838536172202334,0.32177063745230416,0.5791552356751168,0.0019099987916056226,0.0027320802136075214,0.38962249352770983,11
2020-12-27,0.014348919479214744,0.28261384860166067,0.6404940625150382,0.6670881646183239,0.34515701800574705,0.3699738216497239,0.00201031135055385,0.0026163700570084243,2.500594072947975,11
2020-12-28,0.0019998712107980846,0.0,0.7031749688228139,0.7937336061886993,0.2948251599663879,0.48432052131226955,0.001823060617281382,0.0030385533478079893,2.3253980978714703,11
2020-12-29,0.10195310196514962,0.25918286288660214,0.6390091139301508,0.5978917494644506,0.25903778410469974,0.14444308010233445,0.001622472914942647,0.0029318513758661217,2.731052866690533,11
2020-12-30,0.3722812950062174,0.12198013853044354,0.5074683431290515,0.28417747441659424,0.12025036186473105,0.04473209988355355,0.000917233091356571,0.002956996553261207,0.41274073305485914,11
2020-12-31,0.3039549886064893,0.1065403144163718,0.5164856227881613,0.34034006150746404,0.17955938860534934,0.10569275182667555,0.001189329739218931,0.0027696454867297015,3.0923880369405627,11
2021-01-01,0.21336052009978337,0.12442531113397234,0.6990665585058887,0.3815540545852659,0.08757292139432794,0.10347172777623123,0.0008883930629512978,0.0037957810860759092,2.7110619533793368,11
2021-01-02,0.3725325380978533,0.11297464036869731,0.49052151592388,0.30777910422665544,0.1369459459782668,0.0680887405108165,0.0009817490759626648,0.002831342481711247,-0.908464409042647,11
2021-01-03,0.12911271644155248,0.026681351922368205,0.7734305125185604,0.06970295236051814,0.09745677103988723,0.10340477093096132,0.0009784279809036006,0.0040372087711211145,1.7466075643863033,11
2021-01-04,0.0017940645343362425,0.0,0.7340959913708384,0.7878765219430153,0.2641099440948254,0.8528584624652382,0.0017040907339054693,0.003268762276932014,1.089224342860415,11
2021-01-05,0.038357298245591594,0.19094291632291394,0.5599844412999089,0.6386275458890548,0.4016582604544997,0.5447076397698899,0.002213739575753752,0.0021044725409238097,0.6426971921231082,11
2021-01-06,0.020366993665919052,0.18440207441740772,0.5259892171552756,0.6281316556724996,0.45364378917880527,0.5107742299814815,0.002425655863322867,0.001783467662708229,0.49364536144502613,11
2021-01-07,0.04017521002204734,0.07193601340930894,0.48786425599256833,0.44479550657880884,0.4719605339853844,0.504969890490426,0.0024838110501549603,0.0015725207151385788,0.7133695309577014,11
2021-01-08,0.009789210783359951,0.15173112747842607,0.2918972649448677,0.6522165992077946,0.6983135242717724,0.7997130861761003,0.0033727952760594904,-4.601921264555872e-06,1.6790167648679406,11
2021-01-09,0.012820690691162333,0.16479283839610948,0.3425839335938092,0.6694986570934911,0.6445953757150285,0.8412027563131561,0.0031649421233680237,0.00038532195481341637,2.1333588789314994,11
2021-01-10,0.04306491999154785,0.13198663252030843,0.4695042060403947,0.6205540959050249,0.4874308739680575,0.7298389071774143,0.0025415947985897996,0.0014461458097036878,1.0459061346996497,11
2021-01-11,0.003870823864873838,0.22646260981076,0.25541596642244674,0.7061905497072816,0.7407132097126793,0.8767927003690352,0.0035389095614803416,-0.0002991753776890823,0.7613626295189115,11
2021-01-12,9.517122680604817e-05,0.18779759453506908,0.07711977536877868,0.7014106944469283,0.9227850534044153,0.9264294773572113,0.00423611430573314,-0.0016451004564081025,1.5355890994172865,11
2021-01-13,0.006421232952154112,0.07677769013077328,0.2851323087935198,0.5318277551653228,0.7084464582543262,0.7248758472845026,0.003413764833764976,-6.769054763593988e-05,0.2619242136229681,11
2021-01-14,0.00033855204310640836,0.08110025818456269,0.12349594349006483,0.596209662201255,0.8761655044668287,0.8783211783375942,0.004058411171283306,-0.0012977690418197914,1.5230561934550706,11
2021-01-15,0.025680992494472137,0.050617363472570155,0.2182809824767462,0.48849408192789134,0.7560380250287817,0.8193816044527723,0.0035834561147210196,-0.0004952643779308058,1.1493951869505779,11
2021-01-16,7.240628871398421e-05,0.0,0.052333034561072064,0.7734889842437314,0.9475945591502138,0.9767650561353028,0.004330514168063269,-0.001830339150587885,1.8119104191793598,11
2021-01-17,0.007581468367946946,0.10330897522860082,0.21220609534621707,0.6125199682189639,0.7802124362858359,0.8312980955633554,0.003687543675302664,-0.0006081150092087971,2.0856991113163117,11
2021-01-18,0.04748417571871719,0.10021984237046845,0.41424996291090505,0.5801678272054551,0.5382658613703777,0.7314628831853205,0.0027344634493248476,0.00104987782051059,2.26936769228778,11
2021-01-19,0.039318224131835916,0.1574395217943069,0.5248100832054928,0.6539529418914513,0.43587169266267123,0.7869364445787177,0.0023451958819109926,0.0018453066890073552,2.3200553900954777,11
2021-01-20,0.030441558138450894,0.3704727126488842,0.575681381525224,0.7534049602890409,0.3938770603363254,0.9146472229738128,0.002188637914873971,0.00219221815500206,2.0403656930860503,11
2021-01-21,0.017754391527557777,0.2267623451183861,0.5495858865104004,0.6944929176969725,0.4326597219620419,0.801888589292295,0.002346334552708071,0.0019499924666983178,-1.0113197686547233,11
2021-01-22,1.7672971622431665e-06,0.06345954026807965,0.19044617605381978,0.5277619794079609,0.8095520566490181,0.8095574538136792,0.0038045205677508763,-0.0007989147184058827,1.2107303540137697,11
2021-01-23,0.004687090079021977,0.10505212430069032,0.15079649684197993,0.6350424016728922,0.8445164130789982,0.894148145792528,0.003934916318452683,-0.0010776267282078809,1.7191496271221198,11
2021-01-24,0.008944785701238182,0.14397762463570968,0.27457454223186173,0.6468092992251689,0.7164806720669002,0.8028850117370985,0.0034429049080342542,-0.00013714835205457356,2.178024036491184,11
2021-01-25,0.061117838606579974,0.1052388249677999,0.464646046563556,0.5768472167593054,0.47423611482986394,0.6881343775207865,0.0024793778714477586,0.0014771542230334993,2.5260554717822377,11
2021-01-26,0.06548232303915853,0.18788117056280287,0.6111178159643542,0.6600565525322483,0.32339986099648727,0.7009284189954431,0.0018943081310948723,0.0025875499485497775,2.633628466563497,11
2021-01-27,0.1069409283120707,0.10434560644649163,0.6277125713215024,0.6136969919203795,0.2653465003664268,0.6559265133582717,0.0016883250526226728,0.0032631757050726375,0.0743172353408379,12
2021-01-28,0.03487261018679401,0.07061071177954685,0.2829962948839877,0.5622244990046062,0.6821310949292183,0.775027922340466,0.0032732821693439275,0.001013263788299753,0.3044737183522135,12
2021-01-29,0.0007343303215425382,0.074964806729136,0.08129048981621317,0.6879400030699633,0.9179751798622442,0.9253193677084708,0.004160841788733941,-0.0002836683257145419,1.8352727947433567,12
2021-01-30,0.0025707034078868126,0.11532954888109267,0.1676081303689679,0.7456865562858411,0.8298211662231452,0.9457315627480172,0.0038373834035161053,0.00024021308355816882,2.0064346657274363,12
2021-01-31,0.1069351659303334,0.040579686909825864,0.2383843370866512,0.46939575864569133,0.6546804969830156,0.8891229975784627,0.0031209127702169735,0.0009204241622278689,1.5276172560236185,12
2021-02-01,0.11410437727079624,0.07190948746354851,0.4806591262535333,0.3782925442206822,0.4052364964756705,0.4818332765916521,0.0021992555006574536,0.0023957551037436286,2.4429013769367645,12
2021-02-02,0.16411520362536564,0.11726939667704316,0.6194633421414365,0.520521098244724,0.21642145423319772,0.3690463481555883,0.0014674980563755555,0.003352863658617225,0.8311896019161599,12
2021-02-03,0.03648407470274837,0.16239119517378944,0.5789932758221354,0.6767260159550674,0.3845226494751161,0.573535826673044,0.0021777297494727154,0.0027983182378955103,1.2284178164509594,12
2021-02-04,0.06965057683158275,0.10613785679485573,0.4904815246089974,0.610946706997235,0.43986789855941977,0.6382893337060762,0.002358267605857367,0.0023465317586095244,2.2338990650474626,12
2021-02-05,0.37738942626757155,0.05282149116375966,0.39346299228770465,0.2657467384510629,0.2291475814447239,0.5247206515273352,0.0013643441258719402,0.0025126560222369543,1.8519476732685858,12
2021-02-06,0.08537062993837627,0.11063016268728394,0.5984388307389044,0.6340014686049114,0.31619053932271945,0.6722949032250396,0.001891204808398001,0.003034460180383708,1.9146780728812842,12
2021-02-07,0.020239313209300152,0.21299069015106015,0.6353197752661522,0.7129401386752248,0.3444409115245478,0.5931996745750411,0.0020412648132347097,0.003097669914484636,2.3541493180729933,12
2021-02-08,0.3226336884693686,0.1808553011783899,0.4997789965384838,0.4047129041627409,0.17758731499214758,0.05689285176208444,0.0012128103901228513,0.0030189671961123933,-3.120687590086688,12
2021-02-09,9.918921599021756e-05,0.1234488570168973,0.057459306166076585,0.7483021978020238,0.9424415046179332,0.9424466002907058,0.004250608668620536,-0.0004286174711044382,1.8536515420193573,12
2021-02-10,0.02096137517801057,0.05501916438518848,0.16146014221003813,0.5983383541706938,0.8175784826119514,0.902724390157666,0.0037793097174850386,0.0002480341011565294,1.6713790840760316,12
2021-02-11,0.006206457018012505,0.09275256511967896,0.1857919557192863,0.7171793715660639,0.8080015872627011,0.9288427349746297,0.0037549397857280092,0.0003584920318710121,1.2635635267631637,12
2021-02-12,0.017606120399133715,0.04935707106442982,0.1298494185557426,0.5982337195900412,0.8525444610451237,0.925250557335434,0.003909580472806814,4.964389079485361e-05,1.9720018965418369,12
2021-02-13,0.03774762194737189,0.057412207346879005,0.26878455106163135,0.6123317234476962,0.6934678269909967,0.9045198244336732,0.003312780163609355,0.0009347523208299382,2.1658795983705095,12
2021-02-14,0.09302448591745943,0.05489448447374317,0.4046228403040114,0.5559458909276797,0.5023526737785291,0.8666689644427619,0.002571615810236826,0.001886846447257656,1.8021091815798786,12
2021-02-15,0.05341634665711609,0.07129236830955844,0.4164496983488016,0.6561833392288773,0.5301339549940822,0.8980177245257025,0.002701944128243544,0.0018614929909622929,2.0942643459214265,12
2021-02-16,0.1390047036709821,0.05126223478568917,0.4026649463254129,0.5356325322720188,0.4583303500036049,0.870055719671138,0.0023770241163690495,0.001987113228230948,2.0849100795090467,12
2021-02-17,0.02904732564361591,0.10005199378441926,0.5257595496358318,0.7128855911622619,0.4451931247205524,0.9078284449545301,0.0024066140208598217,0.0024598680137268058,1.0180823465397424,12
2021-02-18,0.01642414755227766,0.08390499516325026,0.30709555938051786,0.7070916830152314,0.6764802930672046,0.9303560696386807,0.003265791179246522,0.0011133216650371723,2.0741358215465473,12
2021-02-19,0.25036732828030467,0.1681070541437749,0.619287826002213,0.38706752622265583,0.1303448457174822,0.06554526722710353,0.0010889750099515791,0.003561993415368205,-0.3609290133754268,12
2021-02-20,0.03324417381500171,0.24369870140293148,0.6147374690072086,0.7007113253094225,0.3520183571777897,0.41469913863096236,0.002060091932878869,0.003005509532085531,2.5060026301710394,12
2021-02-21,0.15145797468677427,0.1508702775402429,0.6182330802998568,0.5584775457284558,0.23030894501336893,0.2726143814170155,0.0015276779216551813,0.003314616577950956,2.0116074427263437,12
2021-02-22,0.09709876109881674,0.0,0.6870183534988455,0.7874573967811358,0.21588288540233772,0.19402817806680492,0.0015124158188335583,0.0035960572111387243,0.2565927493725093,12
2021-02-23,0.03301561809039348,0.26098209850758525,0.5909589719125036,0.7111395721460789,0.3760254099971029,0.43631854130900777,0.0021488317849757818,0.0028618682209018073,-0.41014599552225695,12
2021-02-24,0.0012704451053419936,0.17195165416663646,0.15893708764225276,0.7376501643046989,0.8397924672524052,0.8427745202416217,0.0038747885309959942,0.00018486751864947278,1.9064360078508926,12
2021-02-25,0.1750473835169407,0.044310160938425554,0.3300188799322476,0.26648174801245583,0.4949337365508117,0.6443579654311007,0.0024859287832441055,0.0016378055616615178,1.2937352788005854,12
2021-02-26,0.01270204955034772,0.12518750665042294,0.34601358070836824,0.7050455181279168,0.6412843697412839,0.8259330022689773,0.0031393171543593838,0.0013384360464820575,1.7746860849044137,12
2021-02-27,0.04645937896658637,0.08699285372995814,0.3779928180211449,0.6320103060786975,0.5755478030122688,0.793998123231661,0.0028738101429705023,0.001613129891795028,2.2252334082464222,12
2021-02-28,0.054788043124010935,0.11444709329443141,0.5436087242911218,0.6587423769417295,0.4016032325848671,0.722808361091598,0.0022277953754197897,0.0026300003403700667,2.301469273481034,12
2021-03-01,0.04662409659475424,0.13192675013823507,0.6025158155241894,0.6875042764638273,0.35086008788105616,0.7427390092937008,0.0020464053189096563,0.002964572388972535,-0.08751210374744267,12
2021-03-02,0.039417137470563746,0.055015581639455594,0.32024745142207467,0.39557575911280335,0.6403354111073617,0.6870520415520316,0.0031167179340663327,0.0012484927614401205,1.7717184321014874,12
2021-03-03,0.1254487835181311,0.06124752096572876,0.3535564675954842,0.47308182853113223,0.5209947488863846,0.726436949277103,0.0026170484861726415,0.0016585745288439687,1.3670761357751742,12
2021-03-04,0.10545837367353494,0.06179226388457972,0.34032107942454043,0.5105232425558571,0.5542205469019246,0.7700144093940479,0.0027533679084873826,0.0015302179254809178,1.2933990351762406,12
2021-03-05,0.01720188951545403,0.11236036081542984,0.33623658251316024,0.6783446766765747,0.6465615279713857,0.7886236547084781,0.0031554662057324775,0.0012905696546438603,2.2290333720500293,12
2021-03-06,0.05000860457320232,0.30540822893372743,0.6303181302197177,0.7267268604564066,0.31967326520707984,0.44607092987939256,0.0019289113187257593,0.003140117226549616,2.571926490366753,12
2021-03-07,0.07377465387121872,0.22061676991409793,0.6838572173350332,0.6781789479172978,0.24236812879374803,0.3610293170608723,0.0016266494683945332,0.003520197437155426,1.6534716143470427,12
2021-03-08,0.09828946082191549,0.16616832498776987,0.6198570968530099,0.6099194776439089,0.28185344232507475,0.32095789683885523,0.001755360332531373,0.003194823727658989,2.3021428986450165,12
2021-03-09,0.15595120455294925,0.1489199945017124,0.5975948384410373,0.5574669270853009,0.24645395700601336,0.27885740414444343,0.0015841592781832901,0.003201377803898619,1.2582079386017528,12
2021-03-10,0.07595832727920741,0.1528076849245857,0.6056309195874326,0.6260047571146398,0.3184107531333599,0.4256190737590585,0.001906016861303645,0.003054801107739997,2.1570804621827726,12
2021-03-11,0.10045701358581798,0.14077872056417615,0.6016285846908472,0.6111260650117285,0.2979144017233348,0.4411338179365083,0.0018131386116803105,0.0030904178312506606,1.9949744101581466,12
2021-03-12,0.12823258702246118,0.2375365701907302,0.6295214440563821,0.5981745060056056,0.24224596892115674,0.10636862381308573,0.0015880599249959628,0.0033259455616174893,2.500696719298346,12
2021-03-13,0.1891821294124958,0.22367890181069627,0.6258022489231717,0.5486623403358538,0.1850156216643326,0.07922803447471641,0.0013338839379484638,0.0034520923349806065,0.3761322609390272,12
2021-03-14,0.08416108409162304,0.26072541092495594,0.6772056994265894,0.6610598687185154,0.23863321648178754,0.18443824057543387,0.0016055755354528857,0.0035054831627634123,1.9841737164457465,12
2021-03-15,0.12502885610505016,0.0,0.6611052141398144,0.7727889963433644,0.2138659297551354,0.10809003420303025,0.0014854245828782007,0.0035081901340663735,0.17475379997819074,12
2021-03-16,0.09331894830619003,0.13615644541269614,0.6506402967105621,0.5138227666995608,0.25604075498324774,0.2611496883925091,0.0016634970728214,0.0033679455304102515,2.6644580202671273,12
2021-03-17,0.12829914851099425,0.16762992093267937,0.6663039755149324,0.6007140673504365,0.2053968759740735,0.29258515813738767,0.001451827896561286,0.0035474423813687127,1.7650587968933644,12
2021-03-18,0.17301157422880428,0.14773933463493735,0.5723076766521263,0.5405434880861526,0.2546807491190693,0.2544590783058832,0.001602553166456432,0.003090789279771406,2.1454041253550438,12
2021-03-19,0.06842798555481786,0.2340671243701406,0.679797349700082,0.6770801221524555,0.2517746647451001,0.3139131605913682,0.0016651624926872814,0.0034827384760917897,2.6131270793100936,12
2021-03-20,0.11767695237660593,0.22917679924075895,0.6639912147764704,0.6262951605951474,0.21833183284692373,0.16738739418728463,0.001507077552081239,0.0035076406157873567,2.77093820058695,12
2021-03-21,0.13963064609709724,0.2533029182263599,0.6809264926436133,0.6389441739670485,0.17944286125928954,0.14400998618530797,0.0013479345138312727,0.003663045159614438,2.3158171568410446,12
2021-03-22,0.7365898355844034,0.0553750731165432,0.24485758966679894,0.02553972960775039,0.018552574748797804,0.04557871455827802,0.0003344792485556346,0.0024937678191298074,-0.7714127210128825,12
2021-03-23,0.5032100472651134,0.09578297390624416,0.35423695664849647,0.2536914494734748,0.14255299608639008,0.15416704276029153,0.0009563340451078425,0.002583227404545077,3.3470004894154917,12
2021-03-24,0.2568082901069423,0.28960989654696795,0.6903537903460542,0.6099802283688336,0.0528379195470037,0.054919897182367346,0.0007977102221510772,0.004005320452717877,1.240872616821997,12
2021-03-25,0.1298528577623829,0.25410639890494746,0.603318827503207,0.5940018627137635,0.2668283147344101,0.07834089448872485,0.0016777181534670992,0.003172222757239806,2.017908574689154,12
2021-03-26,0.23712550980948816,0.4098300555722758,0.5317798688708638,0.6086308655281556,0.23109462131964792,0.005587565052745823,0.0014704220361669716,0.0030031557352169624,0.63638225857589,12
2021-03-27,0.18720275852727786,0.2253010378872931,0.6376078476349132,0.5395508835471818,0.17518939383780885,0.07074747046504869,0.001298948133985843,0.0035183076708209748,2.231744983989404,12
2021-03-28,0.1403391721601031,0.29645836077885873,0.6160072976790039,0.6089089870462596,0.24365353016089294,0.0482413808674491,0.0015847704445199036,0.0032741280239152815,2.651950591844625,12
2021-03-29,0.19495618486746025,0.29851059338159747,0.6335758741706726,0.602519685167785,0.1714679409618671,0.042277085477872435,0.001279766244122277,0.00351293989212186,1.8690732581892036,12
2021-03-30,0.12625984523679606,0.272154715909951,0.6179104486404097,0.607494908906047,0.25582970612279443,0.07017155215677595,0.0016396214091386968,0.0032512704121327417,2.310696383081823,12
2021-03-31,0.10050238491003341,0.3579615447510839,0.6643015252461932,0.6833354234690491,0.23519608984377333,0.0897770080943958,0.0015814339333764453,0.0034676555474863874,2.729865647737133,12
2021-04-01,0.18147924084762118,0.2435182103650753,0.6406564190816976,0.5730377416966511,0.1778643400706813,0.07295439877101463,0.0013128411045938162,0.0035227045816720874,2.898367426803267,12
2021-04-02,0.2469509089906317,0.3562534975324708,0.6048132356923864,0.5969694759364252,0.14823585531698197,0.013218851766547041,0.0011575029635274641,0.0034665688497454205,3.0116271405929846,12
2021-04-03,0.26337511474519376,0.37635113893168803,0.6087906838185038,0.6168048712798536,0.1278342014363025,0.013040235867158991,0.0010705947951319174,0.0035305264682163524,1.5306966705957068,12
2021-04-04,0.17799235035092154,0.3952083720599214,0.5655630544348351,0.6149640022119355,0.25644459521424345,0.008636464117899569,0.0016055637683176074,0.0030623418414664214,2.416190826112121,12
2021-04-05,0.29812666767388524,0.31097295423222676,0.5198482367886198,0.4962801783169814,0.18202509553749485,0.008365700779367716,0.0012464190524630438,0.0030800109022174967,2.8631216729059092,12
2021-04-06,0.4287259775341906,0.6109602423190867,0.4363331565470691,0.5571980836104022,0.1349408659187402,1.8537702907418986e-05,0.0009807927595174156,0.0028957231764037876,2.5212078549838846,12
2021-04-07,0.48661784144696585,0.537010557262739,0.40507910937931146,0.39359749718160725,0.10830304917372285,1.0269194558688465e-05,0.0008417554190145865,0.0028487309813558827,1.0990560095810165,12
2021-04-08,0.3357726460964432,0.5150559322642955,0.42298456790122674,0.5171726400877565,0.24124278600233004,9.396712923134273e-05,0.0014383212562123634,0.0025888836640843593,1.7085747940374278,12
2021-04-09,0.42046801791966415,0.500290198838499,0.36693717931855435,0.47001138604293924,0.2125948027617816,6.729748904982103e-05,0.0012729003750927687,0.002458017290928789,3.231281854675037,12
2021-04-10,0.5706235237968404,0.6878307230014088,0.36174869406794913,0.6281081922997998,0.06762778213521066,1.7349406381360806e-05,0.0006325375222890807,0.002792706831020023,1.522719241417799,12
2021-04-11,0.20758671158491215,0.5628187460922552,0.5281808323105843,0.5870252321842768,0.2642324561045036,0.00011346231679820933,0.0016134853641277156,0.002909516502630936,2.8845985432765677,12
2021-04-12,0.4457153845472876,0.7212785127180951,0.423836684859342,0.6787365149463471,0.1304479305933704,7.042712215763162e-05,0.0009522538420288503,0.0028619282193222636,3.263306005693958,12
2021-04-13,0.4897580039265994,0.6016224790445887,0.4370244155824623,0.6180443019113583,0.07321758049093825,0.00010266540305082344,0.0007100842043448487,0.0030486103497137087,0.32859279122902296,12
2021-04-14,0.20549408710261916,0.552107863930932,0.5591188883321274,0.6823632366894181,0.2353870245652534,0.003359910010524403,0.0015085029892728538,0.003090583196417404,2.550608835603865,12
2021-04-15,0.3053074094981638,0.5743468995753791,0.5316438321069301,0.6863255839022246,0.16304875839490607,0.0026281315524231403,0.001171314213397912,0.0031684881209096214,3.0392715300906454,12
2021-04-16,0.3172047452873502,0.35611936879631517,0.5800848205939213,0.5178376044868627,0.10271043411872832,0.003968034908749468,0.0009400566168241657,0.00348896850742402,1.6065377647516779,12
2021-04-17,0.19779824867281998,0.3703447603651876,0.5447009580178018,0.5761580038024056,0.25750079330937825,0.006908779150431019,0.0015955348251558378,0.0029850711534044564,1.9126967334316347,12
2021-04-18,0.754477262779497,0.13177752043597368,0.2212630290041232,0.04221054578378601,0.024259708216379777,0.004587645047253063,0.0003428510069455651,0.002395379764266204,-1.595058972069664,12
2021-04-19,0.431156342599985,0.13008703947748795,0.48557741946819283,0.19207820839510817,0.08326623793182224,0.04119626804463363,0.0007883495708642433,0.0031979673210190238,2.635637466952332,12
2021-04-20,0.20603679729503543,0.2737556977084515,0.6704155506651718,0.5993943071615666,0.12354765203979265,0.06121417593446593,0.001094805655657659,0.0037616204738910417,2.6878868039594654,12
2021-04-21,0.17787932001717505,0.2961377737469157,0.636526720787263,0.6049683834618622,0.1855939591955619,0.045680164928439335,0.0013439333312466057,0.003489082033227813,1.0212770944026808,12
2021-04-22,0.10431943120231876,0.33278844189680695,0.6635261479929904,0.6821364805074375,0.2321544208046908,0.11970129989045601,0.001567519555448587,0.0034722914809058743,1.2921260065121303,12
2021-04-23,0.0946585082616221,6.629289942277137e-214,0.657224951623363,0.743840412065717,0.24811654011501483,0.23799927597754253,0.0016332771377489065,0.003410832271932184,2.132380344927591,12
2021-04-24,0.1130194456195519,0.42979577892842963,0.6538634249848594,0.7025445347987783,0.23311712939558865,0.06527417836800135,0.0015649867981716158,0.0034353480394597492,2.310661132668805,12
2021-04-25,0.14402420297446117,0.28258567053648515,0.6327406074174722,0.6140136686129857,0.22323518960806651,0.06531867895843242,0.001506752430016531,0.0033837987452792315,1.781600659740516,12
2021-04-26,0.09261658092514896,0.3393286136532339,0.661257130051261,0.6762718128939099,0.24612628902359,0.09507718068532087,0.0016273520795646037,0.003430119510228279,-0.6107720143218252,12
2021-04-27,0.02185715947287548,0.10997349075186895,0.5422396650046468,0.5398632288910324,0.43590317552247776,0.4517057523359708,0.002377468165423013,0.002541513639087471,2.2358953667465666,12
2021-04-28,0.06539363518081022,0.12570766386614382,0.6413359540864849,0.7197786356405308,0.293270410732705,0.5091290568377113,0.0020859889964947626,0.0028939805474274614,2.472907228709669,13
2021-04-29,0.11646714223529431,0.18232884149886208,0.6973831301826433,0.7039541357300027,0.18614972758206233,0.2824162025727012,0.0016103491015241832,0.0031260514367710897,2.0025899017098396,13
2021-04-30,0.1067890441896013,0.208662845496188,0.7092245075466403,0.7352050716895953,0.18398644826375818,0.30194027614166136,0.001610058811048086,0.0031560101743995346,0.23061766786690796,13
2021-05-01,0.054756238483123214,0.12626906876534988,0.5754488930522156,0.7454602319685479,0.3697948684646612,0.565095763215335,0.002403168879126935,0.0026671983221763966,2.4662502026289554,13
2021-05-02,0.0940253111135201,0.16499907689245955,0.7201832545888767,0.7589577578143633,0.18579143429760314,0.4747300649714265,0.0016284278091825114,0.0031801885877556025,2.023441672717837,13
2021-05-03,0.08764915477515275,0.18020667193266812,0.7208638199369146,0.7543805527675451,0.19148702528793266,0.4216644980120582,0.0016569054250865573,0.0031764875932945506,2.496684243711842,13
2021-05-04,0.12948038634423284,0.22902121500423414,0.7522694541258225,0.7751210329351331,0.11825015952994472,0.4014027204263844,0.0013256316158679255,0.0033188379179991878,0.30017022563552187,13
2021-05-05,0.049356110817160695,0.10682690222514434,0.6028534981554985,0.7215887980976187,0.3477903910273409,0.5940441468665324,0.002319349324486775,0.0027523703009356827,0.8773489179669286,13
2021-05-06,0.03714732592804236,0.11629134709555741,0.520677444605719,0.7855929725830759,0.4421752294662386,0.6898965069703913,0.00270966754151728,0.0024705078543742166,2.1339944960602475,13
2021-05-07,0.144447479286917,0.3078344321190356,0.7124120129261722,0.7640765810317656,0.14314050778691087,0.30488269121506456,0.0014128487199300535,0.0032015910038641665,2.48257017439982,13
2021-05-08,0.09136102395073407,0.15261063205665185,0.6997969903731873,0.6780106078262699,0.2088419856760786,0.3123323388793337,0.0017235483224257268,0.0031106036575073766,2.1592583885276793,13
2021-05-09,0.0879951763506337,0.16951464010926537,0.689186448228399,0.7139745986256316,0.22281837542096716,0.3417107034055031,0.0017827419201921686,0.0030725423219556754,2.46802510423556,13
2021-05-10,0.11357879840297158,0.18991063929172686,0.7194283539757997,0.7254322559952706,0.16699284762122862,0.3166567824975383,0.0015357327673348865,0.0031959231430949446,1.3601472090757005,13
2021-05-11,0.17083620382896472,0.26538805539068555,0.6479346646595783,0.6942201039917901,0.18122913151145695,0.12273637306802085,0.00154322617547502,0.0030139487421045256,2.54335304233399,13
2021-05-12,0.20632821026792045,0.3144453229206134,0.6932316670047847,0.7184010929146856,0.10044012272729497,0.1330519110220409,0.0011871052852220393,0.003196116514624212,-1.5909058170950698,13
2021-05-13,0.058624855382140205,0.05412068650217404,0.3070978347450427,0.5502292365568701,0.634277309872817,0.6548875335391424,0.0034630101083002068,0.0017875117944572076,1.6563366771382158,13
2021-05-14,0.036129078507171855,0.07725228053308125,0.4423968978758315,0.6773287276966692,0.5214740236169967,0.6689224673886616,0.003029398919473264,0.0022118946720929866,2.2144264727427725,13
2021-05-15,0.0887808086168273,0.18968657345307707,0.6824283542003557,0.781180232902363,0.22879083718281712,0.48745024194940567,0.0018061003832724873,0.003051029739384236,0.6270893597180863,13
2021-05-16,0.07140000704993184,0.12943105217811868,0.5805631937273922,0.715649498526445,0.34803679922267605,0.4847399165902119,0.0023011211685487793,0.0026995404646812876,1.9808573134246832,13
2021-05-17,0.0674188250212615,0.13556837943359934,0.6553336813582179,0.7302817916834838,0.2772474936205207,0.49490478850937175,0.0020197399119168823,0.0029419417910635562,0.8669593650877809,13
2021-05-18,0.04472902144773902,0.045376313121916714,0.3842563315780543,0.4845620230272942,0.5710146469742066,0.6500261178188701,0.0032209953446751317,0.0020285352015126544,2.0069054873568137,13
2021-05-19,0.0771201587823815,0.20652844254333144,0.639933447934375,0.8058753902323853,0.28294639328324334,0.5643625879446152,0.002034226181467465,0.0029002905476323655,-1.1945047534497546,13
2021-05-20,0.002353028187640238,0.031833332434555876,0.08964449305270883,0.6635069417851447,0.9080024787596509,0.9098216060621086,0.004611317842626365,0.0010193206452606292,1.0163126478650883,13
2021-05-21,0.0014622893447930171,0.07146183404877869,0.10093901167168687,0.8544993457717717,0.8975986989835201,0.9138119895725371,0.0045703596996107074,0.0010556671654914174,0.7461443077871964,13
2021-05-22,0.00040630812536527423,0.08894641408484238,0.06427184455047272,0.888584450861171,0.935321847324162,0.939411085299475,0.00472263053970822,0.0009339913843049496,1.794725613290911,13
2021-05-23,0.005400093121850569,0.052792631502107626,0.18469674276914924,0.803330949685911,0.8099031641090002,0.9100879498380815,0.004214956432919431,0.0013350291338084638,0.9052064325723326,13
2021-05-24,0.001592957325417991,0.07144127986890918,0.09437972241112473,0.8658740212429917,0.9040273202634574,0.9259289200825515,0.004596037847927892,0.0010341986829969136,0.5398920632529843,13
2021-05-25,0.0002311875678668808,0.059658218783966474,0.04523074465352636,0.8863966289180015,0.9545380677786068,0.9576125741270411,0.004799866629309284,0.0008711534612860316,1.7707060939021178,13
2021-05-26,0.0033403328611430966,0.04813863912944564,0.1203364316858535,0.8586508753786153,0.8763232354530035,0.9535795631361247,0.004483339602306609,0.0011212646665467747,1.7855895823718753,13
2021-05-27,0.009258243097964495,0.058823676671811854,0.22529342009161904,0.8762289742661059,0.7654483368104166,0.9508326973867504,0.004033100534056189,0.0014722500743948451,1.8726717303850802,13
2021-05-28,0.015413069967136291,0.059563925299019216,0.3465528376368189,0.8679607084687556,0.6380340923960449,0.9436738399935112,0.0035159601986065,0.0018771165105712258,0.7141270823430765,13
2021-05-29,0.002153869911789993,0.04421591520590957,0.09056078960086969,0.8615263150759702,0.9072853404873403,0.9605463276467665,0.0046086158767120805,0.0010221511123896009,1.7051191719429672,13
2021-05-30,0.006228375682501694,0.0636643331947567,0.19194851246297154,0.829976830854878,0.8018231118545266,0.9047667141808327,0.0041817937654201635,0.0013596704721159122,1.8034744244767231,13
2021-05-31,0.020933877260628883,0.10441699965478361,0.36426327380361373,0.8461001952012644,0.6148028489357573,0.8461773578819008,0.0034177842258923527,0.0019405554356179467,1.5587731708633337,13
2021-06-01,0.02814630765859475,0.10461801897118468,0.46110654885129854,0.8033089275853951,0.5107471434901067,0.7615458708235529,0.0029932542127016236,0.0022660403371428666,2.027192902202866,13
2021-06-02,0.046138646590213085,0.11893757544338997,0.6057492108731519,0.8184039015330468,0.3481121425366351,0.7568567747499069,0.002323448666193566,0.0027589037509205185,2.0698606401435122,13
2021-06-03,0.06594791360259807,0.1493011740111236,0.6930031216450816,0.7931484232761797,0.2410489647523205,0.6161362779917959,0.0018753169274326263,0.003064562123187506,1.755312271365995,13
2021-06-04,0.14229851097681306,0.24858893390377448,0.6808658647140724,0.7193603619917941,0.1768356243091147,0.19453647654814743,0.0015503772915817448,0.0030957529050946783,0.5540651675506424,13
2021-06-05,0.10077089063851322,0.20286722709270485,0.6613381883062335,0.7544157073453028,0.2378909210552534,0.3709847525971076,0.001832293343113057,0.0029927823797092938,1.4169561510076174,13
2021-06-06,0.0815298466345496,0.16541021866213296,0.6702139339665643,0.7432768276679856,0.2482562193988862,0.42972819512757826,0.001890765657484764,0.0030040691250412988,2.526478696101233,13
2021-06-07,0.1202146093389627,0.20687876706965086,0.744435884809262,0.7681418755921929,0.13534950585177508,0.40902140328078423,0.0014025455937134899,0.0032844197539565055,0.6333262696219134,13
2021-06-08,0.20295014423816654,0.4706089444081971,0.7029034597788081,0.7112164348821858,0.09414639598302538,0.2407620552885555,0.0011647012073354374,0.0032248041336274194,2.6650480510859116,13
2021-06-09,0.11048044684982991,0.16411375832119768,0.7166825096074244,0.6575504383462123,0.17283704354274582,0.23392258618525688,0.0015619581459098608,0.0031839981059349595,-1.1391674479797245,13
2021-06-10,0.017610537342722842,0.12519718954481263,0.33126758652186733,0.8002307542909073,0.6511218761354098,0.6976787722926637,0.0035666160543625885,0.0018288518610944187,1.9890538511584908,13
2021-06-11,0.04185937659740101,0.11096404495169518,0.5461116312244836,0.7626134279447672,0.4120289921781153,0.659499070033118,0.0025843092067699327,0.0025586163227593775,2.346179295242667,13
2021-06-12,0.050326619932727315,0.09903283132610557,0.662904444286784,0.7382174226910695,0.2867689357804888,0.6600882068742567,0.002072945807379876,0.0029509353424436056,1.4446683848665667,13
2021-06-13,0.05022270348873195,0.123970292665693,0.635564816098898,0.7889178615327195,0.31421248041237004,0.673998646256506,0.002183482359255877,0.002860848736364093,0.05520432920003726,13
2021-06-14,0.014678651912131507,0.0888781326180936,0.31751077307629294,0.8021389510261114,0.6678105750115754,0.8052591444222378,0.0036362274338460946,0.001780838766017973,1.6985389861951379,13
2021-06-15,0.023857278983273177,0.08483680509967507,0.4396546759731515,0.7741927962349425,0.5364880450435753,0.7763976922093188,0.0031004828109385393,0.0021914340165657097,2.222609418581087,13
2021-06-16,0.11900804195524614,0.2765891750575587,0.644792628625248,0.8088807955099424,0.2361993294195058,0.6657912885327235,0.0018096056362771553,0.0029553146536426492,1.0207889658888512,13
2021-06-17,0.029424589406631414,0.07686654453000744,0.5562649169473316,0.7659290344450371,0.41431049364603684,0.7945572970579261,0.0026043367794351753,0.0025804500209685925,2.2971480899855887,13
2021-06-18,0.06438218013670483,0.13435698836631704,0.6928898297739734,0.8116961840251252,0.2427279900893219,0.7045478298984515,0.001883438506532526,0.00306273031404017,0.5932573404840419,13
2021-06-19,0.021054148333447476,0.06467563437844133,0.45543589969370823,0.7377034916976948,0.5235099519728442,0.8108946405834231,0.003050762374061086,0.0022407668464014706,2.231792890071951,13
2021-06-20,0.09793119702583794,0.19469356301413898,0.6832738754895681,0.7636549130223356,0.21879492748459392,0.4175087718436223,0.001757898391664634,0.0030623388715041175,2.6464916528083435,13
2021-06-21,0.11135132761106167,0.17672073942342822,0.7471973205753661,0.748094222128226,0.14145135181357238,0.4121703878167981,0.0014348218800375933,0.00328525062219471,-1.553281207275594,13
2021-06-22,0.005737500941936791,0.1030739473468164,0.21101337663915265,0.8219944495290047,0.7832491224189108,0.8016035480790817,0.0041076594179127,0.0014219660621572101,1.8873627822741361,13
2021-06-23,0.02209018567167405,0.08839852557118488,0.4134002530756656,0.7921129744285058,0.5645095612526604,0.7912565345934814,0.0032146604774072308,0.002103369721021648,1.7640436722454298,13
2021-06-24,0.051952105851346825,0.1535734979667193,0.5854339247630683,0.8002750143828508,0.3626139693855847,0.6276856308341603,0.00237672548362657,0.002697451756922927,1.9588078583389974,13
2021-06-25,0.05723750384176719,0.13241914988153955,0.6655804604635406,0.7780648440180485,0.27718203569469224,0.6220408662640067,0.0020283423388464555,0.0029661829391105206,-0.25192543661452016,13
2021-06-26,0.011644234849811091,0.12577104409807643,0.2779708567985776,0.8371145225746187,0.7103849083516115,0.7901845772856512,0.0038098932173149806,0.0016478637377437834,2.0788684230960106,13
2021-06-27,0.03457385812555549,0.10131277238652006,0.5190153264245446,0.7991685442529047,0.4464108154498999,0.7633065637435799,0.0027289482227902547,0.0024626390280386165,0.548743775650429,13
2021-06-28,0.013215125708523933,0.08989182238535263,0.2925020489174099,0.8316736072508123,0.6942828253740662,0.8485402340957419,0.003743843991427483,0.0016971576060414312,2.0836343932894215,13
2021-06-29,0.03593909954249993,0.10465148437496073,0.5222791875557711,0.8213019296933798,0.4417817129017291,0.7965223462557367,0.002709139831491292,0.0024746542840734485,1.5996091492695366,13
2021-06-30,0.04063023347076469,0.11285170864294514,0.5644688240907654,0.839374747478223,0.39490094243846985,0.817534820418414,0.0025164859609870314,0.002617894680413313,1.9310861501306216,13
2021-07-01,0.05501806081952563,0.12805315332975384,0.6454539623604133,0.8483849424859093,0.29952797682006127,0.8181960560337045,0.0021202099291444333,0.002897867534605431,1.304073544404481,13
2021-07-02,0.08002473621322255,0.21400472662903922,0.6625362869451853,0.8059224254210472,0.2574389768415921,0.5587425580666411,0.0019290370115124628,0.0029773953420312374,2.528252516248391,13
2021-07-03,0.08861385269313776,0.15310263454805284,0.7501776472819707,0.7810042274188271,0.1612085000248915,0.5708478625331894,0.0015341475938594439,0.0032738744267315524,2.2013927071169,13
2021-07-04,0.06462164835319188,0.1323485205048485,0.7189657521810948,0.7491538334629821,0.21641259946571328,0.5516195190980255,0.001777289722370206,0.0031487836711719757,2.226961554192096,13
2021-07-05,0.08992526417317602,0.18496654720345276,0.7438278021732406,0.7861445213793816,0.16624693365358312,0.5143153707853062,0.001553296498923355,0.0032541955214889775,1.3896168642006768,13
2021-07-06,0.12236195465705185,0.19947804928342838,0.6545577928049774,0.6931250650518577,0.2230802525379709,0.21816182980906654,0.0017538820785761551,0.0029905822639495374,2.655596441541397,13
2021-07-07,0.16271832201156952,0.24289441914468513,0.7192940939644145,0.7261889381988064,0.11798758402401607,0.21951920024100424,0.0012956818231958608,0.0032412679441336614,2.678612680880569,13
2021-07-08,0.31370615752410796,0.46122868117950094,0.5907134561787213,0.6491491098956674,0.0955803862971708,0.015443067478357619,0.0010740998094699117,0.002958724127420633,1.429680304423259,13
2021-07-09,0.2587885032747233,0.4683948269664129,0.6371938901464412,0.6731955656756986,0.10401760657883564,0.034549387015383674,0.0011558688303785532,0.0030605462328452135,1.7755304409127053,13
2021-07-10,0.18474863902694452,0.34174375627997877,0.5696390033951382,0.6087721596665242,0.24561235757791736,0.014354926649291316,0.0017902101749946353,0.0027691977689100022,2.5031458302442995,13
2021-07-11,0.3045595374221825,0.3894574010135927,0.5601296869661755,0.6149040299034342,0.13531077561164176,0.01015858925049011,0.0012419605865000927,0.0028495335474878086,2.25296832157916,13
2021-07-12,0.3088910072642048,0.48049030742418103,0.5195886087011418,0.5738833180514169,0.17152038403465325,0.0019569549361228345,0.0013838813301970646,0.0027201264545575195,1.4143257591988065,13
2021-07-13,0.29761952032128725,0.3995628591443298,0.48646635823570317,0.5881529491091916,0.21591412144300978,0.005400549307715597,0.0015723021708444374,0.0026006004473980147,2.204030411256848,13
2021-07-14,0.34207399501989927,0.4432603111623753,0.516908964429317,0.5947248470316354,0.14101704055078385,0.004203175354534081,0.0012322256617234783,0.002742225175123364,3.0475677805144024,13
2021-07-15,0.3521903052267247,0.4223079042197542,0.5480570633225572,0.5566069587757974,0.09975263145071808,0.002323501619662101,0.0010573703523599238,0.002854176802935502,1.3516746407551758,13
2021-07-16,0.2843093786084938,0.5071460707021131,0.49909134384939746,0.5658696079220925,0.2165992775421088,0.0013277017175744286,0.0015866700006881714,0.002629754242878856,2.6612407321308567,13
2021-07-17,0.4097416231241846,0.5064481717736024,0.4845294516022408,0.5670169093134227,0.10572892527357455,0.0013715173871084398,0.0010312528806610724,0.002698697011207618,3.173651020675872,13
2021-07-18,0.16119189810527934,0.18352995268521313,0.6140019979657366,0.2254944533825719,0.22480610392898404,0.0004850620896656776,0.0017270128542694746,0.0028932713669565253,2.7420104612068443,13
2021-07-19,0.24740147029198964,0.3361558412729567,0.425919042552422,0.3239866833085565,0.32667948715558837,0.00014869213206702975,0.0020616057551600033,0.0023545142082316973,1.6570573216937592,13
2021-07-20,0.41242468402878424,0.47684662500963015,0.28901005683686987,0.4217619088634368,0.298565259134346,0.00010714026437228114,0.0018043055143416177,0.0020576349514925445,1.1088769209673188,13
2021-07-21,0.5645491155664039,0.5375461806578015,0.31606344075521303,0.5661418425054072,0.11938744367838318,0.0010954363846977478,0.0009510416352979212,0.002288427496846706,-0.42356893681576535,13
2021-07-22,0.3475170210675964,0.3279364698020794,0.536946671149477,0.6924604067092002,0.11553630778292634,0.07688669182791695,0.0011249561107069697,0.002813251955617039,3.0357367859192497,13
2021-07-23,0.2315056577470927,0.27747326975693365,0.6747084671585332,0.6267087687028798,0.09378587509437408,0.03978160081051242,0.0011384155404797183,0.0031586060435948964,1.7678822220737966,13
2021-07-24,0.15247796838929464,0.2935242134570255,0.6492507300177475,0.6728394552745138,0.19827130159295778,0.06994008830863424,0.001627805173613143,0.003001174988722411,2.1875657354514546,13
2021-07-25,0.16214075151813168,0.2508539446100188,0.6283579739148631,0.6549792239710807,0.20950127456700535,0.08145077701181985,0.001664591273227551,0.0029414089065851437,1.9926807523961176,13
2021-07-26,0.20970032363153435,0.3620076215301976,0.6616969536463971,0.7001159588261128,0.1286027227220684,0.07714274698699725,0.0012975562434707365,0.003095460431495813,0.5811563778991986,13
2021-07-27,0.12216236927684693,0.13544462230811652,0.5659852705071938,0.6147291572754651,0.3118523602159592,0.24864744047849446,0.0021112819368408276,0.0026988553240083696,1.5349117895598305,13
2021-07-28,0.22184116509501928,0.2718783506521779,0.7746651596327967,0.777015377248177,0.003493675272184107,0.4924046697702973,0.001080344025284706,0.0026668489158591224,2.2488372871417184,14
2021-07-29,0.09725241640636971,0.013914507482917057,0.9026216639110132,0.8837016726195009,0.0001259196826172434,0.0,0.001216511689934362,0.0028514775900713284,2.582973559032128,14
2021-07-30,0.10383720692940418,0.029560105020941342,0.8955708680373557,0.8708038472342485,0.0005919250332400106,0.0,0.0012104996147322545,0.002840682964289852,1.722881928743917,14
2021-07-31,0.20005659302365145,0.25169519367486914,0.7993222757806988,0.7999104813386535,0.0006211311956496744,0.6993098243523802,0.001094780370228114,0.00270735086043326,2.754077135047443,14
2021-08-01,0.278693955455988,0.3927760969552275,0.6111222813910295,0.8132638782918479,0.11018376315298246,0.0,0.001449752397456744,0.0022041381385278884,1.210123257087461,14
2021-08-02,0.18067249747783978,0.3402101588104632,0.7636684813624686,0.7878450227349719,0.05565902115969171,0.37199750163071565,0.0013441007943520752,0.002536101912651287,2.219600776011325,14
2021-08-03,0.22862405696759225,0.36779165388812435,0.6862727357682626,0.7949014851110976,0.08510320726414512,0.37447615125123135,0.001407184617195657,0.002363733934430339,1.8372719302600669,14
2021-08-04,0.1980864538696855,0.36559463543287546,0.7504635453499493,0.7982681295284344,0.05145000078036524,0.42083595539557006,0.0013058455764845493,0.002527139063965763,1.695912747096666,14
2021-08-05,0.18826397056331703,0.13658508951314163,0.8115573537920451,0.8494613201668463,0.00017867564463801272,0.0,0.001107162531789232,0.002725271579494757,1.9805001415344683,14
2021-08-06,0.21543817293757545,0.41032791971407206,0.7621130055440822,0.7946392895743836,0.022448821518342356,0.21518518463116842,0.0011658835611386338,0.0026074925807486504,1.507609439471342,14
2021-08-07,0.20725553360655607,0.3851883934484886,0.7880335017228832,0.7882499642281077,0.0047109646705607525,0.17836727763102608,0.0011029062125838245,0.002682663245369627,1.6810860898113664,14
2021-08-08,0.19820201303691437,0.40688351019943236,0.7998999808677367,0.8063963975657609,0.0018980060953488144,1.4338255345768266e-73,0.0011022568542274796,0.0027053231050756655,2.4528480573974063,14
2021-08-09,0.26120786856124617,0.3942633712718922,0.6150504912949402,0.7968324327308984,0.12374164014381367,0.3127441797028838,0.0015264564425539302,0.002179553114623132,1.2157086251431053,14
2021-08-10,0.30150824774514673,0.3041045796744196,0.698466446883143,0.8273085564210045,2.5305371710215595e-05,0.0,0.0009701574298259545,0.002569023640130251,2.235497299738399,14
2021-08-11,0.2540980653568832,0.3493048150055123,0.6028981343503282,0.7860628207019218,0.14300380029278867,0.3009295244905786,0.0016140497797850531,0.0021200704592287977,2.779157717225514,14
2021-08-12,0.26643220804790063,0.2848068263626803,0.6979604038016941,0.8440671953500524,0.03560738815040532,0.0,0.0011584793954715162,0.0024895259930073285,1.7516352616501303,14
2021-08-13,0.21202187696043437,0.38145825603364486,0.7564484158963215,0.7900750220169681,0.03152970714324417,0.2405415740450342,0.0012072807979325278,0.0025795395584410686,0.40221903350900845,14
2021-08-14,0.19352683945487967,0.30349431828860857,0.768491092186995,0.7918338461806086,0.037982068358125246,0.5400921408199736,0.0012560473241069138,0.0025819252160964273,2.398772922761461,14
2021-08-15,0.23898232673683695,0.3295944178983406,0.6435596941685808,0.7916906981571782,0.11745797909458218,0.4603735078483038,0.0015274680919198486,0.0022329426851191254,2.761789664677324,14
2021-08-16,0.26822150512870147,0.3476554889385236,0.5490356981720989,0.8006055083298953,0.18274279669919957,0.4907960339184027,0.00176001208010385,0.0019574891113696255,1.8530157666703617,14
2021-08-17,0.19179336264495062,0.38489026448633906,0.7048442601191498,0.8032090469076967,0.10336237723589964,0.4161630087937501,0.0015265019104149257,0.0023490132183968822,1.81004738011111,14
2021-08-18,0.2642010685717303,0.39976688277497907,0.726672863988469,0.8128770201755243,0.009126067439800633,0.0,0.0010524552518618427,0.002587924969207398,2.821089099199381,14
2021-08-19,0.30567219848568106,0.4004463287664899,0.48371703884623113,0.7979563511379402,0.21061076266808762,0.30863672745639287,0.0018291046663252858,0.001805333830153909,1.5064826481101845,14
2021-08-20,0.36556436337500947,0.4375386011279646,0.6305412988295195,0.821441656814182,0.003894337795471053,0.0,0.0009088770088991725,0.002466405311778867,0.9556970414939305,14
2021-08-21,0.17304965548728546,0.260635605663399,0.826941256610349,0.8320801174583327,9.087902365403785e-06,0.0,0.0011247843130331172,0.0027469479453606583,2.6684451366542294,14
2021-08-22,0.26397423499659267,0.34014716258128835,0.5422008091012884,0.7833091875592643,0.19382495590211896,0.28521887871799045,0.0018105821951527063,0.0019234838271222792,2.7472774759413574,14
2021-08-23,0.34873565755962554,0.3800186951441756,0.5154224854253109,0.8123809144659748,0.1358418570150637,0.0,0.0014705526800526073,0.00201481041206158,2.9037035894725713,14
2021-08-24,0.29457470696339483,0.34728520185179246,0.29030619778911654,0.7783234511376335,0.4151190952474889,0.02980584945925028,0.0026804477283158593,0.001084647629791509,1.3831317696642091,14
2021-08-25,0.6001469891576547,0.5418836752044858,0.3956981779077174,0.8262212067200649,0.004154832934627929,0.0,0.0006272246615908271,0.0021406606903649796,2.0547254295704356,14
2021-08-26,0.10673170962662443,0.09918403591590885,0.8914443335235193,0.8902973876412071,0.0018239568498561968,0.0,0.0012120758069517996,0.002832240944901399,1.659421996575258,14
2021-08-27,0.00022480429044343178,0.13125732095888143,0.0016345246575627062,9.96503232715688e-65,0.9981406710519938,0.016700239452536923,0.0054206660497178585,-0.0006061606811802647,1.547846861653693,14
2021-08-28,0.9980589187619093,0.448309892820658,0.001939282467515336,0.8208038634564153,1.7987705754466336e-06,0.0,0.0001301532756904991,0.0016046524198612734,3.4393386552046232,14
2021-08-29,0.4564624757384885,0.45664271283881064,0.25413051969896533,0.8136097097628879,0.289407004562546,0.0,0.0019699802919010702,0.0013129491861030287,3.017582215254405,14
2021-08-30,0.5031547182074785,0.5104891176387766,0.2824798909369829,0.8197110907173517,0.21436539085553857,0.0,0.0016061357486160676,0.0015183828048374668,0.9956243701210086,14
2021-08-31,0.4968717646778559,0.5548549613329644,0.498291876623404,0.8164644138426709,0.004836358698740127,0.0,0.0007545156708081717,0.0022812044109711813,3.1351916895734777,14
2021-09-01,0.47633902966006464,0.573129785070636,0.39252574023859343,0.8378277022057146,0.13113523010134204,0.0,0.0012973322996274535,0.0018550683876894683,1.5015650874700246,14
2021-09-02,0.345005630895264,0.5372946317623087,0.6202693130392631,0.8240828732962998,0.03472505606547284,0.0,0.0010601893891747328,0.0023839075321004043,2.595970027774469,14
2021-09-03,0.2469571402715821,0.32997043810392934,0.7319104297670909,0.8608293362480645,0.021132429961327113,0.0,0.0011225168773787435,0.002568588749932211,2.6829119011060008,14
2021-09-04,0.21867834188271396,0.3137228203369013,0.7701015668739908,0.8731544286781742,0.011220091243295219,0.0,0.0011158779331972267,0.0026434198425798524,2.78357866302016,14
2021-09-05,0.3422510426227813,0.5494206088152896,0.6109608830731603,0.8525955723929276,0.04678807430405841,0.0,0.0011130149808352406,0.0023443052166402614,1.5649576561231953,14
2021-09-06,0.22295962814291675,0.6048923302182196,0.7703632964365948,0.8264801656644769,0.0066770754204884646,0.0,0.0010920684967418116,0.0026538428036208942,2.3903406332149033,14
2021-09-07,0.27766933417670175,0.6284555735667547,0.7009731249322454,0.8635089779735184,0.021357540891052768,0.0,0.0010864470815388143,0.002525253924143784,-2.6595716823120625,14
2021-09-08,0.09965139961049185,0.192056638009798,0.5111983780424164,0.8082657355635866,0.3891502223470918,0.8102857331604488,0.0028095609741985612,0.0014480070700971523,2.124197498536133,14
2021-09-09,0.38800710526286286,0.17763692506754786,0.5942651349580427,0.8109555737897243,0.017727759779094496,3.71523316391934e-07,0.000938614435551459,0.0023855424350441813,2.9664074512802836,14
2021-09-10,0.23639731858779048,0.25501358482570824,0.595648182719722,0.7970488703608973,0.1679544986924875,0.6837077590064048,0.0017377405717333482,0.002054778417291861,1.4844024603158597,14
2021-09-11,0.24787178733560838,0.001255429106707677,0.7521281655012294,0.9195330666127536,4.716316213378955e-08,0.0,0.001034651962617788,0.0026433804966768254,2.7613234825568345,14
2021-09-12,0.2152831790253825,0.23284005181372222,0.6875239408645809,0.8012080787840229,0.09719288011003667,0.736662290196355,0.001472875877804416,0.002338693641061686,2.081421250093187,14
2021-09-13,0.19469350164379423,0.2359394064570452,0.7286612331983022,0.7973751009990577,0.07664526515790354,0.7217492814529637,0.0014133553365383322,0.002441155983423338,1.876708370668678,14
2021-09-14,0.18706091649318188,0.21057706549130317,0.7572651489816027,0.8017163615103614,0.05567393452521541,0.7745472865889239,0.0013364666662568675,0.0025272027246506993,1.5342908763206449,14
2021-09-15,0.1958347535397661,0.199685175220083,0.7619188213809535,0.7929683562932043,0.04224642507928062,0.7770084597922882,0.001270774692742759,0.0025633816671640553,2.1075186103586137,14
2021-09-16,0.16981813132800624,0.06147843922000923,0.8284535552265562,0.8408618217152769,0.0017283134454375065,0.0,0.001135735385023959,0.0027452346529066936,2.561142622811823,14
2021-09-17,0.18189575328074556,0.164283436020204,0.7811526577855992,0.8092385158671175,0.036951588933655216,0.8478370228978938,0.0012658251981078038,0.002601738643362533,2.4012699494370353,14
2021-09-18,0.2953525546942518,0.5999981500744239,0.6586626189628648,0.8400525733461827,0.04598482634288327,0.0,0.0011662312192199159,0.0024121326485639165,2.2096834071741513,14
2021-09-19,0.3062463926970825,0.5941388924855916,0.6331165449805984,0.8313796306400241,0.060637062322318976,0.0,0.0012132378542590533,0.0023443135615906665,2.012397275574952,14
2021-09-20,0.2871236497402536,0.5721482253234509,0.6696669462415197,0.8321271198318284,0.04320940401822656,0.0,0.0011647546509940755,0.002433515633734067,-1.3009784793415045,14
2021-09-21,0.14114124745801304,0.29665023890192715,0.718305668196811,0.7775511896537493,0.14055308434517597,0.38453823103832724,0.0017401631953733979,0.0022852928211745207,0.9984639589292683,14
2021-09-22,0.17977015384114323,0.25418418708131796,0.7145944615553966,0.77196846621185,0.10563538460346021,0.49910793109447965,0.0015503189086531345,0.0023574799084841195,0.48127399057890663,14
2021-09-23,0.16809251451421997,0.18517737107086057,0.6618718003078417,0.7856536058482221,0.17003568517793838,0.787967106091309,0.0018286381455805737,0.0021418639429619402,1.912319919844149,14
2021-09-24,0.18137657643623165,0.17105772624764248,0.7066723043606855,0.7905833247783992,0.1119511192030829,0.8207734887675323,0.0015743016978476425,0.0023325244818606142,1.2605133879900208,14
2021-09-25,0.18347293836139164,0.17772884996366486,0.7032689360280949,0.786402095359869,0.11325812561051321,0.8029277342481687,0.0015771388627679205,0.0023249177384032545,2.6713089170426643,14
2021-09-26,0.18017331067333692,0.16631930019512156,0.7105113984000836,0.7940308814845048,0.10931529092657946,0.8323408099034332,0.0015649349185869283,0.0023436772312883936,2.5879971521801295,14
2021-09-27,0.2151045191688814,0.19342137040493818,0.5388237503245138,0.7540468479035457,0.24607173050660483,0.5449750789340366,0.0020837705893870496,0.0018031067528364465,2.2168061330170277,14
2021-09-28,0.15276949838439752,0.13976927015952226,0.6900019416053401,0.8024364017598001,0.15722856001026225,0.8745644177189072,0.0017945684284919152,0.0022091749520076077,1.7653894310788394,14
2021-09-29,0.17333154289519231,0.1443428584803341,0.708146961528523,0.7986921360287752,0.11852149557628446,0.866692000908417,0.0016109599460397267,0.002320016135691254,2.646855000318929,14
2021-09-30,0.20263769174741603,0.19859066281179563,0.6318696564734765,0.7775572263454449,0.16549265177910755,0.7355347634234903,0.001768350320705437,0.0021103830726743344,1.1680493763421385,14
2021-10-01,0.16640080411913752,0.2861554483777468,0.7138512776190896,0.7892687709150908,0.11974791826177276,0.5691416942629125,0.0016243454033600347,0.002325198499580721,-0.4394078452685206,14
2021-10-02,0.11575986821507664,0.1813024356976649,0.5262990492965477,0.7917516544674875,0.3579410824883757,0.8059451337974157,0.0026622252273556996,0.001538028748607121,2.3776760559710333,14
2021-10-03,0.1881098328573126,0.27070769006910933,0.611731244183302,0.7950746085098722,0.20015892295938525,0.6424060050664363,0.001928062085645899,0.002005730191902986,2.578667913680936,14
2021-10-04,0.21376113893161758,0.274058711045535,0.6338068374283464,0.8016108226438825,0.15243202364003605,0.6616544957349393,0.0017013607850635056,0.0021419882519693925,2.1073363575047854,14
2021-10-05,0.19853980237613747,0.3161331154546238,0.7005992020742053,0.8031934519822695,0.10086099554965713,0.5812340956591352,0.0015081065747240482,0.002348674780639648,1.4819396418694084,14
2021-10-06,0.17743420255334633,0.2638957551536263,0.752312565610981,0.8023918903357353,0.07025323183567282,0.6837363933237484,0.001407911414567839,0.0024880592561975757,0.4665192738821522,14
2021-10-07,0.19221667272304402,0.21711770981039924,0.7095868074874708,0.7748299447568787,0.09819651978948529,0.6709755730521976,0.0015047915284829758,0.0023670196860862084,1.7671349545133825,14
2021-10-08,0.19863868587476624,0.19999615409341764,0.7308821754081586,0.7826365415901928,0.0704791387170751,0.7504292106693867,0.001383292802274354,0.0024578861023318564,2.7317276461093103,14
2021-10-09,0.21892203675461286,0.22073459485691513,0.5744269161838595,0.7722113298716647,0.20665104706152765,0.6400628255176211,0.0019175238412997293,0.0019397010985501483,2.179782445802049,14
2021-10-10,0.18280631440375522,0.1977363570039448,0.6649425289924825,0.7879374883648165,0.1522511566037622,0.7695998210029618,0.0017379378170441786,0.002185499788713508,2.5757265640502762,14
2021-10-11,0.19995822048221484,0.2272968754027737,0.6660680254518444,0.7970909644023418,0.1339737540659409,0.73693333891344,0.0016422724874916544,0.002227533708683801,1.436340112805681,14
2021-10-12,0.30703623195573115,0.3803963549421753,0.6927626212912885,0.806807259992505,0.00020114675298029726,3.771498839164389e-35,0.0009642209503448268,0.0025607366239225097,2.111535262919177,14
2021-10-13,0.2448919192180674,0.29216951514097433,0.6059069113072825,0.7699043820020808,0.14920116947465015,0.18996081489380354,0.0016505725994740475,0.0021105123103623787,2.185087000400331,14
2021-10-14,0.2877734907670535,0.3228985319382286,0.6702553360056387,0.8186995571076703,0.04197117322730774,0.0,0.0011588894037657849,0.0024370724058509347,2.8708421154955373,14
2021-10-15,0.2934174287589236,0.3559720833632777,0.5862650022848824,0.8151433682170993,0.12031756895619397,0.0,0.0014735773451881632,0.0021472788892171425,0.5350288837599061,14
2021-10-16,0.38869658759849507,0.27851705414861816,0.611303383101583,0.8108213836153876,2.929992204571267e-08,2.0340105820493238e-268,0.0008650229619013728,0.0024483921640466107,2.7495882015131397,14
2021-10-17,0.30606961621635786,0.36760644840762957,0.3632722512112838,0.7836252857520741,0.3306581325723581,0.13651255258713071,0.0023206252618802343,0.0013727175273903726,2.679971701554681,14
2021-10-18,0.45075707464354653,0.46469899676336135,0.4404145462745285,0.8296067584525343,0.1088283790819248,0.0,0.0012367175219566242,0.0019707748404246385,2.9265286610640273,14
2021-10-19,0.4204807964797073,0.47755079311114645,0.3387807952015019,0.8103589282097725,0.24073840831879087,0.0,0.0018140279192960093,0.0015379346078086137,1.3050909811929288,14
2021-10-20,0.4361784489340669,0.40596516794898346,0.5587442565339498,0.829568094023787,0.005077294531983321,0.0,0.0008286493380568185,0.0023643742417703674,1.811606046544651,14
2021-10-21,0.23478159847839083,0.42011804463657226,0.7149064119162638,0.8142861946744826,0.050311989605345234,0.0,0.0012569690733140826,0.002480426196574464,0.782900893102182,14
2021-10-22,0.2651680913639106,0.38423503218668553,0.7348306959260145,0.8097128247771982,1.2127100748718129e-06,0.0,0.0010138267760575043,0.0026194275470368287,1.832777391355652,14
2021-10-23,0.18754757956100326,0.3276654844883013,0.8018648517547335,0.8230333973992032,0.010587568684263117,0.0,0.0011507685530267573,0.00268880055248457,2.6614779959028465,14
2021-10-24,0.2705877787748221,0.38959438818658637,0.6026964015736112,0.8042950410347445,0.12671581965156678,0.4138711623557601,0.001527349876020947,0.0021558610752877767,2.676860489778315,14
2021-10-25,0.2179637322288768,0.2017114522506885,0.7607180768484508,0.8468769813159216,0.021318190922672425,0.0,0.0011581998092040878,0.002608064934638448,1.7689265827831686,14
2021-10-26,0.14690673080828054,0.21949867219235783,0.8527676066423636,0.8698316134393533,0.00032566254935587947,0.0,0.0011575587769156977,0.002782006487261771,1.4483068509416006,14
2021-10-27,0.2048642725150989,0.38226362758171695,0.7949726343036252,0.7958721154989309,0.00016309318127601496,0.0,0.001104979249952615,0.0024688711741702022,1.7590412030893197,15
2021-10-28,0.19457298654207958,0.3796740165953382,0.8017467279090918,0.8087872661816531,0.003680285548828394,4.496e-321,0.0011323291102566459,0.002462667430940713,1.8301017879675188,15
2021-10-29,0.1560874704907293,0.3703849259741744,0.835200503486049,0.847632799180985,0.0087120260232215,0.21005845579020938,0.0012007453876115666,0.002472637497056269,2.0431898726366424,15
2021-10-30,0.2042227837453732,0.3679617011157487,0.7837359047604334,0.8100821994518991,0.012041311494193553,1.35773489156364e-210,0.0011552946745813169,0.0024208654342401065,2.581587764920181,15
2021-10-31,0.26812286964743964,0.3710647537587628,0.6628840195599124,0.8008620378194725,0.06899311079264797,0.0,0.001313890394631676,0.002137579302043968,2.7304395383193305,15
2021-11-01,0.2581553301463834,0.15549905981131928,0.7364046485860376,0.6648807450219322,0.005440021267579098,0.0,0.0010612927728752208,0.002405055496001068,2.723097964913066,15
2021-11-02,0.35853776395609394,0.5612105831793767,0.4983593097558868,0.837080436196798,0.14310292628801927,0.0,0.0015110655207770055,0.0017631864606716618,1.6291456891025722,15
2021-11-03,0.33097763870927144,0.498413386364387,0.6551720398542258,0.802602770050889,0.01385032143650272,0.0,0.0010065813212467485,0.002312952662909488,2.9228925820545717,15
2021-11-04,0.3915026930598462,0.5112532501303403,0.4864582451195638,0.8093146166642885,0.12203906182059009,0.0,0.0013826876658238865,0.0018230749215911552,1.6742824778921506,15
2021-11-05,0.3416868358404436,0.5149530794937405,0.6376803828878472,0.7943275464792963,0.020632781271709043,0.0,0.0010216488307205633,0.002276757872320618,2.782831979806944,15
2021-11-06,0.4597574333331964,0.6483396216512841,0.4398775414900122,0.8121335857776468,0.10036502517679143,0.0,0.0012082308207392168,0.0018574685891327306,2.9881824211012837,15
2021-11-07,0.5800417019752805,0.6834822255569518,0.3438715469653767,0.7868997412952066,0.07608675105934286,0.0,0.000958746783558379,0.001861236271647134,1.7249515389200831,15
2021-11-08,0.4492356761176953,0.7414122641364882,0.48542004131177063,0.8249006899758946,0.0653442825705341,0.0,0.0010753404083233508,0.002008848993320239,0.23542317902267496,15
2021-11-09,0.3046693955045743,0.5023622255924939,0.695330546204761,0.8449476178863995,5.829066475169331e-08,2.21270385339493e-92,0.0009812765772735162,0.002390385622011847,2.7391586499793514,15
2021-11-10,0.33993596455005565,0.45311294957264603,0.5900078547163762,0.7869008113633477,0.0700561807335681,0.0,0.0012297639547557057,0.0020762852964143013,1.4166205339134768,15
2021-11-11,0.2570699551982191,0.45079545041664526,0.7405750024190412,0.8125209529072965,0.0023550423827397773,0.0,0.0010497690774506705,0.0024185163132042892,2.8437866203753144,15
2021-11-12,0.3106004429467639,0.3938856907784333,0.6192474881195161,0.785485222126839,0.07015206893371997,0.0,0.001266339265830253,0.0020991584834131496,2.365651752039602,15
2021-11-13,0.33249823704840764,0.4894007810987184,0.5760690939084874,0.8167485080810591,0.09143266904310504,0.0,0.0013279916619173275,0.0019948753792308465,2.9000659144501526,15
2021-11-14,0.3953209510410408,0.48180933584236624,0.4714396786427625,0.8113820737549791,0.13323937031619676,0.0,0.0014246164817746467,0.0017743011380023492,2.814672771587159,15
2021-11-15,0.43491000960684156,0.5177692523183153,0.39045344263874765,0.8263477092834357,0.1746365477544109,0.0,0.001548109929234673,0.001573825204431786,1.9095273721362274,15
2021-11-16,0.3945997045298284,0.502042606924814,0.5004525182877151,0.8337176384248358,0.10494777718245664,6.8345e-319,0.0013076895485013068,0.0018904251310881558,0.6960259592433722,15
2021-11-17,0.39256751815208146,0.29196931350523053,0.6074310930748025,0.7748872562172154,1.3887731161347274e-06,0.0,0.0008729257969354721,0.0023206717129120335,2.9659818658952832,15
2021-11-18,0.2933735682857153,0.33141056086894877,0.6245526964569782,0.782057924050372,0.08207373525730657,0.0,0.0013372536622837414,0.002064128491995168,0.7504193671371437,15
2021-11-19,0.10659174965261405,0.38792476074328225,0.8853042942389945,0.8736113093705971,0.008103956108391633,0.051723758783313124,0.0012592148463158295,0.0025143741215705416,2.2315544568672463,15
2021-11-20,0.206539998890073,0.44699482456296946,0.7701323310700884,0.8211449902503655,0.023327670039838492,4.274e-321,0.0011994908961122732,0.0023729306113205915,1.9242411162864026,15
2021-11-21,0.2070228396900182,0.46137735097538085,0.7803360813221125,0.8207133891062324,0.012641078987869349,0.0,0.001154343713360465,0.0024161951780938395,2.422151468060306,15
2021-11-22,0.2714160543991455,0.43888121635006494,0.6672487532212386,0.8077827054895704,0.061335192379615905,0.0,0.0012779192694615553,0.002166245020784474,1.1966021255100914,15
2021-11-23,0.1494784793147818,0.398983992262916,0.8291078265018553,0.8370215329766493,0.021413694183362957,0.2559298583000324,0.0012618500840981376,0.0024260011088349954,2.191236301959184,15
2021-11-24,0.21744457388409819,0.36653413164149107,0.7557613521504754,0.8130846891975837,0.026794073965426463,1.5909188543737852e-103,0.0012004987660066,0.002350124717440277,2.558696210522884,15
2021-11-25,0.2515736983501937,0.3847265344719598,0.6251506861988573,0.8285852510535067,0.12327561545094912,0.3323035175655854,0.0015604413282692966,0.0019289965096540387,1.7457968880235266,15
2021-11-26,0.317487705235262,0.22980095425604222,0.6795380064834196,0.7616637524289934,0.002974288281318626,0.0,0.0009778743790847992,0.002368072219150603,-1.3038377015832052,15
2021-11-27,2.10093569729413e-15,0.1869489416392802,0.02560597447412565,1.350601750654192e-184,0.9743940255258723,0.07886109257587902,0.005405045200952578,-0.0013477328860094255,1.6797493435325577,15
2021-11-28,0.009960407234458266,0.20164001935274528,0.26460016176292606,0.79540185491236,0.7254394310026157,0.7625631267279019,0.004361418301111833,-0.0003388211366096186,1.5171339475651822,15
2021-11-29,0.05856412801970518,0.24525457560804462,0.4913393502921722,0.8093657239568949,0.45009652168812275,0.6496702825772581,0.003158368675163386,0.000747222549127412,2.193419931824452,15
2021-11-30,0.15494673081219662,0.20839095395342244,0.6183207195160856,0.7883034844999703,0.22673254967171763,0.7733992974072471,0.002110418407403722,0.0015830759568578878,2.2147070577832686,15
2021-12-01,0.17166017174620302,0.29255597986738824,0.6979777504772826,0.832966743800191,0.13036207777651454,0.4301560264296014,0.0016885237715512133,0.0019634293215387024,2.667650719125715,15
2021-12-02,0.21264791043912978,0.2622067583623461,0.6662147883597969,0.8079912123548485,0.12113730120107348,0.6309373879668692,0.0015995454035568563,0.0019686005563476373,2.4454919578413428,15
2021-12-03,0.2755789455644089,0.28359427383533353,0.6623638569297575,0.7984324893696544,0.062057197505833654,5.947805362175508e-104,0.0012757948457817734,0.0021599946967352547,0.9448293458915554,15
2021-12-04,0.1721694056252786,0.2572001347536462,0.7628257113809145,0.8082674983350894,0.06500488299380695,0.6370014624140106,0.0014155831732999315,0.0022299653552092656,-0.5394756055665393,15
2021-12-05,0.15148633008088427,0.12118611382976313,0.5786424386442641,0.7821690343806472,0.26987123127485146,0.8860748186249974,0.0022942159337977154,0.0014096279571754714,2.571882703952705,15
2021-12-06,0.15641485249222264,0.12111996632501118,0.7067511031373138,0.7771665076493431,0.13683404437046376,0.8923876381111466,0.0017342852893020323,0.0019490861713643913,2.065078629479755,15
2021-12-07,0.1594160321711929,0.3162795081638991,0.773964095837086,0.8415721119791527,0.06661987199172115,0.3248228124837987,0.001438038066007922,0.0022334834075554556,2.6685060620580012,15
2021-12-08,0.23266083076894165,0.09347357264936497,0.7596780972284272,0.7055608859446414,0.007661072002631059,0.0,0.001101978631908171,0.0024162026723729773,2.7850292229087947,15
2021-12-09,0.2665553008036635,0.3507850883797354,0.6135844440571835,0.8143212425379037,0.11986025513915302,0.47016914748150623,0.0015277371140782613,0.0019310646360418664,0.999017352118129,15
2021-12-10,0.15435719469110595,0.28264680243950774,0.7344064724376186,0.8099138587077521,0.11123633287127568,0.591726494870678,0.0016301891812418087,0.0020552673362121093,2.402540650163089,15
2021-12-11,0.18737741446971806,0.3124344977122161,0.6769047693202597,0.8478766810181128,0.13571781621002232,0.2769174932988938,0.0016914464094582495,0.0019290900417692556,1.6414639856286624,15
2021-12-12,0.18214843375036177,0.22174077583226345,0.7264153579393456,0.7926667795338296,0.0914362083102926,0.7444759339204128,0.0015134217738077343,0.0021140973213338364,2.3603099673525176,15
2021-12-13,0.20138602994084528,0.21488252168256874,0.7270940173012465,0.790623412047154,0.07151995275790822,0.7590958984871697,0.001406710428771759,0.0021801851739460328,0.3582008917377524,15
2021-12-14,0.164164867684616,0.20520337023707036,0.7043459034454271,0.8004854677552788,0.13148922886995695,0.7421290141373369,0.0017024633405295995,0.0019647698975001696,1.8541194807533707,15
2021-12-15,0.2785383568401106,0.3517660005609835,0.716334642306157,0.8061586037647994,0.005127000853732415,7.482120724990135e-248,0.0010348619987866276,0.0023901690116500856,2.685045504709488,15
2021-12-16,0.26446075150637494,0.3259318720797562,0.6560141987164633,0.7957293876247187,0.07952504977716178,0.0,0.0013622896681045888,0.0020974677415701165,1.8675827616553353,15
2021-12-17,0.2622658376714092,0.3391323863076996,0.720051921000882,0.8016008010812077,0.017682241327708747,0.0,0.0011072614333042185,0.0023517944377712215,1.7603432077628731,15
2021-12-18,0.23617733169022714,0.2593256004349868,0.7592792517757012,0.777240130817167,0.004543416534071832,0.0,0.001084645970259922,0.0024261473881502927,2.598640977841556,15
2021-12-19,0.24449379213819245,0.3561687436164665,0.6190696083241836,0.8316565435681283,0.13643659953762405,0.34740312266785645,0.001623989137903131,0.0018808575907046242,2.770582296620096,15
2021-12-20,0.33698053310415343,0.3840913219750906,0.574718929189374,0.7961464349588766,0.0883005377064726,0.0,0.0013094159562062494,0.0020041132857498505,2.9325545636267862,15
2021-12-21,0.3623538045995603,0.4366104076784192,0.43923658948518224,0.8303528595805417,0.1984096059152577,7.87986737078909e-05,0.0017365915096204912,0.0015342697743873383,1.2234405336032173,15
2021-12-22,0.39730189998571575,0.40790574905635274,0.6020765092620568,0.8146138843511268,0.000621590752227439,2.790874903453426e-294,0.0008696744150531846,0.0023143839594633882,2.7670798142954203,15
2021-12-23,0.3151843640652737,0.39027000235775655,0.574492660823634,0.8010354735702702,0.11032297511109222,0.0,0.001428032495516215,0.001931452207876735,1.4306958492235395,15
2021-12-24,0.25475298799569845,0.5298381952933948,0.7430242528240703,0.8502057687427552,0.002222759180231238,1.3284215971554542e-190,0.001052073569904524,0.002420894094257799,2.843759567292839,15
2021-12-25,0.391446541182662,0.5949021838480719,0.45502133854100374,0.8402944510901357,0.15353212027633434,0.0,0.0015138867435854578,0.001694491633887352,2.891013909477909,15
2021-12-26,0.36632773417271985,0.4872359061232944,0.3057311290484447,0.8786912195988787,0.3279411367788357,0.018788461268957366,0.002270505983631852,0.0010020696138668282,2.8864843856717584,15
2021-12-27,0.5941420081672273,0.6454144808886073,0.2618643811396193,0.8207828978534877,0.1439936106931535,0.0,0.0012240756084819157,0.0015727003433062758,3.202783267832613,15
2021-12-28,0.5621087665864132,0.604059074372114,0.12965471445187546,0.8690679511829758,0.3082365189617113,0.0,0.001946807552128127,0.0009272835525218036,0.3711668175569015,15
2021-12-29,0.8405081987026856,0.48975772275484664,0.15949168036834618,0.8233259753783512,1.2092896835701195e-07,0.0,0.0003205711065841329,0.0019654331068915815,1.010164769529301,15
2021-12-30,0.3024963083173592,0.37353317457202756,0.6377224027204003,0.7777997475735746,0.05978128896224053,0.0,0.0012331201840236807,0.0021479431615024245,2.578926744840491,15
2021-12-31,0.28372985644129967,0.28098614593214166,0.6880509487331712,0.7477755001479633,0.028219194825529398,0.0,0.001124722427180591,0.002291735865173565,2.2537678546314948,15
2022-01-01,0.2971512587582714,0.3936600130448795,0.679778684558492,0.7602514055962771,0.02307005668323664,0.0,0.001086713504645308,0.0023021226321792475,1.9808652731099823,15
2022-01-02,0.2521420199052331,0.4738709092252313,0.7216746870245293,0.8016378785168004,0.026183293070237652,0.0,0.0011551784984947205,0.00232510219130269,2.744214356904144,15
2022-01-03,0.3848886377759184,0.5792676933577016,0.501084389461239,0.8222606386961275,0.11402697276284271,0.0,0.001357480588832206,0.0018610442222393065,2.011237595702472,15
2022-01-04,0.3398497165843115,0.54000908635563,0.5515972515447725,0.8485001301565297,0.10855303187091599,9.383757338570141e-283,0.0013902374326081087,0.0019191201259495874,2.4698871972596996,15
2022-01-05,0.40065464976386644,0.5432156492176043,0.5067884176428303,0.8092746521719022,0.09255693259330337,0.0,0.0012486128233617697,0.0019362314070945135,0.7589977000731701,15
2022-01-06,0.3469805657799135,0.3988449439806949,0.6530135215742003,0.7990609091227285,5.912645886141613e-06,0.0,0.0009291431406669307,0.0023568064191302773,2.6767805068338224,15
2022-01-07,0.31434361352588386,0.43679974230993235,0.5277463088471597,0.8275786831922857,0.1579100776269564,4.300814482910101e-80,0.0016272407746680787,0.0017377578813609917,1.3409199511343803,15
2022-01-08,0.3226338244783037,0.5262830350087487,0.6759900798410153,0.8442781273965044,0.0013760956806810989,4.421309119109071e-259,0.0009648681436595978,0.002370518573039257,2.8743442163685637,15
2022-01-09,0.40796517035522833,0.5662324168194742,0.4602167260147316,0.8196929454333125,0.13181810363004004,0.0,0.001403099652455446,0.0017700784269536404,3.0112780053267483,15
2022-01-10,0.4926137879852299,0.5768337679167707,0.33024258218249386,0.8265103460374268,0.17714362983227636,0.0,0.0014873360913041133,0.0015178229199094746,3.0592525487431517,15
2022-01-11,0.5371703004256081,0.5849351907148476,0.30990557056170986,0.8128301632737542,0.1529241290126821,0.0,0.0013315491260716206,0.0015814071988722628,1.9633453861919368,15
2022-01-12,0.40578476289160126,0.3869436152392257,0.5731503250646843,0.7316032925063976,0.021064912043714395,0.0,0.0009444225183409732,0.0022241594161041935,1.802312096234425,15
2022-01-13,0.24842757444307628,0.5589834149674401,0.7059056269704711,0.8314431517883834,0.04566679858645262,0.0,0.0012409667220682945,0.0022484710414474836,1.6880656698296541,15
2022-01-14,0.2080700587767876,0.5301250810357132,0.7852879200383843,0.8350768021437643,0.0066420211848280016,0.0,0.001128041391869563,0.0024398667597452426,2.6096744280818966,15
2022-01-15,0.30741046744960965,0.52952746739732,0.5731953873789144,0.8370073120185544,0.11939414517147603,0.0,0.0014754030806901379,0.0019005677859171605,2.8822559204110867,15
2022-01-16,0.5226763379441448,0.6899494305705498,0.3605079049950924,0.8231397200622479,0.11681575706076278,0.0,0.0011991144865316345,0.0017403800291401087,3.122485186239443,15
2022-01-17,0.6132120715232607,0.6888247690213847,0.27651231125099407,0.8030749126222707,0.11027561722574522,0.0,0.0010601856341452952,0.0016952918135673086,1.6060671633137633,15
2022-01-18,0.5206695443601568,0.7287831980279819,0.4496858730975352,0.7727134092779128,0.029644582542307795,0.0,0.0008385149380647555,0.0020980067600010624,3.1290263533396256,15
2022-01-19,0.6458117206190724,0.7637500382494251,0.27075960595983556,0.7986713687608921,0.08342867342109195,0.0,0.0009081867530134318,0.001779089926715341,2.3160248514536876,15
2022-01-20,0.6094376664563959,0.730380068842986,0.32604873461747363,0.7856945438759627,0.06451359892613057,0.0,0.0008742877045286337,0.0018851920016149876,1.4323000637880368,15
2022-01-21,0.3555098438254152,0.6523538539972729,0.5591829676187371,0.8570892089041207,0.08530718855584787,0.0,0.001274094020551379,0.002001644237184063,-1.5606744115046938,15
2022-01-22,0.03264195685945332,0.2492373630231485,0.8659686461233145,0.8734195509780165,0.10138939701723232,0.13662041092063176,0.0017392485829393698,0.0021920128741465842,1.6080525992676358,15
2022-01-23,0.1810897010115002,0.22286498429984863,0.7512332201552141,0.8001020380287346,0.06767707883328572,0.7189964362270292,0.0014157212773724583,0.0022119769161501658,1.7596924360510036,15
2022-01-24,0.1705140966636911,0.2527645722224951,0.7944939970241076,0.8203514051539342,0.034991906312201324,0.5809319032915045,0.0012925261302615748,0.0023538608019797462,2.569072018839845,15
2022-01-25,0.1980551891541102,0.26702430337067745,0.6721932798412691,0.8342198412744632,0.1297515310046208,0.46223903219063467,0.0016534253875504386,0.0019449901622416673,2.6390980481829733,15
2022-01-26,0.21216193115759607,0.21418298278856576,0.6697673215417564,0.7664425397404914,0.11807074730064757,0.6145392912239537,0.0016027044954414118,0.001037479152757806,2.678403716323083,16
2022-01-27,0.24621480186302727,0.1556122299172214,0.718432756674539,0.7345702766087335,0.03535244146243381,0.0,0.0012095780717363447,0.001469664542556393,2.7770312250096856,16
2022-01-28,0.21046727729629988,0.11368181705890021,0.7723215174284972,0.7064921270626938,0.017211205275202927,0.0,0.0011766127955766678,0.0015730174513750494,2.2461503946526733,16
2022-01-29,0.2231076242879106,0.22975015552741146,0.7223457838311875,0.7760320587729329,0.054546591880901996,0.5516004437951771,0.0013195890410044415,0.0013723941748111567,2.6717347725826466,16
2022-01-30,0.22490848755957998,0.09651340601682727,0.7641006460616993,0.6954023533249198,0.010990866378720826,0.0,0.0011323749718184144,0.0016031617223008832,2.7473522765171006,16
2022-01-31,0.2275914875819624,0.2556885453837692,0.5962626261215269,0.7959610058948595,0.17614588629651062,0.39855851822683847,0.0018299565912873802,0.0007262491599522449,2.4914560943334276,16
2022-02-01,0.47183652121417785,0.6766966478832541,0.469634941609395,0.7723690700018304,0.05852853717642711,0.0,0.0010296886122337545,0.0013019462510339254,2.9469236306840347,16
2022-02-02,0.6393650035944927,0.790625945886376,0.24726284606352722,0.7995207128114086,0.11337215034198016,0.0,0.0010557625228792148,0.0009777058196979037,0.4418813678086575,16
2022-02-03,0.4753341930756476,0.7221847849868479,0.5245477106220311,0.7769318270420408,0.00011809630232140711,0.0,0.0007773089856153774,0.0016112025940994803,3.097902461618412,16
2022-02-04,0.5885727684926502,0.7196594389262397,0.27413835229566696,0.793045945362168,0.13728887921168287,0.0,0.0012198594783162757,0.000860864911198872,-1.0989153461639722,16
2022-02-05,0.04711865144377712,0.27288645954472285,0.5444391093425518,0.770747180060795,0.4084422392136711,0.514107462073312,0.003035927911947491,-0.00047062675148960126,2.2065113347279146,16
2022-02-06,0.42156525999159367,0.24748795727117043,0.558434319480815,0.7579365626076265,0.02000042052759142,1.480764063690086e-103,0.0009280895799582297,0.0015163601197909664,2.2218900472999197,16
2022-02-07,0.23819219538956435,0.2833556585100708,0.6250319941763559,0.7895766357787057,0.13677581043407974,0.4012445132256621,0.0016499382511082638,0.0009330610887850351,1.6440425244025585,16
2022-02-08,0.3479917206228171,0.1932449396424473,0.6502086639451508,0.7420899060871543,0.0017996154320321367,0.0,0.0009415155551319751,0.0016275292856165941,2.897486560888813,16
2022-02-09,0.23184763442987097,0.2255997604373436,0.676756125781538,0.7578444604162313,0.09139623978859118,0.627699543146707,0.001465234653904676,0.0011751217885001119,2.7363552260438353,16
2022-02-10,0.254968760291302,0.21529316574849178,0.6807855464355713,0.752812497873898,0.06424569327312663,4.698071468399537e-75,0.0013214683190582418,0.0013146093061203498,2.173467001677999,16
2022-02-11,0.27698716734205286,0.14471043375806397,0.7115672627425149,0.7182663716370736,0.01144556991543217,0.0,0.001070073190456713,0.001590422693116369,1.7442283589823826,16
2022-02-12,0.22906076718069893,0.22907061070737533,0.7564098040586849,0.768500888280311,0.014529428760616307,0.584842277704172,0.001142286753536633,0.0015835613365562248,2.7194485326804614,16
2022-02-13,0.24987718067340264,0.2837242995939309,0.6356500443865347,0.7772261635158669,0.1144727749400627,0.4692601370101363,0.0015409138590410452,0.0010490932791413611,2.7848015669930755,16
2022-02-14,0.24545022731982932,0.27610060284623167,0.6215777942589359,0.7716715742347997,0.1329719784212348,0.5056954364461452,0.001624850474547772,0.0009518066625861168,2.599956604134336,16
2022-02-15,0.5027798032711884,0.7319017672061265,0.44283929408870043,0.7696047405313816,0.054380902640110994,0.0,0.0009739115363350746,0.0013178198602332516,1.0430529797920085,16
2022-02-16,0.2936741085217941,0.6091006835488342,0.7048595769004226,0.7750053802811646,0.0014663145777834717,0.0,0.0010070936652976767,0.0016400680386960285,2.593724362757107,16
2022-02-17,0.41067276435487987,0.6295386222879036,0.5133754739866323,0.77541305409814,0.07595176165848774,0.0,0.0011790950826863274,0.0012216190221603646,-0.40317644612472425,16
2022-02-18,0.5111961488754203,0.33451085882721737,0.488803851117106,0.7538898565304387,7.47367632333218e-12,0.0,0.0007325754697602521,0.0016047185363886858,2.4750782571926835,16
2022-02-19,0.29849106741797127,0.3362450065756611,0.6163293334047826,0.7567673857656994,0.08517959917724621,0.0,0.0013566423703897242,0.0011948957537581818,2.8660911340778576,16
2022-02-20,0.33182594420179873,0.37102690566221264,0.5358029966075925,0.7752460007257653,0.1323710591906088,1.6030430244443056e-233,0.0015157440104359764,0.0009378687702027502,1.3287756684335816,16
2022-02-21,0.35879499027562595,0.32837720289579003,0.640185722968345,0.7703258573059816,0.001019286756029067,6.659203492693924e-153,0.0009248755679517379,0.0016295279537093402,1.3512722519641371,16
2022-02-22,0.2227966993312175,0.3226943767061435,0.7750041737883834,0.7776179339954115,0.0021991268803990727,0.41755648287387304,0.0010976257834899234,0.0016502330404326191,1.9070360779166995,16
2022-02-23,0.23490774944781234,0.2885646671237133,0.7530100908715321,0.7680360433354826,0.012082159680655513,0.5050943101505301,0.0011246782533549625,0.0015953882121464947,1.973615227682584,16
2022-02-24,0.25083176602341345,0.2550097307022934,0.7348075219964346,0.7568878299898708,0.014360711980152064,4.218224836419854e-198,0.0011147176415020146,0.001580139853507128,1.9998463549722756,16
2022-02-25,0.21090911427330586,0.2898132223320702,0.7395738289276869,0.7978406391398657,0.049517056799007426,0.33917085552872334,0.0013132792320140925,0.0014015016862605888,1.9759178398697064,16
2022-02-26,0.22891352128034512,0.28892940414895896,0.7372443853034245,0.7682355971145475,0.033842093416230457,0.5037759383353945,0.0012245035547415477,0.001481109577493834,2.6444766776995534,16
2022-02-27,0.2551710353313893,0.3018462728772865,0.6375177698051262,0.7758293985178487,0.10731119486348444,0.4524808302586317,0.0015039981286214883,0.0010860459054703037,1.529061886496105,16
2022-02-28,0.3252777172521762,0.45435091768548747,0.6735073932462626,0.7624618689739758,0.0012148895015610878,0.0,0.0009670461915941432,0.0016351358254685896,-4.578480385904293,16
2022-03-01,0.22011536482182434,0.11159127893705473,0.6920480528163889,0.7530783950384701,0.08783658236178689,0.8090933222291941,0.0014645996762625414,0.0011963370771899148,1.9627057261520624,16
2022-03-02,0.2080864307109493,0.12529106698082432,0.7285164251662067,0.7670675743391956,0.06339714412284396,0.755657768855512,0.001375695324614457,0.0013284079076469595,2.574160878477856,16
2022-03-03,0.1894822176568708,0.10534461952501002,0.7522756910475714,0.7448951542806936,0.05824209129555785,0.8319522192151343,0.0013767565050667846,0.0013594515937470635,1.6780558655464979,16
2022-03-04,0.20762829004353342,0.1514969154208854,0.7548328170037751,0.7800781714713354,0.03753889295269153,0.6645419020723446,0.0012664584152184597,0.0014657132817212897,-0.35825714491483795,16
2022-03-05,0.2098410757291804,0.08448068311612854,0.6503623463646889,0.7493084743884438,0.1397965779061306,0.8579052982960212,0.0016977259427725642,0.0009226531253049922,2.6544442924596545,16
2022-03-06,0.16242382507214242,0.09693794354559161,0.7331564851176876,0.75887761896112,0.10441968981017018,0.8226992605255186,0.001606141003505121,0.001119779382580232,1.938752981735757,16
2022-03-07,0.21969000235880198,0.09097415883202735,0.7097623417216067,0.7533987387753248,0.07054765591959149,0.8416806483277288,0.0013917387311756669,0.0012881635846101454,2.626641815790968,16
2022-03-08,0.1728233754984852,0.11374699579939727,0.7226783376361218,0.7712898751370725,0.10449828686539306,0.7651156534079275,0.0015936457980355808,0.0011173002865212422,2.383096993913012,16
2022-03-09,0.19350342126006786,0.0885139107802419,0.7360540333678024,0.7493768223507352,0.07044254537212954,0.8514255198678624,0.001423594077130327,0.001293913631978917,-0.005590122057811842,16
2022-03-10,0.21186358370649716,0.058836585554021686,0.6064202591864565,0.7353410795938327,0.18171615710704658,0.9109289759055824,0.001872973442644874,0.000699809544312841,0.8006428671265537,16
2022-03-11,0.611241260239986,0.01396042441889274,0.3887587392171973,0.57376099891927,5.428167395935367e-10,0.0,0.0006091803071823601,0.0015848815422549339,2.262323827120423,16
2022-03-12,0.2034681490187819,0.18947249377963632,0.6592060880910537,0.7742527882424166,0.13732576289016443,0.6225346974706197,0.001695108378955197,0.0009370279145774976,2.700940018695029,16
2022-03-13,0.1937183663879811,0.16394032834673292,0.7048343421166265,0.7569270819000528,0.10144729149539222,0.7196208612667716,0.0015549235163572063,0.0011293470563675727,1.7849979135471932,16
2022-03-14,0.215073772683379,0.17710623458098076,0.7222920535618823,0.7631179632430548,0.06263417375473873,0.6819301815535863,0.0013638371762240361,0.0013310710893250956,1.3554672366475995,16
2022-03-15,0.19338191412816869,0.2750261145693797,0.779541281059156,0.7925009544003457,0.027076804812675437,0.39417624504214976,0.0012395943163254544,0.0015240542095922552,2.5881728697535595,16
2022-03-16,0.24028270830676465,0.14509863737961956,0.7429830737860833,0.7150139964015582,0.016734217907152075,0.0,0.0011378119912642212,0.0015696367253060948,1.465241597427017,16
2022-03-17,0.28511427476127527,0.15148479985201363,0.7147466746398501,0.7269240189305926,0.00013905059887476693,0.0,0.0010120117032217033,0.0016488082959972752,2.8208176833865917,16
2022-03-18,0.23350788471721928,0.2548470517837749,0.5809127343587188,0.7919480671157036,0.18557938092406187,0.4263227672596423,0.0018626450064874603,0.0006750180450894227,2.1270712354266768,16
2022-03-19,0.2018434072394585,0.23949415335462573,0.6820854887416204,0.7770544621817892,0.1160711040189211,0.5322545365305943,0.0016069499704105608,0.0010501360455488586,2.6122564108521864,16
2022-03-20,0.2775187913128484,0.3942693952427616,0.5768741279635985,0.792287415748061,0.1456070807235531,0.259786342761398,0.0016388764832521493,0.0008784010345812898,1.9638911312220788,16
2022-03-21,0.3612881333618523,0.5209040251348772,0.6065920078407492,0.7722932048953158,0.032119858797398586,0.0,0.001053912407321963,0.0014640011641457874,2.834403183690286,16
2022-03-22,0.35806545815328833,0.3936408592923381,0.6114954718972907,0.7167296237832287,0.03043906994942075,0.0,0.001050748979723073,0.0014735591157623482,1.6651612275578278,16
2022-03-23,0.27694547170076156,0.46354870318166475,0.7126149752610957,0.760092126896645,0.010439553038142734,0.0,0.0010658506704748878,0.001595769300554877,2.758647399232796,16
2022-03-24,0.382057464732843,0.514386833044469,0.5386999968044116,0.7645832377909841,0.07924253846274532,0.0,0.0012283606668781108,0.0012098306596517135,1.7292993477257341,16
2022-03-25,0.3348461996119875,0.6093228571104718,0.6432946049031976,0.7710483040169221,0.021859195484814842,0.0,0.0010429463788840187,0.0015236913897892883,2.815513143208644,16
2022-03-26,0.43127304053622456,0.589375906576048,0.39858376563590986,0.8037773254036785,0.17014319382786544,0.0,0.0015532199774793008,0.0007177158459495085,2.9949607588480878,16
2022-03-27,0.646085970103186,0.7472153031340808,0.2596237494614906,0.7759904506623289,0.09429028043532325,0.0,0.0009665187757315644,0.0010776294463550992,0.4761136576470284,16
2022-03-28,0.4201333999606437,0.5675635430592201,0.5795652327437594,0.7669029489720729,0.00030136729559684694,0.0,0.0008461715639580717,0.001621175321682848,2.8697402666942544,16
2022-03-29,0.461038183931903,0.5951328710213024,0.38410943045630747,0.791023122468324,0.1548523856117893,0.0,0.0014516725897165137,0.0007929533273143726,3.01231890537111,16
2022-03-30,0.4532671715928897,0.47025704128318796,0.5089164843166732,0.7185651156284825,0.03781634409043702,0.0,0.0009646518381982598,0.0014155356198024772,2.856395934333162,16
2022-03-31,0.4973512688468677,0.6200711813382919,0.340631112264223,0.7939994620634409,0.16201761888890948,0.0,0.0014372504369813824,0.0007477314722348636,1.184495529141754,16
2022-04-01,0.42676869367040793,0.5604463440844016,0.5643829313789426,0.7783507064663747,0.008848374950649501,0.0,0.0008742990434545626,0.0015745057287611562,2.5787119545762764,16
2022-04-02,0.44169212288002924,0.6027457442975612,0.46790404974682187,0.7717824641535732,0.09040382737314881,0.0,0.0012021654664957537,0.0011387798746904036,2.851602468806674,16
2022-04-03,0.507955310939946,0.6083773763097287,0.35437600024942173,0.7829871401850819,0.13766868881063218,0.0,0.00132092656182518,0.0008748343520375174,2.842329434692912,16
2022-04-04,0.5740992004770887,0.6503720415379057,0.3207821296397372,0.7698670500615458,0.10511866988317418,0.0,0.0011012637461231762,0.001034443121111341,3.148942279698898,16
2022-04-05,0.5919684080510229,0.6491789463217356,0.22419337816197396,0.7935464100354084,0.18383821378700319,0.0,0.0014130067448509223,0.0006131816756649346,1.7746133391842003,16
2022-04-06,0.5328115268371659,0.6091049071756369,0.3317180665985353,0.8015554361613245,0.13547040656429887,0.0,0.0012809394884552,0.0008815708412108628,0.5546510734537039,16
2022-04-07,0.5007391322200683,0.5545471765232619,0.49925267852702354,0.7472004475305923,8.189252908169119e-06,0.0,0.000745507851229797,0.0016067485030130365,3.0699431133794053,16
2022-04-08,0.4992269524656448,0.5966273828150762,0.31077276220461786,0.7950248974636802,0.19000028532973742,0.0,0.0015535442823432658,0.0005988720044459657,1.2416217518201682,16
2022-04-09,0.4617909308685997,0.5459272592538101,0.5236680194540092,0.7750528129584815,0.014541049677391001,0.0,0.000855284672370141,0.0015373538258978033,2.842181983222642,16
2022-04-10,0.44240441536454156,0.5410534555327164,0.4341674616078035,0.7735903631771998,0.12342812302765498,0.0,0.0013413967405855867,0.0009633981229915085,2.6800582766524315,16
2022-04-11,0.49824764083199047,0.5851864292516334,0.420797919027285,0.7595302130259243,0.0809544401407247,0.0,0.0010922993405915757,0.0011777083618325342,0.11968274322175354,16
2022-04-12,0.43094372236379064,0.40587556259109814,0.5690562135956441,0.7784186945144326,6.404056544840639e-08,0.0,0.0008315581343803365,0.0016206306851215477,2.6531276867143494,16
2022-04-13,0.32210026229816907,0.383705889284916,0.5722988127235762,0.7664798436582299,0.10560092497825473,0.0,0.0014141777355687114,0.0010818505437685192,1.8896047318513949,16
2022-04-14,0.3142111555657037,0.37156553660671465,0.6523488256153316,0.7704161870564166,0.03344001881896461,0.0,0.0011175861040306223,0.0014663302962858624,1.6481441493592486,16
2022-04-15,0.3108479392080983,0.1971368049143711,0.6875574697452935,0.708084107852454,0.0015945910466083088,0.0,0.0009864568675550405,0.001635982115755537,2.5056508997851363,16
2022-04-16,0.26098375236914995,0.23943451912609165,0.7131411345516487,0.7234828951853146,0.025875113079201338,0.0,0.0011511082155213446,0.0015170267570176212,2.802194715467486,16
2022-04-17,0.35529013146033445,0.4614312264880411,0.5323555377814654,0.7765319270676687,0.11235433075820009,0.0,0.0014018873849696316,0.0010394332877273179,2.11370132284205,16
2022-04-18,0.3526138528444468,0.4496174208883312,0.5749867153039357,0.7773744386736513,0.0723994318516173,0.0,0.0012356346778065223,0.001251981095620257,1.8062537931778282,16
2022-04-19,0.3069799056530665,0.44906853781486417,0.6664567387172206,0.76942607082267,0.026563355629713042,0.0,0.0010972985607831684,0.0015042545198010585,2.435647100199717,16
2022-04-20,0.32476893623166236,0.4537213462318321,0.5839683967463579,0.778672774662729,0.09126266702197976,0.0,0.0013500433073049772,0.0011574061016148738,2.863892729941002,16
2022-04-21,0.3881228678160819,0.45788536567513916,0.472598009688439,0.7791343407863826,0.139279122495479,0.0,0.0014755907761730444,0.0008900491600963745,1.8194191349276236,16
2022-04-22,0.41346689988088997,0.6745312132079527,0.5522634753957592,0.7766414952048394,0.03426962472335099,0.0,0.0009986822734224666,0.0014422475903514518,2.166349547568742,16
2022-04-23,0.37860382546742705,0.6310616278327762,0.5140419695827291,0.8070780598383195,0.10735420494984386,0.0,0.001351913690869646,0.0010613433650966157,2.884923906583409,16
2022-04-24,0.5668336838739009,0.7101261354385259,0.3185813816094411,0.7873556377026492,0.11458493451665794,0.0,0.0011503844478998962,0.0009856518310941262,3.1389941962745516,16
2022-04-25,0.7114763854965596,0.7898423479145008,0.1980556953896978,0.7754368623110085,0.0904679191137427,0.0,0.0008696351308983871,0.0010849468282246913,1.7476843153132298,16
2022-04-26,0.5055949502346379,0.6154846196995303,0.27557838308312027,0.8359381191417607,0.21882666668224182,0.0,0.0016678251328272233,0.00044464469960135786,0.44936526333606996,16
2022-04-27,0.6040986120731812,0.32881641509109066,0.32548297955699745,0.5964178040104761,0.07041840836982122,0.001494096154801129,0.0006590878053213445,0.0012337086742230064,1.202881374540372,17
2022-04-28,0.23445306390376447,0.2960276883464539,0.5646105002631122,0.5957691740422071,0.20093643583312348,0.0024311796016690005,0.0014532894989376952,0.0010170537600691634,2.5132759771621522,17
2022-04-29,0.284502402193275,0.2844316906601295,0.5848892132927794,0.5685857532950703,0.13060838451394566,0.001319954297139103,0.001141627426284664,0.0011930686867177608,1.6725236674753203,17
2022-04-30,0.20422304139475525,0.35489328004526666,0.5760026576202987,0.6226284224700268,0.21977430098494594,0.002672625264628151,0.0015498795688169606,0.0009765937659350758,1.9194124390032838,17
2022-05-01,0.237750198216086,0.30599227992376343,0.5657534075624574,0.6154602841751527,0.19649639422145654,0.004022049200042138,0.0014335079714981715,0.0010281115693867578,2.1664555773515,17
2022-05-02,0.22778848174309796,0.3236328955405865,0.58888938607218,0.6197826844774627,0.1833221321847219,0.0036658548004855356,0.0013902078179406031,0.0010687694970574963,2.958147353247588,17
2022-05-03,0.25853826605996383,0.24554964858866943,0.649533111841967,0.5648250328759984,0.0919286220980691,0.0023818846306063158,0.001011889259960953,0.0013111356768985417,1.9575240582216047,17
2022-05-04,0.2422314679657459,0.2313327758909577,0.5620155230591941,0.5706472106425383,0.19575300897506,0.0035903227995671486,0.001427132039550558,0.0010284012364328412,1.0326464345379138,17
2022-05-05,0.17226926014853058,0.0,0.6338628671040718,0.6692449764591919,0.1938678727473975,0.0251025081622187,0.0014743787903613813,0.0010614596892827089,-0.3620071423195106,17
2022-05-06,0.09466766890107986,0.15748069190947508,0.7341341295621346,0.6686478229469613,0.17119820153678544,0.15446924424409994,0.0014470029904261816,0.0011554523970807203,2.4052966567283303,17
2022-05-07,0.06153582045884862,0.0,0.6083079477678168,0.6826195696057772,0.3301562317733346,0.075323695794055,0.0020889208913940707,0.0007258236206693774,2.245690925180761,17
2022-05-08,0.16762459226758888,0.17052753907988435,0.6524498857543334,0.627396267860964,0.17992552197807776,0.04325367159833572,0.0014239525099505777,0.0011021439100641526,1.3470740553897698,17
2022-05-09,0.11299856718380871,0.1976868951806291,0.6796661817318004,0.6625213302794947,0.20733525108439102,0.08171038179222095,0.0015728002110957245,0.0010475023556276602,-1.0940682773054762,17
2022-05-10,0.005600489457778594,0.0,0.1678740081227193,0.684539589738511,0.8265255024195021,0.8344254125072348,0.004053905091137007,-0.0006346426482651661,1.8954689909506155,17
2022-05-11,0.04782522416987166,0.06835705021454781,0.5835241543513203,0.6606939526879357,0.36865062147880806,0.4390877947682667,0.0022487532593651514,0.0006240421240491673,0.4227260893923427,17
2022-05-12,0.04869401948110781,0.03103006719996426,0.48185614529640386,0.5952241544141939,0.4694498352224884,0.5397029254851383,0.0026384902725921817,0.0003429080699972111,2.374354230534485,17
2022-05-13,0.1389646302200827,0.03159870818423231,0.6178307133313399,0.5988665245723257,0.2432046564485775,0.5437586473286279,0.001691582521537868,0.0009372631985737128,2.6364644815492593,17
2022-05-14,0.08075232111103656,0.06239236499063939,0.7322208560992017,0.680566621105597,0.18702682278976182,0.6055018046276871,0.00151921756590036,0.0011168905971445796,2.101725161086157,17
2022-05-15,0.27967590836023276,0.024626998811555428,0.533463955938756,0.5253961708375128,0.1868601357010114,0.43336521088174096,0.0013634627346117676,0.001038290777432937,1.4934832892172984,17
2022-05-16,0.1184419753460143,0.07257010642641956,0.6453781167128212,0.645953312102427,0.23617990794116442,0.3331214014806135,0.0016803604061578906,0.0009649884411348719,1.3822608895809765,17
2022-05-17,0.1413365341135722,0.05112489973989368,0.6159622579917622,0.6151663871782383,0.2427012078946657,0.36412741257850884,0.0016877815620560007,0.0009377228804537828,2.2536558841517835,17
2022-05-18,0.11070580482631741,0.06855871675338066,0.6732527412531185,0.6541106024186639,0.2160414539205639,0.4009619245568245,0.001608335645461792,0.001024161426217894,0.7872006441892402,17
2022-05-19,0.08336515757349172,0.0634523328733306,0.6065051693211392,0.656625972990854,0.31012967310536904,0.45193448047896995,0.001994297585611262,0.0007729338038908826,1.2323236692032324,17
2022-05-20,0.09222574479736292,0.18673487287193957,0.7037886561864077,0.6753787295463175,0.20398559901622965,0.13993922697706154,0.0015760134218395436,0.0010650895916660662,1.6997697219569443,17
2022-05-21,0.13538952111235053,0.11029612733380069,0.6611246692969979,0.6350914655942512,0.20348580959065143,0.1389374853459896,0.0015404188229512302,0.0010493259474193804,2.717051898972689,17
2022-05-22,0.17219039219903598,0.18908903164417828,0.6893947523127322,0.6252004511680663,0.13841485548823193,0.030636705706923964,0.0012594575876072104,0.001215962310460536,1.8770133035309462,17
2022-05-23,0.16584276431947617,0.16257994095306955,0.6299372695084925,0.620339785366389,0.20421996617203125,0.041381532953299126,0.0015195181730679188,0.001035176920252218,1.3441193201077695,17
2022-05-24,0.1607814567691803,0.13540142147214934,0.6573358735160406,0.6230519944922344,0.18188266971477893,0.06985363277562402,0.0014368753927399658,0.0010994119035913155,2.2533018936621665,17
2022-05-25,0.14094024533289803,0.15806970623915897,0.6698204947135911,0.6376955292466897,0.18923925995351082,0.0677407111196454,0.001480864616678226,0.0010868052925354999,2.775471029441065,17
2022-05-26,0.16322636746929295,0.16596929635511867,0.7058087265403723,0.6231985579807492,0.13096490599033472,0.04193003488803636,0.0012375601204507602,0.00124027791136983,2.6334511885376797,17
2022-05-27,0.20255526406981045,0.15773485520775415,0.6581954279973061,0.5802609508879492,0.13924930793288345,0.01848354316672678,0.0012390194177564846,0.001201569020757656,1.9198201023159385,17
2022-05-28,0.14834903335356886,0.22896271729352943,0.6373107292173024,0.6387166678832417,0.21434023742912878,0.025752811903580645,0.0015723877477986379,0.0010139387027651402,2.3991589311325807,17
2022-05-29,0.26304906005056455,0.22596932134737838,0.5808537774274016,0.5687394965003687,0.15609716252203376,0.0037791529297293547,0.0012571733160226138,0.001130593369458226,2.5656779017495173,17
2022-05-30,0.29858223749204565,0.3978664438622584,0.5617606076574233,0.5889835155586837,0.13965715485053096,0.0004099392706135559,0.0011657325708815235,0.0011622660420611904,-0.2797418878890945,17
2022-05-31,0.3251024856807745,0.19305229044888328,0.571081171262751,0.6003911695789992,0.10381634305647434,0.015148492316692318,0.0010060935463453574,0.0012515643446273856,3.1283501851992486,17
2022-06-01,0.20557823522778979,0.23435105217050453,0.7124278597115709,0.6267360477399192,0.08199390506063944,0.016366166463158038,0.0010146472144904768,0.0013598595545266665,0.02959162342769739,17
2022-06-02,0.11886964532206618,0.23053748237564273,0.6834817221517437,0.6685782620151927,0.19764863252618992,0.07199050832351123,0.0015306729623794084,0.0010721521179307175,2.1527838327422413,17
2022-06-03,0.20080069569561224,0.14037105104661798,0.6156333499859398,0.5943329636392279,0.18356595431844805,0.03499938440291781,0.001412196526568821,0.0010788168626914296,1.7995140060226635,17
2022-06-04,0.24219783415590815,0.10984091023540511,0.5887310656966612,0.5610974256546617,0.1690711001474305,0.03717569083698826,0.0013237275406334592,0.0011027403790600915,2.959737175908404,17
2022-06-05,0.16587708273869967,0.12447155988202079,0.7465590895460423,0.5837460811105769,0.08756382771525789,0.03958121417083176,0.0010671954645315174,0.0013601234581796847,2.878295013707204,17
2022-06-06,0.1645835835015137,0.14609235817468857,0.7095552285509542,0.6080203473792218,0.1258611879475323,0.041770617422638726,0.001216712626865416,0.0012539555136129449,1.280092443773628,17
2022-06-07,0.1938129026028913,0.11173285782325602,0.6218775948012588,0.5950436447331571,0.18430950259584972,0.0640451705209847,0.0014205275532466527,0.0010795229839971469,2.7785158159875927,17
2022-06-08,0.14659612781934092,0.15225900304900206,0.7318623330286927,0.6348291721891539,0.12154153915196644,0.06904710169962923,0.0012139858971282305,0.0012731377245932508,1.7976260087276965,17
2022-06-09,0.1389220850502974,0.1411667857893983,0.650084688703605,0.6364494586880793,0.21099322624609748,0.08537026386309308,0.0015667651086818954,0.0010270090524122926,2.676429024659686,17
2022-06-10,0.21850840771157035,0.241190737417218,0.6421532328816557,0.6071799028262449,0.1393383594067739,0.008188958947610533,0.0012269269129819042,0.0011949802220705857,1.6008724315004348,17
2022-06-11,0.18985400020658522,0.2194941663588371,0.6075768325098242,0.6183872262336105,0.20256916728359065,0.015905008817620043,0.0014943958816569394,0.0010302319226076755,1.9072043923066262,17
2022-06-12,0.2542242933747237,0.3781878391720397,0.5388300826738199,0.6085277425117738,0.20694562395145624,0.0011152286685540299,0.0014611641367404619,0.000992456148700456,0.6783111538420433,17
2022-06-13,0.3721180799443207,0.17599065187984864,0.5100189267640506,0.5546914307125423,0.1178629932916288,0.007354965868489566,0.0010239022713906965,0.0011937488409305527,-3.924923902602193,17
2022-06-14,0.0005047314796501989,0.0,0.11939708606786462,0.7294666916580756,0.8800981824524852,0.8800985809937161,0.004265027357125343,-0.000781850650049965,1.878678741664469,17
2022-06-15,0.008985518425282753,0.0,0.25717129729958677,0.7292711499758494,0.7338431842751304,0.8803774424936784,0.0036927958747315246,-0.00037780994065454156,1.9425326264113325,17
2022-06-16,0.09943015243543803,0.017373616293891357,0.37212264597993167,0.5945754354898743,0.5284472015846303,0.7909244236662439,0.0028273276203725785,0.0001583979926745708,0.023888653482099342,17
2022-06-17,0.0010807007998080826,0.025617214674603102,0.09818273280787396,0.689747538631808,0.900736566392318,0.9063911643658864,0.00434436503300065,-0.0008395703592929201,1.8768220683612424,17
2022-06-18,0.0986834587363677,0.005625969749123764,0.221220287850871,0.40759661290962756,0.6800962534127611,0.8312837339905956,0.0034148236604130073,-0.00026374251569465145,0.8657658337974654,17
2022-06-19,0.004984602441244213,0.024048366403630846,0.09880605843602104,0.6980914828806537,0.8962093391227348,0.9304731628182877,0.004323813476204607,-0.000828510849161507,1.0585470745961991,17
2022-06-20,0.0028270821704064007,0.016659089825169896,0.06853382354429026,0.6794746280965942,0.9286390942853034,0.9441816987450831,0.004450860717788742,-0.000917990436551456,1.8605808504622947,17
2022-06-21,0.03168388679465484,0.011192073748332716,0.1679293816106525,0.6200012419112221,0.8003867315946926,0.9291178010088973,0.003932449732601109,-0.000572196956430933,2.0988598401825973,17
2022-06-22,0.034855295492129915,0.020172949634292232,0.3777489890243688,0.6936922420717132,0.5873957154835011,0.9425086657960077,0.0031059194451771794,1.9855493448128867e-05,1.7100315741145464,17
2022-06-23,0.11507716512195577,0.010153837703354226,0.31268757808281367,0.5895558778632138,0.5722352567952305,0.9129721492674656,0.002984619458435942,3.0201860535529436e-05,1.2033930766127008,17
2022-06-24,0.04979514785223506,0.05439010325887627,0.5598484074834565,0.6437270906620115,0.39035644466430824,0.4599731117803012,0.0023313006212301035,0.000562794889118272,2.4025781864135585,17
2022-06-25,0.09055465211264374,0.06697112140778094,0.6689919581734718,0.666439265163772,0.24045338971388452,0.48305543374397897,0.001718671247662194,0.0009641682187682291,2.5940012833448183,17
2022-06-26,0.12175971230889047,0.05281649802938237,0.6991037056594334,0.6369112843727488,0.17913658203167612,0.44169292313947006,0.001456655440414461,0.0011225710505708081,2.180405182511334,17
2022-06-27,0.15556152661846012,0.10999246935918343,0.6514595226984912,0.6215840466057639,0.19297895068304896,0.10792411826374972,0.0014839607792499624,0.0010705765461663038,2.2908108761143207,17
2022-06-28,0.09566925762235218,0.1858781500245936,0.7010175737219861,0.6755994536820199,0.20331316865566193,0.14213169936219547,0.0015707217110630526,0.001065594071809744,2.046049900606345,17
2022-06-29,0.1927859786060374,0.1751816175810674,0.6138660180605372,0.6085671218721262,0.19334800333342533,0.02522634835539782,0.0014563655483972892,0.0010547532774897845,2.5907476303255668,17
2022-06-30,0.33420349347714784,0.27130657465864505,0.547093095735017,0.5051201878161151,0.11870341078783513,0.00033965202563006184,0.0010567205514788998,0.001206477280909282,1.2750492841993675,17
2022-07-01,0.2983431842195389,0.26670414406327014,0.5144449216493164,0.5679210832289964,0.18721189413114472,0.0017662900459438032,0.0013502699758749397,0.001029891417159981,3.0709794332578193,17
2022-07-02,0.280989247599208,0.29500232160160206,0.6428456505404596,0.5855157949322274,0.07616510186033239,0.0018032319069662284,0.0009332584254764989,0.0013461235578020887,2.903175606288534,17
2022-07-03,0.28643107273866397,0.3570089172296933,0.601829420030204,0.5805795058538481,0.11173950723113198,0.0005760035208335791,0.0010669636518134524,0.0012448637212676538,3.079368609855511,17
2022-07-04,0.4659281145451074,0.6238534319248854,0.4347888655142214,0.5603228695928629,0.09928301994067124,4.858178045578949e-06,0.0008787259374979599,0.001208219940707115,0.7563433605405055,17
2022-07-05,0.3253130460787352,0.4068718251827451,0.4801153700836885,0.5811400010991072,0.19457158383757633,0.00027336178402758966,0.0013577664064947212,0.0009986706480578972,3.0727387015640266,17
2022-07-06,0.36271092604292554,0.40485590466012705,0.5636975760262037,0.577533918187223,0.07359149793087058,0.00024969285778045114,0.0008595731369106439,0.001320811562123309,2.267915270811878,17
2022-07-07,0.30056783082546346,0.33110115550406455,0.5506219391494437,0.5308896018018513,0.1488102300250929,0.00021234225211981596,0.0011996700125548635,0.0011359798194039968,0.8697878634885252,17
2022-07-08,0.3094748099573375,0.27818510471480573,0.5176388618614294,0.5956010732622354,0.1728863281812333,0.0032107105379264593,0.0012860592226704086,0.0010653726875306184,2.937138707292058,17
2022-07-09,0.2732124084618723,0.28983612075019516,0.6408812911848792,0.5867791755499109,0.08590630035324837,0.0020375273072453233,0.0009770964624761355,0.00132207921986381,2.6051102219438294,17
2022-07-10,0.23681283005107662,0.3126338369706047,0.620180064192368,0.6004281555405743,0.14300710575655534,0.002184359486526356,0.00122687993287364,0.0011774851992499237,1.504033565058963,17
2022-07-11,0.26091306362785716,0.31415254306987594,0.5377739562076094,0.5958342480354274,0.20131298016453342,0.0018360819648476313,0.00143411572137487,0.0010054880604078863,1.2139127643834815,17
2022-07-12,0.2747007739266298,0.2520777850333419,0.5551803959566471,0.6098178928771506,0.17011883011672307,0.007468801302540794,0.0013024457745884725,0.0010869031820597978,1.564363291262449,17
2022-07-13,0.233493956206963,0.196358457984397,0.5825772413272614,0.5957862867443613,0.1839288024657756,0.012745104830507626,0.001388110705513002,0.0010648118443002193,1.3988730986688576,17
2022-07-14,0.1706389784012595,0.20359101152446754,0.6369560637713757,0.6342816760111342,0.192404957827365,0.03184134909006389,0.0014699791215051078,0.001066182792289825,2.216413388674432,17
2022-07-15,0.22800420598919516,0.19150612739330933,0.5981427942996033,0.5859336718386048,0.1738529997112017,0.010943827989370545,0.0013533322570147572,0.0010950612011725526,2.5219430600823385,17
2022-07-16,0.19106041179336547,0.29670906858739304,0.6539446850076349,0.6474936714071279,0.15499490319899947,0.015348778210758286,0.0013090284666382665,0.0011622764501477503,2.3238868624465314,17
2022-07-17,0.18646034476217416,0.23242134434570372,0.6334746569030519,0.6189219099378185,0.18006499833477385,0.013272405328107756,0.0014098065264947965,0.0010942689251957586,2.1786418632124644,17
2022-07-18,0.1428449678370862,0.0,0.5426057894761884,0.6505487946966979,0.31454924268672546,0.0032223319482315087,0.00196502807932847,0.0007369817044052829,0.49229265301759806,17
2022-07-19,0.2397811255167271,0.17194424257357407,0.6600799247102193,0.621610744965186,0.10013894977305367,0.03660727293464547,0.0010583492782403206,0.0012957199993654457,1.1685164330103484,17
2022-07-20,0.18203976614759082,0.11844769099876507,0.6268428582979942,0.6046467582570456,0.1911173755544149,0.06640284766122455,0.0014560981322552717,0.0010652381569468366,2.800818215977026,17
2022-07-21,0.16930103141274133,0.1285833111162122,0.7202277330627699,0.5943564268755053,0.11047123552448876,0.04439038737009025,0.0011533588995738325,0.0012949511432654294,2.763364867183911,17
2022-07-22,0.18341297396810383,0.16519431520073816,0.6840513687212069,0.5978200988053981,0.13253565731068923,0.023472869003569367,0.0012279127203471934,0.001227879021847074,2.133256686412635,17
2022-07-23,0.14222479032613136,0.2620549371995425,0.6437757924089209,0.6451560135635718,0.21399941726494776,0.021119313256650365,0.0015758422935049927,0.0010173222406750385,2.50747465497641,17
2022-07-24,0.22065851149333265,0.24616974595582378,0.6232010361106208,0.6065823678284517,0.1561404523960467,0.007435917369089512,0.0012903926805546545,0.001147321322944327,2.8347047297432075,17
2022-07-25,0.23148857171830772,0.20876706213270219,0.6620891965653231,0.5699145443033782,0.10642223171636919,0.005381548634077193,0.0010891784739173224,0.001281513093809465,0.7764292585613223,17
2022-07-26,0.23492981653050066,0.15499434118928776,0.5933337903938298,0.5853375057290543,0.17173639307566946,0.02173438684695636,0.0013397269291478197,0.0010982046197128524,2.2588193898204785,17
2022-07-27,0.1800286266718307,0.2505625002286958,0.6716197312323866,0.6295979620725358,0.14835164209578272,0.058552093732896236,0.0013859170676390096,0.0006782712523212366,-0.20524590831269784,18
2022-07-28,0.0780329994689627,0.17768741504758817,0.7571223857019652,0.6849599125485863,0.16484461482907214,0.18398760287945476,0.0015398904113929485,0.0005649777147218496,1.6271330861789537,18
2022-07-29,0.11180798006821889,0.201647993729636,0.7005880705767511,0.668602473320558,0.18760394935503005,0.12395707603912902,0.0016035388805891214,0.0005499228777913777,2.6903412616919313,18
2022-07-30,0.20647377528043542,0.24609799611900526,0.6893341673121435,0.6274950678464666,0.10419205740742121,0.06271419660081912,0.0011839606145795133,0.0007819421155207169,2.377538396562843,18
2022-07-31,0.1778671999098777,0.23704961159995913,0.6806487947547036,0.6404482824207586,0.14148400533541877,0.07162023017284949,0.0013598614557368534,0.0006893148230597903,2.468326170657051,18
2022-08-01,0.19575800676830238,0.23990384926072936,0.6841692656596559,0.6342550619158664,0.12007272757204204,0.06875477485582471,0.00125761895000541,0.0007436840447580275,2.8783754387468212,18
2022-08-02,0.2025605084219944,0.24269035024840405,0.7031600060254868,0.6356472415873813,0.09427948555251871,0.06581890623383596,0.0011470261213090084,0.0007972397377573072,2.423462652214531,18
2022-08-03,0.21228322439570876,0.2474575237474087,0.6677544333442192,0.6252833975205938,0.11996234226007196,0.06148249764545032,0.0012430752323595072,0.0007572675264596658,2.579798746874746,18
2022-08-04,0.2159106257121945,0.24716170687182176,0.68270204886308,0.6249159081340078,0.10138732542472556,0.06176414239655594,0.001164515838046387,0.0007948064165175837,2.676416981544702,18
2022-08-05,0.20544992639983978,0.28919765252385665,0.657329397292574,0.6027447786946953,0.13722067630758628,0.03359684873408735,0.0013190170861020437,0.0007195861042498999,1.9213078603668108,18
2022-08-06,0.37521657682681053,0.31844515235818843,0.5459243398932397,0.48973892529285007,0.07885908327994974,0.023027601723088747,0.0009370667319828722,0.0009657378104678307,2.596696945050571,18
2022-08-07,0.40173461505380526,0.5415877722171076,0.435936037823678,0.4433526017781799,0.16232934712251684,0.0,0.0012535967860317992,0.0008317131892198386,3.0645694021369727,18
2022-08-08,0.6047681025872618,0.7103026070309697,0.2899779214748337,0.33810191514935056,0.10525397593790468,0.0,0.0008484249047324826,0.0011023997533368309,1.2698943373351685,18
2022-08-09,0.3849840740782292,0.6150401245821558,0.33353436793670926,0.3956375444162082,0.2814815579850615,0.0,0.0017519386729848547,0.0005961909539508584,1.5228353483983348,18
2022-08-10,0.4992396547836226,0.5716908868463957,0.28733835174419925,0.4256204665545079,0.21342199347217816,0.0,0.0013780024183901271,0.0008154699476047168,1.245881437465783,18
2022-08-11,0.44721538914044634,0.49345801897342995,0.32276592441253543,0.46741970145079503,0.23001868644701823,0.0,0.001489807185343428,0.0007424370912877589,3.215925347494488,18
2022-08-12,0.4890402642983754,0.5068986466549655,0.4626066355809301,0.46455065769634235,0.04835310012069453,0.0,0.0007159593519552219,0.0011147107066249112,2.162912371307531,18
2022-08-13,0.37762734502070755,0.49657245778272185,0.46852015056497864,0.4693841498000883,0.153852504414314,0.0,0.0012397214913433894,0.0008279883864901034,3.1564822320234427,18
2022-08-14,0.4513825375579493,0.49895235746249256,0.474305079476506,0.46939779513161584,0.07431238296554452,0.0,0.0008535939320968544,0.001035867117244894,3.0984830150377016,18
2022-08-15,0.4659584943181889,0.5128254077502826,0.4688047349326334,0.4538098204451137,0.06523677074917764,0.0,0.0008042732149277814,0.0010645734099194535,2.7606809766394145,18
2022-08-16,0.4596349455620839,0.5534996215397334,0.4324526231451792,0.4363014346618183,0.10791243129273685,0.0,0.000983088435098865,0.0009799561379459623,2.785206236427946,18
2022-08-17,0.46699856026713,0.552385566999403,0.42753119745526325,0.43744081706876903,0.1054702422776067,0.0,0.0009668809542926492,0.000990466707403908,1.6747828896563015,18
2022-08-18,0.37739108405585825,0.5217599014516386,0.40872418475043343,0.45440431146135585,0.2138847311937083,0.0,0.0014838167009173047,0.0007159664527381304,2.953995525561856,18
2022-08-19,0.5311244629164292,0.5845971962193357,0.3895741353531794,0.41640553441942024,0.07930140173039137,0.0,0.0008058116328844158,0.0010911277595125766,-1.803414327795505,18
2022-08-20,0.011206669861406032,0.2071221190428939,0.8689472680255852,0.6648652739376163,0.11984606211300883,0.11369833511932803,0.0014140878104179216,0.0005947043028861559,2.4517307963228974,18
2022-08-21,0.17014056381038495,0.22509667557394072,0.6667449569738112,0.6485173920734856,0.16311447921580388,0.08604851525753973,0.0014543207308171143,0.0006427655922421302,2.234831151323208,18
2022-08-22,0.18571685408986804,0.2239105914162376,0.6864316689596907,0.6443368637367485,0.12785147695044147,0.08782634444213874,0.0012977849795074976,0.0007210647177241845,2.457973674745996,18
2022-08-23,0.17574136379649083,0.22247409327939388,0.696640515688171,0.6510353921483492,0.12761812051533805,0.08958626550765038,0.0013053450719717574,0.0007134238499922074,2.6312170763538285,18
2022-08-24,0.17343723178760195,0.21874391111060548,0.7095172720909726,0.6551546551700586,0.11704549612142542,0.09484124136021024,0.0012643587087384598,0.0007312537087081231,2.7422911284027967,18
2022-08-25,0.2267422427586246,0.2312508639691816,0.6920661826363697,0.6265354573752685,0.08119157460500577,0.07868671199204294,0.0010732227813270944,0.0008411965933952316,2.849277331924471,18
2022-08-26,0.2364553955524188,0.23334647852275592,0.6963845827987437,0.6206406354051395,0.06716002164883757,0.07627374648835968,0.0010079255338381545,0.0008751983882156644,0.18900853849146193,18
2022-08-27,0.1032228410615827,0.16989135715073267,0.7168403506748309,0.6969015504129492,0.17993680826358666,0.20843269904984746,0.0015797157268278323,0.0005572555380611941,2.4661799012794594,18
2022-08-28,0.16371097952287253,0.18148404910484842,0.7166509496615109,0.6808146692114462,0.11963807081561664,0.17290798728750995,0.0012831867900318635,0.0007185503408109243,2.1848743593594264,18
2022-08-29,0.09647405651674569,0.16419106747318568,0.7110826605850122,0.6960098968057419,0.19244328289824206,0.22826176239155604,0.0016362694026095027,0.0005284945055809192,1.9341248012008243,18
2022-08-30,0.39406835577437227,0.3812898866352926,0.45166768976879956,0.5262789493273062,0.15426395445682817,0.0,0.001227367521745784,0.0008405316013897448,1.7633296203675057,18
2022-08-31,0.35552660259019564,0.35811268078816477,0.4829627819140827,0.5534101069113996,0.1615106154957216,0.0,0.0012896884660072048,0.0007958310502153949,2.84002162594346,18
2022-09-01,0.2800422323238203,0.3306222418265455,0.5856589184274765,0.5314240811748627,0.1342988492487032,0.0,0.0012435226492769616,0.0007854145866798722,3.00493379262242,18
2022-09-02,0.33103499371880335,0.366964045523868,0.5783805204706356,0.5507594739130707,0.09058448581056118,0.0,0.0010224091068587512,0.0009081283858554241,2.7868873338036146,18
2022-09-03,0.25039586051116,0.3395688750302032,0.5820471192285174,0.5312283146885155,0.1675570202603227,0.0,0.0014039240053806746,0.0006994598326838373,2.712069611930956,18
2022-09-04,0.32452847286663133,0.3661956119499887,0.554112358291822,0.5514675683956056,0.12135916884154671,0.0,0.0011530009190062343,0.0008455326543592157,2.9374162412744322,18
2022-09-05,0.3325744031265404,0.36842112923545606,0.5783352384033519,0.5497073553483449,0.08909035847010784,0.0,0.0010150246833230266,0.0009121579278897983,2.760662374072296,18
2022-09-06,0.44858657072531466,0.6261633246305122,0.36841214240399917,0.38786891823934416,0.18300128687068606,0.0,0.0012976167754412884,0.0008311331983309807,0.7315332393072181,18
2022-09-07,0.5376015287532587,0.45139378028527516,0.301793039156765,0.49788957236580716,0.16060543208997638,0.0,0.0011306736180150528,0.0009449144923896677,1.646866698555165,18
2022-09-08,0.4304064682016134,0.4450899754155409,0.43143889116291745,0.4990648616050134,0.1381546406354692,0.0,0.0011309123006367173,0.0008999579528516435,3.2281682744326785,18
2022-09-09,0.44456524825650323,0.4892562760383472,0.48700415133584163,0.4749941625103859,0.06843060040765528,0.0,0.000835510117186406,0.001041305081041527,-1.7799394710870962,18
2022-09-10,0.024345416321634384,0.20038648657864902,0.8356963088840554,0.6695879311415084,0.13995827479431006,0.1264846412744994,0.0014845805037828476,0.000567874750910042,2.363951777656891,18
2022-09-11,0.13880244124527452,0.20174197334059693,0.6878076173857469,0.6694116727030368,0.1733899413689787,0.12398767730769818,0.0015227845870966223,0.0005982544958706659,2.7722743742659954,18
2022-09-12,0.17759029061304027,0.20711478417583745,0.7252563541357997,0.6620779105213059,0.09715335525116006,0.11410588649411231,0.0011800018008182838,0.0007716717369305036,1.9228169623887919,18
2022-09-13,0.12085127089753932,0.18983826716240193,0.6931024603308099,0.6787220708014953,0.18604626877165067,0.1500445517519178,0.0015895010749929514,0.000560145513759696,-0.9316766080987142,18
2022-09-14,0.0018889098165357754,2.6170528113636175e-127,0.3815412460001778,0.6875194576905571,0.6165698441832863,0.6409599048532939,0.0034388807339173688,-0.0003381577054769347,2.1396697250794876,18
2022-09-15,0.11296726759964072,1.5788456668937114e-17,0.6546117043470348,0.7142641298781569,0.23242102805332462,0.41532805118011096,0.0017845854538058612,0.0004673741452045323,1.9188775208154787,18
2022-09-16,0.03702451758394265,4.0082237786908246e-109,0.6657060686327879,0.7295930174741493,0.2972694137832695,0.6084865742693035,0.002112679903649435,0.0002850929067228713,2.4815421218858473,18
2022-09-17,0.1185808704594721,1.3368465443279246e-08,0.6106523862860904,0.7242553928572718,0.27076674325443767,0.3878660880258236,0.0019355395054481686,0.00040048650652988106,2.194344307366228,18
2022-09-18,0.09556837681744282,3.932919926857921e-21,0.6435340741626655,0.7366755803211826,0.2608975490198917,0.41201240429562824,0.0019150730408317872,0.00040024170445160904,1.7102906245966696,18
2022-09-19,0.10212500991993344,3.469224831043419e-33,0.6966473796325146,0.7404979035462611,0.20122761044755222,0.44371780120793647,0.0016671315163200025,0.0005167053559699184,2.6293778754670676,18
2022-09-20,0.16157736708659506,0.19816880012047342,0.7229567030930367,0.6706980685963543,0.11546592982036812,0.13157619073610033,0.0012680571389187408,0.0007245951404153333,1.651435025531115,18
2022-09-21,0.14662386898031976,0.18748399564986903,0.6975137009634357,0.6792635832996236,0.15586243005624453,0.15650608930668278,0.0014449157754367506,0.0006372372854497742,2.1468831637165393,18
2022-09-22,0.13705299860928655,0.18134444453023765,0.7068292393461334,0.6862110323839716,0.15611776204458008,0.172847266557575,0.0014541146846021628,0.000629013624101681,1.2573489610148014,18
2022-09-23,0.1017218558125595,0.16441481179857648,0.7156205328674748,0.7018094221927532,0.18265761131996566,0.2281539724161601,0.0015920471543896765,0.0005509719965413264,2.622064181943026,18
2022-09-24,0.29392737884138653,0.35904071639805635,0.5362713823570359,0.5559542667489155,0.16980123880157763,0.0,0.0013759132299532978,0.0007305197786702122,1.9356279052036127,18
2022-09-25,0.3182508049111533,0.34632647647654297,0.4968495582078859,0.5642612574067399,0.18489963688096062,0.0,0.0014165052825213698,0.0007220846443171994,2.787336120062685,18
2022-09-26,0.33096744948588874,0.3654138676396707,0.5612457711680859,0.5499023068100782,0.10778677934602532,0.0,0.001092362405759146,0.0008760285174897851,2.047933467147803,18
2022-09-27,0.328811212622664,0.3651673706189547,0.52038299902355,0.5455276737576941,0.15080578835378605,0.0,0.0012689858564921416,0.0007941452532362631,2.925018501844721,18
2022-09-28,0.3398013310820575,0.3687060062646365,0.5733208306262266,0.5497037644948406,0.08687783829171608,0.0,0.0009998684605497532,0.0009221300065342291,2.2794174361266517,18
2022-09-29,0.2900562529383996,0.40153765849301365,0.5234329556312117,0.5278480132383827,0.18651079143038873,0.0,0.0014470973545617344,0.000696258652138657,2.9927559808613386,18
2022-09-30,0.4572086030863656,0.44030522739117095,0.49487178750124555,0.4556188189138191,0.047919609412388854,0.0,0.0007413667654766753,0.0010897491782750376,3.0651455322738004,18
2022-10-01,0.5382592203907963,0.5271454152311442,0.43155570735153004,0.3529281058560856,0.03018507225767369,0.0,0.0006001086803212048,0.0011883996998597848,3.0770564488845777,18
2022-10-02,0.4571832611383702,0.5100653600003737,0.4783805920645854,0.4593413376453557,0.06443614679704449,0.0,0.000808508945045502,0.001058960931113714,2.220887866335261,18
2022-10-03,0.42386505490484516,0.6925015798505592,0.3173732382662562,0.34454818637688245,0.2587617068288988,0.0,0.001626489877515206,0.0006699902626648207,1.3463153264682743,18
2022-10-04,0.5127120978101017,0.5875280548514172,0.2743699987178281,0.4162430024013548,0.2129179034720701,0.0,0.0013644614217688436,0.0008273154916743836,1.0877811762292542,18
2022-10-05,0.5325813361574391,0.5249436398672179,0.2921926606664198,0.4524713831886536,0.1752260031761412,0.0,0.0011943648137044598,0.0009136145952067724,2.786526713734757,18
2022-10-06,0.5351962413211517,0.5409306413400911,0.4220676143636024,0.4177517406870274,0.04273614431524578,0.0,0.0006537336363466456,0.001162539402195371,2.7409135418357207,18
2022-10-07,0.5413949856517057,0.5762521779723896,0.40263043502072987,0.37992466378109846,0.05597457932756458,0.0,0.0007022450860959335,0.001142896404971422,1.710184954665201,18
2022-10-08,0.4598314411476696,0.538312316029517,0.40285083368072305,0.41639368594428544,0.13731772517160717,0.0,0.001102405818802268,0.0009253377353923872,2.9789028724492757,18
2022-10-09,0.47280573626432376,0.5325556078565289,0.4443188786488056,0.4491474759657195,0.08287538508687053,0.0,0.0008701084473418426,0.0010372585510410128,3.289595617964414,18
2022-10-10,0.4836826013801859,0.5374816277251749,0.45097640862897265,0.4463890415497757,0.06534098999084141,0.0,0.0007895696662988424,0.001078727667695043,2.329093542729988,18
2022-10-11,0.3900412361896734,0.520626827631304,0.45076378778061077,0.45634554043939785,0.15919497602971583,0.0,0.0012508374874610807,0.0008280857568427475,2.9250020236244807,18
2022-10-12,0.3898637683174378,0.4860531367375204,0.46119438687666925,0.4227949156198572,0.1489418448058929,0.0,0.0012093308541945953,0.0008470420727228439,3.083260216960608,18
2022-10-13,0.44182964452205586,0.5215151375242512,0.450387982049861,0.44247352360614445,0.10778237342808308,0.0,0.0009977534771903568,0.0009657842835902279,2.7863572897868645,18
2022-10-14,0.534932420767191,0.6283660327531998,0.36389327354915224,0.389240252412874,0.10117430568365646,0.0,0.0008914494280032224,0.00105346465292196,2.645737497779307,18
2022-10-15,0.6478121578920576,0.772349452622156,0.23992102394705495,0.2960808547996726,0.11226681816088754,0.0,0.0008401850683497935,0.0011241818759343148,3.192300352882911,18
2022-10-16,0.7102211561036843,0.7699526638348376,0.2322193820883714,0.29489294772717306,0.05755946180794413,0.0,0.0005645599694556556,0.0012766158240917356,3.15947977493031,18
2022-10-17,0.7306909986825423,0.7809724891448242,0.22474858234032927,0.28990971493829787,0.04456041897712863,0.0,0.0004942452048120437,0.0013174022015094312,2.5939421312649285,18
2022-10-18,0.7025956500034107,0.8056602211934709,0.2054833406583445,0.26935867873397384,0.0919210093382445,0.0,0.0007107314457886657,0.0012064324586446066,2.68361211467922,18
2022-10-19,0.8496478325884589,0.8443648498548728,0.14216471326280972,0.10842709324332508,0.00818745414873144,0.0,0.0002447974902879855,0.0014814598645632136,2.791006184670834,18
2022-10-20,0.7213503280672693,0.7737010856842539,0.23288717203912276,0.2946361101375898,0.04576249989360788,0.0,0.0005071070037947117,0.0013076012509232462,3.301359751771581,18
2022-10-21,0.7342772448023276,0.7961540857599881,0.20912419248472586,0.26961485006967756,0.05659856271294649,0.0,0.000540114606456452,0.0012978802336552314,3.375892245802838,18
2022-10-22,0.765365116581215,0.8054930576033695,0.19947531857218603,0.27223939875547015,0.03515956484659877,0.0,0.00042642377502925745,0.0013629846666085234,3.591710420674227,18
2022-10-23,0.7631743524904362,0.8021329737134627,0.20194143564229336,0.2698661445389181,0.03488421186727036,0.0,0.00042717528233319037,0.0013617240915775603,2.1380159583277,18
2022-10-24,0.6634084306057039,0.7780327867509489,0.23563079793238936,0.2928350687179956,0.1009607714619068,0.0,0.0007809235283815337,0.0011578691082062662,2.616117671586718,18
2022-10-25,0.6598506081064264,0.7637771708445901,0.23848578442948115,0.2941638450276122,0.10166360746409264,0.0,0.0007868169502714465,0.001153679629096668,0.6798999579731302,18
2022-10-26,0.44769870102640685,0.7142689547340134,0.40313515902725283,0.5773539208379649,0.14916613994634026,2.5958968841381677e-07,0.0012859413551455285,0.0008053059347979965,1.3359141930292648,19
2022-10-27,0.4985418688965061,0.5961257286870835,0.35826468782929294,0.44331217360661457,0.14319344327420086,1.4502115331837802e-06,0.0012126020007245477,0.0008087613831750962,1.5722181741895995,19
2022-10-28,0.3590709313843121,0.594110739707033,0.4934063222061848,0.643677173023614,0.14752274640950316,8.259418477314528e-06,0.0013602100207502784,0.0008333083599880789,2.4381894265087194,19
2022-10-29,0.408827320051782,0.5821801319058995,0.4756648001399848,0.6232780168220411,0.11550787980823313,8.925424374779099e-06,0.0011721262247328358,0.000910557065152479,2.8565666901167455,19
2022-10-30,0.4577174108471074,0.5857125027141702,0.45134336781322426,0.6360699440760548,0.09093922133966828,9.29420239197817e-06,0.0010179268037106325,0.0009670164354701281,2.8161398982726658,19
2022-10-31,0.4592543750518302,0.5805344432616761,0.45369185779872123,0.6270507768236774,0.08705376714944874,9.577288437341252e-06,0.000999241246367606,0.0009775783688803184,2.9751352198478154,19
2022-11-01,0.458531408166114,0.5857959315202428,0.44047407883089756,0.6920090803385612,0.10099451300298866,1.5007764328455383e-05,0.0010618729175241282,0.0009384197338244339,3.1327624051644305,19
2022-11-02,0.48983261297181535,0.5834846859847796,0.4346854977968282,0.6387002492291316,0.07548188923135635,9.999992272440864e-06,0.0009196612245795804,0.0010021802723333925,2.2764234399015835,19
2022-11-03,0.647168281579264,0.4865604391784544,0.31559701722769623,0.14149631043904998,0.03723470119303959,7.818482727466764e-07,0.0006048441386169747,0.0010686606485225383,3.3331248602463805,19
2022-11-04,0.5364857105221826,0.5991230082100704,0.3978782257799743,0.6555688636048386,0.065636063697843,8.175987426947942e-06,0.0008329594423365752,0.0010176726074264137,0.7610401263408874,19
2022-11-05,0.12349773165440495,0.09945427574911199,0.7567783768925633,0.8609220744786552,0.11972389145303165,0.0006953133244958832,0.0014534623076178632,0.0009738746182599952,2.644905185928913,19
2022-11-06,0.3346367936404141,0.6318392429571761,0.5121067861906432,0.6279711620477447,0.1532564201689426,3.030646604103955e-06,0.0014081807320414637,0.0008235657133953645,2.2853175990545935,19
2022-11-07,0.41562411741693533,0.6621885061498249,0.45032262792365135,0.6110552243278591,0.13405325465941323,1.2754027946245113e-06,0.001248296728043983,0.0008564190438647887,2.127586685593193,19
2022-11-08,0.45717773741192247,0.6484640329408387,0.4206862644628166,0.5428800753806091,0.12213599812526103,1.0359588320130374e-06,0.0011570863247659594,0.000879102519055389,-1.307432799360522,19
2022-11-09,0.8006771354196186,0.20710348846010518,0.1601119694730267,0.6071185843168566,0.039210895107354746,0.026037168292828053,0.00047235936102035217,0.0010226151117558092,-3.8936494345858166,19
2022-11-10,0.019184527206692295,0.05749510363745043,0.2464109242141291,0.6193985815131227,0.7344045485791785,0.734554636867454,0.00427884442574209,-0.0007336274630679609,0.3073401459663571,19
2022-11-11,0.009039630007893446,0.038067386033488824,0.14681941424836523,0.5349710044373771,0.8441409557437414,0.8511422752684462,0.004774823717772581,-0.0010406956473066587,1.608551343008586,19
2022-11-12,0.08521160464601395,0.0340542329452193,0.18521681376888738,0.4372285926602675,0.7295715815850988,0.8642125990196958,0.004196583324028844,-0.0007373917560933612,2.104893456863138,19
2022-11-13,0.07840618432430854,0.03887717393392286,0.47149867304658016,0.5922504233533499,0.4500951426291115,0.8546103334651569,0.0029626355799215764,5.3253908800716715e-05,1.842464957853989,19
2022-11-14,0.0722167500807807,0.04417875793291193,0.5184279432140013,0.7212202528743905,0.4093553067052179,0.846495716640869,0.0027874415746265463,0.00016987801949125533,2.1244737653552597,19
2022-11-15,0.06360444732732878,0.048163839619779006,0.6161681083223947,0.7464897775241749,0.32022744435027667,0.8305954187006045,0.0023995319088250455,0.0004237211327145763,2.3040646611961253,19
2022-11-16,0.07460344339014245,0.047357448877580886,0.6674090942320456,0.7386605384793995,0.2579874623778118,0.8329667105529501,0.0021129087407434533,0.0005965005068105571,2.3385285266812126,19
2022-11-17,0.1658720411850872,0.04104192288038635,0.6027528622283951,0.6208982948568106,0.23137509658651764,0.8457776934263966,0.001910655512600466,0.0006475567671526711,2.70149099515698,19
2022-11-18,0.22002270797641538,0.03595958477993499,0.6396194366667425,0.4551862083167988,0.14035785535684214,0.8534350839451297,0.0014563417918060685,0.0008901874741726285,2.8179212486110528,19
2022-11-19,0.04487368831095249,0.08974863283199892,0.7847873087375767,0.8800583886268666,0.17033900295147064,0.6397985166384416,0.0017507934710130795,0.0008517347660947478,2.510636004341756,19
2022-11-20,0.17073379398072758,0.2243764720094009,0.675067573853551,0.7029727542651818,0.1541986321657213,0.044332489298067726,0.001563221010214584,0.0008641138146050665,1.888544057996275,19
2022-11-21,0.2973158888192963,0.6300669391610579,0.5196690157600824,0.597771134252416,0.18301509542062147,2.464773604375984e-06,0.0015747790637089534,0.0007494071424280655,1.6514408293314453,19
2022-11-22,0.37028520986019997,0.6672152121099318,0.46089776911336267,0.5717887360541859,0.1688170210264372,8.378525827133492e-07,0.0014445222001052305,0.0007702467575235444,1.8641381179573435,19
2022-11-23,0.3513702581768551,0.6269396371866103,0.4945160742261061,0.6344608262224007,0.15411366759703887,3.585301851273704e-06,0.0013965891834836863,0.0008167348190413493,1.9036213293022206,19
2022-11-24,0.5635699022339005,0.5973070139189911,0.3223210469730944,0.35657633232300345,0.11410905079300514,7.102223186898601e-07,0.0010234911969282674,0.0008737126539660286,3.242129230819935,19
2022-11-25,0.5968067032751163,0.6662597399568753,0.3400168853934487,0.6119587026204899,0.06317641133143508,1.1596497970475348e-06,0.0007665128245387354,0.0010087136043760523,3.2043854856620766,19
2022-11-26,0.5946985178612129,0.680615785081563,0.33083441680240244,0.6332442201784022,0.0744670653363847,9.15736317411455e-07,0.0008186419325015845,0.0009774002992268879,3.1700181386519004,19
2022-11-27,0.6074811062316947,0.691004188946448,0.32345481482954275,0.6123213350835431,0.06906407893876253,6.102426645428734e-07,0.0007828611251994824,0.0009892810907904258,3.28385533194639,19
2022-11-28,0.6175317610005122,0.6910145728195287,0.31813101080956147,0.6078340555141795,0.06433722818992646,5.931750333765815e-07,0.0007525997931154065,0.0009999736021266163,2.546495674427146,19
2022-11-29,0.5507447097551215,0.6733690856442344,0.36914041904313083,0.5848862334816788,0.08011487120174762,7.959861967481756e-07,0.0008841979447151276,0.0009730457379511583,2.6696398550991147,19
2022-11-30,0.518097033789733,0.6587764984250611,0.38848532262340874,0.6364755776656214,0.09341764358685799,1.6638266884669766e-06,0.0009733747608232863,0.0009441037415812428,0.8973763844687727,19
2022-12-01,0.30328044420348066,0.56881593378862,0.5216984272464072,0.6294612508806041,0.17502112855011218,1.2608771163876985e-05,0.0015337650830974962,0.0007703985972971031,2.467808399882675,19
2022-12-02,0.4196074798155187,0.6211061838734675,0.458332863353948,0.6273325436299334,0.12205965683053302,3.87584612642535e-06,0.0011913250744437925,0.0008892221536218409,2.9903418504565007,19
2022-12-03,0.5378232752740335,0.6667113617427,0.3764372006636842,0.6116404745407332,0.08573952406228218,1.143929471238352e-06,0.0009210914548189418,0.0009605758716587963,2.7836416478997448,19
2022-12-04,0.5806297659459305,0.7098774110933731,0.33785384494987447,0.5805082441160526,0.08151638910419508,2.98877532358866e-07,0.0008629241171544866,0.0009612116016829407,2.7674402390183954,19
2022-12-05,0.5774176166618676,0.6946282327407469,0.34369037891751786,0.5959378239912493,0.07889200442061434,4.986633365576134e-07,0.0008542148625893415,0.0009694659801570702,2.8772975160266583,19
2022-12-06,0.5786179444301637,0.688186896946602,0.3437109575456518,0.6080599050728361,0.07767109802418465,6.40656892993992e-07,0.0008476831952317624,0.0009725956902292849,3.1642320953640626,19
2022-12-07,0.5989520939110387,0.6863840723838116,0.32995093092437305,0.6162908026858571,0.0710969751645886,7.083353598057808e-07,0.0007997469157832202,0.0009857914188175045,2.591841644380736,19
2022-12-08,0.5457786875638794,0.6708488027418235,0.37191537436377164,0.5974207700375262,0.08230593807234919,9.298532701377718e-07,0.0008985076326150869,0.0009681703484383186,1.9302485508473688,19
2022-12-09,0.4086131396829951,0.6448888574797387,0.4608969348293852,0.616992697924786,0.1304899254876197,2.035570843675548e-06,0.001238912414782617,0.0008683251271224635,2.9370689360977598,19
2022-12-10,0.5449613570823286,0.6522963484762027,0.37972801766045,0.5451916228420473,0.0753106252572216,9.665008835457329e-07,0.0008681650191805829,0.000988130816646093,3.2242701243639154,19
2022-12-11,0.7325919139511964,0.8415841919680778,0.1956641134522452,0.5281836443446456,0.07174397259655835,2.068733503167856e-09,0.000679632337430423,0.0009487354911600712,3.373034738233383,19
2022-12-12,0.8033902963880007,0.8536405092511243,0.13673876307569682,0.5438120438522839,0.059870940536302236,9.561580495438233e-10,0.0005616999855396598,0.0009635847257563575,3.369095663398578,19
2022-12-13,0.8280338174390551,0.8606183778169564,0.127243237734151,0.5045748899283843,0.04472294482679378,7.355546553653654e-10,0.00047168587458059854,0.00099984508918416,0.4271662985877689,19
2022-12-14,0.6464317585554314,0.7361918174726761,0.25476480605791724,0.3106462850678658,0.09880343538665122,2.101450281798269e-08,0.0008792019422456589,0.0008950705809871698,3.3214029045537754,19
2022-12-15,0.7223518469689378,0.7739050510817932,0.23336435042842893,0.5040640735565151,0.0442838026026331,2.852888771389914e-08,0.0005669916523708009,0.0010289441632186328,1.1604961612616214,19
2022-12-16,0.39475386872725066,0.7141219465376736,0.45429039966157897,0.608530529694368,0.15095573161117037,3.1225865419050963e-07,0.0013426247826166789,0.0008142117744112425,1.0400817870460646,19
2022-12-17,0.4607948754920559,0.5459427776543272,0.3910300314714303,0.5177261683424903,0.14817509303651388,7.404112447284035e-06,0.001269483325453116,0.0008046508965744673,2.863413923391286,19
2022-12-18,0.48931710007967477,0.5623388277589736,0.4424026848327318,0.5784709134062932,0.06828021508759341,9.006240078597552e-06,0.0008881221488478322,0.0010226436528897969,3.1784076395505023,19
2022-12-19,0.5125901601588337,0.6073400574950489,0.4151495820828393,0.6200974346515391,0.0722602577583269,4.98453375205165e-06,0.0008843966757418777,0.0010052743929157336,1.8858059177314472,19
2022-12-20,0.3467152222836879,0.5766108807716909,0.5139342544746969,0.6270976157834343,0.13935052324161534,1.0429908858137832e-05,0.0013352617221757748,0.0008596324925509193,1.7230817250988757,19
2022-12-21,0.28030363646097434,0.5238809146582744,0.551227428967628,0.6476179851735321,0.16846893457139767,3.889826142527685e-05,0.0015257953061504454,0.0007949499277401105,2.7697253985279318,19
2022-12-22,0.389067284224875,0.5226685261630468,0.5074236107792972,0.6526909896905857,0.10350910499582776,4.2055030607161164e-05,0.0011369796328579815,0.0009496339475104183,3.060749974047504,19
2022-12-23,0.4177596614770513,0.528841804867214,0.4923356295819517,0.6799726903025207,0.08990470894099709,4.9145243315942784e-05,0.0010501018377326245,0.0009804699918259843,3.067624703645185,19
2022-12-24,0.4742698629979122,0.5998623234512882,0.43401504490690707,0.661779233292175,0.09171509209518072,8.469217275766745e-06,0.001006142085106788,0.0009604629532490549,3.141105065564542,19
2022-12-25,0.5067030407455636,0.5937470604766697,0.42441451636279703,0.6065246217355599,0.06888244289163943,5.9657512147080975e-06,0.0008747992140987101,0.0010163605745383034,3.1875328288935325,19
2022-12-26,0.5493601112050728,0.65187610689679,0.3735641441410974,0.6278963242107654,0.07707574465382999,1.8644014429807943e-06,0.0008719630155094546,0.000981988995774663,3.2223547045724135,19
2022-12-27,0.7195384013004594,0.827926997955246,0.2064526476135445,0.5473286769538485,0.07400895108599613,4.061652336969417e-09,0.0007017134389206423,0.00094578347714771,2.850260958197523,19
2022-12-28,0.7351198614935966,0.8191723723215183,0.18720087690003961,0.5869006144886708,0.07767926160636375,5.452713388404738e-09,0.0007036874255497833,0.0009313161041315672,2.942773365179872,19
2022-12-29,0.73412584558862,0.8046313805481349,0.18439583665109555,0.6101159825171494,0.08147831776028422,9.712711030510752e-09,0.0007214882905746933,0.0009208549079408537,3.3193324150538195,19
2022-12-30,0.8161447931663913,0.8627613163817929,0.1338348821372903,0.5061501076730992,0.05002032469631835,6.42997938581053e-10,0.0005061751471581523,0.000988026824593563,3.4313717280699776,19
2022-12-31,0.9050206484355714,0.9369658434502086,0.04137967045329119,0.43227185600752327,0.05359968111113751,7.313761819248699e-14,0.0004402921334627082,0.0009544945410226092,3.423036814572513,19
2023-01-01,0.8944364245212156,0.9047865138654317,0.0239280323488022,0.5139893707722343,0.08163554312998211,7.405068919313197e-14,0.00057464541939638,0.0008781505517988545,3.46329644377746,19
2023-01-02,0.8879042922542456,0.8928474781381556,0.021612958238806847,0.5363146865912629,0.09048274950694754,1.4368854607740014e-13,0.0006199784454392693,0.0008549003615220753,3.458672828882067,19
2023-01-03,0.9170060093417535,0.9212885703154143,0.023980530919198943,0.48137804717468397,0.059013459739047314,1.6045909953458703e-13,0.0004533254468130999,0.0009360540383054502,3.528502947202173,19
2023-01-04,0.9303879471639356,0.9351223476603123,0.024189895841690696,0.43814256482114455,0.045422156994373804,1.0466075136572897e-13,0.00038059707713973697,0.0009708892153015939,3.1698651730035325,19
2023-01-05,0.8891734391456706,0.8964776634269825,0.03301825158426309,0.5379139060479243,0.07780830927006628,1.30633968351572e-12,0.000562478867469427,0.0008903407335415016,3.4990501293667533,19
2023-01-06,0.9222403989509782,0.9289081191022308,0.03484428360499524,0.4486468471402917,0.04291531744402648,7.121607114302527e-13,0.00037695224374048044,0.0009801128646298642,3.3585165889561153,19
2023-01-07,0.9255892042216559,0.934001001716353,0.031173069344959184,0.4368214414015697,0.04323772643338489,2.7066201330326e-13,0.0003753034544184976,0.00097832002982881,3.5416887273174216,19
2023-01-08,0.9166945687432236,0.9234552112684864,0.021028105195994583,0.4734150538582887,0.06227732606078178,4.568691080806022e-14,0.0004681194018414303,0.0009269235333446638,3.4051862811917504,19
2023-01-09,0.9171738329052838,0.9218948015239086,0.020844612916869534,0.47832362962177116,0.06198155417784658,6.607478410271609e-14,0.0004663636702820746,0.0009276320384782661,3.3887844466980086,19
2023-01-10,0.9309003591394983,0.935405239189411,0.025568025360316268,0.4355704101045144,0.04353161550018531,1.4325078023225242e-13,0.00037172191819564787,0.0009760903870618099,2.7891201728436616,19
2023-01-11,0.9074219585479292,0.9175116770420736,0.0467065280232822,0.4731281009479127,0.04587151342878861,3.560979203775307e-12,0.0004037303270003707,0.0009756750812492093,1.6337932040800425,19
2023-01-12,0.8250818201741085,0.873599750717409,0.12410191612944596,0.49801338012075147,0.050816263696445645,3.242056040369557e-10,0.0005014884255698516,0.0009834242520842704,-0.5866205504985782,19
2023-01-13,0.45358261503598785,0.5853333190113442,0.41042121979665913,0.6432674989151972,0.13599616516735288,1.0010865188986602e-05,0.001221995640885014,0.0008409284747730962,0.7276464585055517,19
2023-01-14,0.37814496326948643,0.4273898427778731,0.4742485881072522,0.6499195663382347,0.14760644862326155,0.00028560539159055423,0.0013430265565907862,0.0008280438653463337,0.6859748017078509,19
2023-01-15,0.340588166080185,0.32845603532124895,0.5207015656665969,0.7132150453463828,0.1387102682532181,0.005031278325568664,0.0013380553054293347,0.0008630548748915335,2.82924644303084,19
2023-01-16,0.27311284040265615,0.31921369289050966,0.6437902638803172,0.6834972870477877,0.08309689571702673,0.0041270941499194965,0.0011529564877726943,0.0010378171010071236,2.520589875709118,19
2023-01-17,0.24540776458633204,0.3039509334925262,0.6353895740117191,0.6393830675048303,0.1192026614019487,0.003431726455545062,0.0013389494664106513,0.0009432083051490657,2.8681270240363137,19
2023-01-18,0.26806438071568434,0.3027442064003435,0.6395756437911392,0.6340208100988457,0.09235997549317637,0.0033251753844098985,0.0011987802103425843,0.0010130019432211966,2.0052671967309252,19
2023-01-19,0.21098297180330858,0.2971294408529664,0.6284549119281306,0.664650051088081,0.16056211626856093,0.005334368213663772,0.0015544583274587132,0.0008355418497156437,2.3232373553031254,19
2023-01-20,0.18413201878907498,0.3152347194847467,0.6777291059131259,0.7561286817279882,0.13813887529779897,0.012651537278941192,0.0014795112125006926,0.0009059121694462884,0.155968453077024,19
2023-01-21,0.5314611106415454,0.16887353485850082,0.35241335165576054,0.5045691873774225,0.1161255377026939,0.034026916717419274,0.0010620052012959588,0.0008764853263197076,3.1159216651972055,19
2023-01-22,0.2002842198404983,0.21539912079274418,0.7493761108071318,0.7334487580317114,0.05033966935236985,0.0756000436860848,0.0010743465402005725,0.001149476669555333,2.783002580776564,19
2023-01-23,0.1823006549339887,0.26687804112118985,0.7016418149281759,0.7077322849122069,0.11605753013783547,0.017983982008882345,0.001383048149837969,0.000968721866830316,2.64678040047666,19
2023-01-24,0.21981164760322053,0.3344238456543281,0.6541568362580422,0.7056625107682536,0.12603151613873714,0.003985032300654147,0.0013928596209196468,0.0009306807123832669,2.3948843467106977,19
2023-01-25,0.19476471704463305,0.5233516767644786,0.6349701631227446,0.7627732921319771,0.17026511983262235,0.030738961397901714,0.0013195318100755146,0.0011874927000883047,2.1866044052112246,20
2023-01-26,0.15724555630364995,0.49175865166495014,0.6207802200115738,0.7180410240542484,0.2219742236847762,0.039011867987326476,0.0015501250990496694,0.0012232022648438997,2.7232682791731277,20
2023-01-27,0.2528678088141797,0.5111212735078811,0.604826416064862,0.7575219147988719,0.14230577512095838,0.03450080531114414,0.0011697348507124364,0.0011850401559101353,2.9520762768816042,20
2023-01-28,0.28913099244978446,0.494921946168551,0.5737292659151119,0.7006205557097768,0.13713974163510367,0.03664168119863087,0.0011251043179985913,0.001195965316809665,2.9585749756689594,20
2023-01-29,0.3195307280003714,0.5249899805804894,0.5648948371810509,0.7301831395160728,0.11557443481857786,0.028413147371264318,0.0010191379254570223,0.0011876481570406666,1.597221226144093,20
2023-01-30,0.12463317627141132,0.4871115040460253,0.6280963912159845,0.7156070368608157,0.247270432512604,0.040699928514953285,0.0016724001010113303,0.0012343163124036217,1.3656390632818047,20
2023-01-31,0.2943397226221591,0.6665767725548525,0.46319650972456444,0.6565319188515247,0.2424637676532764,0.005227569519931135,0.0015405690176239694,0.0013050852740367196,2.521022313257996,20
2023-02-01,0.38068020085423177,0.6562597290451865,0.4589479288045348,0.6640622213474856,0.16037187034123343,0.005987896455481575,0.0011567104316107396,0.0012603286507099267,1.8427708595478856,20
2023-02-02,0.2314938549166382,0.6187959179256523,0.544520199905143,0.6846878727678323,0.2239859451782189,0.009559677141222953,0.0015088156362168207,0.0012583366677616486,2.6231633385773145,20
2023-02-03,0.32798872682951963,0.6280554661898571,0.5240579196543363,0.7223313902419957,0.14795335351614394,0.009173435833438659,0.0011423102963598391,0.0012242502586768099,2.9993294635169736,20
2023-02-04,0.41684432096965524,0.6406482167025316,0.4804883816963695,0.7249699946048216,0.10266729733397544,0.007968879689535751,0.0009031724981630892,0.0012179357170652287,3.0686583886355674,20
2023-02-05,0.46460460693768785,0.6664090220949347,0.4419699811559635,0.7048929563958567,0.09342541190634848,0.005667886378457576,0.0008346939176780795,0.001229852551820257,2.2238365198945584,20
2023-02-06,0.3035222733680647,0.6388302270638088,0.511510779651307,0.66749791098415,0.18496694698062832,0.0073900877186592814,0.0013057810648275606,0.0012508765680994678,2.695431425612412,20
2023-02-07,0.3679280529641684,0.6405045846815902,0.4910855171538734,0.697057238328638,0.1409864298819583,0.007607135575553327,0.0010880744029208968,0.0012349878802676321,2.0410050956819377,20
2023-02-08,0.23471197738425992,0.6074567697511981,0.5568155341241576,0.6927057250510597,0.20847248849158237,0.011003679497611807,0.0014449739095074028,0.0012440404702820861,2.395736621010498,20
2023-02-09,0.27990134342502804,0.6582266525289401,0.5100244203555867,0.6663899188023327,0.2100742362193853,0.005870735431362219,0.0014213322882825716,0.0012658067899832335,0.8225912200190075,20
2023-02-10,0.3920646057166504,0.6126687116304672,0.41434058638741755,0.6831201315121463,0.1935948078959321,0.010216490035122858,0.0012812907822376636,0.0012990909654232697,2.7561591489328046,20
2023-02-11,0.41782576188677345,0.6073232952120787,0.4490620106049268,0.6262003425530287,0.13311222750829968,0.009911071366318386,0.001023615796153186,0.0012492442505955142,2.8338480007978655,20
2023-02-12,0.4353913771559955,0.6507916858381682,0.4455068288256554,0.6642880919099063,0.11910179401834914,0.006391433038781698,0.0009562234028152183,0.001242867189469454,3.0650812509190724,20
2023-02-13,0.4783101430259458,0.6622001131753463,0.4314666073173541,0.6930770623936534,0.09022324965670014,0.005846049603424245,0.0008128550159298617,0.0012327145047754235,3.2236994486685786,20
2023-02-14,0.5095165795780221,0.6675361420475107,0.4198903716871288,0.7142932345790717,0.07059304873484909,0.005681781551180024,0.0007140504254517886,0.0012267191062058638,2.2702612474371637,20
2023-02-15,0.33354220769130244,0.6405485643654402,0.5165889581971189,0.7015409646813923,0.14986883411157875,0.007660912998899116,0.0011462409686708148,0.0012286678911004921,-0.8388266102997065,20
2023-02-16,0.5905415030549902,0.33207546993168224,0.2319709075471187,0.6727894450078364,0.17748758939789117,0.15981538969595296,0.0010853947729056893,0.001371224937861093,1.512575654475524,20
2023-02-17,0.23303512372680593,0.3281492792914646,0.5800357315370158,0.6997987516507573,0.18692914473617833,0.17373231117757817,0.001360398593645588,0.0012214481569651561,1.56597210885066,20
2023-02-18,0.13186858748162864,0.32285224785423433,0.6252035984213715,0.7432622434278365,0.24292781409699984,0.19756711409006683,0.0016503220185950954,0.0012331379320225184,2.7381533080961225,20
2023-02-19,0.1736314383761451,0.33805075716520566,0.6839206771999528,0.7844168036565933,0.14244788442390216,0.18935900281767443,0.0012229187801315402,0.0011498664099496647,2.568404420799399,20
2023-02-20,0.14671605134796395,0.3875827244544883,0.6825320075364226,0.7618430915553394,0.17075194111561345,0.11624001433116542,0.0013533763959982855,0.001166569714770598,2.3832987975591413,20
2023-02-21,0.11843844822686792,0.35517485684390254,0.6100715734621738,0.656038117712474,0.2714899783109584,0.12734408587609894,0.0017728472625685803,0.0012561137055324438,2.2886280774385197,20
2023-02-22,0.16154094483360687,0.3783532124733025,0.6443453774027419,0.7625620142906515,0.1941136777636512,0.12668706825608061,0.0014364554754098702,0.0011968663190690958,2.580261782898235,20
2023-02-23,0.16542517910488366,0.3781852014739151,0.6732510830365164,0.7688121526032674,0.1613237378585998,0.12851423120269234,0.0013034501162793493,0.0011653487180809218,2.5710903418038047,20
2023-02-24,0.1466752638602929,0.3710475641502195,0.6766568508401082,0.7534525235275257,0.1766678852995989,0.13289673711712668,0.0013769349946023586,0.00117255028630919,1.7804684384622393,20
2023-02-25,0.11186030132994727,0.34978511875630225,0.6363081648680758,0.7279558091562592,0.2518315338019768,0.15259377274903177,0.001699024804672271,0.001233248032915715,2.694614304761977,20
2023-02-26,0.28750324350534484,0.6678472014756893,0.5091056239897913,0.670902736767578,0.20339113250486385,0.005266401562904182,0.0013897017051715784,0.00126241851797834,2.425043916935636,20
2023-02-27,0.3368442168735101,0.686599234816701,0.4757663816786476,0.6626795884940606,0.1873894014478422,0.004124536052905344,0.0012932853707216727,0.0012681854434079308,3.0117359783340385,20
2023-02-28,0.5351193222634681,0.7877131896871253,0.34065453156967374,0.6291366227057206,0.12422614616685805,0.000938444774116714,0.0009103697606273347,0.0012925147755760166,2.343308872569348,20
2023-03-01,0.48149081856059794,0.771709374890814,0.3844763530397378,0.661360379775964,0.1340328283996644,0.0012704769788280245,0.000984993775159038,0.0012785550161381507,2.185326520478296,20
2023-03-02,0.38654646699380535,0.7153365398495466,0.3568042494141909,0.4787093257327259,0.25664928359200356,0.0021753279055170354,0.0015357437092510333,0.0013605684486657772,2.891209629312443,20
2023-03-03,0.5749692203989687,0.7681681187324945,0.3262114231087549,0.6421001678873692,0.09881935649227634,0.00130198429905098,0.0007828492470239261,0.0012845145615627204,0.31761314868818236,20
2023-03-04,0.3109940711361874,0.6286014181117812,0.5030506919430836,0.7319097630441168,0.18595523692072918,0.00927342311123219,0.0013047495787763545,0.0012552090786320043,2.996518100114162,20
2023-03-05,0.4201549417605929,0.6272645392797255,0.4724669852405094,0.703345507673788,0.10737807299889757,0.008957319121987786,0.0009197111396133128,0.0012241880664069051,3.139497163359027,20
2023-03-06,0.4512412457734434,0.6241415170408338,0.4503932159157695,0.6642358459301702,0.09836553831078719,0.008703658447814396,0.0008632183505314065,0.001228905406729394,3.185891203936465,20
2023-03-07,0.5024103840348499,0.6756331263157245,0.3854395541385099,0.5806346715471777,0.11215006182664033,0.004174922553612635,0.0008840624448681362,0.0012656903787056767,2.7371735640369006,20
2023-03-08,0.48086719399558675,0.6975886644933197,0.4290291482819778,0.7258416110317588,0.09010365772243553,0.003986386343304729,0.0008106811210562933,0.0012337329872962103,1.8761483063946,20
2023-03-09,0.24650591054045345,0.701613461967963,0.6145427340034503,0.7960952904853585,0.13895135545609616,0.004339264948300943,0.0011606170933040243,0.001178803109075096,0.0646195628476749,20
2023-03-10,0.4180353878719973,0.45316843602849927,0.38598566961262304,0.6746509340911409,0.19597894251537964,0.053021384138470885,0.0012735236745906198,0.0013130843683355363,2.972026409121843,20
2023-03-11,0.38553182910484274,0.49865452756715245,0.5578095105022159,0.8041653856583605,0.05665866039294135,0.04318105383695039,0.0007409625793434006,0.001157326237016466,2.480821812883413,20
2023-03-12,0.23135889929086745,0.5094601582804386,0.6663906673891413,0.8219751272252714,0.10225043331999129,0.0403116204103435,0.0010246915521019615,0.0011348370294003987,-0.19560700365075356,20
2023-03-13,0.30874277071080974,0.34104658087945616,0.4726699395104542,0.7415869227640212,0.21858728977873598,0.16899981823375704,0.001436036732907641,0.0012872944264070599,-0.5231624823872338,20
2023-03-14,0.29285344135488056,0.20851834625523005,0.4562725127088272,5.0392961259528486e-36,0.2508740459362924,0.2679550650835969,0.0015750069073475468,0.0013129507971062165,1.8981417915669483,20
2023-03-15,0.08864188758133025,0.21940595987258243,0.600889861501452,0.6377905752785613,0.31046825091721775,0.32626412421948525,0.0019476707985936622,0.0012823564180074994,2.3190800408700305,20
2023-03-16,0.08733152836572679,0.23586386609624166,0.6613292297455915,0.7405559193081631,0.25133924188868173,0.3667101555265885,0.0017133568904551186,0.0012218156968971685,2.0779668724971496,20
2023-03-17,0.0709099230177313,0.2373424418091885,0.6858209561191619,0.7810258045896006,0.24326912086310665,0.39530354259320694,0.0016921633736685189,0.0012063130514345884,-0.4326317540073099,20
2023-03-18,0.11251520295032741,0.1527385905449157,0.4313694883630323,0.6715032298941895,0.4561153086866403,0.4660340038839801,0.002511088332891279,0.0014406831445273943,2.13430133514866,20
2023-03-19,0.048281065443131745,6.698716247315094e-116,0.5470736894133424,0.7673587257204503,0.40464524514352584,0.5363933988791392,0.002349052323053935,0.0013598617033588152,1.4777326703236222,20
2023-03-20,0.07493878447573496,0.1717602456114457,0.5534489508533453,0.702317468674326,0.3716122646709197,0.46364798459610423,0.002199963986112261,0.001338248432654239,2.3367173932739527,20
2023-03-21,0.04032915694363787,7.808473449112921e-54,0.5849054980071469,0.7692817989116331,0.37476534504921527,0.5098797823438725,0.0022354931454295125,0.0013260191784066283,2.3800642732021506,20
2023-03-22,0.04309869185591665,4.472120302161951e-110,0.6231593308517528,0.7976438488531401,0.3337419772923306,0.5256652038139951,0.0020704886676207726,0.0012856560511271885,1.8837704098262944,20
2023-03-23,0.08702339538822003,0.2233579182498613,0.6519782843166329,0.8069325582177602,0.26099832029514686,0.45241543925917893,0.0017519807745738592,0.0012314726332834048,1.6592279652553026,20
2023-03-24,0.14120697573460575,0.29357816913546186,0.6026688729276081,0.7405663475225628,0.25612415133778627,0.2477691744575528,0.0016966084143438965,0.0012506813610801706,1.6892189845172856,20
2023-03-25,0.14221799204766594,0.3009183023981035,0.6419328464363071,0.7984863695672769,0.21584916151602707,0.2644464502520699,0.0015357424234946418,0.0012102932666000882,2.7685602384924812,20
2023-03-26,0.14552038144527038,0.29489128280481863,0.6972359669756797,0.7630197849336828,0.15724365157905,0.25683331894094075,0.0013004389713536701,0.0011523394019619484,2.285893431281575,20
2023-03-27,0.08434106429198893,0.2985138317026248,0.7018939929482209,0.7608072798077932,0.21376494275979016,0.24865247533371526,0.0015658882065099312,0.0011823825249768153,1.7943561269898474,20
2023-03-28,0.16907827505065404,0.49414986583075643,0.6285930256409265,0.7611358240326866,0.20232869930841943,0.04129275893120799,0.0014641257761096658,0.0012085559258346215,2.7903039610004825,20
2023-03-29,0.2553215190621264,0.49826781073274734,0.5975871525314991,0.7371003237855488,0.14709132840637462,0.03782469105208934,0.001187140407442704,0.0011909863808024278,1.3815956642848213,20
2023-03-30,0.17392830705970577,0.5158597981651458,0.6176333864507164,0.7510559320363478,0.20843830648957792,0.03245680746358543,0.00148520610900672,0.001216912844816652,2.446078599767654,20
2023-03-31,0.2153042193611359,0.5359958633432911,0.6562273338812639,0.814848753219521,0.12846844675760039,0.030129067962609907,0.0011396399121856942,0.0011542660098102192,2.4082768845134384,20
2023-04-01,0.17294952326131574,0.5016259504846808,0.6309792597214566,0.7273572602596342,0.19607121701722754,0.03590772352818519,0.0014366652902918617,0.0012039363779770714,2.815592954630807,20
2023-04-02,0.2738914889776834,0.5366912110763855,0.5643433451214295,0.7043434241518781,0.16176516590088705,0.024036071390694885,0.0012331743275619032,0.0012141427627595214,2.5617926964918194,20
2023-04-03,0.289605975762594,0.6037561620440801,0.5382212996898873,0.6960052659616558,0.17217272454751872,0.011530192774304058,0.0012641344213903103,0.0012317003814222146,2.5965576718558476,20
2023-04-04,0.3385427065892775,0.6624108212800612,0.49162893541413694,0.6770121590683023,0.1698283579965855,0.005679586185323308,0.001222308962407216,0.0012511356560035648,2.8548990036487756,20
2023-04-05,0.42279981375374964,0.6609745423780647,0.45944676108746146,0.6973599734216045,0.1177534251587889,0.005975356952855759,0.0009592227782817776,0.0012358875385582457,3.1527365679528208,20
2023-04-06,0.49659737865343623,0.678550161278047,0.403896588985826,0.646870045502858,0.09950603236073767,0.004447847792804224,0.0008376320039423406,0.0012502783490274268,3.0928127381598887,20
2023-04-07,0.5709732786386238,0.7604879765819498,0.33587965310724105,0.6380448244209737,0.0931470682541353,0.0014528662313917817,0.0007629421869964401,0.001276981774498753,3.1980066808516066,20
2023-04-08,0.6221759019399852,0.7656009647346081,0.3126360736487865,0.6640344337725489,0.06518802441122837,0.0014006769826163952,0.0006177299215812994,0.001271453805525587,3.3600093260340613,20
2023-04-09,0.7721612175142232,0.9135066076037609,0.16585907581336806,0.602612655385716,0.061979706672408756,5.218026152347758e-05,0.0005053500177868011,0.0013350531882313614,2.8135889752199907,20
2023-04-10,0.7947001866232599,0.9091088074358787,0.15163681840950083,0.5806377164996296,0.05366299496723923,5.8628525768411936e-05,0.00045730102842362355,0.0013366663073575446,-0.1665724131131503,20
2023-04-11,0.30059232884742615,0.7399304835897862,0.4474247821869817,0.6391578250665292,0.25198288896559207,0.001960372640324172,0.0015742769618451312,0.0013175245974363045,2.2546847861746415,20
2023-04-12,0.36363772623204055,0.7165677176125037,0.4528959783545768,0.6670149865953992,0.18346629541338266,0.0028195408778243316,0.0012598861475316171,0.001276150033386604,2.620687961727869,20
2023-04-13,0.41786765701292505,0.6950742539985164,0.38775974074166625,0.5493974396866337,0.19437260224540853,0.0031297623063232284,0.0012672460986292119,0.0013113807812902133,2.5340030867803374,20
2023-04-14,0.460229201616541,0.7109640501669026,0.4138415856559374,0.6755495119867966,0.1259292127275215,0.0030785658819543105,0.0009668833189005382,0.001260861080001427,3.1853509338513932,20
2023-04-15,0.5527857516241833,0.7215499894592816,0.3726628573296159,0.6963435551225594,0.07455139104620083,0.002766016714174344,0.0007010581562697925,0.0012500191229053413,3.196315752168475,20
2023-04-16,0.5685078391367017,0.7187759596587139,0.36364946856914004,0.685805071987172,0.06784269229415846,0.0028216297519956107,0.0006639326856744284,0.0012502242899928057,3.293258345857849,20
2023-04-17,0.5797023290350625,0.7137542917353983,0.3527972721117385,0.6513597879260346,0.06750039885319895,0.0028559068383938115,0.0006551364238334502,0.0012548668994860639,1.2965789153109921,20
2023-04-18,0.16306001494704073,0.6511699426266802,0.5440406614333175,0.6341724099402892,0.29289932361964177,0.006070903173408575,0.0018283650344843231,0.001297711792562659,1.8275780172195728,20
2023-04-19,0.2580413920809571,0.6069664844042444,0.5194481699603395,0.6976521147976776,0.2225104379587035,0.011156363186432048,0.0014853151228139498,0.001268673479803807,0.7239061937269001,20
2023-04-20,0.41403856756506,0.48245028100462317,0.41339543258416117,0.7196419907769825,0.17256599985077897,0.0429566989288618,0.00118305621153496,0.001287562213325323,2.0523337948433054,20
2023-04-21,0.27460489019684353,0.5461231608189432,0.5199439491835183,0.6545601641923404,0.20545116061963803,0.020049338675460538,0.0014064618892619045,0.0012587582277677574,1.473415528717009,20
2023-04-22,0.21860498089432406,0.49205959535499355,0.47285374311463413,0.6025171123291007,0.3085412759910417,0.03210525860194425,0.0018536851022146524,0.001338330620022391,2.198904647309173,20
2023-04-23,0.2810240106286739,0.5039024238930064,0.5307765352537734,0.6987121520980198,0.18819945411755265,0.03334791576510168,0.0013335803882754769,0.0012441262230339853,2.739163561450082,20
2023-04-24,0.30717442676634366,0.522199327357604,0.568447155427872,0.7384429462118142,0.12437841780578408,0.029691763073543886,0.0010623623884757321,0.0011910678267342582,2.974642954034964,20
2023-04-25,0.31855343398160246,0.5161108564020561,0.5634118606643223,0.7166431497990143,0.11803470535407518,0.03038239289308281,0.0010295729196667673,0.0011897072578070308,1.8101284415946228,20
2023-04-26,0.1524943339751702,0.3744932781141422,0.6571774784192268,0.706111186808554,0.1903281876056031,0.030904967540202458,0.0015329680189104268,0.0012258206580121878,2.7967000477757744,21
2023-04-27,0.2459079865940641,0.3868918638976631,0.6336746045488291,0.7105311310460934,0.12041740885710678,0.031398863691146715,0.0011643839328281216,0.0011902444885980726,1.5310212686997335,21
2023-04-28,0.16215333032887946,0.39533407479868526,0.6483503239861783,0.7200984286940777,0.18949634568494214,0.042069370993728865,0.0015222538528639332,0.0012191656684941174,2.7687745510982236,21
2023-04-29,0.24056681725659634,0.24864317489595522,0.6431987568771618,0.6394474265929382,0.11623442586624189,0.023030120975504612,0.0011504236110812097,0.0011960848249015217,2.8968325170054596,21
2023-04-30,0.30184902096628463,0.3986068037551294,0.6021751882496778,0.6488106445402975,0.09597579078403753,0.0036168962720541354,0.0010182819684743994,0.0011608321709385022,3.0141031581855082,21
2023-05-01,0.38970441524489463,0.5814493184402181,0.5275994143613502,0.716054674791945,0.08269617039375526,0.0031966759356896156,0.0008963485958735822,0.001102958713144434,0.939820921536656,21
2023-05-02,0.20697603362779848,0.5495117820123054,0.6201382611051257,0.7207371169878231,0.1728857052670757,0.00600856066579857,0.001417925021892664,0.0011942156981433667,2.186022558118069,21
2023-05-03,0.3068847827077082,0.2836972687881733,0.5452816918332116,0.5903199785465787,0.14783352545908013,0.004414654520167082,0.0012366501346979624,0.0011330321584276516,2.636988588287118,21
2023-05-04,0.33550332694942797,0.5566013576441802,0.5607673181842662,0.7252362330354578,0.10372935486630576,0.006724399621617321,0.0010265678364160002,0.0011326883900044642,2.9230285849477493,21
2023-05-05,0.3223115256771228,0.43256023685717293,0.5947205053659232,0.680900553087447,0.08296796895695405,0.005979317817244192,0.0009474194098064293,0.0011519660238050661,1.974794611124783,21
2023-05-06,0.28106269949486895,0.2787542719063581,0.560779467792546,0.5820700314222347,0.15815783271258524,0.004012414535869249,0.0012999888533653302,0.0011470543834483607,1.9424137986703633,21
2023-05-07,0.23591737934009396,0.4425029963455913,0.6020894737849363,0.691867178558996,0.16199314687496988,0.007619259811030413,0.001349844207220903,0.0011781837276826058,2.8588990973927855,21
2023-05-08,0.34307986780566624,0.46653049183023,0.5646643659202291,0.660153857161867,0.09225576627410469,0.002088246422071359,0.0009718180786031277,0.0011325030883528459,1.3147015681221228,21
2023-05-09,0.20743643371888498,0.44505120013807165,0.6135276496497992,0.691752362277962,0.17903591663131557,0.007345876880172854,0.0014439246136432608,0.0011910184367388723,2.859284198482013,21
2023-05-10,0.3331953216869044,0.5253833456324827,0.5669127360072238,0.7200248693622535,0.09989194230587192,0.007995724102016101,0.0010118420799841237,0.0011361565648856668,3.1081381300972817,21
2023-05-11,0.3350689842822555,0.43682537310597,0.5916511342770113,0.6876384617981137,0.07327988144073311,0.007079218298568564,0.0008964801557118212,0.0011471727315536878,1.8507936659005806,21
2023-05-12,0.15157595263753962,0.7284471148368491,0.678229983977013,0.7568624719856037,0.17019406338544768,0.002920405655727013,0.0014474156355400087,0.001235858319688953,2.6439151319305565,21
2023-05-13,0.31088508495398703,0.4625355190879191,0.5676326265791032,0.6418549054859316,0.1214822884669098,0.0013512563343592119,0.0011208305381778191,0.0011423765098846988,3.0612755235317373,21
2023-05-14,0.4268186295870265,0.5924864582217967,0.5000402535830021,0.696898823649412,0.07314111682997158,0.0013195358464971611,0.0008279402516034884,0.0010803458722713894,3.2110284205718664,21
2023-05-15,0.5034081770976631,0.6585216122563744,0.44050132866361436,0.7216447923481197,0.056090494238722616,0.0013762297879658656,0.0006981918608487439,0.0010324405353361334,2.8339182299566166,21
2023-05-16,0.3191236842243988,0.15102385186286804,0.6447067963572223,0.29076705732736496,0.03616951941837889,0.0003405165583170607,0.0007493500155404038,0.0011760647743742302,2.882645302173663,21
2023-05-17,0.45643918296661773,0.8161909356551098,0.453071751970263,0.7554029470360947,0.09048906506311905,0.0004429502021982632,0.0008802993062450635,0.0010506788365548677,2.611619943297626,21
2023-05-18,0.45762279272666306,0.7001514560934333,0.4612223504054639,0.7117321521833729,0.08115485686787319,0.0004901592169582827,0.000839446790054225,0.0010541589738508035,1.9120379586240153,21
2023-05-19,0.3217690655076272,0.8158590797308479,0.5488674062849256,0.71818230670539,0.12936352820744723,7.766799540906957e-05,0.001146524550569502,0.0011307743630694402,3.080410320055014,21
2023-05-20,0.552600884260308,0.7653981809503143,0.38353650369118036,0.6852639663937767,0.06386261204851164,6.908904381754322e-05,0.0006950403214597369,0.000992959622395543,3.1375968488568358,21
2023-05-21,0.6362746771860046,0.7831455362305666,0.3218000276523365,0.7020769666034007,0.04192529516165883,8.488924944519725e-05,0.000539107639410732,0.0009421631171144385,2.716414570241108,21
2023-05-22,0.6570584180737934,0.8474446694115146,0.29554595920356086,0.7045128065271038,0.04739562272264588,2.3255438276571726e-05,0.0005471380033129108,0.0009244651656863562,3.4384808108160905,21
2023-05-23,0.7636763076179577,0.860427510450363,0.2125631696179288,0.7091413437237596,0.023760522764113348,1.943203029575647e-05,0.000366927862118566,0.0008577308829928264,2.7431065023956647,21
2023-05-24,0.6899757966270145,0.8038203998742112,0.27853264296214386,0.6849770954066745,0.0314915604108414,3.344035442660728e-05,0.0004546406389633827,0.0009078661868595677,0.7386497070282525,21
2023-05-25,0.2063061957491925,0.6490345197793359,0.6237659118447527,0.6827617272061216,0.1699278924060547,0.00038529892916825,0.0014057530904194881,0.0011960802786860117,2.842364264889432,21
2023-05-26,0.4376638987583863,0.7754252623379236,0.4671493422316897,0.7365918416696334,0.09518675900992406,0.0003864671492987698,0.0009143239623738439,0.0010621814671657698,2.970317636096545,21
2023-05-27,0.4328686178726324,0.5117924566141279,0.5092679337164835,0.5981305191197772,0.05786344841088413,0.00027471049598085296,0.0007580290954232299,0.0010830435067417205,3.166768196353828,21
2023-05-28,0.5411677799198557,0.7156285289464275,0.40241218052006056,0.7011587642404369,0.05642003956008377,0.00026216373126442867,0.0006716349237701712,0.0010047580107481165,0.6999414203652508,21
2023-05-29,0.2113480926361233,0.5643195386524219,0.6158264048902173,0.7038127202880449,0.1728255024736595,0.0024629599438033,0.0014144299370318458,0.0011910561958560948,2.5086899646097094,21
2023-05-30,0.30305548956435446,0.4193740464010056,0.5753327328624773,0.6431996976030352,0.12161177757316811,0.0023987417654978997,0.0011271829985806691,0.001148024541903562,3.0379821924261954,21
2023-05-31,0.46192839636360533,0.6980095787641759,0.4616993332201781,0.7501413610194436,0.07637227041621653,0.0032140994491572723,0.0008157753524531667,0.001053245175240899,2.11386433278301,21
2023-06-01,0.3081837657437069,0.6756710753892079,0.5688984014379694,0.7468029694522874,0.12291783281832383,0.0037766870167842796,0.0011289790650403672,0.0011436780092774915,2.398797492550872,21
2023-06-02,0.3128741047662274,0.6970994124613701,0.564540145250635,0.7560080655679009,0.12258574998313745,0.00476756358979133,0.001124083558776465,0.0011404129619339055,2.416282187126491,21
2023-06-03,0.2858879431915454,0.3724451191132621,0.5937421195221905,0.6329831369974501,0.12036993728626426,0.003391068574023975,0.0011345768959281765,0.0011611186027659134,2.8689916938225,21
2023-06-04,0.41560636228850195,0.6707989190855973,0.4952539608396534,0.7276549024373946,0.08913967687184464,0.001498632763846696,0.0009047620021012184,0.0010810764530898563,3.1924482407320136,21
2023-06-05,0.4449141418492506,0.5583089054524187,0.4988837272520206,0.681973090201239,0.05620213089872893,0.0012550423218284199,0.0007419931060053022,0.0010750345266620053,0.398265308595968,21
2023-06-06,0.44738424957903467,0.14142017869057763,0.4092348990959381,0.4824932135945667,0.1433808513250273,0.008332076892691538,0.0011135265799510003,0.0010326707234542816,0.5236764237814353,21
2023-06-07,0.3721766418622645,0.24489586622686635,0.4749118985398525,0.6660123248229793,0.15291145959788283,0.04911203185320181,0.0012100450945163018,0.001083067485400685,1.4022448334703002,21
2023-06-08,0.3993103569050331,0.1294130520022358,0.4461197080337198,0.5322737953652871,0.1545699350612473,0.025641390133326714,0.0011970523132985085,0.0010625135891014874,3.0199916440046355,21
2023-06-09,0.276330692282586,0.3172978185255998,0.6569598328821407,0.6866656598044886,0.06670947483527326,0.0327844313683729,0.0009118342409745968,0.0011930538551211966,3.024625851898651,21
2023-06-10,0.23845083347633192,0.3334064116438955,0.6659706608541184,0.6935709392915803,0.09557850566954958,0.03335497835376214,0.001063523766584207,0.0012072383999462712,1.990437235507081,21
2023-06-11,0.17658507437940923,0.28301174084872466,0.6372219326343713,0.673581897918255,0.18619299298621939,0.035001577182463835,0.001497420621916113,0.0012101809937180344,2.8473673550430845,21
2023-06-12,0.23412879276007595,0.19668607090422405,0.6594181103392612,0.6106038769604935,0.1064530969006627,0.02803023356133641,0.0011132983726567865,0.0012053296649233447,2.9717735919354915,21
2023-06-13,0.25087592763481464,0.367334347293885,0.6476649766666402,0.7033934800491725,0.10145909569854503,0.0305446608633882,0.0010795096826098102,0.0011954435535922515,2.989658975306491,21
2023-06-14,0.2568346288231176,0.37200501253545015,0.645407968705835,0.7045527436861251,0.09775740247104742,0.030055523669952733,0.0010592438018576789,0.0011928216167655316,1.6739533676167928,21
2023-06-15,0.11862496544871687,0.45718726172573,0.6876787787490711,0.73941721767148,0.193696255802212,0.04967388619922182,0.0015724691266491835,0.001248946506811975,2.3013154815688925,21
2023-06-16,0.25037654161128076,0.30049382188732643,0.5859907086239823,0.6436638055388865,0.16363274976473702,0.011839538868449882,0.0013461598077545676,0.0011668791810662276,1.7811233410814038,21
2023-06-17,0.2644577607457683,0.4583565467916466,0.5701455395835088,0.6635015740588633,0.16539669967072282,0.0025429117256297777,0.0013432875735625543,0.0011557923226572747,2.8706503399120598,21
2023-06-18,0.41611970926428965,0.620011023967331,0.49803123363050944,0.6950059110518976,0.08584905710520077,0.0008534266205999222,0.0008902888949094158,0.0010822332653639384,3.031005372233119,21
2023-06-19,0.4780278881645903,0.6450704028484496,0.45839095104993,0.7052899789260383,0.06358116078547961,0.0008688782819341084,0.0007490704843546385,0.0010474591137551508,2.4372831249763984,21
2023-06-20,0.3583251290134212,0.5444891790703091,0.5464953410908462,0.6716531601957152,0.09517952989573267,0.001092957183224602,0.0009730502988853513,0.0011200279242886053,0.5312284800119568,21
2023-06-21,0.3251508290916677,0.3413451866731398,0.5171531942795218,0.6598740588818484,0.15769597662881038,0.010415409612920803,0.0012653622702539398,0.001115126180669893,0.3599043734997256,21
2023-06-22,0.38003245518378115,0.2665760300399175,0.46903480613074633,0.6871582729037587,0.1509327386854724,0.06665445635189164,0.001195752680991557,0.0010782607582958937,3.0256423324082933,21
2023-06-23,0.20077799304978056,0.18573647442418223,0.7292330793024141,0.6368128713993889,0.06998892764780526,0.061368726013266726,0.0009818189585576109,0.0012466107788197736,2.1580351186805222,21
2023-06-24,0.12479592390018915,0.2816299620843449,0.679490929132011,0.6995758928158465,0.19571314696780012,0.08095581025413139,0.001576538549845473,0.0012435090502243948,2.7257833680542523,21
2023-06-25,0.20500748947656622,0.31127858031619016,0.6587258407358673,0.7019895076600986,0.13626666978756655,0.059871074236991485,0.001262548031455792,0.0012126891753312258,2.8835342306078804,21
2023-06-26,0.22317969727655496,0.32963622167291107,0.6644671497367092,0.7054917916805412,0.11235315298673587,0.0536327944645154,0.0011466744643595687,0.0012105670570318862,2.785621178177513,21
2023-06-27,0.22846197645596342,0.3698614402488718,0.6529864913511099,0.7104348388802073,0.11855153219292687,0.03882435502615904,0.0011693102392220523,0.001203831922203324,2.549166125328254,21
2023-06-28,0.20056428299373757,0.30960130563768407,0.6592798598211379,0.6887239339990792,0.14015585718512447,0.038932243654602926,0.0012824947398307604,0.001214118980328803,2.199077426100394,21
2023-06-29,0.18443256047960366,0.29626742271626705,0.6425275531605654,0.6869448070086429,0.1730398863598309,0.0440357442177767,0.001435277114158493,0.001210579609703617,2.5811033191379313,21
2023-06-30,0.21292189810071543,0.2882296549192545,0.6492558064121988,0.6815621654823653,0.13782229548708563,0.04148303936222485,0.0012633506358031659,0.001206195250646658,2.92877263904791,21
2023-07-01,0.31006774778668833,0.4751511785514036,0.5900618553123358,0.704809905690254,0.09987039690097595,0.008101990231376381,0.0010288759922064288,0.0011530280865358065,3.058939352525602,21
2023-07-02,0.48708478369524055,0.5452950336232457,0.45610121098017475,0.4909035604876256,0.056814005324584756,2.7561198184266902e-05,0.0007133806120650911,0.0010440047059435238,3.299331926009666,21
2023-07-03,0.653757864028284,0.8109914282586435,0.30388602389445923,0.6944470986635267,0.04235611207725686,3.838391697452966e-05,0.0005280008739518872,0.000929216290799768,2.253751249574686,21
2023-07-04,0.5670827001809283,0.8025635585304864,0.36713061947258824,0.66027300461041,0.06578668034648331,1.765949916335723e-05,0.0006925532230816336,0.000981506202368561,2.7975009547774587,21
2023-07-05,0.6221030894817194,0.8039834048693965,0.32742161990861796,0.6774444181270218,0.050475290609662535,2.693725566390782e-05,0.0005862224118441066,0.0009485169378819253,2.9213568854114915,21
2023-07-06,0.6732298185233563,0.8350995842172099,0.28544452805248943,0.7115473459934065,0.04132565342415432,3.963074043879494e-05,0.0005091623473724927,0.0009154994335990379,2.113638030530467,21
2023-07-07,0.5225420265528213,0.7556776050510235,0.4066054673059052,0.6811149464907906,0.07085250614127325,7.237514781179339e-05,0.000747240922046253,0.0010116221818066442,2.834075648967305,21
2023-07-08,0.5521218304999015,0.7118690485151513,0.3922420860159064,0.6466206454413324,0.05563608348419209,5.870866262550956e-05,0.0006601636175934148,0.0009971365623988413,3.3272420622993355,21
2023-07-09,0.7039716001354295,0.8414930000140654,0.26113702170996583,0.7012491525527184,0.03489137815460466,2.4182181829120503e-05,0.0004588316844290694,0.0008960804574984756,3.428051581388295,21
2023-07-10,0.7577251497372468,0.8364852172299619,0.22161171794201678,0.6792135333845288,0.02066313232073634,1.4187914876116296e-05,0.00035807248435142997,0.0008635108306593875,3.3134231595634014,21
2023-07-11,0.7371973365650878,0.8062722602605981,0.24332269918532412,0.6615225375632845,0.019479964249588005,1.6940242425126733e-05,0.000368214716705817,0.0008790274440164344,3.3250268739444317,21
2023-07-12,0.7143523911443094,0.7858294678524115,0.2645332386647258,0.6509956756851513,0.021114370190964765,1.9303773448523833e-05,0.0003921396621827045,0.0008949224222106561,3.185105444609378,21
2023-07-13,0.777969965932375,0.8964714358724803,0.19568776275884647,0.7492014034671645,0.026342271308778337,3.169074145156715e-05,0.00036739362039670193,0.0008461086333948714,0.4922576172380566,21
2023-07-14,0.2011859634134316,0.7435267083469816,0.6342345982888442,0.7109506910593064,0.1645794382977243,0.0002353883725498051,0.0013866375539494324,0.0012023018136436358,1.5069922885993174,21
2023-07-15,0.25910200679850165,0.6008441847468871,0.579962135850925,0.7021270344107514,0.16093585735057328,0.0014232224072930723,0.001328148429489926,0.0011617725758114373,2.9800031145257653,21
2023-07-16,0.40013686586966984,0.552587596171892,0.5198926188402784,0.6775050815636021,0.07997051529005188,0.0011753789249295396,0.0008769492240465772,0.0010966209879674687,3.179763778475485,21
2023-07-17,0.4678977862875066,0.6058293559670253,0.47330979794813305,0.6884572943930171,0.05879241576436041,0.0008302652111768209,0.0007360643884926092,0.0010570727434278402,3.203257891204939,21
2023-07-18,0.4921167884930393,0.61761278481372,0.4561518924915169,0.6880069197979153,0.05173131901544369,0.0006986128317956268,0.0006878858975979009,0.0010427009458223236,2.8160093663003125,21
2023-07-19,0.44248736108107173,0.6038848260027361,0.4892901061064943,0.6865608329837191,0.06822253281243393,0.0008013114341482364,0.000795270766876623,0.0010712108962680667,3.2341524320907524,21
2023-07-20,0.48594107231506056,0.6121849266748689,0.46126332864909964,0.6901061962090476,0.052795599035839885,0.0008048705315267481,0.0006970179884478193,0.0010467082489299955,3.2198244312072686,21
2023-07-21,0.49159097485706055,0.6100017975000088,0.45867042190188567,0.6869803009437266,0.04973860324105384,0.0007485777166401247,0.0006797411006203766,0.0010440114783579193,3.265040712379936,21
2023-07-22,0.5000999584590121,0.6158735750161621,0.452058413091714,0.6878263198512593,0.04784162844927372,0.0007110094073699602,0.0006653146276917308,0.0010386905126531817,3.094138878813358,21
2023-07-23,0.47418237833185606,0.5965292471319639,0.47226371370063297,0.6780315474861527,0.053553907967511194,0.0006768186677038851,0.0007089746507922834,0.0010549282675786265,2.834161950337291,21
2023-07-24,0.5223330019000533,0.7357287233744483,0.41070367375844496,0.6835148028129571,0.06696332434150196,0.00010817178650840527,0.000730739579941783,0.0010135841515353686,1.280091139488242,21
2023-07-25,0.25863533900891184,0.7757737920723423,0.5876208353511507,0.6648679010240989,0.15374382563993746,3.2693273314092346e-05,0.0012976917224283072,0.0011654591499622403,2.987134628011171,21
2023-07-26,0.6175043617063704,0.7650908886632343,0.34228942921276057,0.6131352084423944,0.04020620908086915,6.547504996720306e-07,0.0005893120860445141,0.0006380965716369772,3.3525304169866494,22
2023-07-27,0.6546188565576126,0.7153817722626687,0.3245768412168865,0.5536875146023038,0.020804302225500924,6.737794198057471e-07,0.0004651992244532827,0.0006397831354395201,3.3101848910516534,22
2023-07-28,0.7042935132948761,0.7943637849253343,0.27426746872803276,0.6591643447694164,0.021439017977090937,8.07800194952244e-07,0.0004282130775477776,0.0006043266977698237,3.4671534895714773,22
2023-07-29,0.7094102930737894,0.76505713978825,0.2751597447149338,0.6010604293090126,0.015429962211276727,5.187969009608736e-07,0.00039491819646270436,0.000609286050720493,3.530505743479539,22
2023-07-30,0.7020960670939276,0.7510797532718643,0.2834477035815549,0.5811733883767947,0.014456229324517421,4.988025849210726e-07,0.00039609140780699873,0.0006157546936232454,3.4562921065178025,22
2023-07-31,0.7020462274596247,0.7577358956265373,0.2820849217326484,0.5896531092088163,0.015868850807727052,4.98897546440646e-07,0.0004029884287585643,0.000613786727264655,3.510884460960176,22
2023-08-01,0.6915572852816391,0.7386141954570868,0.29365300062126554,0.560735588898847,0.014789714097095244,4.591555969924067e-07,0.00040621064812915636,0.0006226133180894462,3.1014916607565737,22
2023-08-02,0.694948748776083,0.7898846496583003,0.2818993720553849,0.6411137065420005,0.023151879168531998,6.15907878230003e-07,0.0004440648029539602,0.000608399186418547,2.735117167599093,22
2023-08-03,0.6132046594961175,0.6749266195270113,0.35968412896830376,0.4957637616693463,0.027111211535578782,5.766242205172845e-07,0.0005292160465558139,0.0006596521445356642,3.438642761525433,22
2023-08-04,0.8303644100484378,0.9023900659537817,0.15469653290610083,0.47146014478566506,0.014939057045461435,6.498469759156995e-10,0.0002949659479927912,0.0005258391862496502,3.49422887585363,22
2023-08-05,0.872417499146897,0.9026233073642457,0.12131749821089008,0.492224616386736,0.006265002642212935,8.882522095249748e-10,0.0002189390555099069,0.0005088815679407305,3.6686479630012205,22
2023-08-06,0.8981990833968634,0.9212205203603241,0.0974251956092123,0.5350033880683329,0.004375720993924259,6.487429991158494e-10,0.00018896966465739074,0.000493624766130929,3.688164480041495,22
2023-08-07,0.9036793098812291,0.9204575676998255,0.09302244039917736,0.49913319451967536,0.0032982497195933676,3.8315091164399395e-10,0.00017931874610024754,0.0004913399015581229,3.6224578869655475,22
2023-08-08,0.9183690140873052,0.938935777682398,0.07804479400832241,0.5790707797165485,0.0035861919043723212,4.157167946889508e-10,0.0001688649638174622,0.0004807126696955522,1.4591893705083505,22
2023-08-09,0.6876656813521848,0.7289605268361316,0.2931681272241766,0.3925288040988052,0.019166191423638467,3.671120484138797e-08,0.00043059294010864375,0.000619116125808188,3.260571871609397,22
2023-08-10,0.752830030768292,0.826916748630188,0.22944295927264868,0.5681284919515289,0.01772700995905939,5.372331276599259e-08,0.0003710441682196371,0.0005758242571477115,3.4047416408896765,22
2023-08-11,0.7571957611608735,0.801536367263547,0.23078201727343367,0.5334192456761827,0.01202222156569295,6.127871098661685e-08,0.0003398322763671491,0.0005808747321330925,3.5662416852447554,22
2023-08-12,0.7989074302337749,0.8455857976802669,0.19043396183037262,0.5760395611059007,0.010658607935852393,3.419719014333867e-08,0.0002995661571776035,0.0005537907987406901,3.6121528937301974,22
2023-08-13,0.8398456454821365,0.8787080035279442,0.15202685245619788,0.575336897014008,0.008127502061665693,1.0056186231026793e-08,0.00025425584915747524,0.000528900049609868,3.5148999528740923,22
2023-08-14,0.8344607374140345,0.86598504581252,0.15853768918455757,0.5544397600442539,0.007001573401408083,1.1501013624745946e-08,0.000253134979947411,0.0005342423094291586,3.5632431105060203,22
2023-08-15,0.7517240786070286,0.7638062222220919,0.24274433143196175,0.35567793388743213,0.005531589961009771,9.329949900466049e-09,0.0003127411234437368,0.0005938827610578803,3.1784813441560917,22
2023-08-16,0.7753203193605581,0.8357841329741196,0.20998652427394426,0.5241313876079237,0.014693156365497485,1.9399664836877774e-08,0.0003381762700160764,0.0005644797051584163,2.4843423182510858,22
2023-08-17,0.7118465744497822,0.8159815754644762,0.26283291205310205,0.576420048339782,0.025320513497116035,8.595277536199396e-08,0.0004409610990997604,0.0005935696455191114,-1.5566035702263812,22
2023-08-18,0.4304974252369212,0.4123399885580948,0.4652297573070117,0.6906344501121005,0.10427281745606728,0.0034807344859608545,0.0010511257210597228,0.0006773640017796133,1.7148104869794984,22
2023-08-19,0.27943573495919416,0.3369035922731245,0.5872220624137144,0.635761642678762,0.13334220262709137,0.0036135090055436094,0.0013140618126411291,0.000741240479462186,3.0144524852097483,22
2023-08-20,0.303433068854688,0.33758799085980257,0.6298991452126929,0.6350234684533367,0.06666778593261914,0.003509536027470564,0.0009710443063934756,0.0008190691544847703,3.057433096073408,22
2023-08-21,0.29685334775736144,0.3579728552963846,0.6345894618914287,0.6519846538878267,0.06855719035120979,0.003521253285625177,0.0009855218365315156,0.0008209678351932553,3.055153910956433,22
2023-08-22,0.285691698787422,0.3006944525540498,0.6465894411463924,0.59876821926381,0.06771886006618558,0.0033628747985288113,0.0009904518158388772,0.0008299210153085738,2.922979781698918,22
2023-08-23,0.2908926579472209,0.37950544433719113,0.6308914200091763,0.6701263010517512,0.07821592204360274,0.0036762466133629084,0.001037216752107872,0.0008114215025279307,2.262260403916743,22
2023-08-24,0.2581273790710206,0.3157047310156279,0.6156585522851261,0.6260440532664678,0.12621406864385323,0.004390502427727196,0.0012966424566064547,0.0007661692021793269,2.513732707472748,22
2023-08-25,0.27202295286136485,0.33835548419963696,0.6246020387211028,0.6506976555845441,0.10337500841753237,0.0049188578893785175,0.0011745668194612184,0.0007888809805216746,2.9762263186357836,22
2023-08-26,0.28317061240649505,0.3055223606213449,0.6440085020639593,0.6188947296630446,0.07282088552954562,0.004606531282028909,0.001017252721967272,0.0008244418190526768,3.0420139321144357,22
2023-08-27,0.302986170997289,0.400474665378482,0.6255554551342389,0.6904661596612374,0.07145837386847216,0.0042736742886083645,0.0009946607433727467,0.0008125885476211502,3.0565327891655176,22
2023-08-28,0.5817213376349198,0.7486650361517442,0.3685854881022614,0.5625623303472973,0.049693174262818524,3.7730363664324675e-07,0.0006642234220494218,0.0006495399203405123,3.409866100772131,22
2023-08-29,0.7799144401010414,0.8622428141963981,0.20170388356329727,0.5396359590295682,0.018381676335661186,1.0289797047190477e-08,0.0003523736962124366,0.0005560546427055687,-0.6912163403382134,22
2023-08-30,0.38580742202893337,0.4019203426138796,0.4854215051472,0.5639133459033102,0.12877107282386652,0.0002505416834931078,0.0012060868607341616,0.0006737224434370179,2.4595055145041567,22
2023-08-31,0.3688866252631848,0.4631587769464723,0.5529216496984473,0.6319049770635498,0.07819172503836787,0.0003345898853541516,0.0009742077906189393,0.0007571986082801729,0.6878310418240238,22
2023-09-01,0.25800401646851834,0.4174340912306776,0.6013808319351758,0.6979884905550934,0.1406151515963058,0.0038944552126274415,0.0013666501079316654,0.0007458389694516375,2.854911971816268,22
2023-09-02,0.3348199540360309,0.5134423209987714,0.5892851548268406,0.7516516839441287,0.07589489113712854,0.004134375261375791,0.0009905287864510823,0.000784153554731393,3.105929469795284,22
2023-09-03,0.31438574164274347,0.37545707810348417,0.6243113979169591,0.6581432973519441,0.061302860440297396,0.002955221156706294,0.000936168711553828,0.0008190555493125035,3.063281088007322,22
2023-09-04,0.3068946483188846,0.3720471502684335,0.6262140193169707,0.6505941866610652,0.06689133236414481,0.0026320171757307524,0.0009693383914527527,0.0008163441597913899,2.9242389834629283,22
2023-09-05,0.3125128439988714,0.431199834560841,0.6127393898211432,0.6950921569502656,0.07474776617998537,0.0028195707589766285,0.0010029474800882121,0.0008012979444597895,3.088546741706389,22
2023-09-06,0.3072733888195507,0.35860689938212875,0.6285631218935268,0.6402840006879336,0.06416348928692252,0.0026623857075121,0.0009557905690853624,0.0008199478797189103,3.081365526508717,22
2023-09-07,0.32174874310377816,0.41853173460221754,0.6117952031191033,0.6862406914221593,0.0664560537771185,0.0027716720639821145,0.0009552480799738854,0.0008066278599531463,2.2898301565888373,22
2023-09-08,0.2521716772210074,0.3572859175911486,0.627613407391281,0.6495658684493429,0.12021491538771155,0.0033717374345239273,0.001272322631508743,0.0007788171870140523,2.552942929595293,22
2023-09-09,0.38748476708789975,0.44240773526872434,0.5255934079917054,0.5500638215823379,0.08692182492039494,9.4274991552875e-05,0.0010015887393992188,0.0007318842035725102,3.1827263424888668,22
2023-09-10,0.4656691357643278,0.5613126853453507,0.48889601501085594,0.644238286385989,0.04543484922481625,7.740393273198685e-05,0.000737147732367397,0.000736309587454553,3.2526598429858917,22
2023-09-11,0.7362677090980919,0.8653089539192503,0.2355335990676604,0.5426558234546872,0.028198691834247547,9.671881450685531e-09,0.0004352322738605399,0.0005725005451600713,0.9122305093628307,22
2023-09-12,0.43446489224763696,0.6916571714092411,0.46596174129987483,0.5263384147343726,0.0995733664524882,6.879240077936578e-07,0.001025114072750014,0.000681266290845178,1.5642901654160335,22
2023-09-13,0.33550252587366364,0.6425966275755737,0.5429364497870812,0.6160446639593911,0.12156102433925517,9.406989095460721e-06,0.0012116580406263187,0.000718938995658629,2.4919368064434355,22
2023-09-14,0.4374377741830272,0.588492604113978,0.4849684703077419,0.5860517000787515,0.07759375550923096,1.418574490221325e-05,0.0009160230909301609,0.0007103581175107632,2.6750164642368546,22
2023-09-15,0.4693495849518031,0.6388997177543227,0.4691008789881046,0.6470957684364484,0.06154953606009238,1.9620966275459042e-05,0.0008124047979118457,0.0007109038663121283,3.219968614409455,22
2023-09-16,0.5015754654260456,0.569530030186588,0.46191789192112215,0.5837594675460646,0.03650664265283222,1.9074531467212233e-05,0.0006648513132928126,0.0007239883221720601,3.2243085930267066,22
2023-09-17,0.5041695487094646,0.5760301118395723,0.4601543303067968,0.5922455569898158,0.035676120983738485,2.0005405739510307e-05,0.0006587277374886056,0.0007233611346031678,3.3069141768347636,22
2023-09-18,0.5474205085203,0.6297264528617662,0.4198462759535099,0.607750335483019,0.03273321552619006,1.0155782363943927e-05,0.0006095617206024951,0.0006974453019801929,2.975956652241928,22
2023-09-19,0.5361802664848121,0.6424900389719996,0.42404979078278243,0.6151273457238693,0.03976994273240549,9.251554305367587e-06,0.0006527844991556194,0.0006952888862587374,2.3109864189476497,22
2023-09-20,0.4357409071923394,0.6040852788886666,0.49298405233894366,0.6116190368319833,0.0712750404687169,1.768511398266069e-05,0.0008867188976197051,0.000720496440618195,3.1960664082511556,22
2023-09-21,0.49452167639970557,0.5590294142617123,0.4669730657797747,0.5678148261612652,0.03850525782051979,1.702210903251781e-05,0.0006802416540801633,0.0007260619671394434,1.8613308127963812,22
2023-09-22,0.3732523492259443,0.6221878807181941,0.5234943742387768,0.5909639985769884,0.10325327653527894,8.412098040727318e-06,0.001092343882360611,0.0007186324259232491,3.1624348140841243,22
2023-09-23,0.6264966314033152,0.7885362143518798,0.3335683438596036,0.6422288463088074,0.03993502473708099,6.535014009011576e-07,0.0005807428448508295,0.0006322254703501614,3.4535782196742977,22
2023-09-24,0.6985388956121777,0.7570456462088604,0.28366444329473356,0.5473838475648534,0.017796661093088768,2.3813013773894114e-07,0.0004151749708421518,0.0006134936260126878,2.876015455628742,22
2023-09-25,0.6918879710360778,0.7885731605188319,0.2829780043010751,0.5829441484501077,0.02513402466284702,2.049444013394358e-07,0.0004561548876356596,0.000607718406174843,3.518187837490744,22
2023-09-26,0.724704462855889,0.7745350259201016,0.2610605785970575,0.5557569510766249,0.014234958547053384,1.8050432358937293e-07,0.0003767812382006237,0.0006003406518169175,3.4642115709975587,22
2023-09-27,0.7547480456573364,0.8143207959412668,0.23103929984214722,0.6150308147774717,0.014212654500516082,1.8490119660196365e-07,0.00035243879813610896,0.000579472185850911,3.444187722024676,22
2023-09-28,0.745111782346902,0.794631343138122,0.24206893523080797,0.591962519930854,0.012819282422290105,2.0616249559868396e-07,0.0003534485564616048,0.0005881510865621659,1.1045449474972022,22
2023-09-29,0.37041421721053686,0.7076506685747511,0.5266442933203137,0.6112674339186474,0.10294148946914945,2.3160246525699032e-06,0.001093119205845013,0.0007210488103640308,3.058058748586554,22
2023-09-30,0.5874455264098939,0.7107875380760134,0.37024615862288635,0.5631415224523674,0.04230831496721958,8.780879559055337e-07,0.000623759925835736,0.0006560271656780775,3.3974366309115855,22
2023-10-01,0.6590377085874739,0.7316189480930657,0.31863153280283807,0.5885612850182717,0.022330758609688056,8.898831678910777e-07,0.00046904458652861653,0.0006345451030811577,0.84567358634559,22
2023-10-02,0.2389994156683404,0.6773891918574813,0.6244215842015547,0.6571811340572329,0.13657900013010488,1.1542641903142298e-05,0.0013623825327404191,0.000764781639030447,2.415876520470264,22
2023-10-03,0.37120399616026767,0.6688115001215176,0.5321355469285517,0.6692013840587975,0.09666045691118064,1.8237662693965955e-05,0.0010619923899792539,0.0007294038545825257,3.058115822638933,22
2023-10-04,0.49737690910209276,0.6103983352217079,0.4543109959752571,0.6181749720539269,0.04831209492265,1.800746191953728e-05,0.0007255439883532431,0.0007101727941986644,2.668800747201477,22
2023-10-05,0.4780375399844377,0.6478103839991319,0.4639607801404629,0.6574532636714314,0.05800167987509961,2.0925539237749414e-05,0.0007881761090694884,0.0007098897190153191,2.5267825837329463,22
2023-10-06,0.44026707147342486,0.5788015953458294,0.494688160498358,0.613152319419255,0.06504476802821713,2.8908033407000333e-05,0.000852825314755724,0.0007261802737820101,2.1565761362992695,22
2023-10-07,0.37913564133576155,0.5005492439783984,0.5269992756476242,0.5726027749324711,0.09386508301661434,5.185987720376693e-05,0.0010420264257942117,0.0007278490658623413,3.1713117819000067,22
2023-10-08,0.465508276870677,0.5480429835323092,0.48942325988936347,0.6145310762729609,0.045068463239959486,5.1556079119818924e-05,0.0007354989011470423,0.0007369409065188675,3.2762872640881735,22
2023-10-09,0.5343846838020446,0.6256031195160735,0.42937404105716864,0.6157221870241811,0.036241275140786726,1.2896346684192288e-05,0.0006371037277484443,0.000701540502123308,2.6489886137391037,22
2023-10-10,0.4818584998592331,0.61905556433547,0.4642547525781555,0.6249476129020459,0.05388674756261132,1.7656377442199994e-05,0.0007651197582655455,0.0007130652697115947,3.1057723224328955,22
2023-10-11,0.5071681008379367,0.5947470064740806,0.45301537099015016,0.6056048503881898,0.03981652817191305,1.8578993853451804e-05,0.0006764081778415606,0.0007154054145820327,1.7788149534534712,22
2023-10-12,0.3283287223096046,0.7692617665031914,0.565354415140622,0.6810989202573657,0.1063168625497736,2.596099219714555e-06,0.0011434434945860052,0.0007455407785367128,3.0500617695998447,22
2023-10-13,0.5761911629959398,0.7600606997793287,0.37521669356425585,0.6416526687285453,0.048592143439803996,1.324897267217631e-06,0.0006633392838457183,0.0006549479391090583,3.3506566386519774,22
2023-10-14,0.6479251576453798,0.725467018907404,0.32809010657842846,0.5986257434134101,0.023984735776191608,1.233049660106424e-06,0.0004860360759022939,0.0006399308464862019,3.479157626718513,22
2023-10-15,0.673154397192087,0.7291818315718582,0.30892936025939627,0.5656343525882019,0.01791624254851668,6.177465230038931e-07,0.0004362302782482481,0.0006309830507278772,3.0520308858121936,22
2023-10-16,0.6691784795073539,0.7537651849766117,0.30643924303283493,0.5775478235868917,0.024382277459811256,4.3849231573610317e-07,0.0004708233485220923,0.0006245821991294232,0.18770396923977728,22
2023-10-17,0.3325061373031146,0.47675930702691094,0.5322642081119979,0.5813438811933412,0.13522965458488742,9.285199293631792e-05,0.0012804253319851147,0.0007016457886984271,3.0616823775020983,22
2023-10-18,0.4236220701817799,0.4696455893024872,0.5263454405680283,0.5749770334779338,0.050032489250191735,9.305733538758152e-05,0.0007933736326697603,0.0007590420449999408,3.166920606467657,22
2023-10-19,0.4296836513157133,0.49670134411950195,0.5250111972646205,0.6014540350715208,0.045305151419666345,9.74331731927707e-05,0.000765537291680382,0.0007615270793813107,2.668600195320558,22
2023-10-20,0.3897542946803436,0.4467629343562552,0.5435724444921951,0.5540488266858365,0.06667326082746139,9.393729351830063e-05,0.0009014651554321799,0.0007590112636164423,1.4313816602219356,22
2023-10-21,0.2664282854556074,0.444832261273506,0.5877622858724246,0.6337852380940807,0.14580942867196808,0.0004826821911709725,0.0013850712462034885,0.0007326147565121765,2.8431796206187654,22
2023-10-22,0.3842621756110379,0.5183555295343394,0.5438839335084047,0.6692656777419359,0.07185389088055734,0.00030316576622629366,0.0009310427157360893,0.0007554874569622673,3.176152690640384,22
2023-10-23,0.4063896800105585,0.48467746647588766,0.5443275404863166,0.6426623253121683,0.049282779503125006,0.0002914116561785352,0.0008036302665553217,0.0007720927551837092,-1.7493263176128142,22
2023-10-24,0.34725975127502673,0.2555218650776418,0.5541297917623184,0.6970431816167028,0.09861045696265479,0.059962728911850546,0.001090767667094739,0.0007432964159614454,1.7323240188170024,22
2023-10-25,0.21149224814898168,0.37059006314524234,0.7622517638603513,0.7641998048389177,0.02625598799066692,0.0038278059697564072,0.001532385001249186,0.0012041370692681685,2.2307043607256487,23
2023-10-26,0.2497627547424399,0.34769388234491094,0.7263149909495892,0.742645072973333,0.023922254307970972,0.004254817015658992,0.001448785213675029,0.0011855993820583893,2.623777154862896,23
2023-10-27,0.3124700568569021,0.3509833880692882,0.6713199551084041,0.6875977070928736,0.016209988034693576,0.0023714437341503694,0.0012593546351560337,0.0012394350026182304,2.7267627207197274,23
2023-10-28,0.3185402428965175,0.3564963394875524,0.6681862544222182,0.6966869219113594,0.013273502681264319,0.002378513125800945,0.0012114715117401077,0.0012920733040448613,2.8811359968822177,23
2023-10-29,0.3220694621854888,0.34964690867043297,0.6659075184955898,0.6882105305601638,0.012023019318921397,0.0024322588322966566,0.0011897934939564987,0.0013127845584935416,2.463496604202237,23
2023-10-30,0.30340736136292523,0.37684318550084817,0.6809760035878387,0.7236974619325258,0.015616635049236091,0.002294862135635676,0.0012636904602313927,0.001268643537299535,2.922956841452509,23
2023-10-31,0.33914567979791044,0.368356980714632,0.64985696835724,0.6770309823758613,0.010997351844849283,0.0016740048690509727,0.001152704356944943,0.0013041743802614514,2.9561323029976174,23
2023-11-01,0.3418100862213938,0.3678375223656987,0.6479605930297184,0.6751279400635913,0.01022932074888772,0.001658124332553009,0.0011387133954131364,0.0013159982285841224,1.957096345278639,23
2023-11-02,0.31525724433391245,0.3421011397661587,0.6583470875189646,0.6565893042949797,0.02639566814712309,0.0020515212036459804,0.0013929166389435941,0.001013813996786907,2.28832808443047,23
2023-11-03,0.5072623715871482,0.734942501644377,0.4877842041274111,0.6110825813000043,0.0049534242854406725,5.868482865133891e-06,0.0008422276116952338,0.0011316127848628958,3.1049526930107936,23
2023-11-04,0.6773590017147676,0.6978630226591449,0.32084719565791087,0.38342390114033503,0.0017938026273216906,1.8795292868655337e-06,0.0005678640127296402,0.0008930122857268,2.9266849340098564,23
2023-11-05,0.7225074292763058,0.7559767078216351,0.2763502424982543,0.4279930347508224,0.0011423282254398822,1.030428388967471e-06,0.0004975428370884625,0.0008256273133387144,3.440242390040028,23
2023-11-06,0.7497797211895617,0.7683756989547559,0.249651202931303,0.42608778568906935,0.0005690758791353988,8.150091612229241e-07,0.0004526393202729822,0.0007888151020174446,3.4290022818593155,23
2023-11-07,0.7666910448584636,0.7861694054172067,0.23282920682967767,0.440167292765264,0.0004797483118586771,6.513366353949097e-07,0.000428378508787993,0.0007602243579506898,2.947799834344994,23
2023-11-08,0.7510981114244181,0.7825906451341597,0.24816572612074814,0.4656600802611539,0.0007361624548337171,8.440207870847098e-07,0.00045309260347784055,0.0007828168052033057,3.0035916605010016,23
2023-11-09,0.7154918193051135,0.7230301697969622,0.28366429656223713,0.32977256277817113,0.0008438841326493704,8.204918146156106e-07,0.0005030857636870896,0.0008447540077944359,1.4592263045898757,23
2023-11-10,0.6186524204299042,0.678141125384955,0.376142545012884,0.4144282288101605,0.005205034557211666,3.2149703047246265e-06,0.0006938482123650611,0.0009251022720635689,2.124061119286632,23
2023-11-11,0.5730412657656517,0.8437932315027099,0.4251058176147446,0.7823010262940878,0.0018529166196035363,3.1923648042069394e-06,0.0007108118158136125,0.0010800278038628462,2.8348986964479623,23
2023-11-12,0.6695967603324535,0.7132485929160957,0.3284163848878291,0.4547439213576302,0.001986854779717412,2.5565279562387e-06,0.0005810453789929723,0.0009028423896232698,3.3787464622694703,23
2023-11-13,0.7180023575683269,0.7397962873544331,0.28116858723400745,0.4384859985804062,0.0008290551976658757,1.4705545256569861e-06,0.0004994636239036875,0.0008405435810694089,2.5883237814254407,23
2023-11-14,0.6834749613094906,0.7180660659258724,0.31494384331733793,0.44482396759418924,0.0015811953731715233,2.1984396696942915e-06,0.0005566628964696961,0.0008865772581740194,1.2045412203248451,23
2023-11-15,0.5110689272506198,0.70203991011821,0.4822951958148732,0.5439397781645404,0.006635876934506926,5.9332306935072275e-06,0.0008597296563222618,0.0010883051919480225,0.4326070376869875,23
2023-11-16,0.29338396711531306,0.5323158062099868,0.6901288478430054,0.6865632952016385,0.01648718504168138,0.0001990285743903106,0.0012890839871121064,0.0012678825796279033,1.2168988586034892,23
2023-11-17,0.3238116532840113,0.4167612411756147,0.6519445659314987,0.6463791378281304,0.024243780784489993,0.0006525892653418103,0.001352250962665555,0.0010449762766176812,2.62693956509194,23
2023-11-18,0.3744465380576183,0.39662175847029935,0.6129608353920828,0.6187884802926443,0.01259262655029897,0.0006840527993068228,0.0011261569357628055,0.001205906900498569,3.048974641574177,23
2023-11-19,0.3982045614564668,0.43880842972416606,0.5948933471692693,0.6697942681337884,0.006902091374263885,0.0005921089908829269,0.00101703582630198,0.0012862624096502775,1.8786852655693758,23
2023-11-20,0.3365067440903341,0.4332137977585022,0.6445867640874113,0.6608214820004511,0.018906491822254595,0.0005906462759859418,0.0012629888518573844,0.001137650403949469,2.9858437716992112,23
2023-11-21,0.3906645552933947,0.4017736143594457,0.6005673487923703,0.6014484519498812,0.00876809591423493,0.0005536249465949625,0.0010524783523798685,0.0012594604416813894,1.229637268052497,23
2023-11-22,0.36638332961154,0.35183489106251714,0.6031196991954627,0.5997065729906709,0.030496971192997425,0.0011050520500588074,0.0013785086651334213,0.0008327088838352105,1.4441317573056995,23
2023-11-23,0.3903611427170665,0.2933308515710153,0.572526958192826,0.5625622317137999,0.03711189909010762,0.0020056724674064347,0.0014349077894056507,0.0006461697054351701,3.0338831424160664,23
2023-11-24,0.3360797985535212,0.33516918307270654,0.6545600056786953,0.6219596870196485,0.009360195767783477,0.001695805844279317,0.0011347865559779556,0.0013451640575025817,2.668215249340748,23
2023-11-25,0.3478136364693529,0.3500698270920038,0.6378565628451559,0.6221771747475036,0.01432980068549142,0.001362597222036171,0.00118586023868613,0.0012163580817123095,3.0013201420944187,23
2023-11-26,0.44108617527610655,0.4809442568493095,0.552357243184808,0.616433531448693,0.0065565815390854695,0.0002165020627425416,0.0009539819640493982,0.0012163428459785073,2.8608594733398536,23
2023-11-27,0.5097052327933528,0.5350706578451895,0.48518569232693387,0.526737561506098,0.005109074879713446,5.313177236509671e-05,0.0008409990633071737,0.0011238324616139194,3.0234646071064115,23
2023-11-28,0.5327150107599145,0.5692058627992378,0.46379273501792595,0.5667488613184556,0.003492254222159469,4.597835159135808e-05,0.0007878522384618611,0.0011173146149013402,2.3956441519933547,23
2023-11-29,0.49379859247925906,0.47716230496993806,0.49843980646458685,0.46254580120474953,0.00776160105615414,6.957167044341591e-05,0.0008984361298027061,0.0010950988407851532,3.201305324627819,23
2023-11-30,0.5569206481911319,0.5961200372990652,0.4402630690214941,0.5731836718919515,0.002816282787374034,3.3707830871825485e-05,0.0007457629347965313,0.0010882623556457635,3.2119522429753955,23
2023-12-01,0.5513956965445059,0.5766132693389353,0.4460235769466453,0.5460695216613383,0.0025807265088488595,3.558395308283803e-05,0.0007501131875338863,0.0011033364259905162,1.5600541336527782,23
2023-12-02,0.5031606852741174,0.6448168699884996,0.4880160590538256,0.5187852328814186,0.008823255672056817,1.1408575153006124e-05,0.000899996190478202,0.0010552079343992327,2.0839993174411453,23
2023-12-03,0.6280624216124888,0.7125177211325942,0.3674407583264804,0.42304621286981636,0.004496820061030803,2.0349873941398407e-06,0.0006714789477909349,0.0009234547366308882,2.7133514933316136,23
2023-12-04,0.6674188962816126,0.7141315276563502,0.33060397540398573,0.46644717689451415,0.0019771283144016712,2.7523441921049593e-06,0.0005838826650674951,0.0009069841256931089,0.5484313562052772,23
2023-12-05,0.33805506632435367,0.625554806462093,0.6498303778728681,0.6487954319999043,0.012114555802778409,4.1097548892578114e-05,0.0011692633671593704,0.0012819478065394482,1.136833193410435,23
2023-12-06,0.4140589513864686,0.4165292842200774,0.5619091289484474,0.5570907565667053,0.024031919665084042,0.0003192472950479696,0.0012264110754748193,0.0008866662260287254,2.889290046652217,23
2023-12-07,0.465098647292616,0.5794713543394622,0.5305412701808363,0.7607364143849944,0.004360082526547771,0.00021653040191001248,0.0008916513732810428,0.0012205691408408946,2.735343677080278,23
2023-12-08,0.4557739921857952,0.5731007523979216,0.5394315363338023,0.7570954268206581,0.004794471480402601,0.00022712355197575032,0.0009102096011050148,0.0012279928322571742,1.9785252999866598,23
2023-12-09,0.3717787620558634,0.47765342927384136,0.6144114827471684,0.6547528420127052,0.013809755196968148,0.00031030115683111864,0.0011462073894621574,0.0011843630816488616,2.6599311152489897,23
2023-12-10,0.4101412904744377,0.49466795944389363,0.5818425633103388,0.68213514855627,0.008016146215223438,0.0003142485079472002,0.0010158120454807386,0.0012405894043619975,3.096983366539123,23
2023-12-11,0.43537202326859775,0.48134912788572837,0.5592084083566,0.6648645123939474,0.005419568374802199,0.000322190930756371,0.0009464249559900707,0.0012512811724727678,0.4796194634853854,23
2023-12-12,0.23654018177270397,0.4438789176076575,0.741748738980626,0.7390164537047572,0.02171107924667002,0.0010561975650064572,0.0014369642384909735,0.0012573535663754616,2.747522465109995,23
2023-12-13,0.3463958993275998,0.44691633297883554,0.6428625936699459,0.7312584490364255,0.010741507002454437,0.0009380999545644886,0.0011393807804925863,0.0012966283806334009,1.5527521901907815,23
2023-12-14,0.29127201457477225,0.37486392908770966,0.6808352003278566,0.6791579860985524,0.027892785097371007,0.0015545121132262802,0.0014457801880884181,0.0010246849639036384,2.913226894376885,23
2023-12-15,0.3786330212709851,0.4026597596397316,0.6114091187996848,0.6287091812322196,0.009957859929330007,0.0006828924950757984,0.0010849128947919284,0.0012554110387822531,1.7407298801649347,23
2023-12-16,0.34681853143052044,0.496912532528515,0.6367595251969184,0.6531189136900456,0.01642194337256106,0.00023749099854900737,0.0012154351684476954,0.0011728449801544456,2.929267994532911,23
2023-12-17,0.4239352644311119,0.43063370748778096,0.5678683575376977,0.5616643693138886,0.008196378031190202,0.00027358885011949575,0.0009994585885605234,0.001211787727380345,2.0944948847514246,23
2023-12-18,0.3766082485201775,0.5095536500982423,0.6120513338781133,0.6808318908021671,0.011340417601709228,0.00025534933413414465,0.001106321485433966,0.0012291239084235156,1.6774793773727312,23
2023-12-19,0.3426821303061247,0.46162145309014196,0.6374717774246427,0.6409731045152302,0.01984609226923278,0.0003416294274029512,0.0012672475923321024,0.0011061548837868972,2.747334909492414,23
2023-12-20,0.4176699701102064,0.5314507027866643,0.5755608068415528,0.7244634560187584,0.006769223048240865,0.0002855696034141721,0.0009887381486550495,0.0012540044446761487,1.5485643590913918,23
2023-12-21,0.3698194975128759,0.3980777555360088,0.60507436100452,0.603401669583289,0.02510614148260424,0.0005917431290899414,0.001301182952716963,0.0009432550905627914,2.9304881954508017,23
2023-12-22,0.4939565158777418,0.5162481713256607,0.5002969917906841,0.5264832164965857,0.005746492331574102,6.780278194980506e-05,0.0008710471899891745,0.0011384547576562855,3.1721909325422573,23
2023-12-23,0.5289601300183954,0.5691414275785786,0.4678244182700955,0.5980378233360542,0.0032154517115091075,5.866980224549183e-05,0.0007892342790994201,0.0011300869342163815,3.1081853019978505,23
2023-12-24,0.5738873712472157,0.5984806548371793,0.4233768597107433,0.5025467524665532,0.002735769042041086,1.9125469100970746e-05,0.0007215626023528717,0.0010593807345988262,2.372463544333639,23
2023-12-25,0.5342796885782094,0.5117376707324148,0.4597929846859133,0.4101860379699384,0.005927326735877233,2.972001375496268e-05,0.0008185548459243356,0.001061754259768396,2.732412262400531,23
2023-12-26,0.5968201682852076,0.6923003295408026,0.4003322851649773,0.6122485922340707,0.002847546549815121,1.1642140406472166e-05,0.0006918238528496372,0.0010155657935168483,1.3693813061146962,23
2023-12-27,0.4869122702415807,0.5702063510044991,0.5016289412981275,0.5173730805230718,0.01145878846029194,3.118914612141462e-05,0.0009576659002863982,0.0010274592480458776,1.8850790386689518,23
2023-12-28,0.5762416974991005,0.42581484390103874,0.4101934449899395,0.334462443635806,0.013564857510960013,4.9579890276054965e-05,0.0008643017705614492,0.0008206068336389998,2.126599468381574,23
2023-12-29,0.5402110840918883,0.6044041384823172,0.4541511186391435,0.5199098303886489,0.005637797268968134,2.0111993552353106e-05,0.0008065702579363105,0.0010573182696157494,2.3223120308251626,23
2023-12-30,0.5367239487003466,0.581195694789465,0.4576038548717023,0.5096626789732206,0.005672196427951104,2.543398103184345e-05,0.0008117849471446186,0.001062867644996517,3.170401187052726,23
2023-12-31,0.679641768853216,0.7688378600352583,0.31899570612513684,0.667961572034607,0.001362525021647189,5.1737835226951105e-06,0.0005589409347415822,0.0008982319704939731,3.399828735839288,23
2024-01-01,0.632425363297515,0.6444277877421083,0.36641072962600363,0.4524958598160613,0.0011639070764814198,6.9794332842851745e-06,0.0006206120082632261,0.000987760037056603,0.7885280932030738,23
2024-01-02,0.4006218042783848,0.5683290747042966,0.5847185665763397,0.5844086519620425,0.014659629145275466,5.331431966369563e-05,0.0011183824533891058,0.0011138951541340252,2.0703364339923866,23
2024-01-03,0.4436277832327947,0.5386980470137978,0.545180788877717,0.5784741659006046,0.011191427889488107,7.525476093155088e-05,0.0010130307378339867,0.001111378868533049,0.8448304748824986,23
2024-01-04,0.2857837454779167,0.5082171165467646,0.6964465224747068,0.6917028824899139,0.017769732047376342,0.0002862787018899759,0.001316736276288685,0.0012538251728822876,1.656742195997906,23
2024-01-05,0.3168052311241443,0.4412244788724068,0.6609673881087734,0.6584163026821531,0.022227380767082486,0.0005195065463621571,0.0013346088179768424,0.0011012919557164187,2.938938360607955,23
2024-01-06,0.40800926199110243,0.4414236512798337,0.583790155611454,0.6235283203945775,0.008200582397443791,0.00038704216352428747,0.0010212034658877377,0.0012404434486952853,2.9852931456650027,23
2024-01-07,0.428598181045282,0.46166688614422857,0.5650132939747846,0.6246555100002662,0.006388524979933426,0.00029843933951473014,0.0009687209989567622,0.0012425235235423993,3.1066060126316466,23
2024-01-08,0.43101918856364846,0.44364659680774865,0.5631283179921196,0.5806090734797523,0.005852493444232019,0.0002665791246238774,0.0009581928172451422,0.0012497623249769264,0.25162296129457995,23
2024-01-09,0.205292651985389,0.4440470059452604,0.7734714264008723,0.7708542818002024,0.02123592161373877,0.0014759230766851832,0.0014730989988068117,0.001324046458287113,2.105811773224535,23
2024-01-10,0.2221961910681948,0.46599625464339767,0.7614838078024254,0.8004175402264377,0.016320001129379834,0.0015490989728998415,0.0013837443233446444,0.0013999987191077882,2.3271838557710978,23
2024-01-11,0.25246941473032525,0.4644412389579291,0.7333906220909958,0.8046083763593804,0.014139963178678968,0.0016664644093424819,0.0013131123096593597,0.0013925677281686286,2.6111283750921466,23
2024-01-12,0.33387210899929304,0.4340853904501518,0.6538967111288205,0.727150898091692,0.012231179871886325,0.0010714927376598799,0.0011765323988281525,0.0012869724202007734,-0.32972127983769517,23
2024-01-13,0.20023718087575995,0.33362073268129416,0.7693603507958389,0.7576342144711837,0.03040246832840106,0.006174405573169729,0.001603639441021932,0.001134652870616031,2.769714430341331,23
2024-01-14,0.29689456337072806,0.3211749123025254,0.6858612614477079,0.6889045479680648,0.017244175181564146,0.003762538178751094,0.0012945162355001516,0.0012451518321796027,1.9115260009931736,23
2024-01-15,0.2787807498982345,0.33844874105734973,0.6936704771380527,0.6957292209618052,0.02754877296371278,0.0030806473909337252,0.0014581614345477389,0.0010546821938163195,2.3693049674876008,23
2024-01-16,0.2796555620934488,0.3658130777894141,0.7020424245090944,0.7358549884861408,0.018302013397456653,0.0030385962045013236,0.0013322620671585303,0.0012533591204445204,2.3858199408883323,23
2024-01-17,0.29342805133822975,0.32423059918761726,0.684969017685948,0.6875292054697615,0.021602930975822398,0.0035440980657131336,0.001358031173722925,0.001157011900333294,2.5500299175056553,23
2024-01-18,0.29116702988615084,0.3716966445702584,0.6942298056200801,0.7501262835752386,0.014603164493768856,0.0032355601303991266,0.001266682270871141,0.0013126862095069179,1.5511803774219426,23
2024-01-19,0.26936992616194766,0.4200997079265088,0.7069626730232911,0.7049891236513788,0.023667400814761305,0.0010482782931942975,0.0014186427773098852,0.0011557273506407405,2.7157128898505754,23
2024-01-20,0.35242712898906625,0.40126479413700766,0.6351040521376605,0.6701253099130007,0.012468818873273304,0.0009904310578570993,0.0011544729257904852,0.0012483336927311445,3.0147500594178176,23
2024-01-21,0.3762528447475091,0.416105114485461,0.6157623365012234,0.679500663812395,0.007984818751267527,0.0008773878718800953,0.0010615333942901228,0.0013024372283641098,3.009377913831098,23
2024-01-22,0.3738391545283408,0.39964654363451213,0.6179798607806364,0.6549389450333648,0.008180984691022929,0.0008877859597212985,0.0010674665949725287,0.0013025456481748304,1.0024752251503566,23
2024-01-23,0.37098773410627167,0.541593975392712,0.6129807267471549,0.6092165956366149,0.016031539146573605,9.222805039888771e-05,0.0011772499004774927,0.00113767399105085,2.998055008557308,23
2024-01-24,0.5072836327028092,0.5707303176970495,0.48850001985913377,0.6169946906937694,0.004216347438057135,4.89828394235094e-05,0.0008501516909320989,0.0013620982587997388,2.9435277452255857,24
2024-01-25,0.5361318462728902,0.592835165412936,0.4605968481887808,0.6099186455214423,0.0032713055383290345,3.387836396326096e-05,0.0007975195656419449,0.0013446785860230332,3.1083235683689434,24
2024-01-26,0.5492167212795867,0.5848153068982337,0.44808046147092545,0.5710027026024839,0.002702817249487825,3.0201960081901513e-05,0.0007717471813190825,0.0013398714930055308,0.8452119959736131,24
2024-01-27,0.31865710958041715,0.5271691095155115,0.6653506955762954,0.6643582956400007,0.015992194843287493,0.00012448578704357788,0.0012703157112145403,0.0013521686217839975,2.8534744143677866,24
2024-01-28,0.44731259797504586,0.492596269980193,0.5453752255862783,0.60010956620708,0.007312176438675779,0.00013663040549965124,0.0009749321574841265,0.0013732816686726037,3.051250122782458,24
2024-01-29,0.5063382549370865,0.5492145304028833,0.48973438671843755,0.5961196129247684,0.003927358344475836,5.8986746425395994e-05,0.0008475299771620055,0.001369748470971682,1.5139427172144124,24
2024-01-30,0.38674328932298,0.5185787827696161,0.5986022603011641,0.6139709483986578,0.014654450375855674,0.00010233574235922432,0.0011582184261810459,0.0012913038418044128,2.87668908278431,24
2024-01-31,0.4597066951480642,0.44732582066224974,0.5329120395496176,0.49101804296947016,0.007381265302318277,0.0001377879549801238,0.0009587740056955076,0.001355285458720229,2.8426024470260756,24
2024-02-01,0.4654088525536372,0.49756910466463283,0.5289637910562797,0.5860314964490653,0.005627356390083207,0.00011679784980277954,0.0009270819914114693,0.0013865159203962933,2.8515430678359395,24
2024-02-02,0.5592057773447546,0.615089316915294,0.4372772362355288,0.552347505980349,0.0035169864197165447,1.7246292591681875e-05,0.0007690256094236431,0.0013085852448682107,3.219775728593338,24
2024-02-03,0.5731924144004356,0.5956275580744577,0.4246043006414686,0.5150034920747563,0.0022032849580957328,1.857004793394745e-05,0.0007318872592716332,0.0013190684789912525,3.1678599356355743,24
2024-02-04,0.5822574680524082,0.6109207776646578,0.41564007422907295,0.5337831960214997,0.002102457718518919,1.64819312161232e-05,0.0007180120587948764,0.0013092549770525664,2.8782725371485873,24
2024-02-05,0.5744486531839081,0.6170925958555733,0.4229452025018535,0.5554121562195025,0.002606144314238469,1.7035228225120533e-05,0.0007356259375445816,0.0013084857630680001,3.2557678189763126,24
2024-02-06,0.758124946103626,0.7951463604476346,0.24112148774808156,0.41876973876177814,0.0007535661482925376,3.402896142402352e-07,0.0004570286816177439,0.0011054319622991022,2.99208883749749,24
2024-02-07,0.7578321398875261,0.7835862978507897,0.24158357556510723,0.422772835221722,0.0005842845473665805,4.4572408464764434e-07,0.0004551351076171733,0.0011095664994626806,1.2908682726025182,24
2024-02-08,0.6194786399028203,0.6967160315071516,0.3762508921745605,0.4320799424676794,0.004270467922619196,2.3640826287886402e-06,0.0006960994181320091,0.001211831598574232,1.6908288441389905,24
2024-02-09,0.6201340737994497,0.7344363864522292,0.37598970332076487,0.44380602694706484,0.0038762228797852953,1.3099610315199304e-06,0.000689842021346516,0.0012196837495139815,0.8945343828631525,24
2024-02-10,0.46956410089132455,0.6129679243824546,0.5192255825756593,0.5184377213793127,0.011210316533016181,1.4624357853395531e-05,0.0009971807841678692,0.0012574673460592515,2.663044162647756,24
2024-02-11,0.5548669664865871,0.6102452085014408,0.4409809043714071,0.5280216231895019,0.004152129142005864,1.6103021973418756e-05,0.0007836377440701436,0.0013002969931792923,3.0219299787236213,24
2024-02-12,0.5897230886472825,0.6414476565780287,0.4080378511480755,0.5827763553174096,0.002239060204642109,1.3788597593906305e-05,0.0007095678997125186,0.0012963132494667393,1.0738441221386663,24
2024-02-13,0.3768515515165727,0.5699329749792836,0.6098426509789668,0.613979507246203,0.013305797504460455,4.864822107005318e-05,0.0011535469978376349,0.001334286685131474,2.8195018091815416,24
2024-02-14,0.4945756828636508,0.5215929799018018,0.49942050265955296,0.5323060676424736,0.006003814476796376,6.019475411774843e-05,0.000891962490995654,0.0013394336230307755,1.06958393517584,24
2024-02-15,0.3710422068048414,0.47309352330607307,0.60909318623796,0.606916197957695,0.019864606957198522,0.00018873206621784481,0.0012506313549639487,0.001196886202184049,3.0067521181222867,24
2024-02-16,0.4418487758532649,0.4810401856563283,0.552120179703878,0.6206280642316021,0.006031044442857053,0.00018315418964939177,0.0009650636663767008,0.0014088873546436284,3.0671284891331387,24
2024-02-17,0.44579649589776027,0.4647754399795752,0.5487196669959744,0.5845404957128555,0.005483837106265432,0.00018576315547781539,0.0009521839151833065,0.0014157495898425622,2.7789174592488846,24
2024-02-18,0.4609210651501495,0.5048553689178766,0.5331157600508251,0.6061729645601779,0.005963174799025337,0.00011885190723174422,0.000937834520812867,0.0013850484085167522,2.9001245334481776,24
2024-02-19,0.4845970859704062,0.533107796001528,0.5106791604534727,0.6119439041619316,0.004723753576121053,8.197535994061628e-05,0.0008883385748336776,0.001381014218060416,2.9667566967030807,24
2024-02-20,0.5464221805058838,0.5739089276910699,0.4500511328678969,0.5149077441029769,0.0035266866262193353,2.5543001344627168e-05,0.0007867929401185962,0.0013253556941030648,2.9473621876790537,24
2024-02-21,0.5590189700120682,0.5965599651048479,0.4380449936370801,0.5465572297679975,0.0029360363508516285,2.1995360951132392e-05,0.0007613926852835555,0.0013216874540131814,2.760561755215643,24
2024-02-22,0.55718547003215,0.615801029582241,0.439732107021055,0.5881014947477976,0.0030824229467949402,2.1068867776652055e-05,0.0007659103701617515,0.0013208846293754951,2.9076729101505263,24
2024-02-23,0.630773588537298,0.673736675336585,0.3671510009128695,0.49628234878705907,0.002075410549832465,5.003569065866535e-06,0.0006507093381101001,0.0012453919113148534,2.886990345531752,24
2024-02-24,0.6301616271415469,0.6599097976762812,0.3679892973796739,0.4773428579017945,0.0018490754787791781,5.599020776879127e-06,0.0006484801994914089,0.0012512128533851584,2.547372395073317,24
2024-02-25,0.7789567695072294,0.8348438186648356,0.2201253596017189,0.3598011611732594,0.0009178708910516809,9.367886380647998e-08,0.00043050761200453023,0.0010741181385594282,3.4259565031931962,24
2024-02-26,0.8216749302439444,0.8374571472173615,0.17808480584753084,0.371764940323176,0.00024026390852479717,9.424725003816835e-08,0.0003623503386271242,0.0010323527785267021,-0.24975285545428383,24
2024-02-27,0.5007859817729584,0.5674402312320324,0.4857089706592834,0.4852851998197341,0.013505047567758282,2.3648987489794343e-05,0.0009852571245241905,0.0011652111910003778,1.0186252305062407,24
2024-02-28,0.34781260651623885,0.5324476117849876,0.6365741388031441,0.6316536654516283,0.01561325468061699,9.352553051583361e-05,0.0012249486267659582,0.0013218151997226055,-0.6717562784783693,24
2024-02-29,0.2052885428401103,0.3682733821592803,0.7681212484425574,0.7518150596910874,0.02659020871733221,0.002489650516781299,0.0015706581034286814,0.0012683071774633532,2.188002384771499,24
2024-03-01,0.2513035078342079,0.35828302894262615,0.7253660783484962,0.7438474772197482,0.02333041381729584,0.002738476474850898,0.001462903465605943,0.001279294544172122,2.2404873731339983,24
2024-03-02,0.2974239248839051,0.3063756376939525,0.6740984273595548,0.6636785590461345,0.028477647756539853,0.003612825767742871,0.001469145940846653,0.001104129267179597,2.7075961254101726,24
2024-03-03,0.296447853614819,0.33587810641350513,0.6885256499867266,0.7137663104857368,0.015026496398454317,0.003129199435028735,0.0012878317860623271,0.0014030440921796814,2.4240372039292857,24
2024-03-04,0.2856023944630243,0.3296427027719453,0.6939016735010721,0.7075908629455794,0.020495932035903646,0.003316163861072653,0.0013770885258114728,0.001296438206547251,0.09304395466639848,24
2024-03-05,0.19734370738591525,0.27872039190434345,0.7625299870498733,0.7520300855544467,0.04012630556421141,0.011531703012160574,0.0017653591179964143,0.0009793657289096727,0.7159697906016687,24
2024-03-06,0.14549885806620078,0.28018062495862933,0.8173877962807614,0.8067713755714148,0.0371133456530378,0.018561550522004894,0.001796031547785435,0.0011149142441606637,1.8380414237976919,24
2024-03-07,0.21862947604266783,0.22128830511061567,0.7259370616803362,0.7210118993162943,0.055433462276996255,0.028421630532565804,0.0019435194927493447,0.0006124005202218213,2.3855436877705043,24
2024-03-08,0.20766744861839104,0.27501624408396075,0.7653398110599188,0.7801608918931588,0.026992740321690356,0.015819961840237207,0.0015728423051492863,0.0012562400687811217,2.212703589708575,24
2024-03-09,0.23953324394365316,0.25067864638642995,0.7217088794626081,0.711495853010168,0.038757876593738694,0.014327701697660587,0.001688552063293614,0.0009535877449058871,2.8022492299267987,24
2024-03-10,0.3151630205599667,0.344389009906492,0.6699863723861279,0.6816256244074317,0.014850607053905404,0.002158297913910076,0.0012596275002947832,0.001382069666896294,2.871249149160259,24
2024-03-11,0.3244786856453851,0.3692178247695205,0.6641687813529529,0.7137617325424994,0.011352533001661938,0.0018255355959115713,0.0011992512506173454,0.001447090109866019,1.2599196808615563,24
2024-03-12,0.21268279495450973,0.36249671916109955,0.7587222300384919,0.7565617985363884,0.028594975006998365,0.002838648288398079,0.0015876786604434188,0.0012141255902200698,2.4829827469484895,24
2024-03-13,0.27796599537397493,0.33901995845955324,0.7017420344612965,0.7225320676965409,0.020291970164728695,0.0031736331485321292,0.001384853401383915,0.0013110972236074088,2.0229742141206275,24
2024-03-14,0.2770115087087039,0.3153067721672127,0.6922670813830898,0.6906929798765206,0.030721409908206085,0.003739312447717969,0.0015277713621806822,0.0010816053496689715,1.9578454748583325,24
2024-03-15,0.3859284462714399,0.3700103596792286,0.5889512597423701,0.574380612587699,0.025120293986190083,0.000718947761309812,0.0013014286014096305,0.0010608209628025019,1.5426710868977294,24
2024-03-16,0.3866604559108376,0.493736229178884,0.5961517547622135,0.5935794759882381,0.017187789326948977,0.00012917665924380378,0.0011927354576399144,0.0012353616595481695,0.5871676656877335,24
2024-03-17,0.2816197598029759,0.4570085894512727,0.6981389233858109,0.6888448015343239,0.020241316811213494,0.0004055611930278628,0.0013791248092075606,0.0013073633548113602,1.4402017617713172,24
2024-03-18,0.37044813130856913,0.35388485286303206,0.597785750222929,0.5921000321878933,0.031766118468501685,0.0010332112609953282,0.0014129697224164364,0.0009343446466007591,2.7907878439376486,24
2024-03-19,0.3658667401761851,0.40500059513471715,0.6246623503057,0.6687409437914847,0.009470909518114934,0.0007652380905810866,0.0011166008459555941,0.0014337318814252227,-0.8826666312720182,24
2024-03-20,0.18802041448991383,0.3168096767032388,0.7791948078423506,0.7645314621396617,0.032784777667735535,0.006480748986232096,0.0016785931367672776,0.0011541906657592399,-0.424288699173035,24
2024-03-21,0.17051380080805603,0.23476777694630765,0.7811114478294982,0.7579136715715394,0.04837475136244571,0.028854498007503875,0.0019142850083318044,0.0008325098444870388,1.637400835553894,24
2024-03-22,0.19933306779361992,0.2329765789042281,0.7495410407444775,0.74234222217855,0.05112589146190238,0.02627468771918119,0.0019117885643938856,0.0007333475185898229,1.7368430803226977,24
2024-03-23,0.23965317930547553,0.2018870236501069,0.6981334280723951,0.6880401505527818,0.06221339262212947,0.034233197907627896,0.002006321439524487,0.0004344555120557609,2.43416162362106,24
2024-03-24,0.21150718801638457,0.22773800008678474,0.7555568524697571,0.7389219971454909,0.0329359595138585,0.028543582343776446,0.001648232983820883,0.001119639666751893,1.475323578340023,24
2024-03-25,0.19494380266339337,0.22106175695628297,0.7503564836063652,0.7456104116140619,0.054699713730241406,0.03482975214226464,0.0019662939031290265,0.0006601055645692898,1.599161743047097,24
2024-03-26,0.20131283162325112,0.21016706749525757,0.7402236431994342,0.732807659064962,0.05846352517731451,0.03991668685854226,0.0020085000869468268,0.0005683658089274393,2.7331591394106063,24
2024-03-27,0.22053126218380542,0.23719907071033927,0.7537795028014027,0.7393109195955416,0.025689235014791853,0.023465963333754766,0.0015373926544579694,0.0012679895569367569,2.4528455942948852,24
2024-03-28,0.2210607067691956,0.2580605227636162,0.750103640332885,0.7521275144468939,0.028835652897919353,0.017134368179117822,0.0015793862549138699,0.0011976689810676662,2.0710818069228685,24
2024-03-29,0.27047402552744443,0.20635555433116548,0.674813980491487,0.6518472743334588,0.054711993981068414,0.02390903607387149,0.0018621208485184455,0.0005594797459749705,2.402090198462251,24
2024-03-30,0.27389795031276876,0.323540342707201,0.7055290682072339,0.7172546863483351,0.020572981479997338,0.003949637037873953,0.0013942822536163497,0.0013102846689058388,2.8152383850634797,24
2024-03-31,0.41862668382411383,0.4801139060205332,0.5730014192075,0.6384826121812357,0.008371896968386182,0.00020770731418068782,0.001028897393065605,0.0013879483399870858,1.9824911559686946,24
2024-04-01,0.436220254703166,0.4647090479046025,0.5490905310901598,0.552335715690131,0.014689214206674265,0.00015341609693727892,0.001090426941223109,0.001224796518356529,1.958330783253256,24
2024-04-02,0.4522574298246429,0.4814699664485882,0.5347270698146813,0.5376391559683446,0.01301550036067568,0.00011047966586113335,0.0010455725387568838,0.001240520855907389,0.3193541959856917,24
2024-04-03,0.2954885323766654,0.415972319190117,0.6805499575489653,0.670929186483787,0.02396151007436926,0.0006583757968822069,0.0014105091554593651,0.0012066240664614083,2.7209535954729787,24
2024-04-04,0.40459394959409645,0.4458484673278799,0.5852832393420269,0.6175966508536356,0.010122811063876679,0.00029966338951949043,0.001072040237250144,0.001367852658778594,1.4835106282126669,24
2024-04-05,0.39428965371201735,0.4415358224591932,0.5837566475834499,0.5814404314824874,0.021953698704532894,0.0002557201899222743,0.0012469107602510593,0.0011197753123965751,2.806697464683845,24
2024-04-06,0.4254516904308152,0.4853313770537862,0.5678874383428935,0.6597380498232964,0.006660871226291456,0.00022094360057111826,0.0009962372631082976,0.0014167380890815022,2.276612831019773,24
2024-04-07,0.39712532777076526,0.46083183275772477,0.5912906199782725,0.6315649044828354,0.011584052250962217,0.00026291101148804376,0.001102192459916065,0.0013454447483859078,3.0205948938328513,24
2024-04-08,0.4414564661934613,0.4858482434939358,0.5529009192298613,0.641373835403661,0.005642614576677385,0.00019474366701817557,0.0009603273171670418,0.0014180029365881515,1.4699981505341322,24
2024-04-09,0.3409485566279019,0.4501266833316162,0.6382222005216059,0.6404358250343057,0.020829242850492147,0.00032518983648977597,0.0013052531504155033,0.0012155271053023488,1.382151979836472,24
2024-04-10,0.28568850710993865,0.4335432841398684,0.691942160315716,0.6872000785912014,0.022369332574345587,0.0005663058241562582,0.0014024115237828722,0.0012548732406282318,2.0744276650054605,24
2024-04-11,0.3513092800736505,0.4001799329076386,0.6276647158163672,0.6306004946436953,0.02102600410998238,0.0006413435044722468,0.0012936285212025226,0.0011974077025929215,2.7735279684896805,24
2024-04-12,0.3827477418634858,0.41573427885804304,0.6074712916081954,0.6388726237993331,0.009780966528318504,0.0005351222941626258,0.001097529995067806,0.0014044424722104926,1.164644251879924,24
2024-04-13,0.3256925796964419,0.5012804010538892,0.6566912948203704,0.6534068951752173,0.017616125483188,0.00016839913554579191,0.0012826679186088096,0.0013068900411885697,1.3737417435537551,24
2024-04-14,0.33516039904143285,0.4375028541658226,0.6423412010222862,0.6373052802857788,0.022498399936281045,0.00038359406979151633,0.0013359025187538662,0.0011862861137000066,2.3281906680031286,24
2024-04-15,0.38659006335048063,0.4766634244710532,0.6016138426369444,0.6480384266491613,0.011796094012575096,0.00023212794682669856,0.0011196057716136149,0.0013547509487634557,1.3881665306473998,24
2024-04-16,0.32546177544373434,0.43596016145483973,0.6520790656375313,0.6497850601460489,0.022459158918734366,0.0004252933077438684,0.0013487526501038331,0.0012000405428620679,2.864069999259768,24
2024-04-17,0.3990626767256422,0.4110632603910227,0.5911766160546051,0.5903619417169993,0.009760707219752694,0.0004236640339640136,0.0010747508613891334,0.0013832136986501116,1.2455807357502944,24
2024-04-18,0.2931217204007391,0.4165061009265862,0.6826607921668989,0.680071264205546,0.02421748743236191,0.0006949830877047818,0.0014172505032000223,0.0012041050458736228,1.6173325716866183,24
2024-04-19,0.20216044989065118,0.4836904793853883,0.7807870413711665,0.7808901427981332,0.017052508738182332,0.0005575526330441611,0.0014454034752365986,0.0014834929312615834,2.7324690353576147,24
2024-04-20,0.37366219507033555,0.44689464778847204,0.6148708567849461,0.6679117954195649,0.011466948144718367,0.0004080191157786586,0.001132967350670306,0.0013792103382827465,2.2807413119740994,24
2024-04-21,0.3745124411259396,0.43516009231827474,0.6116830029508756,0.640524706990108,0.013804555923184832,0.00040534344502017106,0.0011635484473556587,0.0013263591248005994,3.0165215961036203,24
2024-04-22,0.4080552586793106,0.45151709520715905,0.5852903093593348,0.6643079217683018,0.006654431961354591,0.0003722614050249013,0.0010201438249007944,0.0014399945342782078,1.616711460634226,24
2024-04-23,0.38592746566999947,0.44469607053397564,0.5933615067996323,0.5944940255120034,0.020711027530368267,0.0002642932196533219,0.0012415821049271344,0.0011583809681112015,2.7689207490912624,24
2024-04-24,0.3107449705238739,0.7553473981140851,0.4628186574478225,0.6028038402062278,0.22643637202830347,0.13412359989113912,0.0008319409326559424,0.0013653817270582204,1.2418585581346195,25
2024-04-25,0.09127280113527328,0.7552426056689292,0.5758203979214352,0.5527408515751718,0.3329068009432915,0.1685951680873073,0.0011485459282457482,0.0018240853642847372,2.8178901239379983,25
2024-04-26,0.24591380177222483,0.7550714713948953,0.514547820188674,0.6465697093645443,0.23953837803910136,0.10818798518299724,0.000886162506664872,0.0015481606437062676,2.6449854389714065,25
2024-04-27,0.32323246172917025,0.756136700085015,0.47665493057367436,0.6542136533903123,0.2001126076971553,0.1091907034303029,0.0007704742606897294,0.0013915015618214265,3.123840104850258,25
2024-04-28,0.47069831509813187,0.7422797629564676,0.394656610630714,0.6348857012920845,0.1346450742711542,0.05905876493877864,0.0005705279743440911,0.0010676497580646893,3.173819002173156,25
2024-04-29,0.5286603325875736,0.7263085416174179,0.36360632238592305,0.6095221755584428,0.10773334502650336,0.0290557737471119,0.0004893552820571457,0.0009433977026760778,2.4210474910252153,25
2024-04-30,0.35092806444773517,0.7287774351766118,0.44104372675696385,0.6006199132854972,0.20802820879530107,0.035807800747479045,0.0007762544854889022,0.0012786008632262903,0.22540166877762036,25
2024-05-01,0.2373179181556689,0.7512383395555458,0.559836969255644,0.5616614291588229,0.20284511258868693,0.12749801812554026,0.000810920051441542,0.0016714190260662329,0.839234536115397,25
2024-05-02,0.13420131485666012,0.633922377837553,0.565644940990919,0.5975080210319226,0.3001537441524208,0.19134806422859255,0.0010610610540834643,0.0017650972512406175,2.407103352234847,25
2024-05-03,0.1103734844608634,0.7610705740546376,0.5685779065895384,0.6155902675124851,0.3210486089495982,0.16618165429447937,0.0011154467535586519,0.0017908433222002332,0.3656811824403986,25
2024-05-04,0.15100473362036212,4.73205082181512e-10,0.5298038424113405,0.6190961571309203,0.31919142396829747,0.3067454115697191,0.0010951582790414368,0.0016599185959800002,2.5206808903980034,25
2024-05-05,0.04594202144755953,3.100354486164475e-07,0.5285205207182724,0.6325402545957434,0.4255374578341681,0.27533275944745617,0.0013654714921501293,0.001736810181351652,2.717143464260869,25
2024-05-06,0.03698169381324457,6.57838660691864e-08,0.5028347358957526,0.5913889419865781,0.46018357029100293,0.2714935899877351,0.001443393199103535,0.001677465222259677,2.396964403487369,25
2024-05-07,0.09665429895448867,1.0381898385531255e-06,0.5571687757555726,0.6651042914267722,0.3461769252899387,0.2713506662755548,0.0011748632472973954,0.001771917718133926,2.459631093483392,25
2024-05-08,0.04754418685517779,6.784401615667321e-08,0.5252816566450131,0.6229225088604973,0.42717415649980894,0.28136187874658664,0.0013683400229815802,0.0017272415877424639,2.1130441283890042,25
2024-05-09,0.05299970210225295,1.1160207434864164e-09,0.5730184202790355,0.585475360393022,0.37398187761871154,0.2888281516145368,0.00125201977921972,0.001846080790798329,1.9507043884565691,25
2024-05-10,0.08109344511474122,2.2321986111125894e-10,0.5831286877554311,0.6564832932557508,0.3357778671298276,0.3208284231173443,0.0011587841184498649,0.0018506869643839055,1.5272116953614119,25
2024-05-11,0.08521711888657779,5.585974518670522e-07,0.5755326659054364,0.5978230234667498,0.3392502152079859,0.26336281507135995,0.001164584018620203,0.0018279664939835647,2.8491315581104515,25
2024-05-12,0.17162170364613863,0.4978476576108198,0.4882046551820703,0.6277739975592155,0.3401736411717912,0.1974505586294696,0.0011318684698995386,0.001536992011954308,2.718136590072647,25
2024-05-13,0.2308278548290914,0.6743800001625672,0.48795515696574987,0.6160506096485703,0.2812169882051587,0.19091412070373834,0.000981608190823528,0.0014911548417269917,2.066037850362951,25
2024-05-14,0.17338212146248064,0.7408247235489691,0.537116232699237,0.6235605009405526,0.28950164583828225,0.059047944395142035,0.0010224838725509163,0.0016616789720847306,2.028308561274985,25
2024-05-15,0.20794019336425262,0.7445590466345214,0.5302815386102909,0.6453534456150649,0.26177826802545656,0.06210231482774669,0.0009491325772865193,0.0016176884962961604,-0.25978402533962885,25
2024-05-16,0.3990430034608966,5.165653063890501e-06,0.34593514486574517,0.7114116826489595,0.2550218516733583,0.25291424266767176,0.0008574343804737364,0.0009968060668211142,2.2860390105514488,25
2024-05-17,0.04243119355863004,8.416272959451228e-08,0.37930245024051407,0.6263417562095089,0.578266356200856,0.2810462688206436,0.0016944015618214894,0.0013549990367624973,2.089154064460601,25
2024-05-18,0.1275414567178824,1.326758013377507e-08,0.5506372585631191,0.6553135280180796,0.32182128471899857,0.2964489412266836,0.001110219657244659,0.0017315105871811688,2.936220183968636,25
2024-05-19,0.03190936163722972,1.1444497602542529e-07,0.4040099699948526,0.6370952276913976,0.5640806683679176,0.2815880679558589,0.0016682382440461213,0.0014266947610949707,2.403499528543194,25
2024-05-20,0.09485527497923917,1.9390766325239338e-05,0.5373839522513368,0.6214625417721976,0.36776077276942387,0.251643450004645,0.0012218924029202196,0.0017223113082589206,0.13175724496152752,25
2024-05-21,0.1264243971660095,1.1693019104416465e-15,0.4918577163270623,0.6282411540601139,0.38171788650692823,0.38229462720085855,0.001239146783603397,0.001580905683915103,2.403713382017621,25
2024-05-22,0.00921072277426521,1.955897231203205e-18,0.4628368814279748,0.4892532917037588,0.5279523957977599,0.31689869399740256,0.0015999108049674748,0.0015956011410704777,2.269648418048056,25
2024-05-23,0.03745774129500621,4.891121685070162e-17,0.5633270207005274,0.5941203756791799,0.39921523800446634,0.37970383413529013,0.00131239393001894,0.0018329726681869025,2.212980354981693,25
2024-05-24,0.03305819046373877,1.7190051687539943e-16,0.568279117120896,0.6040711913498336,0.3986626924153651,0.3793337897582575,0.0013129702056823508,0.001849091107526911,2.5647223111496347,25
2024-05-25,0.0168562634190297,1.2879413799530662e-16,0.543270722546629,0.5591638073785625,0.4398730140343413,0.3509713392186253,0.001407892680287823,0.0017970193696930368,2.5862089050985206,25
2024-05-26,0.09264457547323504,0.5121235585851701,0.5723753388990567,0.6158851031232885,0.33498008562770826,0.1967454399608212,0.0011524452755709497,0.0018141613331077553,2.5145451158507406,25
2024-05-27,0.14850625215962185,0.6450491925202159,0.5388755981863875,0.6208747337878386,0.31261814965399065,0.19252166531439344,0.001082061484628776,0.0016852010282385921,2.572389249017279,25
2024-05-28,0.1648751349168129,0.7591416091002416,0.5366760429423346,0.6081954300548476,0.29844882214085255,0.17557988313602382,0.0010450930403276563,0.0016670384359734867,2.403588353740692,25
2024-05-29,0.20505323299133826,0.7623347675537168,0.5373378552896709,0.6543586626452113,0.2576089117189909,0.1727785011420975,0.0009413502398605361,0.0016380742752163551,2.645777476563862,25
2024-05-30,0.25434303726155083,0.7293542045756968,0.47920754833651846,0.5984290844451948,0.26644941440193076,0.18515458363571047,0.0009404698722451102,0.0014506648013775712,2.664098050479482,25
2024-05-31,0.3458419824625753,0.7194726908149357,0.5073755132054478,0.742462720781281,0.14678250433197673,0.004297375127375888,0.0006470269945620038,0.0014534007709135698,2.4272716485197887,25
2024-06-01,0.29558694610442054,0.7099506525815868,0.4480653973955353,0.5688754283812172,0.2563476565000441,0.015850061597623935,0.0009021741162760444,0.0013389376052697043,3.0881883031654076,25
2024-06-02,0.461934098157028,0.7086079347576363,0.4068710118607965,0.6512803118769775,0.1311948899821754,0.006573868604320594,0.0005666916626538496,0.0011058127356523503,3.427104727147638,25
2024-06-03,0.5367363046135855,0.697878362822639,0.37889971629556723,0.6527737027264344,0.08436397909084721,0.0032819562346344745,0.0004360298308103148,0.0009766395881105603,2.391339996645365,25
2024-06-04,0.333440003748557,0.7026438735883306,0.49884982393618466,0.6936000091753248,0.1677101723152584,0.002722783531184727,0.0006968939560727658,0.0014408994743278446,1.9265763008824388,25
2024-06-05,0.17165252803501233,0.7155186433610322,0.5686435441791096,0.680896589041067,0.2597039277858782,0.0072934465331739905,0.0009592548060117205,0.0017442358473930067,2.8630274565709133,25
2024-06-06,0.3004315216749435,0.7067627560570644,0.44093096689825095,0.5605348316645725,0.2586375114268057,0.014156788468694588,0.0009051251351861211,0.0013168562285460826,3.1319308514752056,25
2024-06-07,0.49086817142537925,0.7089252018892523,0.3978751526711835,0.6695482672318456,0.11125667590343727,0.005452716911785298,0.0005122484869056884,0.0010605465829901547,1.766143031707377,25
2024-06-08,0.25275460068994793,0.7156388528562206,0.535678151433672,0.6942190066622274,0.21156724787638007,0.006267913976432731,0.0008234243980591837,0.001597385454560061,3.1723786278944233,25
2024-06-09,0.42601129199678117,0.7065008158468333,0.40354383292188933,0.5844716723858546,0.1704448750813295,0.011330110714233694,0.000665334758227409,0.0011246608057213286,3.2533417683256127,25
2024-06-10,0.5162161774993957,0.7076385912271791,0.3853614614280352,0.657085236416319,0.09842236107256916,0.00579439174356639,0.000474471587238135,0.0010089533917510428,3.4710711660615985,25
2024-06-11,0.556856581457806,0.7009988904057146,0.36746397902647865,0.6459413563406384,0.07567943951571557,0.004318104725921075,0.0004092555553918658,0.0009318144900581122,0.9325258275056959,25
2024-06-12,0.1819421229007025,0.7248823973132735,0.5697636420952892,0.6914004484750081,0.24829423500400846,0.01182101528296594,0.0009306481637281716,0.0017392675747944604,2.6367338200145203,25
2024-06-13,0.24784276175603304,0.725797135990502,0.5185766885791496,0.6611986257451674,0.2335805496648173,0.017472654905564624,0.0008726098678723568,0.0015570694050497744,1.9784504730644463,25
2024-06-14,0.24604288488790083,0.730814252815752,0.5284335844685761,0.6875445835847236,0.22552353064352307,0.018118886029589908,0.0008560552029645838,0.0015838416413060654,2.6099537294730824,25
2024-06-15,0.32242145846211956,0.718330782889113,0.4514820399916588,0.6020563505714261,0.2260965015462216,0.019454302415748047,0.0008264974484792506,0.0013272574939381687,3.193795930123856,25
2024-06-16,0.48213420195800005,0.7189174985025465,0.39022884199615887,0.6289625201710036,0.12763695604584108,0.015751294875427157,0.0005508772564642387,0.0010475112567653465,3.2215333600842246,25
2024-06-17,0.5231962306432716,0.7212397093700491,0.38092354163865444,0.6634040435171413,0.09588022771807392,0.012806464496513677,0.0004661926043401709,0.0009921900397269333,3.4904321808156697,25
2024-06-18,0.5661518534744899,0.7101668495719763,0.3557737590697448,0.6258096968672653,0.0780743874557652,0.009497444122318066,0.00041060320012277366,0.0008945967991279368,1.6601633335667838,25
2024-06-19,0.2461678043845092,0.7208437574703269,0.516337031475771,0.6529082970978257,0.2374951641397198,0.013958929897825708,0.0008816787011187102,0.001552577025329685,3.09721887785708,25
2024-06-20,0.4446622404822015,0.7242307083159367,0.4373985604333122,0.7142052458198028,0.11793919908448636,0.00858894884200224,0.0005452895158953885,0.0011976575120066937,3.4268913385668776,25
2024-06-21,0.5371730782967896,0.7200638231070753,0.37009332630142516,0.6445173068123824,0.09273359540178516,0.014492738086045525,0.00045377538894843163,0.0009536147046943798,2.6675330613218744,25
2024-06-22,0.45583232119150063,0.7011402757999832,0.41229791917950914,0.6397381218332843,0.1318697596289901,0.004668232725952638,0.0005706107186716891,0.0011244539964303656,3.3870633176781437,25
2024-06-23,0.5273207833166185,0.6975393121442323,0.3854511410303192,0.6605174184064854,0.08722807565306256,0.002935873006442501,0.00044598798551275773,0.0010007079055625344,2.457587730247865,25
2024-06-24,0.3995913255073044,0.688184104241732,0.4507191170542441,0.6614908119101969,0.1496895574384515,0.0016081186066296375,0.0006315589054850045,0.0012663849977984356,0.12996190049568557,25
2024-06-25,0.33333650526766034,0.7334712455561284,0.47066949361025856,0.565786735883532,0.19599400112208115,0.05698064048055647,0.0007575679258880735,0.0013683660534568303,1.9283999908242664,25
2024-06-26,0.17705564741959273,0.7469361077006886,0.583226808620804,0.7027223167943387,0.23971754395960312,0.043044741298752784,0.0009142063399238792,0.001777688227155004,2.3798316727503708,25
2024-06-27,0.17868253100026615,0.7419331722286496,0.5095079963093956,0.5697807602179431,0.3118094726903383,0.08352639190540698,0.0010682000387193674,0.0015864946624049722,2.584809309000506,25
2024-06-28,0.18488710044146944,0.7405453233372654,0.48548643069178954,0.5111181470831159,0.3296264688667411,0.09340093248221566,0.0011039112301189833,0.0015198619693556283,2.0321953281786085,25
2024-06-29,0.15860534592941972,0.7427793819550378,0.5295802679559611,0.557749955669709,0.31181438611461904,0.09068560459025826,0.001076281102205194,0.0016535406765042578,2.7291918843254788,25
2024-06-30,0.2581318611475347,0.7459679524425866,0.49053703000692184,0.6077425164105206,0.25133110884554355,0.08488618234861023,0.0009065290913895041,0.0014769653922707773,1.7474105027634594,25
2024-07-01,0.1411961699748066,0.7543253789268548,0.5613264817091076,0.6279403675036641,0.29747734831608563,0.11519929661236976,0.0010525134276589386,0.0017486304149137378,2.9687128416960045,25
2024-07-02,0.3227992142046793,0.7529186671844689,0.46447825776766505,0.6227994817187433,0.2127225280276556,0.11041001623815618,0.0007976792230516968,0.001360456570569283,2.55672217131971,25
2024-07-03,0.34414676491119295,0.7550769937604738,0.4609841691494212,0.6425202715936781,0.19486906593938574,0.11073920431464022,0.0007507918768944952,0.0013351579415484852,1.3943105376756568,25
2024-07-04,0.1259305521922769,0.7580589120661595,0.5643244465127654,0.6110481231884485,0.30974500129495774,0.14653972609856367,0.0010849563229360514,0.0017680081101138414,0.8053343203608874,25
2024-07-05,0.2280545320152537,0.7551643023388482,0.5458624454833393,0.5818307276816344,0.22608302250140705,0.14190228161745821,0.0008644868810846898,0.001642481879125079,2.5954747108028786,25
2024-07-06,0.2773727707700603,0.7543176392994392,0.48907276186738546,0.6268232967933255,0.23355446736255422,0.11578648252564966,0.0008606614789503452,0.0014585050923182803,1.883748977834884,25
2024-07-07,0.11646764065533542,0.7578889450120843,0.5758052384505601,0.632765384690152,0.3077271208941046,0.13332008860296285,0.0010844199452313811,0.0018048141321831722,1.2990781178312707,25
2024-07-08,0.1441828494950902,0.6882734163609354,0.5617742485179311,0.6022090118072251,0.2940429019869788,0.1891657428736669,0.0010439468899909859,0.0017475043332734375,2.7099177316935887,25
2024-07-09,0.1855464740250636,0.7464321005917949,0.5051451594869165,0.5711601337610733,0.3093083664880199,0.1778565245821996,0.0010600751162218923,0.0015700134083394225,2.1482841788441625,25
2024-07-10,0.08655130756242561,0.6276331088758587,0.5740684020554867,0.6041024054982836,0.33938029038208767,0.19228351048824568,0.0011643286653255564,0.0018231750800894102,2.7938716125509506,25
2024-07-11,0.23887829343068984,0.7602266088342712,0.5078522249392403,0.6249631615467529,0.25326948163007,0.15320061506072322,0.0009184394478099451,0.0015362785321941723,2.920938026666567,25
2024-07-12,0.36491364694358874,0.7578718276923835,0.4253482371439359,0.5731502337435863,0.20973811591247532,0.16203081961628035,0.0007742625497870681,0.0012274824793260778,2.865610125723169,25
2024-07-13,0.4026764782736771,0.7599159326375173,0.4221442361646365,0.6216302166280767,0.17517928556168633,0.15300658222850472,0.0006849300160404408,0.0011904009184599284,1.7879577028875782,25
2024-07-14,0.08646998335023198,0.7569360523358145,0.5678625472012253,0.591861260455404,0.34566746944854265,0.1484216221019974,0.0011778524167690913,0.0018072464947233254,2.0416826916090787,25
2024-07-15,0.1745058044973463,0.7478438579741442,0.5429769045089169,0.6299937935204367,0.2825172909937368,0.08230864543892431,0.0010070506337817925,0.0016759224504658647,0.39530629161728503,25
2024-07-16,0.22635113140521634,0.02146139493636441,0.5196403262526393,0.6244935283310624,0.25400854234214426,0.21707927934706156,0.0009250652958266975,0.0015762154580537182,2.9816754950156024,25
2024-07-17,0.48113687848403863,1.0831551653176762e-07,0.09233533367346568,0.0,0.4265277878424958,0.07234926592899563,0.0011908779830877405,0.0002806885724217499,2.2953610787332974,25
2024-07-18,0.5638763320786837,0.7588920065810223,0.3456504625629797,0.634021541443637,0.09047320535833658,0.13889814807846912,0.00043807516929497383,0.0008702490319098424,3.4882558596680617,25
2024-07-19,0.6134826052317099,0.7597546239589335,0.3210883853692276,0.6630671770956645,0.06542900939906228,0.12462791732644606,0.00036425757745334956,0.0007690934432003746,0.4016046208499051,25
2024-07-20,0.09747208031308043,0.7393507868016975,0.5928071820105204,0.6495575474799494,0.30972073767639907,0.18346387794067479,0.0010963066751085893,0.0018631231686744446,2.807415591184116,25
2024-07-21,0.17847956977647905,0.6502599020287707,0.5131783954998288,0.6160301164207366,0.3083420347236922,0.19213242424305327,0.0010608451593652347,0.001596107129833688,2.576814523796479,25
2024-07-22,0.1592957559820649,0.575796081284226,0.5198759385965229,0.6250649629996267,0.320828305421412,0.19517561953014695,0.0010953378338112768,0.0016280084571716077,2.7823320093068906,25
2024-07-23,0.23852945359433614,0.5884310530731666,0.4579170958500626,0.6204171834791513,0.3035534505556011,0.19467641481589065,0.0010263915469470254,0.0014078766699510289,1.8050422576262573,25
2024-07-24,0.3056488732548529,0.41570149262662753,0.5108994913483734,0.4454840178673601,0.18345163539677353,0.05210668876856614,0.0008524960387962594,0.0015033483786926773,2.857662309837864,26
2024-07-25,0.3568716363832237,0.4571378968105723,0.5397562246612428,0.45847614099170847,0.1033721389555337,0.04796720840586151,0.0006558132577006567,0.0015692402889744806,3.079516635793403,26
2024-07-26,0.48670297979283306,0.618689389055651,0.3550591284659601,0.2584154284195779,0.15823789174120687,0.004644897392522792,0.0007019972862023774,0.0009852388767766652,1.3437367769527921,26
2024-07-27,0.260173950539195,0.5491347385667721,0.4919756236153691,0.3158694330279466,0.24785042584543587,0.010515019692292798,0.0010129533392394517,0.0014643504377591762,3.008110529183997,26
2024-07-28,0.4220334064109266,0.5902776062228837,0.44408563913496485,0.3595887626691075,0.1338809544541086,0.013063201846873783,0.0006853554444527798,0.0012674761405495555,3.2419320084287264,26
2024-07-29,0.4805892025391464,0.5648425375652164,0.4230923434110299,0.31129577332136704,0.0963184540498238,0.009484773673888282,0.0005745676739240626,0.0011855686764106874,2.065504413151747,26
2024-07-30,0.48217795744401687,0.5462542204354629,0.29293291673585176,0.09096759969697717,0.2248891258201313,0.0005597441522084724,0.0008450734744893753,0.0008058863307251565,2.8553369832405053,26
2024-07-31,0.5040297457477101,0.6060652392342273,0.39593960076639356,0.15208578305541026,0.10003065348589635,0.0013411344152052345,0.0005697999698021158,0.001098169768296893,1.725675685474111,26
2024-08-01,0.3942354850360782,0.592274615756685,0.337731602668627,0.19077565852912304,0.2680329122952948,0.0024119461849830977,0.0009835457987828718,0.0009675508466023066,2.955446922199406,26
2024-08-02,0.47329585843900734,0.5681482750040424,0.4167638888824401,0.16101689850300532,0.10994025267855242,0.0017881559204916408,0.0006072528329750875,0.0011697213031845739,-0.23259070605637877,26
2024-08-03,0.11427751200300608,0.5173938683807607,0.7507957030482736,0.47835721318624996,0.13492678494872054,0.043715845981127946,0.0008518117249862661,0.002269947516469141,2.5239034148252983,26
2024-08-04,0.3169811905076015,0.48169067253912995,0.4772166718695914,0.41888047174409715,0.20580213762280716,0.03217762090890945,0.0008936572307462768,0.0014012218385043218,1.0644216594805926,26
2024-08-05,0.17924277514503545,0.4294056688310562,0.6657541970907559,0.48492792669458906,0.15500302776420866,0.06533581720336921,0.0008598023363183387,0.001999212659554539,-0.47769431542818497,26
2024-08-06,0.053364792209999734,1.5370329903020732e-27,0.5910398196827868,0.7701818364744478,0.3555953881072134,0.43006503174074623,0.0013513053753880975,0.0018262172702674688,1.99695001803091,26
2024-08-07,0.11586413128274142,0.0,0.684302744783326,0.7294011545326735,0.19983312393393254,0.3903669530849883,0.0009884057850236307,0.0020757090724791345,2.3615279276688357,26
2024-08-08,0.212391757374264,0.0,0.5483678924334964,0.583864009255455,0.2392403501922395,0.21945523186995028,0.001020320145133513,0.0016455459559967232,-1.8462853924660632,26
2024-08-09,0.12327317821202732,0.0,0.09452866197464538,0.8786490198917575,0.7821981598133272,0.7837471563636054,0.0022143121179782795,0.0003552305059082949,1.9806981958840413,26
2024-08-10,0.13626791883670267,0.0,0.17309076893172204,0.9058980264428992,0.6906413122315754,0.7719140488358084,0.002014308145965631,0.0005794535989466671,2.6041230404818063,26
2024-08-11,0.057761739627737715,0.0,0.22302386746802688,0.8530787110671046,0.7192143929042354,0.7781232570781692,0.002117022818813123,0.0007527278317147576,1.7270604437478558,26
2024-08-12,0.08567169155981437,0.0,0.2953454644547484,0.8238215321038693,0.6189828439854373,0.7710400451471913,0.0018904949635343985,0.0009534861472331119,2.4286275532829404,26
2024-08-13,0.07845677595052905,0.0,0.39960333703866924,0.8628439394258978,0.5219398870108016,0.7662908990258742,0.0016894947701718629,0.0012597189286401651,2.2339497320099104,26
2024-08-14,0.11853161674034489,0.0,0.5349098812086732,0.9342382184910938,0.3465585020509817,0.7143704905489262,0.0012973995834499152,0.0016396225041274749,1.825972475014031,26
2024-08-15,0.10030149724702393,0.0,0.584563405313454,0.8257279692805393,0.31513509743952206,0.736550433646815,0.0012406810282505722,0.0017907128393099255,2.1547926142588083,26
2024-08-16,0.13019504473351623,0.0,0.6192219519574281,0.7408288342640781,0.25058300330905575,0.5567415381112831,0.0010881806393497335,0.001881065669351084,2.251811303972204,26
2024-08-17,0.2059456519924595,0.0,0.6052491012534603,0.6391811991483793,0.18880524675408017,0.4032005658867932,0.0009170978704267502,0.0018135108079894435,2.8142421406582105,26
2024-08-18,0.06767964665213264,0.0,0.48808048375891766,0.8207318861808476,0.44423986958894957,0.659810421508029,0.0015311003666351125,0.00152124964401779,2.4525939154013954,26
2024-08-19,0.26283795422198164,0.5757069742738398,0.5352696560589909,0.33777043000671414,0.20189238971902745,0.011475101085739733,0.0009143859837713968,0.0015895097401728276,2.742889112135488,26
2024-08-20,0.3837513303670432,0.6062534677257745,0.4277541213213162,0.3485003430488938,0.18849454831164064,0.011199808403291026,0.0008212642891121237,0.0012334789432157645,3.102064843719941,26
2024-08-21,0.4712105794225116,0.5763602000906586,0.4233856621381178,0.29751879309400214,0.10540375843937048,0.00799547565688689,0.0005987941338308326,0.0011897480222179053,1.3663783888549563,26
2024-08-22,0.32636121162037923,0.5507200629310571,0.37570949396941855,0.24912954838674137,0.2979292944102024,0.005530703807074681,0.0010832008765554505,0.00110223349289968,2.596771719477994,26
2024-08-23,0.3934096663785271,0.5807398672039071,0.47225332490832617,0.3084028830722967,0.13433700871314658,0.008683104185270489,0.0007016799861679307,0.0013596688928761227,0.11185653482827229,26
2024-08-24,0.19025713793929383,0.41092300180657304,0.6694686583903002,0.4004038127779237,0.1402742036704057,0.03799259377784192,0.0008227678852087027,0.00200612697320625,2.9721418900584924,26
2024-08-25,0.3457041727953034,0.4971722038036082,0.5210368599666105,0.4915270815015744,0.13325896723808628,0.0520785308003326,0.0007249642452813114,0.0015186750423657929,2.9815676394151804,26
2024-08-26,0.39133141361895457,0.47774765071855674,0.49704703446022397,0.4064908140089808,0.11162155192082124,0.029727786310891357,0.0006547978643722984,0.001432623039799477,1.790283248329531,26
2024-08-27,0.3065301996497654,0.47273642013245165,0.49358118948863927,0.4061990957527431,0.19988861086159523,0.030287940781389775,0.00088676213017491,0.001452592410038544,0.29140340976590906,26
2024-08-28,0.07638447859133463,0.4365838753262778,0.7476745958033975,0.6381164964791727,0.17594092560526803,0.1836088211026342,0.0009587795157082531,0.00227429073340684,2.6821628343255455,26
2024-08-29,0.31418437129291854,0.0,0.3709480616948777,0.38188501577597805,0.3148675670122037,0.0507338768223911,0.0011255128831438358,0.0010926817681905043,3.00789153754308,26
2024-08-30,0.3155075128544772,0.411756129599098,0.6171019143830434,0.5752708044149961,0.0673905727624795,0.13189107486443685,0.0006018219111748685,0.0018091920481666073,3.118898842965443,26
2024-08-31,0.3309766203770845,0.4290805772761406,0.5936715705471041,0.6105710203427316,0.07535180907581136,0.15666724394160447,0.0006104057001254133,0.0017354615776830928,3.137924342082175,26
2024-09-01,0.35646640182055134,0.4608255608948031,0.5637108656204065,0.5792091760643036,0.07982273255904207,0.11212144819500203,0.0006062430255340472,0.0016391573243825968,1.6056040216149967,26
2024-09-02,0.23444913693911887,0.42415333908492925,0.5943662374599455,0.5590740115281448,0.1711846256009357,0.11236442828866573,0.0008646185380940123,0.0017717066851428286,1.8240000748243221,26
2024-09-03,0.22427099526819883,0.5149479851890729,0.5577242181100206,0.471838845342484,0.21800478662178066,0.04203841866245845,0.0009690700573332879,0.001668586866720618,1.8282250885971096,26
2024-09-04,0.33207373133383855,0.39690233726507673,0.4802077302000351,0.3119262607611515,0.18771853846612635,0.019805711202074937,0.000847356311261971,0.0014045832458194835,2.9737490686084516,26
2024-09-05,0.37039407164742943,0.4609273328050713,0.531913985548941,0.4421196682149841,0.09769194280362946,0.041816530049246285,0.0006365705481518751,0.0015416038877630832,1.2614501742781363,26
2024-09-06,0.15934958031070737,0.5154321025708237,0.6590054910235984,0.6155214346267727,0.18164492866569426,0.11941246103082875,0.000926775116686284,0.001986608212175083,1.1591308658718378,26
2024-09-07,0.21898709809728706,0.494824273128318,0.5851318286798965,0.4052594426299365,0.1958810732228163,0.027444982673857823,0.0009251056605734411,0.0017502910898286837,2.947516199532018,26
2024-09-08,0.3853531409006571,0.46654187179346257,0.4760697672582684,0.34464576996338614,0.13857709184107464,0.01898122363262805,0.0007149590838313643,0.0013736414205654827,2.5377842203937573,26
2024-09-09,0.3158143089836782,0.5793030364285062,0.5547106781784406,0.595626062719902,0.12947501283788115,0.08336123591893238,0.0007329550416834257,0.001627354541019626,1.2775925490257292,26
2024-09-10,0.34735310385755364,0.0,0.4646614790584114,0.3351308274559004,0.1879854170840351,0.028376163716918253,0.0008397269469462749,0.0013538842641946402,2.862147753184795,26
2024-09-11,0.1941531622320167,0.0,0.20255833709659116,0.30152398984192386,0.6032885006713924,0.0235995459061464,0.00179880631731217,0.0006447626671206255,2.7126983264414326,26
2024-09-12,0.09323212009239183,6.563555073042531e-128,0.359599082742907,0.30098892855606696,0.5471687971647011,0.019706151156087322,0.001734832470914881,0.0011379591136452749,2.400021603591442,26
2024-09-13,0.20758190256190492,0.5075397070913618,0.6529624124199458,0.471630024023385,0.1394556850181492,0.04319129862651433,0.0008118134959360627,0.0019519066376457795,1.4228627704448567,26
2024-09-14,0.2986964228298232,0.415200839787918,0.5010501260708298,0.3924335035826519,0.20025345109934692,0.03503572037547442,0.0008917294718766306,0.0014771246914874656,2.8338731894794194,26
2024-09-15,0.34913155308527327,0.4436732289588954,0.5490643805337834,0.4563222923956238,0.10180406638094329,0.04996098136445199,0.0006566383912771589,0.0015990965000739477,2.494652381871985,26
2024-09-16,0.3555635569108397,0.48307389044506993,0.49712439470296965,0.43270593462729656,0.14731204838619066,0.03555209920008843,0.0007493842901032244,0.0014455290890921814,2.424604947754248,26
2024-09-17,0.34801508234586676,0.6029688289220002,0.488212560595823,0.46550822605184555,0.16377235705831036,0.028948878048590455,0.0007882125025044574,0.0014222474832235967,1.5398338444748596,26
2024-09-18,0.27538736565101923,0.47492897824329644,0.505435444785351,0.3738234124160616,0.21917718956362992,0.02324976178030863,0.0009442066795074969,0.0014981616568305006,2.3395461308712804,26
2024-09-19,0.2849663033538447,0.5072473745757702,0.5370771019435132,0.45134706659232027,0.177956594702642,0.03715393924571682,0.0008519487610198481,0.0015869292120010655,1.9095872717994737,26
2024-09-20,0.24708707377056754,0.5496185061423621,0.5095796340161118,0.4084768507711546,0.24333329221332065,0.022668616901071022,0.0010104142807201208,0.001520265811723352,2.99259525532762,26
2024-09-21,0.39799825878561984,0.539586434905964,0.47487550847396354,0.3770872565173363,0.1271262327404167,0.018342324752039604,0.000683984452030075,0.0013656798158079438,3.182484595290915,26
2024-09-22,0.44848712096409654,0.5466725900313714,0.4544358975067056,0.38958700434563054,0.09707698152919782,0.019734241932485713,0.0005934135986687114,0.001288245042040961,3.244129545220066,26
2024-09-23,0.4649427950683121,0.5415430285757469,0.4452351502779174,0.35807233350815926,0.08982205465377044,0.015569817711169729,0.0005692541105072654,0.0012556117589789628,3.2505094331148694,26
2024-09-24,0.5279674122589922,0.5920301950787128,0.3632515545724947,0.1805557492722088,0.10878103316851323,0.0021174960161952417,0.0005753829969356946,0.0009944717788112623,2.4188732210879844,26
2024-09-25,0.46473445312786665,0.5699329680836768,0.35635533447573403,0.17888268968445958,0.1789102123963993,0.0022678925136249512,0.000757463673197468,0.0009968028390432474,1.9632821985503177,26
2024-09-26,0.3300406048286426,0.668532886853273,0.47062947882804573,0.37464816337741197,0.1993299163433114,0.011111906577965734,0.0008729801274299366,0.001377405199960101,1.6704675716816428,26
2024-09-27,0.3015436886590805,0.5318532979688068,0.4380227224442563,0.2600368153158646,0.2604335888966633,0.00667629342341744,0.0010173556139722274,0.0012925335327054267,2.708222290567458,26
2024-09-28,0.45269168110923325,0.5111214059968342,0.3852363033482098,0.10601394694380767,0.16207201554255682,0.0009072080240633021,0.0007284047691956101,0.001085194767919838,3.272002647706727,26
2024-09-29,0.5438584673812746,0.6357259358814263,0.35503702165999795,0.19602123135779292,0.10110451095872766,0.0021655258768502337,0.0005506188931695921,0.0009649112438587138,3.354232506974764,26
2024-09-30,0.6171884846692981,0.7058074573901193,0.284353803222752,0.14520168249195678,0.09845771210794994,0.0008083035423903707,0.0005054590765581396,0.0007330326392681244,0.6402449231281531,26
2024-10-01,0.26586238381219834,0.5850045609426654,0.4667493021708098,0.22726764951187842,0.2673883140169919,0.003814051681725289,0.0010511905772081205,0.0013888562983864492,1.224155179802544,26
2024-10-02,0.14030775292569192,0.5724506553439574,0.6867652406618897,0.44960266631403656,0.17292700641241818,0.028625159331636268,0.0009184522372175849,0.0020742156973843013,2.870823755144583,26
2024-10-03,0.36707861148872156,0.5314929957863788,0.4464083216774437,0.3684465534526733,0.18651306683383473,0.017650249887200965,0.0008260320606392163,0.0012937245182719774,3.167957364656996,26
2024-10-04,0.43698470235014464,0.521381039771515,0.4696876429564475,0.3475108380156184,0.09332765469340774,0.015451296124644971,0.0005916662786206912,0.0013367471711996008,2.075101680691473,26
2024-10-05,0.3355415592947997,0.5221381592169885,0.44540696040768846,0.3762636677898498,0.219051480297512,0.01952480517858466,0.0009116928582690366,0.0013019886043204075,3.127477658082721,26
2024-10-06,0.435131655803246,0.5294701428651433,0.46535701654312767,0.331265978071495,0.0995113276536265,0.01302149374506701,0.0006057238731717568,0.001324790189280823,2.7387984373409493,26
2024-10-07,0.45803078073051895,0.5348362370321502,0.3804797270127639,0.22001420875500485,0.16148949225671716,0.004320815326704519,0.0007243015057744384,0.001069447289622686,3.1335848504354797,26
2024-10-08,0.48163319130380083,0.5401844929443335,0.4279722805472222,0.21600661918903236,0.09039452814897693,0.004038167001116185,0.0005614967340914198,0.001199412485328169,3.233101763675773,26
2024-10-09,0.4929595358529667,0.5360680879090363,0.4139919429444661,0.21326866013005763,0.09304852120256708,0.003981951329015472,0.0005610125909709363,0.0011546760454418051,1.6048591885563026,26
2024-10-10,0.29962083675645684,0.5783152844712892,0.4623092531913926,0.3786263661782236,0.23806991005215059,0.015998068566167648,0.0009711431626290434,0.001363955311397278,2.931954922220376,26
2024-10-11,0.46605580686483417,0.6175381695619598,0.38199698721638475,0.21980009304482073,0.1519472059187812,0.0030835440806113233,0.0006998379287357873,0.00107102155741275,1.2250235576408968,26
2024-10-12,0.2911445997625383,0.6095958979847709,0.40011955566102164,0.1813954119015967,0.30873584457644015,0.0019942094333543024,0.0011249568345846077,0.0011858186661220175,2.6237729018806317,26
2024-10-13,0.4130508499568638,0.595741656110606,0.40756214787455847,0.18484843959646446,0.17938700216857784,0.002205548745384307,0.0007862853225795334,0.0011642776934088625,3.0335778922761953,26
2024-10-14,0.5021222685876512,0.6075762519052875,0.378774640493131,0.20841303264074396,0.11910309091921785,0.00281141623509997,0.0006110896205510157,0.0010488491520457108,0.38486563820985786,26
2024-10-15,0.16857031038106227,0.5402522489294663,0.6464366283638239,0.4497771544852495,0.18499306125511378,0.032327277940511184,0.0009289516110501015,0.0019467295158157824,2.6202781965550512,26
2024-10-16,0.41022317178532264,0.42513811575586524,0.39208289951488373,0.25293847210302134,0.19769392869979377,0.009980803608039062,0.0008264602722939335,0.0011201933358540772,2.783184767722607,26
2024-10-17,0.38755159013127355,0.5566029112831359,0.5113125930754989,0.5012554567064211,0.10113581679322751,0.04479720929549493,0.0006346636378742006,0.0014755147952882914,3.1368156228951234,26
2024-10-18,0.4255233446430075,0.46755502943272415,0.47702752056138303,0.32333479803133264,0.0974491347956094,0.015768999605298015,0.0006065217186330268,0.0013621896192072313,2.480229851143274,26
2024-10-19,0.40092306192442795,0.44405200889898205,0.44093221907861746,0.3060107114613254,0.15814471899695465,0.01504638176661631,0.0007479404259644365,0.001265775299705225,3.2197549233494684,26
2024-10-20,0.44191465047526846,0.5203890831053241,0.4738108455142006,0.3719984404082396,0.0842745040105307,0.018993382246177314,0.0005698956287432911,0.001347009134820216,2.938324914290705,26
2024-10-21,0.4264820113393435,0.5269556060189852,0.45846361172292793,0.39165603697562207,0.1150543769377286,0.021673248848152478,0.000643199857415596,0.0013077781161282764,1.7980279207647465,26
2024-10-22,0.3534324335370262,0.5328587157042042,0.4078065978629981,0.2846122490342464,0.23876096859997573,0.008437752407434159,0.0009437108864414559,0.001186126129818917,3.141169189482521,26
2024-10-23,0.4560603184324134,0.4859873365980273,0.539514464660873,0.6083861268759932,0.00442521690671362,0.909744219772252,0.0006344580801357065,0.0018350018175984774,2.7403538754618855,27
2024-10-24,0.44309392264800324,0.5058719772337538,0.5533292240876151,0.6565685767328965,0.0035768532643816135,0.9297284314846421,0.0006452696396332205,0.0018988883308150575,1.9244496946218175,27
2024-10-25,0.4590303886272771,0.6385874892413808,0.5378261797598992,0.5714282678225606,0.003143431612823675,0.9569796896495228,0.0006287268045158932,0.0018339002072356816,1.4804420966070584,27
2024-10-26,0.5814741338289284,0.4999159546518228,0.4144631333444193,0.41028332592069827,0.0040627328266521065,0.8538353607446362,0.0005106690035254375,0.0012956246096054473,2.7706711716413706,27
2024-10-27,0.5309378097641139,0.6204913878710003,0.467251301613302,0.6662867723804118,0.0018108886225842206,0.9643328945951409,0.000555348480654797,0.0015349529329706968,2.461671166786802,27
2024-10-28,0.4852393203594747,0.588834934515248,0.513554972998399,0.6342386397478978,0.0012057066421261146,0.952402008374215,0.0005988044211643382,0.0017382509114328695,1.6401081660182195,27
2024-10-29,0.47504761423223446,0.4981260259415769,0.5235870161901139,0.5255346636009509,0.0013653695776516615,0.8925774401565345,0.0006091339022148664,0.0017808895401841389,1.2617681073048475,27
2024-10-30,0.29356276314739016,0.4972970474544086,0.7045713970508227,0.7059758777741301,0.0018658398017870055,0.9370575020591438,0.0007872684725970365,0.002561636645126665,3.0186361014510927,27
2024-10-31,0.4302055440770708,0.42591657970002406,0.5628606561041473,0.5629849188382927,0.006933799818781911,0.8615021606800936,0.00066527507905449,0.0019238852638851956,1.4659516761173386,27
2024-11-01,0.2975144585972134,0.48615997723945853,0.6926898651135921,0.7067582627601205,0.009795676289194432,0.933381662801829,0.000801004829329171,0.002471840173105387,2.562142262516858,27
2024-11-02,0.36311467580235823,0.4906868033736305,0.6299331594892249,0.726851161493446,0.006952164708416881,0.938960767693782,0.0007308184139157495,0.0022140376461192704,3.103699542978465,27
2024-11-03,0.4172625592122128,0.45566070981356394,0.5756226306426819,0.65541158492375,0.007114810145105234,0.9084498842614838,0.0006783242939547461,0.001978233735445543,3.016129794019014,27
2024-11-04,0.43271971734248393,0.47518459846389133,0.5615578288586822,0.6518333011357147,0.005722453798834042,0.9162286118624241,0.0006601450654268364,0.0019241106969763754,2.5093747234557995,27
2024-11-05,0.41386001675479583,0.5507546576609768,0.5823381826613286,0.7310657109892018,0.003801800583875605,0.9567330483609313,0.0006743352240514258,0.0020233293327705337,1.804134822083471,27
2024-11-06,0.2105044312178051,0.5764661050115373,0.7857570101897298,0.8115223899700355,0.0037385585924652985,0.9695414096486519,0.00087204252635906,0.0029038849586972186,-0.7970727597341958,27
2024-11-07,0.37224796881860356,0.18195696615462048,0.6157286660408116,0.6215318132909111,0.012023365140584934,0.7278960850945868,0.0007331192900546199,0.002128025376368707,3.0925054590475667,27
2024-11-08,0.2612122463421407,0.18381029201912194,0.5250441011657399,0.5874023428950367,0.2137436524921195,0.7030837419973917,0.0012853408314988926,0.0007592466652004335,2.768480679704034,27
2024-11-09,0.29051432711464686,0.2163473951396034,0.5251595641136075,0.5489132500689181,0.18432610877174566,0.6967544216622082,0.0011921136732986662,0.0009021323690202939,2.937284437522034,27
2024-11-10,0.28967182849105466,0.31393135844981174,0.5962976123015908,0.6955201753138484,0.11403055920735439,0.8498731253837553,0.001038771578216797,0.0015502091485097408,1.310657606607137,27
2024-11-11,0.25257843624469667,0.2781813751416095,0.6271861977358613,0.7058241716551484,0.12023536601944226,0.8364353812218115,0.0010887878565799217,0.001653840248474875,-1.375281605884019,27
2024-11-12,0.11371196373222718,0.0737254166237914,0.43743738729445164,0.7616107814507613,0.44885064897332116,0.7484997545270322,0.0019423393348435407,-0.0007578108529150676,2.418667231480619,27
2024-11-13,0.13228758448361083,0.08109679087998424,0.4685254876390903,0.7745342720392115,0.3991869278772989,0.7599272281626774,0.0018164935068224447,-0.00038290293702366966,1.9537504536126071,27
2024-11-14,0.18407672832266062,0.04749217960744107,0.5668642459851567,0.7252610464267704,0.24905902569218272,0.6968760437421355,0.0014386753564319817,0.000769281406163761,1.5802063851749424,27
2024-11-15,0.23119401184795627,0.023458357538024787,0.5801806643577222,0.6671606300373738,0.18862532379432154,0.5999645954545937,0.0012599850667420595,0.001119414932584283,1.4396477930567733,27
2024-11-16,0.2179909360289543,0.030679393115583927,0.6378842906492947,0.7285826233193418,0.14412477332175083,0.670354758965297,0.0011752571924136003,0.0015845049398769055,2.7795178802884983,27
2024-11-17,0.184896289152999,0.13210649704726243,0.5300812329759608,0.737373423937506,0.2850224778710404,0.7780361144344917,0.0015163279869158752,0.00043604172919055285,2.568618879745522,27
2024-11-18,0.17111688783446008,0.1543384969627952,0.5352025861856441,0.764979147207022,0.2936805259798958,0.8040981632914054,0.0015488387916904806,0.0004162967716818181,2.531708313847439,27
2024-11-19,0.18631924345673812,0.10842637255680398,0.5102686417672456,0.7090652687349533,0.30341211477601604,0.7440486900219878,0.001554953445346262,0.0002612981043907405,2.1613539758776463,27
2024-11-20,0.20737256420415767,0.09826921419585702,0.5542672599253609,0.7036452067309318,0.23836017587048153,0.7324770479239324,0.0013922940298106091,0.0007665550706020428,2.101633263744088,27
2024-11-21,0.31057575345409844,0.06670553098184018,0.5184340084580024,0.5815150009235921,0.1709902380878993,0.5973274905637498,0.0011431545385446767,0.0009375769794157648,1.2838367571432978,27
2024-11-22,0.2867983865748553,0.3537499664704342,0.5253359114851861,0.6312391666129478,0.18786570193995852,0.8429946812853462,0.0012035208472028945,0.0008857632220186835,2.9260349986931393,27
2024-11-23,0.3376227357767309,0.4269753053549397,0.5877087158900732,0.7469577427379497,0.07466854833319578,0.920226300417421,0.0009051550767997605,0.0017035616448004775,2.574793664088653,27
2024-11-24,0.3495705564122032,0.40006877407362207,0.6040932226420522,0.6718773539651172,0.046336220945744536,0.8860912449838155,0.0008310231237799407,0.0019115953633652902,3.0793364868744564,27
2024-11-25,0.40393074758446446,0.4450463729693269,0.5764706389257792,0.6567695447797446,0.01959861348975624,0.903846161251158,0.000718899145617362,0.0019214795072428517,0.7196994245136253,27
2024-11-26,0.2928628365952269,0.44673098014926677,0.66121580579291,0.6917260173423073,0.045921357611863264,0.9144036938147415,0.0008854885775602774,0.0021607885895021826,2.3302362155985663,27
2024-11-27,0.39297472574831704,0.37756895448545463,0.5723855667902465,0.581146575557239,0.03463970746143637,0.8360200925029065,0.0007627812046282269,0.0018310007412794228,1.2460519689386371,27
2024-11-28,0.41062294585709264,0.2937220479180416,0.5524011379628803,0.5686212582794097,0.03697591618002722,0.7677220897889574,0.0007506544581939,0.0017332149315551087,3.176556585484782,27
2024-11-29,0.3288691901044705,0.28836461805211494,0.5866788241928749,0.5536299981841577,0.08445198570265444,0.7541770439390367,0.0009352688898644533,0.001651751468291119,2.2492129935385243,27
2024-11-30,0.36023197746399566,0.3128705229837215,0.5736025917696305,0.5930336738891443,0.066165430766374,0.7960853218301133,0.0008642858249803175,0.001683677122819696,2.797123457732965,27
2024-12-01,0.34405762907802745,0.3731693971866094,0.6094424122091053,0.6742719045838229,0.04649995871286708,0.8726259005396735,0.0008367737283229651,0.001933950266508203,2.7141827143103767,27
2024-12-02,0.37606825284315315,0.4698644634993516,0.60127045255465,0.703951350468516,0.022661294602196846,0.9267975339985051,0.0007528851768684495,0.0020139712464030094,2.1700221477841213,27
2024-12-03,0.3922063243674251,0.3996819966570459,0.5863925307290585,0.6009127510788048,0.021401144903516262,0.8592955619555683,0.0007343360922729288,0.0019556897093112122,3.1338790397020393,27
2024-12-04,0.4030630284440293,0.42450982372928464,0.5819932981383055,0.6354682665271639,0.014943673417665145,0.8866656885042652,0.0007094768122823916,0.0019679083061874252,1.6775759051953296,27
2024-12-05,0.35899711969213927,0.3867807789133167,0.626548641534249,0.6354806925031068,0.014454238773611709,0.8651036267118231,0.000751420017662909,0.0021630805485483586,2.0310102781442327,27
2024-12-06,0.4223197723028432,0.44715634383145214,0.5647174187487708,0.5777202587022549,0.01296280894838615,0.8800423724737189,0.0006862834709882395,0.0019027385292581923,1.6275208602560811,27
2024-12-07,0.3615530336191703,0.44150777117111084,0.6251835745426833,0.6341813544938532,0.01326339183814625,0.8952615447341379,0.0007462944879133918,0.0021629374338862782,3.139118923358427,27
2024-12-08,0.48943716142710025,0.5720170031621628,0.5062584765956942,0.6721572321779545,0.004304361977205498,0.9535407810793234,0.0006015167646780798,0.0016916789190897965,2.9837360209879726,27
2024-12-09,0.49096608900063893,0.5499418528525251,0.5069234994257995,0.6375643170213833,0.0021104115735617796,0.9413319388772197,0.0005951883999048553,0.0017051757609882977,1.150661850826034,27
2024-12-10,0.3220835097782757,0.5152886184700777,0.6740360558119315,0.6783438833678941,0.0038804344097928055,0.9376080838497476,0.0007639920097985953,0.002419750788091019,2.979369390390572,27
2024-12-11,0.4423039008704143,0.4977417512644407,0.5545463750651372,0.6388295156023895,0.003149724064448592,0.9225183594217392,0.0006451000304692448,0.0019062226598402763,1.117553016034217,27
2024-12-12,0.38983551449292786,0.3872970305270412,0.6059989969128864,0.6082574977453088,0.004165488594185833,0.8543511482521661,0.0006985933581303073,0.002123955905935189,2.657886973492752,27
2024-12-13,0.38613448493226576,0.41548667580923176,0.6031942875269624,0.6464236810160272,0.010671227540771901,0.8854902593340106,0.0007165784631382476,0.002080330236862065,2.6435551280080762,27
2024-12-14,0.3928327293325374,0.3802869315339878,0.5895109050861727,0.5912198480350889,0.017656365581290093,0.8424084779166156,0.0007254598367918987,0.00198730916533232,3.1750671416877965,27
2024-12-15,0.4173939176412036,0.44063467689179137,0.5712589887610366,0.6293729066074133,0.011347093597759723,0.8932985483744326,0.0006875349104873147,0.0019388660570869886,1.6243017578692316,27
2024-12-16,0.3203675120896758,0.44127817361084487,0.6678647904784821,0.6769572420387068,0.01176769743184216,0.9079137809887011,0.0007831287634001777,0.0023548702819069264,2.584049897859537,27
2024-12-17,0.3997665675908563,0.45294780578080907,0.5918283392840832,0.6319290946964689,0.00840509312506061,0.9003846349120253,0.0006982634131620269,0.0020421151229392345,3.158623899304489,27
2024-12-18,0.4255251924096628,0.45215782120167813,0.5668846367668656,0.6309845281265402,0.007590170823471697,0.8997083866942807,0.0006712982533179167,0.0019381211904550546,0.35568418985274186,27
2024-12-19,0.4169964359183422,0.29417332842253435,0.5632788395695156,0.5720582345128084,0.01972472451214222,0.7701880041642835,0.0007064009188802028,0.0018637845437090162,1.5345064289538133,27
2024-12-20,0.2582657130605622,0.4133000357494747,0.7154019751837752,0.7425569404646086,0.026332311755662783,0.913689481341367,0.0008758328456598425,0.002490081542734204,2.988761182927162,27
2024-12-21,0.34335929963896966,0.40379818602220685,0.6341127167557932,0.7264456160072473,0.022527983605237258,0.9053313540354618,0.0007845207677844391,0.002156734054931793,3.0143968708926216,27
2024-12-22,0.4032253995173615,0.44299488982661017,0.5834983977601204,0.6564975633631941,0.01327620272251813,0.9027808265076265,0.0007056381894443744,0.001982492138697458,1.996498250326768,27
2024-12-23,0.3528216696545219,0.43900994763463486,0.6332906820566638,0.670558561810535,0.013887648288814145,0.9050181790605796,0.0007561908729560474,0.002194997619624703,3.0842247251616874,27
2024-12-24,0.40323045186080264,0.45179659067549743,0.5867770629783173,0.6832427521677599,0.00999248516087989,0.9143232775437772,0.0006983850286312052,0.002012573597933725,1.3812795539870213,27
2024-12-25,0.12475217219802547,0.5337692120079767,0.8631078233727815,0.8742637454712159,0.012140004429193121,0.9419322783710858,0.0009737431744188859,0.0031979388499923434,2.6932261022116903,27
2024-12-26,0.36122893607686923,0.40767232678320564,0.6282605352109005,0.6543522618754908,0.010510528712230134,0.8840121036722256,0.0007405251342287478,0.0021895766333107354,1.2746457845192687,27
2024-12-27,0.39660935508206524,0.32594837933687115,0.5889998826630309,0.5961105072698409,0.014390762254903815,0.806971722576495,0.0007145621243481619,0.0020009039220088448,2.43385786361348,27
2024-12-28,0.36237967678336136,0.3142863315169957,0.5944246537548022,0.5908131487577624,0.04319566946183656,0.795829835278158,0.0008115717880830983,0.0018849576110893918,2.781716641412407,27
2024-12-29,0.4119829244414396,0.4643198506219365,0.5682390293794609,0.6348351370032205,0.019778046179099555,0.9067533717560052,0.0007114217767627225,0.001884990570585089,2.1921629363967168,27
2024-12-30,0.43143473486986494,0.45903755851445993,0.5530609416064167,0.5740600803479418,0.015504323523718375,0.8857178162678477,0.0006829727437030887,0.0018399963533247859,2.8437695254000257,27
2024-12-31,0.4486397857992217,0.3727989011271158,0.533593388230379,0.4094810793189521,0.017766825970399212,0.7394868022802633,0.0006711193335699942,0.0017448039578886385,2.867734043247336,27
2025-01-01,0.45028528882805124,0.3013962396828177,0.5111480312352125,0.2852513261538936,0.03856667993673634,0.5536638557963862,0.0007152846510927027,0.0015470017547254764,2.7056380037259506,27
2025-01-02,0.43809774619879904,0.4809768909168531,0.5438783851788949,0.604025234226034,0.01802386862230603,0.9061857969307698,0.000682005723136193,0.0017880658526196183,1.7813256984763768,27
2025-01-03,0.34885591987871967,0.47358225756769534,0.633802533546993,0.6543863913848771,0.017341546574287395,0.9161906046532111,0.0007676945877159274,0.0021804950699717525,2.549438523762467,27
2025-01-04,0.4167146016353814,0.5749860052697838,0.5743550899607092,0.6883028277992617,0.008930308403909399,0.9566546753982577,0.0006828662559513523,0.0019639614068335588,3.202758239172029,27
2025-01-05,0.4939994243250449,0.5367591300883445,0.5027436628784386,0.6089277146908171,0.0032569127965165166,0.9311725468205602,0.0005947413099716308,0.0016815391855707943,3.2807722778318893,27
2025-01-06,0.5980928896431877,0.6625909946072885,0.4010255575511921,0.614821381140562,0.0008815528056201798,0.9675760261359412,0.000487349620429064,0.0012528739713374608,1.0607086478192507,27
2025-01-07,0.41218402364837275,0.5394063491511472,0.5863173565217872,0.5874327143965152,0.0014986198298400945,0.9276673990444149,0.0006708864493262371,0.0020516961167551693,0.4967894077843469,27
2025-01-08,0.3829578842219887,0.4046020206194345,0.6130918002850893,0.6152938199382887,0.003950315492921922,0.8679777160676485,0.00070482845362764,0.0021556899031859277,2.01692988735978,27
2025-01-09,0.3508709967628234,0.4316069888965858,0.6428318116079642,0.6725371547999738,0.006297191629212485,0.9020981737301352,0.0007413050860314409,0.002273023865462835,1.6026216277391476,27
2025-01-10,0.3239253306518562,0.4038489765674441,0.6681137455086058,0.6758968162975671,0.00796092383953788,0.8894241031831525,0.0007712358649087678,0.00237437303006688,1.920454712985726,27
2025-01-11,0.30645170759839807,0.39295921498949593,0.6861737269338039,0.6948093016196296,0.007374565467798026,0.8903638650412065,0.0007869447942323752,0.002455361641520028,3.0593387085859822,27
2025-01-12,0.3615124255927373,0.3816573918316092,0.616773330510665,0.6679151798531439,0.02171424389659784,0.8748047856261846,0.0007650075147476425,0.0020856403780267043,3.1162246397722795,27
2025-01-13,0.38105540880816563,0.4252231024846735,0.6021738672943893,0.7009794790393248,0.016770723897444967,0.9075212020673539,0.0007350084793704343,0.002046391965696474,3.1638241305573183,27
2025-01-14,0.3900929484316491,0.4396596663478188,0.5967045977909984,0.7137559978432307,0.013202453777352706,0.9172071888212461,0.0007183035384960482,0.0020399959763086626,1.936116036307073,27
2025-01-15,0.2943841801577773,0.420779144368115,0.6930008725585334,0.716344057056341,0.012614947283689261,0.9099038329859659,0.0008102975046726897,0.0024595402229583927,1.6462355821997863,27
2025-01-16,0.2495811529266594,0.393600285524248,0.738598088175452,0.7473276795572716,0.011820758897888492,0.9066753090977848,0.0008520883399915064,0.002660695996040291,2.9702077993504368,27
2025-01-17,0.3694254574316538,0.3752263543187232,0.6090297735827845,0.634014081997353,0.021544768985561777,0.8575350139490886,0.0007569075048119465,0.002052952153915812,1.3424285075195599,27
2025-01-18,0.5199732379454249,0.3272572558140902,0.45971313891050397,0.4651248670574752,0.020313623144071216,0.7299337497132545,0.000606773840278356,0.0014127767426233674,3.3208639296577718,27
2025-01-19,0.4250274299599009,0.45164859083097564,0.5633904001048838,0.6686834125586028,0.011582169935215162,0.9103044786729964,0.0006805908931970208,0.0019036786872147987,1.3028931157917292,27
2025-01-20,0.27467451451384434,0.4690337924652595,0.7070726255135906,0.7217066578019997,0.01825285997256473,0.9304635147650382,0.0008419653249105197,0.0024931441048141375,2.362536884081398,27
2025-01-21,0.31823297616664076,0.4920930127696198,0.67010990396491,0.7298590236472706,0.01165711986844928,0.939984957325865,0.0007849625814861932,0.0023651207236375727,1.7312992774599896,27
2025-01-22,0.23872276464708966,0.24195755443496395,0.5585383707847938,0.6531510453586105,0.2027388645681164,0.008971878281381171,0.0009838802956432988,0.0007798226283153388,2.0413741805022263,28
2025-01-23,0.233687782961908,0.28756822574108526,0.5801102143487858,0.693600654370884,0.18620200268930617,0.027740639522065267,0.0009466739106366647,0.0007735107059894448,3.04987118211458,28
2025-01-24,0.22408499727942877,0.23527888010079792,0.6421117489231284,0.6521038813690531,0.1338032537974427,0.013966933687320179,0.0008251454891144356,0.0007438051588934652,2.9991580808531917,28
2025-01-25,0.21699668023323923,0.2729737631671697,0.64672308032111,0.6784536892650693,0.13628023944565068,0.012867774975423293,0.0008352078713594562,0.00075673531205001,3.115295536757804,28
2025-01-26,0.2656159484908959,0.3616135484998525,0.631452912794237,0.7238848756820369,0.10293113871486706,0.005622212482814755,0.0007265216448028356,0.0006541906097906193,2.128366075351023,28
2025-01-27,0.1829743597360433,0.3262852389547174,0.6444733565349446,0.7059342415796104,0.17255228372901202,0.006719921143984621,0.0009426069788719956,0.0008394489266886206,2.7598831258551924,28
2025-01-28,0.2839919850148233,0.44654871250365596,0.6202037668795046,0.7493096390612974,0.09580424810567181,0.0011153352263206333,0.000698717629127839,0.0006200724633957581,2.9830833785562705,28
2025-01-29,0.3018680313747033,0.44265100971081545,0.6158347217939614,0.7484803851402487,0.0822972468313354,0.0012157205853758541,0.0006557291810485595,0.0005813146107160064,1.8307591203721825,28
2025-01-30,0.18943997703957788,0.4640530966720018,0.6850743231481529,0.7498391163607565,0.12548569981226904,0.0006026385859173654,0.0008248125946973604,0.0007897041908888769,2.6817672844803706,28
2025-01-31,0.26041487263930696,0.44205456922432457,0.6386229196980656,0.7298935446945268,0.10096220766262737,0.0003170052980630661,0.000724726996905483,0.0006604711508417362,1.840557578459658,28
2025-02-01,0.2692563201995006,0.4031547302412484,0.6113370377907063,0.6811145099609239,0.11940664200979342,7.088011921618594e-05,0.0007643794882102783,0.0006625817760164014,2.3034913499798866,28
2025-02-02,0.27206033822887626,0.475461843260946,0.6329762422486997,0.7249590888015435,0.09496341952242383,9.058637654079937e-05,0.0007035136782234569,0.0006375939902674799,1.5630085867836876,28
2025-02-03,0.189890999044996,0.5070733684280119,0.6903147710412433,0.7828461849422109,0.11979422991376071,0.002107503407314167,0.0008107574586277411,0.0007841944283029128,1.2771830203378305,28
2025-02-04,0.2421361547255209,0.37271339967829376,0.6035877918311068,0.7355479732492682,0.1542760534433722,0.01165274890805371,0.0008644425652227393,0.0007335596739440926,1.3439256444134233,28
2025-02-05,0.37930021442521017,0.13115608506829193,0.40503770924576155,0.5223725508768031,0.2156620763290281,0.0019128771449452998,0.0009347073790379338,0.0005759408042311769,2.458068798269005,28
2025-02-06,0.3059330290751513,0.08379558351154495,0.5473726455903136,0.41425467520017834,0.14669432533453505,0.0003794683611788475,0.0008095286977641896,0.0006296451456230491,3.266017379571252,28
2025-02-07,0.26157344166969076,0.31881372450675854,0.6339481045344888,0.7122943414644025,0.10447845379582045,0.027504300712030326,0.0007325881451019878,0.0006616788155797507,3.207545464963649,28
2025-02-08,0.22944094873734708,0.29640776217218007,0.6520478642351915,0.6967830625885754,0.11851118702746141,0.019696287295821867,0.0007850075248766663,0.0007226683438071146,3.122343654748368,28
2025-02-09,0.2352387570157548,0.3056628729514181,0.6473504987350069,0.6957471999024418,0.11741074424923843,0.00845645272052537,0.0007790202827016906,0.0007128762128114281,3.134676296805042,28
2025-02-10,0.2664489985314206,0.38762134382082664,0.6282616665127224,0.746252752563444,0.10528933495585716,0.019189362367266188,0.0007317616919858994,0.0006549148888297066,2.6550862178499326,28
2025-02-11,0.21824740229545672,0.3486818979516316,0.6483750374543356,0.7161701067654058,0.13337756025020758,0.005192698316963534,0.0008274552222565423,0.0007523654950479954,2.333197349713241,28
2025-02-12,0.19447572731686386,0.4023500873784883,0.6614438306509894,0.7486987705817124,0.14408044203214657,0.009557691381601134,0.0008670069212101349,0.0007977579074399969,2.2027391642096483,28
2025-02-13,0.1995328125692289,0.39933780537834446,0.6541179030293809,0.7375598033561668,0.1463492844013901,0.003085763766698123,0.000869612730254809,0.0007919514264659463,2.5568316227109564,28
2025-02-14,0.27122978063748915,0.5984659106848723,0.6499163656461244,0.808213747846851,0.07885385371638642,0.0006246622977571483,0.0006649330985420125,0.0006252188656913989,2.8128918524323137,28
2025-02-15,0.3949070293540847,0.5762780843212897,0.5574412516412185,0.6793361319955321,0.047651719004696794,1.649221169828693e-06,0.0005183943408046782,0.0004097905948549439,3.3836765394891106,28
2025-02-16,0.5339424230399196,0.6700037127650044,0.44312522835023044,0.7304669435259847,0.022932348609849905,1.4944272875433556e-06,0.00037866647139632936,0.00017638306273143938,2.3918052591284082,28
2025-02-17,0.40101099036386806,0.6048164092132428,0.5551621567392402,0.7114721142010614,0.04382685289689173,2.8426109414669492e-06,0.0005056191722303913,0.0003972230952598079,3.3409740089584776,28
2025-02-18,0.5108648431784542,0.6557134491904181,0.4622789337250738,0.7562667916861868,0.026856223096472058,5.585088958120659e-06,0.0004014321131341184,0.00021497313879393612,3.486402025541052,28
2025-02-19,0.5786344551800622,0.7018690008004025,0.40128112848349506,0.793275784933852,0.020084416336442847,1.0386047251993734e-05,0.0003460928284866242,0.0001056735396765808,2.5198335482695233,28
2025-02-20,0.4314688356446219,0.6852465615959691,0.5301645092353391,0.797031592084243,0.038366655120039075,1.9614373118421182e-05,0.00047490844965107377,0.00034605343229503834,2.0835410993340537,28
2025-02-21,0.3218269042961954,0.4428011619707814,0.5936713782058365,0.6244207160849017,0.08450171749796803,3.5470102265554466e-06,0.000649637555847714,0.0005526810174264697,1.854152707079032,28
2025-02-22,0.16892947393417518,0.6934528431926741,0.7551719029735207,0.8360485037895203,0.07589862309230425,0.00023913992034445343,0.0007163445118094146,0.0007790489928099292,2.925926747476031,28
2025-02-23,0.4030165511865179,0.32191712543581386,0.5318462237941901,0.4834564731973875,0.06513722501929194,6.761697371103151e-07,0.000556142430342903,0.00041220754691596666,3.2689762220374394,28
2025-02-24,0.4703721796342218,0.5855222180804208,0.49799452578392783,0.7232006598794322,0.03163329458185026,6.566604695038508e-06,0.0004362585993889696,0.0002808992056609478,0.4967560945629417,28
2025-02-25,0.17425021405987268,0.49405806013793835,0.7010037135710925,0.7759499544996862,0.1247460723690349,0.0018223095082623324,0.0008317125043155295,0.0008122904154312986,1.5829298440788862,28
2025-02-26,0.11956130385536647,0.6570631139363738,0.7677992454638851,0.8560396037690223,0.11263945068074846,0.08096780153173175,0.0008336550424546331,0.0008856108512688087,0.374991152624647,28
2025-02-27,0.2446059463647663,0.348272370456061,0.572122091199393,0.7352234736441653,0.18327196243584074,0.11462656559777443,0.0009333213944291644,0.0007543441390996414,2.852764826787987,28
2025-02-28,0.21122740411447322,0.2575455049511521,0.6334899349986264,0.6772156521989416,0.15528266088690046,0.04826828850801045,0.000884575480668983,0.0007816463306474594,3.0353097200588692,28
2025-03-01,0.22343505628931154,0.35745947624700714,0.6383401835534542,0.7402603401647759,0.13822476015723414,0.12655219148374688,0.0008362362701742033,0.0007485432805572343,2.222282292527406,28
2025-03-02,0.1549219983237051,0.2656811854896809,0.6248483301852336,0.6842975536085797,0.22022967149106132,0.06384367501854106,0.0010742238051865795,0.0009226993945630562,-0.9105642390452049,28
2025-03-03,0.21418880705063578,0.10899411050171556,0.4330811514309117,0.5396837732153144,0.3527300415184526,0.35151827400927216,0.0013614988497568175,0.0009443533485041957,-0.39218176886644196,28
2025-03-04,0.010347285468912611,0.11561879990300086,0.5579870067789531,0.54850896935344,0.4316657077521343,0.43181513398779037,0.0016692529130983614,0.0013227159410953032,2.427110848143037,28
2025-03-05,0.02222374666698088,0.12418164519668629,0.5635122366965193,0.5599501588992586,0.41426401663649987,0.42500170705871226,0.0016203054571088664,0.001289827828806633,1.727603706827431,28
2025-03-06,0.01856237363665607,0.10946218669498714,0.5461243846300999,0.5391905275502343,0.4353132417332439,0.4374928902695819,0.0016734034332113645,0.0013132511823853751,2.5247638456745443,28
2025-03-07,0.029551462769252843,0.12497886337682042,0.5711132839670926,0.5612545871885557,0.39933525326365465,0.4242047981671279,0.0015799453836000189,0.0012659855135354978,1.4549016387703293,28
2025-03-08,0.012462779390091824,0.14968926683082126,0.5901699503310187,0.5901388219384365,0.3973672702788894,0.4058440715744874,0.0015849309874037003,0.0012904332435777588,2.5344264908650476,28
2025-03-09,0.034999489030005666,0.12743050589994545,0.5701519760632009,0.565387660465487,0.39484853490679345,0.41885224945122673,0.001565962300165161,0.0012538598284245542,0.4604070264890584,28
2025-03-10,0.009328520697335828,0.11628577053780552,0.5601052346795515,0.548926847906728,0.43056624462311255,0.43152430965813,0.0016671700403918298,0.0013233415800790347,2.2014770797951186,28
2025-03-11,0.012047873295311963,0.16090350885791585,0.6012968309289932,0.6010729856493969,0.3866552957756948,0.3966434877647653,0.0015592093917277366,0.0012819945426017312,1.3591159418323715,28
2025-03-12,0.012695344277994364,0.1123789386938494,0.5528388118335339,0.5426205818494899,0.43446584388847176,0.43426127747254856,0.0016746983205286022,0.0013214993274284293,2.4410267239364534,28
2025-03-13,0.03008762152444021,0.16687328002037807,0.6048509164182784,0.610407162414728,0.3650614620572816,0.39195257386460863,0.001496581256971071,0.0012361371967503365,1.883590123942629,28
2025-03-14,0.11357181188378046,0.23452153673427234,0.6023300134913145,0.6688694811939165,0.28409817462490505,0.2768666531211644,0.001252671181920747,0.001039984747558652,1.6579918989909461,28
2025-03-15,0.1271685267483599,0.1810928559993839,0.5617026768120333,0.6245225891742556,0.3111287964396068,0.2838214488768236,0.0013104147465698287,0.0010421007432152973,2.8496859887427473,28
2025-03-16,0.15727492446505442,0.1914510284385336,0.6224722650718059,0.6328586411429721,0.22025281046313963,0.2135189604991673,0.0010729342119603618,0.0009191233015495932,2.0789188637566536,28
2025-03-17,0.09672285951299654,0.20833718710088217,0.6095855442586797,0.6483436969578882,0.29369159622832375,0.2674405580762867,0.0012855519456957036,0.0010738583215915967,2.2901701514172026,28
2025-03-18,0.17627057114458294,0.19825842924144804,0.5587524815207733,0.6374947043442976,0.26497694733464366,0.15745096132001232,0.0011704782966650506,0.0009279746926110738,2.2994725152212974,28
2025-03-19,0.11776105547173468,0.2526350197665122,0.6332668825878605,0.6813663596638913,0.24897206194040478,0.24554579477273653,0.0011651394189632692,0.0010038319719971683,1.0840545327660118,28
2025-03-20,0.4455164345998117,0.17991812663704498,0.37334059925955415,0.6117859868170905,0.18114296614063402,0.03566626637140592,0.0008130583114174038,0.00044551385249536063,1.3179326775021902,28
2025-03-21,0.24935879845296458,0.23483126000833582,0.526421561343902,0.665420913950918,0.22421964020313345,0.11362362269551723,0.0010298657519472267,0.0007817625040334946,3.1526117536958935,28
2025-03-22,0.26037602658606085,0.3058823530270376,0.624183982932025,0.7074026441749467,0.1154399904819142,0.04314173704533793,0.0007598485807905328,0.0006727928034762035,3.175519646381422,28
2025-03-23,0.21869172361346423,0.275861936533623,0.6545384213642538,0.6858988341090149,0.12676985502228194,0.026964172650284966,0.0008111823514857231,0.0007460899458629088,2.0845456197317813,28
2025-03-24,0.17277211300101158,0.2991589928225073,0.6293260154754873,0.6993734596378155,0.19790187152350103,0.0224454180448048,0.0010098920620115928,0.0008765101931410644,2.2728707878470567,28
2025-03-25,0.3208776281367132,0.164722407871957,0.48053718792994693,0.5472839075506196,0.19858518393333985,0.0007401414242595874,0.0009267731646486097,0.0006507572791808565,3.25435052857877,28
2025-03-26,0.2562793976669322,0.24967995417104957,0.6520719991983596,0.6470052103010125,0.09164860313470832,0.0030342635762747555,0.0007045158239570356,0.000658902524557287,3.0107112584975573,28
2025-03-27,0.23459694915389923,0.30345119803922804,0.650279321823956,0.6842520634071055,0.11512372902214478,0.0031125798042943233,0.0007738433854044395,0.0007119199699763956,3.057256916777029,28
2025-03-28,0.25009020519284536,0.32204679611272913,0.6418907792341801,0.6922101415034069,0.10801901557297457,0.0023112609042869295,0.0007477479099268976,0.0006822260101339537,1.5105401985467213,28
2025-03-29,0.20710154729083546,0.33871910368866337,0.620404181601023,0.7174916769106439,0.17249427110814156,0.011542778700661204,0.0009286602133719613,0.0008025291427669348,2.0640835160497764,28
2025-03-30,0.2685130290635128,0.3656892403591925,0.5957536630519538,0.6986061409781467,0.13573330788453342,0.0005746205481804205,0.0008043867570570894,0.0006775459002118797,3.1668300156783618,28
2025-03-31,0.3883061029723901,0.5392160903432154,0.5563375320991953,0.7758818296629916,0.05535636492841477,0.00033164932461045434,0.0005408617406148761,0.0004264036143929909,3.3280359100336194,28
2025-04-01,0.3224958919279485,0.35755265117840807,0.6216203143145,0.6433022415389263,0.055883793757551335,4.5410798374478074e-05,0.0005798679259852538,0.0005274200805801698,1.5525697809710026,28
2025-04-02,0.19310561797916043,0.36906765220749216,0.6542623071637458,0.7055633562025349,0.1526320748570938,0.0008083581900869433,0.0008885212646019101,0.0008070946798450335,1.674934292989824,28
2025-04-03,0.2615442419664584,0.36547969322565294,0.5937562134831251,0.7157821014022585,0.1446995445504164,0.002082791845089656,0.0008301143883133985,0.0006957896096813877,3.068256758667122,28
2025-04-04,0.3348707698568838,0.4961647890889368,0.5879111759483343,0.7852588777239524,0.07721805419478203,0.004878430958980609,0.0006245025574893199,0.0005265785977349943,2.7540029581613346,28
2025-04-05,0.24506122694286447,0.27968467489670035,0.6389778822726714,0.641099230329296,0.11596089078446412,0.0004801602250049892,0.0007698812767532432,0.0006966377391304942,3.0474546693038276,28
2025-04-06,0.31157965984497416,0.48375814414520596,0.6052365851727052,0.780398238726278,0.08318375498232072,0.0050870605848665025,0.000652313990763827,0.0005672243574133045,-0.6152280685486773,28
2025-04-07,0.14297461732031885,0.409948780869715,0.6405640509857582,0.7666104933624132,0.216461331693923,0.2285272781861943,0.0010719222608531415,0.000937765443619987,2.270726840227124,28
2025-04-08,0.15614228107324676,0.32940941568190135,0.6427518288954079,0.7249410400430845,0.2011058900313454,0.1059491292707791,0.0010271709757659398,0.0009046372610983146,1.3591220336318792,28
2025-04-09,0.16605155241935476,0.313481623747589,0.6134992787908415,0.7180495835042926,0.2204491687898037,0.17768798743905162,0.0010683904374925329,0.000905877357752776,-0.43055641941568235,28
2025-04-10,0.10016788612241807,0.16606829845368098,0.5395216462805138,0.6104908018728608,0.3603104675970682,0.3617311827506967,0.0014450427437938994,0.0011250180812068878,1.480572344434228,28
2025-04-11,0.07728003287760783,0.13049279158107632,0.5406819053250432,0.5700364004143404,0.382038061797349,0.38085219594666725,0.0015107741962151475,0.0011783974883087407,1.286419785148749,28
2025-04-12,0.043282109225911414,0.14568835077562914,0.5699045643392484,0.5882477099197942,0.38681332643484023,0.3965676132494258,0.0015417611379287227,0.0012343969030869097,2.181486377910124,28
2025-04-13,0.04336350300155343,0.14914087201350382,0.5807128971307621,0.5922469202187641,0.3759235998676843,0.3913816799558263,0.0015153244493212193,0.0012250492161575539,2.2038933048695637,28
2025-04-14,0.03512899500895362,0.16016307624422654,0.5956762858687104,0.6039382810618598,0.36919471912233603,0.3915009459894593,0.0015037193547840395,0.0012319338347845925,2.454350327732707,28
2025-04-15,0.08361103076469203,0.09952590372008845,0.5174952450667327,0.5250087490031261,0.3988937241685752,0.38161662776179645,0.001548007904145199,0.0011829988819256696,2.4731099322605536,28
2025-04-16,0.07258987329311661,0.1135015439614875,0.5631691241086336,0.5468784802574058,0.36424100259824993,0.3954627735011457,0.0014703218038302657,0.0011704912633570285,2.6498809385581383,28
2025-04-17,0.139865333764168,0.13777952783205044,0.5689811606231843,0.5775328895543783,0.2911535056126479,0.25829745968504086,0.0012547420369360216,0.0010057792270273121,2.6200166052670424,28
2025-04-18,0.11695494073137577,0.1613753390431682,0.603545553475273,0.6048606496947175,0.27949950579335126,0.2852182404478831,0.0012395915454029805,0.0010309197752258826,2.7761833338244193,28
2025-04-19,0.12557401029538773,0.22365411598817495,0.6405345092950347,0.6606854728824647,0.23389148040957738,0.2769644188578539,0.0011241202969617438,0.000979119539496814,2.6984376290318774,28
2025-04-20,0.24684570923177918,0.3445086500676999,0.6153209531351558,0.7181540218744059,0.137833337633065,0.008417191582665452,0.0008218847690935565,0.0007124361002753676,3.180145505511514,28
2025-04-21,0.30471780877610555,0.3862229539080655,0.615275526913362,0.7159931243338116,0.08000666431053274,0.0008741913911855055,0.0006485428206121573,0.0005750195810192544,1.8641027191751056,28
2025-04-22,0.2616619943034432,0.455061182950909,0.6327211071053711,0.6893249342541424,0.10561689859118538,2.8327178918880866e-05,0.0007352974373787628,0.0006625077231799085,-0.41515812237024274,28
2025-04-23,0.5106816333492455,0.3710366579832018,0.3723760100394725,0.7120376092404991,0.1169423566112819,0.042113054913809796,0.0006038910016037703,5.8935967163323974e-05,3.485612139278017,29
2025-04-24,0.27234389012696925,0.27870873484583064,0.6586944835069443,0.6314044026019511,0.06896162636608665,0.006308960273182654,0.0006274312561551197,0.0004833989373688118,3.2242867450604424,29
2025-04-25,0.24612077837271001,0.32039406199871195,0.6427798302444224,0.6687755351157436,0.11109939138286755,0.010350141734987075,0.0007401931695288541,0.00047909618421337706,2.7369717841100822,29
2025-04-26,0.3098200587309363,0.17028447577034345,0.5471076485603676,0.46320116859988303,0.14307229270869617,0.0005284633039307664,0.000778431770497261,0.00034505405133032136,3.2791345324304895,29
2025-04-27,0.2860390322483357,0.34154869137125515,0.6213837748723103,0.6854566222610456,0.09257719287935384,0.013298470532570765,0.000674559816411892,0.0004365721887566649,2.8576958872290077,29
2025-04-28,0.2461799568907127,0.41145617452478644,0.6312462370091626,0.732789615439817,0.12257380610012476,0.0347818993571556,0.0007668247494736873,0.0004666610637460354,2.493335139246869,29
2025-04-29,0.19823872079571692,0.3556315423682682,0.6347499745628287,0.6977418564207666,0.16701130464145433,0.01972589791984764,0.0008972202830681331,0.0004938601050798205,2.7073134965123327,29
2025-04-30,0.23852991709200022,0.33851943816806385,0.6155624277621926,0.6853191231488921,0.14590765514580709,0.016117653022579122,0.0008253782744473827,0.00045352944149321345,3.1514864270166187,29
2025-05-01,0.2669671770373069,0.35135369981023196,0.6222246251171032,0.6950426337568176,0.11080819784559012,0.019515896077996482,0.0007277193137768127,0.0004467976033154567,2.0313628753216206,29
2025-05-02,0.1750745770937325,0.35777065200665403,0.6334149263940235,0.6979245104949336,0.19151049651224406,0.01723203099435592,0.0009672608281178779,0.0005037450132868861,2.9418371714923035,29
2025-05-03,0.48797412037211424,0.5186310528591342,0.47268908348805977,0.5348402387809047,0.03933679613982601,2.834303793342003e-07,0.0004364796738890189,0.0001779362910540519,3.0109044894560606,29
2025-05-04,0.5033163003407397,0.6722387762927177,0.46716175581230057,0.7548970126623531,0.029521943846959806,5.068980747092016e-06,0.0004049813036901034,0.00016449262730587516,2.167769412810548,29
2025-05-05,0.3231690982793784,0.6252483404452152,0.6134239147434732,0.746419170833344,0.06340698697714826,1.3459383861065219e-05,0.0005857582609624623,0.000409863605216907,3.146242781838657,29
2025-05-06,0.4418384010126572,0.6053582765895158,0.5180643142116212,0.7156413286904607,0.040097284775721484,6.619736765568242e-06,0.0004643911392955249,0.00024929231969280497,1.9936713538222883,29
2025-05-07,0.32855477365554697,0.46653298873378185,0.5798389434467179,0.6107641780092806,0.09160628289773504,6.219046460974424e-06,0.00064823578511063,0.00037110554276536167,3.1592381889255234,29
2025-05-08,0.41992490394473986,0.511179367424177,0.5361821430570701,0.6555214196473931,0.043892952998189835,8.566643081349076e-06,0.0004856247424710112,0.00027949063879521727,-0.3094446510518212,29
2025-05-09,0.2717720057277253,0.43490897376803617,0.5791622852049079,0.7414828220041805,0.14906570906736655,0.01934454345809161,0.0008139010078553239,0.00039812901239088405,3.2182031247905347,29
2025-05-10,0.28275050827212184,0.3134342199319966,0.6253776345671673,0.6459197479412989,0.09187185716071086,0.002740499316470347,0.0006747820037634129,0.0004424754080354839,2.3336342438635578,29
2025-05-11,0.20269604712342057,0.33272064333578616,0.6247560431239291,0.6698686325823131,0.17254790975265027,0.005539633412623137,0.0009075647156581261,0.0004809316361741976,2.966402503161432,29
2025-05-12,0.28412665863852443,0.38562427392448406,0.6086755715573171,0.7041103920292804,0.10719776980415845,0.005644928154492549,0.0007096172447167942,0.0004238371424307698,2.7809858850964955,29
2025-05-13,0.2578336753220454,0.37322426931522856,0.6244278063335573,0.6960705037926688,0.11773851834439741,0.005412761915208636,0.0007489932467061714,0.00045363126914406995,2.588501701882512,29
2025-05-14,0.22908743864876036,0.37495248785836044,0.6297613883011655,0.6983962924343895,0.14115117305007432,0.00606494928904957,0.0008196684848976956,0.000473417465160567,3.0294983404264024,29
2025-05-15,0.2842126743973058,0.3850232620860149,0.6137074112198824,0.7017108191917933,0.1020799143828118,0.004692135777320332,0.0006976758287700708,0.0004292076411665049,3.23564349602099,29
2025-05-16,0.2815497133443223,0.33269122005534485,0.6283756463101189,0.655309995357654,0.09007464034555879,0.002018588676215296,0.0006712852230909607,0.00044628710439575893,3.250824770423597,29
2025-05-17,0.2872650247176479,0.33597725937364464,0.627217263416841,0.6471421266012188,0.0855177118655111,0.001095354593146775,0.0006574611059703556,0.0004422478488676584,3.209461140162148,29
2025-05-18,0.3009774915333053,0.40021553821548966,0.613816621865275,0.7050871525550501,0.0852058866014197,0.0028654544802509505,0.0006489751416675737,0.00042113168075863104,1.8345218764721276,29
2025-05-19,0.24979004110891298,0.6201199343342212,0.667945748812145,0.7335490791635689,0.08226421007894197,8.988704792431706e-06,0.0006711065992312923,0.0005043728270576046,3.1531988034414824,29
2025-05-20,0.427895824901873,0.5825543940103411,0.5285799284625795,0.6947287854514889,0.04352424663554745,5.565836433120919e-06,0.0004802525323112703,0.0002674176468253939,2.5913622845937514,29
2025-05-21,0.3826484830137431,0.6289682327237452,0.5661323461805384,0.7284122564470938,0.051219170805718334,5.772562349558865e-06,0.0005237608013309789,0.0003299248316391061,1.76665601753797,29
2025-05-22,0.25956069565846196,0.49586669438149716,0.6333245091868253,0.6728550435712821,0.10711479515471284,2.289823189763785e-05,0.0007233280539115612,0.00046235703299572203,2.333412876427116,29
2025-05-23,0.2144206035435856,0.6248853455822274,0.6927594509975696,0.7970683036863314,0.0928199454588449,0.00027503144259286076,0.0007156468555862554,0.0005483499072060663,1.3194248449286354,29
2025-05-24,0.2508262702425278,0.4357203029078158,0.6107646973253512,0.7115716662946752,0.138409032432121,0.0009573366466976448,0.0008009936448383889,0.00044235915513613926,2.992105714830546,29
2025-05-25,0.31315987011224805,0.4085456426289081,0.6001206548337994,0.6883336503272757,0.08671947505395265,0.0006498785838632374,0.0006455962185988684,0.000400445640318639,2.8184927431103945,29
2025-05-26,0.2865886975342448,0.44009354158511,0.6175080813214341,0.717925740081984,0.09590322114432094,0.0012456121823446885,0.0006819776940156357,0.00043213463242389296,3.139447321088296,29
2025-05-27,0.3295805879467112,0.47377617846067444,0.5929870997460502,0.7430605809739216,0.07743231230723874,0.002084543749317433,0.0006147194007073367,0.0003847471141665598,3.2960634142978256,29
2025-05-28,0.34697305346157714,0.4573442837773081,0.5857843635807461,0.7312781227411908,0.06724258295767672,0.0016310669620155543,0.000581194635950563,0.0003684992526643773,2.7763455432937243,29
2025-05-29,0.3113178654135988,0.47516355792940734,0.6066177583661951,0.7232830729665591,0.08206437622020608,0.00044757970703738825,0.0006358217965846338,0.00040833453877315597,2.053857547193646,29
2025-05-30,0.20834705881338214,0.44756301809200394,0.6542253322678656,0.7168352861264161,0.13742760891875225,0.0008476792571118081,0.00082275055561957,0.0005098686966969543,2.31590900235407,29
2025-05-31,0.2773287285022173,0.3741544268817817,0.5883543520737766,0.6553368716558764,0.13431691942400592,0.00039797277919014656,0.0007764833065650366,0.00040530080443190606,2.9448109197437424,29
2025-06-01,0.3441624042637694,0.5106265808895906,0.5823373933628742,0.7468660080433831,0.07350020237335657,0.0005650368499730339,0.0005973265324384567,0.0003661651352843644,2.7763130715080813,29
2025-06-02,0.31658591150319065,0.5220120369204909,0.6047473213098601,0.7487302918192686,0.07866676718694927,0.00041417065501263186,0.0006249445047257187,0.00040374794772541484,3.2877164047152427,29
2025-06-03,0.4790794313732867,0.5844236000117619,0.48956398173564636,0.6513745149630511,0.031356586891066775,1.3567503135240425e-06,0.00042298076536893565,0.0002004349877214309,3.4437210109833902,29
2025-06-04,0.4485280005794593,0.41379015524834856,0.5326779260451333,0.39776122878250825,0.018794073375407363,1.0416962336140202e-07,0.00041110512417118753,0.00026174216979281276,3.2399677875069073,29
2025-06-05,0.4751916759259826,0.5020843654271123,0.49942433709007966,0.5187576183882986,0.025383986983937738,2.734173852971077e-07,0.00041130786274353137,0.0002129414093107027,1.3425546053415416,29
2025-06-06,0.20363480658362207,0.5298368139152069,0.6849520484331715,0.7153813719066975,0.11141314498320644,5.097691242071682e-05,0.0007649589730617661,0.0005452231343594683,1.970341607426738,29
2025-06-07,0.2077711918709357,0.510594678582026,0.6680921588802886,0.7434437827744182,0.12413664924877577,0.00044450312662168813,0.0007921885855769451,0.0005250660976353688,2.5788754282752,29
2025-06-08,0.24923161839680272,0.525868289777674,0.6471103952159071,0.755897802114158,0.10365798638729028,0.0006003370971637215,0.0007211398942629648,0.00048223403545771094,3.198363747688603,29
2025-06-09,0.3922669329732004,0.587715641293013,0.5510329193473262,0.7826916847795949,0.056700147679473234,0.0003949240114286233,0.0005310485932492996,0.0003089822122887923,0.9847279786009846,29
2025-06-10,0.2697312832055608,0.3548229160685616,0.5755521974584719,0.6509797646598688,0.15471651933596725,0.0006437135167985665,0.0008281871261410174,0.00039524315174821364,3.2141149193718412,29
2025-06-11,0.33512640069471733,0.4172769920086643,0.5907794365392018,0.7067451048748459,0.0740941627660807,0.001483333898613208,0.000603822793988425,0.0003796620309037733,2.5589033767073164,29
2025-06-12,0.2560329968676816,0.4081938214225938,0.6296266130295377,0.7015007429858274,0.11434039010278074,0.0015169419831049175,0.0007421156041389525,0.0004601034473324214,1.9110863427742988,29
2025-06-13,0.22377134856433892,0.37120216320308513,0.6100333665704776,0.6869365218511161,0.1661952848651836,0.0028640271250882482,0.0008808757194179694,0.00045479498832766256,3.13647615734135,29
2025-06-14,0.3210446774002398,0.45676599093209774,0.5907684300655253,0.7478504511811449,0.08818689253423503,0.009516014550060495,0.0006445422606780344,0.000386532322596705,3.1780336748150932,29
2025-06-15,0.31433356646915367,0.430818617797496,0.6023078032017709,0.7311751104587939,0.08335863032907549,0.0064450063198491,0.0006371221322569225,0.0004022246451411454,3.299908775488412,29
2025-06-16,0.33346721863551143,0.42403728758343756,0.5975342406050346,0.7036696153044283,0.06899854075945389,0.0009090066641383458,0.0005929215572718255,0.00038773877639667893,2.2751149577917036,29
2025-06-17,0.2134528516783556,0.47750459799181766,0.663787027686838,0.7301228452042666,0.12276012063480628,0.0006401395357728718,0.0007857753018491273,0.0005176584645534308,1.962805327024008,29
2025-06-18,0.22590135906736653,0.43499567287393714,0.6308769881699254,0.7132483509054687,0.14322165276270812,0.0011063842571880185,0.0008262829358045968,0.00047617459468628426,3.1255361289486805,29
2025-06-19,0.3331073813954865,0.4808352703844646,0.5878233464906566,0.7470767432500434,0.07906927211385695,0.0021398737840465486,0.0006165264147500151,0.00037746904094480626,3.33108378842806,29
2025-06-20,0.4475405766034174,0.5844578883123833,0.5127856085476991,0.7435785618555395,0.03967381484888359,3.871483687559462e-05,0.00046017645703925813,0.0002408274271078959,2.486436424205838,29
2025-06-21,0.33326665826079865,0.5816642314105093,0.5994835216813473,0.7569224758108941,0.0672498200578541,8.532522953592568e-05,0.000588971616309485,0.00038993355502792284,2.2480558354359954,29
2025-06-22,0.24759310390929531,0.5640170411001052,0.6595240437109025,0.7503665258898219,0.09288285237980219,0.00010473406160815806,0.0006970265992597653,0.0004963876596676917,3.0244856008957868,29
2025-06-23,0.4102587854373175,0.6870856024536851,0.5430070953422331,0.8070781976995667,0.046734119220449365,4.949151576451603e-05,0.0004977016128426121,0.0002915560529028323,0.7558563589337691,29
2025-06-24,0.2914473526362248,0.35094565085421464,0.5606588206934513,0.6333904625073854,0.1478938266703242,0.00032294361818176014,0.0008000385736299437,0.00036860972771955356,3.1139471322418384,29
2025-06-25,0.35213193652212793,0.4788855899554212,0.5755606004627238,0.7457273936310097,0.07230746301514851,0.0020760270578898295,0.0005900424642921428,0.00035498069320468475,2.5383597560782754,29
2025-06-26,0.2520115533401871,0.41653640968082384,0.6324262140952177,0.7034213307498355,0.11556223256459508,0.0012144413598250906,0.0007472307579635372,0.00046508025135569417,3.175481003921899,29
2025-06-27,0.3269454933735804,0.4342302038581724,0.5965945220669936,0.7092374678549572,0.07645998455942603,0.0008702097587975843,0.0006139518619805664,0.00038991530993941073,3.315463349805193,29
2025-06-28,0.3366230325646496,0.34600934191143096,0.6057112986524725,0.577256557280872,0.057665668782877814,4.679197195803401e-05,0.0005648007935891073,0.0003949921575021697,3.2889361733155114,29
2025-06-29,0.3563554913924443,0.45638994157586155,0.5838387611418178,0.701084201658017,0.05980574746573798,0.0002431748774484324,0.0005586016306512611,0.0003618209913579968,2.8403796808648067,29
2025-06-30,0.31158286391312684,0.4668365451950664,0.6073224039601927,0.7147317565651116,0.08109473212668042,0.0003607961326067406,0.0006334185920225519,0.0004089629840690773,2.71940822409643,29
2025-07-01,0.33331141879599335,0.3432728859702397,0.5801603486411425,0.5756864205849045,0.08652823256286414,4.803791835441414e-05,0.0006337429601603206,0.00036912655959941705,2.389425895019665,29
2025-07-02,0.27447481778202487,0.47376230452258766,0.6242259363889752,0.7142673645534066,0.10129924582899992,0.0002763200887437345,0.0007013732392729954,0.00044528113577014676,1.6844950007050068,29
2025-07-03,0.25729571665590306,0.3767396883245506,0.5911228990197007,0.6690244270572375,0.1515813843243961,0.0007295624213339937,0.0008279415109637297,0.000418069504827128,2.9537991190978357,29
2025-07-04,0.4015492344389199,0.5789928592788964,0.5450344992846193,0.7349123477008914,0.05341626627646066,3.014297601490665e-05,0.0005181609014479026,0.00029799344601594095,2.443475602908301,29
2025-07-05,0.31206113568327376,0.6018982904036637,0.6166762047688176,0.7703693029112213,0.07126265954790885,9.613716352041932e-05,0.0006103006329437085,0.0004187907271021783,3.281721631388403,29
2025-07-06,0.4270320155335101,0.5658088159714884,0.5295744454461482,0.725194076994914,0.04339353902034181,2.8348466376670132e-05,0.000480438206113986,0.0002689095743967841,2.946531565411738,29
2025-07-07,0.40217271625146445,0.5759264094901639,0.5480294017281369,0.7412014116152836,0.0497978820203986,4.4479906611538364e-05,0.0005094004377066731,0.00030091022291516554,3.0266967246055634,29
2025-07-08,0.3926991882954337,0.47670619398038216,0.5583518512713921,0.6465897725315769,0.04894896043317431,1.487373997757396e-05,0.0005127936773727123,0.0003166436224762579,3.111567249845986,29
2025-07-09,0.38862366914983437,0.45671409898152826,0.5625869867009722,0.6273923246753732,0.04878934414919331,1.305584751248502e-05,0.0005147309990986203,0.0003231909983422553,1.9077255343901562,29
2025-07-10,0.25974201123504326,0.44081191896268485,0.6198153529419671,0.654418546960787,0.1204426358229897,4.997965737269449e-05,0.0007541971219342645,0.0004477371911951451,1.3185584632822207,29
2025-07-11,0.2855273978992104,0.4087385143332402,0.5740074209005722,0.7007722223641405,0.14046518120021742,0.001408577897910777,0.0007861286265633375,0.0003858614991824793,2.354031977528716,29
2025-07-12,0.21769706787473667,0.5462945505178708,0.6634357552646406,0.7898546914976033,0.11886717686062265,0.00969189329457258,0.0007743271050894858,0.0005152063488510026,3.134795043881118,29
2025-07-13,0.3541787332645976,0.5425441994746245,0.5768334985204179,0.7687026769569274,0.0689877682149845,0.0008443179048242465,0.0005811697691129634,0.0003553495691410872,2.5165836450778034,29
2025-07-14,0.2577449532476278,0.545283329276903,0.6457422017774,0.7742199362931265,0.09651284497497223,0.0012451402078360377,0.0006997180672782473,0.00047660162349695464,2.865229451671632,29
2025-07-15,0.32242646684887694,0.6497219918422619,0.6036542799268532,0.8290645892762126,0.07391925322426983,0.0038856065297179464,0.0006106062762634528,0.0003997177670732686,2.1643254269746914,29
2025-07-16,0.10723248653498917,0.8952039281225296,0.8266012681314402,0.9209515064891353,0.06616624533357063,0.047777344052334816,0.0007142942770076661,0.0007447037093518702,2.7579434566473937,29
2025-07-17,0.196778269642748,0.49909480790807714,0.6820253263374486,0.7490403254009775,0.12119640401980336,0.0010829746877192906,0.0007915739458004408,0.0005454259640470269,2.905547254945755,29
2025-07-18,0.305963367095047,0.38559565016866854,0.598632415944728,0.6477912802203142,0.0954042169602249,0.00019357329951609614,0.0006698510610896156,0.0004023619364342751,2.555282268764647,29
2025-07-19,0.2740304695344877,0.45932517990717464,0.6230954689975778,0.7226280448112382,0.10287406146793444,0.0007857567029721747,0.0007052842995431166,0.0004442823052062378,3.24055323170115,29
2025-07-20,0.3438558180922688,0.3419054569833641,0.5947046420936104,0.5642888270918425,0.06143953981412071,3.485029815423707e-05,0.0005694752804644911,0.0003796178987176254,3.2220557166740065,29
2025-07-21,0.48977528227968664,0.6675824192152487,0.4785344825314194,0.750844713925164,0.031690235188894016,4.8894913409084715e-06,0.0004176939698474421,0.00018334366143967791,3.518828640084832,29
2025-07-22,0.5810415287397933,0.6903053399547249,0.40129828955611024,0.7307686190195116,0.017660181704096146,1.2218013265833347e-06,0.0003333541259107387,5.565959648021627e-05,1.5802767080353526,29
2025-07-23,0.12372432391551169,0.6717759882632584,0.6579941995984091,0.7466355034553086,0.21828147648607912,0.008581810012652177,0.0008030704723419272,0.0011215726325909448,2.610182943825271,30
2025-07-24,0.22768359663790283,0.6511033399406878,0.5838603511019046,0.7399068853674848,0.18845605226019252,0.006027046105136434,0.0007082274444560805,0.0009568347747857917,3.1608414884646128,30
2025-07-25,0.43134026398862557,0.7328879598545748,0.466330861698297,0.7688207017003841,0.10232887431307744,0.015628385633056015,0.00047714039034825353,0.0006568770286816532,3.1553912611066273,30
2025-07-26,0.5933535906330745,0.9010876034905997,0.3509522839172546,0.8449334047802889,0.055694125449671,0.11997776734908812,0.0003288211947251398,0.00040027096155888014,3.517100755720273,30
2025-07-27,0.5541753845738452,0.6738318196340494,0.398898494088048,0.7525209242855129,0.0469261213381068,0.001796662835204794,0.00033204467473635363,0.0004787978476465495,2.635223651273331,30
2025-07-28,0.37113381389120703,0.6625815547254327,0.5131080744158499,0.7472220483532014,0.11575811169294298,0.0024638263293948266,0.0005258676669987517,0.0007554414313918157,2.6740106984374394,30
2025-07-29,0.8051324457030458,0.5216040568632496,0.19396433629009524,1.1614946077723092e-143,0.0009032180068589635,0.0003699504166850467,0.00014478929965895996,5.977371101882533e-05,3.8295341172359136,30
2025-07-30,0.5289426000531533,0.5713942083933126,0.448170063999406,0.7175377983944174,0.022887335947440645,0.0006853131174007999,0.00030415066854809947,0.0005444884451776174,3.58794204527943,30
2025-07-31,0.4674773269837944,0.5957983526974282,0.4709928051127571,0.7258980254950927,0.061529867903448575,0.0008358163024889195,0.0003945428787732218,0.0006246229140276267,2.2282884176195723,30
2025-08-01,0.22995505963183005,0.6210515181333317,0.5910189147768853,0.7307939402864378,0.17902602559128483,0.0031186497515624206,0.0006918469295190594,0.0009604498104013669,2.0108136307136526,30
2025-08-02,0.19367029406040737,0.7311812865679668,0.6190450334741371,0.7683161626497926,0.18728467246545563,0.014713768750961746,0.0007214490738050557,0.00101971607241435,2.956839845384945,30
2025-08-03,0.34178781490219656,0.6827512212296972,0.5241524537006863,0.7525166507872751,0.1340597313971173,0.005171528067821952,0.0005687690211746553,0.0007938223942641706,2.3994265600658897,30
2025-08-04,0.22321234324482858,0.6326170282287977,0.5878704357742016,0.7331469840764974,0.1889172209809698,0.005613050929439081,0.000710968591105138,0.0009645953364318103,2.885499810557225,30
2025-08-05,0.32800887414824426,0.6828793206959807,0.5303911216431408,0.7499787209402566,0.141600004208615,0.0114493533360097,0.0005871957034759293,0.0008127089290233279,2.877427733476523,30
2025-08-06,0.368104069481079,0.6534066759737909,0.5073680878851107,0.7392269845172802,0.12452784263381032,0.009594875692233476,0.0005415086941676791,0.0007537494522177295,3.007741865532444,30
2025-08-07,0.39499409937416624,0.6600493777490991,0.49321977723858157,0.7423165094923152,0.11178612338725215,0.008133558309904126,0.00050875899051045,0.000715269992752436,1.9963560126091446,30
2025-08-08,0.1494587441066919,0.5650423373850438,0.6084026084056011,0.7078281609706258,0.24213864748770686,0.005428369011239837,0.0008305212271325777,0.0010551181055481712,2.904641953653848,30
2025-08-09,0.30170107378267924,0.5808748833011856,0.5355001107825592,0.7127942540959364,0.16279881543476157,0.007198168972324809,0.000633461092187252,0.0008431780307455392,3.2783746573791324,30
2025-08-10,0.432574845432478,0.6432484410396273,0.4704351536802657,0.7336382980149613,0.09699000088725636,0.015897129411402047,0.00046789061914679996,0.0006590173166407349,1.841191190672585,30
2025-08-11,0.13509298788572424,0.6028532119634457,0.6232480766350706,0.7180211985961108,0.2416589354792049,0.017173613083215723,0.0008361257165270278,0.0010816641102614315,2.9625604260964584,30
2025-08-12,0.3376540364295098,0.6962484938477691,0.5224141031292924,0.7538052077546511,0.139931860441198,0.01753868713900399,0.000580180131355654,0.0007965216157490745,2.6661622846173767,30
2025-08-13,0.2862297690494829,0.6102511874798355,0.551559254526607,0.7237784128315365,0.16221097642391014,0.0073714537807910785,0.0006393928942614917,0.0008718254655408879,1.849549585397658,30
2025-08-14,0.18766713808974678,0.49383343536824964,0.5525081535834402,0.6803741725429954,0.25982470832681304,0.0057544635715334296,0.0008423553121697395,0.0009710273905567266,1.1488783836791407,30
2025-08-15,0.438009160753581,0.48579235694309975,0.360786979644808,0.6683887233442153,0.20120385960161133,0.05725329626656439,0.0006352621867664384,0.0005634764945962314,2.8368843145872114,30
2025-08-16,0.39690357691807276,0.5513454359759372,0.48692907265560614,0.6910337690253566,0.11616735042632119,0.11526488167143607,0.0005150467253540417,0.0007081932281782301,3.414152921508177,30
2025-08-17,0.3779700490124776,0.5109214099998495,0.5236316978591197,0.6773858932160735,0.09839825312840281,0.07139135406065146,0.0004945320795473302,0.0007572637760362885,3.399764610237761,30
2025-08-18,0.38037808420096825,0.5365240833877764,0.517543570503201,0.6881905866405406,0.10207834529583071,0.05768993865990039,0.0004994556670643242,0.000749855652716496,2.771262277680151,30
2025-08-19,0.25146831615344467,0.4396878454601806,0.5740372434403196,0.6537502966463006,0.1744944404062358,0.02104502723169638,0.0006748873237097641,0.0009250108616008144,1.616721791300672,30
2025-08-20,0.13736740074865395,0.5947495215746856,0.5817141258569026,0.7040134401602317,0.28091847339444376,0.23453209278933068,0.0008991096303262089,0.0010452582995591406,2.593910295274376,30
2025-08-21,0.20758530505537337,0.5716546676992844,0.5557571872389098,0.6974975915270086,0.23665750770571686,0.1542004981348714,0.0007957329132002668,0.0009538078438962586,2.284603942113558,30
2025-08-22,0.21674437891316584,0.47218420822768065,0.5265114759669103,0.6618704575218815,0.2567441451199237,0.07451999819386994,0.0008243948614334895,0.0009206262692004392,1.3641270708965139,30
2025-08-23,0.2229508087508316,0.5123941693215855,0.47406260520287424,0.6714312190325654,0.30298658604629425,0.26507006640754965,0.0008969966615419349,0.0008713236313809744,2.490119137386376,30
2025-08-24,0.26916908715279136,0.47729616451096496,0.5058719521410825,0.6607485816845686,0.2249589607061262,0.15126545199411628,0.0007492518706359897,0.0008513137478760978,2.3462063399318382,30
2025-08-25,0.22069257762352945,0.6398270551870865,0.5630337970221181,0.7222294879248469,0.2162736253543523,0.20297391071311136,0.0007566773140323798,0.0009466995387176205,1.621703389207843,30
2025-08-26,0.22459996663501094,0.5237494912453857,0.5046261086179219,0.6791052322942431,0.2707739247470673,0.15056806033099526,0.0008437636530606339,0.0008947954140220535,2.3489095105421223,30
2025-08-27,0.21586076338132634,0.492251016884725,0.5244144118869861,0.6671575275827294,0.25972482473168756,0.13780969418881037,0.000829646118203753,0.000919785154339046,2.9904394641513377,30
2025-08-28,0.30114471417825045,0.46762540932060276,0.5310041226024759,0.658292779212739,0.16785116321927362,0.11138867046475263,0.0006419426318228175,0.0008400385729631994,2.7219291425536762,30
2025-08-29,0.23994589921783305,0.492430595742033,0.5551829715717417,0.6671126107126185,0.20487112921042533,0.14121382834428137,0.0007295243893246347,0.0009210214797557787,1.2988910226612642,30
2025-08-30,0.32817275873007995,0.36612245242238634,0.4062147184234323,0.6184600895895992,0.2656125228464876,0.05072979605211958,0.0007892079253145765,0.0007104910091630603,3.252121483071218,30
2025-08-31,0.37101034366347996,0.4785368794669561,0.5159939921394117,0.6612452467658836,0.11299566419710828,0.15127456131597977,0.0005214211583540324,0.000757936514512843,3.3123248923314983,30
2025-09-01,0.3777118487514482,0.5577736465278976,0.5089380730028593,0.689812663068404,0.1133500782456926,0.23544781476391302,0.000519011737851536,0.0007454456652749862,3.1623752258398357,30
2025-09-02,0.3630825505404251,0.5586928930818835,0.5172036211791305,0.6960677487552998,0.11971382828044425,0.06800806036973517,0.0005359020036685976,0.0007668471345741927,2.1039135488438734,30
2025-09-03,0.1442518592562652,0.4750465611153912,0.5797105376338981,0.6661355319831453,0.2760376031098366,0.03444829990029979,0.000888092495269392,0.0010367370115744363,2.8942388621001744,30
2025-09-04,0.27642924390667667,0.48980222394152834,0.5339079353041378,0.6723475234693709,0.18966282078918553,0.031450878414715985,0.0006884960859088864,0.0008671052930377121,2.949510549875176,30
2025-09-05,0.2945083607699407,0.4579887618172422,0.5511046062741146,0.6664851846448647,0.1543870329559448,0.005340783759936069,0.0006229555932200199,0.000863185027450995,3.2765832996364397,30
2025-09-06,0.3855706923582941,0.5765311205713859,0.5050948520326071,0.708987828898229,0.10933445560909875,0.013213552965942161,0.0005089650717810765,0.0007344394811649082,3.3161810818440136,30
2025-09-07,0.42406027050378026,0.6010689969418149,0.48398685235361044,0.717322544877814,0.09195287714260929,0.017283007832600467,0.0004634807457296145,0.0006786572009067796,2.905109187281778,30
2025-09-08,0.35021434904137594,0.5985971222679183,0.5222326649872722,0.7167102565761142,0.12755298597135192,0.015774250502428293,0.000554410946589341,0.0007838301003191171,3.063405451082302,30
2025-09-09,0.4599695452343767,0.7745437106514669,0.45181515512766773,0.7918255193636456,0.08821529963795535,0.002308892065458135,0.00044137198385066064,0.0006163588541477146,3.31382189996779,30
2025-09-10,0.47802152375384466,0.6484014044913676,0.4509627709984362,0.7468269725831919,0.0710157052477192,0.00040750520105824477,0.00040529314126322295,0.0005976320879673704,1.8320655396191463,30
2025-09-11,0.12431295629753408,0.6717979790289234,0.6597084032726416,0.7487009224970089,0.21597864042982437,0.004583891100720508,0.000799054941562625,0.0011223936564423017,2.59137175997476,30
2025-09-12,0.19076399253761955,0.5802950907163174,0.5910892852264689,0.7166917765079815,0.21814672223591172,0.0022405167795514955,0.0007730457245184339,0.0009996428219457864,2.9582696827912436,30
2025-09-13,0.34153063621112517,0.6652101504320228,0.5234878342793594,0.7492255184194131,0.1349815295095153,0.0018103695997302356,0.0005703857795396131,0.0007935329893054669,3.344972460487289,30
2025-09-14,0.4656459495438466,0.6704254467897305,0.45236890653860334,0.751417903742607,0.0819851439175503,0.0016939954723492682,0.0004286882129499979,0.000611145644938024,3.3654505179196366,30
2025-09-15,0.4943214939693118,0.6632299876400437,0.4377028030092655,0.7495992665727632,0.06797570302142286,0.0012834536901064144,0.0003930651089599954,0.0005704576695894696,3.5465754541398193,30
2025-09-16,0.488742265759066,0.6217840136606222,0.45077072918036704,0.735982241647603,0.060487005060566916,0.0007319569326230151,0.0003833543673526241,0.0005867688051545146,2.6853105645082964,30
2025-09-17,0.3518034374725723,0.670356640063537,0.5244095950429605,0.7502241480827573,0.12378696748446713,0.002426661920304141,0.000547565781018469,0.0007840323861218894,3.354845576576466,30
2025-09-18,0.4444685032349693,0.6357695618873399,0.4706571717278125,0.7400272644418011,0.08487432503721827,0.001032157416547596,0.0004428441828195782,0.0006473230854381989,3.386322967857631,30
2025-09-19,0.499057845495547,0.6843674936986485,0.4312621602060201,0.7567798206165539,0.06967999429843282,0.0016664316425271353,0.00039372752840145217,0.0005604348357743199,2.687386411118856,30
2025-09-20,0.7678132615217329,0.5583424714726131,0.2310982580928061,3.9167637565974345e-24,0.0010884803854611244,0.0005445405801161548,0.0001618140680338656,0.00012755815654327772,3.7905960030539867,30
2025-09-21,0.6939917827628349,0.6625700960861748,0.3050642092684135,3.182802350786897e-217,0.00094400796875158,0.00013948612569145087,0.00019463168894243464,0.0002620632129042747,3.6532479136352545,30
2025-09-22,0.8103140416604574,0.780178915887292,0.1891842316655358,5.917279652488029e-16,0.0005017266740069707,0.00018436093812309646,0.00014181286647161725,5.067097958291239e-05,0.8553714223845925,30
2025-09-23,0.14170951011400193,0.6939353865634951,0.6672984061134195,0.760568177593748,0.19099208377257862,0.0016054161560833985,0.0007505926217330961,0.001111259748668465,2.9181989972704914,30
2025-09-24,0.27809904720080814,0.6225419958054454,0.5613610762719928,0.7363109502902814,0.16053987652719912,0.0007216961604193995,0.0006402895972145866,0.0008880002110386105,2.7017503166280274,30
2025-09-25,0.2703114981390515,0.6001002975427263,0.5627873707275346,0.7273586253470569,0.16690113113341393,0.0008690577256532405,0.0006541240069711917,0.0008969488533209214,1.1770294367981196,30
2025-09-26,0.3000776253268235,0.5966281556535978,0.492553834549714,0.7130573660928649,0.2073685401234623,0.035346456463286956,0.000706817819599539,0.0008095038042686864,3.153004323558606,30
2025-09-27,0.6422499527866687,0.3527621958133219,0.35502616860519176,4.282966119439468e-12,0.002723878608139493,0.0014316129335170383,0.00022067630247392834,0.00035479244792455047,3.7040045182807337,30
2025-09-28,0.46840843805640797,0.5541592495579964,0.481706632637451,0.6995652382419125,0.04988492930614093,0.017051859384672016,0.0003751539271213562,0.000632498280623613,1.8033157159719693,30
2025-09-29,0.07923284576377163,0.5613605746479575,0.646458101279026,0.6988898578187145,0.2743090529572021,0.04281641816113127,0.0009141729795567612,0.0011565197301399042,2.3769081831788914,30
2025-09-30,0.19607008610058163,0.5463661654636435,0.5529495979175212,0.6925989345966471,0.25098031598189713,0.04929096495915072,0.0008242011784585125,0.0009629992264309319,3.066768773885417,30
2025-10-01,0.23959606130306443,0.3087130920111789,0.5795357644351575,0.6031749383151587,0.18086817426177812,0.002622675426342169,0.0006905592534105781,0.0009413851404103268,1.349965891958325,30
2025-10-02,0.2693107839096005,0.4223725928815086,0.46016476480836516,0.6423680828851133,0.2705244512820344,0.059373021031881384,0.0008234455516374628,0.0008136078410316374,2.2075731040527895,30
2025-10-03,0.25640462872840164,0.41848892072163174,0.4862335298302227,0.6416402330629011,0.2573618414413756,0.047641561927788144,0.0008077435875942009,0.0008479201829151901,2.4169421959970507,30
2025-10-04,0.2414419130095978,0.44896707182925427,0.5166391908727302,0.6521976744120137,0.2419188961176719,0.07919794241251685,0.000789238511888045,0.000887850426747385,3.1833641647138164,30
2025-10-05,0.3419562167515821,0.5127773650363764,0.5191695789801254,0.6753301856813929,0.1388742042682925,0.13530208048792766,0.0005765396747861603,0.0007895590613131275,2.883840146674838,30
2025-10-06,0.33573369917576,0.6356709596320547,0.5192074871138678,0.7229909077128962,0.14505881371037213,0.1269617560000637,0.0005893906862026191,0.0007958038598723444,2.7792499868140657,30
2025-10-07,0.2758539914788545,0.5175950287580675,0.5507262398606481,0.6823041926009308,0.17341976866049746,0.039893740522245126,0.0006622802656346732,0.0008815018340847621,1.7647433478531513,30
2025-10-08,0.20824380514585336,0.44184237278757427,0.5129890758277612,0.6522610402096336,0.2787671190263855,0.038323465850001584,0.0008640718588166347,0.0009180013477090262,2.4387681119711093,30
2025-10-09,0.250807204601023,0.4961095252368965,0.5190754040162358,0.6729595411203548,0.23011739138274126,0.05066702239359455,0.0007658352085996575,0.0008805006904273241,2.412970677378346,30
2025-10-10,0.25017166827090254,0.4523025352950755,0.5260116262829673,0.6581841997345091,0.2238167054461301,0.02531586358071497,0.0007558495898300504,0.0008868358486718022,-0.2790094286138698,30
2025-10-11,0.44351143276893173,0.41066185215271495,0.23007872314483432,0.6286853928849512,0.3264098440862338,0.320300337399083,0.0008367825346954012,0.0004505596023113161,1.5125519525019135,30
2025-10-12,0.20687835551877162,0.4845120831300871,0.44958194636486287,0.657768833285608,0.34353969811636553,0.3581534793805043,0.000970244209611032,0.0008672537558969701,1.4842788206472637,30
2025-10-13,0.28687365030295753,0.3793416061769827,0.3781741054379584,0.6159379922250362,0.3349522442590842,0.2841880527627486,0.0009206084519880637,0.0007286860685250391,3.1978044112488897,30
2025-10-14,0.30370207482740397,0.3843100996836706,0.5514781771746453,0.6183674579862652,0.14481974799795067,0.27509552656514336,0.0006032694652540721,0.0008543114432487664,2.2110510434403294,30
2025-10-15,0.1138776833828446,0.3950360279860548,0.5606705787822299,0.6219455700388452,0.3254517378349256,0.3207659863017686,0.0009821443548206218,0.001051419897939523,2.1209272452597943,30
2025-10-16,0.2919834098349705,0.17923224222069906,0.3649569714877829,0.5148269831521657,0.3430596186772466,0.026671096495638754,0.0009315412563853464,0.000712721105856717,1.766248719681116,30
2025-10-17,0.17614732291088372,0.3926959804669361,0.4465896083000145,0.6192741827924162,0.37726306878910165,0.38266689337548576,0.0010388876774999262,0.0008954817132787629,2.403842255665576,30
2025-10-18,0.1418633759546854,0.45415973002984866,0.5390661824235033,0.64350629112474,0.3190704416218113,0.4145916716413584,0.0009592974867576998,0.0010057185607357563,2.90224258695393,30
2025-10-19,0.19345032611493193,0.4349353972336158,0.5541369876375886,0.6367461707969753,0.2524126862474795,0.3921138382422738,0.0008277014135349059,0.0009665911056483496,2.476256856773333,30
2025-10-20,0.1311782490945559,0.39794711242766484,0.5423645660848739,0.6226412767457856,0.3264571848205702,0.34289904669814264,0.0009760900025722627,0.0010190992235357681,2.350428640324283,30
2025-10-21,0.23579721883006113,0.48763091344611836,0.5035161678976271,0.6670376679145953,0.26068661327231163,0.09425886654003938,0.0008223385324074626,0.0008827019261446426,2.211087599611258,30
2025-10-22,0.2767669598463399,0.4659526544082851,0.599944620449052,0.6871812546468543,0.12328841970460806,0.0,0.0007104043798480024,0.00040883199041546325,2.842612768873228,31
2025-10-23,0.36288089758112035,0.4935689644613432,0.5659983475699739,0.6665482040097171,0.07112075484890573,0.0,0.0005422090840401242,0.0004164344973030527,1.9792701197638867,31
2025-10-24,0.2281119031053491,0.5087015053893527,0.6404396575021841,0.6932092558339084,0.13144843939246673,0.0,0.0007538916972412733,0.000463174538772123,2.843105881529836,31
2025-10-25,0.3327432731733066,0.5096872283664495,0.5820424147722345,0.6868806662008393,0.08521431205445908,0.0,0.0005910045585565687,0.00042522834620902005,3.1594942992344577,31
2025-10-26,0.39986565819170145,0.5326001358491668,0.5452786548579126,0.6846772557958968,0.05485568695038607,0.0,0.0004848190314775954,0.0004028078579375156,1.7403435728926322,31
2025-10-27,0.2363048194346773,0.5286850401643036,0.6399854068451485,0.6844562673850798,0.12370977372017423,0.0,0.0007311774243544903,0.00047153301848541437,3.1137880119669927,31
2025-10-28,0.3873385643556377,0.44938214273808497,0.55779921134314,0.6126761813211343,0.054862224301222236,0.0,0.0004909518065943405,0.00042256100785952966,2.9169835872560586,31
2025-10-29,0.37619672731506726,0.45851828783071796,0.568545480536024,0.625373553903765,0.05525779214890871,0.0,0.000497348273777838,0.00043905762371729566,1.7409806189323853,31
2025-10-30,0.26923378145007915,0.46797668127938363,0.6094331776428518,0.6543610582186419,0.12133304090706909,0.0,0.0007093543821844442,0.00042610063653031576,2.109497710651506,31
2025-10-31,0.2391137896404783,0.588012232551782,0.6357579576993744,0.7300983833281472,0.12512825266014715,0.0,0.0007332367240074974,0.00046319746210688405,2.5061564151550937,31
2025-11-01,0.2852421078384636,0.5310491791664564,0.6078549769674731,0.6961481793305861,0.10690291519406327,0.0,0.0006666436388681056,0.00044053253419041243,3.1604707342842167,31
2025-11-02,0.3845688238121887,0.5139062865384184,0.5557998072501998,0.6826746335027453,0.05963136893761125,0.0,0.0005038365706324682,0.00041381246234200875,3.314716595814493,31
2025-11-03,0.42523187483459357,0.5310076486246822,0.5316430221633995,0.6733069218749871,0.04312510300200697,0.0,0.000444066948340575,0.00039504402535046234,1.0429422295844268,31
2025-11-04,0.29066249128331945,0.41674580872894246,0.5822049158440266,0.640710919037638,0.12713259287265405,0.0,0.0007129134436596494,0.00037632575064550376,0.45603494315423077,31
2025-11-05,0.03968766017671387,0.5578861587890898,0.8273787759888303,0.7385960689379742,0.1329335638344557,0.039766657866214986,0.0008493745827361835,0.0007564732502904836,2.2273567252529376,31
2025-11-06,0.22251278397250154,0.4024283986542886,0.6155515351927636,0.6789416919171473,0.1619356808347349,0.0,0.0008303484880450158,0.00038814088862915185,1.8621825037355404,31
2025-11-07,0.2921892863795576,0.3707964081708085,0.5566456095360532,0.6682361626911105,0.15116510408438905,0.0,0.000770270933889081,0.0003078024838873958,2.0569626992089076,31
2025-11-08,0.26500214248003806,0.3624081522773871,0.5794506984219364,0.6668931146454065,0.1555471590980254,0.0,0.0007941480986567552,0.0003386560750262356,2.738977559371884,31
2025-11-09,0.2203159299724866,0.40200660801118715,0.6642463745687499,0.6835595733210577,0.11543769545876359,0.1525848838264623,0.0007189742270398087,0.000519524333622843,2.1168343161346193,31
2025-11-10,0.23096022105540218,0.3712888280536065,0.6060109419562726,0.6682235437449969,0.1630288369883252,0.0,0.0008288658906206638,0.0003718012749091997,2.5377018713078328,31
2025-11-11,0.15296440188754154,0.5150552494810726,0.6998220110406534,0.7271619738230297,0.14721358707180499,0.057871601917717036,0.0008286943863144456,0.0005384075634263764,1.7799689017188398,31
2025-11-12,0.10916204103480877,0.3751682109739529,0.6986902080429334,0.6772280855282422,0.19214775092225775,0.18765850656485958,0.0009587484796299852,0.0004839253729825824,2.5629865640683973,31
2025-11-13,0.14766808641260906,0.3649048996061697,0.6814973150948431,0.6729948210318811,0.17083459849254778,0.203557299602015,0.0008884092619447577,0.00048178504441884055,2.385911772564478,31
2025-11-14,0.1209200293353658,0.44454120625835686,0.7122886181708735,0.7030953707326317,0.16679135249376084,0.10665833896405391,0.0008916831743905943,0.0005351236880619505,0.25089444684958595,31
2025-11-15,0.04647021120479469,0.4157589078195283,0.7918657675346358,0.6951298792467578,0.16166402126056933,0.13438104164792591,0.0009155890643646537,0.0006667309063434867,2.663697702188504,31
2025-11-16,0.10710211177766071,0.45824438792078837,0.7157628487718811,0.7094534684450523,0.1771350394504582,0.09447870037435575,0.0009234439672246793,0.000528476550004388,2.4953165883523063,31
2025-11-17,0.1121471353348709,0.4946726633387458,0.7235264854655332,0.7205015776140407,0.164326379199596,0.06947733989322154,0.0008900009733430964,0.0005557508372049628,2.070339920437317,31
2025-11-18,0.06801488219333908,0.512131555863316,0.7547745795109659,0.7262235190407949,0.17721053829569514,0.05945331450142734,0.0009426947661433735,0.0005899590473008008,2.6855598778761642,31
2025-11-19,0.49771865428241274,0.1452974763618737,0.4125739128363485,0.40444482831894735,0.08970743288123881,0.0,0.0005212444610154451,0.00015249207974358928,2.1725936566427095,31
2025-11-20,0.2912683155973086,0.34944025170060466,0.6036781453794475,0.6506405883256675,0.10505353902324395,0.0,0.0006592293221918235,0.00043610919645962044,0.41013973925262004,31
2025-11-21,0.057028237349836156,0.4257406658235554,0.7633037650690933,0.7022658850257377,0.17966799758107063,0.1217238030328247,0.0009539980210030655,0.0006005384531735189,2.1904631311073457,31
2025-11-22,0.056885043978731176,0.49868480277161975,0.7509296751275818,0.7230269161118781,0.19218528089368703,0.0652889574566879,0.0009843475036011868,0.0005663293348765455,2.833114698184004,31
2025-11-23,0.15228865520922352,0.38026169839218005,0.6835685982211814,0.6828717923561164,0.16414274656959502,0.17876672787323222,0.000869969903338553,0.0004929018619996546,2.1073512299350283,31
2025-11-24,0.11110912061234314,0.3567141316714858,0.6877408129747796,0.6733992738724632,0.20115006641287717,0.21555002598001155,0.00097956929546929,0.00045608693600774,2.4060150746416746,31
2025-11-25,0.11619184245077913,0.4634440396972332,0.7226513754381731,0.7033082800522434,0.16115678211104778,0.09268386912332562,0.0008803609118495326,0.0005580867772434177,2.6689744920023424,31
2025-11-26,0.2747477634311982,0.383211715725945,0.5995050112009646,0.6601113301146352,0.1257472253678375,0.0,0.0007173359168634658,0.0004052546391233527,1.523927720121193,31
2025-11-27,0.27635008417469886,0.39900763814111967,0.5702017998728381,0.6807712668411077,0.15344811595246308,0.0,0.0007835292974100084,0.00032652044043921186,2.783128104116687,31
2025-11-28,0.29853323961327527,0.4218059341930235,0.600414222489973,0.6876751305891354,0.10105253789675178,0.0,0.0006460071199679348,0.00043564996246774155,3.213251051554,31
2025-11-29,0.3270303964236677,0.4333235600814666,0.6004884505890776,0.6925118600382244,0.07248115298725459,1.2576487455899462e-266,0.0005630012201001912,0.0004692737986798668,3.315701165182476,31
2025-11-30,0.3141344072782356,0.3764972436323834,0.6239088153128476,0.6571812033004774,0.06195677740891698,0.0,0.0005438414521559108,0.0005185797650290236,3.2843080039927983,31
2025-12-01,0.3910510841516951,0.5289832156879122,0.5525376499115495,0.6984684386397076,0.05641126593675534,0.0,0.0004928848017409021,0.0004124402277239869,0.3987052340134505,31
2025-12-02,0.3230674541903359,0.4358391686030417,0.5456188951170438,0.6802061727326522,0.13131365069262033,0.0,0.0007071918143599396,0.0003136798621347735,0.10951460110447298,31
2025-12-03,0.6005653572711468,0.26333520703297797,0.30948487546376086,0.605406647451735,0.08994976726509242,0.0,0.000471499125409953,-1.0494431539469115e-05,1.491236971570864,31
2025-12-04,0.115037135237372,0.4097377637276354,0.7082048426353811,0.6943464683771741,0.17675802212724703,0.1405556661534301,0.000918660170785656,0.0005169901186632174,2.457676898199992,31
2025-12-05,0.1458157737015467,0.3457458434675878,0.6733040210420904,0.6633085935649158,0.18088020525636303,0.23698141730697667,0.0009136076992294159,0.0004570729735503928,1.6614312430764604,31
2025-12-06,0.3748040049084801,0.26035086209036273,0.480759174194165,0.6122143373096008,0.1444368208973549,0.0,0.0007136246919427102,0.00019592371094134798,3.355210660251555,31
2025-12-07,0.3130120751519114,0.34343597079560373,0.6333130171981484,0.6601269410423268,0.05367490764994009,0.0,0.00052435740144645,0.0005431345777691363,2.827384050107989,31
2025-12-08,0.22069237484746418,0.3986147568948101,0.6587284288148096,0.6884056388766581,0.12057919633772629,0.1547437577232278,0.0007312259374927088,0.0005047859044958671,2.9597677700234186,31
2025-12-09,0.2183417883739503,0.35475715048439105,0.6635681131454816,0.6669058933885968,0.11809009848056842,0.22107766770332588,0.0007263528153590606,0.0005153432862620087,2.094169662973416,31
2025-12-10,0.12648767575847855,0.3480274284779049,0.6766499409457143,0.6671146517672392,0.19686238329580721,0.23180166575956265,0.0009616928994386306,0.0004436108665747416,2.797258495296644,31
2025-12-11,0.274536229665069,0.3142311509602455,0.6006927555127789,0.6474779011115291,0.12477101482215211,0.0,0.0007150786823866996,0.00040827405712916547,3.066356382078513,31
2025-12-12,0.2996246688429189,0.35819590730249984,0.6197606875425173,0.6526168552633304,0.0806146436145638,0.0,0.000596048097527058,0.0004901521535906686,1.8337688086667456,31
2025-12-13,0.24658062986481138,0.4850855562435508,0.6216441489636926,0.6826923110968396,0.131775221171496,0.0,0.0007456657547681419,0.0004331269261073972,3.1927783607662232,31
2025-12-14,0.39004814773691426,0.5294863410202307,0.5491235288124094,0.6948433546821058,0.06082832345067628,0.0,0.000504055246718866,0.00040187178219540674,1.7573871128252165,31
2025-12-15,0.2306591415369421,0.5081062928628837,0.6378597368312506,0.6925170064378245,0.13148112163180725,0.0,0.0007527273099395325,0.00045906440019322103,2.1496910860568854,31
2025-12-16,0.24920123815542627,0.5996968210391308,0.6321892429658614,0.7263453784249243,0.11860951887871234,0.0,0.0007125479608758376,0.0004652098194141461,2.3893710532758416,31
2025-12-17,0.2625867178777664,0.5501090351339081,0.6227679156841712,0.7061902478169749,0.1146453664380625,0.0,0.0006964271487321648,0.00045498932609187084,2.151093280727688,31
2025-12-18,0.2638211841544244,0.5161931860664645,0.6151943190984102,0.6944225308253233,0.12098449674716548,0.0,0.0007111541926674383,0.0004356020224472009,2.9892561658485595,31
2025-12-19,0.3698576048991228,0.5746686990633494,0.5552563996837538,0.7262035623684625,0.07488599541712344,0.0,0.0005479067475124804,0.00039506517289390156,1.5147427778313363,31
2025-12-20,0.2467043161151174,0.48351771892943285,0.617977084019743,0.6870473671020967,0.1353185998651395,0.0,0.0007541738642240105,0.0004231838613192318,3.180145184873332,31
2025-12-21,0.3660578176675682,0.4879447436919104,0.5682211686770361,0.6883002637352287,0.06572101365539582,0.0,0.0005276005829862905,0.00042627517827306894,3.32236585569838,31
2025-12-22,0.38023213478604223,0.4794618615777714,0.5680334987111886,0.6825267611412342,0.05173436650276937,0.0,0.0004868576525523527,0.0004423816254363593,3.396631193919573,31
2025-12-23,0.4214353858165281,0.5385982885068396,0.5328304974443462,0.7003259806972397,0.04573411673912551,0.0,0.0004522295488415346,0.0003938584980983061,2.6466792262626404,31
2025-12-24,0.34090787712483733,0.4260683310372718,0.5892110564317374,0.6268271402889767,0.06988106644342523,0.0,0.0005499390768533533,0.00045452424218267944,3.2839313410763005,31
2025-12-25,0.4294171696305625,0.58465287549272,0.5195301888711362,0.713837105150132,0.051052641498301084,0.0,0.00046119094042455436,0.0003666297983264088,3.344891960319462,31
2025-12-26,0.44194220148616287,0.5248232633838357,0.5227171208211192,0.6525012545885243,0.035340677692718,0.0,0.00041708369622200356,0.00039008561837150453,3.4577535887552124,31
2025-12-27,0.5023685324766072,0.6296040822267608,0.463651399567909,0.7131241924301072,0.03398006795548391,0.0,0.00038427497078001897,0.0002984596084268893,3.4049684631132138,31
2025-12-28,0.49993312603654855,0.580784889423706,0.47405339878998043,0.6428752032332201,0.026013475173470954,0.0,0.000366205484743385,0.00032421947801713206,3.530447324799927,31
2025-12-29,0.5435614573564855,0.6478670296412427,0.43127068514422184,0.6946050892805279,0.025167857499292394,0.0,0.00034284084001323,0.0002576884980595071,3.2799532353766256,31
2025-12-30,0.6641137473439506,0.756038646913793,0.32289072745001623,0.5536350004306433,0.012995525206033445,0.0,0.0002544683422213513,0.00010091061020081081,2.263779724466892,31
2025-12-31,0.5375338742337831,0.6328150698809007,0.43486643359154975,0.514225334309587,0.027599692174667387,0.0,0.0003516653575533444,0.0002605116598971288,2.93164461209691,31
2026-01-01,0.5243854344878957,0.4929133553060692,0.4595790121651639,0.386813872233045,0.016035553346940432,0.0,0.0003301358693379403,0.0003130764558987686,2.52955592639654,31
2026-01-02,0.4571464298325567,0.6512259805690638,0.49825093139364995,0.6278062495614385,0.04460263877379336,0.0,0.0004320510297702006,0.0003406095370495243,2.452070651296193,31
2026-01-03,0.4415750628206812,0.6157389996716134,0.5086682819940056,0.5985522243829706,0.0497566551853132,0.0,0.00045211876281863914,0.0003510066279166274,3.1203996798197977,31
2026-01-04,0.5179886804136532,0.6683679548222671,0.44895642317402074,0.6627782607669298,0.03305489641232595,0.0,0.0003744049839192623,0.00027635195232361307,3.0706001959419673,31
2026-01-05,0.5206954400626603,0.650687437171554,0.44882334483349995,0.6542966532621206,0.030481215103839672,0.0,0.0003668606486329604,0.0002791601668497464,1.4350812739325545,31
2026-01-06,0.3508191614443824,0.4673015499736139,0.5548395875633241,0.5818975920017597,0.09434125099229361,0.0,0.0006042463209945515,0.00037159145734470106,3.269989636336517,31
2026-01-07,0.45565648176622797,0.5699537457211912,0.5039234888014138,0.6726634392432513,0.04042002943235813,0.0,0.00042266646253974824,0.00035446745870703895,1.5755275080620021,31
2026-01-08,0.2417389332104429,0.5276684151981026,0.6376778086005727,0.6799481076471209,0.12058325818898423,0.0,0.0007209637629002566,0.00047155758231227457,3.188054380584245,31
2026-01-09,0.39595486467920143,0.5307849261795331,0.5461474911663067,0.6798893859096513,0.05789764415449192,0.0,0.0004940843367095332,0.00040061170413213627,3.2138678018025737,31
2026-01-10,0.4465125543637501,0.6002693980199271,0.5060793889563506,0.7169784654414503,0.04740805667989931,0.0,0.0004440285093293403,0.00034967494155994027,3.465357051097368,31
2026-01-11,0.4557745825565435,0.5404997301963527,0.5114290487526812,0.6717648687055859,0.03279636869077506,0.0,0.0004041761078908632,0.00037525379693253015,3.3978941743539943,31
2026-01-12,0.47370442438845023,0.5895624896328941,0.4905024322654027,0.6974146119599055,0.03579314334614688,0.0,0.0004026633749370745,0.0003387115248226573,3.3463120747731376,31
2026-01-13,0.45278572857556726,0.5281744317719113,0.5155699970738139,0.6367932280850747,0.031644274350618715,0.0,0.00040285022621390027,0.00038314043292863155,0.543993874003583,31
2026-01-14,0.3452666028319805,0.3480647778469636,0.5350681263352828,0.5904887971565687,0.1196652708327366,0.0,0.0006681845962979461,0.0003106883735063281,2.1773467683268675,31
2026-01-15,0.3966810469658064,0.28699724422758455,0.5055062419449549,0.5359377180261496,0.0978127110892386,0.0,0.00059023285436979,0.0002896590212052882,2.3289826176694537,31
2026-01-16,0.31926547997871063,0.4511416490987702,0.5868338534432544,0.664321691170177,0.09390066657803481,0.0,0.0006185901705316449,0.00042260373088154264,3.307640203188285,31
2026-01-17,0.39129779932343756,0.5136026009820827,0.5529940068671543,0.7022022996427354,0.05570819380940812,0.0,0.0004910642398261064,0.0004139849999489528,3.32740341223995,31
2026-01-18,0.39724061479919975,0.48032287740937724,0.5587933028777092,0.661140765289171,0.043966082323090884,0.0,0.0004597683377561073,0.00043690824766583496,3.001351051406907,31
2026-01-19,0.37429197063589864,0.5126736968045418,0.5654554283443256,0.686259880387125,0.060252601019775955,0.0,0.0005103566975076342,0.00042832309670142105,2.119299055071711,31
2026-01-20,0.24758197869177237,0.5168817268561983,0.6329400397792393,0.6980255870689753,0.11947798152898825,0.0,0.0007154386442897903,0.000465376302180862,0.6169123480885932,31
2026-01-21,0.014932421478761535,0.6670421045167225,0.7857628991461421,0.7602108715218526,0.19930467937509633,0.1650779417739026,0.0007784733827771717,0.0008314653423376669,2.6038858038122266,32
2026-01-22,0.00663908567534764,0.6632530727007062,0.7617660509893419,0.7582565117773817,0.23159486333531032,0.16862345592369207,0.0008378847355867109,0.0008315984075980413,2.8153482927074136,32
2026-01-23,0.05979659430173086,0.5653802420948529,0.686211210998116,0.7322129038537837,0.25399219470015305,0.19956548801261698,0.0008563785751513674,0.0007656864620450115,2.922952426993913,32
2026-01-24,0.21101408745592637,0.5563536817760416,0.6041986807046661,0.7405442095551642,0.1847872318394075,0.018482713602870942,0.0006775595300353395,0.0006158882960450062,3.176503383842523,32
2026-01-25,0.3285920565954535,0.5769626793457403,0.5510464588027285,0.7480649398420366,0.12036148460181817,0.01669563219435233,0.0005200097851358087,0.0005024250977159993,1.3993350429344469,32
2026-01-26,0.161833954312414,0.5825894438930529,0.6213400058019385,0.7447333803911287,0.21682603988564753,0.06468426601328245,0.0007523137672035609,0.0006619032675528045,2.1975499250039583,32
2026-01-27,0.1765293839440303,0.5224582506435941,0.5969305957221702,0.7263360844836403,0.2265400203337995,0.03353266673129911,0.0007635525594828814,0.0006426827988332933,2.736052414326346,32
2026-01-28,0.169272176672161,0.6215800243235774,0.6443659203999861,0.7518325370390856,0.18636190292785298,0.17152293217412776,0.0006964111550277343,0.0006622103411897911,3.147640594463841,32
2026-01-29,0.28052227947221753,0.5522783728188122,0.5751034063481317,0.7341071336638039,0.1443743141796507,0.0656863116222966,0.0005803745287500614,0.0005494725390808728,-0.006731346758884316,32
2026-01-30,0.0686234071634034,0.5689763837317529,0.6568348191822875,0.7275996220627208,0.27454177365430915,0.275788295430147,0.0008887481523820302,0.0007499678604915828,2.8313413769691045,32
2026-01-31,0.14519210106727715,0.6074630413155524,0.6532654612329455,0.7469429696100517,0.20154243769977734,0.17884484027026037,0.000732129570605043,0.0006848843624816667,-0.3328960994005854,32
2026-02-01,0.0035313868758305444,0.6234050452612552,0.7870203944875801,0.7367452494181542,0.20944821863658933,0.2024603963371025,0.0008005275610104788,0.0008413621709062792,2.2383023369285864,32
2026-02-02,0.0078239069102319,0.534323109411557,0.6954568833828907,0.7110281503263055,0.29671920970687726,0.33532011405241724,0.0009508027566613193,0.0008117986093813777,2.2795063212697335,32
2026-02-03,0.03797098297709744,0.47573070287550945,0.6362797499287204,0.6933065461005411,0.32574926709418217,0.3894928973292492,0.0009897154807445446,0.0007697867861718457,1.3475677046090755,32
2026-02-04,0.017530969182682963,0.4985891064857513,0.6346068654792629,0.6959799951020927,0.34786216533805414,0.3913336929425806,0.0010360937576309984,0.0007864160491238622,1.6181357063316597,32
2026-02-05,0.00144758868617993,0.5706453267401359,0.7215945091258522,0.7154395370869558,0.27695790218796773,0.2673579818068724,0.0009188587866518469,0.0008245480241629423,-3.7296919619534865,32
2026-02-06,3.719221177485114e-06,0.5693115214573264,0.7938685853580558,0.6900017147683648,0.20612769542076664,0.20612768908093004,0.000796106726188689,0.0008462565140510792,-2.01877171227794,32
2026-02-07,0.01589113903213566,0.24145090226786753,0.17254292542651278,0.5719165841168863,0.8115659355413516,0.8116854173216417,0.0018439608231829835,0.0006567253938847487,2.0936531877263596,32
2026-02-08,0.0006476447513884936,0.38538251449831573,0.5078653469881514,0.6255960438209379,0.49148700826046,0.5278560734622456,0.0012926371669722467,0.000764593866426307,2.343896879947915,32
2026-02-09,0.0002067035253700809,0.35629893243352356,0.5373628022402512,0.6175963807627558,0.46243049423437854,0.5977751344418769,0.0012422236734825082,0.0007733296873538294,2.633521464310528,32
2026-02-10,0.0016428376225097192,0.28373549617079447,0.4940990173289516,0.5910731510939032,0.5042581450485388,0.7473656151941361,0.0013144861545366293,0.0007598563385468132,2.18449152241626,32
2026-02-11,0.0003290561610128865,0.36606175201620644,0.5338997368561641,0.6237499830399564,0.4657712069828229,0.5847251338304263,0.0012479922340101453,0.0007722450188005691,2.0965774547452485,32
2026-02-12,3.873701155127801e-05,0.4329198885650605,0.6099733713116091,0.6451577075353733,0.38998789167683956,0.43841553756460794,0.0011161748506065643,0.0007940659736884795,2.562914932852128,32
2026-02-13,6.702651339987405e-05,0.4096289774702345,0.6063987876106077,0.6381809164102669,0.3935341858759924,0.48957093190601403,0.0011223376206068024,0.0007930283833912443,1.5218308206847802,32
2026-02-14,0.0002807807415734233,0.37641638300027597,0.5277369639712057,0.627453482666054,0.47198225528722076,0.5626915362464234,0.0012588234739873084,0.000770537365543428,2.507914627049361,32
2026-02-15,0.00011003999402586052,0.45225685342877836,0.6351375618324304,0.6522144160674174,0.3647523981735437,0.4016535177430952,0.0010722152895688158,0.000801144044029025,2.428992423473278,32
2026-02-16,0.007445348301079831,0.43409653837457335,0.6187580898740338,0.6690808836841997,0.3737965618248863,0.4983759690900625,0.0010851316058376394,0.0007903600330488177,2.7339090760454816,32
2026-02-17,0.1952917669599856,0.5565581754979083,0.5930018168513465,0.7368845713181993,0.21170641618866795,0.048526831597759966,0.0007304887371118636,0.0006258684494712621,2.230740543492231,32
2026-02-18,0.1371136761139205,0.6043067810563574,0.6486054631607342,0.7498671424144872,0.21428086072534533,0.10486235249683015,0.0007574219118806132,0.0006903224252012634,2.4103822494826415,32
2026-02-19,0.17824019256227122,0.478815456651311,0.597237967727215,0.717628722163159,0.2245218397105139,0.0053355989390913355,0.0007593790376324025,0.0006413384154015646,2.8624620915342676,32
2026-02-20,0.2448764857995649,0.5948372222368496,0.5916817407001478,0.7477459647696044,0.16344177350028738,0.08433506504285994,0.0006273296699561717,0.000584002571484937,2.4318392376535862,32
2026-02-21,0.14480800595371518,0.6149304138512282,0.6542081858652042,0.7545272546396771,0.20098380818108058,0.08628337842574085,0.0007313053002912978,0.0006854731657059674,3.1027095750047393,32
2026-02-22,0.2810042289449244,0.5687812307936377,0.5762784396642542,0.7469233574017228,0.1427173313908215,0.010451550880814207,0.0005773040402267159,0.0005494025480809132,3.0693168923099563,32
2026-02-23,0.3250130537302629,0.5785769429507583,0.555388037689125,0.7500726847118587,0.11959890858061213,0.011141573034775955,0.0005200647638801965,0.0005066514053022424,0.5853275228827675,32
2026-02-24,0.3369177833088562,0.5858645887754614,0.49445903523958723,0.7494235334454634,0.16862318145155666,0.02661715771468856,0.0006008032949065265,0.00047940747987752406,2.9456823523901083,32
2026-02-25,0.3497067683043238,0.5823569073654868,0.537129759071621,0.7492659031236161,0.11316347262405524,0.02002249783812006,0.0004993238528905315,0.0004808093304719996,-0.43383060960862974,32
2026-02-26,0.5421295024239331,0.4715701885784401,0.29256460467493034,0.7029909165107228,0.1653058929011365,0.10273967609073818,0.000515700802400654,0.0002504240044120725,3.182428817811107,32
2026-02-27,0.3919700397490908,0.47720450312963886,0.5381358745525275,0.7043345173741192,0.06989408569838172,0.11957146319824227,0.0004076767611214279,0.0004457297008347197,1.6842198689515833,32
2026-02-28,0.03032082453730858,0.5410461029310156,0.6941330299515366,0.7207160641031735,0.27554614551115475,0.2704091308663737,0.0009052683079493069,0.0007925981585657886,2.5114968998952003,32
2026-03-01,0.08791165457890958,0.5111608507232197,0.6378311675574897,0.712602381450045,0.2742571778636008,0.22804830644870785,0.0008808126710000424,0.0007284375436788487,2.3241443176259566,32
2026-03-02,0.0886914933298905,0.5136211041756081,0.6346446276080138,0.7122695034157067,0.27666387906209555,0.2588823409764933,0.0008847015362545106,0.0007268811401420902,0.8987703242351859,32
2026-03-03,0.2851488009208033,0.44118625815982904,0.4209360667619403,0.6855335619924818,0.2939151323172565,0.2792067092779585,0.0008388978777770066,0.0005018721339151776,2.9891595699367826,32
2026-03-04,0.27089863557837945,0.46683778077672666,0.5708782374969068,0.6927441491981513,0.15822312692471363,0.3439119473806749,0.0006081979219695423,0.0005563269460932828,-0.2231191453426089,32
2026-03-05,0.7503669152993964,0.17121924861737609,0.14256511866722466,0.5728377552524624,0.10706796603337915,0.001052050957466621,0.00033373505124176895,3.362851309338806e-05,0.8738045083430586,32
2026-03-06,0.10639010059790148,0.4336094226164792,0.5627227334694582,0.6773403711510225,0.33088716593264034,0.4314749849004411,0.0009722672127903795,0.0006916709250134717,1.2762458661375304,32
2026-03-07,0.02914261528417818,0.4558215151169848,0.576091720156045,0.6805444842919747,0.3947656645597769,0.45793545886408177,0.0011132685946799203,0.0007601020519309081,2.501440738488197,32
2026-03-08,0.04212154315280982,0.4968388007532844,0.6449674351219715,0.7000636728617732,0.3129110217252185,0.37601327017029484,0.0009657650781584115,0.0007687779169930249,2.4251445886389384,32
2026-03-09,0.022909706646034048,0.5092692780914522,0.6683555808328774,0.7029348911118533,0.3087347125210885,0.3692698920559064,0.0009659034562510236,0.0007914879412813831,1.7096437292143511,32
2026-03-10,0.053951680328304094,0.4690110665434899,0.6010128936437187,0.6901426332730457,0.3450354260279771,0.405783331669151,0.001017126467068795,0.0007464111557607728,2.3446498254365884,32
2026-03-11,0.09214596256432796,0.42918019084170017,0.576306973666078,0.6783073174417678,0.33154706376959425,0.36672171571469414,0.0009789116287892872,0.0007074432406705193,2.8406392080743226,32
2026-03-12,0.18332754060662915,0.4008757695444892,0.5700773531806156,0.6706259637078763,0.2465951062127553,0.24836508365629764,0.0007958404791900404,0.000629377416359697,3.0880854539610594,32
2026-03-13,0.24978202062547744,0.39552602303359125,0.5846526970798576,0.6757167740147133,0.16556528229466505,0.061369012299124066,0.0006291322432578582,0.0005779039600080183,3.1084669418854527,32
2026-03-14,0.24316964475301753,0.4318031888853195,0.5960637214336673,0.6865693336726175,0.16076663381331513,0.13294825715742584,0.0006233318513604496,0.0005866737535400708,3.221945681585538,32
2026-03-15,0.32658159193144093,0.5870344725057901,0.5521796155921553,0.7440224744251451,0.12123879247640373,0.10356329824075815,0.0005223134873352613,0.0005044288279679179,2.0068285681374056,32
2026-03-16,0.12938814333884907,0.5187730209514869,0.6339848851893851,0.726542868237827,0.23662697147176576,0.022694872034975788,0.000799303343741033,0.0006926399113531715,1.9709503572016334,32
2026-03-17,0.19059318166827852,0.6173892969832108,0.611390087321462,0.7573149652691264,0.1980167310102594,0.0566487092014812,0.0007084714087294199,0.0006350158951688323,2.86483153864087,32
2026-03-18,0.2661424808808413,0.5784337308352494,0.5808781349656272,0.7480421386847791,0.15297938415353132,0.019314516546542187,0.0006009063827636491,0.0005631432318082549,0.9970517162235061,32
2026-03-19,0.31458646649756766,0.5120766307608626,0.49154891828195535,0.7230476295812778,0.19386461522047715,0.03014189173896052,0.0006533676716557824,0.0004972684084534494,2.1136316116637506,32
2026-03-20,0.2187166498863528,0.548003057530356,0.5843685519994795,0.7375408914827472,0.19691479811416768,0.018929547880546512,0.0006956975875620916,0.0006038182077982115,2.917210428593795,32
2026-03-21,0.28061316146573,0.5740803606905462,0.5732618828179045,0.7464551622689714,0.14612495571636558,0.019745491499925518,0.0005833868513066874,0.0005488741492048122,2.7020811297939726,32
2026-03-22,0.2508434457987084,0.5843702869374177,0.5917530457431122,0.7484289461950921,0.1574035084581794,0.030207166908939105,0.0006145147513399256,0.0005790297711107778,1.8859154225072174,32
2026-03-23,0.17870354154576373,0.42770469670573735,0.5781629009812411,0.7028751414011158,0.24313355747299512,0.0017202906207887398,0.000791599366754468,0.0006355401184069582,1.2730568732273324,32
2026-03-24,0.08655928310397842,0.5950217827010761,0.6694798096218277,0.740102612703294,0.24396090727419384,0.22146316034435273,0.0008285931469949505,0.0007385462068043613,2.9712770658386853,32
2026-03-25,0.16638185118657714,0.5982104492728664,0.6417175399189335,0.7409718181308462,0.19190060889448932,0.22137040921245013,0.0007071683533390193,0.0006638777004482264,2.807623167203849,32
2026-03-26,0.19226175155160782,0.43247811196066555,0.6015825939133884,0.6980075446592062,0.20615565453500379,0.009696151704226672,0.0007219955563836679,0.0006308378098026037,1.278368940233908,32
2026-03-27,0.07649517108362348,0.5866346785204801,0.6724324705513343,0.7370571823454937,0.25107235836504227,0.22973202076949703,0.0008448550722734273,0.0007478051546860537,1.3829388432546543,32
2026-03-28,0.08406505170662085,0.5408917857210601,0.634409553366583,0.7198314466021795,0.2815253949267962,0.28366897452206313,0.0008949493438043872,0.0007306857705553592,2.9427012975793048,32
2026-03-29,0.17057978348049072,0.588207147089394,0.6349136256630414,0.7383442035956098,0.1945065908564678,0.2190635349739899,0.0007100848641604311,0.0006584350529511728,3.0043526975578057,32
2026-03-30,0.24696195850323066,0.5199970367790385,0.5875359346269153,0.7216575125214628,0.16550210686985412,0.08267371336068428,0.0006301110598940792,0.0005810815485964883,2.781130361015486,32
2026-03-31,0.19303663754422526,0.5988605370361015,0.6274051152269691,0.74232749445896,0.1795582472288056,0.20776475244089715,0.0006753959430139435,0.0006375138700166147,2.1038719749759607,32
2026-04-01,0.10086696155738631,0.5368306040965616,0.644043437760862,0.7241084393555316,0.2550896006817518,0.16079814891784439,0.0008424472580921843,0.0007193589059223932,2.993764175934829,32
2026-04-02,0.23664012013410524,0.47627515281306937,0.5834477647377844,0.7105884140191955,0.17991211512811042,0.026199873598463208,0.0006591804796832404,0.0005885590492438245,2.2465469332428776,32
2026-04-03,0.17044711931371453,0.5656607898323485,0.6201683304995099,0.7409520611844354,0.2093845501867755,0.03890998419860349,0.0007360356706963329,0.0006543636118010377,3.142371492384413,32
2026-04-04,0.3020713019841432,0.5637070295807841,0.5626532474558541,0.7404618203254207,0.13527545056000265,0.037073022263638414,0.0005562140270193481,0.0005279093289626194,3.140439617547665,32
2026-04-05,0.32436233614168875,0.5575422244510212,0.5565920886529676,0.7391950889301004,0.11904557520534358,0.029524074497458034,0.0005193529051598088,0.0005075374368745558,1.9114402895677562,32
2026-04-06,0.13161479949849988,0.5913324766926898,0.654348004369371,0.7531524902143979,0.214037196132129,0.0160917653135948,0.000759119376351425,0.0006965526205891078,3.0498043738485965,32
2026-04-07,0.296798358548999,0.6373956459228834,0.5737922435704715,0.7782158839645166,0.1294093978805294,0.0009593019550626526,0.0005480391754562295,0.0005354811539235999,0.4881503845737163,32
2026-04-08,0.3360747762999122,0.5854772177652627,0.48978650119536604,0.745994343012419,0.17413872250472187,0.06091165263019731,0.0006107298793292109,0.00047878754225622684,2.4849420400805107,32
2026-04-09,0.2544253837901965,0.5245747654839521,0.5774274678383523,0.7292291669532343,0.16814714837145123,0.019263701365572126,0.0006318338559303514,0.000571969080857305,2.815911540874665,32
2026-04-10,0.23868895900559056,0.4966629314721299,0.5931691776433967,0.7219062869655731,0.16814186335101272,0.009546197106004009,0.0006379002426597048,0.0005896020692293951,2.4062700541678304,32
2026-04-11,0.16632768804142603,0.4975396322322342,0.6157480570925865,0.7239448663012715,0.2179242548659877,0.006012655814222038,0.000752491375714132,0.0006565568694915278,3.1047073023549396,32
2026-04-12,0.2887980781907735,0.5319685235701835,0.5696983208016971,0.7329707323406999,0.14150360100752934,0.014251060074044435,0.0005721815459665554,0.0005410143921924348,1.2952319119639768,32
2026-04-13,0.19755594031788193,0.5551352714226819,0.583438279783316,0.7342082492157174,0.219005779898802,0.08030728020135411,0.0007423214171231997,0.0006212611730947661,0.32953800583999104,32
2026-04-14,0.6291248732375732,0.4072212303146063,0.23191736442440464,0.6806061140661286,0.1389577623380222,0.05948879848346155,0.0004361798932213539,0.00016042574100210672,3.4078248071292183,32
2026-04-15,0.3614664247000163,0.3952573201962917,0.5920504282585186,0.6769963611807367,0.046483147041465014,0.04464531240390779,0.00037871023862358686,0.0004865471558642787,3.0747581392271837,32
2026-04-16,0.20928956681593688,0.3928659868203867,0.6313768707241992,0.6781501556095473,0.15933356245986388,0.026964012378433263,0.0006339158593079688,0.0006250403375305811,3.121945059748132,32
2026-04-17,0.23740700123381067,0.4592812267418312,0.5968809141883542,0.6974787220402359,0.16571208457783526,0.12344348274866818,0.0006341654803307449,0.0005917276055211229,1.88720869925608,32
2026-04-18,0.09759676397538289,0.5510198375913407,0.6496800576243443,0.7285564441324393,0.2527231784002728,0.172228651649489,0.0008395892341715759,0.0007236941456567264,2.379513617541684,32
2026-04-19,0.1461115839959752,0.5211048866864257,0.6109482303564446,0.7200778664604254,0.2429401856475803,0.12369592746469892,0.0008038406536046934,0.0006721118231960704,1.9661040917240233,32
2026-04-20,0.04932038776981241,0.5749830993928267,0.6882771950709743,0.7322042762233586,0.2624024171592133,0.24875323298443294,0.0008750599153614347,0.0007750387390814267,2.142914711757355,32
2026-04-21,0.20898795400523837,0.43542838082615165,0.5423727243576508,0.6924782069401726,0.24863932163711078,0.050218173822712465,0.0007894938768560942,0.0006000470040200474,3.1049378266758114,32
2026-04-22,0.31567334072219333,0.4157234857826168,0.6224042014967752,0.72449979053904,0.061922457781031615,5.69820252904704e-251,0.0005448151884229176,0.0004024688631387625,1.7275635339938837,33
2026-04-23,0.21532824101682344,0.3939540029890223,0.6548282325174029,0.7040005944914518,0.1298435264657735,0.0,0.000763832010512128,0.00047833982936759873,3.1753491163800844,33
2026-04-24,0.358025260056047,0.45232944644185996,0.5942384234379638,0.6938222724227388,0.047736316505989244,0.0,0.0004885106923210612,0.00036197881019509216,2.851304845180498,33
2026-04-25,0.33433628239548746,0.5675990861350294,0.6102479816795471,0.7871308604204889,0.05541573592496543,1.130232625500601e-308,0.0005193668672563149,0.00038477572965774884,3.3343921896819144,33
2026-04-26,0.3559111607725859,0.3833932343027374,0.608023436585732,0.617196418704146,0.0360654026416821,0.0,0.0004604286117323835,0.00037123870504528726,2.6695972151887153,33
2026-04-27,0.28608839527553087,0.4965043693533893,0.6454406370360346,0.7373576986632709,0.06847096768843448,0.0,0.0005757563591302647,0.0004327186998424001,2.3188925356759187,33
2026-04-28,0.1422519868629622,0.6556355898276394,0.772302167015871,0.8315318687542399,0.0854458461211671,0.09826832742156134,0.0006890656941961505,0.0005884787729144984,2.6180639089952393,33
2026-04-29,0.2418624844291888,0.5339334124403918,0.6784520112379062,0.7508236542678971,0.07968550433290497,0.0,0.0006255633813680301,0.00047710508425748615,3.035057109758488,33
2026-04-30,0.36480039184352947,0.5160310131446693,0.5898574731281848,0.7089740535526352,0.04534213502828581,0.0,0.00047919180494918306,0.00035557449867218,3.1229316760921546,33
2026-05-01,0.42187569770011657,0.5920547903925228,0.546218615937285,0.7432534158460279,0.03190568636259832,0.0,0.000417485408126105,0.00029768607704744543,1.8015524554162745,33
2026-05-02,0.2814329287206008,0.47867785120586615,0.6403275771766095,0.6655750329771655,0.07823949410278982,0.0,0.0006024321598155565,0.0004323691535382683,2.986434851613623,33
2026-05-03,0.4102108717591388,0.532589153088912,0.5549529233233872,0.6574731837272018,0.03483620491747411,0.0,0.00043055750816429724,0.00030940923756639897,3.476649583198606,33
2026-05-04,0.46373759305772144,0.5393266007712889,0.5169505894066082,0.6655442791771292,0.019311817535670274,0.0,0.0003653878228598753,0.00025682939408438224,2.3304293971480767,33
2026-05-05,0.3936867580443534,0.4602477919193931,0.5606983776491512,0.5788703583101479,0.04561486430649524,0.0,0.00046561333062031566,0.00032214059377897066,2.457961496882531,33
2026-05-06,0.37232248254105216,0.4757967060597568,0.5782580560995878,0.6216917791446821,0.04941946135935994,0.0,0.0004856540476251968,0.00034452550043060953,3.228804050318161,33
2026-05-07,0.43649853959056767,0.5680302882176615,0.5355164420877474,0.7175195976469348,0.02798501832168493,0.0,0.0004004816206186114,0.0002831345522763769,2.160370514644687,33
2026-05-08,0.35782093965430495,0.4840360037382926,0.588213992426014,0.6223067971729949,0.05396506791968119,0.0,0.000504155746475155,0.0003585718628244065,3.3615818280777003,33
2026-05-09,0.4423413082634325,0.5091704127590339,0.5347169235064403,0.6362224211732536,0.02294176823012723,0.0,0.0003850114454086893,0.0002793532981508065,3.244231791303661,33
2026-05-10,0.4398698169420199,0.5123041571586768,0.5372004305754148,0.639274522347353,0.02292975248256544,0.0,0.00038620178510737367,0.0002822072540612923,1.9934809014214174,33
2026-05-11,0.2760994884847731,0.5215987491614992,0.6551900240835224,0.6849062289590025,0.06871048743170412,0.0,0.0005812826156991859,0.0004440849365875475,3.0730546928132654,33
2026-05-12,0.4194767061281494,0.6007033387861829,0.5483984487205407,0.7206658754393577,0.03212484515130978,0.0,0.0004192167420878543,0.00030032133903251526,2.3967239655167747,33
2026-05-13,0.3334309711499029,0.5925923102534757,0.6189750286884517,0.728560131481033,0.047594000161645625,0.0,0.0005002938115218513,0.00039039237879589,2.370082847168398,33
2026-05-14,0.3043999817662303,0.555906704634831,0.6378595644087134,0.7115239958839165,0.05774045382505634,0.0,0.0005399414911829145,0.00041790018673720563,1.9814728127426642,33
2026-05-15,0.2762445092944788,0.5082252037074694,0.6485074091215851,0.6866037912032451,0.07524808158393607,0.0,0.0005975266306056851,0.00044009498248935943,1.814671138591788,33
2026-05-16,0.2564593112548695,0.5094411278155119,0.6599212694447828,0.7173949241449591,0.08361941930034757,0.0,0.0006281801307283072,0.0004579905045422104,2.692541385115084,33
2026-05-17,0.3224097099554943,0.4845960492909895,0.6163236483352419,0.698160954160088,0.06126664170926391,0.0,0.0005398542111402179,0.000395092681267614,2.9686851399048293,33
2026-05-18,0.36566991664311693,0.5154149107223637,0.5898835206685542,0.7175105417759664,0.044446562688328875,0.0,0.00047652767043462196,0.0003550965785910087,3.1574832336575764,33
2026-05-19,0.4105177849206378,0.6006312718002789,0.5524153481267957,0.7891417131021647,0.03706686695256656,0.0,0.00043597259638365244,0.0003077513068680608,3.453260783847754,33
2026-05-20,0.4308670115183781,0.5320332796606142,0.5425446133606265,0.7332999056143381,0.026588375120995364,0.0,0.00039977688516491946,0.00029043824902093876,3.075219101240874,33
2026-05-21,0.4079931950189818,0.5707230866543707,0.5575483368228037,0.7520672604039623,0.034458468158214565,0.0,0.000430709713901815,0.0003121846804318573,3.42476870582863,33
2026-05-22,0.43342597381809306,0.5295222020639013,0.5411660803712977,0.7114308467764566,0.025407945810609144,0.0,0.00039556769012552323,0.00028818082514502834,1.5831244326413452,33
2026-05-23,0.21053869235373524,0.5192406586634866,0.7012887988682973,0.7274171549560761,0.08817250877796737,0.0,0.0006621956595197992,0.0005082243634689798,2.53012846594468,33
