time,Buy&Hold,VolTarget (no regime),baseline,tvtp_logrv,tvtp_exflow,tvtp_both
2018-01-31,0.008091687042716678,0.0013559973010075859,0.0,0.0005744339249007651,0.0,0.0001321904423958609
2018-02-01,-0.1005195117019998,-0.01880152347401838,-0.010221664913819142,-0.02850434266772586,-0.009859745677538409,-0.053397124462903456
2018-02-02,-0.028074279106937716,-0.004721965377146031,-0.00010068670290518929,-0.0027271349152936954,-9.712168146041413e-05,-0.0013911489759772366
2018-02-03,0.03938309753828673,0.006989047026519448,0.0010270671344919375,0.006065992126153668,0.0,-3.194947938742693e-05
2018-02-04,-0.09653567035434252,-0.018242913073071333,-0.011449710531855551,-0.015588774180923,-0.0,-0.014064985268436412
2018-02-05,-0.16980543840539686,-0.028470954258287204,-0.00011766432535179695,-0.008852609861301227,-0.0,-0.00014420350234267093
2018-02-06,0.12980449316876475,0.021738110057504353,0.0,-5.1486417560706336e-05,0.0,0.0
2018-02-07,-0.01473753938399991,-0.0024681527212065107,-0.0,-0.0,-0.0,-0.0
2018-02-08,0.0779038666258618,0.014236764516478512,0.005286558600104005,0.0,0.0,0.0
2018-02-09,0.05376507501474981,0.009159542490632397,-6.874242911378141e-05,0.0,0.0,0.0
2018-02-10,-0.015029312673481399,-0.002629982531327066,-5.023483594814209e-05,-0.0,-0.000479232447872088,-0.0
2018-02-11,-0.050826429223090996,-0.009924933404250257,-0.008383712422017348,-0.0,-0.014705857447862123,-0.0
2018-02-12,0.10015671140642812,0.017964690055811375,0.00399230358462821,0.0,0.027277875355451647,0.0
2018-02-13,-0.043075601083953696,-0.007240927065148901,-4.106627421518363e-05,-0.0,-0.00027247034756153156,-0.0
2018-02-14,0.11066843740168464,0.019079337837269186,0.0,0.0,0.0,0.0
2018-02-15,0.06754111321029299,0.0113112225521853,0.0,0.0,0.0,0.0
2018-02-16,0.008171127018323565,0.0013853078142459876,0.0,0.00018329765763150317,0.0,0.0
2018-02-17,0.08796291022068936,0.016850052231115586,0.011967331629208417,0.010949029408364805,0.01603522825737035,0.01456813707406919
2018-02-18,-0.05714679654547705,-0.009700005700004575,-0.00013761420355917745,-0.0023265974285854546,-0.0001843915781644967,-0.00016752126897661345
2018-02-19,0.06575370316864504,0.011149992429288172,0.0,0.0031468432841066448,0.0,0.0
2018-02-20,0.009567571945238162,0.0016322233773826986,0.0,0.00045275634813234767,0.0,0.0
2018-02-21,-0.06998683673829753,-0.013566090029079108,-0.010716242282403855,-0.0070816413453782395,-0.013354814117614779,-0.0
2018-02-22,-0.055522864209536116,-0.00944738362368274,-0.0001509609777642398,-0.002059059173826373,-0.00018813085258114948,-0.0
2018-02-23,0.028437148198619644,0.004832919183519537,0.0,0.0015323515924281566,0.0,0.0
2018-02-24,-0.046506622811095744,-0.008650678492122388,-0.004316841222728024,-0.0050460844965262855,-0.0,-0.0
2018-02-25,-0.008607177661339893,-0.0015508160987419352,-0.0003993363838079374,-0.0009015047901542379,-0.0,-0.00040028635562727136
2018-02-26,0.07384374026298457,0.015288458116235084,0.01882641753572669,0.016464493258162106,0.012910427328537557,0.008623152606424355
2018-02-27,0.03313900915980805,0.005810614902885341,0.00026710451928394895,0.0027305251082179313,-0.00017723454729160813,0.0008064681679879177
2018-02-28,-0.03257732617639886,-0.006258659369342369,-0.004719937236348056,-0.0064805435860459,-0.003834870499599968,-0.009009179231237952
2018-03-01,0.05982384804473151,0.01181387480381384,0.011441054417070549,0.012423295104897137,0.011547998519717297,0.017837642920449263
2018-03-02,0.008278163793534965,0.0015195699676463434,0.0006075642225781888,0.0012873743543295516,1.9868221915450947e-05,9.591537308357442e-05
2018-03-03,0.03737242719487788,0.00821636225822886,0.013641208101604655,0.011055376275285167,0.012402766960793982,0.005967803276802082
2018-03-04,0.00322979728647943,0.0007351148957758926,0.0015016724344865783,0.0009859777613339575,0.0016008590196054313,0.0013381202160994764
2018-03-05,0.006811651586897005,0.0018713914447454436,0.00603263805463374,0.003450061562585846,0.0063769497051759895,0.003371248047702452
2018-03-06,-0.07483340779966907,-0.025399809709946698,-0.0748825052622353,-0.04520553364968116,-0.07483340779966907,-0.03794787808131112
2018-03-07,-0.07248736798471034,-0.01312001935372876,-0.0035205445037014304,-0.01169174573664828,-0.001,-0.015552348933219646
2018-03-08,-0.057821334796573254,-0.009749287838895553,-3.5258599872365174e-05,-0.006662212940165305,-0.0,-0.006457339584908308
2018-03-09,-0.0056091748829203425,-0.0009504299201935594,-0.0,-0.0007671975449546504,-4.960950850418486e-05,-0.0012882170949342756
2018-03-10,-0.05298247326118122,-0.010058785830506328,-0.006393196411171773,-0.015768930115971445,-0.017229012551061025,-0.021040716917657017
2018-03-11,0.08273715101383283,0.014563736351587411,0.0011064450296692347,0.011953545687866093,0.005818249944689996,0.018895459535604776
2018-03-12,-0.03843421018636828,-0.006500761152468351,-1.4627629194689884e-05,-0.00404555137122354,-7.329540467676399e-05,-0.0032316334493853933
2018-03-13,0.001383133371946954,0.000235905353753955,1.3088565354828078e-06,0.0001578545812590781,0.0,0.00015157379403345846
2018-03-14,-0.10244105623778343,-0.020767525983566338,-0.022334237377105524,-0.027113509707569573,-0.02673357701779978,-0.0228850202713409
2018-03-15,0.005650834881381073,0.0009116450268829271,-0.00021594572193971723,0.00010997479935621161,-0.00025844261447163113,-0.00022303886477030777
2018-03-16,0.013099620043959481,0.0024284783600374937,0.0012207318291806326,0.0016241973877660634,0.0,0.0
2018-03-17,-0.059119998065631396,-0.013109854147304319,-0.02310710022975984,-0.011104057390766734,-0.01874024117397108,-0.012275467899652849
2018-03-18,0.03899619163513979,0.0069585303318493354,0.0012534458436655699,0.003516409513687846,-0.00031171393507885444,0.002547745594561777
2018-03-19,0.042495810679561874,0.008107534994358522,0.005693349131188882,0.0068338142172300635,0.0008568003171777694,-6.880476002225729e-05
2018-03-20,0.04199729409372832,0.008357250115859149,0.008616660894490457,0.006391671523325177,0.0027054159938095135,0.0
2018-03-21,-0.001793360457615134,-0.0003799889708345426,-0.000576736349835585,-0.000297570389154747,-0.0004592637771493351,-0.0003858913671647226
2018-03-22,-0.01902444149678928,-0.004890241086119075,-0.013067662555979407,-0.0065061384193384735,-0.01141852132985226,-0.003885467023743103
2018-03-23,0.0070122532348890765,0.0019212569389815025,0.006133913023402765,0.0021157218375952172,0.006142768323794165,0.003818443031449934
2018-03-24,-0.018326773392858264,-0.006157154676797095,-0.01841741073463788,-0.007188854256741319,-0.01840147009067999,-0.007274923690110107
2018-03-25,-0.019786066777466527,-0.006629558105803225,-0.019786066777466527,-0.012534498535571901,-0.019786066777466527,-0.018712539131153488
2018-03-26,-0.03192026863466979,-0.010499934804758974,-0.03192026863466979,-0.020842603876933426,-0.03192026863466979,-0.03200149552614913
2018-03-27,-0.04086543891088412,-0.011927403592224458,-0.04086543891088412,-0.021783638192593872,-0.04086543891088412,-0.038918798464377125
2018-03-28,0.012297326472763936,0.0031167948934795508,0.009425412173764377,0.005902769073202789,0.009906179981660795,0.012093049674567249
2018-03-29,-0.10399660591413529,-0.031003249518287007,-0.10421258273510617,-0.09124873118532309,-0.10417642751180763,-0.10401036549884991
2018-03-30,-0.038885699276670294,-0.006650220927311187,-0.001,-0.006677770886996438,-0.001,-0.007993357744733547
2018-03-31,0.013192368856680181,0.0022856923739309003,0.0,0.00298431682260779,0.0,0.0010660185629514695
2018-04-01,-0.017011215312030648,-0.0034012568156302444,-0.003459487928092858,-0.006605712287868164,-0.0012953500020314805,-0.013095745437383224
2018-04-02,0.033615092064719354,0.007564849568324118,0.01404700748618277,0.012616108622562464,0.010270385030915985,0.01315206695543196
2018-04-03,0.05510118030832145,0.013288338550684037,0.03382617894220332,0.0180032911287663,0.02856146283004676,0.013585556498561682
2018-04-04,-0.08627868553386442,-0.01883128369315861,-0.03312863119969054,-0.017235672962155616,-0.02411245833189947,-0.0049419549398079686
2018-04-05,0.0026368114780783714,0.00039360046662945147,-0.0003812352848773484,0.00011675510410851749,-0.00027662611288217727,0.00011635603733919152
2018-04-06,-0.027643216287290717,-0.005225401578306643,-0.0031819798807829645,-0.005761743366029442,-0.001326125373453815,-0.003917963486044923
2018-04-07,0.04174834604556055,0.008341318874527319,0.0087768556612285,0.007821118267491604,0.016279681943698995,0.023178869183722785
2018-04-08,0.01793758512717525,0.003727480098685147,0.005107299986140727,0.0029223034861704843,0.00942518190073378,0.005954242502512034
2018-04-09,-0.03895912015831271,-0.009619320479763983,-0.025324374612527248,-0.014487350606945443,-0.036751106216416675,-0.01501351585962075
2018-04-10,0.011849051740952854,0.002671666413296995,0.005405502380156483,0.0032239483275485264,0.00931200627413787,0.007430391182010227
2018-04-11,0.01878722724180837,0.005079553973153816,0.016431680468715227,0.007803572892039573,0.018584567103010097,0.014012597472128739
2018-04-12,0.13816760342514622,0.04171677769766691,0.13806493843142192,0.057671468371571964,0.13816760342514622,0.01731634755545613
2018-04-13,0.0018640945952745902,0.00017766628658082582,-0.001,-0.00020848749280241312,-0.001,-0.00012982636847578443
2018-04-14,0.011030753258562509,0.002041045709225055,0.0010044523816311502,0.0019491790884018363,0.00013135975192516997,0.005380523764102242
2018-04-15,0.04194799228229096,0.009289786288052672,0.016123460018420965,0.013294422221984218,0.011681011478598163,0.0002816632991515507
2018-04-16,-0.03539671203030181,-0.0079719139107827,-0.016035841070067555,-0.008176250951912071,-0.01363562355262182,-0.005976422296418933
2018-04-17,-0.019789303988186457,-0.004374473484009925,-0.008124512908384259,-0.0038774114449148115,-0.008352106029626846,-0.007005302257328253
2018-04-18,0.034876526746326464,0.008552870651169142,0.022240580109601702,0.008828340881812318,0.02996310382553802,0.03321226789645387
2018-04-19,0.01349193705193108,0.0034737259986132958,0.010715559298106424,0.0032270015894706973,0.013006451490746281,0.0010902464180870606
2018-04-20,0.06848012261582626,0.020372315629978044,0.06828633027692704,0.02132616618047726,0.06845149910871742,0.03537012952703516
2018-04-21,0.0027195762070304497,0.000513449681475624,0.0004247618320282648,0.00013869645579468138,0.0009988928095781922,4.98033134374661e-05
2018-04-22,-0.007060580322332255,-0.0019483535094536792,-0.006154917039241652,-0.0018680887890682061,-0.0075231823236570185,-0.00465924773246582
2018-04-23,0.014751295305370116,0.004734425860472511,0.014562398341101207,0.00994925353156246,0.014751295305370116,0.014348397359093922
2018-04-24,0.08078004170679942,0.0286530539612557,0.08078004170679942,0.06230998685232737,0.08078004170679942,0.08078004170679942
2018-04-25,-0.08254115269020668,-0.01653959957088649,-0.01736158252746953,-0.016938869898395655,-0.021958621281585083,-0.028109106585878976
2018-04-26,0.04621061231905288,0.007739342498826907,-0.00020065429525666496,0.0058917912346313816,-0.0002570312117270605,0.008266418453559361
2018-04-27,-0.030588772200460634,-0.005386103300353446,-0.0003740052208086209,-0.006134688726100794,-0.0016026509055092231,-0.006592023844502384
2018-04-28,0.04013813798064869,0.007412855685505656,0.003318948348561574,0.008874376955107193,0.004883207908379054,0.005322226809558258
2018-04-29,0.005906013752517314,0.0011446073876795393,0.0009452767516291591,0.0013289315538327902,0.0015153192912615429,0.0017259404310980683
2018-04-30,-0.01790690524180638,-0.004313568905525572,-0.009751772552077837,-0.0061414384970913515,-0.013162979927214723,-0.0033230864669100296
2018-05-01,-0.01696417446774856,-0.004547541059468559,-0.013747062842606532,-0.005911961615006586,-0.017252969646565284,-0.009428660186411983
2018-05-02,0.014545461690283368,0.004077392205510753,0.01433993855880165,0.009353860703343694,0.014545461690283368,0.013565420988385486
2018-05-03,0.05938341222430177,0.01905193052586363,0.05938341222430177,0.042147710010081205,0.05938341222430177,0.04895095179516559
2018-05-04,-0.005543933830369885,-0.0014744274547863073,-0.005177267239652686,-0.0020530550283904816,-0.004889539699658353,-0.0011447887201128401
2018-05-05,0.0102388902005075,0.0030080809775466723,0.010158196553899677,0.005538752475972982,0.010094875310515524,0.004236194305467594
2018-05-06,-0.02050229425298733,-0.007097225776395748,-0.02050229425298733,-0.020934769716127347,-0.02050229425298733,-0.01881917642678342
2018-05-07,-0.02663612920329339,-0.008886603472966655,-0.02663612920329339,-0.02663612920329339,-0.02663612920329339,-0.02673994042924387
2018-05-08,-0.013613262464109432,-0.004214459439437476,-0.013613262464109432,-0.013613262464109432,-0.013613262464109432,-0.013613262464109432
2018-05-09,0.008756991089859945,0.002861268174628869,0.008756991089859945,0.008756991089859945,0.008756991089859945,0.008756991089859945
2018-05-10,-0.027494953422644963,-0.010142995636900371,-0.027494953422644963,-0.027494953422644963,-0.027494953422644963,-0.027494953422644963
2018-05-11,-0.06835627509793496,-0.02182037720767194,-0.06835627509793496,-0.06835627509793496,-0.06835627509793496,-0.06835627509793496
2018-05-12,0.007840685542482406,0.0014202921215399986,0.000967538493627768,0.003917836366593808,0.0020892963589369106,0.006376681600319653
2018-05-13,0.02475411148625506,0.005737975919562988,0.013995939604075445,0.02311857352421933,0.017863905186284532,0.014399495566193306
2018-05-14,-0.0028472164525350507,-0.0007617374302240963,-0.0030584673715308326,-0.002897389289131006,-0.0031098929630134003,-0.0032557032446024464
2018-05-15,-0.021059761418295242,-0.0066008919813895775,-0.021114064958686715,-0.021059761418295242,-0.021059761418295242,-0.021059761418295242
2018-05-16,-0.018932427704379973,-0.005877069393535797,-0.018932427704379973,-0.018932427704379973,-0.018932427704379973,-0.018932427704379973
2018-05-17,-0.033291075688043015,-0.010604399391181886,-0.033291075688043015,-0.033291075688043015,-0.033291075688043015,-0.033291075688043015
2018-05-18,0.02267807560757129,0.006439412237764601,0.02267807560757129,0.02267807560757129,0.02267807560757129,0.02267807560757129
2018-05-19,-0.00043768756696171973,-0.00015571707920904816,-0.00043768756696171973,-0.00043768756696171973,-0.00043768756696171973,-0.00043768756696171973
2018-05-20,0.03426289315001907,0.011783405430714992,0.03426289315001907,0.03426289315001907,0.03426289315001907,0.03426289315001907
2018-05-21,-0.013255757736746365,-0.004231275216349392,-0.013255757736746365,-0.013255757736746365,-0.013255757736746365,-0.013255757736746365
2018-05-22,-0.046566751299225384,-0.015487320180850642,-0.046566751299225384,-0.046566751299225384,-0.046566751299225384,-0.046566751299225384
2018-05-23,-0.06077517833457369,-0.01624472023774016,-0.06077517833457369,-0.06077517833457369,-0.06077517833457369,-0.06077517833457369
2018-05-24,0.007280650208754569,0.001345025161544354,0.0006576867202605475,0.004550278874614583,0.0006645150751013809,0.002280276559091439
2018-05-25,-0.019833191546378415,-0.004600303067020678,-0.011128388991185467,-0.020162920645580475,-0.011914478226483912,-0.02043705398756408
2018-05-26,-0.013342420957834333,-0.0033565928245117187,-0.010681407425202084,-0.013342420957834333,-0.012371340504394233,-0.013342420957834333
2018-05-27,0.0016229000732312926,0.00042900858956329004,0.0014055561432286252,0.0016229000732312926,0.0015260173405531089,0.0016229000732312926
2018-05-28,-0.030984352877340915,-0.01121291085750598,-0.030984352877340915,-0.030984352877340915,-0.030984352877340915,-0.03081910772191578
2018-05-29,0.048209581487622666,0.013992485528095852,0.048209581487622666,0.048209581487622666,0.048209581487622666,0.048204070441374605
2018-05-30,-0.010594118095111349,-0.0028973855993828326,-0.010594118095111349,-0.00899651602912338,-0.010594118095111349,-0.010594118095111349
2018-05-31,0.014112201815416281,0.004279130140088111,0.014112201815416281,0.013860951453649906,0.014112201815416281,0.014112201815416281
2018-06-01,0.005494757137219253,0.0018155582672902417,0.005494757137219253,0.005488295106264212,0.005494757137219253,0.005494757137219253
2018-06-02,0.015640303842947345,0.0059610893878890734,0.015640303842947345,0.015640303842947345,0.015640303842947345,0.015640303842947345
2018-06-03,0.008472683266389724,0.0033020909852326955,0.008472683266389724,0.008472683266389724,0.008472683266389724,0.008472683266389724
2018-06-04,-0.0279797863613801,-0.012263560874933943,-0.0279797863613801,-0.0279797863613801,-0.0279797863613801,-0.0279797863613801
2018-06-05,0.016629146536884187,0.005394177831391516,0.016629146536884187,0.016629146536884187,0.016629146536884187,0.016629146536884187
2018-06-06,0.0052063032760378825,0.0017842849193493969,0.0052063032760378825,0.0052063032760378825,0.0052063032760378825,0.0052063032760378825
2018-06-07,0.001983078515388037,0.0007286882076922911,0.001983078515388037,0.001983078515388037,0.001983078515388037,0.001983078515388037
2018-06-08,-0.0056542995895393355,-0.002645520340467441,-0.0056542995895393355,-0.0056542995895393355,-0.0056542995895393355,-0.0056542995895393355
2018-06-09,-0.008714954486789495,-0.004593281504758761,-0.008714954486789495,-0.008714954486789495,-0.008714954486789495,-0.008714954486789495
2018-06-10,-0.10738717028838463,-0.05973372573925745,-0.10738717028838463,-0.10738717028838463,-0.10738717028838463,-0.10738717028838463
2018-06-11,0.015525721008725624,0.0022780591236483587,-0.001,0.004288120664118914,-0.001,0.005355424822464179
2018-06-12,-0.0471209922952367,-0.008757524201414317,-0.00512519383359074,-0.03363886720862025,-0.004228061379878248,-0.047736414531936174
2018-06-13,-0.033736271435260146,-0.00607804410914185,-0.0017937506312875095,-0.013797672690110606,-0.0006429680661002862,-0.024385339662720926
2018-06-14,0.05125763596351085,0.009448158922275915,0.004834798200095719,0.022541677892698234,0.00295958462257646,0.015051379500381414
2018-06-15,-0.03470649410490845,-0.006458280905605447,-0.003894481564593592,-0.012410136927932138,-0.002772770237495448,-0.0156938893251345
2018-06-16,0.014944708436315457,0.00281713077818195,0.002042630082331102,0.005334322743826065,0.0015338629400990472,0.007299399110283277
2018-06-17,-0.006869772171025135,-0.0015160872068558512,-0.003171089735747059,-0.004126059836925514,-0.003137448840047348,-0.0062196484838022
2018-06-18,0.03923897459050307,0.010217899973895543,0.03169314076911732,0.02207064017946546,0.031210157487815828,0.012588419094723989
2018-06-19,0.004280581993943544,0.0010830120316507985,0.003865820215186649,0.002024744692266698,0.003953492282592706,0.0016599183193473984
2018-06-20,0.0030743393352445914,0.0008832420876121862,0.0030034428193018584,0.0015140493183159684,0.0030339488164203526,0.0016993721442305216
2018-06-21,-0.004861925943298817,-0.0018199991244448677,-0.004861925943298817,-0.00534386523280795,-0.004861925943298817,-0.005237529195324114
2018-06-22,-0.09832748155118243,-0.04248796354395372,-0.09832748155118243,-0.09833164011153805,-0.09832748155118243,-0.09832748155118243
2018-06-23,0.01892045299656253,0.0030003116380852156,-0.001,0.0034762858178139016,-0.001,0.005151770546475429
2018-06-24,-0.004492641740802328,-0.0008519845219339347,-0.0006334106247003227,-0.0029394247243497416,-0.00045192884795621787,-0.0049537005648211
2018-06-25,0.015789221221385485,0.0033670761889549785,0.005652290667279145,0.011117801479201399,0.005081668106116345,0.007124196784245945
2018-06-26,-0.023609487948817565,-0.006027206659689462,-0.018816515115694786,-0.02092053468548333,-0.018428318145079697,-0.0210191674823433
2018-06-27,0.007063649515773207,0.00183381788220382,0.006479169560270888,0.005928264500029907,0.0065178497606809115,0.006928980526583408
2018-06-28,-0.04569884944145708,-0.014427748495044218,-0.045758928338817395,-0.035812281166049564,-0.04574970426746799,-0.02440264164540855
2018-06-29,0.06183656922778247,0.014976739172428413,0.04797173812227767,0.03182800208255406,0.038787797454629465,0.01932888710169252
2018-06-30,0.024856077972902568,0.005221080888923365,0.009175663073265825,0.007709570904849084,0.0070447288287595914,0.007160154849409921
2018-07-01,-0.0022176458537682686,-0.0005577940484580529,-0.0019054207642410846,-0.001507269509285827,-0.0017001962750136357,-0.0014218298647698702
2018-07-02,0.03882235353649821,0.011172581944238019,0.0385341898497019,0.02188526042291053,0.03844303861911052,0.022782080436279488
2018-07-03,-0.016654537414902526,-0.0046348743450910805,-0.016654537414902526,-0.01648255793565164,-0.016654537414902526,-0.017066252136698906
2018-07-04,0.012468710162343521,0.0037080960310466315,0.012468710162343521,0.01243426234128221,0.012468710162343521,0.012468710162343521
2018-07-05,-0.006692923307036414,-0.002258571767080622,-0.006692923307036414,-0.006692923307036414,-0.006692923307036414,-0.006692923307036414
2018-07-06,0.009664546172200472,0.0035856444420359593,0.009664546172200472,0.009664546172200472,0.009664546172200472,0.009232338314827759
2018-07-07,0.02112568745021748,0.008788796429367925,0.02112568745021748,0.02112568745021748,0.02112568745021748,0.021085159906860843
2018-07-08,-0.004888216643536336,-0.0018783783116942834,-0.004888216643536336,-0.004888216643536336,-0.004888216643536336,-0.004888216643536336
2018-07-09,-0.006099384740938518,-0.0026952888758969822,-0.006099384740938518,-0.006099384740938518,-0.006099384740938518,-0.006099384740938518
2018-07-10,-0.053262125772763125,-0.02650687798843762,-0.053262125772763125,-0.053262125772763125,-0.053262125772763125,-0.053262125772763125
2018-07-11,0.010919573627643286,0.0024345336523710496,0.008693975757762292,0.010919573627643286,0.010919573627643286,0.010919573627643286
2018-07-12,-0.03426005642912655,-0.009978588789926692,-0.034446774338626224,-0.03426005642912655,-0.03426005642912655,-0.03426005642912655
2018-07-13,0.008039477811656592,0.00211670454265853,0.008039477811656592,0.008039477811656592,0.008039477811656592,0.008039477811656592
2018-07-14,0.007429056847626958,0.002262057222542913,0.007429056847626958,0.007429056847626958,0.007429056847626958,0.007429056847626958
2018-07-15,0.014786591842189223,0.005234577605639768,0.014786591842189223,0.014786591842189223,0.014786591842189223,0.014786591842189223
2018-07-16,0.05721893614968776,0.021446824278625546,0.05721893614968776,0.05721893614968776,0.05721893614968776,0.05721893614968776
2018-07-17,0.0908664711508167,0.02555274190018172,0.0908664711508167,0.0908664711508167,0.0908664711508167,0.01509838992490334
2018-07-18,0.007573634752426006,0.0012922070765662814,-0.0002490132828899585,0.001547265746918595,-0.0006181466987881298,0.0022737254560584582
2018-07-19,0.012336698185460016,0.0025764568750947505,0.004010921166949341,0.0075039901728168315,0.00344658190370511,0.005776097373111789
2018-07-20,-0.018719294643315565,-0.004787978010415641,-0.01462794112396794,-0.01423518850048513,-0.014550945492794181,-0.018043289293744033
2018-07-21,0.011369731001441119,0.0031025429192715836,0.011129089523062607,0.009750179315225451,0.009671035581413258,0.0017781516332262422
2018-07-22,-0.001495415334466177,-0.0005381041794405124,-0.001495415334466177,-0.0013103822982821446,-0.0016354206563929307,-0.0017333117667104221
2018-07-23,0.0427968884465173,0.01708397887408447,0.0427968884465173,0.03480286524984686,0.0427968884465173,0.03871151589373061
2018-07-24,0.08831569270661421,0.026441107171654203,0.08831569270661421,0.06576041132166785,0.08831569270661421,0.010212836093446075
2018-07-25,-0.02320850514429673,-0.00454829823531073,-0.00467445948473524,-0.004560136076856094,-0.0024776554375541535,-0.003496978484371576
2018-07-26,-0.03520656602478911,-0.007211238729049144,-0.01072049513281449,-0.012738569851072353,-0.006824544791634332,-0.014039354098104462
2018-07-27,0.032833725795819335,0.006642486261715163,0.009296304053783871,0.012494074555204397,0.006301062653946878,0.018275224512634802
2018-07-28,0.0020291048068028505,0.00042910522089638424,0.0007866288367138694,0.0011354517181497701,0.0006180679318431616,0.0015908780586875609
2018-07-29,0.0047917041164475815,0.001236176135793319,0.004112820691649114,0.003723859496434475,0.0037888889118956968,0.0031695596841506456
2018-07-30,-0.0070193300306408135,-0.002405000808325846,-0.007063541369777782,-0.005401537597386177,-0.00712927376505475,-0.005174360785749862
2018-07-31,-0.05466412822826183,-0.022159575613220846,-0.05466412822826183,-0.04450322432670013,-0.05466412822826183,-0.03487514284159075
2018-08-01,-0.0166256067520133,-0.003980914474893285,-0.008047841353428033,-0.004872880984825149,-0.005057188225788424,-0.0044404287187096774
2018-08-02,-0.007108792530978181,-0.001841217963918767,-0.0057525444399253636,-0.004374403782722078,-0.005093239292091655,-0.007865330172927072
2018-08-03,-0.017414255466433493,-0.005176643078192558,-0.017649210763682317,-0.012203928652875768,-0.0168111198359365,-0.008135846933854855
2018-08-04,-0.05520396617704604,-0.016948217680148685,-0.05520396617704604,-0.05551018668034506,-0.030456319547695364,-0.011932474750123368
2018-08-05,0.0041956901950210845,0.0008346582509959899,0.0007551061902254442,0.002248390297252714,-0.00039452241640115424,0.0034078100974950813
2018-08-06,-0.014448636695759354,-0.0038541325318771904,-0.012442424710156292,-0.01482342807566773,-0.0057892759706608754,-0.011550264267476634
2018-08-07,-0.029929687440029107,-0.008746991215518552,-0.030102415405937624,-0.029929687440029107,-0.026121475988764145,-0.030145201658596455
2018-08-08,-0.06771059107098787,-0.018475381586778403,-0.06771059107098787,-0.06771059107098787,-0.04432054886218352,-0.03856929560903063
2018-08-09,0.04638426775591853,0.008546778982706754,-0.001,0.011638491233167356,-0.0006515281608822808,0.018021556826103527
2018-08-10,-0.06440055023804814,-0.012438477632038059,-0.0023302845808348994,-0.02451773849516497,-0.0,-0.0233969822960956
2018-08-11,0.029009884582495093,0.005032509499914444,-3.5630962925434345e-05,0.003701722456537681,0.0,0.009933897138357113
2018-08-12,0.00014925267133247822,1.1758639838274386e-05,-1.0370013889671432e-05,-0.00022725879025723805,0.0,-0.0003204928136039271
2018-08-13,-0.007734916380013779,-0.0017863198309315358,-0.003239277650868437,-0.003935712339191284,-0.0028115645067330647,-0.004555742673632369
2018-08-14,-0.012930246256339983,-0.003561525863964699,-0.01095002852401531,-0.007635378555291139,-0.010295353646637799,-0.007706856316598613
2018-08-15,0.013805670593519226,0.004230451731955845,0.01361845352771783,0.010324024512119898,0.013567841625784888,0.00853298236703943
2018-08-16,0.0032751121441552122,0.0010982088927206513,0.0032751121441552122,0.0025798415871303385,0.0032751121441552122,0.0028951102453615963
2018-08-17,0.04329019810375345,0.017974624499677242,0.04329019810375345,0.02620846643325865,0.04329019810375345,0.02621554768741789
2018-08-18,-0.024956405317734354,-0.007424043212057988,-0.024956405317734354,-0.014403129105929691,-0.014042753836482848,-0.0017095375905180543
2018-08-19,0.014287321996987012,0.004141618916017826,0.014287321996987012,0.011752658837494389,0.00951757939571582,0.012995837536360912
2018-08-20,-0.03354998031654166,-0.010481145157357982,-0.03354998031654166,-0.03370881075084768,-0.033874664223405467,-0.03357535749865393
2018-08-21,0.03190256953759962,0.00903049334501714,0.03190256953759962,0.03190256953759962,0.03190256953759962,0.03190256953759962
2018-08-22,-0.01669472243406578,-0.004868559466510246,-0.01669472243406578,-0.01669472243406578,-0.013131946041922287,-0.006381875510961303
2018-08-23,0.023786168089303894,0.007165548977821695,0.023786168089303894,0.023786168089303894,0.020334328978385264,0.023129077977234107
2018-08-24,0.027825578872463286,0.008566766190261548,0.027825578872463286,0.027825578872463286,0.027684052909964563,0.027825578872463286
2018-08-25,0.007122868062615639,0.002190684139904445,0.007122868062615639,0.007122868062615639,0.007122868062615639,0.006370165970094828
2018-08-26,-0.00823810082324472,-0.0027099523143825402,-0.00823810082324472,-0.00823810082324472,-0.00823810082324472,-0.008330765395255317
2018-08-27,0.02231577506140625,0.007731312192427444,0.02231577506140625,0.02231577506140625,0.02231577506140625,0.02231577506140625
2018-08-28,0.037111998375817024,0.01226740002332041,0.037111998375817024,0.037111998375817024,0.037111998375817024,0.037111998375817024
2018-08-29,-0.008395031734182878,-0.002574591361306947,-0.008395031734182878,-0.008395031734182878,-0.0032210045236636836,-0.001
2018-08-30,-0.009449776656316966,-0.0030324094153533617,-0.009449776656316966,-0.009449776656316966,-0.006026955563881779,-0.010449776656316967
2018-08-31,0.008350414709823228,0.0028027718907190627,0.008350414709823228,0.008350414709823228,0.007118981109334733,0.0035785087787212036
2018-09-01,0.023801909787411812,0.008822878259531226,0.023801909787411812,0.023801909787411812,0.023688048304246652,0.0232915681523944
2018-09-02,0.013113267612554935,0.004374454798365087,0.013113267612554935,0.013113267612554935,0.013113267612554935,0.0055709308409873344
2018-09-03,-0.004006986181487648,-0.0014318631261052439,-0.004006986181487648,-0.004006986181487648,-0.004006986181487648,-0.004541400817319967
2018-09-04,0.01396371766782245,0.00554735047362538,0.01396371766782245,0.01396371766782245,0.01396371766782245,0.01396371766782245
2018-09-05,-0.07717471117728203,-0.032266186130258744,-0.07717471117728203,-0.07717471117728203,-0.07717471117728203,-0.04796962928962405
2018-09-06,-0.044592250027790215,-0.008413993405631828,-0.001,-0.022978825662761652,-0.001,-0.03698929738782626
2018-09-07,-0.012241273870511327,-0.002222472665595156,-0.0,-0.006550231413527805,-0.0,-0.0013216976776161116
2018-09-08,-0.03446326375507969,-0.007071476679825012,-0.005262889029556243,-0.03176382257734339,-0.0034074159273842514,-0.035419063544364415
2018-09-09,0.009931785503048518,0.0020362804230779938,0.0016377675740614462,0.00757502642966852,0.0011278512688288624,0.009931785503048518
2018-09-10,0.007383657154045542,0.0017696561236776448,0.004040286116323698,0.006127158756116547,0.003726816132208618,0.005027541733354426
2018-09-11,-0.002694664929863144,-0.0008425649915167444,-0.003087875228526836,-0.0021157509640877255,-0.003128954776657261,-0.0017515657661395423
2018-09-12,0.007822300397309467,0.0027055390587477257,0.007822300397309467,0.00566720750353017,0.007822300397309467,0.004472948150503799
2018-09-13,0.025819836325700507,0.01066311913629228,0.025819836325700507,0.019619059856582768,0.025819836325700507,0.014724032747316786
2018-09-14,0.0005828398680527425,0.00012534573663009862,0.0005828398680527425,0.0003793609290593942,0.0005828398680527425,0.00015331702570099513
2018-09-15,0.004537578179260482,0.0017422936901046993,0.004537578179260482,0.0032077132182352303,0.004537578179260482,0.0004358339189240837
2018-09-16,-0.00410182197475939,-0.0019789167469558525,-0.00410182197475939,-0.0043572931877965335,-0.00410182197475939,-0.0048425328284134985
2018-09-17,-0.03675464857035804,-0.019811899952152847,-0.03675464857035804,-0.03675464857035804,-0.03675464857035804,-0.03675464857035804
2018-09-18,0.01306250314775248,0.00345382665178526,0.01306250314775248,0.01306250314775248,0.01306250314775248,0.01306250314775248
2018-09-19,0.0068772387675588575,0.0021301317960563167,0.0068772387675588575,0.0068772387675588575,0.0068772387675588575,0.0068772387675588575
2018-09-20,0.017959915342895094,0.006274880763258829,0.017959915342895094,0.017959915342895094,0.017959915342895094,0.017959915342895094
2018-09-21,0.03732119571148007,0.013101514957945065,0.03732119571148007,0.03732119571148007,0.03732119571148007,0.03732119571148007
2018-09-22,-0.005290919994549559,-0.0016523697559325586,-0.005290919994549559,-0.005290919994549559,-0.005290919994549559,-0.00421461928001877
2018-09-23,-0.000348849450604205,-0.00013222552174681394,-0.000348849450604205,-0.000348849450604205,-0.000348849450604205,-0.0005477170374648286
2018-09-24,-0.01888546349730158,-0.006760792642037341,-0.01888546349730158,-0.01888546349730158,-0.01888546349730158,-0.01957608680020487
2018-09-25,-0.024344238731958012,-0.00828638994573189,-0.024344238731958012,-0.024344238731958012,-0.024344238731958012,-0.024344238731958012
2018-09-26,0.007294754194479447,0.0022295694508617328,0.007294754194479447,0.007294754194479447,0.007294754194479447,0.007294754194479447
2018-09-27,0.03321085702011284,0.011328367733574587,0.03321085702011284,0.03321085702011284,0.03321085702011284,0.03321085702011284
2018-09-28,-0.008202327789789798,-0.002552214375607937,-0.008202327789789798,-0.008202327789789798,-0.008202327789789798,-0.008202327789789798
2018-09-29,-0.005832142003830643,-0.0019038827450238566,-0.005832142003830643,-0.005832142003830643,-0.005832142003830643,-0.005832142003830643
2018-09-30,0.0030352924836876127,0.001039724534701898,0.0030352924836876127,0.0030352924836876127,0.0030352924836876127,0.0030352924836876127
2018-10-01,-0.006460942208365794,-0.0026702679505137337,-0.006460942208365794,-0.006460942208365794,-0.006460942208365794,-0.006460942208365794
2018-10-02,-0.008091191701968592,-0.003822444629497542,-0.008091191701968592,-0.008091191701968592,-0.008091191701968592,-0.008091191701968592
2018-10-03,-0.006800736333765989,-0.003584243554984612,-0.006800736333765989,-0.006800736333765989,-0.006800736333765989,-0.006800736333765989
2018-10-04,0.012503575479627438,0.0070824300027070046,0.012503575479627438,0.012503575479627438,0.012503575479627438,0.012503575479627438
2018-10-05,0.006090477033911634,0.003487746738049808,0.006090477033911634,0.006090477033911634,0.006090477033911634,0.006090477033911634
2018-10-06,-0.005265068539557549,-0.003249252392469938,-0.005265068539557549,-0.005265068539557549,-0.005265068539557549,-0.005265068539557549
2018-10-07,0.002150979440766143,0.0013346514553030462,0.002150979440766143,0.002150979440766143,0.002150979440766143,0.002150979440766143
2018-10-08,0.0061111427953053354,0.003926372517906887,0.0061111427953053354,0.0061111427953053354,0.0061111427953053354,0.0061111427953053354
2018-10-09,-0.0021585664367396173,-0.0013920633276892813,-0.0021585664367396173,-0.0021585664367396173,-0.0021585664367396173,-0.0021585664367396173
2018-10-10,-0.009305341073314932,-0.0060594623028222844,-0.009305341073314932,-0.009305341073314932,-0.009305341073314932,-0.009305341073314932
2018-10-11,-0.056646498813722634,-0.035911956478723896,-0.056646498813722634,-0.056646498813722634,-0.056646498813722634,-0.056646498813722634
2018-10-12,0.00526453253351189,0.000719557048480418,0.0008404884223483889,0.00526453253351189,0.00393095408943093,0.00526453253351189
2018-10-13,0.000970411230832191,0.0002083344362637492,0.0002708307163615755,0.000970411230832191,0.0007575336638394378,0.000970411230832191
2018-10-14,-0.0023890130701396117,-0.0007993320196856098,-0.002612897735890324,-0.0023890130701396117,-0.0023890130701396117,-0.0023890130701396117
2018-10-15,0.04202509144612909,0.015774456823006936,0.04202509144612909,0.04202509144612909,0.04202509144612909,0.04202509144612909
2018-10-16,0.0029834850591470286,0.0007779970222754374,0.0029834850591470286,0.0029834850591470286,0.0029834850591470286,0.0029834850591470286
2018-10-17,-0.0029722447951565645,-0.0009738702848029884,-0.0029722447951565645,-0.0029722447951565645,-0.0029722447951565645,-0.00212912340968876
2018-10-18,-0.007178770963667702,-0.0025609405687128297,-0.007178770963667702,-0.007178770963667702,-0.007178770963667702,-0.0026989771620423452
2018-10-19,-0.0020952105439122626,-0.0008680366116159289,-0.0020952105439122626,-0.0020952105439122626,-0.0020952105439122626,-0.002751053032818092
2018-10-20,0.0039440073935570474,0.00177149500488256,0.0039440073935570474,0.0039440073935570474,0.001180096551909357,0.0002814761332889801
2018-10-21,0.0011060357410435095,0.0005252892890154,0.0011060357410435095,0.0011060357410435095,0.0005469931220438746,0.0003652336004478016
2018-10-22,-0.001138967966816673,-0.0007415827904309221,-0.001138967966816673,-0.001138967966816673,-0.001138967966816673,-0.001138967966816673
2018-10-23,-0.0018798229561127755,-0.0012183882392445382,-0.0018798229561127755,-0.0018798229561127755,-0.0018798229561127755,-0.0018798229561127755
2018-10-24,0.0027854922823487005,0.0017833812488112926,0.0027854922823487005,0.0027854922823487005,0.0027854922823487005,0.0027854922823487005
2018-10-25,-0.0017896996292794398,-0.0011699461739742077,-0.0017896996292794398,-0.0017896996292794398,-0.0017896996292794398,-0.0017896996292794398
2018-10-26,0.0002786008522110972,0.00017948184498998963,0.0002786008522110972,0.0002786008522110972,0.0002786008522110972,0.0002786008522110972
2018-10-27,0.0008270901772440276,0.0005398716134904775,0.0008270901772440276,0.0008270901772440276,0.0008270901772440276,0.0008270901772440276
2018-10-28,-0.0004325010474681701,-0.0002841852504359381,-0.0004325010474681701,-0.0004325010474681701,-0.0004325010474681701,-0.0004325010474681701
2018-10-29,-0.022412944949128932,-0.014698995243388005,-0.022412944949128932,-0.022412944949128932,-0.022412944949128932,-0.022412944949128932
2018-10-30,0.0014571184350424815,0.0005471764929306244,0.0014571184350424815,0.0014571184350424815,0.0014571184350424815,0.0014571184350424815
2018-10-31,0.005444561525978386,0.003130502617032781,0.005444561525978386,0.005444561525978386,0.005444561525978386,0.005444561525978386
2018-11-01,0.0058133090450351865,0.0037474204620152824,0.0058133090450351865,0.0058133090450351865,0.0058133090450351865,0.0058133090450351865
2018-11-02,0.0008183983177068033,0.0005299587895218902,0.0008183983177068033,0.0008183983177068033,0.0008183983177068033,0.0008183983177068033
2018-11-03,-0.0024785809532341663,-0.0018107643882831793,-0.0024785809532341663,-0.0024785809532341663,-0.0024785809532341663,-0.0024785809532341663
2018-11-04,0.013894793926246152,0.01012589740093836,0.013894793926246152,0.013894793926246152,0.013894793926246152,0.013894793926246152
2018-11-05,-0.002721808832563455,-0.0018663525306437244,-0.002721808832563455,-0.002721808832563455,-0.002721808832563455,-0.002721808832563455
2018-11-06,0.005965749967224099,0.004137986826931964,0.005965749967224099,0.005965749967224099,0.005965749967224099,0.005965749967224099
2018-11-07,0.009272355175576008,0.006582997322592068,0.009272355175576008,0.009272355175576008,0.009272355175576008,0.009272355175576008
2018-11-08,-0.0144775807612183,-0.010095709263212899,-0.0144775807612183,-0.0144775807612183,-0.0144775807612183,-0.0144775807612183
2018-11-09,-0.011764800532177433,-0.007428166510476143,-0.011764800532177433,-0.011764800532177433,-0.011764800532177433,-0.011764800532177433
2018-11-10,0.0034327383936219036,0.0021121265542553944,0.0034327383936219036,0.0034327383936219036,0.0034327383936219036,0.0034327383936219036
2018-11-11,-0.002785804508778411,-0.0019493983876918103,-0.002785804508778411,-0.002785804508778411,-0.002785804508778411,-0.002785804508778411
2018-11-12,-0.0023294688759738502,-0.001688617922745717,-0.0023294688759738502,-0.0023294688759738502,-0.0023294688759738502,-0.0023294688759738502
2018-11-13,-0.008340599787118319,-0.006076333982268761,-0.008340599787118319,-0.008340599787118319,-0.008340599787118319,-0.008340599787118319
2018-11-14,-0.11067110799192192,-0.07848817830555471,-0.11067110799192192,-0.11067110799192192,-0.11067110799192192,-0.11067110799192192
2018-11-15,-0.006404034196585973,-0.0016427787918967501,-0.001,-0.00250163957794712,-0.001,-0.00228297877164083
2018-11-16,-0.007681486164500928,-0.0015051129763475105,-0.0009665685883683884,-0.00589200245915281,-0.0,-0.00583774137823494
2018-11-17,0.0009235979442778763,0.00017586792882564762,7.718329090823883e-05,0.0006455368347142778,-2.247124754523825e-05,0.0006233805115549176
2018-11-18,0.009867857980736305,0.0027654206232676946,0.009145583198074833,0.009282966076955433,0.00831969846163844,0.008016860502503975
2018-11-19,-0.13737616828101773,-0.04755724315337824,-0.13739525944837522,-0.13390236141321016,-0.13747114926557452,-0.13754648680022485
2018-11-20,-0.09905040508531149,-0.017281424456872554,-0.001,-0.0009745392174457485,-0.001,-0.001
2018-11-21,0.0536860899370637,0.009273218104203925,0.0,0.0,0.0,0.0
2018-11-22,-0.05400946797994255,-0.009643656507314281,-0.0,-0.0,-0.0,-0.0
2018-11-23,-0.0031886433750412113,-0.0005631929237100521,-0.0,-0.0,-0.0,-0.0
2018-11-24,-0.11272447703028421,-0.022611882498605722,-0.01998085297739815,-0.0,-0.012185550548879785,-0.0
2018-11-25,0.03692124229738081,0.006349620089199396,-0.00017569527246168263,0.0,-0.00010714976113396274,0.0
2018-11-26,-0.06247129407675822,-0.011596213717410793,-0.0022435156597345597,-0.0,-0.0,-0.0
2018-11-27,0.020611896695224008,0.0035913947198196296,-3.534693426955171e-05,0.0,0.0,0.0
2018-11-28,0.11436858731895039,0.022390244548096468,0.01557472758666408,0.0,0.0004294722480369369,0.0
2018-11-29,0.007262539807277868,0.001231766039751414,-0.00013738133247480849,0.0,-3.788282611555022e-06,0.0
2018-11-30,-0.06268057580850994,-0.012256987035528286,-0.008300916791561462,-0.0,-0.005360824442597052,-0.0
2018-12-01,0.04397809773606687,0.007706570971131461,-0.00013035241415722517,0.0,-8.41830397186933e-05,0.0
2018-12-02,-0.01189153447632274,-0.0022068944275350677,-0.00038175090596591555,-0.0,-0.0,-0.0
2018-12-03,-0.06215804795286961,-0.01314670785996912,-0.017750800105433024,-0.0038082754324839287,-0.012530598744245695,-0.0021415609691829264
2018-12-04,0.012740707153255482,0.002228182502894991,-0.00028152251705396164,-6.029754807060813e-05,-0.00019840066547966137,-3.3907966420701e-05
2018-12-05,-0.04711869176743155,-0.009629573816387689,-0.01021600007529721,-0.005341300703202492,-0.007684964607156385,-0.005313582169561316
2018-12-06,-0.05325536214195625,-0.009985919508268486,-0.0029453544445914555,-0.0006832843458889901,-0.00015970851086932175,-0.00011042657176223852
2018-12-07,-0.03957133156380077,-0.007049977114530232,-5.230173482885438e-05,-1.0951636456634207e-05,-0.0,-0.0
2018-12-08,0.01036334025641139,0.0018767295030738106,0.0,0.0001625640267730623,0.0,0.0
2018-12-09,0.03887625549478724,0.008202569892458846,0.010945168024093404,0.016029419415894666,0.006571109489450291,0.014804262799144149
2018-12-10,-0.03582803465374096,-0.007966942985231047,-0.015059991628080029,-0.015252343737391818,-0.012688535470158578,-0.023908242588116597
2018-12-11,-0.01787805149013233,-0.003843675923103805,-0.006040881699400438,-0.007256537435358661,-0.00551798392527423,-0.013972561287501064
2018-12-12,0.02101338363788985,0.005022153942912574,0.012580649126332237,0.01396945297431984,0.011600027802765932,0.013675403019553155
2018-12-13,-0.047522851762088814,-0.01302604078101713,-0.04791088982995208,-0.03826208462596025,-0.04704792359378637,-0.03715822152480617
2018-12-14,-0.018830575618097423,-0.00415746032550582,-0.007585217795694023,-0.00915122825751714,-0.00682383509819308,-0.011010498252926278
2018-12-15,-0.004336873293366517,-0.0010732961492202005,-0.003019070742873768,-0.0035350214021039367,-0.003245577305674184,-0.004763073440466322
2018-12-16,0.003246552907257616,0.0008945579686155756,0.002881455071344461,0.002996663740212193,0.0029160929757250723,0.0025981321555273618
2018-12-17,0.09505556208782284,0.0334412551903791,0.09505556208782284,0.09505556208782284,0.09505556208782284,0.09490286865249037
2018-12-18,0.04583130198914631,0.008003095649808842,-0.001,0.011428319608911195,-0.001,0.015039354972887602
2018-12-19,0.01043793912760349,0.0019343644553301614,0.000390203261396124,0.0036384057775193084,1.2510733985603814e-05,0.004710324259733034
2018-12-20,0.10006487072159875,0.02196246961206025,0.03676823042632258,0.07311474087649047,0.03658496472894685,0.09658654366567512
2018-12-21,-0.05621124462380089,-0.009795752180558422,-0.0003707357213672463,-0.0032507166336389285,-0.0003692897278668,-0.0023003749545636287
2018-12-22,0.032784115052360896,0.0057177247346006975,0.0,0.0004867628940826961,0.0,-2.4090451400237347e-05
2018-12-23,-0.005619022237350224,-0.0010805869729737267,-0.0004998564895663344,-0.0009436371303341593,-6.881331296626299e-05,-0.0011496303240179854
2018-12-24,0.02469871125026457,0.005495794820759417,0.009643807054110404,0.00917722263192179,0.0077081324129989635,0.007497858918130612
2018-12-25,-0.06892540166286976,-0.01743149473669239,-0.053161652878724916,-0.03106074314157919,-0.04642625953225557,-0.02308780759164709
2018-12-26,0.012248415186558503,0.0021090084690732194,-0.0007660363591601809,-0.00044964879542420917,-0.0006685850216878556,-0.00033459745214643423
2018-12-27,-0.05835528019615033,-0.01200862775709166,-0.013461366165750293,-0.01042488715367645,-0.01002133977655035,-0.006664280223339196
2018-12-28,0.08244250521110352,0.014709380115700854,-0.00022679306914675086,0.0021510247681274216,-0.00016883653389273892,0.0011113430553352387
2018-12-29,-0.014922890929338073,-0.002598138185845586,-0.0,-2.7883392781546285e-05,-0.0,-1.4664239182477273e-05
2018-12-30,0.0005935272460910745,9.58898409928019e-05,-3.828825775247942e-05,-5.228171778155798e-05,-2.7411297695073337e-05,-8.859661625571511e-05
2018-12-31,-0.036128837028351124,-0.00837081744557653,-0.01721279511073115,-0.016939159902282237,-0.018496668555203398,-0.02340293806040168
2019-01-01,0.03279396114895872,0.0070911804474522834,0.011559268403519497,0.010987249434640774,0.014688272808270815,0.028610118882565767
2019-01-02,0.023654639988291093,0.0055856436530543055,0.013735055081189506,0.011146020480457933,0.017892882561696646,0.023534490449123802
2019-01-03,-0.029195250792695138,-0.007853712695240954,-0.02891503674093628,-0.01774805581053637,-0.029425278489534867,-0.029195250792695138
2019-01-04,0.011398395840479303,0.002982863828507532,0.010282088536926194,0.005131643239094959,0.011398395840479303,0.011398395840479303
2019-01-05,-0.007553351697478394,-0.00231585445937694,-0.007645230253258581,-0.0064604444853326665,-0.007553351697478394,-0.007553351697478394
2019-01-06,0.06512370641477827,0.021788805998891502,0.06512370641477827,0.05780855835199525,0.06512370641477827,0.03177558802552152
2019-01-07,-0.011116056842097377,-0.0026865385468331396,-0.00643349943705584,-0.004529440651692946,-0.007080279404377118,-0.00487908309163798
2019-01-08,-0.002098338050871673,-0.0006018832632174998,-0.0023790657161544366,-0.002738459997384939,-0.0021598744876671744,-0.0020752939575920054
2019-01-09,0.0029144366901729946,0.0008859022517074547,0.002855645173347152,0.0029144366901729946,0.0028055359696537783,0.0027240986001990674
2019-01-10,-0.09398882097076922,-0.03670724483038083,-0.09398882097076922,-0.09398882097076922,-0.09398882097076922,-0.04024193336113526
2019-01-11,-0.0010314576950551935,-0.000395279061594651,-0.001,-0.0010059633920101252,-0.001,-0.0004298462571996317
2019-01-12,-0.0019699295788638826,-0.00040774673625356165,-0.00039664448825408693,-0.0016987741604320484,-0.00029850085526458435,-0.0027207295883246232
2019-01-13,-0.02995612629583211,-0.007113633254187071,-0.016020705607203402,-0.02547328688911364,-0.016809755528667727,-0.023933197965081858
2019-01-14,0.04510970844935902,0.0105021169093973,0.024243612771014347,0.02913218300220218,0.026175617517003834,0.0400855740651501
2019-01-15,-0.02335791066755022,-0.005376460364501809,-0.011916083352871474,-0.011352241272866529,-0.012236361027296756,-0.010832830436426515
2019-01-16,0.007174380897511767,0.0017437701915336723,0.004729651472225308,0.003873834134306117,0.005090215013334159,0.005197078094715303
2019-01-17,0.009188433126430695,0.0026449558659305686,0.008872021615713975,0.0077834999667129945,0.008928411526544165,0.00437125090081221
2019-01-18,-0.008434424550443187,-0.002884849244618408,-0.008434424550443187,-0.008187412524617507,-0.008434424550443187,-0.007997760098425243
2019-01-19,0.021575510658055297,0.00812164534926988,0.021575510658055297,0.020678851632653025,0.021575510658055297,0.021476715258271134
2019-01-20,-0.040405760020531756,-0.014017220934518484,-0.040405760020531756,-0.036118352836947754,-0.040405760020531756,-0.040405760020531756
2019-01-21,-0.0007603423932044384,-0.0002815180190804247,-0.0007603423932044384,-0.0008680926748411436,-0.0007603423932044384,-0.0007603423932044384
2019-01-22,0.011789987822922399,0.0036238772593253587,0.011789987822922399,0.011789987822922399,0.011789987822922399,0.010011359925220661
2019-01-23,-0.007104371821812117,-0.0024495898953233097,-0.007104371821812117,-0.007104371821812117,-0.007104371821812117,-0.007243435902429461
2019-01-24,0.004418801151602647,0.0016406961446201506,0.004418801151602647,0.004418801151602647,0.004418801151602647,0.004418801151602647
2019-01-25,-0.0017486419613097492,-0.0008627163630967893,-0.0017486419613097492,-0.0017486419613097492,-0.0017486419613097492,-0.0017486419613097492
2019-01-26,-0.0012103786759112278,-0.0007590379600452618,-0.0012103786759112278,-0.0012103786759112278,-0.0012103786759112278,-0.0012103786759112278
2019-01-27,-0.005461221996855725,-0.0035648828054317913,-0.005461221996855725,-0.005461221996855725,-0.005461221996855725,-0.005461221996855725
2019-01-28,-0.028991747774463894,-0.01975627803312283,-0.028991747774463894,-0.028991747774463894,-0.028991747774463894,-0.028991747774463894
2019-01-29,-0.011420131299414216,-0.004400188642766282,-0.011420131299414216,-0.011420131299414216,-0.011420131299414216,-0.011420131299414216
2019-01-30,0.012389365820027365,0.004459969843828334,0.012389365820027365,0.012389365820027365,0.012389365820027365,0.012389365820027365
2019-01-31,-0.008075942735613073,-0.0031991842494419366,-0.008075942735613073,-0.008075942735613073,-0.008075942735613073,-0.008075942735613073
2019-02-01,0.010239568207172312,0.004492868772584557,0.010239568207172312,0.010239568207172312,0.010239568207172312,0.010239568207172312
2019-02-02,0.004901300914742057,0.0023254454136643755,0.004901300914742057,0.004901300914742057,0.004901300914742057,0.004901300914742057
2019-02-03,-0.014128947975369122,-0.007905911375703732,-0.014128947975369122,-0.014128947975369122,-0.014128947975369122,-0.014128947975369122
2019-02-04,-0.00047865345480224697,-0.000282131173250717,-0.00047865345480224697,-0.00047865345480224697,-0.00047865345480224697,-0.00047865345480224697
2019-02-05,0.004419623287571062,0.002590730496910848,0.004419623287571062,0.004419623287571062,0.004419623287571062,0.004419623287571062
2019-02-06,-0.01720684326543731,-0.011113976461470011,-0.01720684326543731,-0.01720684326543731,-0.01720684326543731,-0.01720684326543731
2019-02-07,-0.0025635485105852673,-0.0014742641837050226,-0.0025635485105852673,-0.0025635485105852673,-0.0025635485105852673,-0.0025635485105852673
2019-02-08,0.07550329379297116,0.04612746703549497,0.07550329379297116,0.07550329379297116,0.07550329379297116,0.07550329379297116
2019-02-09,0.0024328169788365717,8.731831668462879e-05,-0.0005290819816462042,0.0024328169788365717,-0.001,0.0024328169788365717
2019-02-10,0.005731207265368798,0.0013622682668985597,0.002779626578448232,0.005731207265368798,0.0013513933663142348,0.005731207265368798
2019-02-11,-0.014114102123042316,-0.004370519351476203,-0.014555588151647009,-0.014114102123042316,-0.012423777649852506,-0.014114102123042316
2019-02-12,-0.0007564206106019933,-0.0002766639700306759,-0.0007564206106019933,-0.0007564206106019933,-0.0009155230511472457,-0.0007564206106019933
2019-02-13,-0.0032935937732281317,-0.0014258024547086346,-0.0032935937732281317,-0.0032935937732281317,-0.0032935937732281317,-0.0032935937732281317
2019-02-14,-0.00396215070708783,-0.0020551572101712295,-0.00396215070708783,-0.00396215070708783,-0.00396215070708783,-0.00396215070708783
2019-02-15,0.000867662234209643,0.00042047144976036047,0.000867662234209643,0.000867662234209643,0.000867662234209643,0.000867662234209643
2019-02-16,0.005534092730623552,0.0034573520029289656,0.005534092730623552,0.005534092730623552,0.005534092730623552,-0.001
2019-02-17,0.010606478784201734,0.006921009762474036,0.010606478784201734,0.010606478784201734,0.010606478784201734,0.009606478784201733
2019-02-18,0.06717860439348122,0.04230390399601901,0.06717860439348122,0.06717860439348122,0.06717860439348122,0.06717860439348122
2019-02-19,0.0075801899567746744,0.0012787044489707675,0.0019689237950312848,0.0075801899567746744,0.00425758982486695,0.0075801899567746744
2019-02-20,0.00928743929755571,0.0024614175583829623,0.007573193914787661,0.00928743929755571,0.00890019843824533,0.008444533100131822
2019-02-21,-0.010009130216259154,-0.0032746103757826644,-0.010137066735407966,-0.010009130216259154,-0.010009130216259154,-0.010091065688541763
2019-02-22,0.014397468415475956,0.0051485852232225305,0.014397468415475956,0.014397468415475956,0.014397468415475956,0.014397468415475956
2019-02-23,0.04099247519855753,0.015410277817335281,0.04099247519855753,0.04099247519855753,0.04099247519855753,0.04099247519855753
2019-02-24,-0.08660687183560623,-0.026154308566935697,-0.08660687183560623,-0.08660687183560623,-0.08660687183560623,-0.08660687183560623
2019-02-25,0.018069149134988693,0.003219634547296599,-0.001,0.005625248822875501,-0.001,0.008282934788022198
2019-02-26,-0.006761774428282186,-0.001419360474479565,-0.0013078698575130412,-0.00451324843333676,-0.0006436891354603164,-0.007274970600680378
2019-02-27,0.0008447776941982177,0.00016882046698620077,8.324508767814455e-05,0.0005197220772877126,2.333030304836961e-06,0.0008447776941982177
2019-02-28,-0.0016935042188300775,-0.0005811245965184317,-0.002144251249910042,-0.0012797039054182138,-0.002174264171946876,-0.0012008580925705766
2019-03-01,0.004662592500636054,0.0017280292396501524,0.004662592500636054,0.00439245534909911,0.004662592500636054,0.002335247356453253
2019-03-02,-0.0002596160947098136,-0.00021186406833756798,-0.0002596160947098136,-0.0002596160947098136,-0.0002596160947098136,-0.00021343075146044746
2019-03-03,-0.007155924570921068,-0.004150599905661053,-0.007155924570921068,-0.007155924570921068,-0.007155924570921068,-0.0032888807575403647
2019-03-04,-0.022266396700501345,-0.013586183548274112,-0.022266396700501345,-0.022266396700501345,-0.022266396700501345,-0.013414526476583056
2019-03-05,0.03838831278963828,0.01564854683510528,0.03838831278963828,0.03462343435239628,0.03838831278963828,0.028801851497627703
2019-03-06,0.0030911407735167984,0.0008018632710530309,0.0030911407735167984,0.002696772468132174,0.0030911407735167984,0.0028455638306008947
2019-03-07,0.0010188848506469395,0.0003032293615569848,0.0010188848506469395,0.0008991256011511948,0.0010188848506469395,0.0010188848506469395
2019-03-08,-0.004328306011564087,-0.001703778638954453,-0.004328306011564087,-0.004328306011564087,-0.004328306011564087,-0.004328306011564087
2019-03-09,0.018526513872182182,0.008165564839991752,0.018526513872182182,0.018526513872182182,0.018526513872182182,0.018526513872182182
2019-03-10,-0.0016492634282726515,-0.0007006951875430864,-0.0016492634282726515,-0.0016492634282726515,-0.0016492634282726515,-0.0016492634282726515
2019-03-11,-0.01340784061754352,-0.006335165321995222,-0.01340784061754352,-0.01340784061754352,-0.01340784061754352,-0.01340784061754352
2019-03-12,0.001907249293313873,0.0008832115888192383,0.001907249293313873,0.001907249293313873,0.001907249293313873,0.001907249293313873
2019-03-13,-0.0018029310599065873,-0.0010875012315961423,-0.0018029310599065873,-0.0018029310599065873,-0.0018029310599065873,-0.0018029310599065873
2019-03-14,0.00047399242377110795,0.00022717970085765987,0.00047399242377110795,0.00047399242377110795,0.00047399242377110795,0.00047399242377110795
2019-03-15,0.012489270552232146,0.008194383585517887,0.012489270552232146,0.012489270552232146,0.012489270552232146,0.012489270552232146
2019-03-16,0.02252275813849547,0.013771004301619438,0.02252275813849547,0.02252275813849547,0.02252275813849547,0.02252275813849547
2019-03-17,-0.005677629124795414,-0.0026040183660682365,-0.005677629124795414,-0.005677629124795414,-0.005677629124795414,-0.005677629124795414
2019-03-18,0.0005789181502218188,0.000215215257101798,0.0005789181502218188,0.0005789181502218188,0.0005789181502218188,0.0005789181502218188
2019-03-19,0.00673338223077824,0.003848778697130739,0.00673338223077824,0.00673338223077824,0.00673338223077824,0.00673338223077824
2019-03-20,0.008630110928555368,0.005312272894577858,0.008630110928555368,0.008630110928555368,0.008630110928555368,0.008630110928555368
2019-03-21,-0.013491956531253901,-0.008470054665262221,-0.013491956531253901,-0.013491956531253901,-0.013491956531253901,-0.013491956531253901
2019-03-22,0.0019148066809639985,0.0010678618887056397,0.0019148066809639985,0.0019148066809639985,0.0019148066809639985,0.0019148066809639985
2019-03-23,-0.0005300382408486293,-0.00039893198046592096,-0.0005300382408486293,-0.0005300382408486293,-0.0005300382408486293,-0.0005300382408486293
2019-03-24,-0.0027899723416888733,-0.0018950672540832224,-0.0027899723416888733,-0.0027899723416888733,-0.0027899723416888733,-0.0027899723416888733
2019-03-25,-0.015722333178847303,-0.010677944778335318,-0.015722333178847303,-0.015722333178847303,-0.015722333178847303,-0.015722333178847303
2019-03-26,0.0024370474288619715,0.0013146787741223308,0.0024370474288619715,0.0024370474288619715,0.0024370474288619715,0.0024370474288619715
2019-03-27,0.02788440867092179,0.017809310210474834,0.02788440867092179,0.02788440867092179,0.02788440867092179,0.02788440867092179
2019-03-28,-0.003990669052918783,-0.0017214375036454222,-0.003990669052918783,-0.003990669052918783,-0.003990669052918783,-0.003990669052918783
2019-03-29,0.01957736284055378,0.00826069395133765,0.01957736284055378,0.01957736284055378,0.01957736284055378,0.01957736284055378
2019-03-30,0.0005942099169771176,0.00017611347539543261,0.0005942099169771176,0.0005942099169771176,0.0005942099169771176,0.0005942099169771176
2019-03-31,0.0005930696505214161,0.0001969366349702946,0.0005930696505214161,0.0005930696505214161,0.0005930696505214161,0.0005930696505214161
2019-04-01,0.010771023399288149,0.005588063116326675,0.010771023399288149,0.010771023399288149,0.010771023399288149,0.010771023399288149
2019-04-02,0.1849261456703366,0.10057176329965076,0.1849261456703366,0.1849261456703366,0.1849261456703366,0.1849261456703366
2019-04-03,0.011523526399717543,0.001764432173472515,-0.001,-0.001,-0.001,-0.001
2019-04-04,-0.009870091498444089,-0.0020751846295251957,-0.0019767412966630094,-0.0015934929480504526,-0.0,-0.0
2019-04-05,0.024831823261118213,0.0059636660370511515,0.012893596132247893,0.00511716391860226,0.005738695175530509,0.006611135757972769
2019-04-06,0.0022115763103327524,0.000566260389466082,0.001638248161980104,0.0004436032520855031,0.0009762225988403985,0.0005091463685494502
2019-04-07,0.028696445169227758,0.009103713669274538,0.02860836003405058,0.007597232458310281,0.028303441957313408,0.008526478442332137
2019-04-08,0.018174799477260528,0.005624158167271486,0.018174799477260528,0.0035363618474789998,0.018174799477260528,0.007258902480709355
2019-04-09,-0.016626553581085224,-0.005452863893278248,-0.016626553581085224,-0.003874734948958374,-0.016626553581085224,-0.004702587120600557
2019-04-10,0.022358185458132285,0.007309903167359886,0.022358185458132285,0.004324560205053221,0.022358185458132285,0.012054369384942613
2019-04-11,-0.04915065795380602,-0.016140814779725763,-0.04915065795380602,-0.010036585004573524,-0.04915065795380602,-0.0495991426370229
2019-04-12,0.006374490687329981,0.001371453060073346,0.002252208704324149,-0.00020401763953311147,0.004066026805308054,-0.001
2019-04-13,-0.0015878338527498537,-0.0004948606811825428,-0.0021301363735162252,-0.0025878338527498537,-0.0019008675224496568,-0.0025878338527498537
2019-04-14,0.016160932146824347,0.005444396691128373,0.016154482902772275,0.016160932146824347,0.016160932146824347,0.016160932146824347
2019-04-15,-0.022088545786353997,-0.007844388836473289,-0.022088545786353997,-0.022088545786353997,-0.022088545786353997,-0.022088545786353997
2019-04-16,0.03233561881519198,0.010332322912579428,0.03233561881519198,0.03233561881519198,0.03233561881519198,0.013732800407139504
2019-04-17,0.003916519942737118,0.001192851199259599,0.003916519942737118,0.003916519942737118,0.003916519942737118,0.0033584736526357127
2019-04-18,0.009978302690752727,0.0033742394022151716,0.009978302690752727,0.009978302690752727,0.009978302690752727,0.004859630125113244
2019-04-19,0.002168963620288622,0.0007706834086847125,0.002168963620288622,0.002168963620288622,0.002168963620288622,0.0017027100736496633
2019-04-20,0.0045410708002358025,0.0018544093532630655,0.0045410708002358025,0.0045410708002358025,0.0045410708002358025,0.0045410708002358025
2019-04-21,-0.003432353355396489,-0.0017418690936200096,-0.003432353355396489,-0.003432353355396489,-0.003432353355396489,-0.003432353355396489
2019-04-22,0.016629640012670643,0.009304000263261888,0.016629640012670643,0.016629640012670643,0.016629640012670643,0.016629640012670643
2019-04-23,0.029916181371187678,0.014691781287760095,0.029916181371187678,0.029916181371187678,0.029916181371187678,0.029916181371187678
2019-04-24,-0.02036385715829625,-0.006904661124470767,-0.02036385715829625,-0.02036385715829625,-0.02036385715829625,-0.02036385715829625
2019-04-25,-0.05601577127610746,-0.01787461716611132,-0.05601577127610746,-0.05601577127610746,-0.05601577127610746,-0.05601577127610746
2019-04-26,0.0043862961902170206,0.0007968560097247914,-6.264330483035652e-05,0.0043862961902170206,0.0003763697051818308,0.0043862961902170206
2019-04-27,0.006144095396090954,0.0014944880578068075,0.0033762466234973244,0.006144095396090954,0.00491734768437443,0.006144095396090954
2019-04-28,-0.006395094092432552,-0.0020441527379066763,-0.006772590003756299,-0.006395094092432552,-0.0064888480816416745,-0.005816355284506821
2019-04-29,2.5419741211951674e-05,-5.410243188663726e-05,2.5419741211951674e-05,2.5419741211951674e-05,2.5419741211951674e-05,-2.3490824136698098e-05
2019-04-30,0.02288255475972889,0.01056092342418903,0.02288255475972889,0.02288255475972889,0.02288255475972889,0.004154250249735646
2019-05-01,0.009219792410814831,0.003703147923374119,0.009219792410814831,0.009219792410814831,0.009219792410814831,0.008433101554150054
2019-05-02,0.01466631719836653,0.0066679698011207315,0.01466631719836653,0.01466631719836653,0.01466631719836653,0.01466631719836653
2019-05-03,0.04919240638706479,0.02217936397615735,0.04919240638706479,0.04919240638706479,0.04919240638706479,0.04919240638706479
2019-05-04,0.020550229011618182,0.0072139364673915966,0.020550229011618182,0.020550229011618182,0.020550229011618182,0.020550229011618182
2019-05-05,-0.008028231197343527,-0.002995458817647224,-0.008028231197343527,-0.008028231197343527,-0.008028231197343527,-0.008028231197343527
2019-05-06,-0.006400327716687748,-0.0028274692872586504,-0.006400327716687748,-0.006400327716687748,-0.006400327716687748,-0.006400327716687748
2019-05-07,0.02355303210308124,0.01091577737278484,0.02355303210308124,0.02355303210308124,0.02355303210308124,0.02355303210308124
2019-05-08,0.01820465946857941,0.007164640692198026,0.01820465946857941,0.01820465946857941,0.01820465946857941,0.01820465946857941
2019-05-09,0.03680835967083085,0.015043109424574371,0.03680835967083085,0.03680835967083085,0.03680835967083085,0.03680835967083085
2019-05-10,0.03371029501906797,0.012160489040978278,0.03371029501906797,0.03371029501906797,0.03371029501906797,0.03371029501906797
2019-05-11,0.1522021113802865,0.05290768538528828,0.1522021113802865,0.1522021113802865,0.1522021113802865,0.1522021113802865
2019-05-12,-0.05221233576343476,-0.009887967036830243,-0.006943346507656185,-0.007570657489489834,-0.006864245886473877,-0.009588743729124397
2019-05-13,0.12333703557862763,0.02311997261967852,0.015335797704247553,0.011867536638652677,0.014168792222407476,0.008795054488169418
2019-05-14,0.02008640079133195,0.003734827278536511,0.0022812260812629494,-9.64784050439245e-05,0.002045802468726118,-7.208441910271013e-05
2019-05-15,0.032637455024073114,0.006257664621811129,0.005064671458572417,0.0021446463164687883,0.004778568545596554,0.0
2019-05-16,-0.04298555629910561,-0.008419757298537943,-0.007980286345283812,-0.0024323774816722584,-0.00514850381537976,-0.0
2019-05-17,-0.06806741880813583,-0.013069859368035862,-0.010704373334376087,-5.631911267033612e-05,-0.008579017695725749,-0.0
2019-05-18,-0.006678538037095394,-0.001254365023759865,-0.0008482766305807273,-0.0,-0.0007936448332749551,-0.0
2019-05-19,0.12939775114314944,0.025237495474012706,0.02250229206978128,0.002252478313534067,0.02353428041012697,0.003428080864758532
2019-05-20,-0.02902808691110781,-0.005408948236172779,-0.0033742293700792826,-1.7542973248984712e-05,-0.0031387766456279064,-2.6698916719628502e-05
2019-05-21,0.00033442573738495796,5.9776673542455653e-05,2.0782688355374625e-05,0.0,1.7242514652588177e-05,0.0
2019-05-22,-0.03956837935572999,-0.008186529514954105,-0.009549300793486627,-0.0021202011305364323,-0.009932684719605676,-0.00011137585778696918
2019-05-23,0.02993898140644391,0.005837347429408946,0.005386260782430673,0.0004193216056991798,0.005265314141244495,0.0018555846603308217
2019-05-24,0.011349085118550262,0.002258435883736502,0.0023705953030386823,0.0021001962191808925,0.002459815194265117,0.001890941751949074
2019-05-25,0.009326462630346866,0.0020657285904763577,0.0031996957107115146,0.002595154616202367,0.0034513059965665927,0.0028567977879207927
2019-05-26,0.08310185073038401,0.023593387293340637,0.06413385839827693,0.027076150092395692,0.07119491100937785,0.027852711370988492
2019-05-27,0.009764818048944912,0.0018525524503236195,0.0014375049710252605,0.0005636312957381197,0.0008646020912509322,0.00022061331448859585
2019-05-28,-0.011076695314723217,-0.0025274416329380454,-0.004211587198181943,-0.0033950958983819915,-0.0030380112551928544,-0.0015750553332280664
2019-05-29,-0.007298592003888382,-0.0019309121937917915,-0.004649927509601968,-0.002283064145581261,-0.0032036386351343943,-0.001229406201888009
2019-05-30,-0.04434949485348849,-0.014942105506664626,-0.04474509151163659,-0.045039678757893276,-0.03860526269816136,-0.04518511713830675
2019-05-31,0.03440682173961296,0.008087684691482014,0.01783840572496697,0.02811247682424742,0.011504519305129543,0.027811823717207383
2019-06-01,-0.00016535988681976033,-4.294577262347772e-05,-0.0001206228724817293,-0.00015497379781389124,-5.843331459003425e-05,-0.00035162337217030013
2019-06-02,0.022156713592152544,0.006950364932547283,0.021649660127165005,0.021654927002957167,0.02056757473874962,0.018510857752445115
2019-06-03,-0.06529384463919918,-0.01967289049895554,-0.06529384463919918,-0.06468012510476329,-0.06533815893926753,-0.06473480083600067
2019-06-04,-0.06404456617839815,-0.013263842597793438,-0.01739705888078024,-0.03198867458740922,-0.012655821325199343,-0.03773836959995826
2019-06-05,0.019425661822346507,0.00366141428677313,0.002553225090674984,0.0055848133572060634,0.0023117181656723334,0.007707037548101167
2019-06-06,-0.00279938652179601,-0.0005567649922361679,-0.0005704496744061146,-0.0025201699401036816,-0.0005587773433469184,-0.003230233705722016
2019-06-07,0.03179193530117197,0.007195410140798771,0.011449552962887214,0.025978786551585985,0.011929978838366129,0.03174895639324278
2019-06-08,-0.010486722523080694,-0.0022729129823115513,-0.003582951661998981,-0.007542690548043099,-0.003964967881517203,-0.010486722523080694
2019-06-09,-0.038507167138943976,-0.009537043160185187,-0.020400933497966622,-0.02793592079447852,-0.024458307976981647,-0.030204385001925373
2019-06-10,0.047057072806712785,0.009949540948689386,0.01447668183876308,0.03050234701006639,0.015440879690351005,0.039947482715977235
2019-06-11,-0.0088597811872545,-0.0018265046399910374,-0.0023427673556277863,-0.005464780864867224,-0.0024155769282251014,-0.005955829152503231
2019-06-12,0.028308357392716532,0.00660704319740617,0.011935841080401632,0.0198421035667517,0.012577314753765808,0.02262420423684281
2019-06-13,0.010558953157012274,0.002366864734024599,0.004362510781960555,0.006933565192795589,0.0052551530264390925,0.00593046117081277
2019-06-14,0.0565091772010935,0.015642476942669303,0.04236042366729096,0.05616945271344314,0.05089495602082957,0.04808408136374949
2019-06-15,0.017541954073200916,0.0038612143896492304,0.006727549999314469,0.017541945294044743,0.006633048451301766,0.017397693715327116
2019-06-16,0.019087121836459664,0.004652867790333909,0.010229580269302286,0.019087121836459664,0.011185868701116632,0.019087121836459664
2019-06-17,0.03559560692862318,0.009276338118573108,0.02407287621702199,0.03559560692862318,0.013578988641476416,0.01976495410949993
2019-06-18,-0.03141557480323409,-0.00766009938094358,-0.018344041534393864,-0.03141557480323409,-0.010008583015470845,-0.02307353387225581
2019-06-19,0.02629815863282725,0.005927761265028237,0.01108868078580644,0.025145888855695284,0.005895236835001561,0.018402825416705987
2019-06-20,0.028181209758056935,0.006475990187925949,0.012808567950779814,0.028138999226840142,0.002459004450046006,0.004932264341506753
2019-06-21,0.05622523211606523,0.012981108347212897,0.026201184069080615,0.05622523211606523,0.007008166040895351,0.0554182714870348
2019-06-22,0.05968262368694521,0.012513159607499597,0.01742513973732254,0.05130733771894747,0.007958698272706673,0.05968262368694521
2019-06-23,0.010213331612375809,0.0020103362704795313,0.001967313549147372,0.006042549359350161,0.0010019223974484922,0.002842511719733469
2019-06-24,0.01943402827758245,0.004318378049400912,0.006692619350189218,0.014812346165094113,0.0032214787033585323,0.01085594539864886
2019-06-25,0.06561644353591167,0.015326233928093725,0.02943945171196538,0.06111475113707773,0.015834075479531834,0.060215558381137735
2019-06-26,0.0969786174511773,0.0195147474786239,0.021957955256900932,0.05079583862548289,0.014500899748911254,0.06891987258905016
2019-06-27,-0.13632900866096875,-0.02554113510567715,-0.016853546133881306,-0.026271663694181,-0.01320315443754814,-0.0022967763857178235
2019-06-28,0.11237019198156406,0.020893466445051672,0.012759088323279464,-0.00019023041979359206,0.011586618073005327,-1.1704347953299135e-05
2019-06-29,-0.033488383774599506,-0.0062310887264649135,-0.0038339635146309825,-0.0,-0.003970206918206725,-0.0
2019-06-30,-0.09223898275149911,-0.017455112203690778,-0.012648378945496514,-0.0,-0.012382004767889754,-0.0
2019-07-01,-0.025184417197177233,-0.0046892393650541575,-0.002906444748981435,-0.0,-0.0024965939643483547,-0.0
2019-07-02,0.01859412707774588,0.003531518026076969,0.002642303441567582,0.0,0.002258368656601473,0.0
2019-07-03,0.11015534084781176,0.021785290872199,0.02152246302392955,0.0,0.01972946264377053,0.0
2019-07-04,-0.06484378351472209,-0.012095707090059088,-0.007637173274437116,-0.0,-0.007863400181053797,-0.0
2019-07-05,-0.01598023731166942,-0.0029835864121068355,-0.0019017905416376104,-0.0,-0.0016626423644797378,-0.0
2019-07-06,0.019077912898203486,0.003656355061833219,0.0029371708653973465,0.0,0.002932693921687565,0.0
2019-07-07,0.02212285978417161,0.004414999225288015,0.004596815830506262,0.0,0.004944751020145818,0.0
2019-07-08,0.07536884024734647,0.015561557153298409,0.019577594642975486,0.004549149518810748,0.022884367505036734,0.003098399597096025
2019-07-09,0.021062717814198884,0.00400912302608765,0.003058607824981893,0.0009391657112181921,0.0019372465285017405,-4.166260475208336e-05
2019-07-10,-0.03754834596422418,-0.007439027173851692,-0.007484648395785366,-0.005674731743285341,-0.005314982080368725,-0.0013741479912909515
2019-07-11,-0.06707850529634518,-0.013027943159880087,-0.011632678898449914,-0.012958898002030235,-0.007758742691158193,-0.005936920177125368
2019-07-12,0.045919475194376336,0.00859895831594672,0.005645934520746944,0.004184337589848504,0.004920953385883861,0.0025901514497819874
2019-07-13,-0.039488172757879525,-0.007521368353166241,-0.005766639424528904,-0.004650594294122075,-0.005791035963801829,-0.011686775342322587
2019-07-14,-0.09374959251992032,-0.017855181245881056,-0.013680652623673921,-0.02478629932874456,-0.013468892546347814,-0.03656474378024157
2019-07-15,0.06255953939963876,0.011636105133720794,0.00713231589315954,0.007849307956763502,0.006769931549361469,0.007439155840834384
2019-07-16,-0.13318586511212738,-0.025040152389041982,-0.017088821958613366,-0.012466690674498545,-0.017180180117282444,-0.022299271394736295
2019-07-17,0.021511832553829047,0.003997994940044294,0.0024298141780661935,-9.334628977487983e-05,0.0023534070176076745,-0.00016709981693309475
2019-07-18,0.10387808147113953,0.01991228897758371,0.01609033835958886,3.351545027239293e-05,0.016552496778922655,0.0
2019-07-19,-0.01382860226204874,-0.002582710489960703,-0.0016522325892024882,-3.2577833677618737e-07,-0.00148201634865435,-0.0
2019-07-20,0.03137480613682175,0.006014210954960938,0.004839031546960181,0.0,0.004703374383230268,0.0
2019-07-21,-0.02512665819531945,-0.004925858100053027,-0.00469511430028281,-0.0,-0.004833975248378368,-0.0
2019-07-22,-0.025604634633843992,-0.00505162234330507,-0.005010214023432586,-0.0,-0.005215118906523988,-0.0
2019-07-23,-0.0437960281555293,-0.008671318599661384,-0.008802251028014739,-0.0,-0.009266959649510435,-0.0
2019-07-24,-0.007485966542810973,-0.0014469195084713254,-0.0012468012729871137,-0.0,-0.0012373462569567274,-0.0
2019-07-25,0.010660830648452801,0.0022127716477518137,0.0026528238395872937,0.0006411728772054675,0.002844283174145667,0.00087116978087262
2019-07-26,-0.006111837555833777,-0.0015592456669741113,-0.003388762689804166,-0.0009388771586808153,-0.0038390864148531356,-0.0016895984430732357
2019-07-27,-0.03964997035704143,-0.01307603681544654,-0.040137210320642325,-0.02530449519213872,-0.040071058487135956,-0.040399715218030936
2019-07-28,0.008798520727886894,0.002037365344628639,0.004524395311452887,0.004167160505634261,0.005155253622144781,0.005518071044023309
2019-07-29,-0.0026894484797659324,-0.0009143075676669422,-0.0031256495692089247,-0.0032002792365230332,-0.003061266553832282,-0.0030242387787268077
2019-07-30,0.008938222815453312,0.003597271011621753,0.008938222815453312,0.008938222815453312,0.008938222815453312,0.008938222815453312
2019-07-31,0.04900296814638816,0.021989586339706563,0.04900296814638816,0.04900296814638816,0.04900296814638816,0.04900296814638816
2019-08-01,0.03393009832170346,0.011270206976785418,0.03393009832170346,0.03393009832170346,0.03393009832170346,0.03393009832170346
2019-08-02,0.012440732745305771,0.003895210697919209,0.012440732745305771,0.012440732745305771,0.012440732745305771,0.012440732745305771
2019-08-03,0.02666052803503316,0.01001103032212631,0.02666052803503316,0.02666052803503316,0.02666052803503316,0.02666052803503316
2019-08-04,0.016288657916297744,0.005346012654676989,0.016288657916297744,0.016288657916297744,0.016288657916297744,0.016288657916297744
2019-08-05,0.07313651803858301,0.026716410673796813,0.07313651803858301,0.07313651803858301,0.07313651803858301,0.07313651803858301
2019-08-06,-0.031087887333180464,-0.007863628505612699,-0.022845498306442214,-0.025710612910929347,-0.01628496350830681,-0.021900908862100565
2019-08-07,0.04760158342964815,0.010943755238839108,0.02674798795369885,0.04689472777461477,0.017749871344768776,0.04729624532566806
2019-08-08,-0.0024265290130642825,-0.000537207662234651,-0.0012012787039425395,-0.0021426384357959415,-0.0007752177314022367,-0.0024265290130642825
2019-08-09,-0.006692238425072605,-0.0019058145248688765,-0.006034915066563497,-0.0066625415862830405,-0.004965145653318547,-0.005706773246521803
2019-08-10,-0.04676965622601881,-0.016591315855755216,-0.04692715195029587,-0.046798355322084484,-0.04708776973539704,-0.03620510059609406
2019-08-11,0.02003450799914175,0.004832962666636333,0.013782820422055376,0.013782498037912207,0.010460131119860232,0.015682783359787237
2019-08-12,-0.0126189533323664,-0.003316112394479735,-0.010195333422347786,-0.012407660590477822,-0.009765627848246769,-0.01257829754086208
2019-08-13,-0.04546818615967552,-0.013275321855682008,-0.04566796883486296,-0.04416802029492957,-0.045711119676770884,-0.03889092353644759
2019-08-14,-0.0775440250660292,-0.017656000389800107,-0.0421503709310803,-0.050849590910522456,-0.03722031359319277,-0.05763196868734418
2019-08-15,0.02850114317325314,0.005333841227674186,0.006989086155968068,0.008092585664006776,0.005055443538721137,0.010521989318641107
2019-08-16,0.006133414787993674,0.0011778013663733139,0.0017107470615389997,0.0036265404539381945,0.0014722267484890586,0.005274662437899856
2019-08-17,-0.016018623802724452,-0.0035042913231688147,-0.006974331130593799,-0.013359824144426918,-0.005460955561727221,-0.006260032403338712
2019-08-18,0.012163468424440493,0.0026928240546308367,0.00570024548552465,0.010824163824140165,0.004954793938449767,0.00903842376004486
2019-08-19,0.053557564301804694,0.014219438829889366,0.04136112792278808,0.050285177803467036,0.036061972613500415,0.037669393511402714
2019-08-20,-0.010403421832354653,-0.0023302363685867244,-0.005284786747481698,-0.006450179246655455,-0.004642847082848899,-0.0077790411832640224
2019-08-21,-0.0626253442233835,-0.01572737235252501,-0.04235205249963615,-0.0538357047923906,-0.041717942987290806,-0.06288137863520481
2019-08-22,0.00226648368708382,0.0003894918280804501,0.0003266997925951632,0.0004394341832272736,6.284286129479868e-05,0.0007084735392002394
2019-08-23,0.029094659441934567,0.006662707768671657,0.014592536688833247,0.02005813017081181,0.01146938360305205,0.017053088936247674
2019-08-24,-0.025643683559885444,-0.005591897776998143,-0.011896068425479188,-0.0181540909235657,-0.012156598323547176,-0.018848478464472976
2019-08-25,-0.004605299608816837,-0.000981331734437162,-0.0019760251104282965,-0.004897667341205372,-0.0021291961338362744,-0.004875789046998171
2019-08-26,0.025968062290794736,0.0067504574033424546,0.018857165145738014,0.025968062290794736,0.023877345125669577,0.025968062290794736
2019-08-27,-0.01876180544278727,-0.004588855328551073,-0.012549056374236988,-0.01876180544278727,-0.010844481344879238,-0.013002531773394135
2019-08-28,-0.043608569153050114,-0.010601361250105128,-0.028514935310044055,-0.043608569153050114,-0.028931110015199244,-0.04393281961778718
2019-08-29,-0.024935036574445846,-0.005303536364402418,-0.010651633617175575,-0.021053162030808197,-0.009431734047304546,-0.024935036574445846
2019-08-30,0.01005736693861281,0.002090427296172979,0.003923009228027281,0.00989518316539969,0.003608409257870955,0.01005736693861281
2019-08-31,0.0028551425073848336,0.0006691261121970986,0.001587555339291182,0.0028551425073848336,0.0017155322380659251,0.0028551425073848336
2019-09-01,0.016440571921982894,0.0056385860270224035,0.016084722646658573,0.016440571921982894,0.016171543976515792,0.016440571921982894
2019-09-02,0.0629320721376434,0.023076860176474336,0.0629320721376434,0.0629320721376434,0.0629320721376434,0.0629320721376434
2019-09-03,0.023266382219268467,0.005987969954889068,0.01940602368993028,0.023266382219268467,0.016623652477041315,0.023266382219268467
2019-09-04,-0.003911976331195444,-0.0010473816490146756,-0.0033992711439356383,-0.003911976331195444,-0.0016716266367973844,-0.002894901019240552
2019-09-05,0.00027829711358973164,1.028104020941977e-05,0.00014153184533234085,0.00027829711358973164,-6.135245436743173e-05,-7.097609342749555e-05
2019-09-06,-0.023566220766518375,-0.01044945739741248,-0.023566220766518375,-0.023566220766518375,-0.013425921272310593,-0.01424396102274748
2019-09-07,0.015841604319205782,0.005419559668760164,0.015841604319205782,0.015841604319205782,0.007440153899423126,0.015428497497278275
2019-09-08,-0.008313044893963561,-0.0032166739296762103,-0.008313044893963561,-0.008313044893963561,-0.006208343027150727,-0.008313044893963561
2019-09-09,-0.007187403245429991,-0.0031086442040394358,-0.007187403245429991,-0.007187403245429991,-0.007469715456044615,-0.007187403245429991
2019-09-10,-0.02385805627413251,-0.01077929129509398,-0.02385805627413251,-0.02385805627413251,-0.010920018584848987,-0.009996944202010876
2019-09-11,0.0055717235698231615,0.0019241382560556397,0.0055717235698231615,0.0055717235698231615,0.0017138213022700759,0.004965324149597407
2019-09-12,0.025755087467493,0.011240571542780726,0.025755087467493,0.025755087467493,0.01807940842463965,0.025755087467493
2019-09-13,-0.005577161994651636,-0.0021288688698526573,-0.005577161994651636,-0.005577161994651636,-0.003553959133585503,-0.005577161994651636
2019-09-14,0.0017509479224808722,0.0006946392699715112,0.0017509479224808722,0.0017509479224808722,0.0013707272650645215,0.0017509479224808722
2019-09-15,-0.005527426953651049,-0.0026279956239137685,-0.005527426953651049,-0.005527426953651049,-0.005527426953651049,-0.005527426953651049
2019-09-16,-0.004691064426739722,-0.002199564285301729,-0.004691064426739722,-0.004691064426739722,-0.004691064426739722,-0.004691064426739722
2019-09-17,-0.006064793846471406,-0.002857712297231596,-0.006064793846471406,-0.006064793846471406,-0.006064793846471406,-0.006064793846471406
2019-09-18,-0.003363438848226985,-0.0015773668502696528,-0.003363438848226985,-0.003363438848226985,-0.003363438848226985,-0.003363438848226985
2019-09-19,0.010537388317308327,0.004980479781009496,0.010537388317308327,0.010537388317308327,0.010537388317308327,0.010537388317308327
2019-09-20,-0.009569902182567702,-0.00446530840734972,-0.009569902182567702,-0.009569902182567702,-0.009569902182567702,-0.009569902182567702
2019-09-21,-0.01806457697512509,-0.00822266993801094,-0.01806457697512509,-0.01806457697512509,-0.01806457697512509,-0.01806457697512509
2019-09-22,0.006068986789481423,0.002339864350889803,0.006068986789481423,0.006068986789481423,0.006068986789481423,0.006068986789481423
2019-09-23,-0.0352614662884132,-0.016071122332609794,-0.0352614662884132,-0.0352614662884132,-0.0352614662884132,-0.0352614662884132
2019-09-24,-0.1113276207504299,-0.038292956876856216,-0.1113276207504299,-0.1113276207504299,-0.1113276207504299,-0.1113276207504299
2019-09-25,-0.022001490030958637,-0.004260006995770997,-0.0060818557970517325,-0.01037802167807895,-0.004023266303026776,-0.003171375023091139
2019-09-26,-0.039465352041133106,-0.007517885562703928,-0.01059367658301415,-0.023579215681359143,-0.006616803342858045,-0.012409768528141555
2019-09-27,0.011750855231041246,0.0022323202698839462,0.003114855177468442,0.004853393555255729,0.0021833214937478375,0.004315127627055178
2019-09-28,0.0018565754590769146,0.0003639021376602595,0.0005586640292788631,0.0009592751854137318,0.0004240601213020219,0.0010829885270627853
2019-09-29,-0.016760705051297342,-0.004325680248752767,-0.011617200570991831,-0.011561850444105346,-0.010450863927547445,-0.012796189634562184
2019-09-30,0.027014343599704116,0.006776256851718623,0.018681739137218455,0.015858666319085054,0.018497173219127024,0.020228392858514424
2019-10-01,0.003886080151935145,0.0009237073767513128,0.0024503533094587097,0.002200432619729098,0.0029859630034846044,0.0015938929854952652
2019-10-02,0.005770526868659198,0.0018114090844250162,0.00541370105290326,0.003565653018840289,0.005566811906740946,0.005051963793464709
2019-10-03,-0.012937569438848606,-0.005541942286352656,-0.012937569438848606,-0.008569653914783315,-0.012937569438848606,-0.01109002869249772
2019-10-04,-0.010740260274394786,-0.004418915155127138,-0.010740260274394786,-0.00698970130262128,-0.010740260274394786,-0.008142655288366182
2019-10-05,-0.0029455500760054987,-0.0012667864450445823,-0.0029455500760054987,-0.00329569012075693,-0.0029455500760054987,-0.003196705243903145
2019-10-06,-0.03525384596115888,-0.016353182618647696,-0.03525384596115888,-0.03525384596115888,-0.03525384596115888,-0.03525384596115888
2019-10-07,0.04728606832801807,0.01621718584959974,0.04728606832801807,0.04728606832801807,0.04728606832801807,0.04728606832801807
2019-10-08,-0.0043652086383807465,-0.0013740323240121895,-0.0043652086383807465,-0.0043652086383807465,-0.0043652086383807465,-0.0043652086383807465
2019-10-09,0.049842620522617676,0.01949886192111527,0.049842620522617676,0.049842620522617676,0.049842620522617676,0.049842620522617676
2019-10-10,-0.0023541242213406255,-0.0007973780281304442,-0.0023541242213406255,-0.0023541242213406255,-0.0023541242213406255,-0.0023541242213406255
2019-10-11,-0.033601458790303074,-0.013331326033209941,-0.033601458790303074,-0.033601458790303074,-0.033601458790303074,-0.033601458790303074
2019-10-12,0.004088867550509079,0.001138033280570819,0.004088867550509079,0.004088867550509079,0.004088867550509079,0.004088867550509079
2019-10-13,-0.0039044291423202537,-0.0016625715854479465,-0.0039044291423202537,-0.0039044291423202537,-0.0039044291423202537,-0.0039044291423202537
2019-10-14,0.006647704607188665,0.002950759311863852,0.006647704607188665,0.006647704607188665,0.006647704607188665,0.006647704607188665
2019-10-15,-0.0222439028985586,-0.01045216259866446,-0.0222439028985586,-0.0222439028985586,-0.0222439028985586,-0.0222439028985586
2019-10-16,-0.019220956740259476,-0.007312642340556575,-0.019220956740259476,-0.019220956740259476,-0.019220956740259476,-0.019220956740259476
2019-10-17,0.008575049301954074,0.003057274082190299,0.008575049301954074,0.008575049301954074,0.008575049301954074,0.008575049301954074
2019-10-18,-0.014017657176271792,-0.006091655379988028,-0.014017657176271792,-0.014017657176271792,-0.00876738914887616,-0.01316220484058944
2019-10-19,-0.001363764741825979,-0.000578627846576269,-0.001363764741825979,-0.001363764741825979,-0.0012617336320055754,-0.0014294795109352505
2019-10-20,0.03336886938121797,0.015322981563609585,0.03336886938121797,0.03336886938121797,0.03315507903799183,0.03336886938121797
2019-10-21,-0.00025012823413583796,-0.0001886085414215303,-0.00025012823413583796,-0.00025012823413583796,-0.00025012823413583796,-0.00025012823413583796
2019-10-22,-0.022218322087366182,-0.009919227278168985,-0.022218322087366182,-0.022218322087366182,-0.010781614714118143,-0.022218322087366182
2019-10-23,-0.07113649353167562,-0.025935218812056966,-0.07113649353167562,-0.07113649353167562,-0.024922153858742014,-0.07113649353167562
2019-10-24,-0.0004913785230361567,-0.0002474989807594627,-0.0007218569949932853,-0.0004913785230361567,-0.0002549803922752315,-0.0004913785230361567
2019-10-25,0.16128577677555223,0.04932560926027041,0.16083263336262962,0.16128577677555223,0.04438651330963323,0.16128577677555223
2019-10-26,0.06850123647513362,0.012558548279411285,0.015171967913379889,0.006068712017983094,0.011217342360720719,0.003658205216582089
2019-10-27,0.033353628632935006,0.006220568666237856,0.008068843801241597,0.0022349325896453796,0.005276965160284869,-6.702334307748203e-05
2019-10-28,-0.025002511074046718,-0.004768218073819164,-0.006751320861528821,-0.0035052652653570497,-0.005062295740413247,-0.0019308686507200892
2019-10-29,0.012021337131829624,0.002316167307950161,0.0034046631573805813,0.0014877517989634345,0.0028467004078202417,0.0011720805429206852
2019-10-30,-0.026333008646169165,-0.0059784783745529336,-0.012605340427321777,-0.009485775128121527,-0.010970186022593727,-0.007146296081276598
2019-10-31,-0.003003179969433667,-0.0006697978098674419,-0.0014158516666005637,-0.0009097598111333199,-0.0013238655889966347,-0.0008792655582891386
2019-11-01,0.010497114565208632,0.0029363208176268665,0.009158073730314345,0.0042942658127828465,0.009196913497966076,0.004113726565452097
2019-11-02,0.0052759196188718605,0.001787743697634595,0.005190585870634229,0.002687511723222951,0.005198700672368907,0.0033189075196032435
2019-11-03,-0.009736589605497614,-0.0044539562260117955,-0.009736589605497614,-0.006257306359215917,-0.009736589605497614,-0.006744466278451404
2019-11-04,0.02266336839358929,0.009955298328041066,0.02266336839358929,0.0140202091796462,0.02266336839358929,0.016043080360951905
2019-11-05,-0.009298105661896594,-0.0033484709196371283,-0.009298105661896594,-0.00967890635480412,-0.009298105661896594,-0.009589472073035257
2019-11-06,0.0025877944427454835,0.0009524010031678999,0.0025877944427454835,0.0025877944427454835,0.0025877944427454835,0.0025877944427454835
2019-11-07,-0.015412740424152194,-0.0071482190443028955,-0.015412740424152194,-0.015412740424152194,-0.015412740424152194,-0.015412740424152194
2019-11-08,-0.04553531128067989,-0.01718401139546872,-0.04553531128067989,-0.04553531128067989,-0.04553531128067989,-0.04553531128067989
2019-11-09,0.002212477326612783,0.0005011958337996537,0.002212477326612783,0.002212477326612783,0.0017588762137965518,0.002212477326612783
2019-11-10,0.026343415801249215,0.009494979085147367,0.026343415801249215,0.026343415801249215,0.026202216014698656,0.026343415801249215
2019-11-11,-0.03645767749725659,-0.011566004244811755,-0.03645767749725659,-0.03645767749725659,-0.03645767749725659,-0.03645767749725659
2019-11-12,0.008693722678978943,0.002335599807776807,0.008693722678978943,0.008693722678978943,0.008693722678978943,0.008693722678978943
2019-11-13,-0.0025291635353472675,-0.000922963912627502,-0.0025291635353472675,-0.0025291635353472675,-0.0025291635353472675,-0.0025291635353472675
2019-11-14,-0.013835675875060627,-0.006123747483510297,-0.013835675875060627,-0.013835675875060627,-0.013835675875060627,-0.013835675875060627
2019-11-15,-0.020769099344146502,-0.007978148617781813,-0.020769099344146502,-0.020769099344146502,-0.020769099344146502,-0.020769099344146502
2019-11-16,0.0013952899452651657,0.00040773673907376845,0.0013952899452651657,0.0013952899452651657,0.0013952899452651657,0.0013952899452651657
2019-11-17,0.003240385014539715,0.0012542602433590947,0.003240385014539715,0.003240385014539715,0.003240385014539715,0.003240385014539715
2019-11-18,-0.03781560411585516,-0.01832178905626923,-0.03781560411585516,-0.03781560411585516,-0.03781560411585516,-0.03781560411585516
2019-11-19,-0.008152070449384374,-0.0027116537730873503,-0.008152070449384374,-0.008152070449384374,-0.008152070449384374,-0.006637158576653601
2019-11-20,-0.004960810905098589,-0.0018316425964636214,-0.004960810905098589,-0.004960810905098589,-0.004960810905098589,-0.0051726253556764875
2019-11-21,-0.05748455766142446,-0.02485979118912486,-0.05748455766142446,-0.05748455766142446,-0.05748455766142446,-0.05748455766142446
2019-11-22,-0.043975435119588346,-0.010513910067270165,-0.026751895489688628,-0.043975435119588346,-0.030782592042546984,-0.043975435119588346
2019-11-23,0.0065010989372513706,0.00131861658407528,0.0019247034704123812,0.0065010989372513706,0.0019860819349972842,0.0065010989372513706
2019-11-24,-0.052077003936073396,-0.013336904637757163,-0.03523227230910428,-0.052077003936073396,-0.04665740209168942,-0.052077003936073396
2019-11-25,0.028179937067625227,0.005536378827972924,0.006951527556569892,0.028179937067625227,0.007545702180239311,0.028179937067625227
2019-11-26,0.003696999453361993,0.0007659809275329986,0.0012500307898493169,0.003696999453361993,0.0013443875016379407,0.002349799679683486
2019-11-27,0.0504401963802279,0.01349090632666819,0.038008329752532106,0.0504401963802279,0.0372761406831817,0.05015337501968586
2019-11-28,-0.01202724495087959,-0.002746054519514116,-0.006281210688478629,-0.01110561672522508,-0.00659037064380746,-0.01202724495087959
2019-11-29,0.04187568237769734,0.010509620207481155,0.02987039052233196,0.04179210499914451,0.033237853893976446,0.04187568237769734
2019-11-30,-0.02472261191907188,-0.005900811053535622,-0.01578579939942228,-0.023920638863264225,-0.017135661130251986,-0.02472261191907188
2019-12-01,-0.018324902762487993,-0.004376565357299877,-0.011762319867290814,-0.01721098349266595,-0.012188331409735235,-0.018324902762487993
2019-12-02,-0.013402310634862746,-0.003359383967260578,-0.010147156083633273,-0.013464655169390511,-0.010510817514605445,-0.013402310634862746
2019-12-03,-0.001621451454952516,-0.00046762251754047245,-0.0017702984839545546,-0.001621451454952516,-0.0009607768885158847,-0.0010243561390298527
2019-12-04,-0.012513044723357125,-0.004739045510031814,-0.012551976974272298,-0.012513044723357125,-0.010799095907761657,-0.01347385237963381
2019-12-05,0.026204562303369094,0.00955088698877274,0.026204562303369094,0.026204562303369094,0.026025739679581567,0.026204562303369094
2019-12-06,0.017574288978734476,0.005664591160242075,0.017574288978734476,0.017574288978734476,0.017574288978734476,0.017574288978734476
2019-12-07,-0.0029395196224859532,-0.0010007019317379833,-0.0029395196224859532,-0.0029395196224859532,-0.0029395196224859532,-0.0029395196224859532
2019-12-08,0.0022469021348960894,0.0008505739495106557,0.0022469021348960894,0.0022469021348960894,0.0022469021348960894,0.0022469021348960894
2019-12-09,-0.02506498970525639,-0.012212308612647476,-0.02506498970525639,-0.02506498970525639,-0.02506498970525639,-0.02506498970525639
2019-12-10,-0.014731924308717725,-0.005130429119090726,-0.014731924308717725,-0.014731924308717725,-0.014731924308717725,-0.014731924308717725
2019-12-11,-0.004373193634897521,-0.0014894208544187827,-0.004373193634897521,-0.004373193634897521,-0.004373193634897521,-0.004373193634897521
2019-12-12,-0.0010576292402784127,-0.0005020719761480609,-0.0010576292402784127,-0.0010576292402784127,-0.0010576292402784127,-0.0010576292402784127
2019-12-13,0.007237006590352202,0.00341196259088951,0.007237006590352202,0.007237006590352202,0.007237006590352202,0.007237006590352202
2019-12-14,-0.023988811510053942,-0.011851854530715869,-0.023988811510053942,-0.023988811510053942,-0.023988811510053942,-0.023988811510053942
2019-12-15,0.005682219085063611,0.00180513103762033,0.005682219085063611,0.005682219085063611,0.005682219085063611,0.005682219085063611
2019-12-16,-0.03218698461442249,-0.013244036032227869,-0.03218698461442249,-0.03218698461442249,-0.03218698461442249,-0.03218698461442249
2019-12-17,-0.03972945230406244,-0.012550626460817463,-0.03972945230406244,-0.03972945230406244,-0.03972945230406244,-0.03972945230406244
2019-12-18,0.1022344364909904,0.026860820820052065,0.09259576652690997,0.1022344364909904,0.1022344364909904,0.1022344364909904
2019-12-19,-0.01900685852794093,-0.0035873882805143066,-0.003540780305869856,-0.01143290253412222,-0.0028384518181930555,-0.01299777194774114
2019-12-20,0.005324746962818594,0.0010213724422090788,0.0010920802574083018,0.004604342303485696,0.0008648699349331464,0.004783342690609324
2019-12-21,-0.006113560810333318,-0.001414443435827073,-0.002905070461466141,-0.006182880378760627,-0.0026035763632254066,-0.006161585188250749
2019-12-22,0.047491630751891334,0.013767938064940984,0.042523086744043835,0.047491630751891334,0.039327285542127825,0.047491630751891334
2019-12-23,-0.021078379721635176,-0.0050411343445943176,-0.013334941283268209,-0.017050273022763032,-0.013022128006770268,-0.019891997959968124
2019-12-24,-0.01176216820369469,-0.002865445058303859,-0.008106567626452763,-0.010096141611934452,-0.007596089260498746,-0.007856380000913704
2019-12-25,-0.0061438912364268905,-0.0017133763013748803,-0.006016764948148321,-0.005928718315614476,-0.005589043366864758,-0.0065013192755616735
2019-12-26,0.000481923056795619,9.343262884040304e-05,0.00041985383765570715,0.00043359746453034646,0.0003542484868699368,0.00042448540722228253
2019-12-27,0.005908661223047451,0.0025897140354089326,0.005908661223047451,0.005904283009895415,0.005908661223047451,0.005426332541901391
2019-12-28,0.00960224076080185,0.004714971684652543,0.00960224076080185,0.00960224076080185,0.00960224076080185,0.009526815504708196
2019-12-29,0.011624382018934343,0.00556086943860256,0.011624382018934343,0.011624382018934343,0.011624382018934343,0.011624382018934343
2019-12-30,-0.021941378323825145,-0.009936237795435902,-0.021941378323825145,-0.021941378323825145,-0.021941378323825145,-0.021941378323825145
2019-12-31,-0.008576378518614813,-0.0030607413878896376,-0.008576378518614813,-0.008576378518614813,-0.008576378518614813,-0.008576378518614813
2020-01-01,0.0004516025863081641,0.00013604935389747045,0.0004516025863081641,0.0004516025863081641,0.0004516025863081641,0.0004516025863081641
2020-01-02,-0.031211559001297684,-0.01449465482637672,-0.031211559001297684,-0.031211559001297684,-0.031211559001297684,-0.031211559001297684
2020-01-03,0.05304352375345167,0.016999586333120306,0.05304352375345167,0.05304352375345167,0.026703655431006473,0.0050028491372344506
2020-01-04,0.0038077451959526165,0.0009897402214981664,0.0038077451959526165,0.0038077451959526165,0.0012828130931468171,0.0029188195434474177
2020-01-05,0.0003222721657523131,2.8506838861676954e-05,0.0003222721657523131,0.0003222721657523131,-0.00010895682115782127,0.0003222721657523131
2020-01-06,0.05721397955747354,0.026351072152115296,0.05721397955747354,0.05721397955747354,0.05692577306754796,0.05721397955747354
2020-01-07,0.04768204373835938,0.013510966744994322,0.04768204373835938,0.04768204373835938,0.03856225544252973,0.04768204373835938
2020-01-08,-0.009388704240455459,-0.0024618632311810135,-0.008229862741350983,-0.009388704240455459,-0.005771213396585393,-0.008625999251504618
2020-01-09,-0.03009584101525653,-0.00919433498590165,-0.030233984102184763,-0.03009584101525653,-0.02564888653417171,-0.03018676149201772
2020-01-10,0.0399995372961095,0.010593287657750501,0.03736797982673169,0.0399995372961095,0.028344068390424547,0.0399995372961095
2020-01-11,-0.012031318027177162,-0.003113060920881314,-0.010301714424708888,-0.012031318027177162,-0.00856559654998184,-0.012031318027177162
2020-01-12,0.016502042760269342,0.004728669425940153,0.016351070904912984,0.016502042760269342,0.016213981861480205,0.016502042760269342
2020-01-13,-0.005220658282002022,-0.001634710478287176,-0.005220658282002022,-0.005220658282002022,-0.005220658282002022,-0.005220658282002022
2020-01-14,0.08720126664886974,0.03345540541453015,0.08720126664886974,0.08720126664886974,0.08720126664886974,0.08720126664886974
2020-01-15,-0.0021199677311812826,-0.0006078763294254239,-0.0013017020870341755,-0.0015369164070701724,-0.0011829370280524636,-0.001307913671029058
2020-01-16,-0.01052735059758203,-0.002587828120400839,-0.0060511926709130096,-0.010345305502360527,-0.003391382375683552,-0.00717805745002655
2020-01-17,0.02223441513394664,0.006176527220655221,0.019212423808402778,0.022173460829850736,0.011186159240604425,0.02188096337837207
2020-01-18,0.0017547016994330367,0.00048035280960339227,0.0016336575044127888,0.0017547016994330367,0.0010590968298365212,0.0017547016994330367
2020-01-19,-0.026973683272765947,-0.010065468638716268,-0.026973683272765947,-0.026973683272765947,-0.0272491250737579,-0.026973683272765947
2020-01-20,-0.005881658041962945,-0.0018158580522380486,-0.005881658041962945,-0.005881658041962945,-0.005881658041962945,-0.005881658041962945
2020-01-21,0.010954833144059206,0.0039031102903808092,0.010954833144059206,0.010954833144059206,0.010954833144059206,0.010954833144059206
2020-01-22,-0.009502731044176094,-0.0038480412368379385,-0.009502731044176094,-0.009502731044176094,-0.009502731044176094,-0.009502731044176094
2020-01-23,-0.032553087407750314,-0.01356217594468299,-0.032553087407750314,-0.032553087407750314,-0.032553087407750314,-0.032553087407750314
2020-01-24,0.006813736974213835,0.002016514220638441,0.006813736974213835,0.006813736974213835,0.006813736974213835,0.006813736974213835
2020-01-25,-0.009333104634246525,-0.003634647209927068,-0.009333104634246525,-0.009333104634246525,-0.009333104634246525,-0.009333104634246525
2020-01-26,0.027454335491764015,0.011141215199914553,0.027454335491764015,0.027454335491764015,0.027454335491764015,0.027454335491764015
2020-01-27,0.03826560132541634,0.012818173976017403,0.03826560132541634,0.03826560132541634,0.03826560132541634,0.035323626013191396
2020-01-28,0.04442044949141222,0.013973955945039458,0.04442044949141222,0.04442044949141222,0.04442044949141222,0.044345524488027116
2020-01-29,0.0015659479193366188,0.00042374875279139643,0.0015659479193366188,0.0015659479193366188,0.00011615238204934215,-0.00017052260017286507
2020-01-30,0.021152763207693104,0.007966201623421331,0.021152763207693104,0.021152763207693104,0.012498169178549493,0.02047602674456239
2020-01-31,-0.015946728665013232,-0.005454783756835189,-0.015946728665013232,-0.015946728665013232,-0.01339738831193096,-0.015946728665013232
2020-02-01,0.0026291009413885735,0.0008925844632087733,0.0026291009413885735,0.0026291009413885735,0.0024102006204563186,0.0026291009413885735
2020-02-02,-0.004529895736050671,-0.0020029370265559287,-0.004529895736050671,-0.004529895736050671,-0.004557383888269615,-0.004529895736050671
2020-02-03,-0.006378849297498768,-0.0031215251725054878,-0.006378849297498768,-0.006378849297498768,-0.006378849297498768,-0.006378849297498768
2020-02-04,-0.012735744664283288,-0.006285922118055697,-0.012735744664283288,-0.012735744664283288,-0.012735744664283288,-0.012735744664283288
2020-02-05,0.05091994774219866,0.021137064155860856,0.05091994774219866,0.05091994774219866,0.05091994774219866,0.05091994774219866
2020-02-06,0.01154363125443636,0.0034699527462637983,0.01154363125443636,0.01154363125443636,0.01134795226237427,0.009752194725598214
2020-02-07,0.0062631899504959065,0.0021681047623497607,0.0062631899504959065,0.0062631899504959065,0.0062475900824758,0.006120373528958917
2020-02-08,0.011327637107310995,0.004786812395144814,0.011327637107310995,0.011327637107310995,0.011327637107310995,0.011327637107310995
2020-02-09,0.02419359254048059,0.010476577618876185,0.02419359254048059,0.02419359254048059,0.02419359254048059,0.02419359254048059
2020-02-10,-0.027457299291763326,-0.009933763842453874,-0.027457299291763326,-0.027457299291763326,-0.027457299291763326,-0.02348034128182074
2020-02-11,0.04050304151718698,0.013348156834912889,0.04050304151718698,0.04050304151718698,0.04050304151718698,0.0403527254185525
2020-02-12,0.008558290726141893,0.0025737439291637063,0.008558290726141893,0.008558290726141893,0.006860225766460666,0.005453302844255975
2020-02-13,-0.012030528329067924,-0.004472359976919604,-0.012030528329067924,-0.012030528329067924,-0.012164908118066425,-0.012355375937374478
2020-02-14,0.012321664848087499,0.004541125176514837,0.012321664848087499,0.012321664848087499,0.01231834389048108,0.012321664848087499
2020-02-15,-0.04341903585613316,-0.016874316218904246,-0.04341903585613316,-0.04341903585613316,-0.04341903585613316,-0.04341903585613316
2020-02-16,0.004068140238785878,0.0010441218633284518,0.003995680790702156,0.004068140238785878,0.0033380561392239018,0.004068140238785878
2020-02-17,-0.027026298646584457,-0.01010392141152213,-0.027040595695338,-0.027026298646584457,-0.027170352296476526,-0.027026298646584457
2020-02-18,0.05289888986400926,0.016187673782338454,0.05289888986400926,0.05289888986400926,0.05289888986400926,0.041153172515559534
2020-02-19,-0.05485873724922807,-0.013993649982042644,-0.03977903471358301,-0.05485873724922807,-0.03690686822988558,-0.05507665857150549
2020-02-20,-0.0022802169957768514,-0.0005109588330283509,-0.0011005857967285365,-0.0022802169957768514,-0.0010266679881250668,-0.0022802169957768514
2020-02-21,0.009129093535975796,0.0021523366948465886,0.004539110157329472,0.009129093535975796,0.004362539547444022,0.009129093535975796
2020-02-22,-0.0027364460155402393,-0.0009037890491353532,-0.003099100620404232,-0.0027364460155402393,-0.003234378804566098,-0.0027364460155402393
2020-02-23,0.030758212398101392,0.012941291276400348,0.03072729107915579,0.030758212398101392,0.030758212398101392,0.030758212398101392
2020-02-24,-0.03257191141661542,-0.010774267302498737,-0.03257191141661542,-0.03257191141661542,-0.03257191141661542,-0.03257191141661542
2020-02-25,-0.03148015079335742,-0.009311345409192241,-0.03148015079335742,-0.03148015079335742,-0.03148015079335742,-0.03148015079335742
2020-02-26,-0.05836701969327118,-0.015933731067252068,-0.052014554472959065,-0.05836701969327118,-0.05836701969327118,-0.05836701969327118
2020-02-27,-0.002257042542784027,-0.000524972949929617,-0.0012641198982122695,-0.0019617768334122634,-0.0014376602881910174,-0.0019238035296969265
2020-02-28,-0.003239086500863908,-0.0008185885567240066,-0.0019235308696954815,-0.0034739756946041817,-0.002141922699318128,-0.003504184142149032
2020-02-29,-0.019256196438225848,-0.006547109126212583,-0.01973208972257193,-0.019256196438225848,-0.019668784658222464,-0.019256196438225848
2020-03-01,-0.004697737301748828,-0.001415251381792271,-0.004697737301748828,-0.004697737301748828,-0.004697737301748828,-0.004697737301748828
2020-03-02,0.042665711720121235,0.015667569083743914,0.042665711720121235,0.042665711720121235,0.042665711720121235,0.042665711720121235
2020-03-03,-0.01542789456725746,-0.004639190226404578,-0.01542789456725746,-0.01542789456725746,-0.01542789456725746,-0.01542789456725746
2020-03-04,-0.0014187832956570334,-0.0004552768221816135,-0.0014187832956570334,-0.0014187832956570334,-0.0014187832956570334,-0.0014187832956570334
2020-03-05,0.03497410976575255,0.013952656358178694,0.03497410976575255,0.03497410976575255,0.03497410976575255,0.03497410976575255
2020-03-06,0.009320626413273025,0.002964244236636412,0.009320626413273025,0.009320626413273025,0.009320626413273025,0.009320626413273025
2020-03-07,-0.027197528023085282,-0.010342266433922267,-0.027197528023085282,-0.027197528023085282,-0.027197528023085282,-0.027197528023085282
2020-03-08,-0.08863398615470242,-0.028704936081231706,-0.08863398615470242,-0.08863398615470242,-0.08863398615470242,-0.08863398615470242
2020-03-09,-0.026293385486110932,-0.005054051789813801,-0.006202764730616331,-0.01904779264602063,-0.006253725176057102,-0.02013283432450116
2020-03-10,0.0017150322626038328,0.00032562049031242786,0.00038486231552123433,0.0013825321067934028,0.0003914453926890157,0.0006551346982952246
2020-03-11,0.003718549623356271,0.000802634278440723,0.0013977727984941753,0.003654163446819453,0.0013417426463014192,0.0027590267941814757
2020-03-12,-0.3753495151221997,-0.11656742431080934,-0.35236809887504966,-0.3753495151221997,-0.27349186568461514,-0.35952813740356204
2020-03-13,0.13477248121768648,0.024952764868330916,0.026137492566347707,-0.001,0.035620790962116664,-0.00095749234956656
2020-03-14,-0.08574027303581877,-0.015953690315339334,-0.01709815364189675,-0.0,-0.019375977707461474,-0.0
2020-03-15,0.04148318771801618,0.00772016570163349,0.008281491536821726,0.0,0.008597451527841214,0.0
2020-03-16,-0.06450986968204642,-0.012373131550730056,-0.01529374676575945,-0.0,-0.015659396094145538,-0.0
2020-03-17,0.08055718578621196,0.015049119662899891,0.016452232175567,0.0,0.015527833818280344,0.0
2020-03-18,-0.0044799655970565455,-0.0008359052636450162,-0.0009084114765674081,-0.0,-0.0008895927683481749,-0.0
2020-03-19,0.15040623564070454,0.029994354222611434,0.043171129218160686,0.0,0.03623952434836201,0.0
2020-03-20,-0.004739568201063027,-0.0008953282737307409,-0.001033323160801654,-0.0,-0.0009453057025493127,-0.0
2020-03-21,0.0002723526824797151,4.183915234434696e-05,-4.740003710905469e-06,0.0,-7.658562007757213e-07,0.0
2020-03-22,-0.055906653107091975,-0.013255999864361316,-0.027932967980614017,-0.0,-0.02245776343461979,-0.0
2020-03-23,0.11248448991901716,0.021687856844671498,0.027465431513339314,0.0,0.02607126354924634,0.0
2020-03-24,0.04450058219427677,0.008274248914749757,0.008834681760565247,0.0,0.008560273995296472,0.0
2020-03-25,-0.012559097038597589,-0.002403233939054901,-0.0029396303673230517,-0.0,-0.002670822813561115,-0.0
2020-03-26,0.009640003276375264,0.001955972765186882,0.0029934664317764676,0.00023452944273254133,0.002542731057135548,0.0003606243189927681
2020-03-27,-0.03903567537922514,-0.009321352723132472,-0.020905310834624782,-0.005977761568997625,-0.018201277509812448,-0.007303057922535264
2020-03-28,-0.03989888884519921,-0.008488917290071755,-0.015300469183502956,-0.003371088306740017,-0.013698816663040667,-0.003802402795362844
2020-03-29,-0.05246658427345974,-0.010605010285708802,-0.016151617889576256,-0.002325699317564183,-0.014743481961398266,-0.0023738235137864302
2020-03-30,0.09010346237208755,0.017157457936338105,0.020531878978444267,0.013143269660438373,0.02023115048967825,0.012259973971514446
2020-03-31,-0.0007025826145188319,-0.00013512938118417876,-0.00016892939168797771,-0.00013779655615597046,-0.0001661495661271154,-0.0001318273631436653
2020-04-01,0.03276029406779912,0.006524544193552656,0.009358848133554377,0.006511969186766604,0.008707655993360956,0.007777959160609697
2020-04-02,0.022524422023393997,0.004665069122225846,0.007731183714038429,0.007209246047618214,0.006989164592550468,0.008505657692185923
2020-04-03,-0.0060122508663637,-0.0013642693092993136,-0.0029520223100993398,-0.004772974498733183,-0.0026714494419467984,-0.004512483068086577
2020-04-04,0.016008320034502477,0.004359991345311643,0.012349877503836138,0.015735394346597893,0.01104157460825501,0.015706568658767406
2020-04-05,-0.010084082397915584,-0.0030022690717075163,-0.01029254909664073,-0.010084082397915584,-0.010289490769751152,-0.010084082397915584
2020-04-06,0.07471289695809724,0.025006942900029614,0.07471289695809724,0.07471289695809724,0.07470502570267296,0.07471289695809724
2020-04-07,-0.015151791721330077,-0.0032661494658976563,-0.005857117715519565,-0.006080716873254258,-0.005984000832835388,-0.006446492682717703
2020-04-08,0.025683343325956898,0.0057180058147882264,0.011657831347320654,0.017908260269629654,0.012118642873193761,0.018041079285382185
2020-04-09,-0.009849926435811285,-0.0023597028658622695,-0.0058617404118327015,-0.009369507984616866,-0.006172949897872917,-0.010017089216390263
2020-04-10,-0.06024409104007589,-0.01670509039088079,-0.05155549259061413,-0.06031500795141717,-0.05305500801560953,-0.06025492321030098
2020-04-11,0.0034052708525598163,0.0005923885024788412,0.00035612670300913237,0.0030633262416284337,0.00028439118116275835,0.0034052708525598163
2020-04-12,0.013872080453515956,0.0031970979795134767,0.006424840988427128,0.013794458753880237,0.006351015330104517,0.013872080453515956
2020-04-13,-0.01649179781526111,-0.004378222209871252,-0.012317513309137142,-0.01649179781526111,-0.012448413351775003,-0.01649179781526111
2020-04-14,0.001742964755535592,0.0004652143180776065,0.0013690463021844347,0.001742964755535592,0.0013805379768462482,0.001742964755535592
2020-04-15,-0.03636991171245518,-0.01349274336388176,-0.03651180829234038,-0.03636991171245518,-0.03650603559162615,-0.03636991171245518
2020-04-16,0.07581591483859529,0.020844203890175772,0.06989826275007863,0.07581591483859529,0.07581591483859529,0.07128567326623389
2020-04-17,-0.0065093204141615235,-0.0013648622906486246,-0.0024459088006990935,-0.005981319744292292,-0.002695188362947262,-0.005106331369130494
2020-04-18,0.025616017761398657,0.0057236520252012795,0.011038513029444115,0.025520180048182337,0.010343830778009754,0.02537206503317696
2020-04-19,-0.015496536706106512,-0.0036301077313479362,-0.00857484686739603,-0.015496536706106512,-0.007377978636116191,-0.015496536706106512
2020-04-20,-0.041532959116288626,-0.010517932833623159,-0.029096674027196824,-0.041532959116288626,-0.02623876150639364,-0.041532959116288626
2020-04-21,0.0025024952064638395,0.0005173524222219477,0.0008372759455488148,0.0025024952064638395,0.0007941775179128076,0.0025024952064638395
2020-04-22,0.03685845769943663,0.01049180355051489,0.030418111046970696,0.03685845769943663,0.0321545420593042,0.03685845769943663
2020-04-23,0.051230463434106976,0.013127340723752807,0.038023379736845365,0.051230463434106976,0.03840581990543138,0.051230463434106976
2020-04-24,0.00238203921884228,0.0005094962342343342,0.000913325306158221,0.002175742143756323,0.0007874076456564408,0.0009242481445592868
2020-04-25,0.004169070665887453,0.0011750021271018053,0.0034464229454755297,0.004108072829452967,0.0027787488550056402,0.0037380315856304193
2020-04-26,0.01941302662763511,0.008019581419613503,0.01934591392397203,0.01941302662763511,0.019146206478606837,0.01941302662763511
2020-04-27,0.012158011948849134,0.004185503551662753,0.012158011948849134,0.012158011948849134,0.012158011948849134,0.012158011948849134
2020-04-28,-0.0009761270900144892,-0.0003952668045677607,-0.0009761270900144892,-0.0009761270900144892,-0.0009761270900144892,-0.0009761270900144892
2020-04-29,0.1276641281906712,0.05187773514692563,0.1276641281906712,0.1276641281906712,0.1276641281906712,0.1276641281906712
2020-04-30,-0.012488953651987322,-0.002273567500714397,-0.001,-0.002441241222116301,-0.001,-0.0027190793712048673
2020-05-01,0.023476030812987103,0.004152494884184843,0.001263200951468436,0.012794709831254551,0.0011573926620281386,0.013437222168379425
2020-05-02,0.013748061924687693,0.002668420846444176,0.002691234987989449,0.010566517780539708,0.002981594919137449,0.008624241760934011
2020-05-03,-0.00896552760844771,-0.0021034015696047128,-0.004565090131387223,-0.00840767343292827,-0.00517237528051749,-0.0068592730839676305
2020-05-04,-0.001668166214165323,-0.00052607493268756,-0.001795407278521647,-0.0017457535281258933,-0.0018296414817055165,-0.0012496700513181453
2020-05-05,0.01170072388282306,0.00432531340951001,0.011553083449645977,0.01170072388282306,0.011589623677568783,0.011446254129753265
2020-05-06,0.031263881358893464,0.012005291004410203,0.031263881358893464,0.031263881358893464,0.031263881358893464,0.02731066656535934
2020-05-07,0.0784455344105861,0.024032925287499327,0.0784455344105861,0.07151003838047831,0.0784455344105861,0.06569323680759682
2020-05-08,-0.013451360050574679,-0.0032007425365444256,-0.007872785922690136,-0.003360772602362221,-0.006794167563340261,-0.0022709535937232047
2020-05-09,-0.0286008141674704,-0.007563474924081131,-0.023387716210890933,-0.015193404622629653,-0.021507721706426532,-0.011772164848530536
2020-05-10,-0.09003603570390639,-0.023160901583241727,-0.07340343581046221,-0.0905161170525165,-0.0722173024053424,-0.09063445034267646
2020-05-11,-0.014157193063125795,-0.0023993593750230476,-0.0008151957210994696,-0.00474156695167012,-0.0008014366479095192,-0.005833393267056319
2020-05-12,0.026257787625101114,0.0046335535671213806,0.0013750411868425686,0.018425174203597447,0.0007178628557926651,0.025625145103544016
2020-05-13,0.05735875492416809,0.011093577659050155,0.01095651567383973,0.04860487484603444,0.008281611723623693,0.05735875492416809
2020-05-14,0.05130027128785808,0.009548728734025692,0.006736736087178635,0.025700420326840053,0.004306540123823725,0.038959843879603946
2020-05-15,-0.048401243268293426,-0.009016389614746663,-0.00641570656627584,-0.019748548896422743,-0.004628543963785905,-0.019718944229469522
2020-05-16,0.007355038431869465,0.0012890842037418706,0.00033452592282981377,0.0010480039250637268,-5.247535443154282e-05,0.0021369214173633574
2020-05-17,0.030552694779327094,0.006542958383376112,0.008865100479134648,0.01690093262436162,0.008472755962870957,0.023103319956820554
2020-05-18,0.004577060908175445,0.001010152436641324,0.0019113817645092014,0.0031957841792266788,0.0019051262331072532,0.0030834374880287147
2020-05-19,0.002811952467247636,0.0007532329041022776,0.0020917494753029853,0.0025471317643078113,0.002107592498529202,0.002310274324414398
2020-05-20,-0.024450890488206145,-0.009552802242420975,-0.024545382474897272,-0.024450890488206145,-0.02453745700636417,-0.02455734469252019
2020-05-21,-0.046964616491830036,-0.014031882195596848,-0.046964616491830036,-0.045909210533859504,-0.046964616491830036,-0.046964616491830036
2020-05-22,0.0102564608272393,0.0026144389042901755,0.008363643994602082,0.009076292210058182,0.00948589981115363,0.007559581379441252
2020-05-23,0.002384581122180096,0.0006848043103664243,0.002216427307078921,0.0022776976260803126,0.002316126123054527,0.0021449960972607252
2020-05-24,-0.04109814394009925,-0.01596033348771638,-0.04109814394009925,-0.04109814394009925,-0.04109814394009925,-0.04109814394009925
2020-05-25,0.011691940443099957,0.003178349151711494,0.011691940443099957,0.011691940443099957,0.011691940443099957,0.011691940443099957
2020-05-26,-0.00831223789282276,-0.0026802603229169643,-0.00831223789282276,-0.00788690288249964,-0.00831223789282276,-0.00831223789282276
2020-05-27,0.03779456688453897,0.01347048948230658,0.03779456688453897,0.03773639932810039,0.03779456688453897,0.03779456688453897
2020-05-28,0.043538217143856084,0.013053306961759282,0.043538217143856084,0.03785194262400924,0.043538217143856084,0.04012323747959991
2020-05-29,-0.014197826278810055,-0.00413350701628521,-0.014197826278810055,-0.014325498082588829,-0.014197826278810055,-0.01263094646848947
2020-05-30,0.02748683169185373,0.008420344141482383,0.02748683169185373,0.027231498251447984,0.02748683169185373,0.02416534154016375
2020-05-31,-0.02659359692780372,-0.008017313073654548,-0.02659359692780372,-0.026040251582975044,-0.02659359692780372,-0.022003681584020975
2020-06-01,0.08111042635371324,0.02389421049743262,0.08111042635371324,0.07412452630095685,0.08111042635371324,0.06224728310613296
2020-06-02,-0.06733791812378631,-0.014584932749455404,-0.02667351138629246,-0.05327347235488856,-0.019946851786701133,-0.06756977383227623
2020-06-03,0.013658760945893356,0.0022985531068250567,-0.00013298184758927994,0.003999098551016452,-0.0002856111907423199,0.0032832151040221276
2020-06-04,0.01774345858914539,0.0034462672654379293,0.003172231705460437,0.013973230487395386,0.0023163353243948943,0.014874608657800052
2020-06-05,-0.017473020933560957,-0.0038965080811444626,-0.0075720207684676355,-0.016220347300362665,-0.006953051662445901,-0.0128593051722548
2020-06-06,0.0027773508624979737,0.0006494266286683612,0.0015115638350533345,0.0024736630343807813,0.0014158566654879606,0.0025051088874114657
2020-06-07,0.008161367393523689,0.0025399860448662133,0.007775465382439289,0.008060367696756488,0.007741994579893113,0.008161367393523689
2020-06-08,0.0022325797983109297,0.0007910465935493782,0.0022325797983109297,0.0022325797983109297,0.0022325797983109297,0.0022325797983109297
2020-06-09,0.0010317791930989362,0.00039507961154015717,0.0010317791930989362,0.0010317791930989362,0.0010317791930989362,0.0010317791930989362
2020-06-10,0.011148103352424776,0.005010083196371568,0.011148103352424776,0.011148103352424776,0.011148103352424776,0.011148103352424776
2020-06-11,-0.06178858823318689,-0.02575292972249635,-0.06178858823318689,-0.06178858823318689,-0.06178858823318689,-0.06178858823318689
2020-06-12,0.019262873038741413,0.004573775103101946,0.013108728726018499,0.019262873038741413,0.012419354952158073,0.019262873038741413
2020-06-13,0.0005469730316776111,0.00012307613227782076,0.00026139842764008473,0.0002621856224246105,0.00021629092210845232,0.0004395393575561304
2020-06-14,-0.012511783842948154,-0.0044251263366565236,-0.012551827118158703,-0.01269587716805555,-0.012527356204388043,-0.012581231513929836
2020-06-15,0.010534950589624614,0.0036530849868542953,0.010534950589624614,0.010534950589624614,0.010534950589624614,0.010534950589624614
2020-06-16,0.008336568406827727,0.0030806967917544497,0.008336568406827727,0.008336568406827727,0.008336568406827727,0.008336568406827727
2020-06-17,-0.007499758201490958,-0.00304661939674381,-0.007499758201490958,-0.007499758201490958,-0.007499758201490958,-0.007499758201490958
2020-06-18,-0.006212794799340893,-0.002588569411609646,-0.006212794799340893,-0.006212794799340893,-0.006212794799340893,-0.006212794799340893
2020-06-19,-0.011075536286165866,-0.0047507154285609445,-0.011075536286165866,-0.011075536286165866,-0.011075536286165866,-0.011075536286165866
2020-06-20,0.007678327176420918,0.00301312490623788,0.007678327176420918,0.007678327176420918,0.007678327176420918,0.007678327176420918
2020-06-21,-0.007750435599965466,-0.003261893682270164,-0.007750435599965466,-0.007750435599965466,-0.007750435599965466,-0.007750435599965466
2020-06-22,0.04306523909248594,0.01807660656692048,0.04306523909248594,0.04306523909248594,0.04306523909248594,0.04306523909248594
2020-06-23,-0.0075267986878757576,-0.002407098280456423,-0.0075267986878757576,-0.005913624815872086,-0.0075267986878757576,-0.0066571312848529235
2020-06-24,-0.033165994823718625,-0.011426789218209724,-0.033165994823718625,-0.033413156403100615,-0.033165994823718625,-0.03329924045371459
2020-06-25,-0.004930850040300139,-0.0015001959253901245,-0.004930850040300139,-0.003934938810194491,-0.004930850040300139,-0.004644423154880762
2020-06-26,-0.00948226548905895,-0.003353497533266427,-0.00948226548905895,-0.009735623215732646,-0.00948226548905895,-0.009555131887543464
2020-06-27,-0.017170503124097847,-0.006387167446468637,-0.017170503124097847,-0.017170503124097847,-0.017170503124097847,-0.017170503124097847
2020-06-28,0.011763842379349354,0.00377049975320605,0.011763842379349354,0.00913734127625119,0.011763842379349354,0.010779396577182111
2020-06-29,0.008364200964581237,0.0028761639719606415,0.008364200964581237,0.008158424285033111,0.008364200964581237,0.008287073264872253
2020-06-30,-0.004385746525506273,-0.0017181724627314248,-0.004385746525506273,-0.004385746525506273,-0.004385746525506273,-0.004385746525506273
2020-07-01,0.010648772120096517,0.004450244954963783,0.010648772120096517,0.010648772120096517,0.010648772120096517,0.010648772120096517
2020-07-02,-0.015901625928997465,-0.0065171745192932305,-0.015901625928997465,-0.015901625928997465,-0.015901625928997465,-0.015901625928997465
2020-07-03,-0.003045459722328614,-0.0011118731167978962,-0.003045459722328614,-0.0025233275181886193,-0.003045459722328614,-0.0028873487403423305
2020-07-04,0.006565665502487716,0.0025644967043902374,0.006565665502487716,0.006310401515404371,0.006565665502487716,0.006488366995819355
2020-07-05,-0.005106773573573586,-0.0021970084372136076,-0.005106773573573586,-0.005106773573573586,-0.005106773573573586,-0.005106773573573586
2020-07-06,0.02856162966501241,0.012465422413959785,0.02856162966501241,0.02856162966501241,0.02856162966501241,0.02856162966501241
2020-07-07,-0.009292685731278616,-0.00304598309703358,-0.009292685731278616,-0.00621317556743665,-0.009292685731278616,-0.005495958915666105
2020-07-08,0.019715315000242484,0.006702663490838355,0.019715315000242484,0.01934396242959983,0.019715315000242484,0.01925747456848804
2020-07-09,-0.021523572661653834,-0.006908091662274435,-0.021523572661653834,-0.015971493018939527,-0.021523572661653834,-0.011467819508667241
2020-07-10,0.0058190602018266535,0.0017827220031326344,0.0058190602018266535,0.004422523442740071,0.0058190602018266535,0.003993014969751639
2020-07-11,-0.0051748910626224776,-0.0019061347573634101,-0.0051748910626224776,-0.005408549624284703,-0.0051748910626224776,-0.005452140989267722
2020-07-12,0.005621522940923551,0.002223839140474071,0.005621522940923551,0.005621522940923551,0.005621522940923551,0.005621522940923551
2020-07-13,-0.005649146545292805,-0.0024639767513234758,-0.005649146545292805,-0.005649146545292805,-0.005649146545292805,-0.005649146545292805
2020-07-14,0.0025696065502176513,0.0011167734368357353,0.0025696065502176513,0.0025696065502176513,0.0025696065502176513,0.0025696065502176513
2020-07-15,-0.006871379577353176,-0.003106844583305684,-0.006871379577353176,-0.006871379577353176,-0.006871379577353176,-0.006871379577353176
2020-07-16,-0.006973487081020746,-0.003060180711670762,-0.006973487081020746,-0.006973487081020746,-0.006973487081020746,-0.006973487081020746
2020-07-17,0.002614416240891204,0.0011243021170245957,0.002614416240891204,0.002614416240891204,0.002614416240891204,0.002614416240891204
2020-07-18,0.002122717768956228,0.000935703106319336,0.002122717768956228,0.002122717768956228,0.002122717768956228,0.002122717768956228
2020-07-19,0.004679320544068721,0.0021187984279019637,0.004679320544068721,0.004679320544068721,0.004679320544068721,0.004679320544068721
2020-07-20,-0.005602844865609469,-0.0025295362264086793,-0.005602844865609469,-0.005602844865609469,-0.005602844865609469,-0.005602844865609469
2020-07-21,0.024149577851670934,0.010695805673149157,0.024149577851670934,0.024149577851670934,0.024149577851670934,0.024149577851670934
2020-07-22,0.015197523611821806,0.004739705954453551,0.015197523611821806,0.009215888362590874,0.015197523611821806,0.01496754114328771
2020-07-23,0.008174082568247254,0.0026729773166845557,0.008174082568247254,0.007804789373029115,0.008174082568247254,0.004692791461446133
2020-07-24,-0.006354972300901651,-0.002367295808308006,-0.006354972300901651,-0.006354972300901651,-0.006354972300901651,-0.00673599020649851
2020-07-25,0.016165734717875413,0.0064536469547614396,0.016165734717875413,0.016165734717875413,0.016165734717875413,0.016165734717875413
2020-07-26,0.023855180618981064,0.00834928588319641,0.023855180618981064,0.0230398493949784,0.023855180618981064,0.023855180618981064
2020-07-27,0.11200042694211088,0.03533141857194959,0.11200042694211088,0.07796754843585596,0.11200042694211088,0.057651855534325155
2020-07-28,-0.009224213441404672,-0.0017358913333172506,-0.0012150091758201733,-0.006810655269861906,-0.001,-0.004645007674049167
2020-07-29,0.015638588904656192,0.003019533578351307,0.002158114849831822,0.01409612361386919,6.859573757361738e-05,0.009891500468497776
2020-07-30,0.0017650097044072943,0.00036938591161089166,0.0005080047870180443,0.0016338977378782694,0.000235865633530776,0.001237275066862528
2020-07-31,0.018212797341230935,0.005526399532378496,0.017168843574640408,0.018155435378899486,0.014002640880954641,0.01799165337005919
2020-08-01,0.04051656290073824,0.012127001476351094,0.04048649070774735,0.038564216843436604,0.04031250842788312,0.040065972722489504
2020-08-02,-0.05963607075213362,-0.01666223704967913,-0.05963607075213362,-0.051098096128644,-0.05963607075213362,-0.04022552477137606
2020-08-03,0.01280644776594042,0.002686345568650762,0.004356947759780579,0.004118093069246025,0.002623899676094798,0.004250778118771245
2020-08-04,-0.002976458409537086,-0.0008066369913659066,-0.002713785497973412,-0.0025698592911111025,-0.0025247731430966735,-0.0022822374191516065
2020-08-05,0.0463092638018221,0.01520341369185696,0.04608930184377347,0.046046118985800195,0.04601020208509571,0.045972815948955754
2020-08-06,0.004084024042296797,0.001042184001259619,0.004084024042296797,0.0024714518833277104,0.004084024042296797,0.0023083310611569786
2020-08-07,-0.014473241211968912,-0.004720375843661157,-0.014473241211968912,-0.014790425423835971,-0.014473241211968912,-0.014822510406285629
2020-08-08,0.01241830853918846,0.003985062234906214,0.01241830853918846,0.01241830853918846,0.01241830853918846,0.01241830853918846
2020-08-09,-0.005321572247030337,-0.001819436871370929,-0.005321572247030337,-0.005321572247030337,-0.005321572247030337,-0.005321572247030337
2020-08-10,0.01625374738114127,0.0063349040639094955,0.01625374738114127,0.01625374738114127,0.01625374738114127,0.01625374738114127
2020-08-11,-0.040245205044670995,-0.014081658380285697,-0.040245205044670995,-0.040245205044670995,-0.040245205044670995,-0.040245205044670995
2020-08-12,0.016051443708098523,0.004395052392850735,0.016051443708098523,0.016051443708098523,0.016051443708098523,0.016051443708098523
2020-08-13,0.017099514366782698,0.005074223544305863,0.017099514366782698,0.014700463126821946,0.017099514366782698,0.017099514366782698
2020-08-14,8.155099029427682e-05,1.715741539456095e-05,8.155099029427682e-05,2.9091308552514014e-05,8.155099029427682e-05,8.155099029427682e-05
2020-08-15,0.0078562002803646,0.002761074592605103,0.0078562002803646,0.007769000946328651,0.0078562002803646,0.0078562002803646
2020-08-16,0.00275829102003855,0.0010626150413188058,0.00275829102003855,0.00275829102003855,0.00275829102003855,0.00275829102003855
2020-08-17,0.034969088709558616,0.01592334807556958,0.034969088709558616,0.034969088709558616,0.034969088709558616,0.034969088709558616
2020-08-18,-0.026231946465649414,-0.007989665069692129,-0.026231946465649414,-0.02172930357942365,-0.026231946465649414,-0.026192793933844286
2020-08-19,-0.021333562679784257,-0.006211506618010999,-0.021333562679784257,-0.01896550504811545,-0.021333562679784257,-0.02091259374547292
2020-08-20,0.011133420793675741,0.0032395437741154793,0.011133420793675741,0.009921751779127484,0.011133420793675741,0.01111279394947034
2020-08-21,-0.028887365250917174,-0.009182254996652756,-0.028887365250917174,-0.028995684788259708,-0.028887365250917174,-0.028887365250917174
2020-08-22,0.013674127360957078,0.003916257020097127,0.013674127360957078,0.011483502446968155,0.013674127360957078,0.013674127360957078
2020-08-23,-0.001427791817244839,-0.00046011558630523595,-0.001427791817244839,-0.0015770766680644822,-0.001427791817244839,-0.001427791817244839
2020-08-24,0.009069288858861047,0.0032438716864652863,0.009069288858861047,0.009069288858861047,0.009069288858861047,0.009069288858861047
2020-08-25,-0.03508108219294803,-0.013962693360479651,-0.03508108219294803,-0.03508108219294803,-0.03508108219294803,-0.03508108219294803
2020-08-26,0.01000090302538581,0.002747240448616878,0.01000090302538581,0.008676786223998612,0.01000090302538581,0.01000090302538581
2020-08-27,-0.013718157739290193,-0.004376225127854964,-0.013718157739290193,-0.013838522112863131,-0.013718157739290193,-0.013718157739290193
2020-08-28,0.018843609288606622,0.006042877268315108,0.018843609288606622,0.01853120377589147,0.018843609288606622,0.018843609288606622
2020-08-29,-0.0032200781686375635,-0.0010082446015241794,-0.0032200781686375635,-0.00288068208858856,-0.0032200781686375635,-0.0032200781686375635
2020-08-30,0.018120075841101313,0.006426244213972312,0.018120075841101313,0.017974291470508764,0.018120075841101313,0.018120075841101313
2020-08-31,-0.0017631975971930114,-0.0006036927311782297,-0.0017631975971930114,-0.001662993808339941,-0.0017631975971930114,-0.00171892037179874
2020-09-01,0.025004959914523228,0.009447758819277154,0.025004959914523228,0.024873665228557742,0.025004959914523228,0.0249469444994366
2020-09-02,-0.046435002540058834,-0.014258692078960838,-0.046435002540058834,-0.0369915337310425,-0.046435002540058834,-0.04083782289443616
2020-09-03,-0.10101400933413807,-0.02687787017223723,-0.1002394782192097,-0.10122185500996235,-0.10101400933413807,-0.10113720025155218
2020-09-04,0.02051085303944622,0.0031134000177594967,-0.000992255773765246,0.006647644448049536,-0.001,0.007919463755084984
2020-09-05,-0.03278494350388894,-0.005718320096900554,-0.0,-0.02615217928478893,-0.0,-0.02336349686352897
2020-09-06,0.012307305599546847,0.0022315348755048005,0.0007409118604874683,0.008835853848152267,0.0007778165381906997,0.0068129672842436526
2020-09-07,0.011174788358965904,0.0024027861578904135,0.003851856554761042,0.009819347850692633,0.004353952984695999,0.007968376684212545
2020-09-08,-0.025004431509289993,-0.006751925416614276,-0.020230019756645158,-0.023981543840730198,-0.022563253870209955,-0.021229563733029
2020-09-09,0.011324570911274368,0.002915214224308143,0.009968533884044006,0.009001892860046814,0.011208435993057233,0.008381995159894762
2020-09-10,0.010908549915561006,0.003199417328766023,0.010797330540827137,0.009943170900347839,0.010908549915561006,0.010657164929635265
2020-09-11,0.00506936465513208,0.0016420589326101287,0.00506936465513208,0.004846210965085639,0.00506936465513208,0.00506936465513208
2020-09-12,0.004809568743438852,0.00182729939044421,0.004809568743438852,0.00477391203916368,0.004809568743438852,0.004809568743438852
2020-09-13,-0.010966222143627635,-0.004950832861626076,-0.010966222143627635,-0.010966222143627635,-0.010966222143627635,-0.010966222143627635
2020-09-14,0.03295669839860227,0.013987567024276849,0.03295669839860227,0.02970413014359272,0.03295669839860227,0.03295669839860227
2020-09-15,0.010941027578645679,0.0031438454612933977,0.010941027578645679,0.009114664634746071,0.010941027578645679,0.010928816646211694
2020-09-16,0.017527863723090675,0.005600750415486373,0.017527863723090675,0.017366893597702077,0.017527863723090675,0.01752684111993918
2020-09-17,-0.002920027354204602,-0.0009235003646552951,-0.002920027354204602,-0.0026552851035775414,-0.002920027354204602,-0.002920027354204602
2020-09-18,-0.0014794690461700233,-0.0005853201155609655,-0.0014794690461700233,-0.0016173536705985816,-0.0014794690461700233,-0.0014794690461700233
2020-09-19,0.014071897063089756,0.005976812973148479,0.014071897063089756,0.014071897063089756,0.014071897063089756,0.014071897063089756
2020-09-20,-0.013776818233102284,-0.005392885437896747,-0.013776818233102284,-0.013776818233102284,-0.013776818233102284,-0.013776818233102284
2020-09-21,-0.04265441210531973,-0.015447015354879174,-0.04265441210531973,-0.040276643052921536,-0.04265441210531973,-0.04265441210531973
2020-09-22,0.006165170662788988,0.00159520403844788,0.006165170662788988,0.005903401779530705,0.006165170662788988,0.006165170662788988
2020-09-23,-0.02723802055456781,-0.008765756612182898,-0.02723802055456781,-0.0272776486037922,-0.02723802055456781,-0.02723802055456781
2020-09-24,0.04942131687645701,0.01407203005758798,0.04942131687645701,0.041325960877942575,0.04942131687645701,0.04942131687645701
2020-09-25,-0.00515987600147505,-0.0014128731055655526,-0.00515987600147505,-0.005098288051611404,-0.00515987600147505,-0.004835583177062211
2020-09-26,0.0054662915501071385,0.0016933548385111943,0.0054662915501071385,0.00543022878105168,0.0054662915501071385,0.005388334220538217
2020-09-27,0.0015633794607103901,0.0005336861955249588,0.0015633794607103901,0.0015633794607103901,0.0015633794607103901,0.0015633794607103901
2020-09-28,-0.002923110832508402,-0.001381024530165004,-0.002923110832508402,-0.002923110832508402,-0.002923110832508402,-0.002923110832508402
2020-09-29,0.010605361496408339,0.005063108729399748,0.010605361496408339,0.010605361496408339,0.010605361496408339,0.010605361496408339
2020-09-30,-0.006345362227514806,-0.00289076356344746,-0.006345362227514806,-0.006345362227514806,-0.006345362227514806,-0.006345362227514806
2020-10-01,-0.015385167309485803,-0.007189740377618688,-0.015385167309485803,-0.015385167309485803,-0.015385167309485803,-0.015385167309485803
2020-10-02,-0.0034423467556652376,-0.0013892739604190304,-0.0034423467556652376,-0.0031911446395471122,-0.0034423467556652376,-0.0034423467556652376
2020-10-03,-0.0013623557108191076,-0.0006586810765142147,-0.0013623557108191076,-0.001465208475495311,-0.0013623557108191076,-0.0013623557108191076
2020-10-04,0.010412680533194774,0.004945366814069401,0.010412680533194774,0.010412680533194774,0.010412680533194774,0.010412680533194774
2020-10-05,0.010033827472764711,0.004509242711125691,0.010033827472764711,0.010033827472764711,0.010033827472764711,0.010033827472764711
2020-10-06,-0.01636201731462006,-0.007264048218828602,-0.01636201731462006,-0.01636201731462006,-0.01636201731462006,-0.01636201731462006
2020-10-07,0.006683498315638525,0.002298134285918481,0.006683498315638525,0.005591752658940226,0.006683498315638525,0.006683498315638525
2020-10-08,0.022061561911615568,0.008939650944841188,0.022061561911615568,0.021919472252472125,0.022061561911615568,0.022061561911615568
2020-10-09,0.015737111118789615,0.004859248914268146,0.015737111118789615,0.011255452879012357,0.015737111118789615,0.014247543000233917
2020-10-10,0.02065635407410138,0.006541599399290355,0.02065635407410138,0.01758714056991866,0.02065635407410138,0.020567356151581558
2020-10-11,0.006671610560587515,0.0020383967298956735,0.006671610560587515,0.005175195067881894,0.006671610560587515,0.006452076877338391
2020-10-12,0.014952988455266825,0.005072611097952077,0.014952988455266825,0.014739351878074642,0.014952988455266825,0.014924372080450178
2020-10-13,-0.009822378552914901,-0.0032887601691399615,-0.009822378552914901,-0.009822378552914901,-0.009822378552914901,-0.009822378552914901
2020-10-14,-0.0015619343915177497,-0.0005788002687046028,-0.0015619343915177497,-0.0015619343915177497,-0.0015619343915177497,-0.0015619343915177497
2020-10-15,0.007486407615546975,0.0031048143348083902,0.007486407615546975,0.007486407615546975,0.007486407615546975,0.007486407615546975
2020-10-16,-0.014222378358245025,-0.0064168770451234975,-0.014222378358245025,-0.014222378358245025,-0.014222378358245025,-0.014222378358245025
2020-10-17,0.0021002793708526646,0.0007476798692997921,0.0021002793708526646,0.0019708289336330263,0.0021002793708526646,0.0021002793708526646
2020-10-18,0.01116100986415236,0.004954013397740073,0.01116100986415236,0.011119255421492558,0.01116100986415236,0.01116100986415236
2020-10-19,0.0222974602570849,0.009602021966379617,0.0222974602570849,0.0222974602570849,0.0222974602570849,0.0222974602570849
2020-10-20,0.01563495854309216,0.004836204330063204,0.01563495854309216,0.011405058798074876,0.01563495854309216,0.01563495854309216
2020-10-21,0.07703899244708023,0.024501832505082956,0.07703899244708023,0.06567186503476707,0.07703899244708023,0.07703899244708023
2020-10-22,0.011597371897905662,0.002642354425926753,0.006720077828849915,0.011451225173576869,0.006180694449540871,0.011597371897905662
2020-10-23,-0.0033906248939679084,-0.0009862425377611473,-0.003777792480078993,-0.003160665454741612,-0.003820609615564111,-0.0033904026064960377
2020-10-24,0.012385694749340592,0.004239835499460348,0.012385694749340592,0.012289502561345506,0.012385694749340592,0.012385601766341698
2020-10-25,-0.005507596356146505,-0.0020156618395909534,-0.005507596356146505,-0.005507596356146505,-0.005507596356146505,-0.005507596356146505
2020-10-26,0.00299158152464285,0.0011981670141889425,0.00299158152464285,0.00299158152464285,0.00299158152464285,0.00299158152464285
2020-10-27,0.04547690497798462,0.021233878069471617,0.04547690497798462,0.04547690497798462,0.04547690497798462,0.04547690497798462
2020-10-28,-0.02816675103445443,-0.008521895511345875,-0.02816675103445443,-0.02816675103445443,-0.02816675103445443,-0.02816675103445443
2020-10-29,0.013911503093375188,0.004051842459384936,0.013911503093375188,0.013911503093375188,0.013911503093375188,0.013911503093375188
2020-10-30,0.009504766218095373,0.003082324202615704,0.009504766218095373,0.009504766218095373,0.009504766218095373,0.009456511452951837
2020-10-31,0.01499177249404915,0.005447880801079867,0.01499177249404915,0.01499177249404915,0.01499177249404915,0.014987178887286115
2020-11-01,-0.005094010990726705,-0.001866360350322874,-0.005094010990726705,-0.004811833808764964,-0.005094010990726705,-0.005094010990726705
2020-11-02,-0.010288686454953844,-0.003973180162196607,-0.010288686454953844,-0.010357610838059042,-0.010288686454953844,-0.010288686454953844
2020-11-03,0.029520703648368896,0.011106337549207257,0.029520703648368896,0.029520703648368896,0.029520703648368896,0.029520703648368896
2020-11-04,0.009447281285678288,0.002860475092805116,0.009447281285678288,0.007306841545530049,0.009447281285678288,0.009447281285678288
2020-11-05,0.10455822373593682,0.03681986302136802,0.10455822373593682,0.1043533436641154,0.10455822373593682,0.10455822373593682
2020-11-06,0.0008013112623150853,4.8483211734287184e-05,-0.00017935900524069945,5.3354478364466234e-05,0.00019799385936714172,0.0001644829963533352
2020-11-07,-0.04818602300768793,-0.014093307340658327,-0.04383602989035414,-0.048601252068649514,-0.048520955351458735,-0.04405450328517288
2020-11-08,0.04262271061649958,0.009921395894049358,0.02313512025107026,0.03615310500856248,0.030289938667006258,0.030161446105984917
2020-11-09,-0.011624562995957599,-0.0027214378101277845,-0.0064034122853045715,-0.010549395292691494,-0.008529659077996285,-0.009454726773084456
2020-11-10,-3.55288977885726e-05,-5.056325334831879e-05,-0.0002991485895560741,-0.00012378771518587784,-0.00030307228911815676,-0.00023019595833381946
2020-11-11,0.026891965278295737,0.00924402430812429,0.026712789886097776,0.02687647201528107,0.026891965278295737,0.026891965278295737
2020-11-12,0.03550729330116842,0.010667171885915839,0.03550729330116842,0.03506294945150058,0.03550729330116842,0.026656647239583768
2020-11-13,0.0024707383419650952,0.0006874841348758499,0.0024707383419650952,0.0022859519150166233,0.0024707383419650952,0.001999184947888885
2020-11-14,-0.01396520970330084,-0.004865405209322824,-0.01396520970330084,-0.013701823315097925,-0.01396520970330084,-0.014120994302304544
2020-11-15,-0.00715780366783636,-0.00246147714635376,-0.00715780366783636,-0.0069859593199056045,-0.00715780366783636,-0.006838919365515187
2020-11-16,0.047307846380090446,0.01748909359620762,0.047307846380090446,0.0472834135959009,0.047307846380090446,0.04725606098394559
2020-11-17,0.0560898418293565,0.01629949242368943,0.0560898418293565,0.0560898418293565,0.0560898418293565,0.0560898418293565
2020-11-18,0.006929061454030494,0.001897933714467956,0.006468592946522315,0.006929061454030494,0.006878429395212076,0.006929061454030494
2020-11-19,0.0007851098898352671,0.00020438912085970327,0.0007270363700148205,0.0007851098898352671,0.0007787242590627018,0.0007226294336795384
2020-11-20,0.04742852605674419,0.01793305994421983,0.04742852605674419,0.04742852605674419,0.04742852605674419,0.04739352515483249
2020-11-21,0.0022936124429613347,0.0005789832987877213,0.0022936124429613347,0.0022936124429613347,0.0022936124429613347,0.0022936124429613347
2020-11-22,-0.011968868277775546,-0.004213648817536495,-0.011968868277775546,-0.011968868277775546,-0.011968868277775546,-0.011968868277775546
2020-11-23,-0.005920937718691288,-0.0021066772212302858,-0.005920937718691288,-0.005920937718691288,-0.005920937718691288,-0.005920937718691288
2020-11-24,0.04228935874510609,0.01596748562237785,0.04228935874510609,0.04228935874510609,0.04228935874510609,0.04228935874510609
2020-11-25,-0.020984442159968753,-0.006286328947934851,-0.020984442159968753,-0.020984442159968753,-0.020984442159968753,-0.02046340424063266
2020-11-26,-0.08719023435467499,-0.026163677466117505,-0.08719023435467499,-0.08719023435467499,-0.08719023435467499,-0.08721630653197998
2020-11-27,-0.0007078446752172285,-0.00023979727161369636,-0.0009045165989786481,-0.0008784911122543518,-0.0009272250243485962,-0.0009931502613917907
2020-11-28,0.03764409065684693,0.010078493772755465,0.026751367761606536,0.03657829304428929,0.0211875833343151,0.029917262554820682
2020-11-29,0.025104541883109288,0.00604263326169317,0.015335725440931123,0.024562266764364127,0.013734446358608595,0.02150953275707339
2020-11-30,0.08100442578841349,0.020912169119596737,0.05993125270457447,0.08098314900977709,0.05653486956197076,0.06609273853407731
2020-12-01,-0.0429100044071572,-0.008954289068674709,-0.01486150297504484,-0.015552898268823976,-0.01246356430299123,-0.008389676555276915
2020-12-02,0.020948549794897575,0.004175599230720228,0.005788933848907437,0.00788082855125591,0.004905711694069289,0.004639650859308928
2020-12-03,0.01329381616350167,0.002956162296849257,0.005663770289363309,0.00940771257333226,0.0051739348273387945,0.006386717564566198
2020-12-04,-0.037870176248677945,-0.010499622345422083,-0.030182706842109983,-0.03385847593126897,-0.029431685815581306,-0.02534918594090061
2020-12-05,0.02037403034255858,0.004823394562478828,0.01180236631325029,0.013588823346113063,0.011875300392904391,0.016088467108659167
2020-12-06,0.012643744937416379,0.003339723574863296,0.009723961855455538,0.01095459149274227,0.009955789056173862,0.008923894169924602
2020-12-07,-0.008996384686597025,-0.0029046585248352465,-0.009211849897941077,-0.009113748496656058,-0.009192151540263522,-0.009283971670703911
2020-12-08,-0.043853140468845586,-0.015471552538729222,-0.043853140468845586,-0.043853140468845586,-0.043853140468845586,-0.043853140468845586
2020-12-09,0.012742973454884954,0.003449059478745929,0.011998286669740269,0.01159905413362547,0.012742973454884954,0.012742973454884954
2020-12-10,-0.015066183192171234,-0.004881759735286689,-0.015120369921672629,-0.01514941986035041,-0.015066183192171234,-0.015066183192171234
2020-12-11,-0.012740578065091213,-0.004171817615209844,-0.012740578065091213,-0.01262524023247231,-0.012740578065091213,-0.012740578065091213
2020-12-12,0.04160855541045794,0.014171164522926742,0.04160855541045794,0.03956229934086236,0.04160855541045794,0.04160855541045794
2020-12-13,0.018221100644260524,0.005234033945260645,0.018221100644260524,0.018172845548236418,0.018221100644260524,0.018221100644260524
2020-12-14,0.006821269100821148,0.0021184577546944396,0.006821269100821148,0.006821269100821148,0.006821269100821148,0.006821269100821148
2020-12-15,0.007561520473468475,0.0026935094092552818,0.007561520473468475,0.007561520473468475,0.007561520473468475,0.007561520473468475
2020-12-16,0.09973616526552309,0.038427933950494576,0.09973616526552309,0.09973616526552309,0.09973616526552309,0.09973616526552309
2020-12-17,0.0663780666387197,0.015517684261791533,0.037232779145353195,0.04332394021306751,0.029489995927451773,0.0394873486598186
2020-12-18,0.011386813813062169,0.002390419769657074,0.004036143494389658,0.005418142113054486,0.0029488910692050344,0.0012379139926538643
2020-12-19,0.03505649754076878,0.009218223387616813,0.024397022597788996,0.03189020939370231,0.017906807882295563,0.01860167124985723
2020-12-20,-0.01375805933709584,-0.003397890197686338,-0.008954112226942118,-0.012814354138415203,-0.0073409020792137335,-0.00856184079509646
2020-12-21,-0.025124040988603547,-0.0070361580507801716,-0.022110865323863305,-0.024509730803995856,-0.01995783897487312,-0.01942121946697819
2020-12-22,0.03572635824751935,0.00952499667687369,0.02960646926969812,0.03298077968748026,0.026710614372959525,0.02250093235851877
2020-12-23,-0.018925789110049385,-0.005016322972540374,-0.01568134005139066,-0.017598525775349053,-0.015830245116063256,-0.019292239541866974
2020-12-24,0.017177564200572037,0.004797747405496989,0.015916746351028965,0.01642335937197958,0.01700959593973006,0.017177564200572037
2020-12-25,0.04055787754850115,0.01255216552335401,0.0404905425638399,0.040273595198810096,0.04055787754850115,0.04055787754850115
2020-12-26,0.07332651238420884,0.020399031434223426,0.07074907302029886,0.06422978546876287,0.06483103348579344,0.052158670760374115
2020-12-27,-0.0017830420187537888,-0.000468690220216737,-0.0014553593291170492,-0.0014002900462184388,-0.0013119733735528184,-0.0012247595204918473
2020-12-28,0.02302204699859356,0.0070548891013510785,0.022647858349176174,0.022689649845401963,0.01701194792731625,0.019003162011374856
2020-12-29,0.007095379225260601,0.0021271946706868227,0.007095379225260601,0.007095379225260601,0.006123626152067988,0.006340621528204467
2020-12-30,0.05924858317626858,0.021058751618989083,0.05924858317626858,0.05924858317626858,0.059130538102404887,0.05915209637173223
2020-12-31,0.0061729977184221685,0.001627603813892529,0.0057852271939524925,0.005663774315836633,0.005980849266630529,0.0061729977184221685
2021-01-01,0.012335953333636462,0.00407978154019985,0.012281893575123815,0.012264961619631353,0.01230916558612357,0.012335953333636462
2021-01-02,0.08992256442620139,0.032587554917522646,0.08992256442620139,0.08992256442620139,0.08992256442620139,0.08992256442620139
2021-01-03,0.03919578891461328,0.009458912560461205,0.024731785933575487,0.010977489678451535,0.03444155034697373,0.03919578891461328
2021-01-04,-0.044344488694597284,-0.010912558479012895,-0.029048191059196687,-0.025979458488627875,-0.03171278390659987,-0.04257138664591357
2021-01-05,0.06952447200204959,0.01608276621974119,0.03666351569879987,0.03295399303919696,0.04223392407558688,0.032562649426571985
2021-01-06,0.07732602481140782,0.015807747548878537,0.024263180943603413,0.024688340943105277,0.02786510012411111,0.02831935179570037
2021-01-07,0.07020041837249713,0.012534859501317842,0.009349864489991224,0.00474381912658555,0.009587560777125739,0.02217115236002979
2021-01-08,0.039773747691958405,0.0067060909676303765,0.002796042453275166,-7.113847894657753e-05,0.0022330323624058447,-0.0003165540138490954
2021-01-09,-0.009925645575890707,-0.0017353597126947794,-0.0010841422593965715,-0.0011526361883983963,-0.001017627237645484,-0.0006650818477559929
2021-01-10,-0.05056496606277994,-0.010240804537024067,-0.013221338111560357,-0.019564454339944564,-0.013644134206460894,-0.01460913995856841
2021-01-11,-0.07982987537910113,-0.014464931389124469,-0.011998663865453767,-0.009224610316139286,-0.011755861643933264,-0.00028449574466120244
2021-01-12,-0.04414705529755858,-0.007045390884062744,-0.0007297264403555605,-0.00011218019373590838,-0.00014574869171970052,-0.0
2021-01-13,0.10631315762744631,0.017111875356085476,0.002588177680155706,0.0,7.201716692720749e-05,0.0
2021-01-14,0.04689363837466898,0.00722372972768671,-2.4448197181595925e-05,0.0,-6.838382643693389e-07,0.0
2021-01-15,-0.0598071434194003,-0.009493986968846959,-0.0006682044423544447,-0.0,-0.0,-0.0
2021-01-16,-0.01452061342070754,-0.0022870413512292133,-6.190894033113436e-05,-0.0,-0.0,-0.0
2021-01-17,-0.002966549345139402,-0.0005066607977341475,-0.0002287981412608008,-1.8938196831341113e-05,-0.00015109038354841923,-0.0
2021-01-18,0.014537228028657756,0.0028890373941084127,0.003248450412135693,0.00336642900018734,0.0030621125776490407,0.0025987612783764207
2021-01-19,-0.009404476825297214,-0.0023650175013684273,-0.005307986171498187,-0.005397295830977239,-0.005301949228632604,-0.0039013861314970873
2021-01-20,-0.020266571413730672,-0.006185096495946903,-0.019875682393209585,-0.01446033949475035,-0.016183320345952486,-0.010257257236652884
2021-01-21,-0.12649495327608495,-0.03595040424255461,-0.11651375007716375,-0.09718842624217232,-0.09959885616444526,-0.052649010766524465
2021-01-22,0.06329135893738602,0.00965884751274773,-0.0009207868184297918,-0.0007678256664593267,-0.0007873629461671937,-0.00041554015910640134
2021-01-23,-0.02880436951464793,-0.004522025963289838,-2.5970930820987478e-05,-0.0,-0.0,-0.0
2021-01-24,0.005613073845128103,0.0009059365410801564,0.00015098147289257906,4.8173288573647794e-05,1.79061261395352e-05,0.0
2021-01-25,0.006319872009388439,0.0011604310400350922,0.0008975879677118199,0.0015577549075082616,0.0007248456869439953,0.0015847264539949365
2021-01-26,0.006814781008280146,0.0016431272104961033,0.00329132440083902,0.003881319699050455,0.003143231876828361,0.004269268461168622
2021-01-27,-0.06990379107113842,-0.021522799042922806,-0.0703657282429467,-0.06617108024353716,-0.070386538736505,-0.06783804541988585
2021-01-28,0.10383608319266213,0.022226085923274606,0.05149028229397141,0.017223041625835912,0.05167772209919989,0.01525991934298631
2021-01-29,0.019541529967815885,0.0032689534933368273,0.003920660532225135,-0.00017327051255204575,0.003739267266260408,-0.00015477794700828438
2021-01-30,0.005378647357217936,0.0009701802095860655,0.00145458437209027,0.00021507524264935152,0.0014050374417998602,0.0001370476015671772
2021-01-31,-0.034704145498866135,-0.008051095439164078,-0.019262600189905332,-0.008136308773998688,-0.01901183215308551,-0.005233660352476887
2021-02-01,0.012438668041057754,0.0025511670265368517,0.00543547941210477,0.00550082212912091,0.005231873255154144,0.006377807167534606
2021-02-02,0.060347353509000445,0.015178044417356895,0.042891811271637305,0.059174440157301694,0.043700228676604495,0.05989202762781643
2021-02-03,0.05568648177451885,0.011945343406540276,0.02776266345025337,0.043921317585745606,0.026981362771747522,0.03542022519786378
2021-02-04,-0.01195289287075807,-0.002449280822378688,-0.005162790791253978,-0.008377348525927145,-0.004988975719554029,-0.006091678258971362
2021-02-05,0.024676281692777025,0.00582242472259697,0.015074251692339603,0.023235513792823636,0.015067591680792058,0.02229932505090608
2021-02-06,0.034072792220509296,0.008307562097819266,0.023408517537759896,0.034024926310886876,0.02307574136400075,0.02721652288765954
2021-02-07,-0.008609558466369904,-0.002059233152041917,-0.005806240483400549,-0.008609558466369904,-0.005602875667875807,-0.006576102561182647
2021-02-08,0.18252236154302404,0.05231915056857003,0.1793345777631975,0.18252236154302404,0.18214411416330945,0.18228112392760065
2021-02-09,0.009241327956699852,0.0013182669943954115,0.0005157474313511903,-0.001,0.0003896245657765622,-0.001
2021-02-10,-0.0315809170133734,-0.005164821276746997,-0.005713267232615991,-0.0014367159349224492,-0.005356383382939167,-0.001069134189886561
2021-02-11,0.06244075943088867,0.010370499399520101,0.012224805379047179,0.005959392699941367,0.011461473482343958,0.002965754269633726
2021-02-12,-0.007676132130342572,-0.001265664647548085,-0.0014536832235437682,-0.0003760341479562012,-0.001366070662764783,-9.01228513114966e-05
2021-02-13,-0.006661393433894158,-0.0012284185264157823,-0.00189498924172358,-0.0014795944586276084,-0.0018249061333005553,-0.001074541506957651
2021-02-14,0.03434123492590646,0.007554976281160491,0.016567658336822874,0.014806629356123736,0.01635739627411404,0.01237265141107065
2021-02-15,-0.014736602868650084,-0.003081544032859214,-0.006688227027271848,-0.008976901755331486,-0.006495776099844321,-0.0050987473496290495
2021-02-16,0.021412092045177245,0.004988006394221276,0.012791125127969111,0.016972822765626682,0.012599070038082116,0.008876388453501399
2021-02-17,0.06277029785555088,0.015831916104972664,0.04635611365290042,0.06257249557073354,0.045186016147889474,0.03198656451856885
2021-02-18,-0.011007560279692852,-0.0024428095033505845,-0.006030470509344459,-0.006704973219198414,-0.005866204398601324,-0.002216873351569407
2021-02-19,0.08074402337580788,0.020817700877293017,0.06184502167817864,0.0803140897116335,0.06240719438659026,0.07991447543534434
2021-02-20,0.000740161051555388,9.172483044548465e-05,-6.105485367760105e-05,0.0003253644253788456,-0.00010283036757023661,0.00026937796909503784
2021-02-21,0.029338384008137153,0.007550280586131707,0.021702657450111615,0.029100017205360026,0.021457467988387775,0.02906784405895282
2021-02-22,-0.06171336657525883,-0.015161851879167352,-0.04408157690510463,-0.06171336657525883,-0.03764474766167208,-0.06171336657525883
2021-02-23,-0.09993418186155145,-0.02070401435777508,-0.04468333751348324,-0.07896001306134803,-0.03940074703904241,-0.06688151594976645
2021-02-24,0.020734071546858024,0.0033017685737570966,0.0032707434720047907,-6.514710904028732e-05,0.003000996632815486,-0.0001474424916570326
2021-02-25,-0.04033329788396389,-0.0068456920207172174,-0.008593109552317766,-0.011089726191838407,-0.007939181489311697,-0.013591962303640967
2021-02-26,-0.028093674456241224,-0.004741574690346911,-0.0059154122902465205,-0.007977731784514277,-0.005441780781950086,-0.006105058258026517
2021-02-27,-0.00859266772842604,-0.0014862518649894191,-0.0020068054743278482,-0.0037758162815865427,-0.0018586172321185255,-0.0024791096512747127
2021-02-28,-0.010364442908280536,-0.0020648976425128797,-0.003798782098887481,-0.008162887551101705,-0.003565930531597977,-0.006427426139727416
2021-03-01,0.09424676908843366,0.022048571381110053,0.05435463826844204,0.0896467375901732,0.0508444789967512,0.06813231392762263
2021-03-02,-0.026790700790178312,-0.004752407661750023,-0.006942833404948724,-0.004765535964059849,-0.0065558024726452115,-0.005889947299677954
2021-03-03,0.04938984042070449,0.008854071095633432,0.013307115457273267,0.01511434226701644,0.012526397771372206,0.015534005716409756
2021-03-04,-0.043749285251779124,-0.007780979786748095,-0.0114695248188564,-0.01565341295134261,-0.010721680380410404,-0.012196098166522158
2021-03-05,0.006767133627485711,0.0011790506650921012,0.0016327660086804736,0.0021040901897865605,0.001514501965641612,0.0013104779843598185
2021-03-06,0.003477546823876576,0.0006937007752614133,0.0012935637421248843,0.0027332557021972808,0.0011985753727538615,0.002221123986461775
2021-03-07,0.0432085160359188,0.011969892529462891,0.037263541276098766,0.043183848960340276,0.0337627071897568,0.04302247705010995
2021-03-08,0.019613940594905177,0.004628185068561362,0.012970131913236866,0.019613940594905177,0.012274725028402447,0.01775908476243833
2021-03-09,0.050887650599167555,0.01349118307401687,0.04299674551208645,0.050887650599167555,0.041901573654572075,0.050797669946321136
2021-03-10,0.02515395341376192,0.006046873645066924,0.01740862291057401,0.02515395341376192,0.016515463113332813,0.019958661878126012
2021-03-11,0.030850608760563114,0.007856082834124204,0.0242175697983395,0.030850608760563114,0.023247238927622704,0.026240905342986804
2021-03-12,-0.008861499158513308,-0.002255638790821241,-0.00706199692539862,-0.008861499158513308,-0.006771074944198606,-0.00900927037375795
2021-03-13,0.06896620414852328,0.020703479230187824,0.06876221943999286,0.06896620414852328,0.06872954113963094,0.06896620414852328
2021-03-14,-0.02256816563039077,-0.005564428915484596,-0.016515967232545573,-0.02256816563039077,-0.016057381344734716,-0.02256816563039077
2021-03-15,-0.06317431725254086,-0.01591976440781046,-0.04852325572603916,-0.06317431725254086,-0.04272904232710255,-0.06317431725254086
2021-03-16,0.006759025634028637,0.0013823201345953603,0.0028840673781763545,0.0055775137654474165,0.002641512137005704,0.006759025634028637
2021-03-17,0.0386301367560371,0.010337350221388104,0.03163005243284533,0.038477860951791856,0.030512411551677925,0.0386301367560371
2021-03-18,-0.016215685486910658,-0.0039469998399176585,-0.011468459041879172,-0.016215685486910658,-0.010967565407476267,-0.015672985137618327
2021-03-19,0.007563327362861916,0.001983684944169181,0.006271645650904436,0.007563327362861916,0.005981394438372903,0.0075276601988843745
2021-03-20,0.0013712456531291828,0.0003853658816100794,0.0012202571004692484,0.0013712456531291828,0.0011807636442276042,0.0013712456531291828
2021-03-21,-0.013733574888809663,-0.00494097687962076,-0.013733574888809663,-0.013733574888809663,-0.013733574888809663,-0.013733574888809663
2021-03-22,-0.052130607866918255,-0.017912197351135334,-0.052130607866918255,-0.052130607866918255,-0.052130607866918255,-0.052130607866918255
2021-03-23,0.002028801283970205,0.0005175274895654959,0.002028801283970205,0.002028801283970205,0.002028801283970205,0.002028801283970205
2021-03-24,-0.036071670328352234,-0.01221703776276489,-0.036071670328352234,-0.036071670328352234,-0.036071670328352234,-0.036071670328352234
2021-03-25,-0.019931138516077973,-0.005775132010480867,-0.019931138516077973,-0.019931138516077973,-0.019931138516077973,-0.018897460397939013
2021-03-26,0.06345130254054698,0.01875686712238796,0.06345130254054698,0.06345130254054698,0.06345130254054698,0.06339670053564056
2021-03-27,0.021926800073134523,0.005776972700442817,0.019472246835377436,0.021926800073134523,0.020673764039396105,0.021926800073134523
2021-03-28,-0.0054766165098713016,-0.0015736194563113523,-0.0055836769469984745,-0.0054766165098713016,-0.005531270278811639,-0.0054766165098713016
2021-03-29,0.033352968535058425,0.011004407500675769,0.033352968535058425,0.033352968535058425,0.033352968535058425,0.033352968535058425
2021-03-30,0.019338044013990308,0.005573110330391194,0.019338044013990308,0.019338044013990308,0.019338044013990308,0.01916455761518621
2021-03-31,0.0018343233162252393,0.0005492039990643503,0.0018343233162252393,0.0018343233162252393,0.0018343233162252393,0.0018257931744532598
2021-04-01,0.0004555412685245397,0.0001187510768746158,0.0004555412685245397,0.0004555412685245397,0.0004555412685245397,0.0004555412685245397
2021-04-02,0.0036137473161916844,0.00130799882745856,0.0036137473161916844,0.0036137473161916844,0.0036137473161916844,0.0036137473161916844
2021-04-03,-0.02963067830624133,-0.01094044419232091,-0.02963067830624133,-0.02963067830624133,-0.02963067830624133,-0.02963067830624133
2021-04-04,0.016057461520674554,0.004815805173646026,0.016057461520674554,0.016057461520674554,0.016057461520674554,0.015267114129854986
2021-04-05,0.009512581024525124,0.00309947251347922,0.009512581024525124,0.009512581024525124,0.009512581024525124,0.009466246615981295
2021-04-06,-0.011433518150945732,-0.004064717674937863,-0.011433518150945732,-0.011433518150945732,-0.011433518150945732,-0.011433518150945732
2021-04-07,-0.031286234914978395,-0.010947022075097299,-0.031286234914978395,-0.031286234914978395,-0.031286234914978395,-0.031286234914978395
2021-04-08,0.030151152681066273,0.008975535055186553,0.030151152681066273,0.02419203691628545,0.030151152681066273,0.027035013021285335
2021-04-09,0.0015254115785650058,0.00045068495319636973,0.0015254115785650058,0.0012393512582943842,0.0015254115785650058,0.0014072616257803454
2021-04-10,0.027558102646279226,0.009447927703522433,0.027558102646279226,0.027377742094582085,0.027558102646279226,0.027523620977102897
2021-04-11,0.004716920463411434,0.0014225718647678254,0.004716920463411434,0.003648984686375023,0.004716920463411434,0.004154516676237864
2021-04-12,-0.0004504080184180026,-0.00019863238015728712,-0.0004504080184180026,-0.0006372106482378945,-0.0004504080184180026,-0.0005487833221804007
2021-04-13,0.059087665667233225,0.021559278106613042,0.059087665667233225,0.059087665667233225,0.059087665667233225,0.059087665667233225
2021-04-14,-0.009080887865054565,-0.0027319619115682044,-0.009080887865054565,-0.009080887865054565,-0.009080887865054565,-0.009080887865054565
2021-04-15,0.005752669023144197,0.0018555361624562109,0.005752669023144197,0.005752669023144197,0.005752669023144197,0.005752669023144197
2021-04-16,-0.026253714436491826,-0.00941954740460413,-0.026253714436491826,-0.026253714436491826,-0.026253714436491826,-0.026253714436491826
2021-04-17,-0.020955183573730718,-0.00644883014044389,-0.020955183573730718,-0.020955183573730718,-0.020955183573730718,-0.019666982978894233
2021-04-18,-0.06455311271782826,-0.01967789496880389,-0.06455311271782826,-0.06455311271782826,-0.06455311271782826,-0.0646176674030847
2021-04-19,-0.010488128038629974,-0.0027770812582538695,-0.009120483649535717,-0.010488128038629974,-0.009675187847651943,-0.010488128038629974
2021-04-20,0.012119341556830365,0.003608404148261983,0.011975198857287733,0.012119341556830365,0.012033661832898708,0.012119341556830365
2021-04-21,-0.04335726137607909,-0.014580668533111704,-0.04335726137607909,-0.04335726137607909,-0.04335726137607909,-0.04335726137607909
2021-04-22,-0.03967992664178588,-0.011133410715151493,-0.03967992664178588,-0.03967992664178588,-0.03967992664178588,-0.03967992664178588
2021-04-23,-0.017870334239578844,-0.0047810983375310865,-0.016352847834613486,-0.017870334239578844,-0.016533984845130575,-0.017870334239578844
2021-04-24,-0.01324625268835622,-0.00377576278153136,-0.013336202678878946,-0.01324625268835622,-0.013274907935016652,-0.01324625268835622
2021-04-25,-0.026511715798318236,-0.008223501229434728,-0.026511715798318236,-0.026511715798318236,-0.026515264642440896,-0.026511715798318236
2021-04-26,0.102078069838627,0.02897233842177653,0.102078069838627,0.102078069838627,0.102078069838627,0.102078069838627
2021-04-27,0.020089241896608767,0.0041179265198500415,0.008651438588527906,0.006253689462398811,0.008432928251160982,0.01027220054883669
2021-04-28,-0.004355173690573699,-0.0010654479738702125,-0.003172208994167907,-0.004029685970834276,-0.002952547029698224,-0.003180229168102074
2021-04-29,-0.022273332694120684,-0.006672760727786173,-0.021361982090813133,-0.022456620045067148,-0.022126805463947068,-0.02189572738834974
2021-04-30,0.07792777074473078,0.021554233434773102,0.07017551830603853,0.07792777074473078,0.0768621702020424,0.0763668734937508
2021-05-01,0.002115395232091144,0.0004392589208274981,0.0011440561900707006,0.0009568917997251847,0.0011130020274402938,0.0007487459142371134
2021-05-02,-0.02231098248417518,-0.006522579492174249,-0.020682339484755865,-0.022682846516203097,-0.02263709179182676,-0.02220730370725284
2021-05-03,0.011851051602762341,0.003225977929161079,0.010438180403542087,0.011492972876573445,0.011851051602762341,0.011342048352864793
2021-05-04,-0.06147354475947642,-0.01934082491327632,-0.06159007015865343,-0.06150140852792568,-0.06147354475947642,-0.061514984438168815
2021-05-05,0.06734251733145169,0.016882622870035,0.052432219859082516,0.043715824760846574,0.05454230574932575,0.03955100993376523
2021-05-06,-0.014207253288354593,-0.00325867512964787,-0.009294426389300631,-0.0073400911130897355,-0.009389173338119595,-0.006614129428038965
2021-05-07,0.014395074828318588,0.003671103210708682,0.010969989283428407,0.013125125822705724,0.011398907986620506,0.01385094401088828
2021-05-08,0.024329114851570965,0.007106814055195652,0.022945685546970563,0.024271170350608925,0.024131613717846292,0.021856579149412365
2021-05-09,-0.007622230064996849,-0.0021653441504921947,-0.007155232071652262,-0.007622230064996849,-0.007622230064996849,-0.006609065563790353
2021-05-10,-0.04092575609435567,-0.01331970231478716,-0.040988804401445436,-0.04092575609435567,-0.04092575609435567,-0.04106400984629962
2021-05-11,0.012685827692684448,0.003440297351974168,0.011720800824034554,0.012685827692684448,0.012685827692684448,0.012364334993322972
2021-05-12,-0.09962088146587467,-0.031064387902942022,-0.09969139432708551,-0.09962088146587467,-0.09962088146587467,-0.09964437238703637
2021-05-13,-0.03146294897873925,-0.00634939399363544,-0.01605939110535352,-0.009900581857966403,-0.012132817367852312,-0.008862073584903908
2021-05-14,0.012736460883461698,0.0025515078185855927,0.006419149136810243,0.006040210346823169,0.0049669349784531285,0.004542734301531306
2021-05-15,-0.05899172376508699,-0.014025223213006784,-0.03861718233864509,-0.05166468385261452,-0.03380780419853189,-0.05030667821732141
2021-05-16,-0.021796047086603876,-0.004379543695269121,-0.01103022394538157,-0.014947760609016265,-0.008777477863291748,-0.013042997366233147
2021-05-17,-0.054975458129251864,-0.011560970302229334,-0.030027237861102698,-0.04760552075557348,-0.025983372969335637,-0.04018019798438843
2021-05-18,-0.01615422842008951,-0.0031214746693285006,-0.007605950310730368,-0.010380688096802558,-0.0050994549560925,-0.0055002515846086265
2021-05-19,-0.12029241222460307,-0.02543307325546986,-0.06522360601010647,-0.10100708909925794,-0.04632447894232692,-0.08615121423629606
2021-05-20,0.0838647929435663,0.013250885146936812,0.02707330205799269,0.007068690452100208,0.016485454178592738,0.008666705339016383
2021-05-21,-0.08885108250017115,-0.014102340439310185,-0.0289417807440995,-0.007970286846110298,-0.017121444217990778,-0.01026643161591626
2021-05-22,0.012618618360105582,0.001990279223366542,0.0040628472587683866,0.0007601840288161954,0.0022131763467750296,0.0012311817799334605
2021-05-23,-0.07622082668937635,-0.012469505306509724,-0.026193759214029885,-0.010938753546035865,-0.01655208474814633,-0.012130429574793915
2021-05-24,0.11089258978984473,0.01769883906934382,0.03649571666329857,0.009184874134130872,0.021199085396817842,0.012430645849636799
2021-05-25,-0.009335599910031633,-0.0014743410214740546,-0.0030129448009310164,-0.0005471417191644828,-0.001685824495870866,-0.0008689461098980333
2021-05-26,0.02417280786588294,0.003941792005091519,0.008259582914088274,0.0024152077090872225,0.005184046764569343,0.0029884593116110227
2021-05-27,-0.017451315694344327,-0.002960712884627125,-0.0064099155004426435,-0.003120319463357306,-0.004590459507846258,-0.0032427023505298934
2021-05-28,-0.07567058524829617,-0.013549054679884008,-0.030466772259482255,-0.02100819815064797,-0.024755284874378294,-0.020284096111156506
2021-05-29,-0.02570179602638656,-0.0042270786633317875,-0.008940489447469292,-0.0024624030167069437,-0.0058754654035099,-0.0030062645080929135
2021-05-30,0.02797864843774356,0.004711048606891249,0.010160053326632694,0.0043685644691689555,0.00728376690320057,0.004496821152657448
2021-05-31,0.04658359320043881,0.008124310621313928,0.018041092403653848,0.013651327556838847,0.014488233643079593,0.013103335915410326
2021-06-01,-0.017463007984459877,-0.0030556193089009104,-0.00682263815373135,-0.007230542007838615,-0.005708164195322837,-0.00670481070678018
2021-06-02,0.026678690355316226,0.004974125988953457,0.011570747700565065,0.01609609939964422,0.010932537064717862,0.015624188488258636
2021-06-03,0.04040161348553206,0.007816393791227276,0.01890538130638567,0.03202131421691024,0.019814127647815857,0.03278791833409356
2021-06-04,-0.05811460972500715,-0.011255558100733865,-0.027493868802184365,-0.058317425052728585,-0.030294747046066235,-0.0582021763344543
2021-06-05,-0.039984583615637614,-0.007220146085175288,-0.016573465523908287,-0.03229190816982704,-0.015672333694189976,-0.0328361861093854
2021-06-06,0.008783985297603714,0.001577565907919522,0.003603353255724806,0.007272016447958628,0.0033625220133984466,0.006955774693939577
2021-06-07,-0.05586962031912557,-0.011873767271815038,-0.02966972425659616,-0.05603851102351698,-0.033791901969682916,-0.056075214858790114
2021-06-08,-0.007408732743910629,-0.0013995278258172642,-0.0033177885243991434,-0.007021394376365398,-0.0032182912868324535,-0.007408732743910629
2021-06-09,0.11644314488864449,0.02552273895371411,0.06548614849162739,0.11638270573740772,0.0767646963912922,0.11644314488864449
2021-06-10,-0.014635882570922076,-0.0024485208883840747,-0.005254816553346655,-0.0045230751049298796,-0.003826524025263132,-0.004496032210558841
2021-06-11,0.009759161640940262,0.0016737687737033644,0.0036389049258153303,0.005038376387267333,0.0028454809735431637,0.004592424307286202
2021-06-12,-0.04077466224300752,-0.008129568680882432,-0.01926912556854697,-0.035622140978033366,-0.01970788863613433,-0.029239064032604168
2021-06-13,0.09129026636378024,0.016922719436049807,0.03977486424891901,0.06753999002659838,0.03973017820123492,0.059748639942940114
2021-06-14,0.03931047055628212,0.006516822080366776,0.013877585929743438,0.010191841510302113,0.010141881746142205,0.009215894930017857
2021-06-15,-0.00496703881243854,-0.0008456381167007123,-0.001843016533031378,-0.002251762745826697,-0.001510990181193441,-0.00186388929825856
2021-06-16,-0.04941311432919482,-0.00955174979021487,-0.022272980106521092,-0.03626739876388647,-0.018759746727125305,-0.04081209072220642
2021-06-17,-0.006452293986894508,-0.0011657473883809981,-0.0026588666565923983,-0.003667393835631237,-0.0020849282079560523,-0.0035177061785547055
2021-06-18,-0.06061055734444376,-0.012695836025278004,-0.03139730445016836,-0.04969033619399005,-0.028705507830638043,-0.04959821019618775
2021-06-19,-0.004433395824852471,-0.0008290249244845455,-0.0019395049726643968,-0.0023370101210615536,-0.0015917778296973522,-0.0020739732593505994
2021-06-20,0.0012365145390642596,0.00023163118479679526,0.0005431606385919758,0.0006554694809616838,0.0004455276407825243,0.0005732565674387073
2021-06-21,-0.10912326849520748,-0.03113437998658048,-0.09364303508525026,-0.10922584613053181,-0.10249379251138166,-0.10925224577682265
2021-06-22,0.021421797509497686,0.003435710998595057,0.007076030008085404,0.002324158280187305,0.004000545487654662,0.002880924861008569
2021-06-23,0.0375353572743522,0.006534774923833995,0.014422308508317994,0.012412475662855423,0.010261067300168668,0.012125727985564884
2021-06-24,0.03119489928513497,0.005506195142560417,0.012380675648034491,0.01719645070201065,0.0095506316506688,0.01746192167024945
2021-06-25,-0.0858499092329883,-0.015655866469832972,-0.03618375410414992,-0.06443600809180078,-0.03102665126588089,-0.0629357919403017
2021-06-26,0.006538836464644593,0.0010438479974985272,0.00214821729111864,0.000714943603560006,0.0012153659971168974,0.0008991734021604034
2021-06-27,0.08202443605764409,0.014516628660658913,0.031953713681004435,0.03688023880740606,0.023904249948187243,0.036775023380410096
2021-06-28,-0.003776178163590549,-0.0006325801795417304,-0.0013515797868879826,-0.0010732777424788083,-0.0009160973827684109,-0.001080454516680692
2021-06-29,0.0453101331212149,0.008169503710047899,0.01819271873433931,0.021111317173063377,0.01439220490019347,0.0204641276666316
2021-06-30,-0.024164229524062053,-0.004263125508605958,-0.009574231297868732,-0.012590419685145135,-0.007758716343224708,-0.012632422416044242
2021-07-01,-0.0444992133577683,-0.008139886875489728,-0.018813945709362796,-0.027861979301627607,-0.0164597884754541,-0.030573633733368816
2021-07-02,0.008293233409939038,0.0014818217962063267,0.003371172853911347,0.005258970267252461,0.002772517447461038,0.006311805999614336
2021-07-03,0.023836830170297363,0.005011640337286203,0.012443303925063582,0.022382105313152417,0.012864604093242003,0.023608561175006496
2021-07-04,0.022186267507017687,0.004826546370380297,0.012687536379100105,0.021268622888768903,0.014209684003507821,0.01953929069711773
2021-07-05,-0.04083804901570276,-0.009488195292330777,-0.02646086174955045,-0.03962285765537895,-0.03200432542334826,-0.04095221041788182
2021-07-06,0.006258235084010577,0.0013502247078439951,0.00365659206451255,0.0061780562278137595,0.004318477573277185,0.005188086808960402
2021-07-07,-0.005637177170596863,-0.0015930096932477709,-0.004882475851786526,-0.005646715035153764,-0.005934685860514441,-0.005784616356936755
2021-07-08,-0.03277058836683078,-0.010734127406042288,-0.03294564608602967,-0.03277058836683078,-0.03277058836683078,-0.03277058836683078
2021-07-09,0.03337089898736778,0.009025708268619021,0.030156213136887152,0.03161996866254301,0.03337089898736778,0.03337089898736778
2021-07-10,-0.008961707247907347,-0.0024307504684521856,-0.008080204207876873,-0.008326259742053544,-0.008961707247907347,-0.0071578082438520626
2021-07-11,0.019264425174085442,0.005955511261795249,0.019165454724229168,0.019191010609189985,0.019264425174085442,0.01903785329095957
2021-07-12,-0.032786239902216296,-0.01025519423040326,-0.032786239902216296,-0.03180709060095601,-0.032786239902216296,-0.032239164140113845
2021-07-13,-0.014886266451953123,-0.0042277750219229734,-0.014508835455054273,-0.01354416952077639,-0.014886266451953123,-0.012466787159371216
2021-07-14,0.00478857524325349,0.0014305775788503187,0.004761395079441657,0.004694144335710323,0.00478857524325349,0.00461557926818634
2021-07-15,-0.033251570872326996,-0.011537780149716001,-0.033251570872326996,-0.033251570872326996,-0.033251570872326996,-0.033251570872326996
2021-07-16,-0.007946730103835842,-0.0023502219757418636,-0.007946730103835842,-0.006665552002186889,-0.007946730103835842,-0.006756771400723935
2021-07-17,0.0029321733603566713,0.0009178364862070273,0.0029321733603566713,0.0027477444157311256,0.0029321733603566713,0.002760875687160064
2021-07-18,0.005063804387916315,0.0017804157243882827,0.005063804387916315,0.005063804387916315,0.004685045622545208,0.004079357564424386
2021-07-19,-0.025994758570849763,-0.009576750217485419,-0.025994758570849763,-0.025994758570849763,-0.026057220804315915,-0.015110631649277548
2021-07-20,-0.03616212935637586,-0.011042337993211504,-0.03616212935637586,-0.02813386564683201,-0.0360442717573458,-0.020620533233152646
2021-07-21,0.07904815951484334,0.022748903446476898,0.07904815951484334,0.06999088547485623,0.07756781414745614,0.0786183608846051
2021-07-22,0.005831450859829168,0.0014663690633062653,0.004556349650691855,0.005718329003053571,0.0037503184354712583,0.005831450859829168
2021-07-23,0.035058520646947366,0.010855453372059159,0.03487186905048559,0.035058520646947366,0.03475116756420439,0.035058520646947366
2021-07-24,0.021750231617241322,0.005942812316678409,0.02002840481978638,0.02066626243307279,0.02117502006362349,0.01997223526011872
2021-07-25,0.027893147246361716,0.008022141273483588,0.027289306108207245,0.02784550073434348,0.02786786347944033,0.02460590916800824
2021-07-26,0.06619730113306943,0.018704492078162507,0.06386427996621774,0.06567850043739798,0.06619730113306943,0.06608082399958125
2021-07-27,0.04491300697095335,0.011526269283407884,0.03649027766340046,0.04255903566009722,0.03765673172120666,0.028345337811728925
2021-07-28,0.020769885329225746,0.0053755357818651315,0.013966024425849618,0.017351039228791654,0.019135125646093844,0.020409036187506367
2021-07-29,0.0036798527201611364,0.0010033976247754903,0.002755334069082112,0.0031077701670744616,0.0016647861888090558,0.0036798527201611364
2021-07-30,0.042496026467082615,0.013960308919252713,0.04227081953607057,0.031331665376500256,0.004888184829180852,0.042496026467082615
2021-07-31,8.726199956887726e-05,-2.4068305000097648e-05,-5.908476131408001e-05,-1.8270648881529467e-05,-3.2188716968363596e-05,8.726199956887726e-05
2021-08-01,-0.04365159471880398,-0.01449293490296496,-0.04378619591055075,-0.036050363411480046,-0.013841816401230429,-0.033422780177383864
2021-08-02,-0.016632469844141684,-0.0047296656737188395,-0.014576589095553451,-0.01441815013278634,-0.0038113110055737844,-0.015874639189300356
2021-08-03,-0.025833403055487425,-0.007765177268612083,-0.024387894045261354,-0.021500357465863863,-0.009418774023283526,-0.021800511352633695
2021-08-04,0.03878640663311428,0.011097051842850775,0.03436146695401632,0.03289493366325174,0.015759706305289497,0.03740297268213895
2021-08-05,0.029359422941489077,0.008165786871785447,0.024650100379826147,0.025235014299281683,0.012495703474484011,0.029327048482163283
2021-08-06,0.045154674386731486,0.012667303365441794,0.038213820553169096,0.03465968783622413,0.022731564909279554,0.045154674386731486
2021-08-07,0.039601054151909176,0.010751222531851514,0.031026223949012898,0.0316004704945789,0.020700252842232772,0.039601054151909176
2021-08-08,-0.01152300131806383,-0.003094218276320942,-0.008729091047149381,-0.009544925570205939,-0.0066040509176900864,-0.01152300131806383
2021-08-09,0.052154228576647865,0.01577268336398854,0.04769757995920015,0.043318280377207946,0.04209415035510578,0.036948172388001056
2021-08-10,-0.01679110356610114,-0.0045490168897684155,-0.012939334953144465,-0.014438649758393846,-0.012133241095040641,-0.017077177818250616
2021-08-11,0.004122666124295016,0.0011706106822240762,0.0034175937514781133,0.003397325833052929,0.0034219557283195765,0.002364336484112729
2021-08-12,-0.02781699217250344,-0.00939536761536832,-0.027966340818519893,-0.023801985383302617,-0.025569484722678885,-0.02816023719326385
2021-08-13,0.07457901579812298,0.021709823310177512,0.06950323116708401,0.06087876488029209,0.058220702385078066,0.07457901579812298
2021-08-14,-0.012433184143416876,-0.00330304361483804,-0.009115753529611803,-0.00967761141760905,-0.007449685471388502,-0.012433184143416876
2021-08-15,-0.0010575109638926161,-0.0003465849803383132,-0.0010801800877985178,-0.0008825842361118942,-0.0010795711616992372,-0.0010420364545804554
2021-08-16,-0.023147432171728544,-0.007937415778607453,-0.02327458334465053,-0.018179916042759783,-0.023339311358798295,-0.013047139563068438
2021-08-17,-0.027631419988923156,-0.008425346189119588,-0.02735370373311746,-0.023212510570957093,-0.027631419988923156,-0.02147321433246367
2021-08-18,0.005373404941378945,0.0015418203680283196,0.004901532583553296,0.00438477161770522,0.005373404941378945,0.005142815448621083
2021-08-19,0.037649242853577736,0.012547493080185454,0.03757356893904433,0.03170684862681508,0.037649242853577736,0.01807348084502383
2021-08-20,0.05560875943744348,0.016140699513738574,0.052797063308837267,0.04304904447250314,0.05560875943744348,0.05510226149432163
2021-08-21,-0.0034644951211895147,-0.0009803834499455919,-0.003054889041556584,-0.0031059544199422465,-0.0034644951211895147,-0.0034644951211895147
2021-08-22,0.0059725633964387015,0.001908681517254108,0.005826514352448491,0.0047358056701805136,0.0059725633964387015,0.0027036741448524743
2021-08-23,0.004609906512687001,0.001599799139324152,0.004609906512687001,0.0037953801867672042,0.004609906512687001,0.003004152315606718
2021-08-24,-0.03357500969608418,-0.012129944781225047,-0.03357500969608418,-0.03148189153935884,-0.03357500969608418,-0.0072758180194558
2021-08-25,0.02246082475031863,0.006611958920245018,0.02246082475031863,0.01485592297069938,0.02246082475031863,0.021663150581621635
2021-08-26,-0.036977264290016576,-0.011310251664606122,-0.036977264290016576,-0.02793627568912359,-0.028520957568961846,-0.036977264290016576
2021-08-27,0.03937522805605176,0.011314728260439107,0.03633010359804111,0.030345868496828913,-0.000764954148461997,-0.001
2021-08-28,-0.003996185146276865,-0.001136859787159107,-0.003576264333127127,-0.003131559474927439,-0.0,-0.004996185146276865
2021-08-29,0.0019626266746179954,0.0006004694775428778,0.0018476470645029555,0.0016377483065167094,0.0,-1.2736752454232448e-05
2021-08-30,-0.0372347487701008,-0.013252458311472416,-0.0372347487701008,-0.03600182220201759,-0.0035694184994619097,-0.017739637028944686
2021-08-31,0.0019835395036034154,0.0005190119952764126,0.0018962595296114588,0.0008856931771943518,0.00014165539966527998,0.0014562214690430697
2021-09-01,0.031116406779607697,0.010473390899765652,0.03108715294405883,0.030736665567281874,0.008528405797479538,0.0219617851032209
2021-09-02,0.013987865554918821,0.004135162726287328,0.013948214242782362,0.009034538727472638,0.004247281128746943,0.01370282053916695
2021-09-03,0.00994433872921796,0.0032077016325293395,0.00994169316824791,0.008183351879607004,0.004252929208823147,0.00994433872921796
2021-09-04,0.0011841710304034692,0.0003890642596379068,0.0011841710304034692,0.0010137332790944623,0.00046197185609538055,0.0011841710304034692
2021-09-05,0.036620227615887346,0.013188129356261005,0.036620227615887346,0.03656319128237194,0.02908857304127187,0.036620227615887346
2021-09-06,0.01725575216544173,0.005094226239881261,0.01725575216544173,0.009217139514109834,0.010511991160540425,0.01725575216544173
2021-09-07,-0.10991875185876254,-0.034998813662029706,-0.10991875185876254,-0.07443243747846508,-0.08439688115986013,-0.10991875185876254
2021-09-08,-0.01422331443074032,-0.003040836292239792,-0.004900225970553032,-0.004323405716713923,-0.0008382382963341132,-0.004407552454221353
2021-09-09,0.005646471712527967,0.0012792009717253706,0.0022276545646896773,0.0030996452141884936,0.0003496997224565799,0.004904164477232994
2021-09-10,-0.03624421223104701,-0.010626560880059598,-0.027672710882264293,-0.02514859876869792,-0.012744762696134357,-0.021837128339178166
2021-09-11,0.0074458620930411,0.0018082793683302926,0.004281911483582598,0.005671567064498803,0.0014489609176370722,0.007037083375065458
2021-09-12,0.023992341493799252,0.007187131486353469,0.02051594394889821,0.017743258022300663,0.014512870150817295,0.01884194018233218
2021-09-13,-0.025748691181160632,-0.007470977177449217,-0.022194144223444408,-0.021495697372646703,-0.01755459726018765,-0.022306330703971942
2021-09-14,0.04514396348542005,0.012573987060645067,0.03705676550068015,0.03852194804156951,0.030935446481850683,0.04260079995781141
2021-09-15,0.024340873867946478,0.006522651274767238,0.01836388292351548,0.020142371986697473,0.01629810813390777,0.024286353013987884
2021-09-16,-0.007678692667972609,-0.002150834081402857,-0.006250267863121123,-0.00666131707833441,-0.005502534366508917,-0.007678692667972609
2021-09-17,-0.012208510701222308,-0.003957840852904657,-0.0124010884120859,-0.009314289369017126,-0.011761153865272662,-0.012208510701222308
2021-09-18,0.020973097815149,0.0069635837772522935,0.020973097815149,0.013362145895854546,0.020917368217407084,0.020973097815149
2021-09-19,-0.020445178332667124,-0.0065276527009218615,-0.020445178332667124,-0.014609719426548415,-0.020445178332667124,-0.019786751135728652
2021-09-20,-0.0923995055831267,-0.028502043051522083,-0.0923995055831267,-0.06565462452077196,-0.0923995055831267,-0.09243336627525686
2021-09-21,-0.05434589274498969,-0.012605211812048028,-0.025673462764597924,-0.034651841485587365,-0.026974953185585935,-0.03602860710231021
2021-09-22,0.07528614378027165,0.015809430919484932,0.024200224947619503,0.04585147431545908,0.026886749637972645,0.05713794358672587
2021-09-23,0.02945839975954656,0.005553765789199027,0.005533601007907301,0.012416863062178334,0.0056553342389378276,0.017077474991797247
2021-09-24,-0.045874515943413186,-0.00894404691126078,-0.010247403581437255,-0.03101558108544651,-0.012265885059334927,-0.03413957875051918
2021-09-25,-0.001589640628890665,-0.00030513454270388377,-0.0003284855346631209,-0.0010444297335460964,-0.0003874590632643213,-0.0011754177583104763
2021-09-26,0.009267015090823616,0.0020660382478155915,0.0031835662986835463,0.006091258558612571,0.0042856764632507325,0.006927490160178775
2021-09-27,-0.014711103955228344,-0.004205576231886605,-0.010391166767397835,-0.009563554978107864,-0.01401334835571589,-0.006680984936993841
2021-09-28,-0.0299551823492471,-0.00893789841732664,-0.025211844490587724,-0.021653522361876686,-0.030030847960190142,-0.018620787895581963
2021-09-29,0.005583202311306268,0.0014526792312489576,0.003941077008940169,0.004274582455747051,0.004844347866558706,0.003915755321296859
2021-09-30,0.05614903211989497,0.017840433906553887,0.055153692524907476,0.038913856194574284,0.05603679399055281,0.03338130106474963
2021-10-01,0.09813690766758798,0.02647759599963777,0.07566589006961087,0.07825189101903192,0.09545823386087882,0.0701208980378183
2021-10-02,-0.0059422517220831805,-0.001337854846137977,-0.00255983223351706,-0.0023077546514213006,-0.0039625610642284,-0.0021433602595255213
2021-10-03,0.008582607004221643,0.002226028969355308,0.0049528594133696,0.0056832897007624335,0.007537684453731609,0.004232890044911403
2021-10-04,0.022527371483124448,0.007074870569204461,0.0206005749717161,0.016464123745970647,0.02244167204374816,0.014071463830018513
2021-10-05,0.04604619659604681,0.013809148221127053,0.042306553723905294,0.03876665787872821,0.04604619659604681,0.03570621325842039
2021-10-06,0.07490103154196759,0.020476285249812227,0.0599670363802257,0.06380154914947797,0.07490103154196759,0.06607758763510337
2021-10-07,-0.029134776498978,-0.007194247951337957,-0.017048278906620095,-0.017419205272474852,-0.02573548107904235,-0.023011438526798288
2021-10-08,0.0023858433964853987,0.0005841245123551378,0.0013397796708640444,0.0015946529062415748,0.0021376247950694403,0.0020177032688806357
2021-10-09,0.019976347411407636,0.00601477994518125,0.01705615856983869,0.01372271244760335,0.01988442016816616,0.009721056821159873
2021-10-10,-0.005628750782712633,-0.001711708654590417,-0.005276379946334497,-0.004433560816387965,-0.005628750782712633,-0.0036621262425945806
2021-10-11,0.0473098027854113,0.016046806732638873,0.047236878199175186,0.03512901376756495,0.0473098027854113,0.03203544047019267
2021-10-12,-0.01907873483371192,-0.005511645813428696,-0.017448203704182166,-0.016371084332002343,-0.01907873483371192,-0.019400548440878275
2021-10-13,0.020512276659049533,0.006096229252384572,0.019397231093434747,0.01710405610170811,0.020512276659049533,0.012753386166507478
2021-10-14,0.0006128110924945585,0.0001792765556146211,0.0005645192959210179,0.0005105186481082535,0.0006128110924945585,0.00025213841170332584
2021-10-15,0.07078705701162447,0.02443510033302085,0.07077612745462859,0.05770589368014763,0.07078705701162447,0.05130361084996371
2021-10-16,-0.008365395511970797,-0.002414159746119242,-0.00736155265184261,-0.0068025872632818144,-0.008094153574300133,-0.008636801625728961
2021-10-17,0.008700824039556965,0.0027489125735770093,0.008564532260181822,0.00727469224700778,0.008663997512423449,0.001869160180226672
2021-10-18,0.008376449130271801,0.0028751548601453412,0.008376449130271801,0.007483676592915497,0.008376449130271801,0.006173145674634353
2021-10-19,0.037333818310102185,0.013277207939309123,0.037333818310102185,0.034543509763622346,0.037333818310102185,0.01545294747452001
2021-10-20,0.027545093758480688,0.008133901379978329,0.027545093758480688,0.021140882838719646,0.027545093758480688,0.026968994237478127
2021-10-21,-0.0558251687832213,-0.01664962272890789,-0.05549623528769817,-0.044858512413190325,-0.0558251687832213,-0.05509432410416134
2021-10-22,-0.02601919429438393,-0.007223651319589929,-0.02172808008005914,-0.023422769421594863,-0.02601919429438393,-0.026032524753647077
2021-10-23,0.008215758178595545,0.002279701029214193,0.006722211670930307,0.006836434050429353,0.008215758178595545,0.008215758178595545
2021-10-24,-0.0062797560436610445,-0.0020762749907015927,-0.006460405270573978,-0.005198381162116703,-0.0062797560436610445,-0.0047261994518236145
2021-10-25,0.035590403983220886,0.012343658503586732,0.035590403983220886,0.02943974197674702,0.030027218629100103,0.035296156184839625
2021-10-26,-0.04184709855034663,-0.012376392546531861,-0.04090419765660009,-0.029462811027244625,-0.027580023883328204,-0.04184709855034663
2021-10-27,-0.030311701191742202,-0.00889051515224572,-0.02528301735100372,-0.021779239078869365,-0.018692186228691624,-0.030311701191742202
2021-10-28,0.034172167421969046,0.009930332881557162,0.027516343693286014,0.023686109951099984,0.020093143367812052,0.034172167421969046
2021-10-29,0.027511685439850497,0.007942501877204819,0.021754561312085453,0.0190365007860119,0.01568996822324367,0.027511685439850497
2021-10-30,-0.007839992305417098,-0.0022929383885516314,-0.006320182107268451,-0.005439723318364583,-0.004976235143982853,-0.007839992305417098
2021-10-31,-0.00501995187018478,-0.0016875059416624218,-0.005076088784454704,-0.004796818821272367,-0.004841349813271149,-0.0042700467055811
2021-11-01,-0.005548730645368094,-0.001964692384477723,-0.00557188687066862,-0.005055674225231494,-0.001667650070529041,-0.005735276452089211
2021-11-02,0.03163506127285598,0.011261008129611167,0.03163506127285598,0.031064729797621368,0.01611412998611634,0.018040106927296313
2021-11-03,-0.001091086750978687,-0.00038407266044650966,-0.0010838128842551547,-0.0010381102383459594,-0.0005630335976686634,-0.0015076618642255921
2021-11-04,-0.02481244420681017,-0.008598175012233514,-0.02489230068039582,-0.02434325838626549,-0.021184072505095092,-0.01669836447096563
2021-11-05,-0.006320647615593367,-0.0019903733676505187,-0.005936100336854218,-0.004105766467796298,-0.004804367073879403,-0.006661397169287816
2021-11-06,0.0073634390907957314,0.0024813357472643098,0.007291164565865317,0.0058867947749304365,0.007108763352225864,0.005428749019485117
2021-11-07,0.02585264088761363,0.00916250332315421,0.02585264088761363,0.02568500210000106,0.02585264088761363,0.024892162787310424
2021-11-08,0.07134602254157274,0.02250744931608944,0.0685119589185054,0.036091001038231985,0.0704301106831071,0.0666043289168169
2021-11-09,-0.00660583714718288,-0.0019507836301356457,-0.005537427955823188,-0.006248336504667226,-0.005294719626371511,-0.00667178455426842
2021-11-10,-0.034868280504128824,-0.011578870248826981,-0.03480308566533179,-0.034979354636977225,-0.035099906456101296,-0.02959093916097379
2021-11-11,0.003194346099409051,0.0009021434403542049,0.002503099712114936,0.0015508747805068458,0.0024804147035395025,0.0030385265164658993
2021-11-12,-0.013607194733483596,-0.004651443680288267,-0.013773652802612236,-0.013168071434315184,-0.013777407533989051,-0.011449213923522576
2021-11-13,0.004975472899641398,0.0016703661099062325,0.004975472899641398,0.0038453079126409303,0.004975472899641398,0.0036592724647411074
2021-11-14,0.009851804489334981,0.003481249384828226,0.009851804489334981,0.009653150492480745,0.009851804489334981,0.006006650400934582
2021-11-15,-0.019662905316285895,-0.006992964871957427,-0.019662905316285895,-0.019070924032288994,-0.019662905316285895,-0.010109184536207965
2021-11-16,-0.053816733767282576,-0.01747485960169125,-0.05350447741887847,-0.03685292901960026,-0.053816733767282576,-0.0391138401218744
2021-11-17,-0.002788171790558791,-0.0008514881768092545,-0.002500315083042222,-0.002231243881291809,-0.002788171790558791,-0.0030653606565038084
2021-11-18,-0.05585888742312861,-0.01890514069901193,-0.05601655943020894,-0.05609053207549085,-0.05585888742312861,-0.04333893529812915
2021-11-19,0.021479628463642486,0.006139240284719358,0.01674184220200373,0.01360550202562372,0.017230744113212626,0.02121842791308919
2021-11-20,0.029913445903847702,0.009011642296676921,0.025364795307977896,0.02189465785096575,0.027108436333265783,0.02957935893540415
2021-11-21,-0.011997590527438762,-0.0035243671773780116,-0.009824181961778183,-0.00781302152897504,-0.010731214845383093,-0.012008449793227436
2021-11-22,-0.04487447857800564,-0.014393292067150239,-0.04225925531571772,-0.037844679717851076,-0.044981401887509195,-0.03818657079142629
2021-11-23,0.022323879350616416,0.006370457992287332,0.01724076485828633,0.015536449637954903,0.018910069945405842,0.021345943237906347
2021-11-24,-0.008681744423279514,-0.0026071701703846524,-0.00729309460330589,-0.006576985124051534,-0.008178525564612626,-0.00851531831692364
2021-11-25,0.03267002629168103,0.010781297780873356,0.032154755728533185,0.02959897377813941,0.032602932568627445,0.019832404238129864
2021-11-26,-0.08825887656599818,-0.026290138113375487,-0.07548709277838413,-0.06015890748300391,-0.08825887656599818,-0.08864078331420207
2021-11-27,0.015525186465403129,0.003712948805028635,0.006846286177677852,0.005212971410792355,0.007364217712119215,-0.001
2021-11-28,0.04781998781229402,0.013179788512613963,0.03012758742748839,0.038647261537636576,0.03332828118537403,0.0
2021-11-29,0.011740748060097728,0.00292658361069228,0.006037151010929168,0.007683549974545206,0.006806054518529403,0.0012705497632549737
2021-11-30,-0.014221129632715601,-0.004241973054356085,-0.010798947247419756,-0.011925979656824515,-0.012552867675130775,-0.005590576495515778
2021-12-01,0.001464123000264772,0.0004389521127782115,0.0011372761916980346,0.0010956960948990547,0.0013001071372009637,0.0006449051287888876
2021-12-02,-0.010453125219218595,-0.003661188280625944,-0.010605488310036227,-0.009854677579454045,-0.010512218504820866,-0.006466419799230605
2021-12-03,-0.05145155199962137,-0.017825769636109903,-0.05145155199962137,-0.043365793411843885,-0.05145155199962137,-0.04378639789970684
2021-12-04,-0.08406455032025573,-0.024728064428052497,-0.07005602202054068,-0.05538141097056061,-0.0812450709710853,-0.0662722394010569
2021-12-05,0.00340436739254546,0.0007883730940340185,0.0013061099606298458,-8.261886653208829e-05,0.001754255168053515,0.0005654318710944098
2021-12-06,0.024496306900210874,0.007381349737934681,0.018806219234230672,0.01361962132894234,0.023586338061627903,0.01351044106181543
2021-12-07,0.0007726779986336751,0.00020857648278148865,0.0005484500010696711,0.0004137416795565804,0.0005524543583863657,0.0003853956265907765
2021-12-08,-0.0014595996551638457,-0.0005387199874172719,-0.0017074781207585977,-0.0016568660598987898,-0.0011375306382230997,-0.001683026537820806
2021-12-09,-0.050748481152751546,-0.018052750413717455,-0.050749647050745444,-0.04892952279302796,-0.051151374393488686,-0.032441120257405934
2021-12-10,-0.010442565881653154,-0.003130847379880223,-0.008880412646828397,-0.007436263347783967,-0.007750291102442972,-0.006584377400105128
2021-12-11,0.039727032829193654,0.01287906056002204,0.038377826569439534,0.03399342932933597,0.03492046035628178,0.022594158292515074
2021-12-12,0.0165201480556334,0.004842788909466157,0.013776751442859262,0.011114965380510412,0.013744745785143729,0.0114102880824636
2021-12-13,-0.0668423122081242,-0.02130653172899584,-0.06309240201658821,-0.05144439410926521,-0.0668811282031028,-0.05187413411612277
2021-12-14,0.03221852830099481,0.008830972376851225,0.022089940097370645,0.01545080560449405,0.021123528290060332,0.01839340859146245
2021-12-15,0.0111391645860357,0.003075578644411288,0.00773615787966675,0.0076563561142074365,0.007544997923758464,0.010716201944411056
2021-12-16,-0.023902076633180003,-0.007620051892509671,-0.021616228745390473,-0.02312074614347594,-0.02307824452523568,-0.018630746264080834
2021-12-17,-0.02788268213826861,-0.008245838843084672,-0.022767467479385597,-0.019507891181905875,-0.02407303886681625,-0.028112850365086182
2021-12-18,0.012310268297129445,0.0035332146958279506,0.009545009702254695,0.00859046164144586,0.010361969794154801,0.012310268297129445
2021-12-19,-0.0006064775168568293,-0.00023077507652658564,-0.0007373344674579789,-0.000739689291899003,-0.0007633715153213746,-0.0007721167795221686
2021-12-20,0.0016711289540642937,0.0005585732613255978,0.0016145444776570822,0.0015424172877629534,0.0016711289540642937,0.0010926804441246105
2021-12-21,0.04530528599709083,0.016307614929257617,0.04530528599709083,0.04526957791124348,0.04530528599709083,0.019689972521657325
2021-12-22,-0.007945137344920083,-0.002452964550454298,-0.0072047966873281235,-0.00549475240115569,-0.007945137344920083,-0.008503389885633405
2021-12-23,0.041503079173718316,0.01386094224480749,0.04139648075516674,0.036831141790529695,0.041503079173718316,0.02774327663039716
2021-12-24,0.0013973476954922681,0.00038303975843904166,0.0011038913889684604,0.0004647869806339342,0.0013630793545690138,0.0010736110907375355
2021-12-25,-0.003807974046092344,-0.001344292960165846,-0.003930382784330687,-0.003986639411887408,-0.003822268318461633,-0.002571481007227574
2021-12-26,0.004108595289513461,0.0014478431270808633,0.004108595289513461,0.004055597368137764,0.004108595289513461,0.0005676693823305648
2021-12-27,-3.7971980989981446e-05,-1.8611450632101684e-05,-3.7971980989981446e-05,-3.7971980989981446e-05,-3.7971980989981446e-05,-0.00044612560145152564
2021-12-28,-0.061487329833172955,-0.02226973053315039,-0.061487329833172955,-0.061487329833172955,-0.061487329833172955,-0.015047757826670529
2021-12-29,-0.025228564573999912,-0.007506496981509625,-0.021399798732877364,-0.018807753195715537,-0.025228564573999912,-0.025990409664566734
2021-12-30,0.013603121460542766,0.00402561767455266,0.011403771419815556,0.00932436338732935,0.013603121460542766,0.01171841758984612
2021-12-31,-0.01586638205021096,-0.005192275644988029,-0.015532678120111387,-0.014442361063513754,-0.01586638205021096,-0.01599544376320082
2022-01-01,0.025992643763336654,0.008436337306577276,0.025361824037695258,0.018456225121514996,0.02573702827308658,0.025992643763336654
2022-01-02,-0.0043618920132749706,-0.0013592175368481558,-0.004031894495303833,-0.002878984246541359,-0.003991062443616075,-0.0043618920132749706
2022-01-03,-0.018987895212677297,-0.006547263185070737,-0.01907889513061683,-0.01783276737477571,-0.019095382231227982,-0.013330293608322476
2022-01-04,-0.011785377354758597,-0.0038154879975376625,-0.01153503973021553,-0.008283840724463351,-0.011785377354758597,-0.008139157420715293
2022-01-05,-0.05173657244567742,-0.017396912083538104,-0.05175978328163696,-0.043000262060603686,-0.05173657244567742,-0.04019924678959127
2022-01-06,-0.008866767183141722,-0.0026521593544918407,-0.0075957787909809085,-0.006518976767728091,-0.008512583446450412,-0.009091414179044984
2022-01-07,-0.03783015470992279,-0.012466950480034603,-0.03750935871359695,-0.038106775048982945,-0.037875177491002464,-0.020665771843742044
2022-01-08,0.006914214667385732,0.0019963146233139377,0.005603359339342796,0.003552740811037759,0.006422039513076879,0.006448173104395601
2022-01-09,0.002073829190582188,0.0006542278597024487,0.0019066265438853454,0.0015676314855687732,0.002011640435918116,0.0009388924831063172
2022-01-10,-0.0016603799141169384,-0.0006115665483458429,-0.0016603799141169384,-0.0017362382806338761,-0.0016603799141169384,-0.0009677323693892902
2022-01-11,0.022747415378199243,0.00819827953329118,0.022747415378199243,0.022747415378199243,0.022747415378199243,0.013424349590587907
2022-01-12,0.027891015498406224,0.009039978137631107,0.027891015498406224,0.01739743885647006,0.026366373549057222,0.027484837824563194
2022-01-13,-0.030348726054577613,-0.009377818391974923,-0.028224414145526244,-0.01834101339486753,-0.025367568805791836,-0.02758804602234184
2022-01-14,0.011161557886526063,0.003347103435037763,0.009819482183365908,0.006997232790215274,0.00870422127921646,0.011067493155160826
2022-01-15,0.002413468057918422,0.0007719994415793346,0.002297162444930647,0.001991276679167521,0.0021907124490796706,0.001198561028523251
2022-01-16,-0.0008752076987588175,-0.00033314671645730086,-0.0008752076987588175,-0.0008774120618886644,-0.000880082262138331,-0.0007167424499733657
2022-01-17,-0.02218240822349804,-0.00800942584736324,-0.02218240822349804,-0.022200634441046054,-0.02218240822349804,-0.01780924267585993
2022-01-18,0.005210967722154569,0.0016143549308865717,0.005020515245928812,0.0021039019645040873,0.005210967722154569,0.005010493653730705
2022-01-19,-0.015165950276407658,-0.005327190405707933,-0.015196614173685117,-0.015360793652580666,-0.015165950276407658,-0.014875174547241236
2022-01-20,-0.024686577781820263,-0.008310625029577069,-0.024686577781820263,-0.020762445233964706,-0.024686577781820263,-0.02470710416540151
2022-01-21,-0.10461835655982787,-0.032337795737509056,-0.09707631531189817,-0.056942252236632705,-0.09649146386985559,-0.08239394853478124
2022-01-22,-0.040992121149464045,-0.009543833722132323,-0.016574237062133557,-0.01837973491389939,-0.010925522477046905,-0.025986987395855102
2022-01-23,0.0364225928636841,0.008078294217688714,0.012230693035713142,0.020347221211928293,0.007811302910739446,0.028302965904813404
2022-01-24,0.010715845081442854,0.002379647683310454,0.0036099645385410696,0.0067849930489754925,0.0023192933493304253,0.009628137657147803
2022-01-25,0.007988645600540023,0.002090238257744168,0.00422497868741774,0.006465359758864056,0.003240543107661133,0.0043762849404271505
2022-01-26,-0.003430400546862833,-0.0011277420098386535,-0.001833670764217247,-0.001890803337215709,-0.002229231694860446,-0.0013748058574406257
2022-01-27,0.005325407809108951,0.0017545199625515952,0.0032360223990195954,0.0023626245300054512,0.003296750191379818,0.0029513989919610684
2022-01-28,0.020174804675711533,0.006815286010961309,0.013215624828943433,0.009088738551914678,0.008534781253346968,0.013424940427085424
2022-01-29,0.008457863176746683,0.0026468295696993422,0.004665710412530237,0.002606910881408297,0.003911360665606977,0.004249714541863068
2022-01-30,-0.0027511038181697867,-0.000929117382511037,-0.0018081652364924218,-0.0012914318582363592,-0.0010960754749558975,-0.002135307515473985
2022-01-31,0.012615107556393168,0.004256443761823751,0.008275852732807606,0.005715890361835039,0.007746629328725002,0.00199381679785214
2022-02-01,0.008457334321938514,0.002801891339213445,0.005324658390952702,0.0027697034687877713,0.0056349983711494285,0.004912989057169754
2022-02-02,-0.047582629734286175,-0.015986538078115807,-0.030920360475113588,-0.028769472828504467,-0.0342619662699098,-0.022201499616439746
2022-02-03,0.0031216611468403155,0.0008456418953577861,0.0011443855268595767,0.0007795308722294771,0.001507462538059088,0.0025846941672924718
2022-02-04,0.10854044071218705,0.035188715839125674,0.06458377184560606,0.08938695799893519,0.07513423926130974,0.03765179696621292
2022-02-05,0.010435165151597259,0.0023718652396859676,0.001153907463069477,0.005265332558037908,0.00305078837286188,-0.0003528541305376789
2022-02-06,0.02046910412419689,0.005793587718313099,0.007483653763564893,0.01199535794978843,0.011074707850800333,0.01590480795146881
2022-02-07,0.036138316472422494,0.010509945579918462,0.015276816051839243,0.011602479983960858,0.020179602597186326,0.00968416989679727
2022-02-08,0.006344751552472161,0.0017406658710946313,0.0023234828621364143,0.0018623014731747973,0.0034544317802396975,0.004902297503168453
2022-02-09,0.005380171092241648,0.0016695623267304514,0.0028219867444685747,0.002383894753619007,0.003523958587713186,0.0016941428968809242
2022-02-10,-0.017807211003681545,-0.005974964717292944,-0.011478893615687399,-0.00840520599951618,-0.012520559330677675,-0.00895379534689121
2022-02-11,-0.028821274762110716,-0.0090236033633495,-0.015889464204974033,-0.009497886096825711,-0.015890767590412757,-0.021663898087477644
2022-02-12,-0.004340745303334614,-0.0012905232993426687,-0.0021169330607254716,-0.001304809429528253,-0.0020431172636652655,-0.0030587884170844215
2022-02-13,0.0005248644345419162,0.00013843358011224026,0.00018352272948105798,7.169945364054537e-05,0.00014291819139067606,-0.00017407081972003156
2022-02-14,0.010678060509186071,0.0035909630655412794,0.006953570186657801,0.005336357706137952,0.007657344671813446,0.0030799807420366456
2022-02-15,0.04374946179436279,0.014637316848848482,0.02815973673987395,0.01600915389457632,0.030362119022894332,0.029215481382775292
2022-02-16,-0.010024266219708422,-0.0029537112314685756,-0.004767085743944449,-0.0031948098365463472,-0.005266470982558728,-0.008300036018129796
2022-02-17,-0.07842118198701065,-0.02483370372046168,-0.04441000699308417,-0.046257389018271124,-0.04980792138493304,-0.04092094231025963
2022-02-18,-0.01393261358865805,-0.0037069686601760325,-0.004348398209206455,-0.008828384209870014,-0.005389360957037088,-0.014414581141530394
2022-02-19,0.0012902447117326687,0.00034639118328148974,0.000414712806877209,0.0006808617221356968,0.0005153106510096128,8.594357970092593e-06
2022-02-20,-0.03851429499304915,-0.01261836454752774,-0.023158033122760772,-0.021562356119083942,-0.0265948078814807,-0.012046398946795425
2022-02-21,-0.03770493676950448,-0.01076239531366937,-0.016042544211522316,-0.011435079819057458,-0.01949245109982506,-0.0337875226139494
2022-02-22,0.029774030986370326,0.008395004991423403,0.012109573584054659,0.009883695993114446,0.01517412344424635,0.02225276994352401
2022-02-23,-0.02341006858025685,-0.00670394854969663,-0.010044050198398484,-0.007399999562686954,-0.012840388218815163,-0.016646389488338263
2022-02-24,0.026147599467127858,0.007582647450721054,0.011690215778261574,0.008341985253947503,0.01505899345999111,0.01853193288909076
2022-02-25,0.027165016912158668,0.007962009910239102,0.012604601810859685,0.008563195477964849,0.015221717326334112,0.01431976991461567
2022-02-26,-0.006794670553295079,-0.0019975758336780013,-0.0032039389185519766,-0.002140189539915532,-0.0040655167089155425,-0.004180469246044699
2022-02-27,-0.035635453367305114,-0.011528468667442601,-0.021197899317775288,-0.017346773496609076,-0.024808983983064924,-0.013110012034734487
2022-02-28,0.14640933349790242,0.042447622782829944,0.06664152145503463,0.041010378222806544,0.08525883980140815,0.12329417269952532
2022-03-01,0.026753659399233687,0.004529337533773772,-0.00045609720754335076,-0.00028147790919912715,-0.000583085372867833,0.010489659788959526
2022-03-02,-0.007891664288204314,-0.001482213380787761,-0.0,-0.0008940389744246668,-0.0007904022212003248,-0.003884595709110429
2022-03-03,-0.03391666589471032,-0.007891740398979103,-0.0036176550224485677,-0.009615210046113338,-0.0123996231149169,-0.016756080075688795
2022-03-04,-0.07969282502127084,-0.017506471096688122,-0.005929460625911044,-0.01706055637624097,-0.022418976078515937,-0.04620049268485284
2022-03-05,0.0070955033038342386,0.0012137587432664027,-7.403282781684601e-05,-0.00021326341715988993,-0.00027281189160284513,0.0016211415949974352
2022-03-06,-0.024998605913452043,-0.005650511496442399,-0.001817867652619292,-0.0034471751347637573,-0.00840785890625876,-0.008791202895216996
2022-03-07,-0.0065784551587068085,-0.001464542229423083,-0.0005602027942734826,-0.001039602661573402,-0.0020562725264153424,-0.0031586348408417383
2022-03-08,0.015171495000480428,0.004133679466546621,0.004626960975871604,0.004172251998234774,0.008199676662284867,0.005206104007972799
2022-03-09,0.08428367543041215,0.025323238492354416,0.03854821492735816,0.023306296921808883,0.052591963084161905,0.03819907733645187
2022-03-10,-0.05970897851399681,-0.014277668616906299,-0.010116848317601408,-0.0002766038622177431,-0.02134909121632332,-0.011422335174974488
2022-03-11,-0.016637701877306288,-0.0036183574922864082,-0.0010837583427124166,-0.0026314845715275223,-0.004408283449694278,-0.017450884080433358
2022-03-12,0.0032392637185738593,0.0007597676785521378,0.0004459780421081336,0.0007895540772763954,0.0010667816640510504,0.00017169748284994542
2022-03-13,-0.0293396524031041,-0.008912028782852188,-0.013540264251201767,-0.012621078242046125,-0.018367135209874045,-0.0107415126028251
2022-03-14,0.048685793246717735,0.013221215618067923,0.016738458073071276,0.013219863935814292,0.022881872052099166,0.023633224765810392
2022-03-15,-0.00737045298121386,-0.0019729764098988544,-0.0023816657843866917,-0.0023415774788182954,-0.003340370255283556,-0.0046576572654558335
2022-03-16,0.04433678710648925,0.013592983467310246,0.022131133234150883,0.020245596943885936,0.02325712561110128,0.030506765700393398
2022-03-17,-0.0032930857069763952,-0.0009473004574561544,-0.0013957843079369836,-0.0011249157829001206,-0.0014538770407912839,-0.002807468953347333
2022-03-18,0.020985460845455606,0.0066598953709762895,0.01171642908002551,0.009515846214304851,0.012956719052333419,0.0031691197324743474
2022-03-19,0.008775509172351592,0.002693694877920452,0.004590941124524502,0.002674003917982018,0.005268331498336962,0.0027218324770320137
2022-03-20,-0.02129345113302561,-0.007029917201672097,-0.013273729502751755,-0.009535611828929768,-0.014955189651606532,-0.0057651655176070345
2022-03-21,-0.005576835129683433,-0.0017183592989171144,-0.0029711489579359427,-0.0018006281006641247,-0.00351095883853655,-0.004299987746845912
2022-03-22,0.032113921510684484,0.010507227020694381,0.01966935080293683,0.018129242659299966,0.015479500503766985,0.022511470577008707
2022-03-23,0.008282309247231279,0.0024075443163083876,0.003837190792304603,0.0020091869741458526,0.00293231423591366,0.006152655086837935
2022-03-24,0.02902578149646362,0.009397691930291328,0.0173752092911285,0.015843531542121706,0.016891890638615986,0.014037829483147357
2022-03-25,0.00846945158597201,0.0024917086298863523,0.004052430034971924,0.0019465800571874625,0.004171310123498694,0.0059487010519294285
2022-03-26,0.003898627884859396,0.0012416674021816787,0.002251882366226552,0.0019489056968120253,0.002411567101376224,0.0004013107672962183
2022-03-27,0.05070266106477339,0.017093164057541143,0.033222342524471225,0.03672142939185322,0.03617495859210586,0.027939272335410395
2022-03-28,0.009544119908782012,0.002704277809797084,0.004048845732118095,0.0023988117329009767,0.00476026994755901,0.008742295375862116
2022-03-29,0.005083401566523094,0.0015973622449199083,0.0028187544390670693,0.0028227140379875368,0.0032316100059154762,0.000703534050968561
2022-03-30,-0.007172059064464831,-0.0024218353557016606,-0.004710018967871123,-0.005230557650632631,-0.003436683074965612,-0.005722745946464786
2022-03-31,-0.03312770064452242,-0.011094063449485157,-0.021360144935168687,-0.0212675934596376,-0.02126842170142796,-0.009090942585350625
2022-04-01,0.01510299020189998,0.004358024892134787,0.006813684850341233,0.003686412979263252,0.007198117597158629,0.0129590065825065
2022-04-02,-0.0067121444694489,-0.002126245423325381,-0.0038111241335360754,-0.003242717192126608,-0.004223163482845388,-0.003605921353052982
2022-04-03,0.010897858590438902,0.0035786679692057025,0.006728301913823932,0.006787294461126523,0.007488137772657545,0.003466270012286333
2022-04-04,0.004790217873044567,0.0015908751084010402,0.0030338515867984863,0.002936805811527027,0.0033343415868549026,0.0021112649162371945
2022-04-05,-0.020786683846076515,-0.00704166654464637,-0.013758486444425623,-0.01580368677094613,-0.015355863344878483,-0.004762929373605579
2022-04-06,-0.05226393606176161,-0.01603505591984551,-0.02758093977923142,-0.017431496807909206,-0.031273324859631496,-0.018111730858536016
2022-04-07,0.006098842022644879,0.0017162949864577694,0.0024886560994523852,0.002319181198359335,0.003552618510817294,0.005442953063469309
2022-04-08,-0.03091594331472014,-0.009999957067008777,-0.0182478005592338,-0.025099620815999753,-0.021861497705794278,-0.006766112090076786
2022-04-09,0.010869333727692387,0.003123295611378991,0.004817775577659339,0.002248837841369338,0.006164538540014208,0.009062689928234316
2022-04-10,-0.009759176119820911,-0.003149049308522393,-0.0057655321828430075,-0.005290758112604118,-0.006762156043160461,-0.004044181036807417
2022-04-11,-0.06436703531081245,-0.02106571639758773,-0.03939392993418708,-0.03467226619109893,-0.04315805342463583,-0.034880003204557974
2022-04-12,0.01396776855129822,0.0038217869574984423,0.005054277510745404,0.0060284956603098155,0.0053204793468734435,0.013175592912088358
2022-04-13,0.02634623923848811,0.008065479799371276,0.013368567280490814,0.015126710580066063,0.014850086500181306,0.0094855265215728
2022-04-14,-0.03004073612890601,-0.008853256362029847,-0.01407387024142235,-0.009256601425590774,-0.016134696713630867,-0.019981017416841756
2022-04-15,0.015302835363897094,0.004407546728973755,0.006773506501932402,0.004918348283302327,0.008754680402674589,0.012516241552835268
2022-04-16,-0.002165053348741064,-0.0006970227276864039,-0.0012698018982018103,-0.0010829762106557045,-0.0012243095941441252,-0.0015969237223397866
2022-04-17,-0.018170416052389227,-0.006073956490491643,-0.011655688803023376,-0.010011695194743224,-0.012780185449306836,-0.007024468141126958
2022-04-18,0.028059455588550275,0.008720044467183313,0.015246648911472932,0.009416713129742895,0.016915869439566873,0.014079441212164121
2022-04-19,0.016433209866648202,0.004870051915187005,0.00800107529564372,0.005004992248041298,0.009336750743036592,0.01108508270827806
2022-04-20,-0.0022660877214977226,-0.0007270126664312754,-0.0013291812005742209,-0.0011298542067865647,-0.0015253032448284834,-0.0012281504380095114
2022-04-21,-0.022662979428225816,-0.007584290112911059,-0.014612856022036493,-0.013925677004164529,-0.016459237028242674,-0.00696201013968724
2022-04-22,-0.017784650804635427,-0.00540113636071907,-0.009178215980234385,-0.0048795679992368855,-0.01075366315597106,-0.013262341448612108
2022-04-23,-0.003913602490838719,-0.0012022207027568813,-0.002077561844285242,-0.0014980899397684976,-0.0023433398499919634,-0.001865762457725022
2022-04-24,-0.0017889031734886762,-0.0006153081742789529,-0.0012214695846963829,-0.001607652971390048,-0.0013711302160898632,-0.0008022353729602365
2022-04-25,0.02434984946613894,0.008224122289309013,0.01601615772419733,0.020376493652723402,0.01744670111128849,0.014993903427420125
2022-04-26,-0.05932110426366044,-0.018184095873703364,-0.03128161562815854,-0.021890430896922147,-0.03279758698064842,-0.008398041517143722
2022-04-27,0.03009331379417657,0.00687651345284691,0.00528426773182478,0.017613489684918167,-0.0005500692589272125,0.02736235377364401
2022-04-28,0.0135000395652356,0.0034751149103520846,0.004109390711161828,0.004672267952740124,0.0021908900943324048,0.004137850882610005
2022-04-29,-0.028642543593827563,-0.007946394534198865,-0.011244953031274244,-0.014280306877720462,-0.012472086901036843,-0.01513919781375131
2022-04-30,-0.02319146297303676,-0.006268138940375908,-0.008465049077709978,-0.007562214567735779,-0.0035367232092883057,-0.007514055081210169
2022-05-01,0.019757387764469225,0.005378030436288538,0.007396667076241723,0.007057616993402471,0.005187895111733617,0.0070414517031020885
2022-05-02,0.002777900572673131,0.000763960874307126,0.0010736020388526406,0.001073895321561358,0.0004498726698817923,0.001042010616414851
2022-05-03,-0.02234237845276954,-0.0063648882317277845,-0.009292854677921231,-0.01289160449715958,-0.010058764831565373,-0.014738322710969212
2022-05-04,0.051385158975188805,0.014182575882301672,0.019840467484756482,0.016165686238938888,0.021447529893110828,0.01822668906895897
2022-05-05,-0.07920486667435833,-0.020076643775002723,-0.022672076094650957,-0.03204704358034776,-0.019987390686958578,-0.02851158793202569
2022-05-06,-0.012575329922829837,-0.00270809291296465,-0.0015612801820853227,-0.00489861724390851,-0.0007251829078139142,-0.00506007822945817
2022-05-07,-0.014823642377078672,-0.003939149564370652,-0.004892553018749525,-0.005894381836995498,-4.103105352712485e-05,-0.0028008621936000283
2022-05-08,-0.04082953998850147,-0.011363785850734208,-0.015824729978228428,-0.015246581215520678,-0.00847319218604096,-0.01601436881331026
2022-05-09,-0.1057281403636191,-0.02728717455331968,-0.03252564872090652,-0.03670791050400209,-0.033706176279677154,-0.035262052188038726
2022-05-10,0.017493424198149254,0.0036186922100644604,0.0015568882184253203,0.0012556307650075968,-0.00031771134547076043,-0.00033300553631598754
2022-05-11,-0.07080110660464145,-0.018455890370776145,-0.022000579071637313,-0.017491878162144953,-0.0,-0.009962612591674608
2022-05-12,0.008131188096415665,0.0017153405333272798,0.0008506824633404455,0.0006008031872532414,0.0010983468089744623,0.0004546087770665721
2022-05-13,0.00879164360942064,0.002307680288044386,0.0027666491289520486,0.00206509608067418,0.004919263498423255,0.0022235584462284427
2022-05-14,0.026155937717826205,0.007543651076762319,0.010733948081368324,0.008740585685303346,-0.0006115838411566461,0.00952404417712941
2022-05-15,0.03762438134283874,0.010403082435410563,0.014455354308444477,0.0108436843200504,0.03168306664198726,0.014312507391613605
2022-05-16,-0.04146568564928721,-0.011061264629230993,-0.01445841187030232,-0.011908864875053493,-0.014685852252479713,-0.011999964517287158
2022-05-17,0.018353599344633986,0.00468454083516114,0.005404011053132944,0.004769504323295807,0.012768066174426758,0.0050892435039339426
2022-05-18,-0.054765862406478294,-0.015005883215858017,-0.020814038875162057,-0.017334163767706197,-0.037922460750282674,-0.017477590017735203
2022-05-19,0.05167193970195294,0.01229028486058838,0.011164329180965774,0.011374820551846264,0.04193395947094847,0.009888691491541124
2022-05-20,-0.034160987837896006,-0.008242087107022572,-0.007896318997346205,-0.012262070666640937,-0.03190992450099951,-0.011687331806129662
2022-05-21,0.006701021042129662,0.001697486716965211,0.0019143801221801666,0.002164220264503341,0.006182136373080194,0.0022796604137714518
2022-05-22,0.030992332755700458,0.008596432763902756,0.012061768898327581,0.014077456785969089,0.026094614615332187,0.01481887246397886
2022-05-23,-0.041000551200847,-0.011139790881241415,-0.01523493838312956,-0.013521479138690942,-0.03622169845343395,-0.014107988269807322
2022-05-24,0.01909472671237422,0.004908853339177794,0.005787333561109012,0.006772136913552731,0.017822529530700404,0.007263133007401944
2022-05-25,-0.0022407429541758672,-0.0006293580403423483,-0.0009233229138749637,-0.0008637076606485294,-0.0020765029329226433,-0.00083786047432843
2022-05-26,-0.008275744082522851,-0.0023579221813782884,-0.0034405383316642208,-0.003998097251012358,-0.00694198524865921,-0.004281107638287316
2022-05-27,-0.0245613254622572,-0.007142725833462813,-0.010382123819633635,-0.010442078838813987,-0.020106898569992065,-0.011925680402317078
2022-05-28,0.015150241095268413,0.004153179219352378,0.0057023485561445335,0.004930095394619956,0.00915356894414978,0.004722274614435487
2022-05-29,0.013239506030118697,0.0037236523589319168,0.005325992792165165,0.005470658032273091,0.009825273787203184,0.00582599867790567
2022-05-30,0.07835136212220939,0.022464275688767483,0.03252389193752152,0.03573165225423743,0.0339655097884754,0.039010328447091035
2022-05-31,0.0030077731478279635,0.0005950435660443866,0.0001523865031807961,0.0016014750932418543,0.0017244586680537023,0.0017473320604227906
2022-06-01,-0.06300340939189109,-0.017126176990628565,-0.0221977294644987,-0.040869049169154896,-0.041484928506508895,-0.04226761853151944
2022-06-02,0.022743497950418856,0.005060942023408853,0.0034514177302617673,0.007540900808064263,0.014700487578274975,0.007645391928062464
2022-06-03,-0.02758948448858578,-0.007273826722591818,-0.009107619201866346,-0.009901489147211411,-0.023602534424745324,-0.010569935381261641
2022-06-04,0.004373736510134396,0.0011645982223008023,0.0015107251548475407,0.0014797175881790658,0.003971724837048159,0.00178722140141367
2022-06-05,0.004128623118201613,0.0011464044547095482,0.001618322223615254,0.0019026608257937383,0.0034860494109510273,0.0024102183833332957
2022-06-06,0.0474092700685127,0.013772943223596148,0.020121682209879654,0.02207398869256151,0.03000430472263678,0.02430828329100394
2022-06-07,-0.005063069701828571,-0.001338896227787281,-0.0016733014316386364,-0.0018180356904315919,-0.004612135497801834,-0.0020591597168196822
2022-06-08,-0.030363007086616767,-0.00846767433408854,-0.012034483703760842,-0.014149279378121547,-0.02368013456019096,-0.016065616952750533
2022-06-09,-0.0054246608660896145,-0.0014674279054317902,-0.0019782100974130414,-0.0018976152305017937,-0.004578595194226864,-0.0019745375162594785
2022-06-10,-0.033065109259046155,-0.009281342936037437,-0.013386743923396338,-0.015346409067277852,-0.025257772544252426,-0.016261313164646386
2022-06-11,-0.024410056491148135,-0.006531839395948143,-0.008602402647593238,-0.008220266336535217,-0.020434586450462908,-0.00855639146957528
2022-06-12,-0.05396556237136396,-0.014625421151201417,-0.019911297995501908,-0.018219179702068437,-0.045710023143987255,-0.018332410013930153
2022-06-13,-0.16824372469391125,-0.04030396594512901,-0.037630681752302136,-0.08164142315751904,-0.1576585364570185,-0.0983194626768961
2022-06-14,-0.01090643162099092,-0.002315424823609622,-0.0012191447399180885,-0.0004843838054177061,-0.0009365506756440129,-0.0005829408109961341
2022-06-15,0.02029300109523846,0.005275856105110015,0.0061751244391318235,0.00034127819916972995,0.0,0.0
2022-06-16,-0.09815880903570673,-0.027107939284500712,-0.03745908139504109,-0.008216707402560326,-0.05383263490601513,-0.0027776328774355603
2022-06-17,0.0076194364346988674,0.0015323269201020498,0.000493660278156179,-8.304251236638823e-05,-0.0005428931169053291,-2.8011962874981126e-05
2022-06-18,-0.07090480633836438,-0.01894577490352354,-0.02340679127970945,-0.0,-0.06953886675757344,-0.0
2022-06-19,0.07775524541888101,0.016778290094959188,0.009696500705808502,0.0,0.07458050366966719,0.0
2022-06-20,0.0038714090221791952,0.0008246551982494625,0.00044077992283723347,0.0,0.0037294352419130193,0.0
2022-06-21,0.005679467834613039,0.0014723706389505407,0.00169671127041212,0.0,0.005435350414655088,0.0
2022-06-22,-0.033124583643186156,-0.009753481440767809,-0.014022168122911325,-0.0010348549351403278,-0.028496481921740553,-0.00010907566324675821
2022-06-23,0.05468806126900394,0.014501452924383883,0.018620729032186298,0.0021087466057742067,0.0520302492232496,0.000274835604625192
2022-06-24,0.00957354921420528,0.002340168111507461,0.0023460601364858878,0.0011378788614725226,0.009225786547888477,0.0010399217616556332
2022-06-25,0.007947112983389681,0.0021604885657904977,0.0028966850271375097,0.002172446395575282,0.00737519660490173,0.002069356413314383
2022-06-26,-0.018712306333410256,-0.0053828591328640655,-0.007818469779616566,-0.006984112773117657,-0.016467790809696705,-0.0073151431421050175
2022-06-27,-0.01497958537276578,-0.004220012858959685,-0.005982607676788112,-0.005070020046353503,-0.0125409695936688,-0.00542798379570065
2022-06-28,-0.023508787112898832,-0.00666372972465576,-0.00951517527303767,-0.008638469676315609,-0.010522498927558122,-0.00799581446494219
2022-06-29,-0.008995192083826598,-0.0024813325126864963,-0.0034486922676139195,-0.003052516263681362,-0.006299391111195303,-0.003280236877204827
2022-06-30,-0.037251027880776166,-0.010564456852843077,-0.015242533258549233,-0.016892442052385697,-0.03258030207607683,-0.0214738325636458
2022-07-01,0.00046299256744464223,0.0001012587068451087,7.51070017228738e-05,5.1687107972664374e-05,0.0003902284473796833,-1.2925032603511717e-05
2022-07-02,-0.0056887702604419,-0.0016097407285184482,-0.0023502474701457225,-0.0037229674005824203,-0.0043644153919596895,-0.004442546028059274
2022-07-03,0.0023233853259065906,0.0006617988615888706,0.0009563168109389153,0.0011645146887526504,0.0011098982999800697,0.0012175593077000664
2022-07-04,0.04927155282971718,0.014983713970381606,0.021974221198181505,0.030141407600697872,0.012532628337510362,0.03376928481176704
2022-07-05,-0.0016293480892176637,-0.00046424589751457157,-0.0006280289240346155,-0.000836430517583828,-0.0013051190583617477,-0.0009189344542980399
2022-07-06,0.018199117532464504,0.005040018281882572,0.007026667288591716,0.011809462304468886,0.011865801013029921,0.013581759081983563
2022-07-07,0.053041370265120014,0.0148768144806486,0.021268817921312546,0.021777764376276876,0.04137492995137629,0.02481786839744833
2022-07-08,0.007499184257741209,0.0018577717091485962,0.0019581084308521587,0.0029093524295038396,0.006438477672657443,0.0030469110555944433
2022-07-09,-0.010482129046195388,-0.0029306546902307965,-0.0041750714185024036,-0.006597946457149743,-0.009188835480155704,-0.007353857639220702
2022-07-10,-0.03492491007169918,-0.009933818405678814,-0.014315706874259796,-0.016113768511852443,-0.02651740612390493,-0.016956073672777808
2022-07-11,-0.04128139000116193,-0.010961065636768349,-0.01412678767371239,-0.013471754905154776,-0.035457794556610564,-0.014600925734596601
2022-07-12,-0.03165417695461725,-0.008098698702971915,-0.009411883612564858,-0.01277108945782667,-0.029442958432341078,-0.013274547764103445
2022-07-13,0.042213552232571505,0.01107843191804499,0.013858440819400417,0.015162376802015806,0.040243881165885065,0.016157180657546736
2022-07-14,0.01971524603175112,0.005123335287243064,0.006234754172345249,0.007219949947817669,0.01905822434601424,0.007128885679022773
2022-07-15,0.013566148074932283,0.0037022236238197143,0.005101899932699103,0.0052393782172917664,0.012771089573189924,0.005446659310660999
2022-07-16,0.017511103023836405,0.004900345781151339,0.007047690457930109,0.00774697566558154,0.013748731447609585,0.007734621175064147
2022-07-17,-0.01739062464589325,-0.004885837252764151,-0.007026933364722858,-0.006783310628872718,-0.012670933453765082,-0.006805014510616791
2022-07-18,0.07095380919685734,0.01982409348915079,0.028201734797762914,0.025247677236284464,0.017989038770800887,0.013105008169241332
2022-07-19,0.04776786650606324,0.010821417803185768,0.008024968612219336,0.023171504434032063,0.02888040334801447,0.02881609785724877
2022-07-20,-0.003862316947165545,-0.0009469774859474937,-0.0009576574867746568,-0.0014825897054475293,-0.003754328195516841,-0.0016591350014459954
2022-07-21,-0.005520669729154992,-0.0015549220562281803,-0.0022256358419526535,-0.0027739416783011616,-0.005093635592439908,-0.0032948051121543223
2022-07-22,-0.01927772396199723,-0.005583904961294455,-0.008093011751450994,-0.008582879027532174,-0.01637635525711806,-0.009699993736567767
2022-07-23,-0.009760570253669387,-0.0027565807317305575,-0.0038977805790166606,-0.003427098369692506,-0.006076975740927239,-0.003327782878338466
2022-07-24,0.007511757010994158,0.002173209798237715,0.0031277660039476735,0.003229226088438315,0.004272338843550676,0.003217672143356243
2022-07-25,-0.050466314430195225,-0.01545302557547102,-0.02260054975724256,-0.025769003072509306,-0.030582930580444964,-0.029832732096863167
2022-07-26,-0.015270314871642765,-0.003775952202839117,-0.0038653934340892224,-0.005608593156810168,-0.011873251908215126,-0.0064371441890887955
2022-07-27,0.08104916879210444,0.024382557895064806,0.03519470988646441,0.020269411659816293,0.04907262528117098,0.019667672047338762
2022-07-28,0.041057069353550135,0.010221822353743814,0.005396196672788535,0.009301670907268723,0.010547661791568934,0.007470557830666054
2022-07-29,0.0047059684263695,0.0011939659447029593,0.0007508531125186359,0.001148481537192469,0.0011790949349871822,0.0007949643766872264
2022-07-30,-0.01366577456769369,-0.004309841083246891,-0.006395356125185043,-0.004429856302005965,-0.008416137796914362,-0.004671504829856968
2022-07-31,-0.011313458015974942,-0.0035544506402669213,-0.005570514891820708,-0.003138268371225818,-0.007495179416457174,-0.0029441729470029245
2022-08-01,-0.0010588004024190134,-0.00034930211181106595,-0.000612324554821618,-0.000314889982478923,-0.0008298407536062338,-0.0003552781201108466
2022-08-02,-0.012858862499676493,-0.004391562521085123,-0.008017631217297809,-0.0044689418889004035,-0.010456897604088614,-0.00452062509831385
2022-08-03,-0.009625085005669387,-0.003156076830835296,-0.0054700401465461335,-0.002762040589026073,-0.007286385012894398,-0.002974677317721334
2022-08-04,-0.0079534137847741,-0.0026318440717637134,-0.004612963361042181,-0.002400491931343926,-0.0059916916871630335,-0.002750851682022082
2022-08-05,0.027427537211751618,0.009180453437237926,0.016359113766667006,0.008568027528904742,0.021272266123978346,0.007413021488427419
2022-08-06,-0.010869145631547283,-0.0033040203066481196,-0.0051265273230563435,-0.0024914263493371787,-0.008115100307066176,-0.005843377099045685
2022-08-07,0.00684386605033227,0.0021612539225666022,0.0035190825337988157,0.0015020100642710416,0.005137174406653031,0.0020867532093486094
2022-08-08,0.02807297364568795,0.009424718242788774,0.01680725362890673,0.015115040501530248,0.022579806530983362,0.017920346603085162
2022-08-09,-0.025935466014564645,-0.007821251782535657,-0.01195893788266051,-0.004551916197743714,-0.01598676130016031,-0.004892488156638107
2022-08-10,0.03177596248003134,0.00934905796445709,0.013311057279703185,0.00730977965286916,0.01897046690707747,0.009276403033855319
2022-08-11,0.000475715639150609,0.00013553701444231125,0.00017138775984991493,9.845050749803856e-05,0.00014753967819427778,7.181889274151451e-05
2022-08-12,0.01929728911124573,0.006309344941475465,0.010684214441299255,0.013420655816125423,0.013735864936350345,0.01449312615496855
2022-08-13,0.0012261579696288827,0.00036837834196822516,0.0005613208613741834,-0.0001285399977669551,0.000851459512328807,-3.506739647079327e-05
2022-08-14,-0.004586073141883307,-0.0015726637526340603,-0.0028836105518777445,-0.0028431682932239587,-0.0037495314000888834,-0.003055509633760419
2022-08-15,-0.0094696982195146,-0.0032385078757953757,-0.0059473882380033155,-0.005378809279965272,-0.007019306405413206,-0.006322321509000579
2022-08-16,-0.00893269527433449,-0.002999239437152609,-0.005378957131989588,-0.004010535258831031,-0.006776143105909645,-0.004615533377879993
2022-08-17,-0.022308201092831048,-0.0074594892619044605,-0.013295203974323003,-0.01071037073233932,-0.01734945293846354,-0.011439979656549576
2022-08-18,-0.004935576191077873,-0.0015259543902323947,-0.0024280525556838028,-0.0011924520861141112,-0.0034999708815568677,-0.001461687594129265
2022-08-19,-0.09966785603971973,-0.032883316775348906,-0.057080141919018564,-0.05250449428505623,-0.07606364432539987,-0.06791455354863624
2022-08-20,0.011474203347095813,0.002122661778442423,-0.0005716392330626538,0.0035184421154705833,-0.0007624636754436745,0.0019460192884828808
2022-08-21,0.01926268591230551,0.004786292647945103,0.001932367385562678,0.004471480533948817,0.002629307033668608,0.004246054669186351
2022-08-22,-0.01173388505521411,-0.0032314444218200867,-0.0030869518183008807,-0.0030760762370400786,-0.0044337213509183775,-0.0033165639240383886
2022-08-23,0.010958610995709162,0.0032873183356334715,0.004372223273036066,0.0030231655375431185,0.006048771084956346,0.0029901262394228675
2022-08-24,-0.005086788916586427,-0.0016751698307913864,-0.0028610796634282003,-0.0015440313562809023,-0.003813635731818562,-0.0014869054951598352
2022-08-25,0.007601725453500796,0.002554814663724126,0.00453481801060737,0.0023917145815230962,0.005327603215035976,0.0028764099696774663
2022-08-26,-0.06214952662844542,-0.021198258601585154,-0.03877343467115396,-0.019939470725364075,-0.04127278538735814,-0.027024986350941353
2022-08-27,-0.00998582294747874,-0.0028324679228938577,-0.0033859922260122805,-0.00247409587580512,-0.0027487241481006,-0.002019063540934391
2022-08-28,-0.018481834812281384,-0.005745710349018523,-0.00864093945087116,-0.004866155871561022,-0.009666614866607963,-0.00527827523778145
2022-08-29,0.030366630921277338,0.009142128010312618,0.013360683542423812,0.0077806828587282965,0.011204341482838276,0.004785527645722115
2022-08-30,-0.021977112526628928,-0.0064216680687146695,-0.008883548354087249,-0.0046300421421088984,-0.010901565496896026,-0.007706153425243011
2022-08-31,0.010048108197075578,0.002945281301810926,0.004076819535104855,0.0026053479649709842,0.005390369078799359,0.003066328510396019
2022-09-01,0.004034573094409577,0.0012704375297695476,0.002019581946437441,0.0016805058601392512,0.0010746828199148057,0.0012668612739931554
2022-09-02,-0.007789219428775862,-0.002665287945388281,-0.004879592405462567,-0.003930523545367699,-0.005613483679741763,-0.0035875958755178295
2022-09-03,-0.007269763846329713,-0.0024575369087144893,-0.0044390886910073285,-0.0030752002220677224,-0.003701734285014794,-0.002005965798011337
2022-09-04,0.007982223382155151,0.0026981399607448873,0.004879762818986935,0.003321403944841127,0.00536980754995844,0.0028092533426254517
2022-09-05,-0.008221412015940177,-0.002802882473636456,-0.0051310477321197135,-0.003735742067115251,-0.006557993766993695,-0.0037767721116660816
2022-09-06,-0.04806829068874252,-0.016211197715740686,-0.029254478433359855,-0.01676784318276802,-0.03759611754470596,-0.015523123129816569
2022-09-07,0.023705453069903903,0.006795994473632014,0.008882043251670193,0.007422402643113535,0.013579867913130381,0.009807833212285582
2022-09-08,0.0013589334483152804,0.000394265206056248,0.0005307926005852433,0.00036345709674212275,0.0008136623204837572,0.0005207419508622917
2022-09-09,0.10581166485212878,0.034927484457189815,0.05999973858174588,0.0642347579208715,0.08282793376031944,0.06571183254438488
2022-09-10,0.01647203187457924,0.003485975871298534,-0.0005685546452003517,0.0046597303999949225,9.577302951973101e-05,0.002718504443118588
2022-09-11,0.0008086391960586692,0.00016890489426904054,-3.106783690916509e-05,0.0001456751246987206,-7.967947315451072e-06,0.00015366780693190442
2022-09-12,0.029100937201124166,0.00918494274806745,0.013495428605215755,0.008941307623330664,0.018757958519786296,0.009384852146378249
2022-09-13,-0.0983747503763922,-0.02850309546347909,-0.03781521548581383,-0.024686474528128506,-0.04800409066749124,-0.017484573479044363
2022-09-14,0.0040329140429467,0.000628680465011056,-0.0003834746118415026,-0.0001934800447269489,-0.00048623915493870945,-0.0001762016781782233
2022-09-15,-0.02714048413031711,-0.006799436062179319,-0.002183637507215062,-0.0047954034755580835,-0.0,-0.003684927131956619
2022-09-16,0.002269789618065454,0.0005545278971462476,0.00021571830814119412,0.00044207640521536226,0.0,8.967126526242673e-05
2022-09-17,0.019204378518433263,0.005849194148421852,0.00778769224768953,0.0032935949330292385,0.0,0.0019508247844528268
2022-09-18,-0.034472061234040785,-0.01048826529844923,-0.015261272206015685,-0.007574152823285609,-0.0066525493908004794,-0.003603295071967688
2022-09-19,0.006736810629932144,0.0019028574470517175,0.00234649028799308,0.0014868857485498947,0.0013050184681307018,0.0009935220408411598
2022-09-20,-0.035025457537385285,-0.011364070149477353,-0.018815948865845027,-0.010076413570763717,-0.020103201217958045,-0.010137892505371206
2022-09-21,-0.019402855474614955,-0.005656214334958866,-0.007731039787769756,-0.004920429742634624,-0.009110158244007984,-0.00434372779792744
2022-09-22,0.04905120400052576,0.014498596352138992,0.02035129207810101,0.012534559642447063,0.02544628271263852,0.010604938989291683
2022-09-23,-0.004515936332233905,-0.001287082163037389,-0.0016056242780301078,-0.001123299431600454,-0.0019444921559628196,-0.00082468104424137
2022-09-24,-0.02080508331147113,-0.006730398687068078,-0.01101849193930527,-0.00629745122423102,-0.013890046384883392,-0.00561549646818301
2022-09-25,-0.006954464943062955,-0.0021104373490509255,-0.0031627149335125165,-0.0017630015804215846,-0.0042549893656807485,-0.0017831557926179182
2022-09-26,0.021708730799255394,0.0070517396573935714,0.01188042758640937,0.009340364224770066,0.015277653733952167,0.008558646211397854
2022-09-27,-0.004916002285409116,-0.0015286296799201238,-0.0024313564722894705,-0.0014075592146811486,-0.0034527373226719985,-0.0016263174531993185
2022-09-28,0.01822384752240791,0.006018262782109682,0.010464867729483004,0.007945554017783399,0.01422975704852269,0.008255263526088918
2022-09-29,0.004416832577744945,0.0013857456149074493,0.0022532646585906283,0.001023349114832451,0.002957389672769377,0.0008420059292635324
2022-09-30,-0.0054077294556701405,-0.0018478776848990977,-0.003377295464115489,-0.0029355721925741042,-0.002668387700361323,-0.004468851227888002
2022-10-01,-0.0063458619406300265,-0.0021648687556196163,-0.003964022725516177,-0.003074339193369081,-0.00044862496381038123,-0.006538573064972534
2022-10-02,-0.01535682214405687,-0.005224543400479789,-0.009535769167761993,-0.007668020193518062,-0.007290805127815601,-0.010392222713443096
2022-10-03,0.03250750788674206,0.010372017643759425,0.01733535590078713,0.006598721969279089,0.016983337247618552,0.006246388711663645
2022-10-04,0.035986508834643605,0.01064189627963477,0.015567009994772759,0.00794022609189424,0.018712378352231815,0.0108126674500782
2022-10-05,-0.009089077848378424,-0.002652989117609071,-0.0036848135164711656,-0.002504759194896265,-0.005122000589388212,-0.0035555920858019938
2022-10-06,-0.010148890654892107,-0.003252576199424774,-0.005324850624154989,-0.006400876039859407,-0.005990539307434925,-0.009530608892485557
2022-10-07,-0.020621181847361503,-0.006739368711782487,-0.011513451142221203,-0.009458286097902125,-0.008809495472552737,-0.016855786062825534
2022-10-08,-0.006293351083869081,-0.001932740675517952,-0.003012967996729287,-0.0014979361072258615,-0.0027889306616221987,-0.00303531201021862
2022-10-09,0.00062782200270739,0.00018131474414491262,0.000254065941506039,1.0586152762998469e-05,0.00018206679782124612,0.00019785297287348177
2022-10-10,-0.014101179777687989,-0.004839077936754402,-0.00891035655094411,-0.009579860007585192,-0.011337503620201765,-0.009719732809026412
2022-10-11,-0.006010219105050396,-0.0019637390565069275,-0.00339166678415826,-0.002294768420961102,-0.004468353522850676,-0.002341556428837415
2022-10-12,0.006178252718696209,0.0020631096966846284,0.0036649714694322925,0.0030105600472712848,0.002239045205880038,0.002144493884198272
2022-10-13,0.01205424555487511,0.0041160304887726375,0.007543496612514899,0.007226666220547794,0.00781135561155389,0.005700238326929109
2022-10-14,-0.01083873427840365,-0.0036386307680467815,-0.006530202722742323,-0.005177092955893909,-0.007876202865999658,-0.006511194798009108
2022-10-15,-0.005622113656659766,-0.0018615467586227355,-0.003275282232827345,-0.002451067370946688,-0.004054450532470582,-0.003839378413186872
2022-10-16,0.01006167378339029,0.0033967108493819804,0.00612813374008725,0.008684952210480814,0.007911117690693519,0.009730682266332221
2022-10-17,0.015329449611065638,0.005177217772747672,0.00935990554784326,0.014370265798526708,0.0114405233841953,0.015329449611065638
2022-10-18,-0.011024902378828916,-0.0036101713975929027,-0.006263266799772258,-0.006929698326187814,-0.008140614470895815,-0.00950839490515449
2022-10-19,-0.010818919372023172,-0.0035413434713216117,-0.006116271791863881,-0.008168158751818543,-0.0007373056121437004,-0.010970193411047938
2022-10-20,-0.00516295234310038,-0.0016940291045449837,-0.002933805770716719,-0.003900982842105055,-0.00033517613372248574,-0.00516295234310038
2022-10-21,0.007434326133348934,0.0025049592128674747,0.00450302693604799,0.007187642156551879,0.003428153197792417,0.007434326133348934
2022-10-22,0.0017080766807053838,0.0005800225573793354,0.0010545519978271457,0.0017080766807053838,0.0010160476784528273,0.0017080766807053838
2022-10-23,0.018627172861794605,0.0064273917736679355,0.011954957670724334,0.018627172861794605,0.015067066639653688,0.018627172861794605
2022-10-24,-0.011446327352975572,-0.0036835577302604472,-0.006254634517109897,-0.005766414728520007,-0.008563788865842574,-0.008744343265779471
2022-10-25,0.03895780893840661,0.012620148622234678,0.021467374622920938,0.02368610946858998,0.027775098831399555,0.028552958183016938
2022-10-26,0.03493759953150777,0.008732228984148098,0.005288959205940878,0.009713062421857805,0.004577385759744967,0.01051962261146401
2022-10-27,-0.024852379270265512,-0.00630215838766683,-0.005867864208350347,-0.006518879695170592,-0.009732457062767114,-0.008308178608715463
2022-10-28,0.015997826620925082,0.004179873824414738,0.004371093978354914,0.004356911860383513,0.004627789879699066,0.004873225555074619
2022-10-29,0.009671914666099735,0.0025976855226254644,0.002920944998487164,0.003500008456159405,0.0031998352950116404,0.0036746705131136866
2022-10-30,-0.00899814672004895,-0.0024845306264420055,-0.0028547136555582275,-0.004409337468842381,-0.0029322020837330397,-0.004360629721071341
2022-10-31,-0.006104040665116384,-0.00173041240032685,-0.0019595626443752678,-0.0030009499998284376,-0.002085897459954235,-0.003000021813630305
2022-11-01,-0.0003363280274337743,-0.00011404927207722996,-0.0001235890545849664,-0.00020720184821414146,-0.0001966090736174637,-0.00019590355157580585
2022-11-02,-0.016387547631396382,-0.00531588406478606,-0.005834214323668982,-0.009268629752559588,-0.00522547984305969,-0.009031975702460483
2022-11-03,0.0024729962557819007,0.0007863843554790797,0.0008255815948841986,0.0007701969945005395,0.0016438845371726562,0.0018461355396932584
2022-11-04,0.04748630862867542,0.016872840070213425,0.018131726887560717,0.024650053355875855,0.01403876511248069,0.028735783892885447
2022-11-05,0.005966120487151283,0.0013453969046716655,0.0009951050509584103,0.0011790394386363974,-0.0003081768190407021,0.0017229042117565918
2022-11-06,-0.015818310580432926,-0.004293635810154689,-0.004828424739935021,-0.007163957870523528,-0.004402014976279321,-0.004668217111076884
2022-11-07,-0.01805707137948731,-0.004928606961363436,-0.005541115607307354,-0.007153198800486317,-0.006014699237179019,-0.006244821422668227
2022-11-08,-0.09954967412276539,-0.02711701916614889,-0.030308843207157102,-0.03529872394317831,-0.04614880795134923,-0.037853541097989545
2022-11-09,-0.14916495777882277,-0.03189979435976538,-0.010998121066887601,-0.0944653187705229,-0.012736416594609187,-0.14978508010667363
2022-11-10,0.11316385595136103,0.024139981991718417,0.00810485380575075,-0.0006314356482160397,0.010701055563045741,-0.001
2022-11-11,-0.03561311794705413,-0.00759947478915519,-0.0025604833557192536,-0.0,-0.004202250845069325,-0.0
2022-11-12,-0.008607273455017106,-0.002111037920311819,-0.0017563087388143851,-0.0,-0.0040964289936267365,-0.0
2022-11-13,-0.026876024819825428,-0.0071934543239840065,-0.007964338198199928,-0.000187262555557907,-0.01744161570281861,-0.00025053828650785246
2022-11-14,0.018932024669708447,0.004975912661525577,0.005348974535742387,0.0005943596234985277,0.008095870623726667,0.0005554128254214754
2022-11-15,0.013597261789084936,0.003638446597848634,0.0040957256987013005,0.0011506478596076343,0.004943121627969473,0.0011427152191538002
2022-11-16,-0.011627442733707638,-0.00316558868063219,-0.00363174840844805,-0.0017944779872380917,-0.004463944128054434,-0.0016941498813305535
2022-11-17,0.0009347571331237425,0.0002539298269315529,0.0002911125842210765,0.0001375104706993063,0.0003442954815658497,0.00013010022820277695
2022-11-18,-0.0008189455004978807,-0.00024870117535377896,-0.00028159780703811534,-0.00023844668502609175,-0.0009413523195790428,-0.0003864549957119085
2022-11-19,0.0020695047273702194,0.0006185847755177481,0.0006945638894924621,0.000494932538603892,-0.0008411989579473314,0.0004410095039326823
2022-11-20,-0.026902207096377917,-0.009153430616385497,-0.009946292894633058,-0.008601754709060659,-0.006723113901586194,-0.007468617322930275
2022-11-21,-0.028856513571822062,-0.008245222218654898,-0.008334200468568793,-0.0066570216420515724,-0.007855090934405333,-0.006904579056385762
2022-11-22,0.02502671467980644,0.006596891267852702,0.006763969960081957,0.006281099583785077,0.007880938342663863,0.006643691413962489
2022-11-23,0.024805238996002288,0.006613074541753063,0.007224447295949614,0.006983979058020612,0.0072826247879167975,0.007227342071038294
2022-11-24,0.0005709291244995196,0.0001519574573458614,0.00016505294223220836,0.0001599933787664857,3.605319889604224e-05,0.00010926324298419628
2022-11-25,-0.0036865244399477692,-0.0010223786889656478,-0.0011859165258183988,-0.0020598466566638996,-0.001579501244803522,-0.0026568506890055034
2022-11-26,-0.004463487091396101,-0.0012810634351241583,-0.0014559503414170714,-0.0028303753434274523,-0.001402725608833104,-0.0027255674783433267
2022-11-27,-0.0007642296181814556,-0.000246717212384402,-0.00026951852828740693,-0.000532873300335541,-0.00027926078679153544,-0.0005177408976450277
2022-11-28,-0.013597492725650695,-0.004503420638141574,-0.0049186128239857825,-0.009355341173704864,-0.004752624547179694,-0.009065951697934619
2022-11-29,0.014214602717621982,0.00477426841967764,0.005082245984542543,0.007416813338354924,0.005568167976830098,0.0077073676480008645
2022-11-30,0.044630555745524436,0.015537910539472947,0.01646456766921677,0.022926330731500005,0.013288108762288713,0.02157894199571424
2022-12-01,-0.012552142914380782,-0.0032133478671412604,-0.002816398694909343,-0.003373353479566885,-0.002625121795763334,-0.0033862411506384166
2022-12-02,0.006710416527240248,0.0017795095492768363,0.0018909373379660194,0.002353028908547982,0.0019042457829302317,0.002382314691401482
2022-12-03,-0.010284077983667594,-0.0028793758224396134,-0.0032952551791122996,-0.00553725015789001,-0.003473155685775168,-0.005510689028189267
2022-12-04,0.013148761932504138,0.00376013151179384,0.0042356176194921075,0.007053100565241344,0.00483595791322911,0.0072876894624747755
2022-12-05,-0.009366070861249742,-0.002771831843811198,-0.003086018126227642,-0.005287328480721416,-0.0033781530695914932,-0.005325383043320813
2022-12-06,0.0064360460692740595,0.00198551196990076,0.0021841261977567,0.0037399377402308155,0.0021923421847350392,0.0036860044358711817
2022-12-07,-0.013020344905583348,-0.004442937375723615,-0.004811258418146757,-0.00848569747152792,-0.0043562531765225405,-0.008067264657542525
2022-12-08,0.02274446642589223,0.00791778964530755,0.00838147277972371,0.011993844743390207,0.008436046480494648,0.012176391593333634
2022-12-09,-0.005531007923335718,-0.001797757671064408,-0.001859220951071451,-0.0021157746844678647,-0.0018309889411390159,-0.002126605246318717
2022-12-10,-0.0006964412574022028,-0.00028392612755128935,-0.0003152761084369272,-0.0005171605285934282,-0.0005321149190080188,-0.0006149919830821168
2022-12-11,-0.0017433804127237051,-0.0007134337655730416,-0.000760888248430831,-0.0012179650064711484,-0.0008415393948421932,-0.0013457248661795413
2022-12-12,0.005917994767629997,0.002422516266769002,0.0025804498876236723,0.004794718120178395,0.002296566861153605,0.004916336240420103
2022-12-13,0.033694326635179905,0.014321621231177133,0.015225053756724125,0.03125505705866444,0.016820540872172024,0.03355206630988417
2022-12-14,0.001958234303477191,0.00043011817325572005,0.00019969047954579007,3.4415500635928535e-05,0.0008027269923529344,0.0005058136074781737
2022-12-15,-0.02614693099487786,-0.009360459822050842,-0.009838014367179687,-0.01589886638039798,-0.014488118372825692,-0.024123327783681894
2022-12-16,-0.042547391886637476,-0.012639486217568809,-0.01232930003346574,-0.013103787723639584,-0.013179729564238227,-0.013505223178897477
2022-12-17,0.010133330047417788,0.0024414831437345606,0.002009707090572769,0.0028837384479347156,0.0030205780597530015,0.0031977570877123546
2022-12-18,0.00010316653592390423,5.358581008266629e-06,-6.056892870275471e-05,-0.00013443314687037485,-6.97883621175053e-05,-0.00019941659946023086
2022-12-19,-0.020981289191513763,-0.00585042267469678,-0.00670633656058705,-0.011657670743465912,-0.007508166151782333,-0.011931881265966896
2022-12-20,0.0290843722164853,0.007904135107420449,0.008744865886992637,0.009028871137736573,0.009510912473538679,0.009115718897354562
2022-12-21,-0.005992489795567657,-0.0015957332165840712,-0.0017451893415703545,-0.0016259652378947554,-0.0018259687717428648,-0.0016224575181691455
2022-12-22,0.0008148317937299865,0.0002144157274884935,0.00023121895400924974,0.00018228590641244412,0.00024242363599066982,0.00018317489640313865
2022-12-23,-0.002004588627184667,-0.0005814848886159473,-0.0006624613589765553,-0.0011014832084884222,-0.0005748688867394206,-0.000985065201075745
2022-12-24,0.00340246908413544,0.001011385653040227,0.0011373300396637608,0.0017617956364887005,0.0009019185804052801,0.0016135433519085902
2022-12-25,-0.0007586109150977682,-0.0002774904605319263,-0.00029597947614795953,-0.00048110335616744816,-0.0004054142687180865,-0.0005442961650046406
2022-12-26,0.0032748755419846898,0.0011577246233103135,0.0012502900324371912,0.0019124733529853775,0.001038084612901075,0.001826233031663161
2022-12-27,-0.010724385007811255,-0.0042619906732613245,-0.004542445208813133,-0.007014715388637796,-0.0044270629394484754,-0.007338089917241291
2022-12-28,-0.009738184009776663,-0.003934194477891205,-0.004118821699331765,-0.007210091795173107,-0.0030992873445743283,-0.006456315130310627
2022-12-29,0.0057025445880189984,0.0023464971585050636,0.00246321232690045,0.004405767274820379,0.0013841200888186711,0.0036155790454503764
2022-12-30,-0.002219062547737183,-0.0009609742755620547,-0.0010260982957780635,-0.0020001396300358453,-0.0012721578630694068,-0.0025035555466971604
2022-12-31,-0.004186593289613572,-0.0018256887298074172,-0.0019467521301962584,-0.0037961410936430532,-0.0019711547973013817,-0.004210620022118419
2023-01-01,0.004994744185872424,0.002179145683851068,0.002319581694552286,0.004893249550737205,0.0010034458254072967,0.00358046626408905
2023-01-02,0.004935777295688615,0.0021622721494043316,0.0023025968547630634,0.004935777295688615,0.0009276615689340934,0.003328399144615089
2023-01-03,-0.0011170353423302082,-0.000491285955661297,-0.0005234413039892173,-0.0011170353423302082,-0.0005050600840829195,-0.0014275755975512116
2023-01-04,0.010695130644030382,0.004707569287813203,0.005022422768444417,0.010695130644030382,0.004730421129230156,0.010695130644030382
2023-01-05,-0.0013987027858922696,-0.0006137399935983231,-0.000652648509298951,-0.0013987027858922696,-0.0005520428859824311,-0.0013155508156718957
2023-01-06,0.007908687754406785,0.0034696526824619105,0.0036940015890015504,0.007908687754406785,0.0034543436100438136,0.007700131473481168
2023-01-07,-0.0008983257701544733,-0.0003947487255590821,-0.00042110095020985664,-0.0008983257701544733,-0.00046671182803638704,-0.0008983257701544733
2023-01-08,0.0068827192152769445,0.0030254818564185285,0.00322517900886077,0.0068827192152769445,0.0022199756851251024,0.006804288733436675
2023-01-09,0.007214852951068718,0.003163319785626953,0.0033604314963503108,0.007214852951068718,0.0023696048566432554,0.007170952784480681
2023-01-10,0.014642654898661123,0.006414303636706489,0.0068118700649826,0.014642654898661123,0.0066716197805188485,0.014637192099551147
2023-01-11,0.02293209195895618,0.00979011428617395,0.010143817898668042,0.02293209195895618,0.010033256318187925,0.02293209195895618
2023-01-12,0.05809187623374945,0.02244353150658518,0.021397821713896127,0.05178789344390117,0.02391237367627597,0.05693990571506913
2023-01-13,0.05294307931987752,0.011636809229865123,0.0055421536713322105,0.020434265986418756,0.005175689538764109,0.017580228295672573
2023-01-14,0.05748723127470434,0.013478546017298402,0.009092399073697957,0.01799477825572841,0.00933751333896066,0.017686089571258987
2023-01-15,-0.0064211441704356,-0.0015017554713082765,-0.0009994478250232152,-0.0021156095468956027,-0.0008633587289660232,-0.002085069202147234
2023-01-16,0.01458149394997954,0.003845391516800761,0.004046064611373249,0.006698411429657775,0.003971198838262142,0.006435096077046231
2023-01-17,-9.974085082631312e-05,-3.4415631665743056e-05,-5.40431113047009e-05,-0.00016094738187477718,-0.0001471919722325902,-0.0001329789108362191
2023-01-18,-0.022127876438916005,-0.006303130208208918,-0.007184587392469301,-0.008799750453980229,-0.009583933988240359,-0.009419623369806906
2023-01-19,0.01748771639691893,0.004775516580232669,0.005225628481614286,0.004529735019724036,0.006230869540606102,0.004546182056347772
2023-01-20,0.07540319323778832,0.020901620333068298,0.023458567473122895,0.02367819644015158,0.012535962452094386,0.023047481631315887
2023-01-21,0.006286465682777687,0.0013495879474271272,0.0004999157841395886,0.0018433987817019788,0.0009274627827319255,0.002487643529390469
2023-01-22,-0.003810678706120396,-0.0010504679329208038,-0.001223000906616572,-0.0017661053345423374,-0.0009991171977400532,-0.002160891288735486
2023-01-23,0.009365429692506977,0.002602659894148601,0.0029234146155571643,0.0032305935314720893,0.0026209394227061093,0.0030951389188269645
2023-01-24,-0.013864436729357998,-0.004040856246720341,-0.004552411249542395,-0.004873722522321054,-0.0037593335495219337,-0.004648091241313214
2023-01-25,0.02202268126394502,0.006920426512488876,0.011700823016044878,0.010396707229802321,0.010895954229889761,0.0097936119795151
2023-01-26,-0.00434439721271862,-0.0013537796030246188,-0.002259181898110575,-0.001979266630929923,-0.0019775498374810093,-0.0017694977948043207
2023-01-27,0.002686245196733106,0.0008609295648879717,0.001356543016241973,0.0014588408859145087,0.001290621580455082,0.0012487039028381405
2023-01-28,-0.0026738476733925154,-0.0009053722286948451,-0.0013055998738983302,-0.0017964715804055557,-0.001177854094983923,-0.001446074237793965
2023-01-29,0.03329971957690492,0.01130141205618377,0.014984519648023598,0.021516520965067416,0.013866974423513343,0.019351663019483687
2023-01-30,-0.04103340716750292,-0.011947942953429,-0.012245290861074285,-0.016349861290269527,-0.00877150750233541,-0.015356017977514791
2023-01-31,0.014501445491281295,0.0032436709279899897,0.0023651146135019135,0.006124191205826631,0.001675827708226886,0.006087866153297843
2023-02-01,0.02581709269704624,0.007241272610964722,0.0114621455027296,0.015271907896974525,0.010149673977526993,0.01394367746698065
2023-02-02,-0.009339396983733983,-0.002712330145412134,-0.005129184439598163,-0.004245010147454177,-0.005312828556584988,-0.00402227554840856
2023-02-03,-0.00254371951250687,-0.0008020566861842114,-0.0014967743816634883,-0.0016394558105991097,-0.0019211945510263268,-0.0014819635888534443
2023-02-04,-0.0038509558348311934,-0.0012542812716335536,-0.0021255122282919457,-0.0029998456729766173,-0.002679833111868416,-0.002734911495334869
2023-02-05,-0.01705374665126902,-0.005648602674510522,-0.008557075265852148,-0.013463098722689483,-0.01030431410603554,-0.012626098122778942
2023-02-06,-0.00923718575128829,-0.0029949208650630484,-0.004175199665302921,-0.005211125569310342,-0.004476185037356318,-0.004682126096645399
2023-02-07,0.02291054673461468,0.00761534421644494,0.01027481156479113,0.014428428750218648,0.01098338245872669,0.012913447583849174
2023-02-08,-0.014127286822439133,-0.004547750632691727,-0.0057360560455628285,-0.006756707102981717,-0.006127907468837128,-0.006218434969781631
2023-02-09,-0.048801181396407434,-0.01602800386240669,-0.020453096718305877,-0.025193197721600395,-0.020566218046943165,-0.021745438309272024
2023-02-10,-0.009058133642742217,-0.0019912321170630497,-0.00090168358052467,-0.0041673453632383225,-0.0017658965463043317,-0.00465364371501342
2023-02-11,0.011299234665262725,0.0030079394578564804,0.00398730378404398,0.007277882277488245,0.004018613429006071,0.006791657574515102
2023-02-12,-0.004240836894793487,-0.0013399704063174847,-0.0023446474350489743,-0.002964557268655202,-0.002469684258803356,-0.002795720739393519
2023-02-13,0.0012207525235969907,0.0003792206422484959,0.0006273733914710656,0.0008654693298791323,0.0006767117205996715,0.0008172715725494903
2023-02-14,0.019436894012730077,0.006484669140435622,0.009370509746406694,0.016510691197193048,0.011540747298006668,0.016595302115533967
2023-02-15,0.09369809423581721,0.030604132048887355,0.04080927005512385,0.05197872901978233,0.04885188018720419,0.04989496110350705
2023-02-16,-0.023129936184587363,-0.0043236030773672225,-0.0004360495711932629,-0.013717953513871227,-0.0005271050566178094,-0.014706227096259399
2023-02-17,0.03642786706673973,0.008312269726516093,0.005719818600589553,0.01753184200969243,0.00750292781727703,0.016170830594957733
2023-02-18,0.0011862725722764367,0.00027568702266312365,0.00022682563338151396,0.00038671012612597356,0.0002867825973182733,0.00036787265686500346
2023-02-19,-0.01094049726933366,-0.003219245360106635,-0.006433037375769041,-0.0062117440850214724,-0.0080240455952005,-0.005240004156275378
2023-02-20,0.01768180074057768,0.005380323353511888,0.010440968059465778,0.008655962241010541,0.013446345707162806,0.007581442983031107
2023-02-21,-0.01602775070143403,-0.004958077687492429,-0.009191983147975926,-0.007478746550459598,-0.007177252702921729,-0.005754783569146681
2023-02-22,-0.009698632458366774,-0.003016304479689362,-0.005300785696314517,-0.00443783484777527,-0.006044159714981449,-0.004102829041254085
2023-02-23,-0.01049940040697206,-0.0033826309700279076,-0.0055007557245950285,-0.005437117641261586,-0.007015583272430082,-0.004723911636879762
2023-02-24,-0.030707191811617962,-0.010044313739063667,-0.015022056417794836,-0.015541220358995335,-0.018390543804347053,-0.013095833946657073
2023-02-25,-0.0006907527066007946,-0.0002397274814298963,-0.00037257434294752105,-0.0003820725546814503,-0.0004443162081047687,-0.00031354816756517677
2023-02-26,0.016506219089288843,0.005242392436411985,0.007992694030997201,0.009472581280225628,0.009476143430514856,0.007405928166515531
2023-02-27,-0.001610179889613983,-0.0005259682563408727,-0.0007816003149258572,-0.0009481729758584821,-0.0009182922682433796,-0.0008255560625357042
2023-02-28,-0.015241550508804824,-0.005126447500749241,-0.007123144057472672,-0.013235224037091998,-0.007722152181182626,-0.011039328999410904
2023-03-01,0.020077377688469733,0.006619519834017321,0.008466592308848516,0.014173921634298384,0.009692394072903255,0.012969687715817704
2023-03-02,-0.005956360988083942,-0.0019484483809087798,-0.002435370711307376,-0.0036413523601474566,-0.0013761155516486669,-0.002844522580118503
2023-03-03,-0.04771742784832467,-0.016146455705711507,-0.020595836251043283,-0.04030980745193753,-0.017362094609718867,-0.03952529333982832
2023-03-04,-0.00070742291340542,-0.0002790022016400276,-0.0004270239156226593,-0.0007166825844797209,-0.0003382286808204658,-0.0006796758489801614
2023-03-05,0.0038296222246889666,0.0009942548330411265,0.001009453685968057,0.002409610945744747,0.0012175430262473194,0.002364209735703604
2023-03-06,-0.00022809434166981557,-0.00011319282267415124,-0.0002415806127532709,-0.00026565804788120437,-0.0002055001386493743,-0.00020864873835701726
2023-03-07,-0.010709703798657322,-0.0035885872112251882,-0.005109951001904949,-0.009037597423829234,-0.0038377430747066695,-0.007670430852687014
2023-03-08,-0.021342563801259984,-0.007135812942244045,-0.009498237774710044,-0.01590710305775092,-0.01036738983455808,-0.016285149084953765
2023-03-09,-0.06228037855376034,-0.01981506714478344,-0.023763809686823314,-0.02872127137204981,-0.032656695664316546,-0.03188122221429755
2023-03-10,-0.005376337972220702,-0.0011471899463728903,-0.0003805511640925261,-0.0032899599689524125,-0.0008989851139446272,-0.002779371521074702
2023-03-11,0.017036596133016557,0.0043963562425928205,0.005039321382547337,0.012920299436340755,0.007482101173512688,0.013039493363233921
2023-03-12,0.07193241928789496,0.021437905822579078,0.03517745179823469,0.03643544670160255,0.05390042701443213,0.039605050387379694
2023-03-13,0.09464565160195315,0.02094477329840296,0.01971610264728886,0.04311043283315017,0.03724063192405782,0.04231567103181649
2023-03-14,0.025444131676650716,0.004793983924100089,-0.00021127569634532773,0.0072982799850500974,0.0011713801118782732,0.010573913456481223
2023-03-15,-0.014502626769054228,-0.0035462835617144947,-0.004078065342485087,-0.005689070344450131,-0.0023235701976520922,-0.004861907220746873
2023-03-16,0.025950112229994104,0.007302954543603004,0.01264063985554991,0.011152006081122932,0.009797867879081485,0.009225317235483607
2023-03-17,0.09612931702813987,0.027736362972231973,0.05486998412646994,0.03706879486581023,0.05445873181061016,0.034264321717057726
2023-03-18,-0.016935579648723387,-0.003527167293341131,-0.0017178868404385133,-0.003049925236281402,-0.0012944640954535903,-0.004927789816274756
2023-03-19,0.044448235201770325,0.011329527062379994,0.01640968044134775,0.012857948042207632,0.01345241584792697,0.012862912628841759
2023-03-20,-0.012448666996925706,-0.00319047495329036,-0.006016710612334313,-0.0037090153372410883,-0.0034915543807000947,-0.003800994669221484
2023-03-21,0.0121597635916042,0.0033886181444925177,0.007610316408557644,0.004674042095757404,0.006116137734782759,0.003598811732303001
2023-03-22,-0.02950498608390717,-0.008632529247518186,-0.020086460230780836,-0.012735466437540885,-0.020906628957409936,-0.009174350108308617
2023-03-23,0.03826894769919842,0.010764644797513207,0.02516768202868835,0.013919616896942584,0.029173145086580168,0.013408700185501232
2023-03-24,-0.032540805687127916,-0.00903485641296455,-0.021877741134525203,-0.012797988330025113,-0.022459959201721665,-0.012011112561874149
2023-03-25,0.000904086144481342,0.000250557087352066,0.0006066486170752313,0.0003495537077675623,0.0006114811088368142,0.00033078873684684005
2023-03-26,0.02038770893153319,0.0058184238111999255,0.014735992311411558,0.010945818583184363,0.016652460673780158,0.00898391847998861
2023-03-27,-0.03188644269773122,-0.009149268416719335,-0.02303182138076248,-0.01383017610263685,-0.025687688847515044,-0.012104040405391522
2023-03-28,0.004749292946718331,0.0013229521318809526,0.0032646406891777154,0.0019186569872748033,0.004000274405330513,0.0019249620803872718
2023-03-29,0.04051201649796399,0.011642769226695484,0.02924799341156165,0.02469518352548328,0.03525004763033285,0.020232734412029534
2023-03-30,-0.012953245905806487,-0.003623146672229543,-0.009016975973937871,-0.005317441899766378,-0.011281146436519155,-0.005398602964006123
2023-03-31,0.017597986520350384,0.005001556578951738,0.012694797254195473,0.008795373640075599,0.017468874468332705,0.00881518034479273
2023-04-01,-0.0007055109511425739,-0.00020498644766151508,-0.0005146767533151179,-0.0003579020785971458,-0.0007388080547676835,-0.0003830249570072179
2023-04-02,-0.011671203371086403,-0.003419100836403804,-0.008332844296752092,-0.00754282634492495,-0.009416149680435243,-0.005818820638487342
2023-04-03,-0.011043892987838144,-0.0032689878107708395,-0.007570132646101999,-0.006316790562555085,-0.008570707872326968,-0.005385381350084487
2023-04-04,0.009442345498609006,0.00283648299340723,0.006106114236703466,0.0055705610189555445,0.006875027227603532,0.00480789549863037
2023-04-05,0.0027158426522257972,0.0008331317957797752,0.0016201618322840197,0.0018279768968541628,0.0019983094193188303,0.0016171600182117852
2023-04-06,-0.00501013014730145,-0.0016220667322075933,-0.002849061764408307,-0.004353302851826329,-0.0030591530788441307,-0.0038412505375479
2023-04-07,-0.004002635290723866,-0.001325426714053237,-0.00207924627612642,-0.0036621390832274254,-0.0021486376821924806,-0.00344028710284215
2023-04-08,0.000975308007347131,0.00032092591758433247,0.00042317694520791805,0.0008760811043489409,0.0004688806403435703,0.0008121877842578757
2023-04-09,0.014080793120344381,0.0047876971123922375,0.006306149466245888,0.014080793120344381,0.006504884887675285,0.014080793120344381
2023-04-10,0.04689212750838245,0.015824060653179685,0.019737398916289912,0.04689212750838245,0.018544550395295515,0.04689212750838245
2023-04-11,0.018847309679228985,0.00406128549679829,0.001009216169778136,0.006739485275566876,0.0019772191199908134,0.007305183690381752
2023-04-12,-0.011045436358223082,-0.0031458801203922237,-0.004133835294067578,-0.005668165157513659,-0.004727839490574464,-0.0056820116451899196
2023-04-13,0.015305000219167253,0.0047563408778441875,0.007129945425996438,0.009757384795382589,0.004610589378790684,0.007908056446033915
2023-04-14,0.0029023899684605947,0.0009274832556679558,0.0013902506374015603,0.0019202859976692557,0.0012496202009968692,0.0017578163771345436
2023-04-15,-0.0038383088108634444,-0.001298253823387589,-0.001819912028418384,-0.003638284907985011,-0.0021958542119129864,-0.0036614408219418325
2023-04-16,-0.0009599959913668688,-0.00032996109172476383,-0.00045357834173523207,-0.0009584209970889032,-0.0005363211326642126,-0.0009538707255868293
2023-04-17,-0.027823960164703787,-0.009528442144610006,-0.012144406057591517,-0.02748305506317705,-0.011456887285291008,-0.026663586270082945
2023-04-18,0.03045070849936815,0.00904566338092059,0.00835825838713941,0.011298236513420684,0.007396541814732368,0.010203611511622284
2023-04-19,-0.05170530130241524,-0.01482816008190954,-0.01470295345039573,-0.02146267556178235,-0.016571447333396293,-0.022154083821374418
2023-04-20,-0.018941992693454313,-0.003973569152583469,-0.001666674011553924,-0.009739660070493232,-0.0039086979080188,-0.010424718311480823
2023-04-21,-0.03395440478324485,-0.008727673223072746,-0.012800202535440971,-0.017152337970393974,-0.013748475591226248,-0.015290969154653278
2023-04-22,0.019622089723055902,0.005101885937953222,0.009316144916933486,0.00797500381831587,0.0055465133246347526,0.006996916329577487
2023-04-23,-0.008008683377095593,-0.002280909860470626,-0.005222504125698723,-0.003943595533012263,-0.004495809409574955,-0.0038412066771281866
2023-04-24,-0.003060563794513471,-0.0009147404736706939,-0.0020674876908068113,-0.001907735695800759,-0.0024028126705625138,-0.0018097900954826057
2023-04-25,0.028433461759027834,0.008680404712074541,0.018086173646883332,0.018345701869259348,0.019628883350720366,0.016410733918173263
2023-04-26,0.002880991282477874,0.0008656392556211159,0.0008887139711359824,0.0009134502142553035,0.0023558788333934363,0.0009739281827072812
2023-04-27,0.03809570456093625,0.012202211183160403,0.012309159451342287,0.0214088513049638,0.0373303657633004,0.019359612910635957
2023-04-28,-0.003894023191890583,-0.0011357159907617632,-0.0015144784292995556,-0.0017034695834308954,-0.0032525529828091593,-0.0016700093361351012
2023-04-29,-0.004405240288329448,-0.0014008768401173998,-0.0017030853061235046,-0.0026787169313739314,-0.0045834507036396,-0.002409441698126741
2023-04-30,0.004810575093647129,0.001547507558154569,0.0012984931402559997,0.002904722185361551,0.004803658396111374,0.0026918558440833943
2023-05-01,-0.04247428388762031,-0.01411034358462026,-0.008721466801467799,-0.02922319639186842,-0.04247428388762031,-0.02617760054014065
2023-05-02,0.02047408027878439,0.005133223054157307,0.0029960920364853526,0.007913116955620593,0.015778459865472598,0.008427781395408254
2023-05-03,0.01235463923390201,0.0035691367021853286,0.004008552216791674,0.005616975713714189,0.011078913013123701,0.005622735153646833
2023-05-04,-0.00651351517974863,-0.002067401064795722,-0.0022485250453327874,-0.0037740510374427313,-0.006113129822105242,-0.0036870037454945596
2023-05-05,0.024158425319359633,0.007864205077005535,0.006193407272339252,0.015226175384196513,0.02409274627574062,0.014630836622984053
2023-05-06,-0.022113059159411197,-0.007011244977105493,-0.005223899228035472,-0.009863698064632805,-0.022113059159411197,-0.009922578082140417
2023-05-07,-0.004765643091624194,-0.001499593212559196,-0.0010581957891280247,-0.002068976880409872,-0.004606378257505295,-0.002084560571202227
2023-05-08,-0.0359662899896096,-0.011910666893365727,-0.006606010856482343,-0.022314676705225012,-0.036008584182193375,-0.02110282113375371
2023-05-09,-0.003060425807021039,-0.000909292045566075,-0.0004911664330906121,-0.0014429444549406186,-0.0028345950348049177,-0.0014324415005347903
2023-05-10,0.0001293950298815183,1.3928457131766163e-06,-3.749633447403023e-05,-0.00012193522021195507,5.992911546514527e-05,-7.635952501383069e-05
2023-05-11,-0.023863622924511274,-0.00797566845402259,-0.0040170906010311746,-0.016168796726166532,-0.023909726519155905,-0.015346825430181753
2023-05-12,-0.00789018631308902,-0.002532188837729646,-0.0010550709045367365,-0.0035906827602140896,-0.00564189150775471,-0.0035813715719538062
2023-05-13,0.002541853990689402,0.0008335703952934407,0.00030598129221726805,0.0013088674946245657,0.0021014923932405737,0.0012126656419522296
2023-05-14,0.0028636103719927863,0.0009664201511045207,0.0002529635408058351,0.0019462785743469494,0.0027896360022599256,0.0017254866497600375
2023-05-15,0.011641168065997798,0.0039732389782939454,0.0008755621277730774,0.009187535052001894,0.011641168065997798,0.008520162112470723
2023-05-16,-0.007561188303291111,-0.002571706329039282,-0.0004931732920392369,-0.005472338069636786,-0.007561188303291111,-0.005978796243638298
2023-05-17,0.01388772990399234,0.0047339300538852234,0.0008010588507087928,0.010664911308502877,0.012452581819001066,0.008099881455259163
2023-05-18,-0.020357215806349416,-0.00690331796774266,-0.0010737115630374005,-0.014703292044204536,-0.019666657723315793,-0.01281318930893124
2023-05-19,0.0017236572840610975,0.0005599459193436982,5.1126715020365356e-05,0.0006724906131149726,0.001358535395286452,0.0007152316539866409
2023-05-20,0.007860117436075953,0.0026689609129931886,0.00044518923634650364,0.006121874096434449,0.007712533079748328,0.005393436689776107
2023-05-21,-0.011946503731984248,-0.004083653593477178,-0.0006752848392699459,-0.012015784647940913,-0.011946503731984248,-0.010598560377100635
2023-05-22,0.0030488472350060913,0.0010320998690719558,0.00014246522933799812,0.002769728479285017,0.0030488472350060913,0.0025467258304566836
2023-05-23,0.01370573798051522,0.004692416280112115,0.0007363953206233431,0.013634647428778335,0.01370573798051522,0.013550556984211487
2023-05-24,-0.0325202893700175,-0.011048239860885219,-0.0015710466574931075,-0.0325202893700175,-0.0325202893700175,-0.03247123515433552
2023-05-25,0.005444096059889381,0.0015841666443227904,-4.8126210518787495e-05,0.0016438958381062817,0.004716024109553295,0.001743024980173158
2023-05-26,0.008893688613915929,0.002931570704385679,0.0005505494207552374,0.005315647402523734,0.007977963676945289,0.005010521211219842
2023-05-27,0.005020757339765369,0.0016983286667792536,0.00035435666209884613,0.003730732093635757,0.0049190631652834705,0.003453209742078146
2023-05-28,0.04628568348447115,0.01581924366523194,0.0029683240013774533,0.04133913822215823,0.04628568348447115,0.034587808322190154
2023-05-29,-0.011831942579022314,-0.0030477371009441354,-6.427123884852639e-05,-0.0051858789278300555,-0.0103262459198083,-0.005308648598970637
2023-05-30,-0.0018937924336981382,-0.0006438591739966887,-0.00033618555163468164,-0.0011183697752151544,-0.0019754668045841354,-0.0010526116999383635
2023-05-31,-0.01785506456210828,-0.0059677650593395505,-0.0023778088496040255,-0.012457872415460158,-0.01656581051632715,-0.011662614428009359
2023-06-01,-0.014413861356130209,-0.004751635305010258,-0.0015294258773401069,-0.007531717220318665,-0.011473737777493982,-0.007439801297739319
2023-06-02,0.016024257167045697,0.005330415015210917,0.0014684003288072225,0.008411499855822686,0.011271318039753828,0.008127766054026006
2023-06-03,-0.006450855221057039,-0.0021579189816156668,-0.0005529080357623068,-0.0034399987979522187,-0.006169995566242129,-0.0033053149135546626
2023-06-04,0.002911662760488598,0.000983349657618276,0.0002128974407268403,0.0017653709114196653,0.0027784570324712646,0.0016537946595259784
2023-06-05,-0.050533552582165964,-0.017284934970337208,-0.0033829801936326306,-0.03872232439052884,-0.05056303304038755,-0.03673468103002473
2023-06-06,0.055376066807665714,0.01143864558098887,-6.676191145857742e-05,0.022201221331622854,0.05373034011582918,0.02541680863691177
2023-06-07,-0.0321231300484075,-0.00645409687834899,-9.608897471285237e-05,-0.014040632335903464,-0.026392786736882008,-0.014392286350547331
2023-06-08,0.006914103338601318,0.0015862358067414894,0.0016552328920795402,0.0028396860325473183,0.005450453306312056,0.0030647801032694984
2023-06-09,-0.0019235582489530723,-0.0005854155217204564,-0.0012993414302279215,-0.001321048635048573,-0.0021316463278049386,-0.0014688035737493081
2023-06-10,-0.02294855224471881,-0.0069805016633757485,-0.011973990805358822,-0.013882216264215557,-0.02294855224471881,-0.013111442382559853
2023-06-11,0.0016863449857942303,0.0005007903974821273,0.000769545080618845,0.0005062465206284855,0.0016863449857942303,0.000517955881033347
2023-06-12,-2.941936672273826e-06,-1.8113557371274857e-05,-8.978536609517834e-05,-0.00015528381565388348,-2.941936672273826e-06,-0.00013883675387174954
2023-06-13,-0.000999429109254657,-0.0003369059355920829,-0.0003915974213860624,-0.0006422538368776459,-0.000999429109254657,-0.0005657461165119554
2023-06-14,-0.03026462778321959,-0.010100468190395704,-0.005795515074649109,-0.018270739089108284,-0.03026462778321959,-0.01704995704326476
2023-06-15,0.01839053210720909,0.0055273819348638864,0.002758102427480753,0.0069995753645118635,0.013380146955006908,0.007137491232851182
2023-06-16,0.030230933607334087,0.009636236294365805,0.005776425588152176,0.01384880889935185,0.026447766750967185,0.013066118205346434
2023-06-17,0.00692512915781518,0.002083711093002909,0.0014839783626906036,0.002812877080390845,0.005962776187783377,0.0029760619114638305
2023-06-18,-0.006042378788964187,-0.001996647153331738,-0.001286641309874344,-0.003912464653999081,-0.006106288957971392,-0.0038501399443332212
2023-06-19,0.016092485358770503,0.005371042307110011,0.0024380529419868596,0.011819258931775834,0.016082157064366245,0.011160051127874228
2023-06-20,0.05703762033105142,0.018979921358639445,0.006900083654633409,0.03530231329670139,0.05703762033105142,0.03270288046331712
2023-06-21,0.06338343909547839,0.01344419685461826,0.0010601002260018084,0.026645986703050222,0.05735154052053475,0.027794082002784746
2023-06-22,-0.004883934594152484,-0.0010271327753441355,-0.000696029292030237,-0.002233330045647439,-0.003710858213617024,-0.002212261174038429
2023-06-23,0.02289766194315135,0.006000801031341435,0.010719803477260285,0.014848074380207413,0.022199646542072817,0.014352548826650068
2023-06-24,-0.002915870672853038,-0.0008415443468255079,-0.0019600016075916474,-0.0014559009083738572,-0.0027500117879515765,-0.0013904277463110462
2023-06-25,-0.0026703287578337953,-0.0008195032459329533,-0.0015923240559187971,-0.001560727735659049,-0.0027468861176766276,-0.0013683129993828792
2023-06-26,-0.006943617309960626,-0.002184426249392547,-0.003291960179903683,-0.0040170620265317725,-0.006943617309960626,-0.003712862787908546
2023-06-27,0.013590419033589596,0.004362913184669333,0.004407385928693852,0.007455037857127942,0.013590419033589596,0.00698272688807304
2023-06-28,-0.018359527255629726,-0.005978722737786381,-0.004761300572763675,-0.009368079742230532,-0.018359527255629726,-0.008731766617465756
2023-06-29,0.011850557850035859,0.0038233363549534756,0.002334466740440234,0.0051889239069469505,0.011850557850035859,0.0049460370233830086
2023-06-30,0.0007783868160640139,0.00024945603017980386,9.394158089886532e-05,0.00032873267823508385,0.0007783868160640139,0.0003159297239398914
2023-07-01,0.0031880364574585762,0.0010703879229134446,0.0003470031283111124,0.0018306558339278144,0.0031880364574585762,0.0017034103315521458
2023-07-02,0.0004096408212288516,0.00013686531307548772,6.3924331494855945e-06,0.00017946819372815793,0.0004096408212288516,0.0001283500295539503
2023-07-03,0.017687693558770867,0.006046126391716466,0.0012699291185360878,0.017400633727086237,0.017687693558770867,0.015415869747845087
2023-07-04,-0.010772644650473673,-0.003624627232786757,-0.0006291891107459993,-0.009099268531919051,-0.010772644650473673,-0.007804973732344445
2023-07-05,-0.009809280617086968,-0.003324258397617853,-0.0005671146973960793,-0.009646464076092248,-0.009809280617086968,-0.008036177413782113
2023-07-06,-0.016987846431793407,-0.005773273087729325,-0.0009441547806988383,-0.017018750169488773,-0.016987846431793407,-0.015362517220814805
2023-07-07,0.011679663940423968,0.0039020318669769983,0.0005155810833094195,0.008669412348314896,0.011486235677693279,0.007683902414447505
2023-07-08,-0.0021847543751456477,-0.000745342656205416,-0.0001304460424758095,-0.0020181879457081752,-0.0022000093743033164,-0.0017282828882957402
2023-07-09,-0.0033174676045382157,-0.0011388807320743758,-0.00019041822553975647,-0.003444313891259049,-0.0033174676045382157,-0.0034607040014128375
2023-07-10,0.007672739056019839,0.0026296642308457556,0.0004098057118186802,0.007672739056019839,0.007672739056019839,0.0076492196347460895
2023-07-11,0.007290476210674468,0.0024955041402064696,0.0003722829158836487,0.007290476210674468,0.007290476210674468,0.007290476210674468
2023-07-12,-0.007533199878314689,-0.0025796661713532623,-0.0003836059779605941,-0.007533199878314689,-0.007533199878314689,-0.007533199878314689
2023-07-13,0.03452709118608621,0.011801416519973998,0.0016892551727682554,0.03452709118608621,0.032526896000235804,0.03452709118608621
2023-07-14,-0.03575864193559419,-0.0108647241284276,-4.897965799542998e-05,-0.015363423165639288,-0.028155602824411124,-0.016068962368690702
2023-07-15,-0.0006526224358255339,-0.00020952235215385503,-0.0,-0.0002854994972720983,-0.0005488399500661799,-0.00028926863003979103
2023-07-16,-0.0013574255900726806,-0.0004921818572705335,-0.00029268726326776276,-0.0011723321143810475,-0.0015234933959955724,-0.001036609461883623
2023-07-17,-0.0035050408982718606,-0.0011941368041175028,-0.00040923145888299055,-0.002891381526790271,-0.0035729936189490127,-0.002609629575378799
2023-07-18,-0.010217670489290231,-0.003478711106206972,-0.0009243749839977423,-0.00850312503352797,-0.010217670489290231,-0.007783843768696289
2023-07-19,0.002590250410970718,0.0008775401271270571,0.00015970779029873914,0.001832842874796101,0.002590250410970718,0.001660088609523366
2023-07-20,-0.003591174008258924,-0.0012315820638478534,-0.00023433953473542865,-0.003046028520488162,-0.003591174008258924,-0.0027737827725455096
2023-07-21,0.0038277000375854797,0.001310701500710016,0.0002123980244437045,0.00318881803750594,0.0038277000375854797,0.0029223736289250295
2023-07-22,-0.00647345752530426,-0.0022208528354930313,-0.00035432895838220064,-0.005532873833940002,-0.00647345752530426,-0.005065840452033132
2023-07-23,0.011456728482204692,0.003919993370750324,0.0005759973061918505,0.009309838138897153,0.011456728482204692,0.008486976478573712
2023-07-24,-0.02954153638687651,-0.010071256469733456,-0.001432814166794907,-0.02299238008530239,-0.02954153638687651,-0.020538481457499064
2023-07-25,0.001470101454312811,0.00042443324696303834,-4.842824824055509e-05,0.0002635637770449048,0.0013112938561790149,0.00041566807946891214
2023-07-26,0.00480256256750522,0.0015457781301725848,0.0017775408896438518,0.0024592060562469912,0.0035065278040973674,0.0025077241733889857
2023-07-27,-0.005446068517686364,-0.001831041359032907,-0.0026236887670388013,-0.0039634216133376836,-0.00468746479681383,-0.003891210850227051
2023-07-28,0.0039253403223775685,0.0013177028581621876,0.0018874165604169473,0.0028178555256460672,0.0029484766986807,0.0027518750524407197
2023-07-29,0.0015030233822315164,0.0005057633150846029,0.0007241854744004055,0.0011072887860322695,0.001186449526985096,0.0010936740569157336
2023-07-30,-0.003322145627783768,-0.0011241105721927723,-0.0016076254994216858,-0.002653619911860386,-0.0028506588999433068,-0.0025881467214997583
2023-07-31,-0.0014700059804264587,-0.0004968868609066524,-0.0007107877086022471,-0.0011579025381471433,-0.001249117719136217,-0.0011352187963109958
2023-08-01,0.009574574654735102,0.003237702516740377,0.004630075065728224,0.007593243344466776,0.008251893867182978,0.0073328196275104065
2023-08-02,-0.012082730855044077,-0.00403891855726376,-0.0058053205313360915,-0.008608528738797831,-0.00951895027608289,-0.008358417618292126
2023-08-03,0.0016879745825133519,0.0005517372828043051,0.0007952967984643795,0.0009066748724559348,0.0013648645760181925,0.0009902061586509838
2023-08-04,-0.004627638468209683,-0.0015640122689113056,-0.0022365890441698056,-0.00454555094915658,-0.0039938572862975585,-0.004392992687828649
2023-08-05,-0.00014308118310180085,-4.869408348761958e-05,-6.94765798810878e-05,-0.00022881315114312538,-0.00012760431492664587,-0.00025172543538257364
2023-08-06,-0.0001739012603577672,-6.0001658932527774e-05,-8.546000713985176e-05,-0.0001739012603577672,-0.00016836580613253073,-0.0001739012603577672
2023-08-07,0.004004237341491912,0.0013547162515411108,0.0019372532511714052,0.004004237341491912,0.0033788664134182253,0.004004237341491912
2023-08-08,0.021092622173301656,0.0071223220821730335,0.010196536008128114,0.021092622173301656,0.016445042178701713,0.021092622173301656
2023-08-09,-0.006600751230300683,-0.0020959956672185896,-0.0030717006127017224,-0.004578646023409259,-0.005535961370260595,-0.005026442470752431
2023-08-10,-0.005164608519215963,-0.001721296927710804,-0.0024641564819772987,-0.004373544981528035,-0.004254624343763944,-0.004064523586530737
2023-08-11,-0.001032110332141789,-0.00035125186945521856,-0.0005012729640516109,-0.0009885812250734415,-0.0009119077201541011,-0.0009607902727669675
2023-08-12,0.0005424924916712648,0.00018078839854615336,0.0002592537034393448,0.00044786554539219374,0.0004364965705518446,0.00043176518509658115
2023-08-13,-0.004406359246013181,-0.0014912101749518147,-0.0021325214241927643,-0.00444736897141387,-0.0036510996301784256,-0.00448203788081243
2023-08-14,0.004194960333306907,0.0014145888497679167,0.0020242602470199006,0.004194960333306907,0.0035010345559792566,0.004194960333306907
2023-08-15,-0.008207512270703599,-0.0027695303892750754,-0.003965811450056281,-0.008207512270703599,-0.007407763775978858,-0.007843387336705766
2023-08-16,-0.014169998492609137,-0.004745940522165401,-0.006804901167706897,-0.013796915070020423,-0.012172353330418717,-0.011941080228179846
2023-08-17,-0.07281450893551211,-0.02377687734260905,-0.03431982307287307,-0.051551395731955336,-0.05801797983518097,-0.049168690377338876
2023-08-18,-0.023375233501700343,-0.006128494837023111,-0.005388686290859775,-0.00806466056453244,-0.00962964347077564,-0.007882538892526552
2023-08-19,0.002174411992406977,0.0005925648266767689,0.0006319248422856337,0.0006085388780069255,0.0009794008597968906,0.0005731077427488808
2023-08-20,0.0031612789811630293,0.000983894816666416,0.0013361634173083509,0.001284635249448571,0.0021380885092421135,0.0011935536434126127
2023-08-21,-0.0018171718427359984,-0.0006199457565657242,-0.0008932946462412695,-0.0008206129199330524,-0.0016011002829345545,-0.0007621102820994638
2023-08-22,-0.005767380017314139,-0.0019496429625999406,-0.002788337136608747,-0.002535969274375271,-0.005125842779690762,-0.0024187528204688297
2023-08-23,0.01824544117837168,0.00613994392100395,0.00879075321340866,0.007601600053951521,0.015322831991768008,0.007108956927343915
2023-08-24,-0.012301409107277617,-0.003953594959783451,-0.005766301321203772,-0.0038016471090615905,-0.01016563676326875,-0.0037300812923549364
2023-08-25,-0.0032883130218362977,-0.0010757023209835384,-0.0015469688870269672,-0.0011828731358787168,-0.002694394447173165,-0.0011446484970609428
2023-08-26,-0.001332795718542834,-0.0004562167984348249,-0.0006497658591986432,-0.0006634104640614125,-0.0012025809735305858,-0.0006095000282062845
2023-08-27,0.0030833900896152233,0.0010386052370178979,0.0014861451203264618,0.001344973873242117,0.002495640203897538,0.0012562428375886244
2023-08-28,0.0006484351493500906,0.0002188955337935361,0.0003129930821212234,0.0002645789334859469,0.0005217245809413883,0.00023657869615004086
2023-08-29,0.06010531103930972,0.02033391798448803,0.029081647640323543,0.04764622081316208,0.051223133522987824,0.04712378789534307
2023-08-30,-0.013487328527597486,-0.0037996424145282743,-0.005307797755196158,-0.004299031792755316,-0.010367293166470922,-0.004276735583315158
2023-08-31,-0.04923738215583273,-0.015210457538263583,-0.021717754156242063,-0.018688182193000304,-0.03818955769859391,-0.01924408830685034
2023-09-01,-0.005859327504442291,-0.001638972205803297,-0.002159639125004922,-0.0017103053205321946,-0.0032979797052992755,-0.001714593376574171
2023-09-02,0.0025387786177033522,0.0007612873040990904,0.0010414681585775285,0.0009837028342141486,0.0010890276692996721,0.0008819593873958656
2023-09-03,0.0036435129320531168,0.0011982901384176986,0.001707081363510465,0.0016226839270270291,0.002455213149786615,0.0015522326388233032
2023-09-04,-0.006279117313405247,-0.0021185303781300732,-0.0030333578115264354,-0.002771010103241078,-0.005356035910898393,-0.0026603982624009664
2023-09-05,-0.0006652628884153966,-0.00022434906553653612,-0.00032108591418694807,-0.00029941559390911284,-0.0005716901926109145,-0.00028736521839988545
2023-09-06,-0.0010694114112501651,-0.0003632590839173057,-0.0005188835607314331,-0.0005032985175007064,-0.0009753657004465959,-0.0004881755858235793
2023-09-07,0.017698233660155882,0.0059866005250771934,0.008560693786093369,0.007922708765628582,0.0146153314941168,0.007465617575578408
2023-09-08,-0.011671090997568911,-0.003770206790065699,-0.0054904116509078525,-0.003729134026464813,-0.00937770353298355,-0.003688215508137614
2023-09-09,-0.0003890265408473814,-0.00013237851008616688,-0.0001854929501740053,-0.0002048911301719243,-0.0003814399130216894,-0.0002014358096312661
2023-09-10,-0.0024389551150266753,-0.0008286105495333349,-0.0011828916512153797,-0.0014002867144499729,-0.0020557436997916067,-0.0013521608556488422
2023-09-11,-0.02696035273372066,-0.009104632613456334,-0.013022392531977334,-0.017798933433348135,-0.022799700607870736,-0.01788996440304924
2023-09-12,0.028830765601541186,0.008528910786804119,0.01258130463941574,0.008776278557351485,0.02241535500142258,0.009254711197646152
2023-09-13,0.014198344141335362,0.004100844596796059,0.006094241649940947,0.0041377400623473625,0.00963043290253619,0.004176691353388737
2023-09-14,0.012551640038851453,0.0039020767125961015,0.0056938036201883546,0.004806729513319893,0.009445884289490883,0.0047757119568985215
2023-09-15,0.004389173391378343,0.0014095928627502678,0.002044313867196823,0.0019069742834053882,0.0033017046357129254,0.0018706072507977136
2023-09-16,-0.004385770721122451,-0.0014767761461780382,-0.0021140032352476106,-0.0025677505158341546,-0.0037954668029337602,-0.002494880806726648
2023-09-17,-0.0020034912367802304,-0.0006766995183697909,-0.0009675726868415965,-0.0011765461415954518,-0.0017454510019509232,-0.0011046208302221865
2023-09-18,0.009893423606347262,0.003341377711680252,0.00477929582305074,0.00594575124390581,0.008471202081365216,0.005636875890435094
2023-09-19,0.016828872516928772,0.005608491077496875,0.008071181347178609,0.009193057548148881,0.014017486638868685,0.008922789377307162
2023-09-20,-0.003000059150957246,-0.0009778157593031973,-0.0014186530753779287,-0.001361874126637076,-0.002430872267849618,-0.0013451223540588413
2023-09-21,-0.020705416738089344,-0.006934622717563176,-0.009934971280074832,-0.01148366994535879,-0.01784059110157353,-0.011177463550594388
2023-09-22,0.00035949364692444696,9.012490884879374e-05,0.0001401281921290341,-0.00010227286355522625,0.0002128051545556616,-8.648683063401793e-05
2023-09-23,-0.0002020689660612307,-8.720902674587695e-05,-0.00011730121826322151,-0.0003402812944337387,-0.000176576518434427,-0.0003253753901009558
2023-09-24,-0.010879657234010742,-0.003673507331094467,-0.005254248214822534,-0.008351593339324545,-0.009344250403095949,-0.008232810746260017
2023-09-25,8.249253978753757e-05,2.2053531987681595e-05,3.3937309185099456e-05,-1.2184770904207065e-05,3.658042352723782e-05,-1.7754910869730512e-05
2023-09-26,-0.0035859977799755915,-0.0012140875848114755,-0.0017352451926798901,-0.0030885372879518973,-0.0030916654762928003,-0.0029873954173945494
2023-09-27,0.005403596346653883,0.001823383002011978,0.0026086403379117534,0.004530505790232763,0.0043787806371749245,0.004416818584177033
2023-09-28,0.026478609400863773,0.008920064118968373,0.012781252915361693,0.02202448574929561,0.02199088184462755,0.02202074945151281
2023-09-29,-0.004519366878863895,-0.001396059212820806,-0.002064646047001534,-0.001958820292171594,-0.003329685092597667,-0.001992749225725984
2023-09-30,0.0024689241507409587,0.0007818505082123057,0.0011419827646914713,0.0010939289341907366,0.0018925469797955038,0.0011022684868511933
2023-10-01,0.0360465231584175,0.012097789126781671,0.017329259060497256,0.025024634121155086,0.030204981146751634,0.02423213983328734
2023-10-02,-0.013747909324122176,-0.003974237119605423,-0.005961650606069221,-0.004237348420187896,-0.008700764286782226,-0.004254480844604009
2023-10-03,-0.004597967246736223,-0.00145452685041598,-0.002094290604640673,-0.0017630678549603687,-0.0028118233092717148,-0.0016417363707400042
2023-10-04,0.013051025212368117,0.004296015963277535,0.006166190508420466,0.006741833862215052,0.009946999732754409,0.00624127053596189
2023-10-05,-0.013343264825501855,-0.0043782185731659345,-0.006326187620539449,-0.006272141815995611,-0.01007721594259277,-0.006048035899219328
2023-10-06,0.018800109227767425,0.00612767193508439,0.008843220801375447,0.007949915855995426,0.014837816558719623,0.007979553917757601
2023-10-07,0.0011018622391094635,0.00033840312362351147,0.0005023536813916141,0.00029845772889110076,0.0008735679472839565,0.0003083192222594096
2023-10-08,-0.0013021763201626069,-0.0004510817764083716,-0.0006380031766186654,-0.0008326587332482832,-0.0011314546031977405,-0.000804098029338399
2023-10-09,-0.012348773151400705,-0.004169288676313394,-0.005963288900193825,-0.007141733561739924,-0.010498536260405292,-0.006848454826043145
2023-10-10,-0.006217513882598502,-0.002058722834258882,-0.0029608883615646958,-0.0030415198398069006,-0.0051043070258003,-0.0029818417243572303
2023-10-11,-0.021576549432603898,-0.007224557383870741,-0.010352150768587344,-0.011762495092813225,-0.018219634092042893,-0.011473099441873337
2023-10-12,-0.0032365965932402707,-0.001028152917043099,-0.0014933103159386614,-0.001266230846433562,-0.0021533094052609645,-0.0012579724700314077
2023-10-13,0.003780893888634562,0.001230672238058526,0.0017742658785213823,0.0018273724297291837,0.0025739878441240547,0.0016988644052724486
2023-10-14,0.0007280434394756341,0.00023958868792729257,0.00034405016707919986,0.00035465232184453107,0.00049234659254682,0.00031464151263948506
2023-10-15,0.00998874168554198,0.0033744095824532814,0.004827381703088624,0.007411594468408912,0.00852889556121428,0.007159175877790394
2023-10-16,0.05073613725362658,0.016913526801016397,0.02433762835747496,0.0347008424883721,0.04251520293565599,0.03359269507306191
2023-10-17,-0.0025814380515086777,-0.0007751755442246217,-0.0011218116640368415,-0.001117239142061883,-0.0020188464101858943,-0.0010965843692797388
2023-10-18,-0.0036974422021001097,-0.0012228987253393715,-0.0017508359517563665,-0.0019402840857716697,-0.0031848191764673466,-0.001973095756578548
2023-10-19,0.012788833034874658,0.004252685009042443,0.006089997952107122,0.006656650882738801,0.01100418488020489,0.006341902582304515
2023-10-20,0.03536474953250601,0.011630791828588602,0.016808526374565366,0.015084127659486211,0.030803551876981427,0.014811727019116167
2023-10-21,0.007324058046902282,0.002047993614166626,0.0031002864503483457,0.0017772437144163728,0.005303009192366979,0.0017804615452388709
2023-10-22,0.0020590799466571053,0.000624011751251582,0.0009197392216919651,0.0007206216943894613,0.0015340758518641725,0.0006941593990022086
2023-10-23,0.0990526263169349,0.033075883167585925,0.04741401716790702,0.04977444945614537,0.08173868637937819,0.04750805512685165
2023-10-24,0.028123531324302453,0.0069814063169015075,0.0038233187862323275,0.009457548734944043,0.011171093554732479,0.009442640850123413
2023-10-25,0.017936396353818385,0.004907823357539608,0.007758252780729541,0.00827669282327767,0.010530312321743389,0.006994970676716042
2023-10-26,-0.008906309451168215,-0.002701067633901602,-0.005048580912092697,-0.004228228319661047,-0.006333336415072707,-0.003660469924678459
2023-10-27,-0.008324789384449915,-0.002867506264557676,-0.005487178711828441,-0.004273918613952791,-0.007375173007176902,-0.004179477870226765
2023-10-28,0.005742421375919404,0.0020511339329215865,0.003968507271715849,0.0029507875990302758,0.005327224791126881,0.0030210637427157505
2023-10-29,0.01416034575092251,0.005270293024230426,0.010287569168523152,0.007356162966199203,0.013836745933771336,0.007793643090920682
2023-10-30,-0.002291662114349613,-0.0008335743091316221,-0.0016375395243926625,-0.0011693588717569723,-0.0021722086090737794,-0.0012000483007830838
2023-10-31,0.004096855274581479,0.0015161638367486622,0.002967738749770848,0.0021772677606121883,0.00395402917671993,0.0022538570698749636
2023-11-01,0.02296867952437842,0.008694340779675014,0.017006334220206493,0.012516727645476306,0.0227918377436533,0.013260179606980942
2023-11-02,-0.015496230384843379,-0.005013559426786727,-0.010142457450660697,-0.0075005333100077575,-0.014785750333065416,-0.005853278961251344
2023-11-03,-0.005008051777323108,-0.0016493700145977152,-0.0032191600555043277,-0.002377342493446159,-0.003738850944300481,-0.0036722763967598332
2023-11-04,0.011030655131020417,0.0039482717559529805,0.0076675687804308385,0.007905031471773126,0.010052421191032489,0.00855880746148339
2023-11-05,0.000397984952556385,0.00014275850844879545,0.00027284073896971116,0.00027022112412669467,0.0003612488155579124,0.0002867958672010806
2023-11-06,-0.0024875879104560017,-0.0009524278448157055,-0.0018570806252881436,-0.0022309367745738215,-0.0024430703919562013,-0.0022092071248666196
2023-11-07,0.011444542854168072,0.0043506096789771125,0.00850627949034704,0.010018800576214754,0.011060480032867985,0.010139084318071031
2023-11-08,0.010712423350528466,0.003923180063998002,0.0077270221696752435,0.008714288155885595,0.009885919911775438,0.00923056169703225
2023-11-09,0.02451071030727836,0.008949845569041324,0.01758278702076895,0.020062557317308875,0.024427795408489977,0.02055423281369313
2023-11-10,0.018872850121240292,0.005789650577877614,0.011783548838105734,0.009582327186918326,0.017965227915277725,0.012408583497842442
2023-11-11,-0.010371664953848891,-0.00324376837365807,-0.006414047339127786,-0.006124875232313561,-0.0009543081440125859,-0.007972570492889033
2023-11-12,0.0019851256740275325,0.0006490648106770928,0.0012690700792802668,0.001290316727458443,0.00023740407060347078,0.0015250703730037098
2023-11-13,-0.013765910168270445,-0.005118666062484499,-0.009956533232376535,-0.0114538290367056,-0.011552618956367682,-0.011647807539967834
2023-11-14,-0.026067305207390423,-0.009289859609461153,-0.01825094050635821,-0.01933192667976501,-0.023807150825896496,-0.020803350353235595
2023-11-15,0.06321513664707035,0.018835219531993373,0.03781003055226415,0.027797532782737028,0.04824848351105277,0.0398476458092054
2023-11-16,-0.04440075219938311,-0.012179147918186447,-0.021203390954523088,-0.018865080050010568,-0.024873438728426935,-0.021976407196073747
2023-11-17,0.011319220810356523,0.003033942391069342,0.004625648095979004,0.00494944775622453,0.005242792411288805,0.004268173274161669
2023-11-18,0.0002109097339766386,2.0385525654089208e-05,-4.003744137009193e-05,5.815568249783719e-06,-0.0001379620696061404,-3.6101251735652816e-05
2023-11-19,0.023656765099473898,0.008452822976516106,0.01620156955252374,0.014067055666117068,0.02159920243446053,0.014862605012055503
2023-11-20,0.001958240271700218,0.0005625312714601868,0.001161295042420856,0.0008196848360308408,0.0016625767317457055,0.0006999744601258343
2023-11-21,-0.039476897754146645,-0.014054834409741276,-0.027263345155162415,-0.023577823658292866,-0.03831493039264796,-0.023768194632249103
2023-11-22,0.03796310183350515,0.010571269880297787,0.020678037986096652,0.01684723969632866,0.03454580504602121,0.011169792913226163
2023-11-23,-0.0024413928404533047,-0.0006817589147199986,-0.0013066817696714241,-0.0011158836654685627,-0.002252069962258446,-0.0006265775484568955
2023-11-24,0.010909841624993089,0.003566538305313248,0.006780938177227905,0.005811810156545586,0.010668221707022653,0.00609867176502847
2023-11-25,0.0021565363773696777,0.0007383592374175194,0.0014212173320658926,0.001163836999532816,0.002137968368365381,0.001026163197485716
2023-11-26,-0.00839734149111826,-0.0031554823279481476,-0.006150279937026625,-0.005226928037663573,-0.008306708918460958,-0.005478024273299699
2023-11-27,-0.006762060067351028,-0.002517345012911323,-0.004927533241253976,-0.004340795808588439,-0.006774039381543462,-0.004548737112298377
2023-11-28,0.016095420895139156,0.006027577428713113,0.011795559134816315,0.010953599039138187,0.015804496708624424,0.011372149196840035
2023-11-29,0.0004860765900240871,0.00014490869646298932,0.00029706322026624586,0.00020659873132027236,0.0004690589226440782,0.00019659633900834218
2023-11-30,-0.003544327538685499,-0.0013439058313666052,-0.0026115223794614404,-0.002583890628112164,-0.0034695905374016456,-0.0027062314831253495
2023-12-01,0.026273427824207163,0.009941331964406941,0.019430151688783825,0.018769171456795807,0.026035079922983116,0.019316887449197587
2023-12-02,0.019603529211063897,0.005927627136875117,0.012203843590910427,0.008115053878873669,0.017445412889255642,0.011342941999365376
2023-12-03,0.01307432525889407,0.004029676075842135,0.007966200957012606,0.006481665522953649,0.011696062204274979,0.008888866810553956
2023-12-04,0.048328233347282534,0.01602457040807483,0.03122372986043248,0.033538953111100306,0.043635496262515,0.03744668790138353
2023-12-05,0.0514600473252953,0.014332666842810794,0.02782454351311048,0.019859966527894315,0.033531211618512316,0.027981184215906306
2023-12-06,-0.007288243940126948,-0.002008769508847039,-0.003620158303538596,-0.003147056407965978,-0.004882312928038954,-0.00282131196636327
2023-12-07,-0.010588806248077898,-0.0034843928653959834,-0.006557048994170711,-0.006418445200974412,-0.0060569935079165865,-0.007570389514346532
2023-12-08,0.021311880393607652,0.007402175552002021,0.014249644824214664,0.012672182154209888,0.013132957242888646,0.014366392051597742
2023-12-09,-0.010520196062458798,-0.0033770378392471855,-0.006696094896216871,-0.00534644349359509,-0.008082680013282526,-0.005593121213195484
2023-12-10,-0.00016676501327872462,-8.347228175096458e-05,-0.00014716228723002015,-0.00017724881439573368,-0.0002117933042533338,-0.00019582818564716482
2023-12-11,-0.05768719063981931,-0.02143605267394171,-0.041704819709070064,-0.036117925659943775,-0.053954091321923275,-0.038184923068231416
2023-12-12,0.006245557788424394,0.001629727228274908,0.0029223770210635453,0.0026197192800704408,0.0035812308163412822,0.002508899655385638
2023-12-13,0.035492740703278125,0.011555296079092213,0.02185767368377808,0.019453607825401915,0.02566009221480416,0.0200640704598826
2023-12-14,0.0021909281679468595,0.0005734021420303814,0.0011533836153138593,0.0009068137259941152,0.0016094872639403652,0.0005617664813330509
2023-12-15,-0.024516923612704633,-0.00824330547278131,-0.015817601556744606,-0.01414342189667503,-0.02230983947259597,-0.014409131151474448
2023-12-16,0.005362725835778015,0.001566733506673042,0.003077636324292106,0.0023234508006058853,0.004239966196750176,0.002491307572341288
2023-12-17,-0.01835282636700064,-0.006365036081570688,-0.012275991259473146,-0.01141002294420035,-0.017501858008848653,-0.011249631190975749
2023-12-18,0.029136043430899372,0.00951287498730699,0.01865120268308105,0.015157817433590327,0.024018721251852403,0.016134360099563427
2023-12-19,-0.008534394466004347,-0.0025076686216165575,-0.005003172379173952,-0.0038763589993908235,-0.006888860038393285,-0.003843810875810009
2023-12-20,0.03154089821902328,0.010388314537824104,0.020028499994008308,0.018254414266245945,0.022771628603694832,0.019803762890957168
2023-12-21,0.006079159121471722,0.0016953735753630543,0.0034041126295103574,0.0025760220614239313,0.0047304204809691785,0.0019317723604040356
2023-12-22,0.003174439590588607,0.0010106777765406993,0.001968745781528946,0.0017677673357849645,0.0028122612643085884,0.0017834519735168775
2023-12-23,-0.005469157664152013,-0.002032729296361329,-0.00394989391831227,-0.0038435535089365327,-0.005237423649003864,-0.003978023425143478
2023-12-24,-0.015330493926190458,-0.005753668699292424,-0.011238464435511457,-0.010773930093938369,-0.015299256373119494,-0.011272078976171572
2023-12-25,0.012203429486903117,0.004264370636164083,0.008424750445884208,0.007518035706127203,0.012198666340161297,0.007829050898598453
2023-12-26,-0.025963551610517,-0.009225108691996798,-0.018113277499127424,-0.017222136804331944,-0.021735768064686127,-0.019142076510974916
2023-12-27,0.022259626346983863,0.006600341699731618,0.01324676875311926,0.00963688403467701,0.018491795558320596,0.011743400502070388
2023-12-28,-0.017641191258584876,-0.005260378631012212,-0.010365461490073672,-0.00849276931537062,-0.01625471132843177,-0.00843638566695159
2023-12-29,-0.015750308600651963,-0.0048865576207388055,-0.009395989462672432,-0.008437620620852803,-0.014314184790733247,-0.010504114917491994
2023-12-30,0.004902268498555351,0.0015678781722923449,0.003019746243974236,0.00282852825695428,0.0045299833786891005,0.003208470498708061
2023-12-31,0.0003001343320732097,7.11304776315905e-05,0.0001342222075073707,8.204010168079881e-05,-0.00011457386748183891,9.229777102926545e-05
2024-01-01,0.04340213350650268,0.01631084343545234,0.031795020068241746,0.03379492827974517,0.04111923991364103,0.03453148952088285
2024-01-02,0.020242851234327564,0.005642142497739268,0.011693710352311606,0.007578384239323157,0.01685313620293152,0.009783014006867296
2024-01-03,-0.048229928363958674,-0.01432930551196901,-0.0281202279725093,-0.02415307398105283,-0.04070403064634935,-0.02650666654765255
2024-01-04,0.034532794640157016,0.00938055067924562,0.0157107219511434,0.014734600551367183,0.020806219002051034,0.016369011808556485
2024-01-05,-0.0023598035297283104,-0.0006565561588120118,-0.001212750063762865,-0.0010483020244323514,-0.0016298681495262887,-0.0010371520293345688
2024-01-06,-0.005172398879497497,-0.0017706958024534146,-0.0033628726123800007,-0.0032382753949782087,-0.004676234982646811,-0.0033361791867562236
2024-01-07,-0.0016800377727406168,-0.0006418646596937183,-0.0012571788637629068,-0.0010667264034399846,-0.0016980392789499857,-0.0011114223525035103
2024-01-08,0.07155173636646928,0.026972067234846176,0.05259605567646907,0.04568826564822439,0.07150829648296828,0.04665132115636919
2024-01-09,-0.019099472349108138,-0.005413216573475223,-0.01028670436039681,-0.008839462540310141,-0.012361063961317456,-0.008786202466985644
2024-01-10,0.015930765319337237,0.004691986996463,0.008821718368075425,0.007660727107851797,0.006390052933548936,0.008002484600493428
2024-01-11,-0.009340146535135041,-0.00297630259462829,-0.005740629334296864,-0.0046693555935793255,-0.0037681891689408135,-0.0049770370969593495
2024-01-12,-0.07682995619844801,-0.02670660861390767,-0.05155781364763405,-0.04138304352627339,-0.053334702514340956,-0.04203763692340752
2024-01-13,0.0006895307326841849,8.337044461594483e-05,-0.00022749598086915112,0.00015239319530998288,-0.0006487110745627251,5.077802448512258e-05
2024-01-14,-0.022377393560983228,-0.007337446920261312,-0.01286296402202943,-0.01104634192852341,-0.013346077161050502,-0.010889191837543718
2024-01-15,0.015297116777614805,0.0046194087694157275,0.008726057790181556,0.007225199483274577,0.010433841245892734,0.005412885648623141
2024-01-16,0.015108024998216951,0.004858528608148422,0.009361656963499719,0.0073404231525830525,0.011686018123171753,0.006997888013031216
2024-01-17,-0.011168096689942009,-0.0037306732865632886,-0.007285369479210948,-0.00543137747180649,-0.01002788775003248,-0.004801882012481703
2024-01-18,-0.03343686977381766,-0.011723176865769798,-0.022796298496238557,-0.01635596626912849,-0.028995280426940415,-0.017417793067744353
2024-01-19,0.008359911966495215,0.0023046920022558206,0.004574729153254725,0.003723164794522397,0.006026496307898189,0.0032944659228317363
2024-01-20,0.0014862185436763653,0.0004427621297294794,0.0008682324015741742,0.0007163848277293958,0.0011532081412689303,0.0006702100794161014
2024-01-21,-0.0031577199275145684,-0.001186609552056932,-0.0023031381188955732,-0.001854828737600086,-0.0030565843632897917,-0.002009984440834909
2024-01-22,-0.04718701866176056,-0.017781175530112697,-0.03469641271264727,-0.027392409862199988,-0.04664741190074218,-0.028792665436119986
2024-01-23,0.004048161740667355,0.0010385263140779387,0.0020516849647316702,0.0014724006920486328,0.0031808405527257552,0.001829117470983782
2024-01-24,0.00917380910338661,0.003016105899772934,0.006642855127201616,0.00673427611452986,0.008658366179791653,0.007031158792153154
2024-01-25,-0.0045931975760610255,-0.0016903881890114954,-0.0040440358658612756,-0.0037570476756220825,-0.004634937493718148,-0.003914186744871888
2024-01-26,0.0486769475960489,0.01843282635475161,0.04503609612840094,0.04087127025425849,0.0486769475960489,0.04223028533374882
2024-01-27,0.006320252013203742,0.0016986196071720428,0.003509426112244984,0.002887329797297876,0.004788791638015492,0.0030278898648718163
2024-01-28,-0.0033775696876815475,-0.0011713662892845892,-0.0026340947817699357,-0.00256368856205592,-0.0034673907184973583,-0.002550887344237839
2024-01-29,0.02942443872881717,0.010818849724075489,0.025790587969443137,0.02280462304166526,0.029397166138474186,0.023673590634529024
2024-01-30,-0.006207848576504804,-0.0019159263590296082,-0.004261720002370298,-0.0037119463331427706,-0.0057618696393871285,-0.003711211553971932
2024-01-31,-0.008395410182012397,-0.0029142992242640717,-0.0066382945327325155,-0.006188237513769142,-0.008481046108358203,-0.006083039655481944
2024-02-01,0.010117262336551303,0.0036608595754664295,0.00865763170160504,0.00732105600619696,0.010117262336551303,0.00752453201301808
2024-02-02,0.003138642942565051,0.0011582269075898937,0.002786991219558465,0.002525461060755632,0.003138642942565051,0.0025673580329586164
2024-02-03,-0.004008913472304698,-0.0015533062455389242,-0.0038557954599551894,-0.003639570495184182,-0.004008913472304698,-0.0036629342315335047
2024-02-04,-0.009447771443479858,-0.0036514911960620513,-0.009069336418222683,-0.008514737500320248,-0.009447771443479858,-0.00862432265480235
2024-02-05,0.0010095517344101967,0.0003714623444587939,0.0008998020560746043,0.0008561491200997307,0.0010095517344101967,0.0008755108170380642
2024-02-06,0.01134303663581604,0.00437542840962591,0.010847310782460491,0.0112172478229213,0.01134303663581604,0.011232405604666939
2024-02-07,0.026688004293557555,0.010004718632424232,0.024488995928407344,0.026688004293557555,0.026688004293557555,0.026688004293557555
2024-02-08,0.02438386847509988,0.007414957714452697,0.01650169491603169,0.02199872793287384,0.02438386847509988,0.021095244666865097
2024-02-09,0.04069688553013706,0.012078206309530692,0.02552604716195853,0.037394983350061924,0.038421829682542784,0.035963729969584184
2024-02-10,0.013055750452911852,0.003624040333429223,0.007024837472430146,0.008028573169083812,0.01150168700148111,0.007978277162530911
2024-02-11,0.0085347700994578,0.0026635875973126145,0.005614603775395885,0.00687243845627844,0.008263621892462157,0.006881766330631689
2024-02-12,0.03711567365066748,0.01311852104992998,0.03036724606600888,0.0329595425647838,0.037094876446811184,0.03381960946650601
2024-02-13,-0.0072356668123048085,-0.0021286285396431,-0.004548755063347763,-0.004449935739879454,-0.006083882833459004,-0.0045197933720729465
2024-02-14,0.04465613286872938,0.014688987001386112,0.03233892718584552,0.03372894568251974,0.044471423837038816,0.033356900931142915
2024-02-15,0.0018296010466700707,0.00046200605884672566,0.0008490035431972442,0.0006444894115014442,0.0015159093945913014,0.0006031651230183918
2024-02-16,0.004200398296103192,0.0013534948702543508,0.0029334419271238414,0.002699163622373613,0.0040895375610013555,0.002814628452438977
2024-02-17,-0.009250793865835383,-0.003467223621270976,-0.008373863645104373,-0.00659574750390804,-0.009250793865835383,-0.006890723879416653
2024-02-18,0.009158207467041324,0.0034135470385440684,0.008273953962957374,0.006507258044262628,0.009158207467041324,0.006757692607368703
2024-02-19,-0.006582399286871987,-0.0024814909075032386,-0.006073998562373751,-0.0049323896040640355,-0.006582399286871987,-0.005155383069365243
2024-02-20,0.009714311559331223,0.0036909111798245665,0.009070423367186548,0.008039155927033694,0.009714311559331223,0.008116947177275987
2024-02-21,-0.010777142888349744,-0.004071278603336063,-0.009988461452197159,-0.009257039510467939,-0.010777142888349744,-0.009379610158661325
2024-02-22,-0.008735191316881052,-0.0032432612721496152,-0.007878957973431223,-0.007354773300465154,-0.008735191316881052,-0.007537974014368262
2024-02-23,-0.009810085212664355,-0.0036702839497246326,-0.008934092088842977,-0.009565977376990817,-0.009810085212664355,-0.009482408174564937
2024-02-24,0.015536622418877766,0.005780081255072761,0.01403786606683002,0.015179579500422303,0.015536622418877766,0.014980823158381921
2024-02-25,0.003261919505929578,0.001145360746560371,0.002704868546472279,0.0032399294039575158,0.003261919505929578,0.0032266466127606436
2024-02-26,0.05421329156096788,0.020523330675114096,0.05018278263198651,0.05421329156096788,0.05421329156096788,0.05421329156096788
2024-02-27,0.04579245991882708,0.012870762718407397,0.02707288309518354,0.027593638873107007,0.04464339877775324,0.026669476624279542
2024-02-28,0.09484422438438633,0.026301467341782004,0.04997244789830595,0.05001325790424896,0.07742603506896849,0.05112037692025655
2024-02-29,-0.017066060339445688,-0.004070497113037501,-0.001599398909297462,-0.0063743210582825165,-0.004947394496923803,-0.007026214778503878
2024-03-01,0.018399282991974575,0.005124726898029524,0.006963443401348027,0.007500835084124661,0.008861234245884184,0.00801150028371322
2024-03-02,-0.00759363127934809,-0.0023587652276528064,-0.00475693436065998,-0.003165078026064308,-0.006288213953614158,-0.0029149502990572207
2024-03-03,0.015178623336616237,0.005271546923032243,0.011861840282233402,0.007064437461496277,0.014857812171054294,0.008099309807581386
2024-03-04,0.0809696737761787,0.028319857838923934,0.0658965601727428,0.03543470877962808,0.08096190961681905,0.0380397951761385
2024-03-05,-0.06081954263460754,-0.01653730086259736,-0.027580051223829522,-0.017153416130967554,-0.04236635595077514,-0.01706371773713961
2024-03-06,0.033669735043963644,0.008397939690271609,0.006986054531698613,0.008201457845941106,0.008335361900585581,0.01041750486735785
2024-03-07,0.014623346248828994,0.0038799371500082645,0.005496679421665074,0.0034035336699841192,0.0069909217425057875,0.002151065565358941
2024-03-08,0.018985069459943382,0.005810652752184503,0.011352101613159244,0.005805927998838158,0.013329457279144467,0.007339949284703008
2024-03-09,0.0023234087302670403,0.0007264815698858608,0.0015008246527698746,0.000723223260149524,0.0018932749831651846,0.0005390723863746719
2024-03-10,0.005543534479672152,0.0019636833583490743,0.004548998682700383,0.0025673194714573265,0.005434872550110727,0.0027749629862525676
2024-03-11,0.04813774419591765,0.01825645070579465,0.044639958596350976,0.02509752799170596,0.04813774419591765,0.028988249097830186
2024-03-12,-0.010600824183297886,-0.0031056370131125064,-0.006759451784114199,-0.00382746618104914,-0.008161790525989294,-0.0042742896000840525
2024-03-13,0.023082523132539112,0.007367328225921687,0.01597485462970678,0.010241483224389275,0.019840134090322092,0.010835571589349542
2024-03-14,-0.02156908876328012,-0.006599540017835597,-0.014100924980463895,-0.008295705802286713,-0.01955265493325788,-0.007754445632223692
2024-03-15,-0.029093780748264852,-0.00869929485605848,-0.017981977320549753,-0.013929771369072625,-0.027998534749949164,-0.01191104542646856
2024-03-16,-0.057489912981572355,-0.016204844866508715,-0.03128419501038059,-0.030507088639509697,-0.0508570312203425,-0.02988255800726002
2024-03-17,0.04357705673487988,0.0113395597937865,0.014300176700276694,0.01962987143515146,0.024939387433230268,0.020610896792118926
2024-03-18,-0.007530233187191038,-0.0020178812340009827,-0.003129992555286975,-0.003169781746578986,-0.005236477148612088,-0.0026330838805129126
2024-03-19,-0.08560577089389443,-0.02765267596926909,-0.05698078792290982,-0.04860109491055022,-0.08045418347782884,-0.05527090921930735
2024-03-20,0.09486631904820397,0.02093047343676948,-0.0006626204161715766,0.029645246625267137,0.0031234941102068637,0.03231654830319106
2024-03-21,-0.03527544097668123,-0.006327984990326975,-0.0,-0.008253019634070153,-4.2354151416280936e-05,-0.007796877921349114
2024-03-22,-0.030070409754231475,-0.006221158188969905,-0.0,-0.00701911676995174,-0.0,-0.0057930404616332535
2024-03-23,0.013778647613430284,0.0032027851641441723,0.0004997765798870249,0.003146184936638774,0.0,0.0014083125455995648
2024-03-24,0.04549823456164814,0.013454374013093852,0.02113356043496912,0.01267729902148496,0.01638862321909183,0.01522202954802008
2024-03-25,0.04090462701966269,0.011043493454960088,0.018253113495765704,0.008753450265687596,0.01804152769022185,0.0066942637492901445
2024-03-26,0.00041441966679567344,0.00011083090588824687,0.00017010485673321974,8.146163827175257e-05,0.00010889794770615045,3.2271134588668115e-05
2024-03-27,-0.011462069782491646,-0.003883480898994394,-0.008507503096161254,-0.0037455340305077387,-0.010939376792542487,-0.0049976570970144156
2024-03-28,0.022506949977237234,0.007899367653454503,0.01818341983930593,0.007132929207211644,0.022430531065138707,0.008500428657927854
2024-03-29,-0.012846163034059832,-0.004114135888180183,-0.009176810920689402,-0.0035839678590203327,-0.012846163034059832,-0.002158763907271152
2024-03-30,-0.0036333215582905476,-0.0012440610946137425,-0.0028183487313275138,-0.001620965132020412,-0.0036333215582905476,-0.0020268686416491538
2024-03-31,0.022457253049815717,0.008289082583717638,0.019839559452019668,0.014195420634306332,0.022457253049815717,0.014942437957769181
2024-04-01,-0.020158296095811545,-0.006571494567133947,-0.014967571320163678,-0.012032306519122116,-0.020158296095811545,-0.011434037011447382
2024-04-02,-0.06100836208922478,-0.01894769319395929,-0.0409577416262937,-0.03746433290348362,-0.06100836208922478,-0.03622333637458303
2024-04-03,0.009101590556648054,0.002363883335649794,0.0031593289491196994,0.0037318828781197646,0.006762884914050873,0.0037274915479703894
2024-04-04,0.034899610442231666,0.011151064073834803,0.022644572847165614,0.021656833156943573,0.03354494200822101,0.022054560314138955
2024-04-05,-0.007791351236176025,-0.0022329500975528794,-0.004432732461033757,-0.003966860497381871,-0.007254516970973841,-0.003687418402917077
2024-04-06,0.018130671422494915,0.00590311202922823,0.012766054337275918,0.01163151494201901,0.01762299063382142,0.012629689833166433
2024-04-07,0.0037116938884900197,0.0012165538331768597,0.0026903504538551906,0.002174166956102945,0.003663807850630462,0.00216473445384911
2024-04-08,0.03343456647829135,0.01224160250515815,0.029124682615582514,0.022993760649293347,0.03342623964690552,0.0245565130987159
2024-04-09,-0.03678918575400614,-0.010718643947913834,-0.0231806205957579,-0.017797788883196382,-0.03366177807402672,-0.017402769679171568
2024-04-10,0.02178666368778459,0.006022083138358681,0.011224468549687155,0.009455160452993968,0.016367836918346278,0.009729087164946875
2024-04-11,-0.0075502444925872325,-0.0022269598157876936,-0.004479838710204196,-0.003811108317121193,-0.006682601280212466,-0.0035097378805511122
2024-04-12,-0.04209257646545439,-0.014300041523891926,-0.03186393794088495,-0.025383958077606066,-0.04222231369518674,-0.027108666641049634
2024-04-13,-0.03795137097491419,-0.010594918763958176,-0.02029734859572128,-0.018961224883884693,-0.029666103831766634,-0.019464403154901378
2024-04-14,0.016996648448364793,0.004628505038280251,0.00791503310455219,0.007788181858763191,0.012124424252626748,0.007481101328172058
2024-04-15,-0.03435682680837082,-0.010453506022739678,-0.02111678313418881,-0.020401166164775806,-0.0289016004655315,-0.020947320033607716
2024-04-16,0.0061756528264029775,0.0016826218469250989,0.0030529380022991746,0.0026815661613160038,0.004555145271841583,0.0025872238016970734
2024-04-17,-0.03857660635294302,-0.012832445300832936,-0.027957293903801868,-0.02443195805020105,-0.038825058675243565,-0.025022847652739235
2024-04-18,0.035645404539071945,0.009850210773621736,0.018682115879902417,0.01493829420742265,0.028538144565819483,0.014923580095380726
2024-04-19,0.003975522768196349,0.0011038514016134952,0.0020786325764161357,0.001693589894108709,0.0011538636196679129,0.0019517702427568242
2024-04-20,0.017962900652658487,0.0059427336288926085,0.01293465719134254,0.010931662521216377,0.013270789850839513,0.01083801372701709
2024-04-21,0.0009274633298137491,0.0003043620040459616,0.0006777680872974652,0.00047718036186784944,0.0006930819326977063,0.00048991107460948
2024-04-22,0.030421093640814245,0.011222874721754015,0.026843565330191093,0.019604893264786868,0.030331503846159274,0.02133478703699326
2024-04-23,-0.008354607121365931,-0.002538919245027296,-0.005617426106367515,-0.004340549956369461,-0.008092683700930609,-0.004136659548394156
2024-04-24,-0.03306955569671233,-0.010797730034804302,-0.025014524909101717,-0.028372513896470684,-0.033105169212990365,-0.02749098899548634
2024-04-25,0.005069632789307166,0.001430260181960902,0.0032079256598830314,0.004204511652386926,0.004734053325123854,0.003999202018691802
2024-04-26,-0.011437829038114189,-0.003731024793090858,-0.008676752324430326,-0.009774642347683106,-0.011493117302797104,-0.010070602853408796
2024-04-27,-0.005459004992974803,-0.001896223316805365,-0.0042682984229474395,-0.004685628743366151,-0.005459004992974803,-0.004959066891216077
2024-04-28,-0.007106067529572435,-0.0028827712620080556,-0.006189156082541361,-0.006614430620669767,-0.007106067529572435,-0.0066815733065986125
2024-04-29,0.01476393903976514,0.006499602105752857,0.013736965055828013,0.014685705935138238,0.01476393903976514,0.014202990470265478
2024-04-30,-0.051199267746201094,-0.019685377150021003,-0.04391132676999556,-0.04659941768678345,-0.051199267746201094,-0.042306563882981124
2024-05-01,-0.04113951225674961,-0.011384243753586529,-0.023282461061547365,-0.0344247333359011,-0.04113951225674961,-0.041315941580426244
2024-05-02,0.01768662159611778,0.004877519730296285,0.010065324445787425,0.014560626290221151,0.01768662159611778,0.014542792889883279
2024-05-03,0.06445055883877693,0.019243237219547894,0.04511575781095829,0.05369912393639592,0.06445055883877693,0.05170848669517348
2024-05-04,0.014249332747767074,0.0037876728949046063,0.007261853562339867,0.010162495718789997,0.011421840290971031,0.010753870541622764
2024-05-05,0.002918944096254261,0.0008410352818343501,0.0018632250200033603,0.0018401102535736053,0.0026230278918385323,0.0017345044777209028
2024-05-06,-0.01310323642848743,-0.004442721779024883,-0.010172811371005798,-0.008357597787497397,-0.013160819528694202,-0.007668970874538755
2024-05-07,-0.013144525497309267,-0.00455377382207757,-0.010266187146971771,-0.009505960677554335,-0.013144525497309267,-0.010085236329350409
2024-05-08,-0.021118407911037362,-0.007470067977656192,-0.016729829609141416,-0.014791428050779199,-0.021118407911037362,-0.013451725367740254
2024-05-09,0.03142172084173045,0.009771016836909686,0.022820048075234727,0.024117901062591828,0.03142172084173045,0.02305928674747813
2024-05-10,-0.03336347329513445,-0.00987099655743392,-0.023111155607102234,-0.02581821310072172,-0.03336347329513445,-0.02670360450138404
2024-05-11,-0.0008714596143681863,-0.00025849487390734824,-0.0006097048712144005,-0.00070238379173192,-0.0008714596143681863,-0.0006976664650695118
2024-05-12,0.009659225052654152,0.003103016340690853,0.007129480142933612,0.004440153612625993,0.009659225052654152,0.006452396623042094
2024-05-13,0.023695825434947082,0.008272117617800593,0.018756553494012812,0.019245292643364727,0.023695825434947082,0.01791750527316676
2024-05-14,-0.021170889474649845,-0.0065208129089442905,-0.01556098082528023,-0.017752320101222994,-0.021170889474649845,-0.017255847718710915
2024-05-15,0.07677559446739779,0.023062726178698055,0.05395475555813364,0.06439620303336697,0.07677559446739779,0.06538800970591618
2024-05-16,-0.015272307310136068,-0.004036911151854344,-0.007639195422710495,-0.011319531570899108,-0.01490209313771045,-0.009148292991141305
2024-05-17,0.02584954409832574,0.007543964023758907,0.017193483424849866,0.015088621083758516,0.025823604762493003,0.010154407630642875
2024-05-18,0.00031602252774498574,9.001755227177405e-05,0.00019423006277717266,5.684240454662768e-05,0.00031602252774498574,-0.00013352343175868656
2024-05-19,-0.010721946709476793,-0.0036189273831782297,-0.008299595713225923,-0.006316727587732223,-0.010721946709476793,-0.004936960565535656
2024-05-20,0.07459661437751253,0.026697787313491195,0.05956436249817332,0.05343048319307286,0.07459661437751253,0.0522964444434198
2024-05-21,-0.013833109974940694,-0.0037417635655134954,-0.007174299887222122,-0.008787132371779676,-0.013833109974940694,-0.00889102441823229
2024-05-22,-0.01626865877084005,-0.0048299798900937815,-0.011236307288425337,-0.010115869815216453,-0.01626865877084005,-0.008251665762656771
2024-05-23,-0.019054435214457044,-0.005838495929280931,-0.013639327624757787,-0.013757131047444885,-0.019054435214457044,-0.013505995443011303
2024-05-24,0.012548458519167971,0.0038200198770831414,0.008921454305523316,0.009177772959852504,0.012548458519167971,0.008830333462420124
2024-05-25,0.009820786410496884,0.0031266036191392303,0.007326348900701058,0.007106897936242937,0.009820786410496884,0.006201605437875864
2024-05-26,-0.012092261482961164,-0.004168302099606049,-0.009510965304858442,-0.009339326685200605,-0.012092261482961164,-0.00966662193051343
2024-05-27,0.013190272706773642,0.0046987117969727035,0.010513562278514578,0.008810851690205316,0.013190272706773642,0.010262863156121533
2024-05-28,-0.014492090453611883,-0.005138368302075266,-0.011645841845170346,-0.012204333386586181,-0.014492090453611883,-0.01157709547413936
2024-05-29,-0.011099296219673871,-0.0038796533651177458,-0.008750507638566388,-0.009215229413671134,-0.011099296219673871,-0.009729635081651089
2024-05-30,0.011707056463508891,0.004314823831396689,0.009538549833231899,0.009737260259777543,0.011707056463508891,0.008930183580381479
2024-05-31,-0.014591685086237538,-0.0054678251464764524,-0.01216610451953816,-0.013101414348911707,-0.014591685086237538,-0.014820440390267368
2024-06-01,0.004995565520611089,0.001788471146161859,0.003999756534098846,0.004477253434851269,0.004995565520611089,0.0034490791719568314
2024-06-02,0.001345843690384818,0.0005036869852152116,0.0011129627760046962,0.0012427421222153449,0.001345843690384818,0.001079492363352311
2024-06-03,0.015158320189792907,0.007150743537747965,0.014957143100562778,0.015158320189792907,0.015158320189792907,0.015133994271950535
2024-06-04,0.024999332111322214,0.009688757045696746,0.021672767481592005,0.023822513227842224,0.024999332111322214,0.024999332111322214
2024-06-05,0.007559503454762639,0.002245634043321554,0.005490018290254746,0.0062510053308834955,0.007559503454762639,0.006781974438968235
2024-06-06,-0.004205270670057049,-0.0014370526169885448,-0.003284674327089078,-0.003899131964419706,-0.004205270670057049,-0.0032408177590215327
2024-06-07,-0.020488412994340344,-0.00804212145492509,-0.017441567142707275,-0.020577610583367285,-0.020488412994340344,-0.02076096870108508
2024-06-08,-0.00040451121470108653,-0.00019669716004940257,-0.0003991863567807065,-0.00047852900049077766,-0.00040451121470108653,-0.00042239680641467095
2024-06-09,0.004817620851307325,0.0017746696323058988,0.003934033272658156,0.004633164376459438,0.004817620851307325,0.003946996172841425
2024-06-10,-0.002557044293845845,-0.001161953784810634,-0.0024424434473947964,-0.00257280252289105,-0.002557044293845845,-0.002711860127669362
2024-06-11,-0.03019714200491319,-0.014882647600884227,-0.030276250453573836,-0.03019714200491319,-0.03019714200491319,-0.03019714200491319
2024-06-12,0.012551476516845517,0.0036223431416498833,0.008908745640922528,0.010417862360626718,0.012551476516845517,0.011663025950600986
2024-06-13,-0.020968538328065334,-0.006661897397764735,-0.015709218880735256,-0.01807062151380532,-0.020968538328065334,-0.018750189745997712
2024-06-14,-0.011998530682345798,-0.003656328600662824,-0.008559707627599455,-0.010061909450922788,-0.011998530682345798,-0.011132509064091484
2024-06-15,0.0033754229766500554,0.0010697295593272,0.002479872064864734,0.0029487333448710673,0.0033754229766500554,0.0025881253260094253
2024-06-16,0.006309134195168431,0.0023012184022963124,0.005116292932054895,0.006153325535475379,0.006309134195168431,0.005850687886224971
2024-06-17,-0.0020821974494306117,-0.00091431874215396,-0.0019372865548306386,-0.0020906704395338874,-0.0020821974494306117,-0.0021314309724401537
2024-06-18,-0.020632904613499203,-0.009971595270893632,-0.020737231103065957,-0.020632904613499203,-0.020632904613499203,-0.020632904613499203
2024-06-19,-0.00358472184198122,-0.00137172439323005,-0.0030658880791459677,-0.0032784234734450886,-0.00358472184198122,-0.0032757608546265396
2024-06-20,0.0002926537925620476,6.04042159843309e-05,0.0001852657662763942,0.00021327256888266236,0.0002926537925620476,0.00017312023876275061
2024-06-21,-0.012506640713110584,-0.005932170120628703,-0.012375505191752045,-0.012561949121127318,-0.012506640713110584,-0.012506640713110584
2024-06-22,0.0026852425210994735,0.0011344804983324129,0.00244920713957964,0.0026852425210994735,0.0026852425210994735,0.002631096950221922
2024-06-23,-0.014210085978011877,-0.0069637215359876535,-0.014279420497525556,-0.014210085978011877,-0.014210085978011877,-0.014224778517394983
2024-06-24,-0.04871837355536501,-0.020580592055623875,-0.044485633594332316,-0.04871837355536501,-0.04871837355536501,-0.04871837355536501
2024-06-25,0.024572453995207022,0.006709172173899372,0.014120520566382768,0.018741804786610628,0.024572453995207022,0.022095274202380718
2024-06-26,-0.015309279315428137,-0.004533446640629854,-0.01063132862816011,-0.012956024473879531,-0.015309279315428137,-0.014953690754116114
2024-06-27,0.012755227437718508,0.003907533014563777,0.009134390897221506,0.010813581281599245,0.012755227437718508,0.00924239976681816
2024-06-28,-0.02057187374298408,-0.0066240570216817745,-0.015510608726864527,-0.01761288836895895,-0.02057187374298408,-0.014215853037400274
2024-06-29,0.009717792615948184,0.0029546033535452314,0.0069050488834966695,0.008179375925746019,0.009717792615948184,0.007385173609323018
2024-06-30,0.030776325637084545,0.01011780443068242,0.023445821464664337,0.026440138183554673,0.030776325637084545,0.025024759645954988
2024-07-01,0.0011490807836946892,0.0003086905732461573,0.0007432778287120791,0.0009430033869450834,0.0011490807836946892,0.000938466899835414
2024-07-02,-0.01283962112446202,-0.004318341968559087,-0.009919396277423867,-0.01099627272399522,-0.01283962112446202,-0.010971171363522329
2024-07-03,-0.029215949656466345,-0.010092003150980512,-0.022779057746288713,-0.02500090679082347,-0.029215949656466345,-0.02601425042489261
2024-07-04,-0.04646824506838265,-0.01372735495349325,-0.03169590125443042,-0.03887294906299561,-0.04646824506838265,-0.03793592326423158
2024-07-05,-0.0121434211694611,-0.003346059115172708,-0.0068918951441581605,-0.010171117321397178,-0.0121434211694611,-0.011671138668472638
2024-07-06,0.027119302720304272,0.00817714142110114,0.018869508753844775,0.02322138776235101,0.027119302720304272,0.022875970034012094
2024-07-07,-0.0368465137218964,-0.010953463904646523,-0.025819473917976617,-0.03086793092426274,-0.0368465137218964,-0.030677224425468996
2024-07-08,0.010324644211440415,0.002916979940635709,0.006306965338400024,0.008506769423088327,0.008597657097483833,0.008636603375995597
2024-07-09,0.02274605104917682,0.007048309713594541,0.01649271055061551,0.018958552974910257,0.02237101290392422,0.016747453074122214
2024-07-10,-0.004474203803324861,-0.0013597922208339558,-0.003228138328473778,-0.0037072174551787775,-0.004384166796333968,-0.0035453970783752534
2024-07-11,-0.0071774805581371615,-0.0024602805630981658,-0.005594433880479413,-0.0060365275223200005,-0.007200450835313867,-0.006056327794916223
2024-07-12,0.009621873168422113,0.003634220329660173,0.007973835189253986,0.008136689718622584,0.009621873168422113,0.007583377333938893
2024-07-13,0.025405103162189357,0.01016392059374746,0.022116986063587658,0.02160147527366248,0.025405103162189357,0.02200058038319348
2024-07-14,0.02841773302162065,0.008662713406751385,0.021008522096723457,0.023760323053402223,0.02841773302162065,0.021699662652318322
2024-07-15,0.06096410979795874,0.0181134183185945,0.042815323215561,0.05109494191769385,0.06096410979795874,0.05066298055721524
2024-07-16,0.0059329096402453985,0.001578536327713691,0.0030243981190767617,0.004722152866337526,0.0059329096402453985,0.005034678002822873
2024-07-17,-0.014088949769659798,-0.004361110724420181,-0.010266617058992211,-0.005662485393267687,-0.004229330983657468,-0.0023944734280589024
2024-07-18,-0.003381058311960561,-0.0010891861457613004,-0.0025173039334391305,-0.0032983347969786346,-0.002366331714501086,-0.004233700287775834
2024-07-19,0.043315017671631484,0.0159628029007402,0.03529108375910178,0.037062608367613124,0.04291146114740698,0.043308282176111844
2024-07-20,0.006437111612340285,0.0017902794707971667,0.004098442532612549,0.005279124538302684,0.005619999001771402,0.005319515910817781
2024-07-21,0.012965927748165074,0.004139596721422406,0.009622656629117914,0.006128004612731733,0.012856058130340183,0.009656573691221521
2024-07-22,-0.007661597751401739,-0.002544088193049363,-0.005897991318906187,-0.005922506675466656,-0.007661597751401739,-0.005702871106515542
2024-07-23,-0.0239695679886891,-0.008921138633119496,-0.01965608382055192,-0.012838395025217266,-0.0239695679886891,-0.016496556352543972
2024-07-24,-0.008541460295120928,-0.0032264744517119196,-0.008723525180792288,-0.0066941256334805644,-0.008541460295120928,-0.007727185754339925
2024-07-25,0.005641259573883284,0.002285692466750224,0.005641259573883284,0.004112373043734427,0.005641259573883284,0.005522992925287141
2024-07-26,0.033324915222710194,0.014337910991522224,0.033324915222710194,0.02360086797295122,0.033324915222710194,0.023087159298310914
2024-07-27,0.0024315169697963768,0.0008197062925118356,0.0024315169697963768,0.00174079774398281,0.0024315169697963768,0.0017364579994078296
2024-07-28,0.001370441388317989,0.0005177019621171461,0.001370441388317989,0.0009725422887998641,0.001370441388317989,0.00106535407250151
2024-07-29,-0.019121153870197527,-0.00833982110374615,-0.019121153870197527,-0.013531889752872143,-0.019121153870197527,-0.019196468620515467
2024-07-30,-0.010173192892474425,-0.004096452609492017,-0.010173192892474425,-0.007143903966937349,-0.010173192892474425,-0.005373910070729147
2024-07-31,-0.022606895255198323,-0.009465340204675697,-0.022606895255198323,-0.015891208983290907,-0.022606895255198323,-0.022271851900041963
2024-08-01,0.007534652548359055,0.0028188063783977503,0.007534652548359055,0.005259899976195899,0.007534652548359055,0.003234283726654279
2024-08-02,-0.05632701948298735,-0.023406542265507226,-0.05632701948298735,-0.0397337333225715,-0.05632701948298735,-0.05472124209927265
2024-08-03,-0.013307892156306567,-0.004610590492550087,-0.013307892156306567,-0.01053226146049908,-0.013307892156306567,-0.013344766716896257
2024-08-04,-0.03924944560596022,-0.014604601240638731,-0.03924944560596022,-0.028328299522275134,-0.03924944560596022,-0.030986865573167034
2024-08-05,-0.06796245372117282,-0.022020758775281535,-0.0565632300271845,-0.05184665041462955,-0.06796245372117282,-0.06817847201638978
2024-08-06,0.03135314446447901,0.008304334160330728,0.00869505168227412,0.021691393717658557,0.02077125863002149,0.020861776118340728
2024-08-07,-0.016374159759733886,-0.0043333066596350864,-0.004473031643166287,-0.011762988114253917,-0.010426126027207364,-0.016698436380130303
2024-08-08,0.12296536328877439,0.03432968342185679,0.040251198432160316,0.08462169526958667,0.08010143859043177,0.09896406677671464
2024-08-09,-0.01918708020624882,-0.004346957099736789,-0.00032779308556947793,-0.007879209902553514,-0.0006515542386626443,-0.0022652161291366714
2024-08-10,0.0024804344495197306,0.00056144249899107,0.0,0.0011637711907666333,0.0,0.00029314978133179417
2024-08-11,-0.033438454102814874,-0.008255977849391782,-0.00258901871676814,-0.01964187459351149,-0.0029358789087419665,-0.005978627451310274
2024-08-12,0.0094849682433098,0.0022301764949674394,0.0004165541775659881,0.004995348565039361,-7.402994283575237e-05,0.0023175103668637864
2024-08-13,0.01922887324278877,0.004926010736615254,0.002764401257234662,0.011665997318085817,0.002580674128894558,0.007048073541202411
2024-08-14,-0.028009650795688068,-0.007427700124743005,-0.006259422119869031,-0.017618788912033088,-0.0065808425581475255,-0.017958041400143097
2024-08-15,-0.02033388583117124,-0.005167910482500134,-0.003639746256245805,-0.012182591967824825,-0.0033174610293555573,-0.014764036639095278
2024-08-16,0.022258771826431545,0.005739973706101133,0.0042506341496045,0.01441314313777256,0.003545460508871049,0.019095979436001356
2024-08-17,0.008271175172074763,0.002166825811325043,0.0018502585162273643,0.005520610399446684,0.0014531420766943893,0.008053492149479188
2024-08-18,-0.01045984340260675,-0.003215258977625546,-0.004767002767864366,-0.006897502147544843,-0.004807953053154744,-0.0056882131644298665
2024-08-19,0.010516740141614855,0.003567285653681728,0.0070777876226335475,0.007488643299300453,0.007241433034623098,0.008768427384044127
2024-08-20,-0.004851226757026317,-0.0018794577526893687,-0.005036492458087481,-0.0034683139625639094,-0.004913999257394802,-0.003761298386010794
2024-08-21,0.03399210419682208,0.014121347398664556,0.03397213985152188,0.024130631404065447,0.0339541584694972,0.03352707840379617
2024-08-22,-0.012081062020044442,-0.004305227542665256,-0.012081062020044442,-0.00860567923534604,-0.012081062020044442,-0.00663133541863574
2024-08-23,0.06146802692743214,0.023573836846155598,0.06146802692743214,0.04385135097105063,0.06146802692743214,0.059094249421697095
2024-08-24,-0.0013037026925643014,-0.0004835848649663453,-0.0012663763180532789,-0.0011208693503701988,-0.0013037026925643014,-0.001334835887411676
2024-08-25,0.0074159279699597125,0.0028110789670933297,0.007293023644693911,0.005163232339472593,0.0074159279699597125,0.0074159279699597125
2024-08-26,-0.023482513220267176,-0.009811730048195973,-0.023482513220267176,-0.01649219900409529,-0.023482513220267176,-0.023482513220267176
2024-08-27,-0.05454505184415703,-0.020220677714015464,-0.05454505184415703,-0.04029394916729684,-0.05454505184415703,-0.044855693233427356
2024-08-28,-0.007510458949135823,-0.002466609474835582,-0.0063254146306749625,-0.005802430317625691,-0.007510458949135823,-0.007691416073594878
2024-08-29,0.004044215002421803,0.0014553692946293276,0.0038253175768948847,0.0014247756397224585,0.004044215002421803,0.001448537840181679
2024-08-30,-0.003317352949578911,-0.0014180037853494525,-0.0033294663516669114,-0.0023691142262455777,-0.003317352949578911,-0.0038319379069992237
2024-08-31,-0.0030944300526035695,-0.0013597722746256473,-0.0030944300526035695,-0.0017090915684355287,-0.0030944300526035695,-0.0030944300526035695
2024-09-01,-0.02732102390640423,-0.012024098564283948,-0.02732102390640423,-0.01637802736966151,-0.02732102390640423,-0.02732102390640423
2024-09-02,0.03156010780161611,0.011716200979203357,0.03156010780161611,0.023578307672251032,0.03156010780161611,0.03156010780161611
2024-09-03,-0.025714562941294594,-0.009207282313893709,-0.025714562941294594,-0.019161123745971096,-0.025714562941294594,-0.022277303342786763
2024-09-04,0.006863962444027871,0.002390252476687053,0.006863962444027871,0.005140322726414979,0.006863962444027871,0.0056567555518855575
2024-09-05,-0.03309208256728691,-0.0132071698084128,-0.03309208256728691,-0.024265793872766502,-0.03309208256728691,-0.033263279366583985
2024-09-06,-0.04052539313371073,-0.01391151968445699,-0.04052539313371073,-0.030704614821780482,-0.04052539313371073,-0.04052539313371073
2024-09-07,0.004225313605959569,0.00131817042317899,0.0030381180478039746,0.0031767553518852673,0.004225313605959569,0.003943121762114418
2024-09-08,0.014663781903235806,0.005453819982248994,0.014348843029581752,0.010470268912617427,0.014663781903235806,0.014072016853189803
2024-09-09,0.041497517374176285,0.016033545960901594,0.04149109616151047,0.030125686416582673,0.041497517374176285,0.04145816075337803
2024-09-10,0.009253717565053332,0.0030602626831592295,0.008902293701023458,0.006991015488037572,0.009253717565053332,0.007265988671261534
2024-09-11,-0.0044274164504055635,-0.0017369661170298604,-0.004461689275046999,-0.002605879184686313,-0.0044274164504055635,-0.0014204057153003324
2024-09-12,0.012462232563680953,0.005185578624150736,0.012462232563680953,0.009090368431320436,0.012462232563680953,0.003938531290928435
2024-09-13,0.04150115284674216,0.01734182645490637,0.04150115284674216,0.030363579967415535,0.04150115284674216,0.04082912662309336
2024-09-14,-0.00875022278816262,-0.003182552283179074,-0.00875022278816262,-0.006673089780730621,-0.00875022278816262,-0.0074190126075073
2024-09-15,-0.014619094575070712,-0.005869731623055855,-0.014619094575070712,-0.010722875740404002,-0.014619094575070712,-0.014790858692960143
2024-09-16,-0.015262248636098485,-0.006119287969766629,-0.015262248636098485,-0.011169105203471006,-0.015262248636098485,-0.014755622817036783
2024-09-17,0.03453273358395581,0.013802216451920707,0.03453273358395581,0.024928219052525152,0.03453273358395581,0.03109308325218413
2024-09-18,0.017729873931559448,0.006225370131153421,0.017729873931559448,0.01317191980913355,0.017729873931559448,0.01395703757557084
2024-09-19,0.027540036605197438,0.010182144585127615,0.027540036605197438,0.020329362175887464,0.027540036605197438,0.02551147349792933
2024-09-20,0.0025294572828586936,0.0008614723765735334,0.0025294572828586936,0.0018433155352281553,0.0025294572828586936,0.0017238520775959935
2024-09-21,0.003385026188313711,0.0013105596423793012,0.003385026188313711,0.0024273794739078525,0.003385026188313711,0.00313333346971419
2024-09-22,0.003222816509767412,0.001358132470546274,0.003222816509767412,0.002271769580216884,0.003222816509767412,0.0032211431616047366
2024-09-23,-0.0037113778988530077,-0.0016374431706273243,-0.0037113778988530077,-0.0026038393579059884,-0.0037113778988530077,-0.0037113778988530077
2024-09-24,0.01589579821559628,0.007010277941314678,0.01589579821559628,0.01141042600515647,0.01589579821559628,0.013601052338515692
2024-09-25,-0.019942595158606302,-0.008325020835345427,-0.019942595158606302,-0.014263386813739707,-0.019942595158606302,-0.013328168054083284
2024-09-26,0.031686822886488386,0.012365468540301693,0.031686822886488386,0.022348282429828472,0.031686822886488386,0.024867123311864088
2024-09-27,0.010912254323094839,0.003892451754079008,0.010912254323094839,0.007796907436703431,0.010912254323094839,0.00677825152461769
2024-09-28,4.279293729614331e-05,-1.94251126286037e-05,4.279293729614331e-05,1.8586274952173396e-05,4.279293729614331e-05,-7.779318053747038e-05
2024-09-29,-0.0023227208958866985,-0.0010286408577312033,-0.0023227208958866985,-0.0016540465670600332,-0.0023227208958866985,-0.002166476346320056
2024-09-30,-0.03593110283464396,-0.015786659301114753,-0.03593110283464396,-0.02645655186766359,-0.03593110283464396,-0.026205297682955285
2024-10-01,-0.03796699690388017,-0.013871951746178545,-0.03796699690388017,-0.0266398458781325,-0.03796699690388017,-0.025145923699440336
2024-10-02,-0.00282869452774992,-0.0009958100508847274,-0.00282869452774992,-0.0020994315241501045,-0.00282869452774992,-0.0031680834413781497
2024-10-03,0.001304045525907016,0.000467598900618062,0.001304045525907016,0.0009071662279244724,0.001304045525907016,0.0008042884351087403
2024-10-04,0.02118437068095025,0.009075739434223112,0.02118437068095025,0.014769093194799495,0.02118437068095025,0.020967466507322195
2024-10-05,-0.0003554433485485342,-0.00017869028443067157,-0.0003554433485485342,-0.0002894986652620281,-0.0003554433485485342,-0.0005397543112150367
2024-10-06,0.01224281800537974,0.005187098080593611,0.01224281800537974,0.008763097964134985,0.01224281800537974,0.01195686802371179
2024-10-07,-0.005946382076252643,-0.0025167988167081683,-0.005946382076252643,-0.004245330069555123,-0.005946382076252643,-0.004651721598473385
2024-10-08,-0.0046491138064482795,-0.002031695824248424,-0.0046491138064482795,-0.0033005534401644924,-0.0046491138064482795,-0.0049108526810077
2024-10-09,-0.024322525555112495,-0.010690977249339604,-0.024322525555112495,-0.017195010712518565,-0.024322525555112495,-0.024322525555112495
2024-10-10,-0.006502338132217456,-0.0025415211778230104,-0.006502338132217456,-0.004720614886091924,-0.006502338132217456,-0.004863973721559583
2024-10-11,0.03721987861745313,0.015537338918629077,0.03721987861745313,0.02618541797052907,0.03721987861745313,0.028417423911057126
2024-10-12,0.011852555742162263,0.0042054124421680075,0.011852555742162263,0.007971076485893217,0.011852555742162263,0.0060087564618924545
2024-10-13,-0.007016287564873935,-0.0027967539429171093,-0.007016287564873935,-0.004955085212988549,-0.007016287564873935,-0.005407935279973859
2024-10-14,0.053064974755529404,0.022338885677699406,0.053064974755529404,0.03759603364568427,0.053064974755529404,0.04542145914456316
2024-10-15,0.012773780820462433,0.0044396810375441674,0.012773780820462433,0.009487316873381823,0.012773780820462433,0.01263196030573987
2024-10-16,0.010891009714353972,0.00416856736377349,0.010891009714353972,0.007897898504021068,0.010891009714353972,0.007058602624433245
2024-10-17,-0.004803896952294107,-0.0019863051395494495,-0.004803896952294107,-0.0034814130248614563,-0.004803896952294107,-0.005126191457301072
2024-10-18,0.015632057078182493,0.0067081964265311034,0.015632057078182493,0.011071224994079542,0.015632057078182493,0.015632057078182493
2024-10-19,-0.0004772482770551978,-0.0002148655975178858,-0.0004772482770551978,-0.00036137451159917803,-0.0004772482770551978,-0.0005576611479927267
2024-10-20,0.009573947253136428,0.004143952741771304,0.009573947253136428,0.006771503325034946,0.009573947253136428,0.009420121129934879
2024-10-21,-0.022776946879909277,-0.009847003620470187,-0.022776946879909277,-0.016141684831656986,-0.022776946879909277,-0.022776946879909277
2024-10-22,-0.00021807656918171325,-0.00013108703860979808,-0.00021807656918171325,-0.00016983871928839638,-0.00021807656918171325,-0.0005086101971820583
2024-10-23,-0.01154556820635888,-0.005007093825953974,-0.01154556820635888,-0.0118243388510144,-0.01154556820635888,-0.011917130966278097
2024-10-24,0.022262094182180503,0.009492744225669954,0.022262094182180503,0.01919334906457082,0.022262094182180503,0.022262094182180503
2024-10-25,-0.02743915827536647,-0.010779648165966792,-0.02743915827536647,-0.0036499193697337794,-0.02743915827536647,-0.02743915827536647
2024-10-26,0.011496900035637747,0.004287648811903459,0.011496900035637747,0.009574995263778205,0.010528153851805465,0.011496900035637747
2024-10-27,0.014574139998235536,0.005784691354737683,0.014574139998235536,0.004046555318615867,0.014496621079058004,0.014574139998235536
2024-10-28,0.02738777950662219,0.010912047714037724,0.02738777950662219,0.017127717182610212,0.02738777950662219,0.02738777950662219
2024-10-29,0.04031154402967907,0.015059412191479707,0.04031154402967907,0.015850071773967096,0.04031154402967907,0.04031154402967907
2024-10-30,-0.0031440018303992012,-0.0011410419424244629,-0.003015017334925627,-0.002787617203899757,-0.0031440018303992012,-0.0031440018303992012
2024-10-31,-0.028753543786400493,-0.011830327042265503,-0.028813704413898446,-0.028984550586152,-0.028753543786400493,-0.028753543786400493
2024-11-01,-0.012555571478259031,-0.004611575482862321,-0.012366800591273376,-0.008202290906051872,-0.012555571478259031,-0.012555571478259031
2024-11-02,-0.003481448901796025,-0.001382488284722274,-0.0034827471482891757,-0.003858174586059892,-0.003481448901796025,-0.003481448901796025
2024-11-03,-0.007205556935100832,-0.003107631419502327,-0.007208912473336272,-0.007205556935100832,-0.007205556935100832,-0.007205556935100832
2024-11-04,-0.014018315798947967,-0.006105472961159594,-0.014018315798947967,-0.014018315798947967,-0.014018315798947967,-0.014018315798947967
2024-11-05,0.025950879723064757,0.010887608559222375,0.025950879723064757,0.019289574987308645,0.025950879723064757,0.025950879723064757
2024-11-06,0.08855604569537778,0.03416144783301384,0.08855604569537778,0.0508848232074555,0.08855604569537778,0.08855604569537778
2024-11-07,0.003649582564111853,0.001002846020663555,0.0011973484326887286,0.001002680484462685,0.0016300203642206968,0.003649582564111853
2024-11-08,0.007044039444562555,0.0024574423564444115,0.00463256988638635,0.002247707591733641,0.005778494461884901,0.001375794020292169
2024-11-09,0.00381407765670172,0.0014762091098015516,0.0032943394532460235,0.00313572792392429,0.0036765551361589463,0.0013601254228309898
2024-11-10,0.047006106056680874,0.020037067717892834,0.04693218620304393,0.047006106056680874,0.047006106056680874,0.034706945541443976
2024-11-11,0.1050962176481689,0.038601443747097945,0.1050962176481689,0.1050962176481689,0.1050962176481689,0.07980588884878403
2024-11-12,-0.009129524813717538,-0.0024020948471321244,-0.0022257232063341327,-0.0016202956304973103,-0.0021739453875518067,-0.0007594869094471187
2024-11-13,0.026356230052613894,0.007314244333630937,0.006738124530742299,0.003784368826782523,0.006959693713943492,0.0
2024-11-14,-0.03502430710029947,-0.009538023846081515,-0.010044921897068546,-0.014289513406010139,-0.010480878985201492,-0.00963137009968786
2024-11-15,0.04512196532725432,0.011705915842954788,0.009359271389424786,0.0213418282405726,0.006581732284265155,0.019867108419637687
2024-11-16,-0.0062694143720019024,-0.0015877734836340363,-0.0010613962891685726,-0.0034901208295903983,-0.0006909279935682099,-0.004456166417537534
2024-11-17,-0.009216590094409116,-0.0026952475086316724,-0.002917086596429075,-0.0036294041536699367,-0.002641141908514181,-0.001855508675314318
2024-11-18,0.009525218212518727,0.0031212611417589567,0.00479236631360965,0.0038265586491626137,0.004705213576682669,0.001270701544170778
2024-11-19,0.018395898008167544,0.006756015861424489,0.013897644223456974,0.008784367343063959,0.014388245451191849,0.0014952766362828927
2024-11-20,0.020659258599351915,0.007393035616143869,0.017554429612330173,0.01578873910317524,0.01868772436577742,0.005495918413145527
2024-11-21,0.04657525806164342,0.016487950574880318,0.04035858109786424,0.04635387555447371,0.03622541401934426,0.018964933311189834
2024-11-22,0.003985777032621485,0.0012790493157620953,0.0025766464418620033,0.00321332932177129,0.0026015177643532285,0.0014246244829217933
2024-11-23,-0.012445134688188197,-0.00483869386605744,-0.010962370003225048,-0.012600064943952974,-0.011351103964003127,-0.01228432748561127
2024-11-24,0.0027957023287310534,0.0010987459358982438,0.0026434989265269404,0.0027957023287310534,0.002690408840813736,0.0027367353563662405
2024-11-25,-0.047327713308535024,-0.020324763969085998,-0.04733824555882818,-0.047327713308535024,-0.047327713308535024,-0.047327713308535024
2024-11-26,-0.015721143075031363,-0.005688126656455593,-0.014783079707064285,-0.0119651173626593,-0.015721143075031363,-0.015721143075031363
2024-11-27,0.04477262312267061,0.016651174314482233,0.04150992104157523,0.04275285476167482,0.04177918873399099,0.04477262312267061
2024-11-28,-0.002616338696719067,-0.0009209364508015746,-0.0021986887556716245,-0.002399408718473602,-0.002079000514500683,-0.002616338696719067
2024-11-29,0.01734945887418826,0.006834851221602665,0.016136107569525156,0.01724018934058927,0.016957613963097494,0.01520322559974199
2024-11-30,-0.009602946656267042,-0.0036821654907323166,-0.009664105871748773,-0.009602946656267042,-0.009609054740158541,-0.009444530922183007
2024-12-01,0.010428589595323556,0.004252055652460576,0.010428589595323556,0.010428589595323556,0.010428589595323556,0.010402617558155204
2024-12-02,-0.01788416744731558,-0.007472537306407905,-0.01788416744731558,-0.016699689144140065,-0.01788416744731558,-0.01788416744731558
2024-12-03,0.002971338867637785,0.0011644139702011822,0.002971338867637785,0.0026085242401717094,0.002971338867637785,0.002971338867637785
2024-12-04,0.030302560301318726,0.012997513395829885,0.030302560301318726,0.03019353716388388,0.030302560301318726,0.030302560301318726
2024-12-05,-0.019920980360498275,-0.007682205616721299,-0.019920980360498275,-0.01608737982637341,-0.019920980360498275,-0.019920980360498275
2024-12-06,0.030979387753128584,0.011828722543640258,0.030979387753128584,0.020284137806347403,0.030979387753128584,0.030979387753128584
2024-12-07,0.0002460610900729687,7.437056893269278e-05,0.0002460610900729687,0.00014667103357163586,0.0002460610900729687,0.0002460610900729687
2024-12-08,0.008214665212203043,0.003367370228537408,0.008214665212203043,0.006757385369896275,0.008214665212203043,0.008214665212203043
2024-12-09,-0.033817649583586906,-0.014417002125565377,-0.033817649583586906,-0.02679301589964771,-0.033817649583586906,-0.033817649583586906
2024-12-10,-0.00569561544669106,-0.0021822931634391915,-0.00569561544669106,-0.003402388837320612,-0.00569561544669106,-0.00569561544669106
2024-12-11,0.04620929391256645,0.019205182364376044,0.04620929391256645,0.04576548014981551,0.04620929391256645,0.04620929391256645
2024-12-12,-0.012035425824423518,-0.004455120683787715,-0.012035425824423518,-0.00934490373785992,-0.012035425824423518,-0.012035425824423518
2024-12-13,0.011978447705139006,0.004687276858915448,0.011978447705139006,0.011734639978154066,0.011978447705139006,0.011978447705139006
2024-12-14,0.0007606656630536612,0.00029690916691387447,0.0007606656630536612,0.0007606656630536612,0.0007606656630536612,0.0007606656630536612
2024-12-15,0.03141554455330353,0.01358219902193217,0.03141554455330353,0.03141554455330353,0.03141554455330353,0.03141554455330353
2024-12-16,0.012475256177905125,0.004726888055769303,0.012475256177905125,0.008185488705256686,0.012475256177905125,0.012475256177905125
2024-12-17,0.0024584261525884,0.0009689565735860875,0.0024584261525884,0.001994231863024791,0.0024584261525884,0.0024584261525884
2024-12-18,-0.05320728903937755,-0.02300031948894183,-0.05320728903937755,-0.053307294274966104,-0.05320728903937755,-0.05320728903937755
2024-12-19,-0.027597603330190013,-0.009884719717741857,-0.025478042670462824,-0.023344495342200303,-0.022797143776825634,-0.027597603330190013
2024-12-20,-0.0008148002212607919,-0.00029212834128774915,-0.0007723441154684379,-0.0007429971353279852,-0.0007715471015097299,-0.0008148002212607919
2024-12-21,-0.005372227647150729,-0.002206218661753549,-0.005268193730677453,-0.005499904935550565,-0.0053602695481990035,-0.005372227647150729
2024-12-22,-0.020021143398257446,-0.00858770888492857,-0.02006902000303723,-0.020021143398257446,-0.020042367243958328,-0.020021143398257446
2024-12-23,-0.0036610918852805208,-0.0014713117822815487,-0.0036610918852805208,-0.003143954163898622,-0.0036610918852805208,-0.0036610918852805208
2024-12-24,0.04047411647219179,0.017291657266596993,0.04047411647219179,0.04027978356537171,0.04047411647219179,0.04047411647219179
2024-12-25,0.006058886534067831,0.002233254759555049,0.006058886534067831,0.00522105169544754,0.006058886534067831,0.006058886534067831
2024-12-26,-0.03634858088822557,-0.015136252216218265,-0.03634858088822557,-0.03646727309762385,-0.03634858088822557,-0.03634858088822557
2024-12-27,-0.014727030582722733,-0.005433033526895149,-0.014727030582722733,-0.013280639482630042,-0.014599487464810572,-0.014727030582722733
2024-12-28,0.009590311345661462,0.003657002887357271,0.009514151805759305,0.009484943247923473,0.009581019961254357,0.009590311345661462
2024-12-29,-0.017514088201455502,-0.0071558566779256,-0.01752127963685493,-0.014682738407540988,-0.017514088201455502,-0.017514088201455502
2024-12-30,-0.009998282130105562,-0.003941641406566404,-0.009998282130105562,-0.007057646398425186,-0.009998282130105562,-0.009998282130105562
2024-12-31,0.00936597374930237,0.0038693506235815797,0.00936597374930237,0.009058227767998483,0.00936597374930237,0.00936597374930237
2025-01-01,0.011415216003879625,0.004824499755959388,0.011415216003879625,0.01029110832117785,0.010069410547860801,0.011415216003879625
2025-01-02,0.025362097383011983,0.010667407600272709,0.025362097383011983,0.020049765782971855,0.025253697701878908,0.025362097383011983
2025-01-03,0.013105552173485746,0.00502931991809063,0.013105552173485746,0.007477396638463679,0.013105552173485746,0.013105552173485746
2025-01-04,0.0011145782516890357,0.0004324172699650593,0.0011145782516890357,0.00065783756903271,0.0011145782516890357,0.0011145782516890357
2025-01-05,0.0018809340254266615,0.0007830839422469266,0.0018809340254266615,0.0014749072030808112,0.0018809340254266615,0.0018809340254266615
2025-01-06,0.03825387855865836,0.01689203827890135,0.03825387855865836,0.01737272754861827,0.03825387855865836,0.03825387855865836
2025-01-07,-0.050935476354242226,-0.01970421567752608,-0.050935476354242226,-0.021701989236080157,-0.050935476354242226,-0.050935476354242226
2025-01-08,-0.019960968794210388,-0.006947110309727886,-0.016946433259269915,-0.017659020296199295,-0.01771247998699009,-0.019960968794210388
2025-01-09,-0.02833682805705584,-0.009846839099893494,-0.022683662608960778,-0.02225881383231589,-0.025648084561613035,-0.02833682805705584
2025-01-10,0.026129405246471782,0.008556250699939712,0.017955765204910806,0.021320576925934344,0.021196935560533706,0.026129405246471782
2025-01-11,-0.0016105217791819726,-0.0005269549100287168,-0.0010998903404601523,-0.001464844826155331,-0.001377839703602807,-0.0016105217791819726
2025-01-12,-0.0026714097859784625,-0.0010949562838991386,-0.002506210197048933,-0.0027972051790562014,-0.002723450525814478,-0.0026714097859784625
2025-01-13,0.00023268440086821052,6.090419620824524e-05,9.759583243859659e-05,0.00023268440086821052,0.0002032436817658574,0.00023268440086821052
2025-01-14,0.023244809005100953,0.01020538026924158,0.023244809005100953,0.023244809005100953,0.023244809005100953,0.023244809005100953
2025-01-15,0.03730920387848102,0.014576297964503594,0.03730920387848102,0.032557408259551474,0.03730920387848102,0.03730920387848102
2025-01-16,-0.0019434110590282883,-0.0007457872131897321,-0.0019434110590282883,-0.001838466871016194,-0.0019434110590282883,-0.0019434110590282883
2025-01-17,0.04319820242288541,0.018142214310079223,0.04319820242288541,0.0431204075968932,0.04319820242288541,0.04319820242288541
2025-01-18,0.000973840362128664,0.0003106273655541506,0.000973840362128664,0.00038226222137133974,0.0007443934940682239,0.000973840362128664
2025-01-19,-0.032985103401966254,-0.01384793075124076,-0.032985103401966254,-0.033284812614579246,-0.033101347284938125,-0.032985103401966254
2025-01-20,0.01618972157537857,0.005898038674701824,0.01618972157537857,0.010813138726707191,0.01618972157537857,0.01618972157537857
2025-01-21,0.03313113539982271,0.012530726976025646,0.03313113539982271,0.026971834531280308,0.03313113539982271,0.03313113539982271
2025-01-22,-0.02072651763122957,-0.007849594379411837,-0.02072651763122957,-0.008923667655725392,-0.01964901011403107,-0.008817609974918846
2025-01-23,0.003791151387871672,0.0014384667196347413,0.003649554003308339,0.0015690472562605972,0.003380465371070257,0.0015366000526867954
2025-01-24,0.0051015990156249025,0.0020878574921904475,0.005072045078982079,0.00257575079447416,0.005004480751846446,0.0022571791966189375
2025-01-25,0.0014320666196163678,0.0006009843732585978,0.0014320666196163678,0.0007562679565925304,0.0014320666196163678,0.0006464472662327285
2025-01-26,-0.019383922542007603,-0.008393397855527373,-0.019383922542007603,-0.010767942981025496,-0.019383922542007603,-0.008729850216657082
2025-01-27,-0.009004110077943661,-0.0036485645550602855,-0.009004110077943661,-0.004103757678070372,-0.009004110077943661,-0.004014294772836676
2025-01-28,-0.007549028638475397,-0.0031962318951472314,-0.007549028638475397,-0.003943308028445596,-0.007549028638475397,-0.003351227113420408
2025-01-29,0.027493597182653984,0.011753598398901098,0.027493597182653984,0.015161352828944891,0.027493597182653984,0.012186297464128845
2025-01-30,0.010283519428385901,0.004023235449316736,0.010283519428385901,0.004884764725362373,0.010283519428385901,0.0048874399254215444
2025-01-31,-0.02594979526653096,-0.010799569909412887,-0.02594979526653096,-0.013416918433700962,-0.02594979526653096,-0.011847563864650244
2025-02-01,-0.0161617840797893,-0.006335720150284694,-0.0161617840797893,-0.008018294739651674,-0.0161617840797893,-0.007026961055528504
2025-02-02,-0.03166186605582477,-0.012675436308221025,-0.03166186605582477,-0.016204576312458713,-0.03160059849593006,-0.014367302474864101
2025-02-03,0.04267525945403605,0.016042802755183695,0.04203136528452932,0.019581779988642425,0.03951063327274714,0.02060807141841224
2025-02-04,-0.03676088203384231,-0.013393075543581077,-0.031400867106303146,-0.015189764030390468,-0.028386667447954095,-0.015656830593082774
2025-02-05,-0.013171603204494398,-0.004506817475611278,-0.008221616157665607,-0.005344309568242775,-0.003672700079029189,-0.00417419879060859
2025-02-06,-0.00018674606159330143,-9.553636213810821e-05,-0.0002340969870161127,-0.0001431647003971379,-0.00031708438819158145,-0.00015343478886908077
2025-02-07,-0.0016282119303986375,-0.0007132875220662945,-0.0016920391813690448,-0.0009784341089694502,-0.0019842856428438447,-0.0007980137167162468
2025-02-08,0.0022743081960876488,0.000956285663225119,0.0021873241026952165,0.001255077170412866,0.0022074811065700777,0.0010381598351577336
2025-02-09,-0.003038869909599118,-0.0013168729530521166,-0.003038869909599118,-0.0016791277220047683,-0.003038869909599118,-0.0013931719555472547
2025-02-10,0.01106297210035545,0.004794614376836348,0.01106297210035545,0.006168641127519008,0.01106297210035545,0.004940535912471234
2025-02-11,-0.01611259239014018,-0.006810022923782643,-0.01611259239014018,-0.008064355803278566,-0.01611259239014018,-0.007332339362174992
2025-02-12,0.02035607752805757,0.008334140193448683,0.02035607752805757,0.009266089772554865,0.02035607752805757,0.009359666845203505
2025-02-13,-0.012497962293392395,-0.005008757205725945,-0.012497962293392395,-0.005614532618125747,-0.012497962293392395,-0.005695629147355089
2025-02-14,0.009111935694327444,0.0037632804167771748,0.009111935694327444,0.004625679581532018,0.009111935694327444,0.004269065626244274
2025-02-15,0.00173366838716138,0.0007246143599002984,0.00173366838716138,0.000911898917764578,0.00173366838716138,0.0006103454129816588
2025-02-16,-0.014356737494352068,-0.006218413529089328,-0.014356737494352068,-0.0071365408303685225,-0.014356737494352068,-0.0035060379218529807
2025-02-17,-0.004073049926130778,-0.001712007379396658,-0.004073049926130778,-0.002296116416780821,-0.004073049926130778,-0.0017598372323958896
2025-02-18,-0.0036170504605429477,-0.0015714305805355861,-0.0036170504605429477,-0.0019177176502541528,-0.0036170504605429477,-0.0010935441853487278
2025-02-19,0.012613480249799913,0.0054624878879930535,0.012613480249799913,0.006475530250615645,0.012613480249799913,0.0018105641764469427
2025-02-20,0.0180480505726901,0.007538382737133776,0.0180480505726901,0.009876680282136504,0.0180480505726901,0.006363901937977152
2025-02-21,-0.02381515537057477,-0.009668251792029453,-0.02381515537057477,-0.01308745505608273,-0.02381515537057477,-0.010191445377727057
2025-02-22,0.005796160474718315,0.00227581301782727,0.005796160474718315,0.0030128741923747316,0.005796160474718315,0.003033370164382129
2025-02-23,-0.0053213845542468,-0.0022744987590712215,-0.0053213845542468,-0.002907987641331711,-0.005198994999761609,-0.0021452518122199583
2025-02-24,-0.043937005789182026,-0.018933057251506753,-0.043937005789182026,-0.023569389368571114,-0.043965327627460665,-0.01419378507858431
2025-02-25,-0.03374257515940793,-0.012491928599587223,-0.03039182505074913,-0.015836068627258684,-0.03374257515940793,-0.01664369338946181
2025-02-26,-0.053867908370506035,-0.01886451219722272,-0.03799690657520319,-0.022899378811729192,-0.053867908370506035,-0.028655394026708237
2025-02-27,0.007590659223793539,0.002158952145713605,0.0006315575915617172,0.003066682567075429,0.003067677480623077,0.002940479436574434
2025-02-28,-0.004509770573770111,-0.00157156750612301,-0.002066696482508801,-0.002442797365191954,-0.0032141603316168483,-0.0020302088986699027
2025-03-01,0.018999511786565337,0.007362518965912715,0.013611297356000586,0.00992599220177694,0.018072470064809262,0.008497804972019492
2025-03-02,0.098825828923641,0.037014717952162705,0.08710925041556909,0.04025396862152836,0.09879269822254136,0.042424892057976366
2025-03-03,-0.08493849218829597,-0.021682823711874164,-0.0008829513831055103,-0.0333675418761692,-0.001,-0.029539888740827903
2025-03-04,0.011675250364731049,0.0026221911647492263,0.0,0.0038646214677652336,0.0,0.004576340496683813
2025-03-05,0.03774140124235603,0.008893387174824904,0.0,0.011382888414237664,0.0,0.015020011059375232
2025-03-06,-0.004384709346202387,-0.0010512490341352933,-0.0,-0.0013493943712292247,-0.0,-0.001726143670381127
2025-03-07,-0.04066052974821455,-0.010837594978095437,-0.0,-0.010234983827478636,-0.0,-0.01629857600642789
2025-03-08,-0.0044170697918117785,-0.001111694476944354,-0.0,-0.0014882332218327683,-0.0,-0.0018046169163664137
2025-03-09,-0.0640988806665751,-0.018173213376355173,-0.0,-0.017413771412253438,-0.0,-0.025668606717594467
2025-03-10,-0.020358104682019373,-0.004864791100763751,-0.0,-0.006668620111154256,-0.0,-0.008083243055751206
2025-03-11,0.04735339025587715,0.011479311324300027,0.0,0.014193299498112218,0.0,0.019452948344814276
2025-03-12,0.010671035917402705,0.002564642181910663,0.0,0.003228467678710969,0.0,0.004193685355552565
2025-03-13,-0.030131104831296218,-0.007827621061067118,-0.0,-0.009163505440318957,-0.0,-0.012462193010673554
2025-03-14,0.03693174488401674,0.009321105650088691,0.0,0.01431077490139395,0.0,0.015328500010584016
2025-03-15,0.0029372962577474127,0.0007435480715821813,0.0,0.001076359101530218,0.0,0.0011504506949734144
2025-03-16,-0.02205940725004707,-0.006546377575232982,-0.0014240805132571532,-0.009874091779608716,-0.0,-0.00947923589136924
2025-03-17,0.018448368233770163,0.005276064598954408,0.0016343228355679858,0.006790146546744204,0.000638620708416625,0.0076945669134157605
2025-03-18,-0.0158680910261787,-0.0047636087244771076,-0.0031672833763710917,-0.0061941376724389385,-0.0022182284882780443,-0.0063114994323153015
2025-03-19,0.04950881215946734,0.015603601772969539,0.014228531319647707,0.01956429539973804,0.013527806769770785,0.021292918985977242
2025-03-20,-0.03053053457783772,-0.008834663008246727,-0.003973605601716294,-0.012490532151156166,-0.0013250390838655095,-0.008521379512541534
2025-03-21,-0.0006604829336770424,-0.0001939533429836609,-0.0001111458695003671,-0.0002742061378824321,-3.551989784588413e-05,-0.00035625526514802776
2025-03-22,-0.0029521782061706636,-0.0010479248284002384,-0.001298996036537622,-0.0016087349887447906,-0.0012575592333856224,-0.001370142938124418
2025-03-23,0.023140454626765505,0.008982850419214585,0.016219066521479076,0.012524254602085953,0.017958175309431536,0.010624624556608597
2025-03-24,0.018209822238062223,0.00663782522800962,0.01524399427287526,0.007481512764769606,0.01588508437671434,0.007876460850100766
2025-03-25,0.0011482798716879739,0.00042157130234501847,0.0009792590534041926,0.00048142315295924616,0.0005075905950813551,0.00032027228013785467
2025-03-26,-0.0067049582851412826,-0.00283134661910877,-0.0067361900230485305,-0.0038519090938329134,-0.007060573068301196,-0.003251965859802349
2025-03-27,0.004314397305796636,0.001828529630800787,0.0043069697536920505,0.0023494021553247717,0.004314397305796636,0.0019769401006812437
2025-03-28,-0.033278312129852106,-0.014329724506088862,-0.033278312129852106,-0.01848754407737384,-0.033278312129852106,-0.01518494165409754
2025-03-29,-0.021491150694367134,-0.008244143002991042,-0.021491150694367134,-0.009257888415483778,-0.021491150694367134,-0.009310203617373626
2025-03-30,-0.003402692956054554,-0.0012961439315767485,-0.0033818654209455895,-0.0015722512722705687,-0.003402692956054554,-0.0014440002322814983
2025-03-31,0.0029797309638022185,0.0012092277976121278,0.0029710625506966315,0.0015592163461022055,0.0029797309638022185,0.0011476098025831776
2025-04-01,0.03353402320923804,0.014393243695209645,0.03353402320923804,0.019373486808780392,0.03353402320923804,0.015189883415198467
2025-04-02,-0.03134090684096902,-0.012254583133317887,-0.03134090684096902,-0.014751487155847955,-0.03134090684096902,-0.014234966493646908
2025-04-03,0.004555305280219857,0.001706151736862286,0.004522923001917788,0.001938434702393651,0.004377598032055841,0.0018740087887935846
2025-04-04,0.010158749483303753,0.00417747718549563,0.010152920410612217,0.005540216431176592,0.010126760737555295,0.004280407028131105
2025-04-05,-0.0056342916561193945,-0.002358674458084389,-0.0056342916561193945,-0.0030037334590188518,-0.0056342916561193945,-0.0025799669261756366
2025-04-06,-0.06426102683444102,-0.027591211953266345,-0.06426102683444102,-0.0356888363680074,-0.06426102683444102,-0.027956974067350805
2025-04-07,0.018893305186273412,0.005957112632332039,0.007300748494127299,0.007658250823406682,0.017968369759892536,0.008261709683563009
2025-04-08,-0.038659092461742595,-0.012944353389783956,-0.019864889976752835,-0.0158928547542101,-0.037126405185620326,-0.017026609291793827
2025-04-09,0.08341918413277072,0.025361084093867,0.021756825614555646,0.033528670367596096,0.060424431084498416,0.035348728920559944
2025-04-10,-0.03822080026716035,-0.009403281069656584,-0.0002637817255293987,-0.015224162432690098,-0.0007271405522186398,-0.014912815032722062
2025-04-11,0.04777518320980212,0.011462799438381528,0.0,0.01651221362269403,0.0,0.018631490710788345
2025-04-12,0.022904898006020913,0.005472120351164271,0.0,0.00796155655865239,0.0,0.00915897564745297
2025-04-13,-0.01994030773942823,-0.004925987900955178,-0.0,-0.0067441080935781335,-0.0,-0.008064172983618632
2025-04-14,0.012206422640835823,0.003077018659887632,0.0,0.004007977914936847,0.0,0.004994694775140045
2025-04-15,-0.010848787555023831,-0.002992859508977214,-0.0,-0.003243393573241131,-0.0,-0.004172886393647871
2025-04-16,0.005739023208297667,0.001725330538819439,0.0007420518988128431,0.0016204307742658563,0.0012231417627104296,0.0022684203705245444
2025-04-17,0.00937651452837307,0.0033128491810911808,0.004410451434431425,0.00372055863245862,0.00602908878646277,0.0037552727659846082
2025-04-18,-0.0059548814546587225,-0.002335128666435941,-0.004923847313967825,-0.0023965317949245974,-0.005901252086534879,-0.0024912601212601975
2025-04-19,0.008171381616985052,0.0033668938420919423,0.007607989148207074,0.003583012426468094,0.008118946407514562,0.0035390014506914195
2025-04-20,-0.0002699021061011164,-0.00011904263647160954,-0.00031792362294927703,-0.0001622576639047223,-0.0002699021061011164,-0.00011906864108645651
2025-04-21,0.026544387639777067,0.011447703211929502,0.026544387639777067,0.014830058829304398,0.026544387639777067,0.011757666825063396
2025-04-22,0.07022481961256588,0.02766669628417246,0.07022481961256588,0.03655176664367199,0.07022481961256588,0.03162932057625572
2025-04-23,0.002140526027485379,0.000658183565958375,4.604189885095236e-05,0.0009769198335035985,0.0009121257172514572,-0.0002972554145356087
2025-04-24,0.0016451260333205653,0.0005902926248964784,0.0007129262114419876,0.0003561965750378997,0.0010469170642514083,0.0002973127202436558
2025-04-25,0.009819202796590432,0.004193203098539399,0.007527900710374164,0.004781239714302196,0.00782819813203225,0.003116188851932671
2025-04-26,-0.000811444052864374,-0.00035021380929964823,-0.0008211364572048237,-0.0004376454226702514,-0.0006876955139214927,-0.00028183873002102515
2025-04-27,-0.009310302744829801,-0.004136545762459041,-0.008246143192961632,-0.005040455147129682,-0.007867364529171432,-0.003114757518026602
2025-04-28,0.013357917358960636,0.00582307067086462,0.012071162032346601,0.005336628211067578,0.012537283272186004,0.004045249803642285
2025-04-29,-0.01013170502198979,-0.004252380004447068,-0.009778198294217335,-0.003140491169731599,-0.010184054577832002,-0.002817479631209087
2025-04-30,0.00142282859299514,0.0005984730727296803,0.0012662336946365211,0.00046272773038280135,0.0014184749954350142,0.00039043203709899506
2025-05-01,0.02308027550656977,0.010190862826474148,0.020668390630575243,0.011522356503488802,0.02158174452112948,0.007053050337433435
2025-05-02,0.004463769994125899,0.0017151427612405738,0.004340348883360196,0.000751597261485028,0.004401464731381279,0.0011157683596408436
2025-05-03,-0.009277893945286664,-0.004001484403461327,-0.008606431666335474,-0.003995738437439783,-0.008294758857315544,-0.001947690196120055
2025-05-04,-0.016320226133777704,-0.0070606526557138154,-0.014821418019979733,-0.00654548961571235,-0.015581150798191504,-0.00331516519085791
2025-05-05,0.005042923130607058,0.002040772263428458,0.004664243881057674,0.001714749685914354,0.004993394812706424,0.0016175328564105775
2025-05-06,0.0192316595898403,0.008291080704751584,0.017358066390154813,0.008429723047035874,0.018812984109230782,0.005080476017364867
2025-05-07,0.004752390042400245,0.0018649207615245964,0.004580633552952795,0.0013346115860493933,0.004731695967415919,0.0013425020200086614
2025-05-08,0.06106983582587011,0.026179620287979825,0.05591831998602135,0.028050747893088875,0.055154068296669516,0.017572179076383657
2025-05-09,-0.0012490241750147124,-0.0005184301201679773,-0.001064493655496809,-0.0005503080935614526,-0.001096879877614044,-0.00034867051766770247
2025-05-10,0.01595109820170526,0.006524760438698584,0.01157569621214996,0.006988752605316121,0.01211925391814243,0.005146529245492806
2025-05-11,-0.005800990992860355,-0.0023201894449016752,-0.005070386642529094,-0.0017518330560881768,-0.005510215772438129,-0.0015999226433472955
2025-05-12,-0.010156783395042446,-0.004381650089397751,-0.008753065522279937,-0.005070042966742267,-0.009261912626428044,-0.0030668806386302603
2025-05-13,0.011908630457952318,0.00511331481038849,0.010568757110333983,0.004712858794558077,0.011063237157876516,0.003602069427796001
2025-05-14,-0.005501831743081831,-0.0023225367904071903,-0.0052021487574455605,-0.0019386299420198077,-0.005571151258119611,-0.0016028930470642292
2025-05-15,0.0013861208421792615,0.0005895233259972327,0.0012095823564286894,0.0005307341692110948,0.0012472841600723711,0.00040755600970651066
2025-05-16,-0.0014463954026648906,-0.0006507920513717192,-0.0012988621698023378,-0.000816494915044264,-0.001329563329650257,-0.0005056140526470504
2025-05-17,-0.0036327254912573714,-0.0016267367746016512,-0.0032433770907316114,-0.0019896561270749315,-0.0030702057831961537,-0.0012257123505856682
2025-05-18,0.0273829571783335,0.012231420859720397,0.024465376933731284,0.014836196136898499,0.0239827394870464,0.008872776507657606
2025-05-19,-0.0037717142550488525,-0.00153316369426917,-0.0038312802488153818,-0.00143844403629966,-0.0038943864612459383,-0.0014686413663898665
2025-05-20,0.012095736972719484,0.005151956601711921,0.010870320600555722,0.005288908626720461,0.011729385465300283,0.00327025393667574
2025-05-21,0.0263021590355057,0.01103768060903184,0.024797712498283303,0.009599950910214084,0.026274184167945185,0.008247519449739716
2025-05-22,0.01615388086802838,0.00627348595895965,0.015596985639693238,0.0050629994526405495,0.01615388086802838,0.005158198006708906
2025-05-23,-0.03754249991271208,-0.014939229726180324,-0.03544864918675056,-0.012951705547497104,-0.03754249991271208,-0.014446600959089598
2025-05-24,0.005829325267806995,0.0021030336144604272,0.0037286018252334985,0.0020923729223947373,0.005829325267806995,0.0015026769659241376
2025-05-25,0.009243633853377009,0.0037433178944219496,0.00710310986578748,0.003873634948688586,0.008972379424221967,0.0028327815727257253
2025-05-26,0.0041969345981098805,0.001755990849364882,0.0035420102397157875,0.0017373177307645389,0.004170454304784518,0.0013230038501787725
2025-05-27,-0.002794495636876393,-0.0012384768210989701,-0.0024983569704701536,-0.001533276721634417,-0.0027618622263475873,-0.0008784036130169615
2025-05-28,-0.010736063727556644,-0.0047837068829631535,-0.009540109696728702,-0.005962484688659841,-0.010075061581924968,-0.0034076075292574777
2025-05-29,-0.02004204497333195,-0.00869203966201663,-0.018339008731313736,-0.008420028301362655,-0.01927284428812167,-0.006439743687994058
2025-05-30,-0.0165667826680439,-0.006615371439586266,-0.015466814299046977,-0.0050111024545123495,-0.01660647581543108,-0.0051445715814454306
2025-05-31,0.006998000328775289,0.0027829014284559096,0.006163152090650127,0.0022772709781460963,0.006617414782847956,0.001777500967262299
2025-06-01,0.009943710003007977,0.004186206530071699,0.008844010270223333,0.004237428896262388,0.009814191661723932,0.003002261723385327
2025-06-02,0.001414061242183129,0.0005995752663639464,0.0012708036336953664,0.0005479983540155875,0.0014049002504135744,0.00044025630155787755
2025-06-03,-0.003925519973857261,-0.001750159987455634,-0.0035428082618222515,-0.001645043469998884,-0.0036495177140912277,-0.0010161750605529728
2025-06-04,-0.006646891915636499,-0.002962625392230074,-0.005940136916974833,-0.0029210977658826864,-0.00487166981783256,-0.0021973777711384603
2025-06-05,-0.02971530699063485,-0.01315744603395517,-0.026730970679451876,-0.012428439258284981,-0.021742073491877893,-0.00775155274945435
2025-06-06,0.02706681383871179,0.01030221873969948,0.023804514489206067,0.00780526206168781,0.020342823934699536,0.009548396285874136
2025-06-07,0.012106743173483814,0.00459735199565595,0.01020388909108283,0.003951871892434091,0.010549033875585125,0.0039872295650585435
2025-06-08,0.00040203557368090337,0.0001400647919935288,0.0003287781582249133,0.00011393569021093729,0.00028408133780241396,0.0001314695761491714
2025-06-09,0.04228236692730669,0.018317404691483706,0.036779557615619185,0.021381174661646653,0.042124144038675725,0.0122572244068261
2025-06-10,-0.001125605305330235,-0.00048157793460317677,-0.0009750664477717905,-0.0005448740895047021,-0.0011165332588496677,-0.0003208889519173268
2025-06-11,-0.012976106786820929,-0.00554601266010579,-0.010980567927028074,-0.006822184541387389,-0.011853614728367908,-0.004155216880329861
2025-06-12,-0.0243617339941391,-0.010189563390730861,-0.021582321026977,-0.008871234804460006,-0.023285090554499302,-0.007556390038295671
2025-06-13,0.0002437406015962651,5.802726343109036e-05,0.0001767440300922549,-9.198200987261816e-06,0.00021257360312564095,1.107637063372388e-05
2025-06-14,-0.005260214864217239,-0.002283157110496774,-0.00450282609712624,-0.0028603960793465006,-0.0051439915037339275,-0.0016189776743926712
2025-06-15,0.0004332032616127801,0.00017685809000865657,0.00035789324622343446,0.00021434967612098861,0.00038668539618724783,0.00012093666428264447
2025-06-16,0.016406880968748982,0.007305666978456461,0.014562235011149316,0.008738953396439276,0.014774372547469224,0.005353292745131178
2025-06-17,-0.024388669241453442,-0.010027950435569675,-0.024073538418474063,-0.0074726925486766045,-0.024485228028369534,-0.008035888099619509
2025-06-18,0.0017678804923713098,0.0006598502562021426,0.0015185167116836444,0.0005393163363139091,0.0017678804923713098,0.0004681507843540786
2025-06-19,-0.0009888649175316955,-0.0004624787432560243,-0.0008940628129161313,-0.0006589669875234511,-0.0009888649175316955,-0.00032069989164120393
2025-06-20,-0.013702280141872691,-0.006080780083085275,-0.012102509753933401,-0.006520858865280674,-0.013033177050885223,-0.003629913030805599
2025-06-21,-0.016720049829324513,-0.007077401031133693,-0.01547611152339657,-0.006453681480361481,-0.01677272565472863,-0.0056041845872356714
2025-06-22,-0.00639068198957482,-0.00260558240719837,-0.005893126033480154,-0.00224322047546358,-0.00639068198957482,-0.0023006088180476635
2025-06-23,0.04556737602628069,0.019602381523113905,0.040488751597462735,0.019969909953957105,0.04556737602628069,0.013283623846335128
2025-06-24,0.0044277834812112005,0.0016127374904289097,0.0034948118357166513,0.0012351081280160363,0.004115624164410767,0.0009574958695482306
2025-06-25,0.012655234216413236,0.005253151725036393,0.010584704057167903,0.0057463149804631245,0.01220901948079345,0.0037363745157984545
2025-06-26,-0.0027234723260119997,-0.0011310144656055505,-0.0025408729128450435,-0.0010602596893956914,-0.002756822437102611,-0.0008579446787085916
2025-06-27,0.000730157611013027,0.0002952558799881769,0.0006251953798888277,0.00020143794274266684,0.0006190690846076424,0.0002255153231076817
2025-06-28,0.0024900152400135767,0.001101590963870061,0.0022122832019817423,0.0013286224785699194,0.0018526650822791434,0.000838564900441136
2025-06-29,0.009345257016376118,0.004166743474600162,0.008372939105956347,0.00513606621199476,0.008001969866285647,0.0030007738776977287
2025-06-30,-0.011146091824477566,-0.004845050688022628,-0.01044093247109056,-0.0049655609506372295,-0.01075311402675986,-0.0035992453921754775
2025-07-01,-0.01480819986699955,-0.006357277104274874,-0.01368976795775166,-0.006205409481397351,-0.012159635222342882,-0.004344147444431535
2025-07-02,0.03183569111241824,0.013177393080772926,0.029589902132310646,0.011073601226258067,0.029360755129076634,0.010079561709772878
2025-07-03,0.006472442440839554,0.002465336987388745,0.005914823843390339,0.0018980425452861263,0.006285375616323728,0.001569171666597452
2025-07-04,-0.01414515029673935,-0.00596607621264859,-0.012632585962814944,-0.006057951987966863,-0.013854260836040043,-0.004102499719322324
2025-07-05,0.001511759300332427,0.000617698548142644,0.0013522264102334952,0.0005096865285497965,0.0014911900586277145,0.00046313477866058027
2025-07-06,0.008639831459630765,0.00375694230770949,0.007651639071429322,0.004154757867842642,0.008242889866000459,0.0023546882139243628
2025-07-07,-0.008523580273197884,-0.0036964607332759967,-0.007883011591440819,-0.0038473352920508764,-0.008564757506979678,-0.0025329998126618412
2025-07-08,0.006533345149690506,0.002845085696607071,0.005921119895316201,0.0030543163788510994,0.005718777139439179,0.002003742637695113
2025-07-09,0.02257939676084031,0.009883729400570323,0.02064093759588206,0.010875645160647087,0.0193088941420777,0.007083415113637354
2025-07-10,0.04000381266449504,0.015774542686715683,0.0397857466438178,0.011206665153425676,0.039687109143696254,0.011857234410434346
2025-07-11,0.015056895870083187,0.0057133117609828995,0.012747851799045373,0.005195136964693294,0.015052449738073442,0.0036438338768514157
2025-07-12,-0.0020084624026709408,-0.0008040576391734589,-0.0017600688431433369,-0.0006573533723413494,-0.0020084624026709408,-0.0007554365938520696
2025-07-13,0.01292668169908695,0.005532285498353784,0.011185198899158385,0.006289952358609384,0.01292668169908695,0.003924974608563186
2025-07-14,0.00816956465702745,0.003392483622477421,0.0075623622026910215,0.002726522946373446,0.00816956465702745,0.0027474356439395366
2025-07-15,-0.018021068117895167,-0.007729729273143808,-0.016644461935773132,-0.008088395971348023,-0.018021068117895167,-0.005911770147905493
2025-07-16,0.008659324341395713,0.0034590292689508804,0.008061085321100047,0.0025124268593510668,0.008659324341395713,0.004320013409837508
2025-07-17,0.006497723903257313,0.002720540138819209,0.005936174046727245,0.0026386761824275518,0.006497723903257313,0.0020618287928132095
2025-07-18,-0.01291323073810502,-0.005612109996970643,-0.01176541471574033,-0.006142090764004958,-0.01291323073810502,-0.003922502287808581
2025-07-19,-0.00042376323843829056,-0.0001900976646035541,-0.0004027538987462222,-0.00025569228471304846,-0.00042376323843829056,-0.0001481013130309631
2025-07-20,-0.005112809102315485,-0.0022766466671512255,-0.004598397408458054,-0.002862149389850814,-0.004313312117985136,-0.0017224629218742546
2025-07-21,0.0010805502330180072,0.00047734901384411917,0.0009658106001850866,0.0003142150114158748,0.0008777353993786186,0.0001233160410785126
2025-07-22,0.02244328953715269,0.010019989826117638,0.020070390924294582,0.008514614987297865,0.020473862151634284,0.0017376726902886995
2025-07-23,-0.011805131714448414,-0.004358644049401605,-0.006940398135387621,-0.007878897136912588,-0.007617607781043274,-0.008858374455553895
2025-07-24,-0.0023051316925389864,-0.000905713560842913,-0.0014462043655202373,-0.0014739547316669742,-0.0014175619409546052,-0.001579937169569137
2025-07-25,-0.0072388047794244015,-0.0032170382888185526,-0.005896361482291898,-0.004543274090353681,-0.005989840766383488,-0.004995648971364676
2025-07-26,0.0039400150220378904,0.0017332452096750874,0.0031674158420004054,0.0023674898731619806,0.0032414081239488324,0.0023183692658376833
2025-07-27,0.012331921663849554,0.005533987356127452,0.010330484328396642,0.007207566665985097,0.0105018725236052,0.008778780416482031
2025-07-28,-0.01185154614786732,-0.004789858155773331,-0.008159843535530911,-0.007469715429458637,-0.008357209681479088,-0.008515442712462358
2025-07-29,-0.0012816729767485269,-0.0005122692099626827,-0.0008607842101504312,-0.0008070668134063546,-0.0008463958573364033,-0.0007764227902263376
2025-07-30,-0.0011769374836670954,-0.0005682098241332213,-0.0011163092070327614,-0.0007346464230522246,-0.0013897832696989566,-0.001742153102516691
2025-07-31,-0.016004938112653688,-0.007373905424892977,-0.014104857318734352,-0.009401054923067727,-0.014589225689291422,-0.01277267525564256
2025-08-01,-0.022151337251488767,-0.008637345542869818,-0.014249266015589861,-0.014249624822760562,-0.01450518838178039,-0.0154731476981043
2025-08-02,-0.006501207062361014,-0.0023158275346212096,-0.0034214390223373248,-0.004179174157501992,-0.004192866340726853,-0.0046070865875226415
2025-08-03,0.015265094006442048,0.006148159482741849,0.010195903019240865,0.009619482235222793,0.010025820677243457,0.010643760078936118
2025-08-04,0.00819367621706335,0.003027444912627255,0.004699983052154375,0.005219899460057189,0.004639338839311122,0.005538844542796075
2025-08-05,-0.009449420726870938,-0.0038335943722110615,-0.006435678483718472,-0.005994924809405552,-0.00682311922628523,-0.006552899692563524
2025-08-06,0.008091374270946083,0.0033538657178474227,0.005773493323088621,0.005145809700742593,0.005893692618453142,0.005627421411649447
2025-08-07,0.020952248500606396,0.008798904856426756,0.015402941901831535,0.013285630996167109,0.01564473953090399,0.014721517101638885
2025-08-08,-0.005996225633439045,-0.002213778691580721,-0.0034512448734140702,-0.0037762348019136013,-0.0031790431764666506,-0.0038766301563053214
2025-08-09,-0.00196188651976692,-0.000862672951181611,-0.0015335366972886388,-0.001249402257425259,-0.0016378479741488675,-0.001336017660571922
2025-08-10,0.022980897524015997,0.010292998509717953,0.01910235140810246,0.014855586484846292,0.019470672801658095,0.016145424183857525
2025-08-11,-0.0037516412437786917,-0.0014404757941117608,-0.002355160475064301,-0.002348376809159087,-0.0024595239099863184,-0.00248408985428406
2025-08-12,0.011893697044166984,0.0049327598532479975,0.0084664866653932,0.007504602951713009,0.008780849586050505,0.008124737198767176
2025-08-13,0.02736776132658547,0.010814202502384873,0.01792259716736463,0.017405689695010676,0.017763646652429375,0.018653571931699378
2025-08-14,-0.03995707601716336,-0.014031316204448729,-0.020470708866915138,-0.024286985773727912,-0.01465908731035429,-0.023135698342016883
2025-08-15,-0.010117784054966994,-0.003280342654612178,-0.004018982382831313,-0.005508159986802861,-0.0029122290234577138,-0.004620105952909852
2025-08-16,0.0012890234324782757,0.000429378013304993,0.0005484906382352635,0.0007184663953366078,0.00045398188949646114,0.0006422038884773528
2025-08-17,0.0011878299248888613,0.0004548307686242034,0.0007105160581128814,0.0007525329343153415,0.000744271712151459,0.0008313133402408079
2025-08-18,-0.010961024110869078,-0.0050086790068784885,-0.00950032077193927,-0.00742971394478622,-0.009408350718387599,-0.008243107360244775
2025-08-19,-0.029462015807062092,-0.012461094229414462,-0.022074359519700985,-0.018875761925999667,-0.02151134187498397,-0.020255909417979178
2025-08-20,0.012324098066127442,0.004222714089481313,0.005947479251993813,0.006699839204933211,0.0078365716079023,0.007059645611563233
2025-08-21,-0.016890652908929882,-0.006275422958975563,-0.009603748447409216,-0.009982192196244933,-0.010676684945818915,-0.010141070532631354
2025-08-22,0.03964387728439278,0.01431912040523893,0.02129409769425068,0.022682218551618987,0.01964359689179032,0.022094786875235674
2025-08-23,-0.013018147192231155,-0.004379207295729504,-0.005822118817817434,-0.00674163571450001,-0.006686859375984297,-0.0063954521824624985
2025-08-24,-0.015304610020022258,-0.005636452501542202,-0.008452195644614703,-0.009080112427289176,-0.008337590236226242,-0.008777109354356263
2025-08-25,-0.030185925008403225,-0.011089946012229242,-0.016770949281091973,-0.017823331154972883,-0.021114339472139528,-0.018940669698441843
2025-08-26,0.016402669053107832,0.0055082290424407175,0.007344634456894096,0.008815403812286328,0.008318194486162812,0.00860203730339295
2025-08-27,-0.005746338632020231,-0.0020426996472004883,-0.0029778805274678372,-0.0032395962718474148,-0.003054656619410462,-0.003209415417019484
2025-08-28,0.01104557468134626,0.004484418244020083,0.007498370042254246,0.007008466077639729,0.007325473560068895,0.007127084186548572
2025-08-29,-0.03563105781715892,-0.014241082828770098,-0.023785908605297945,-0.021926497105605052,-0.02441057100421938,-0.022515076690415692
2025-08-30,0.0025150917935148343,0.0007898543992671806,0.0009398674003434943,0.00123616676680506,0.00021080716208495784,0.0009509974330412829
2025-08-31,-0.003951440366225967,-0.0016805549189280705,-0.002920710220208167,-0.002714650586232954,-0.0034904252259303752,-0.0031485716094816463
2025-09-01,0.006239843896554076,0.002736287343096592,0.004968971347004934,0.004182979483584703,0.005226899898636258,0.004472419142561652
2025-09-02,0.01971352159489581,0.008666006986278202,0.01589080203682836,0.01285874983877272,0.016211919768316315,0.014101831845159153
2025-09-03,0.005756622054155169,0.002019922178987576,0.0029935439227073016,0.003283507736568611,0.0026745848266809483,0.0032282826824996677
2025-09-04,-0.007873540165771353,-0.0032734366939819897,-0.005602018050577403,-0.005002229512977955,-0.005706084781744587,-0.005004066574521904
2025-09-05,-0.0017078705715924958,-0.000750334186760892,-0.0013697106502195344,-0.00111622441426056,-0.0013451610291225974,-0.00124634165118798
2025-09-06,-0.004223408459177014,-0.0019467910750196856,-0.0037181321187217463,-0.0027877027628820127,-0.0038712665861305147,-0.0030758897423875282
2025-09-07,0.009652562050113112,0.004415388717333069,0.008394438336419029,0.0063714623488551865,0.008478023947797121,0.0070563113386424734
2025-09-08,0.007227950481624834,0.0030067370126955926,0.005252651739026727,0.004664219869525357,0.005393650626125979,0.005084236211272665
2025-09-09,-0.005582926499974161,-0.0023871301790296547,-0.0042491214584036595,-0.00338763620608125,-0.004445491497677861,-0.00390684306113505
2025-09-10,0.021925111172335532,0.00973473995304951,0.01795636434091525,0.01217996605526151,0.017544901268782092,0.016125974880974753
2025-09-11,0.013298117761678219,0.00471427523509229,0.007087873378200652,0.008588417698890332,0.007635114062322054,0.009304651949339864
2025-09-12,0.006092564827105074,0.0022446657887703744,0.003439233860245553,0.0038717712723974123,0.002840237633229667,0.0038834518808649274
2025-09-13,-0.0015802650532796836,-0.0006949104516657982,-0.001250729387278909,-0.000998631697856103,-0.0013911390020970762,-0.0011482989243501544
2025-09-14,-0.004912611951150225,-0.00224633754570274,-0.004250430732459706,-0.0029233806087009613,-0.004295619136490855,-0.0035189523203312104
2025-09-15,0.00021663147015127393,9.378178085575561e-05,0.00016562140077620863,0.00011231978435848511,0.00017185346110534295,0.00014435537155134463
2025-09-16,0.011938347881134792,0.005506102070978977,0.01055075032170992,0.006743735957735792,0.01063282164785871,0.009096864839163856
2025-09-17,-0.0019100307021194807,-0.0008307928120892033,-0.001517303997435952,-0.001240498110799536,-0.001543400287161531,-0.001416822620362201
2025-09-18,0.003762781104531765,0.0016367460177860807,0.0029673204022041444,0.0021674456287734227,0.002967029105524871,0.002735159212887543
2025-09-19,-0.011981891970710645,-0.005417633454639375,-0.0101926880777799,-0.0068781604239659625,-0.010254870901371662,-0.00854672538918281
2025-09-20,0.0012178058088307964,0.00046512429589214545,0.0007412086546244696,0.0007075225627279758,0.0006412596712318161,0.0001624451269206586
2025-09-21,-0.003734732678062014,-0.0017068559943327008,-0.003220293674339784,-0.0020205594774426456,-0.003487060999485196,-0.0027934067441949626
2025-09-22,-0.02248640113547129,-0.01029049276362808,-0.019566148450807695,-0.00916185830293642,-0.01990779937898776,-0.004511868214920226
2025-09-23,-0.005990669637998658,-0.002260088283267229,-0.00363044195098318,-0.004273240944656046,-0.003761653317376914,-0.004996223149715989
2025-09-24,0.011353887881430103,0.00464285066259141,0.007855657753896456,0.00703074855995357,0.007356501910675948,0.007826380478431432
2025-09-25,-0.03669348713022769,-0.01461489279348244,-0.02434858152941059,-0.023074440113144804,-0.022840159509825278,-0.025165273540581703
2025-09-26,0.004605395355927078,0.0014897090008171607,0.001861299168028422,0.002689241560269972,0.002119822773590664,0.002524260868864536
2025-09-27,-0.00022222735036092622,-0.00015284237866265916,-0.00035422715451472765,-0.00018509024865399229,-0.0001829947682645484,-0.00040987871031774394
2025-09-28,0.023031449639779433,0.01021897001115499,0.01876936456709884,0.015254409191693205,0.020357797091683567,0.019376057266878428
2025-09-29,0.01935574127326789,0.0068742977441648345,0.010359799967115288,0.011426084526744658,0.011225330037894716,0.012033033486773082
2025-09-30,-0.0032306712516477765,-0.001144815603241628,-0.0016900534150482097,-0.001885480285955123,-0.0017820797808100217,-0.0019357113454544928
2025-10-01,0.03879494584285825,0.016126956987447726,0.027603908786840194,0.024951909223730605,0.020933309852940764,0.026345640728102984
2025-10-02,0.018289245779117502,0.006252389393094017,0.008735268794057938,0.009859348619223284,0.0065624666539864495,0.00884778781113859
2025-10-03,0.01484368367096156,0.005202642376436912,0.007474607713800944,0.008231275409556534,0.005572733614583563,0.007760155853616349
2025-10-04,0.0002584157027312184,8.305225997095713e-05,0.00010623148966693691,0.00013140426946081684,9.888794539712409e-06,0.00010774863394108356
2025-10-05,0.009348148278783386,0.003912706606334014,0.006765525881834142,0.006065084984295116,0.006983047217628585,0.00627878030913963
2025-10-06,0.010529838676101466,0.004359667274642275,0.00755474941390567,0.006692239450326282,0.008220965011363284,0.007099138198648487
2025-10-07,-0.025930451406544486,-0.010472037334856743,-0.017689497946569974,-0.01632211902470816,-0.017556848848990097,-0.017266450666147088
2025-10-08,0.014825955826901938,0.005112699081992075,0.007250481267614335,0.008238271627177468,0.00554718142265991,0.007741347044633932
2025-10-09,-0.014482658196307674,-0.005231938771942309,-0.007778835258076621,-0.00843882932259774,-0.0075470377087006255,-0.008369201137309766
2025-10-10,-0.06454165587488558,-0.023843104901550376,-0.03620628750480884,-0.03834962600367097,-0.03145220335850434,-0.037875042083203865
2025-10-11,-0.024743899907599287,-0.007015898810322303,-0.005881842293593781,-0.008465656524843594,-0.003355194011359456,-0.006979015349431057
2025-10-12,0.03797367118447981,0.012154414810541378,0.014413904466532255,0.01912240417617405,0.016236679559906413,0.016793697902473335
2025-10-13,0.0015573716165602214,0.0005030049427733899,0.0006097092498818653,0.0007166524066754208,0.00043849631452316687,0.0005651883177994523
2025-10-14,-0.017386060432821537,-0.007068667447387005,-0.011746705906004396,-0.012060806434534575,-0.011713211962592682,-0.012622815241492
2025-10-15,-0.021744202159976744,-0.008019978393046323,-0.012309965208580504,-0.011759662776849965,-0.01242247523484406,-0.011811764999074242
2025-10-16,-0.02460537796332596,-0.008572257706433621,-0.012203612321324716,-0.012771630651450866,-0.0005672336384775897,-0.009565490779096832
2025-10-17,-0.013958295297552104,-0.004749154938264166,-0.006476241363160861,-0.007134073761493024,-0.005560783209703636,-0.006064191754730619
2025-10-18,0.004860417667789552,0.0017450308416230291,0.0025459354949252055,0.002567116514445776,0.002648190669325653,0.002454593990908439
2025-10-19,0.01458552120563028,0.0060153865525635845,0.010243719424340113,0.008491197058134656,0.010209017755509094,0.008456792628264095
2025-10-20,0.017787186954857592,0.006702679575554655,0.01062146231583351,0.009565718404416156,0.010584606471214748,0.009223600303589164
2025-10-21,-0.01753310799727048,-0.0063118192739817156,-0.009464520802323162,-0.009685986210233066,-0.009427020761567734,-0.009424729887242191
2025-10-22,-0.00950090389488234,-0.003533864814644481,-0.0027394956929847033,-0.0030381506412454897,-0.002902205362851527,-0.0029828030885376
2025-10-23,0.022228655023977195,0.009109259421335105,0.007962266191056262,0.007453147157965175,0.007431619702252208,0.008439900314367782
2025-10-24,0.0087588419456337,0.003174635645646487,0.002203506502866608,0.002636075518274186,0.0025282613230159703,0.0026137927973578336
2025-10-25,0.0053104527143545965,0.00211880546775506,0.0017790588358345717,0.0017428357224186797,0.0017547204461187626,0.0018578764727359357
2025-10-26,0.026363632480763233,0.011692637736774213,0.012005294579273995,0.009375274256691126,0.010872863115697054,0.010896331972172966
2025-10-27,-0.004096879665923647,-0.0015855798656026737,-0.0012972332735397378,-0.0013389071216410881,-0.001311186332827505,-0.001414002693806445
2025-10-28,-0.009703826465116472,-0.004255772907864423,-0.004201951225844098,-0.00338515298125934,-0.003249439467548876,-0.004283930764633184
2025-10-29,-0.02455585963615492,-0.010756649503779107,-0.010896212151848024,-0.008661320494948015,-0.009924710233957742,-0.010849970877099348
2025-10-30,-0.019841181394399277,-0.007337640687412185,-0.005324622993118026,-0.0061963907372849306,-0.004959703630905501,-0.006100233964948455
2025-10-31,0.014205885103389937,0.005134420304556983,0.00329160769060515,0.0043177021304082845,0.004614168892464413,0.004471529263181628
2025-11-01,0.004117195547865826,0.001539441223588852,0.001102168412234919,0.0013031122113531686,0.0012408951673912555,0.001345813179674194
2025-11-02,0.0034895844676039456,0.0014619067608061809,0.0013466567287706082,0.0012058148080478005,0.0012576687088919623,0.0013527870550145637
2025-11-03,-0.035269455197921684,-0.016415550788586655,-0.01833839099116607,-0.012777592982388892,-0.01610399148065883,-0.01572207672959888
2025-11-04,-0.048321768771694584,-0.017469132381402932,-0.011594339825531737,-0.014278705475997931,-0.00860098444132255,-0.012934677721789904
2025-11-05,0.025319725823735872,0.0077747750449047495,0.0008031303343352477,0.005109614807893455,0.007774414732693485,0.011093798861144099
2025-11-06,-0.025735344685306694,-0.008826468037190999,-0.004291455795305032,-0.006555917991123198,-0.005919419139940473,-0.0062264982548918
2025-11-07,0.02160079095493117,0.007448098972712449,0.0037566867387660466,0.005235284943885632,0.0036793587436361845,0.004281948901855709
2025-11-08,-0.010572043550932886,-0.0037716741187943125,-0.0023220351804371115,-0.0026198993695184694,-0.002136558150784582,-0.0022675864787553937
2025-11-09,0.022968911020838645,0.009092923602234801,0.007320418962607277,0.006958168503121022,0.007355663868279427,0.008150488841341752
2025-11-10,0.013344084038265702,0.004826633662528999,0.003273998957007941,0.0033508219834410837,0.003160925553932082,0.002855840565665094
2025-11-11,-0.02929864195571752,-0.01120938225138191,-0.008542736588960865,-0.008208990994106482,-0.011193125304655271,-0.009618318833762237
2025-11-12,-0.012549516077517753,-0.004422512628073228,-0.0025401224141900123,-0.0030340072649274437,-0.0028831582893331545,-0.003239644428106907
2025-11-13,-0.016195732345573255,-0.0062612941841858815,-0.004753294878844762,-0.004690106901550268,-0.004624577754615037,-0.004410256140021659
2025-11-14,-0.055308096057608225,-0.02098815165016205,-0.01563877620711242,-0.015111169493703417,-0.018491688270996707,-0.016624871025873355
2025-11-15,0.010991960140376289,0.003183195698590291,-0.0002826654909193813,0.0016483062613824769,0.0005771073597119047,0.003938130758534105
2025-11-16,-0.014224241391275538,-0.005197930439363696,-0.00326089783736374,-0.005292877440093743,-0.004650359447622117,-0.0041481414013168
2025-11-17,-0.0241111274266671,-0.009213604440144138,-0.00685248344457615,-0.007272965975443123,-0.008746574955297275,-0.007554032518414558
2025-11-18,0.01006371185707522,0.003560883703348136,0.00213733347951419,0.002476864581120735,0.003493319869904181,0.0031483540024978404
2025-11-19,-0.01632937181455485,-0.006486635480090506,-0.005320899250112658,-0.00499733966829765,-0.00034834578683971834,-0.0025552444170646267
2025-11-20,-0.048282521286672764,-0.018444704662608814,-0.01408970982622916,-0.013501289154330015,-0.014447814708315302,-0.016155000966384156
2025-11-21,-0.022589142980279364,-0.007168855147944633,-0.0015573381590373125,-0.005830649869297653,-0.004663738304782499,-0.007125917396647259
2025-11-22,-0.002037065980593167,-0.0007220334088023292,-0.00042270329358738636,-0.000517473953352535,-0.0008540241369463492,-0.000613078323483219
2025-11-23,0.02474141055186685,0.01035338856476084,0.009253315616905317,0.007776038111397694,0.0083362345340006,0.007004532696521112
2025-11-24,0.01732594969158363,0.006285243824788374,0.004375973436347835,0.004295800469442989,0.004308746172306311,0.003982989417425591
2025-11-25,-0.010670710738080125,-0.003937289489797405,-0.0027531363338618602,-0.002850093082693165,-0.0033188918516012644,-0.003466404343797859
2025-11-26,0.03447980730376865,0.013877870014850862,0.011691789884966454,0.010819806296685278,0.010100397598033337,0.009705087782863256
2025-11-27,0.009805749769883354,0.0034315065203856334,0.001989703014318415,0.002371318343578366,0.00213506739106321,0.001969069944464763
2025-11-28,-0.0037890062720136175,-0.0015386124126878652,-0.0013199425846862256,-0.0012343936947104867,-0.0013095973647104689,-0.00140642383927384
2025-11-29,-0.001627130234951979,-0.0007894208228432114,-0.0009225681125171214,-0.0006364179995541811,-0.000805347565465938,-0.0007576985234172615
2025-11-30,-0.002579990340723981,-0.001257446080364262,-0.0015122263311653972,-0.0009761188628227928,-0.001321919571278769,-0.0012900881589691915
2025-12-01,-0.045283847160297874,-0.02190019683079723,-0.026078064675589936,-0.016555431452400134,-0.023044189797481324,-0.019004877017635046
2025-12-02,0.05807073412781172,0.020139332161270944,0.010776681719585929,0.015237854500393815,0.011500152586875983,0.01268222393698697
2025-12-03,0.02273696274391468,0.006830250705660841,0.00018859037764415752,0.004968349186470817,-0.00020329195538109049,-0.00022177848765025422
2025-12-04,-0.014993211166709597,-0.00517172127238477,-0.0026003433104378588,-0.003744930805577455,-0.0027564622403684663,-0.004500212593200732
2025-12-05,-0.03173081368705488,-0.011773499999338887,-0.007970665562777035,-0.008518958727426173,-0.0066556212280386206,-0.007968612330298937
2025-12-06,-0.0012351882489368693,-0.0004509572554875839,-0.0002884194991278878,-0.0003271079219964402,-0.00020860994513199476,-0.00028243243221170484
2025-12-07,0.01007395761519092,0.004184804531527553,0.0036931264480477917,0.002977096581294748,0.0034397134233588684,0.004836721115287483
2025-12-08,0.006720456429269772,0.002844630228584591,0.0027046801056167416,0.002067224053754683,0.00275303346492869,0.002146919556076414
2025-12-09,0.02355391353476155,0.010435660654293931,0.01077118218701992,0.007747826594682117,0.01003488487025919,0.008346102275253262
2025-12-10,-0.007606189947793385,-0.002893457694131026,-0.002299037597199618,-0.0019943016204157804,-0.002237023476480188,-0.0018784028756858476
2025-12-11,0.005654432259188269,0.002325364854658288,0.0020743313953130475,0.0016493274984862546,0.0018371356878664096,0.001559364275966851
2025-12-12,-0.024746485725862244,-0.011146378502772432,-0.01179367162098101,-0.00818490000462644,-0.010885850644153974,-0.010300663581311244
2025-12-13,-0.0009558231788300287,-0.00043299091702910235,-0.000461312168398947,-0.0003165306416884592,-0.000423211780349912,-0.00039833802979749393
2025-12-14,-0.0238116049190914,-0.010466340741029099,-0.010416511925614906,-0.008414895033145109,-0.009630022829875219,-0.009600434424271501
2025-12-15,-0.019794256085644668,-0.007332994744808732,-0.005333566753600913,-0.0060731471026104445,-0.005835895788516191,-0.006129647574033644
2025-12-16,0.01621085059498739,0.005863895201796564,0.0037741606453659897,0.00504415301518682,0.005222311253893375,0.0052703802174506745
2025-12-17,-0.019291509398786988,-0.007162038781467172,-0.005067635950281308,-0.006119673929258726,-0.006021636946385071,-0.00630197672019762
2025-12-18,-0.007266588549985409,-0.0026525611112553633,-0.001767986031645969,-0.0022356558328996134,-0.00204706867428629,-0.0022458908826593015
2025-12-19,0.031999845418689166,0.013375560734972218,0.012111262003260693,0.01097197643976641,0.012454696241129595,0.011482398875485902
2025-12-20,0.0014107125106159746,0.0004481575951279645,0.00018796343851017357,0.000359214178944841,0.00023529745882282013,0.0003158301411788743
2025-12-21,0.002729308517056328,0.0011049051818583185,0.0009511542572352765,0.0008958302169393431,0.0009123091624791579,0.0009791590872933842
2025-12-22,-0.000666061951955621,-0.0003449677251471885,-0.0004523840555581696,-0.0002721200506871104,-0.0003858938543837678,-0.00035295561971283276
2025-12-23,-0.0125286824916363,-0.00605118858698061,-0.007180702563281769,-0.00467322016242744,-0.00628494582652163,-0.005474638372603182
2025-12-24,0.002972289229263625,0.0012302413579539824,0.0011511079180326403,0.0009995133063163157,0.0010671625155857108,0.001206084033101522
2025-12-25,-0.004500576343515084,-0.0021176887291664637,-0.0023928903054708964,-0.0016312689398958356,-0.0022392589075774364,-0.0018046642135606864
2025-12-26,0.0011865351842221816,0.0005519487225760892,0.0006162945196139745,0.00042344121871700717,0.00057173669787894,0.00048471189512842914
2025-12-27,0.004129030978478276,0.001984899272508196,0.0023417705593068343,0.0014465446755199652,0.002068277743474027,0.0015241793573753154
2025-12-28,0.0005956211813717971,0.00027700671110422503,0.0003132172734548111,0.00018037157802693342,0.00029519626318776397,0.00020933311139273618
2025-12-29,-0.006998919761535771,-0.00339137538452289,-0.0040485286073091336,-0.0022952185888066496,-0.0035478082491729127,-0.0026971498611727796
2025-12-30,0.014862041806990689,0.006970457212663019,0.007954568954813454,0.0022440598909153533,0.007258929669844662,0.0027692698035101876
2025-12-31,-0.010307924656315803,-0.004214469141673038,-0.0039034956361273026,-0.0031642543903557126,-0.0033642608070092363,-0.0039901452063909985
2026-01-01,0.013337295641739688,0.005589467289745196,0.0052068707554852375,0.003724075950618301,0.003992301688743124,0.006220286730523498
2026-01-02,0.01416218522506929,0.005646425038130712,0.00486313361094119,0.004538850876469837,0.005218526502194871,0.005502428303303601
2026-01-03,0.0073154180350729625,0.0028396516240426716,0.0022893146899554307,0.00246153099714598,0.002154048273598852,0.0028336988227788333
2026-01-04,0.008406724262222331,0.003543355144420961,0.0033243778138106654,0.0025928178806579488,0.0033149018134083588,0.0030834175622680665
2026-01-05,0.02833652794986219,0.012311977828403615,0.012315841766519155,0.00881678287961453,0.011783360100104773,0.010769829277480438
2026-01-06,-0.003984041680344497,-0.001525521310152912,-0.0012099851460443305,-0.0013819941937365404,-0.0009006555253440972,-0.0012980150273463995
2026-01-07,-0.02527757276646181,-0.010957626240288386,-0.010625268277501307,-0.008694959756055167,-0.011041903897935664,-0.010711304750265263
2026-01-08,-0.0012283892919615624,-0.0005139902194992209,-0.0004713021149031961,-0.00041658483257237254,-0.000490624657529503,-0.0004940136934767437
2026-01-09,-0.006117802338116429,-0.0027293100109278172,-0.0027670327964401625,-0.002167798250967224,-0.0024856227771693465,-0.002558582794321715
2026-01-10,-0.00147406010849227,-0.0007028568460208599,-0.0008204663239706098,-0.0005389586102927771,-0.0007442148356174704,-0.0005920707183665524
2026-01-11,0.0034407385998362905,0.001630606214565837,0.0018766896658944882,0.0012462880861599103,0.0016679333045758844,0.0015267940814860897
2026-01-12,0.00467324282598125,0.0022320879638795636,0.00261661605707646,0.0016736929337938494,0.0023174159272724955,0.0019218825344605494
2026-01-13,0.04568022734247967,0.02157347475991284,0.02486319588546274,0.01609931203648249,0.02240224595454863,0.021667693365104143
2026-01-14,0.01825196567582621,0.006400148526985052,0.0037738101577394437,0.005189594787699985,0.0010797566378262006,0.004000293362907146
2026-01-15,-0.01543478319113789,-0.005629853619383717,-0.0037781972219599136,-0.004466104657723641,-0.00010814255269363447,-0.0038002292898350483
2026-01-16,-0.0005966727495619883,-0.00023635272476624708,-0.0001884330533131334,-0.00020140439736884532,-0.00042317535145927095,-0.0003000244722052283
2026-01-17,-0.004002020940197526,-0.0018460948372537437,-0.001990320467529958,-0.001500160280633565,-0.0019796595650860395,-0.0017668565159997375
2026-01-18,-0.008891576907973597,-0.0042140185205911,-0.00484752962194066,-0.0032831252566849446,-0.00441158243782877,-0.004278361289009179
2026-01-19,-0.01840720343587432,-0.008396861015508537,-0.00916870424394745,-0.0066405327402515296,-0.008583894198032377,-0.00777974368572646
2026-01-20,-0.04636175295778222,-0.017958647030031933,-0.014797510546122699,-0.014669813907148324,-0.016143100979922696,-0.015173017038262734
2026-01-21,0.015444829596003018,0.005046289064500948,0.005137402189369534,0.006575750334432069,0.008035999385918147,0.008039294858767186
2026-01-22,-0.002273019972890866,-0.0008804205757460545,-0.0010347659082367356,-0.0009941694783464218,-0.001323335826378563,-0.0011657703158138848
2026-01-23,0.0004929896494980657,0.0001445938937338629,0.00016971459063083255,0.00017215612830355847,0.00018551557758624747,0.00017119091726960187
2026-01-24,-0.002848097514195902,-0.0014353664310800243,-0.0015591745980244466,-0.001565107478695514,-0.001385896323139407,-0.0013018734519515734
2026-01-25,-0.030715556626214946,-0.015450511784248227,-0.01681686727651824,-0.017068952981617508,-0.014974823854653945,-0.01486704039481747
2026-01-26,0.021884079856567817,0.00827054483858733,0.010304445899885379,0.009395133583016902,0.010993892792113507,0.009583882675438733
2026-01-27,0.01044773129690868,0.003914535125761553,0.004656697600699663,0.004561781783778655,0.004373590949473592,0.004377870578132776
2026-01-28,-0.0009252849754043391,-0.00040915456731867745,-0.0004598888413952197,-0.0004849808360858815,-0.0005598689750724682,-0.0004945166302770011
2026-01-29,-0.05222591835057566,-0.02451092439546628,-0.026931607942970504,-0.028364826716212536,-0.02527703903998911,-0.024724644419363468
2026-01-30,-0.00595552431638946,-0.0021023255976291163,-0.0021623454874258345,-0.002569589323407682,-0.0025888711055628497,-0.002564230819368289
2026-01-31,-0.06325679771966441,-0.025981036372561123,-0.028442143505585802,-0.030857501584949102,-0.03192523450515115,-0.029633190635621184
2026-02-01,-0.02276084916517984,-0.006460830132609085,-0.005141892112713921,-0.008666841064018342,-0.01022217205312277,-0.012018706179333162
2026-02-02,0.023475812328796364,0.007656846095142183,0.007587789864678858,0.009121425632146888,0.011087006565670623,0.009923260861418069
2026-02-03,-0.03851583670345815,-0.013673941326758763,-0.015222369568115733,-0.014918937219582333,-0.01669929576193477,-0.015016546860999685
2026-02-04,-0.03421526813164921,-0.011404358318144127,-0.011674336623522692,-0.012476623613887848,-0.013836213398922324,-0.012994422027083175
2026-02-05,-0.1313424703680951,-0.04373038510350206,-0.044694290098187164,-0.047803496271432495,-0.06551835918449896,-0.05899997458106674
2026-02-06,0.1126552464204198,0.028268342297390506,0.018261659735258742,0.018799978580636974,0.05427986683357238,0.05979309783095371
2026-02-07,-0.02096938490277167,-0.0052777014608586335,-0.0034334891771304965,-0.00293782599328569,-0.00048196616118955407,-0.0040875383302109445
2026-02-08,0.019609702878775837,0.00613385993356729,0.005739370453935854,0.004101990449694017,0.003927533230160419,0.0056818869598110975
2026-02-09,-0.003948911476653105,-0.0014408686084282872,-0.0016400476165354255,-0.001061577913514565,-0.0013868642264869458,-0.00124468962646209
2026-02-10,-0.02214148411876049,-0.009621150007107391,-0.010618784052847828,-0.007426652957030731,-0.007761867386660218,-0.006421827411957652
2026-02-11,-0.02473586220284807,-0.00946706704065383,-0.011345293903884423,-0.007160976077343863,-0.010717622366669035,-0.007673514398610184
2026-02-12,-0.011467017918819433,-0.00422722613170166,-0.0049427478777193026,-0.0031380910072531937,-0.005684673851984778,-0.004125230454468688
2026-02-13,0.039855561800635986,0.016039137421967217,0.018386589222267498,0.01233358574935576,0.019330987879200654,0.014078281469358913
2026-02-14,0.013610608673616742,0.004773423911508167,0.005307051495173894,0.003396066188139276,0.005326094935645566,0.004118350473073252
2026-02-15,-0.01673569192684843,-0.006483217941984817,-0.007505886849516809,-0.0050026073852190225,-0.008599606292342457,-0.006319874048250366
2026-02-16,0.0017117604708194456,0.0006604956981989448,0.0007681355250937495,0.0005493440545715654,0.000706315634774122,0.0006139679998140349
2026-02-17,-0.01856632361377153,-0.008456579084373634,-0.009348749445262493,-0.009290585057234312,-0.008842015939043487,-0.008017844474812843
2026-02-18,-0.016160173463524052,-0.006458499222132961,-0.0077657940135831514,-0.007280145021341265,-0.008430611725876162,-0.0073915925326610305
2026-02-19,0.008310325032444998,0.0032532677933837266,0.0038405664000378073,0.0037934483097080743,0.0029529677320896362,0.003475841885965777
2026-02-20,0.01561213695401964,0.0066464798842807106,0.00760380937145874,0.007808100941186921,0.007448307764578292,0.007223746356021461
2026-02-21,0.0006378378384082062,0.00022916394323314263,0.00029880125972410595,0.0002538496402881704,0.0002950126548198807,0.00029573461730800546
2026-02-22,-0.006919127669358427,-0.0032506838987369155,-0.0035642908689438794,-0.0037989978264399682,-0.003358430840263249,-0.003299531296109764
2026-02-23,-0.04234064732235754,-0.02021834428033608,-0.022413802896051882,-0.022820871840440966,-0.02063201709395589,-0.020635574335033532
2026-02-24,-0.008751924873248496,-0.0032730198283846337,-0.003720800506848586,-0.004037203547639269,-0.003944012405537422,-0.0035799057327556144
2026-02-25,0.06105025104721773,0.025221196200755486,0.028443750658747092,0.030515716623494955,0.028573661859815757,0.029310790364913665
2026-02-26,-0.007631818469471474,-0.0024314736551169173,-0.0022723268291078296,-0.0032707083321432988,-0.001874558345655275,-0.00209166396835934
2026-02-27,-0.024513429221970418,-0.009525418735099865,-0.010278425007189607,-0.011369015666761755,-0.008967537780414214,-0.013704638878280485
2026-02-28,0.01672381301971604,0.006092393329059476,0.007052585907506649,0.006835431095380519,0.007627573784923399,0.007212278684591688
2026-03-01,-0.018399198987625542,-0.006997168758135742,-0.008222532194382553,-0.007811713843532715,-0.008353855467333745,-0.007632392503938412
2026-03-02,0.04851562759118644,0.018388978920452742,0.021607915411484407,0.020303808786890806,0.022122621148497498,0.019927806573186147
2026-03-03,-0.007130463644011487,-0.0023994436161185696,-0.0024805216704939844,-0.0027678280525324644,-0.002122409351576324,-0.002244586193830494
2026-03-04,0.06190583585465581,0.02498985651382086,0.027376963742440856,0.02772724043097307,0.025280036568384776,0.028154825840349843
2026-03-05,-0.023119506452739857,-0.00700129731064021,-0.006169205675575944,-0.007794245508979604,-0.00041060464057564723,-0.0015717829428479237
2026-03-06,-0.03889029217649875,-0.01317397754020666,-0.01373966027573957,-0.014494467866576398,-0.01811613845433579,-0.014138595487682135
2026-03-07,-0.013354777634458248,-0.004345506036310134,-0.004296909562837306,-0.004699417408841555,-0.005584000530502093,-0.004573411660124075
2026-03-08,-0.016531915614765746,-0.006248491270720387,-0.006964059786683336,-0.0068236187811592025,-0.007636555909916382,-0.006636581817504397
2026-03-09,0.035132112005205274,0.013467576264398033,0.015613184437415608,0.014213295890035942,0.016980346465489998,0.014382412110068382
2026-03-10,0.019893688355599126,0.007084546730265121,0.007977173325680011,0.00751013453675653,0.008107737465925795,0.007256629859688758
2026-03-11,0.005819729302708465,0.002141940041285294,0.0024814761735030893,0.0022441207740184076,0.002132785183568641,0.0020973312677659115
2026-03-12,0.0034073536780789837,0.0014012254156030566,0.001591517005292716,0.001494004590623821,0.0013584906692814356,0.0013132498547791913
2026-03-13,0.0055559445974013855,0.0025861804115346657,0.0028588962675760803,0.0027522774271615696,0.0025682792985404195,0.0024879009100844908
2026-03-14,0.0029071563789073718,0.001394561373194814,0.0015419179461566988,0.0014731277763531734,0.0014183788807317938,0.0013567848840912147
2026-03-15,0.022153669705013534,0.010991162382211591,0.012038072213140868,0.011679863228700873,0.010755352496708821,0.01068526599335344
2026-03-16,0.027668160863639102,0.010778958877643232,0.013592788808020652,0.01197293760461082,0.012868444295012731,0.011938382554853945
2026-03-17,-0.008537341500360784,-0.00319416644504618,-0.0038174888647111624,-0.0038477101654495376,-0.004345935873713427,-0.0038409696525662333
2026-03-18,-0.038226590203401134,-0.01609639274223661,-0.01823267956020176,-0.019269184273063497,-0.01816515307022442,-0.01793256487630696
2026-03-19,-0.018315517323902908,-0.00653325008217213,-0.007256254047680539,-0.00804842685095939,-0.006510416366039181,-0.007057869407287213
2026-03-20,0.008027500278967814,0.0029574775402581585,0.0033815914512012398,0.003608769201772624,0.003208658162622194,0.00343023878936599
2026-03-21,-0.011390297693709694,-0.0048221271131284665,-0.005466573723585368,-0.005788890787801156,-0.005364270677672044,-0.005394682762014982
2026-03-22,-0.024231779035000067,-0.010418381313300938,-0.011951228659433814,-0.012113755080399866,-0.011830948442900982,-0.011416968153593594
2026-03-23,0.03981374715376651,0.014978341121800666,0.018043113813652967,0.017366319778979428,0.010053393062731234,0.015912648538648797
2026-03-24,-0.0016428468639348992,-0.0006020389799545206,-0.0006994982997617129,-0.0007114934356913076,-0.0009632913631293348,-0.0007763905258549518
2026-03-25,0.00950684750202635,0.004014639860897275,0.004413059764721739,0.004740760072285389,0.004788494364210567,0.004438705096961199
2026-03-26,-0.03589055824065546,-0.01586823859638189,-0.018100623341409525,-0.017774833962611494,-0.01379602074607774,-0.015712063856101254
2026-03-27,-0.036505992918441144,-0.013359953978188042,-0.015424834955769212,-0.015452204293362842,-0.017932175633099855,-0.016161937359853325
2026-03-28,0.002067548510537698,0.0006840997170980759,0.0006902821232543343,0.0008310064696939758,0.0008161366784147323,0.0008096933328410696
2026-03-29,-0.005792221837321865,-0.0025424779672553496,-0.0028050123907770955,-0.0029673969676914805,-0.0029423802187203254,-0.0027408587902165047
2026-03-30,0.01037613017220873,0.0048174951705727736,0.005307159867423094,0.00542032133676578,0.004911836733496155,0.004781840358216518
2026-03-31,0.02345997197738492,0.010499260512750193,0.012109144967046279,0.011507902611155016,0.011885988844273445,0.011061205345050834
2026-04-01,-0.001437388186614097,-0.000616470853557499,-0.0007228369591921712,-0.0006765208787557151,-0.0007216006668306051,-0.0006586967745235387
2026-04-02,-0.017741563074555877,-0.008011895081790956,-0.008896285077687563,-0.00930465706495825,-0.007776760399503421,-0.007939895053269566
2026-04-03,-0.0002477384632928459,-0.0001478235113221909,-0.00013850344892661626,-0.0001789360543409865,-0.0001678256312632103,-0.00011203789070804034
2026-04-04,0.006030470614468708,0.0027128703594932677,0.0030444987658995873,0.0031564368995177696,0.0028970912096854384,0.002831758610521309
2026-04-05,0.02417225667434275,0.011472619136994402,0.01275699648630928,0.012988970726185642,0.011819580858638908,0.011797095614983788
2026-04-06,-0.0025955904630046156,-0.001093170393606309,-0.0012966894777644952,-0.0012487628860072663,-0.0013204777597323018,-0.00122066562216634
2026-04-07,0.04821167584235608,0.02152525213398082,0.02412638551228946,0.024858056753260145,0.023286642304482155,0.02352371281227058
2026-04-08,-0.013490213491683334,-0.0048132629484799495,-0.005276033628957486,-0.006062727275375068,-0.005881294784850106,-0.005384454057953675
2026-04-09,0.009898302519035118,0.003785310986105286,0.0042921342515389,0.004599343821979972,0.004063341458294119,0.004419584410965606
2026-04-10,0.016108263100210296,0.006701025027579011,0.007673510781397159,0.007928729428589217,0.006741694777066864,0.007434801904509307
2026-04-11,0.0023858828434202284,0.0009241681098999196,0.0011284300044716003,0.0010607014560297238,0.0009640266879121683,0.001014966865492412
2026-04-12,-0.033284587905349494,-0.015210276877547821,-0.016882154312554704,-0.017932851910084657,-0.015767058148767683,-0.015772285057830505
2026-04-13,0.05584431262564338,0.020599095335814898,0.024396472511103506,0.02395039116981855,0.0263965971555365,0.023314211963269903
2026-04-14,-0.006153293995863285,-0.00195806869065205,-0.0018865616611281547,-0.002497729180126544,-0.0012180272505410597,-0.0013661418750287018
2026-04-15,0.007933510323036463,0.003036087482204977,0.0032130963477807325,0.0035781459723702885,0.0022723926095077774,0.004637804755254497
2026-04-16,0.004464563804732924,0.0019057304416107233,0.002119088895150414,0.002136970066683528,0.001737472028012715,0.0020516530265645345
2026-04-17,0.02688217878615129,0.01268671418125519,0.014029469332823038,0.013868823329753487,0.013090717001863712,0.01251516277579395
2026-04-18,-0.017148759381694023,-0.00667694254871489,-0.008199530081830095,-0.007319464483797934,-0.008846886071474472,-0.00742635009691088
2026-04-19,-0.024895214036211533,-0.009576320970266793,-0.011358574011579732,-0.010859670891000154,-0.011392969321651158,-0.010420682269876799
2026-04-20,0.025829591370394978,0.0094802300250596,0.01105361515421052,0.010764954110880133,0.01281996934402541,0.011413821450799007
2026-04-21,0.003868644469170901,0.0014131676532148283,0.001639052268771458,0.0015942685076015437,0.0010657660512663574,0.0014073335557038232
2026-04-22,0.029041824012350004,0.012960403544692285,0.01426694748342556,0.0070759199857160044,0.01763478688298514,0.010716310425496298
2026-04-23,-0.0010733011493320177,-0.000478157068207834,-0.0005294768183196462,-0.0004155567321064974,-0.0009292376018892668,-0.00039231468556404715
2026-04-24,-0.010090467870187414,-0.004695479100270305,-0.005223575197122126,-0.0020139973696259583,-0.006446400974154857,-0.003795813455001955
2026-04-25,0.002329962007876052,0.0010853976337096513,0.0012438450529922156,0.0004275601966980486,0.0015120850743385846,0.000863017900122052
2026-04-26,0.01177539803711869,0.005843283815319364,0.006618085962321677,0.0012174286237754007,0.006493850227640333,0.00471447224380997
2026-04-27,-0.01632921094539297,-0.007695455802814191,-0.009521945383619158,-0.003322352155948363,-0.011677651537954054,-0.0061635988570799775
2026-04-28,-0.012436087127980389,-0.005474907766092764,-0.007003661632376505,-0.0030800486775092208,-0.009536611077858201,-0.005361588905572861
2026-04-29,-0.006560295955005957,-0.0029373803374004854,-0.0035695159974457762,-0.0014430727824897892,-0.004929404866299797,-0.002547377153561465
2026-04-30,0.006657513160147177,0.0031594922283283825,0.0036513107593310118,0.0006712533567983035,0.004364831855632318,0.0024597103528825885
2026-05-01,0.024024074427117403,0.011749486293304547,0.013625892396145775,0.0011162026873644715,0.016140849142710648,0.008550636600301104
2026-05-02,0.007421929150594586,0.002995582822639143,0.004238344370961866,0.0015521267559704063,0.005754483102387871,0.0026610511559909305
2026-05-03,-0.0008050234873919759,-0.00040013032426388956,-0.00046629184502432647,-0.00021835404667203243,-0.0006548604812686785,-0.0002897142021354458
2026-05-04,0.01496435980874522,0.0073251370951230715,0.008278680449528402,-8.03745184230472e-05,0.009196649078797687,0.005251324648912843
2026-05-05,0.013913330344598629,0.006184541953508082,0.008021366986661,0.0017344205647515391,0.008966832396162876,0.004807542399072908
2026-05-06,0.005286415353014995,0.002304446159020006,0.0029150673869165634,0.0007829262694313622,0.003586026772217908,0.0018663340972615735
2026-05-07,-0.016906874167666675,-0.008057338736652694,-0.009318856558023201,-0.0007916579034871515,-0.01112734917089202,-0.005977664377098549
2026-05-08,0.002383997354447054,0.0010001516569765783,0.0013203080711932966,0.0002696909259922866,0.0016023054381650952,0.0008456643939322521
2026-05-09,0.006035659932934756,0.0028559479305283095,0.003317272522100637,-5.5438983878368866e-05,0.003625488098373692,0.0021824816060041262
2026-05-10,0.01975055539711179,0.009712176553067662,0.011204776135186847,0.00010625445672565818,0.01220669686021038,0.0072135344011951315
2026-05-11,-0.006589597604740871,-0.0028671919833525234,-0.003834534524187329,-0.0015216169241134543,-0.005653207290010847,-0.002533766037713781
2026-05-12,-0.014552808900707093,-0.00680703674656456,-0.007978293191691568,-0.0007132307244828768,-0.010477095806331726,-0.0052365137912103515
2026-05-13,-0.01532000493330965,-0.00685602329252978,-0.00845963203826865,-0.0018811635060157104,-0.011839179175419592,-0.006009270480966057
2026-05-14,0.023759247142316253,0.010307592183996264,0.012771085368633493,0.003713399845010212,0.01855886550976665,0.009191332453176479
2026-05-15,-0.02602267954767956,-0.010495005846974098,-0.01334012761841251,-0.005825832929563048,-0.021835095059839427,-0.009601936269376235
2026-05-16,-0.011369598812860038,-0.004412573367581875,-0.005028482761965057,-0.002817215025089002,-0.00921467764171349,-0.0041483721588400305
2026-05-17,-0.008530703812376639,-0.0036649438764434048,-0.004063903557392174,-0.0017186649902138074,-0.006176151841240497,-0.0031229885587141753
2026-05-18,-0.006732921531042213,-0.003150854295505635,-0.003559328745597806,-0.0009759033720321327,-0.004542859242747001,-0.00251526513429142
2026-05-19,-0.002188350109681547,-0.0010920741196145888,-0.001244602231467664,-0.00024855512622558697,-0.0014240567574062366,-0.000792013362968611
2026-05-20,0.007821001310262199,0.003944170410338793,0.004433526940501451,0.0003153594288074743,0.004737819554600917,0.0028306796373526186
2026-05-21,0.00241852969085965,0.0011821138249841045,0.0013940365742342795,0.0001548733433864371,0.001553680742599704,0.000875649653565905
2026-05-22,-0.026133552891237644,-0.013242216395918452,-0.015037811861218177,-0.0008254737802833786,-0.016365280592764868,-0.009521324188154342
2026-05-23,0.013925602494868627,0.005659628433938945,0.007992570224168051,0.003300683538574172,0.011195302480571087,0.005324356842610239
