time,xi0,pstay0,xi1,pstay1,h,m,logscore,window
2018-01-31,0.10291621050818042,0.9303528449150017,0.8970837894918194,0.8970837907940882,0.0030591755330023652,0.0013399618169141643,2.1219491291401584,0
2018-02-01,0.3254235949085562,0.9303528449150017,0.6745764050914439,0.8970837907940882,0.0023701279185060708,0.001512611914157626,-0.16834295523157294,0
2018-02-02,0.10291621651103114,0.9303528449150017,0.8970837834889688,0.8970837907940882,0.0030591755144138985,0.0013399618215719548,1.7697168973382709,0
2018-02-03,0.16873766091454995,0.9303528449150017,0.83126233908545,0.8970837907940882,0.002855349795292387,0.0013910346379083524,1.6115762339842872,0
2018-02-04,0.16404919528892808,0.9303528449150017,0.8359508047110717,0.8970837907940882,0.002869868486652232,0.0013873967179877725,0.1834985918878911,0
2018-02-05,0.10291622289296468,0.9303528449150017,0.8970837771070352,0.8970837907940882,0.003059175494651562,0.0013399618265238868,-3.378182399005078,0
2018-02-06,0.10291620920591177,0.9303528449150017,0.8970837907940882,0.8970837907940882,0.0030591755370349785,0.0013399618159036955,-0.34177577306550083,0
2018-02-07,0.10291620922666397,0.9303528449150017,0.8970837907733359,0.8970837907940882,0.0030591755369707174,0.0013399618159197976,2.001569857461563,0
2018-02-08,0.2678196323034233,0.9303528449150017,0.7321803676965767,0.8970837907940882,0.0025485181578458267,0.001467915286348234,0.8095216641764986,0
2018-02-09,0.10309460238907771,0.9303528449150017,0.8969053976109224,0.8970837907940882,0.0030586231235303967,0.0013401002364801821,1.4372762062135311,0
2018-02-10,0.1082148225698692,0.9303528449150017,0.8917851774301307,0.8970837907940882,0.0030427677997001707,0.0013440731676011145,2.002235962358566,0
2018-02-11,0.27310889461181137,0.9303528449150017,0.7268911053881886,0.8970837907940882,0.002532138326843181,0.0014720193822835227,1.1954441661127448,0
2018-02-12,0.11162050959697095,0.9303528449150017,0.8883794904030291,0.8970837907940882,0.003032221698500625,0.0013467157414554362,0.49467006327154694,0
2018-02-13,0.10291644816252972,0.9303528449150017,0.8970835518374701,0.8970837907940882,0.0030591747970803687,0.0013399620013172422,1.5263157054209358,0
2018-02-14,0.11298168387319846,0.9303528449150017,0.8870183161268015,0.8970837907940882,0.0030280066620461607,0.0013477719170596268,0.21457891057960216,0
2018-02-15,0.10291622072030036,0.9303528449150017,0.8970837792796995,0.8970837907940882,0.0030591755013794483,0.001339961824838052,1.2101341923317308,0
2018-02-16,0.1033952604903101,0.9303528449150017,0.8966047395096899,0.8970837907940882,0.003057692103589472,0.0013403335260429292,2.130048160695645,0
2018-02-17,0.329433945284867,0.9303528449150017,0.6705660547151329,0.8970837907940882,0.0023577083574078,0.0015157236642881497,0.5058299463799836,0
2018-02-18,0.1029390068639709,0.9303528449150017,0.897060993136029,0.8970837907940882,0.00305910494165919,0.0013399795052846184,1.2838653150847639,0
2018-02-19,0.10367996163883096,0.9303528449150017,0.896320038361169,0.8970837907940882,0.003056810495957556,0.001340554434131485,1.2409076331186821,0
2018-02-20,0.10359570153932983,0.9303528449150017,0.89640429846067,0.8970837907940882,0.0030570714164001567,0.0013404890542142664,2.1190731079516754,0
2018-02-21,0.3248195884901273,0.9303528449150017,0.6751804115098726,0.8970837907940882,0.002371998450301068,0.0015121432476135539,0.7271680389006903,0
2018-02-22,0.10307007951887194,0.9303528449150017,0.8969299204811281,0.8970837907940882,0.0030586990612138753,0.001340081208455844,1.3142742470035416,0
2018-02-23,0.10398787822954343,0.9303528449150017,0.8960121217704566,0.8970837907940882,0.0030558569991098817,0.0013407933557720978,1.8363348469752412,0
2018-02-24,0.20085577217745781,0.9303528449150017,0.799144227822542,0.8970837907940882,0.0027558894774223613,0.0014159560356757155,1.363657276565407,0
2018-02-25,0.11544636304765625,0.9303528449150017,0.8845536369523437,0.8970837907940882,0.003020374487035231,0.0013496843349341653,2.107484710641314,0
2018-02-26,0.32852431076542066,0.9303528449150017,0.6714756892345792,0.8970837907940882,0.0023605253851588497,0.0015150178518106823,0.8037445734810718,0
2018-02-27,0.10348849024019725,0.9303528449150017,0.8965115097598026,0.8970837907940882,0.003057403407683644,0.0013404058657786524,1.7557517741192463,0
2018-02-28,0.1696429972058056,0.9303528449150017,0.8303570027941943,0.8970837907940882,0.0028525462528257313,0.001391737115262731,1.6547904258157284,0
2018-03-01,0.17362696388697624,0.9303528449150017,0.8263730361130237,0.8970837907940882,0.002840209146159776,0.0013948283934995072,1.2616829026422134,0
2018-03-02,0.10650567695081237,0.9303528449150017,0.8934943230491876,0.8970837907940882,0.0030480603602305012,0.0013427469906828581,2.1349390454768615,0
2018-03-03,0.33457007033771763,0.9303528449150017,0.6654299296622823,0.8970837907940882,0.002341802382531879,0.0015197089364723465,1.5542457985770624,0
2018-03-04,0.2670294750851273,0.9303528449150017,0.7329705249148726,0.8970837907940882,0.0025509651203236296,0.0014673021798621544,2.430973853147026,0
2018-03-05,0.5644179135660686,0.9303528449150017,0.4355820864339314,0.8970837907940882,0.0016299581422868626,0.001698054714036157,2.7653468183599283,0
2018-03-06,0.7753090748894564,0.9303528449150017,0.22469092511054353,0.8970837907940882,0.000976767236123723,0.0018616914383111284,-0.4911367885244544,0
2018-03-07,0.10321142523447555,0.9303528449150017,0.8967885747655244,0.8970837907940882,0.0030582613691180335,0.0013401908828004042,0.9509364903274201,0
2018-03-08,0.10293508127469782,0.9303528449150017,0.897064918725302,0.8970837907940882,0.003059117097664435,0.0013399764593031488,1.2709360172533282,0
2018-03-09,0.10357806110756333,0.9303528449150017,0.8964219388924366,0.8970837907940882,0.0030571260418895668,0.0013404753664786073,2.120041851867078,0
2018-03-10,0.3235234957849212,0.9303528449150017,0.6764765042150789,0.8970837907940882,0.0023760122846657613,0.0015111375707359373,1.0851857287511772,0
2018-03-11,0.11027054137920496,0.9303528449150017,0.889729458620795,0.8970837907940882,0.0030364020318717645,0.0013456682609652897,0.9035661169054988,0
2018-03-12,0.10293637540558977,0.9303528449150017,0.8970636245944102,0.8970837907940882,0.0030591130902503107,0.0013399774634577973,1.5997440891417074,0
2018-03-13,0.12276324495964178,0.9303528449150017,0.8772367550403581,0.8970837907940882,0.0029977168405273405,0.0013553617212241867,2.190768123246088,0
2018-03-14,0.373165385354705,0.9303528449150017,0.6268346146452949,0.8970837907940882,0.0022222762175866492,0.001549656189273785,-0.3102906289483161,0
2018-03-15,0.10291621341343184,0.9303528449150017,0.8970837865865681,0.8970837907940882,0.0030591755240059445,0.0013399618191684353,2.144144400810201,0
2018-03-16,0.3350519429254314,0.9303528449150017,0.6649480570745686,0.8970837907940882,0.0023403100782040005,0.0015200828357447324,2.389506320856303,0
2018-03-17,0.5911338615255413,0.9303528449150017,0.4088661384744587,0.8970837907940882,0.001547214088913314,0.0017187844126283372,0.46686614007089033,0
2018-03-18,0.10917082381684518,0.9303528449150017,0.8908291761831548,0.8970837907940882,0.0030398074334024713,0.0013448149574014849,1.657239913308041,0
2018-03-19,0.14257174939818107,0.9303528449150017,0.8574282506018188,0.8970837907940882,0.002936376987866287,0.0013707317289512453,1.5755075220337038,0
2018-03-20,0.13861064458219413,0.9303528449150017,0.8613893554178058,0.8970837907940882,0.002948643150371272,0.0013676581899156098,1.5870462372919256,0
2018-03-21,0.13959874141491552,0.9303528449150017,0.8604012585850844,0.8970837907940882,0.002945583360267733,0.0013684248836355285,2.2121883855658333,0
2018-03-22,0.3961775492091314,0.9303528449150017,0.6038224507908686,0.8970837907940882,0.0021510087947157266,0.0015675120116230342,2.094117318949446,0
2018-03-23,0.5333090830006335,0.9303528449150017,0.46669091699936655,0.8970837907940882,0.0017263066531574159,0.0016739164471794117,2.7306391993119985,0
2018-03-24,0.7584263436823422,0.9303528449150017,0.24157365631765787,0.8970837907940882,0.0010290599083485521,0.001848591625051005,2.311348476694475,0
2018-03-25,0.8019795142962994,0.9303528449150017,0.1980204857037005,0.8970837907940882,0.0008941573588575922,0.0018823858254638343,2.2324794206255207,0
2018-03-26,0.8175119214340149,0.9303528449150017,0.1824880785659852,0.8970837907940882,0.0008460463864986644,0.0018944378821179463,1.2245668481512473,0
2018-03-27,0.6728847207588836,0.9303528449150017,0.3271152792411164,0.8970837907940882,0.001294011765794356,0.001782217335694729,0.8053125362535908,0
2018-03-28,0.298659009882571,0.9303528449150017,0.7013409901174289,0.8970837907940882,0.00245301404541223,0.0014918444766190025,2.364642881297386,0
2018-03-29,0.5625825541236399,0.9303528449150017,0.4374174458763603,0.8970837907940882,0.0016356425461126456,0.0016966306040585672,-0.7266770716207914,0
2018-03-30,0.10291621405193292,0.9303528449150017,0.897083785948067,0.8970837907940882,0.0030591755220287582,0.0013399618196638676,1.5926233301331847,0
2018-03-31,0.12156209019521953,0.9303528449150017,0.8784379098047804,0.8970837907940882,0.003001436371980987,0.0013544297095184144,2.108098908272941,0
2018-04-01,0.33677416482848793,0.9303528449150017,0.663225835171512,0.8970837907940882,0.002334976551528477,0.0015214191589406514,2.1389118881532383,0
2018-04-02,0.508402378302337,0.9303528449150017,0.491597621697663,0.8970837907940882,0.0018034454505317964,0.0016545905942430548,1.6263338803098155,0
2018-04-03,0.4576281356181668,0.9303528449150017,0.5423718643818332,0.8970837907940882,0.0019606965378727134,0.0016151933492459566,0.9460518414278296,0
2018-04-04,0.13345710348377432,0.9303528449150017,0.8665428965162257,0.8970837907940882,0.002964601844600049,0.0013636594041036777,0.5440687737122429,0
2018-04-05,0.10291660707190836,0.9303528449150017,0.8970833929280916,0.8970837907940882,0.0030591743050005587,0.0013399621246197554,2.1523150781806866,0
2018-04-06,0.33838651436499867,0.9303528449150017,0.6616134856350012,0.8970837907940882,0.002329983283922929,0.0015226702288996068,1.7245655407227662,0
2018-04-07,0.3404254797250311,0.9303528449150017,0.6595745202749689,0.8970837907940882,0.002323668829967615,0.0015242523227641963,1.4202573971167007,0
2018-04-08,0.21295055205279687,0.9303528449150017,0.7870494479472031,0.8970837907940882,0.0027184351893533806,0.0014253407350970084,2.1341120011824106,0
2018-04-09,0.42224961785619214,0.9303528449150017,0.5777503821438078,0.8970837907940882,0.0020702642422436614,0.0015877421051068243,1.2646018904248684,0
2018-04-10,0.207917478409466,0.9303528449150017,0.792082521590534,0.8970837907940882,0.0027340212893788014,0.0014214354235663538,2.254331185191754,0
2018-04-11,0.4659046580041319,0.9303528449150017,0.5340953419958681,0.8970837907940882,0.001935063828776884,0.001621615349120816,2.332753150846319,0
2018-04-12,0.6488496750167553,0.9303528449150017,0.35115032498324467,0.8970837907940882,0.0013684549918673004,0.0017635678288668447,-1.5514747259225408,0
2018-04-13,0.10291620922293485,0.9303528449150017,0.897083790777065,0.8970837907940882,0.003059175536982265,0.0013399618159169041,2.1526411153451455,0
2018-04-14,0.3384457940812367,0.9303528449150017,0.6615542059187633,0.8970837907940882,0.0023297997011598563,0.0015227162257944993,2.4395817650114964,0
2018-04-15,0.6072571995442904,0.9303528449150017,0.39274280045570964,0.8970837907940882,0.0014972768209725008,0.0017312949901281713,1.1273534272837225,0
2018-04-16,0.3590916868557518,0.9303528449150017,0.6409083131442482,0.8970837907940882,0.0022658613839919455,0.0015387359880365658,1.4415891563025787,0
2018-04-17,0.22952182686570916,0.9303528449150017,0.7704781731342907,0.8970837907940882,0.0026671181115695652,0.0014381988800777129,1.9810749893503725,0
2018-04-18,0.36581717704912875,0.9303528449150017,0.6341828229508714,0.8970837907940882,0.002245033085694676,0.0015439544959032852,1.623626002073934,0
2018-04-19,0.3259780402895644,0.9303528449150017,0.6740219597104357,0.8970837907940882,0.0023684108706143675,0.0015130421248187472,2.3695794701801027,0
2018-04-20,0.5800643798007621,0.9303528449150017,0.41993562019923786,0.8970837907940882,0.0015814983514032645,0.0017101952725358948,0.4395014538405393,0
2018-04-21,0.10769528704005288,0.9303528449150017,0.8923047129599471,0.8970837907940882,0.0030443765999361087,0.0013436700445318018,2.1615940946886223,0
2018-04-22,0.3469983636985706,0.9303528449150017,0.6530016363014293,0.8970837907940882,0.002303313289110642,0.0015293524189262165,2.447559688668826,0
2018-04-23,0.6128124196809316,0.9303528449150017,0.3871875803190685,0.8970837907940882,0.0014800710981155724,0.0017356054506523677,2.6087095634621624,0
2018-04-24,0.7726706580193915,0.9303528449150017,0.22732934198060845,0.8970837907940882,0.0009849395068833634,0.0018596442121913614,-0.41850935663464073,0
2018-04-25,0.10378427192236214,0.9303528449150017,0.8962157280776378,0.8970837907940882,0.0030564874879560723,0.0013406353715828137,0.6858368656817011,0
2018-04-26,0.10291720608508059,0.9303528449150017,0.8970827939149194,0.8970837907940882,0.003059172450092493,0.0013399625894118914,1.551322404264983,0
2018-04-27,0.11854763528224285,0.9303528449150017,0.881452364717757,0.8970837907940882,0.003010771014781878,0.0013520907042972438,1.7199710119754896,0
2018-04-28,0.162336372301145,0.9303528449150017,0.8376636276988548,0.8970837907940882,0.0028751725497188664,0.0013860676876897512,1.60183985149717,0
2018-04-29,0.15689215074929402,0.9303528449150017,0.8431078492507059,0.8970837907940882,0.0028920315330955206,0.0013818433542687502,2.2414375372532014,0
2018-04-30,0.4229113846267263,0.9303528449150017,0.5770886153732737,0.8970837907940882,0.0020682147562532016,0.0015882555896259702,2.157559661706451,0
2018-05-01,0.5718176170242985,0.9303528449150017,0.4281823829757015,0.8970837907940882,0.0016070400276179033,0.0017037963640271405,2.2908645366374234,0
2018-05-02,0.6096613436544739,0.9420313344381889,0.3903386563455262,0.9260098676771114,0.0013925068327086607,0.002069182633090552,2.6278195776824687,1
2018-05-03,0.7719022313834815,0.9420313344381889,0.2280977686165186,0.9260098676771114,0.0009294834010091159,0.0021180856151881496,0.060398992033953824,1
2018-05-04,0.13378731990913795,0.9420313344381889,0.8662126800908622,0.9260098676771114,0.0027505883280711007,0.0019257437060131752,2.196297378350713,1
2018-05-05,0.35121182341228896,0.9420313344381889,0.648788176587711,0.9260098676771114,0.00213009267048171,0.001991280247086308,2.489774260533489,1
2018-05-06,0.6127684737392787,0.9420313344381889,0.3872315262607213,0.9260098676771114,0.0013836393593710669,0.0020701191906318662,2.111020057355959,1
2018-05-07,0.6745652688543965,0.9420313344381889,0.3254347311456035,0.9260098676771114,0.001207276429485212,0.002088746107727212,1.7093651430421528,1
2018-05-08,0.6230404679613872,0.9420313344381889,0.3769595320386129,0.9260098676771114,0.00135432398756531,0.0020732153962590783,2.4889231353062313,1
2018-05-09,0.7558106606255133,0.9420313344381889,0.24418933937448672,0.9260098676771114,0.000975407761287425,0.0021132352608310315,2.9157844656831022,1
2018-05-10,0.8608057558400524,0.9420313344381889,0.13919424415994758,0.9260098676771114,0.000675757323204612,0.0021448830983982698,1.5936095389029465,1
2018-05-11,0.7901099837689003,0.9420313344381889,0.2098900162310997,0.9260098676771114,0.0008775195308547134,0.002123573833364254,-0.4384989751347932,1
2018-05-12,0.07577290115038082,0.9420313344381889,0.9242270988496193,0.9260098676771114,0.0029161509885680054,0.0019082568805792507,2.1117347076840858,1
2018-05-13,0.2537865530074576,0.9420313344381889,0.7462134469925426,0.9260098676771114,0.002408130275244285,0.0019619141216838196,2.000804893535734,1
2018-05-14,0.36641664891196396,0.9420313344381889,0.633583351088036,0.9260098676771114,0.002086700146101302,0.0019958633168636977,2.5548386266342735,1
2018-05-15,0.6384965812652814,0.9420313344381889,0.3615034187347186,0.9260098676771114,0.0013102135578379297,0.0020778742097232973,2.0846868812538433,1
2018-05-16,0.6867374734535576,0.9420313344381889,0.3132625265464424,0.9260098676771114,0.0011725378849144102,0.0020924150786748768,2.2354764940324854,1
2018-05-17,0.7488362620480981,0.9420313344381889,0.25116373795190194,0.9260098676771114,0.0009953122543053452,0.0021111330232659697,1.1623280780712808,1
2018-05-18,0.5456522437369389,0.9420313344381889,0.4543477562630613,0.9260098676771114,0.0015751827293140142,0.0020498888785311035,2.22790813914156,1
2018-05-19,0.6588350415367968,0.9420313344381889,0.34116495846320327,0.9260098676771114,0.0012521692599444336,0.002084004670253148,2.889588319541974,1
2018-05-20,0.8247658134387333,0.9420313344381889,0.17523418656126669,0.9260098676771114,0.000778613634859945,0.0021340198648279875,1.477571597860933,1
2018-05-21,0.7315023507283116,0.9420313344381889,0.2684976492716883,0.9260098676771114,0.0010447821040723356,0.002105908200061299,2.5790679895333493,1
2018-05-22,0.8206090180758923,0.9420313344381889,0.17939098192410785,0.9260098676771114,0.0007904769194192154,0.0021327669150194785,0.08562687882825082,1
2018-05-23,0.2537323799516958,0.9420313344381889,0.7462676200483043,0.9260098676771114,0.00240828487681594,0.0019618977927299214,1.006688581474623,1
2018-05-24,0.0749933681199834,0.9420313344381889,0.9250066318800166,0.9260098676771114,0.0029183756307111734,0.0019080219121297827,2.113265590477746,1
2018-05-25,0.2535702679973036,0.9420313344381889,0.7464297320026964,0.9260098676771114,0.0024087475194047346,0.0019618489286111753,2.0050191151779724,1
2018-05-26,0.36602135392262064,0.9420313344381889,0.6339786460773793,0.9260098676771114,0.002087828265299383,0.0019957441662349154,2.30254301062672,1
2018-05-27,0.5641634929639883,0.9420313344381889,0.43583650703601173,0.9260098676771114,0.0015223534572855457,0.0020554685773494837,2.8085272450831833,1
2018-05-28,0.7794378149330776,0.9420313344381889,0.22056218506692254,0.9260098676771114,0.0009079772895582396,0.002120357006281845,1.3225679853321142,1
2018-05-29,0.637585025004312,0.9420313344381889,0.36241497499568787,0.9260098676771114,0.0013128150629006523,0.0020775994465601073,0.8211750196496866,1
2018-05-30,0.23005022371960898,0.9420313344381889,0.7699497762803911,0.9260098676771114,0.0024758700583317277,0.0019547594684858833,2.2452996685801265,1
2018-05-31,0.4500380596844228,0.9420313344381889,0.5499619403155772,0.9260098676771114,0.0018480551500152196,0.0020210686545022094,2.501311500370812,1
2018-06-01,0.6695464995905082,0.9420313344381889,0.3304535004094919,0.9260098676771114,0.0012215996067641327,0.0020872333399724287,2.893027693467037,1
2018-06-02,0.828973374200976,0.9420313344381889,0.17102662579902395,0.9260098676771114,0.000766605465210666,0.002135288116447605,2.7463806183860777,1
2018-06-03,0.8761211955263696,0.9420313344381889,0.12387880447363042,0.9260098676771114,0.0006320477024898567,0.0021494995097313227,3.0156569066922065,1
2018-06-04,0.9047191545237333,0.9420313344381889,0.09528084547626664,0.9260098676771114,0.000550430216209965,0.002158119565356338,1.5322537672879912,1
2018-06-05,0.831985286402155,0.9420313344381889,0.16801471359784512,0.9260098676771114,0.0007580096152546821,0.0021361959732185804,2.7034476152491544,1
2018-06-06,0.8747373533056607,0.9420313344381889,0.12526264669433926,0.9260098676771114,0.0006359971317365386,0.0021490823891626887,3.066461369786743,1
2018-06-07,0.905987718004216,0.9420313344381889,0.09401228199578407,0.9260098676771114,0.0005468097808874531,0.002158501938369973,3.1057744326997114,1
2018-06-08,0.9159772630708065,0.9420313344381889,0.08402273692919345,0.9260098676771114,0.0005182999622355767,0.0021615130075917505,3.0053380105040812,1
2018-06-09,0.916519022288346,0.9420313344381889,0.08348097771165405,0.9260098676771114,0.0005167537995104139,0.0021616763057694627,2.9045944201432716,1
2018-06-10,0.914246705479593,0.9420313344381889,0.08575329452040706,0.9260098676771114,0.0005232389154847278,0.0021609913793629687,-2.621192126053946,1
2018-06-11,0.07399014150479949,0.9420313344381889,0.9260098584952006,0.9260098676771114,0.0029212386525378146,0.0019077195174998659,2.041645231771395,1
2018-06-12,0.21962892274563062,0.9420313344381889,0.7803710772543695,0.9260098676771114,0.0025056107941985794,0.0019516182585104093,1.3290547069125527,1
2018-06-13,0.08648418766941912,0.9420313344381889,0.913515812330581,0.9260098676771114,0.002885582959779206,0.0019114854985941973,1.6995131965685688,1
2018-06-14,0.10396985263694147,0.9420313344381889,0.8960301473630586,0.9260098676771114,0.0028356820642158297,0.0019167560636955152,1.4941959128844644,1
2018-06-15,0.08199784212730224,0.9420313344381889,0.9180021578726978,0.9260098676771114,0.0028983861619549965,0.0019101332150927887,1.686937756298055,1
2018-06-16,0.0991773128333608,0.9420313344381889,0.9008226871666393,0.9260098676771114,0.002849359103396675,0.001915311486489996,2.0832619966779213,1
2018-06-17,0.26629215612312995,0.9420313344381889,0.7337078438768702,0.9260098676771114,0.002372441192506318,0.001965683586298109,2.366114621024585,1
2018-06-18,0.5212055795254413,0.9420313344381889,0.4787944204745589,0.9260098676771114,0.0016449509924788405,0.002042520114719371,1.3674324995263525,1
2018-06-19,0.3326152324888087,0.9420313344381889,0.6673847675111914,0.9260098676771114,0.00218316477951032,0.0019856748243982474,2.5370531658196636,1
2018-06-20,0.615694744748666,0.9420313344381889,0.38430525525133397,0.9260098676771114,0.001375288040169689,0.002071001233258653,2.858571972573205,1
2018-06-21,0.8056894125641401,0.9420313344381889,0.19431058743585994,0.9260098676771114,0.0008330566960884181,0.002128269816837526,2.9437235453465256,1
2018-06-22,0.8791678054040873,0.9420313344381889,0.12083219459591268,0.9260098676771114,0.0006233528009531756,0.002150417825147331,-1.9222226422005158,1
2018-06-23,0.07399037569143066,0.9420313344381889,0.9260096243085696,0.9260098676771114,0.0029212379842128277,0.0019077195880888823,2.000017062250831,1
2018-06-24,0.20101165629311346,0.9420313344381889,0.7989883437068865,0.9260098676771114,0.002558741463165498,0.001946006603761858,2.3117997320229455,1
2018-06-25,0.45537552120348157,0.9420313344381889,0.5446244787965185,0.9260098676771114,0.0018328226625585237,0.0020226774831320743,2.4529267689569743,1
2018-06-26,0.6607425517236704,0.9420313344381889,0.33925744827632964,0.9260098676771114,0.0012467253784285094,0.0020845796358972923,1.9217847702146829,1
2018-06-27,0.6657475787683993,0.9420313344381889,0.33425242123160087,0.9260098676771114,0.0012324414283877785,0.0020860882614441105,2.8695365437825,1
2018-06-28,0.8252100546322706,0.9420313344381889,0.17478994536772946,0.9260098676771114,0.0007773457926873587,0.002134153768922317,0.11364056606096362,1
2018-06-29,0.28054201209846513,0.9420313344381889,0.719457987901535,0.9260098676771114,0.002331774243668028,0.0019699788071971657,1.1012281412192326,1
2018-06-30,0.07878457698726081,0.9420313344381889,0.9212154230127392,0.9260098676771114,0.0029075562253755615,0.0019091646661048125,1.919373007372391,1
2018-07-01,0.17168963036388857,0.9420313344381889,0.8283103696361114,0.9260098676771114,0.0026424216575371313,0.001937168298392885,2.287681017743817,1
2018-07-02,0.423219674792026,0.9420313344381889,0.5767803252079742,0.9260098676771114,0.0019245915881384752,0.0020129850017643744,1.4668453314282686,1
2018-07-03,0.2742649053340078,0.9420313344381889,0.7257350946659922,0.9260098676771114,0.002349688168193126,0.001968086748764647,2.119424686357556,1
2018-07-04,0.4319426195289,0.9420313344381889,0.5680573804711,0.9260098676771114,0.0018996973695574527,0.0020156142897094585,2.529196304494713,1
2018-07-05,0.6667120431743497,0.9420313344381889,0.33328795682565016,0.9260098676771114,0.0012296889229795936,0.0020863789722891882,2.783288891195771,1
2018-07-06,0.8160121072555312,0.9420313344381889,0.1839878927444688,0.9260098676771114,0.0008035962676665984,0.0021313813047044764,2.942588849826927,1
2018-07-07,0.8825738813296172,0.9420313344381889,0.11742611867038283,0.9260098676771114,0.0006136319958382318,0.002151444491558868,2.4880102334563787,1
2018-07-08,0.8850583470535803,0.9420313344381889,0.11494165294641973,0.9260098676771114,0.0006065414282248439,0.0021521933643277595,3.003038593588988,1
2018-07-09,0.9069888631524031,0.9420313344381889,0.09301113684759685,0.9260098676771114,0.0005439525478241334,0.0021588037055998263,2.9863373482632465,1
2018-07-10,0.9132800720782486,0.9420313344381889,0.08671992792175134,0.9260098676771114,0.0005259976545134759,0.0021607000147348373,-0.8310879321253872,1
2018-07-11,0.20354472360838294,0.9420313344381889,0.7964552763916172,0.9260098676771114,0.0025515125022207204,0.0019467701261223715,2.288054178311436,1
2018-07-12,0.44840258620982343,0.9420313344381889,0.5515974137901767,0.9260098676771114,0.0018527225979337485,0.0020205756867234395,1.4064699661618034,1
2018-07-13,0.26795819689617356,0.9420313344381889,0.7320418031038266,0.9260098676771114,0.0023676865642592608,0.001966185767734851,2.4172150138794617,1
2018-07-14,0.5405484881709547,0.9420313344381889,0.45945151182904537,0.9260098676771114,0.0015897483312974584,0.002048350494030331,2.7450540889011474,1
2018-07-15,0.7602786653375483,0.9420313344381889,0.2397213346624517,0.9260098676771114,0.0009626563534056834,0.0021145820160017106,2.7343028225827912,1
2018-07-16,0.8481928343354115,0.9420313344381889,0.15180716566458846,0.9260098676771114,0.0007117540386891962,0.0021410812856544306,-0.22039116177111406,1
2018-07-17,0.20379956636696006,0.9420313344381889,0.7962004336330402,0.9260098676771114,0.0025507852224910354,0.0019468469413508561,0.5805120724538573,1
2018-07-18,0.07399600990789229,0.9420313344381889,0.9260039900921078,0.9260098676771114,0.00292122190520939,0.001907721286365997,2.1098490221699477,1
2018-07-19,0.25082318692468614,0.9420313344381889,0.749176813075314,0.9260098676771114,0.00241658726562284,0.001961020897783711,2.3269301916810075,1
2018-07-20,0.49733804021462896,0.9420313344381889,0.5026619597853711,0.9260098676771114,0.0017130663880222312,0.0020353259119264226,2.1629605214682934,1
2018-07-21,0.6082315329433821,0.9420313344381889,0.39176846705661794,0.9260098676771114,0.0013965873849163559,0.0020687516566049923,2.726346185266301,1
2018-07-22,0.7855894601396761,0.9420313344381889,0.21441053986032393,0.9260098676771114,0.000890420848946144,0.0021222112478335277,2.9883798585432753,1
2018-07-23,0.8753308950804823,0.9420313344381889,0.12466910491951763,0.9260098676771114,0.0006343031877662276,0.00214926129574533,0.6523695444051185,1
2018-07-24,0.6309190435829315,0.9420313344381889,0.3690809564170685,0.9260098676771114,0.0013318392098182895,0.0020755901727286105,-0.12552764210137157,1
2018-07-25,0.07406457891368311,0.9420313344381889,0.925935421086317,0.9260098676771114,0.0029210262220492043,0.0019077419545767643,1.871540011889035,1
2018-07-26,0.14645204247152438,0.9420313344381889,0.8535479575284757,0.9260098676771114,0.002714445418689104,0.0019295611327383904,1.6309371600734859,1
2018-07-27,0.11833810280754202,0.9420313344381889,0.881661897192458,0.9260098676771114,0.0027946776597718857,0.0019210869712164374,1.7878383617716629,1
2018-07-28,0.15459995088279938,0.9420313344381889,0.8454000491172007,0.9260098676771114,0.002691192693725052,0.0019320170920514028,2.2743564262285005,1
2018-07-29,0.4039687798914304,0.9420313344381889,0.5960312201085697,0.9260098676771114,0.001979531241340444,0.002007182357425673,2.6235093206706206,1
2018-07-30,0.6748385115099442,0.9420313344381889,0.32516148849005583,0.9260098676771114,0.0012064966160590233,0.0020888284690904887,2.78082687649473,1
2018-07-31,0.8188950268240203,0.9420313344381889,0.18110497317597968,0.9260098676771114,0.0007953685631923394,0.002132250280250777,-0.2280858993570165,1
2018-08-01,0.12856881071626694,0.9262587938585987,0.8714311892837331,0.9105051693649607,0.0027649647375133993,0.0010723422479622078,2.013455830876309,2
2018-08-02,0.265789414041973,0.9262587938585987,0.7342105859580271,0.9105051693649607,0.002373157387992042,0.001293340496078378,2.3595116966983016,2
2018-08-03,0.5167486922888666,0.9262587938585987,0.48325130771113356,0.9105051693649607,0.0016563381894235988,0.001697518582290539,2.2248086706197014,2
2018-08-04,0.6311397754951537,0.9262587938585987,0.36886022450484635,0.9105051693649607,0.0013294926156597608,0.001881749145165237,0.45261170149296204,2
2018-08-05,0.10314594809644262,0.9262587938585987,0.8968540519035575,0.9105051693649607,0.0028375441642069024,0.0010313979002118674,2.180393688233795,2
2018-08-06,0.3228280715065454,0.9262587938585987,0.6771719284934548,0.9105051693649607,0.0022102656034523496,0.0013852031105040603,2.2225834177904455,2
2018-08-07,0.5049867127832416,0.9262587938585987,0.4950132872167583,0.9105051693649607,0.0016899414264259695,0.0016785755314503415,1.5529403294778357,2
2018-08-08,0.39160698962971563,0.9262587938585987,0.6083930103702845,0.9105051693649607,0.002013823374798038,0.0014959737968598653,0.6632615110299369,2
2018-08-09,0.08977636683111749,0.9262587938585987,0.9102236331688826,0.9105051693649607,0.002875711476743589,0.0010098657544110618,1.5703080208571323,2
2018-08-10,0.10281840178298579,0.9262587938585987,0.8971815982170142,0.9105051693649607,0.0028384792503856468,0.001030870376212581,1.1298129325112816,2
2018-08-11,0.08961027030929487,0.9262587938585987,0.9103897296907051,0.9105051693649607,0.002876185641174715,0.0010095982505563099,1.8505933736745805,2
2018-08-12,0.17149978494925888,0.9262587938585987,0.8285002150507411,0.9105051693649607,0.002642394000652961,0.0011414839793455903,2.3016024520982565,2
2018-08-13,0.43162089961678096,0.9262587938585987,0.5683791003832189,0.9105051693649607,0.0018995267489677068,0.0015604175013262406,2.5324108960085825,2
2018-08-14,0.6600235137002285,0.9262587938585987,0.33997648629977134,0.9105051693649607,0.0012469534037098608,0.0019282673456953452,2.534825757133423,2
2018-08-15,0.7703628837522588,0.9262587938585987,0.22963711624774108,0.9105051693649607,0.0009316037949579987,0.002105972492653932,2.792694330931578,2
2018-08-16,0.844534199255215,0.9262587938585987,0.15546580074478505,0.9105051693649607,0.0007195868868140953,0.0022254278105096463,3.0632679406991294,2
2018-08-17,0.8829598594270109,0.9262587938585987,0.11704014057298898,0.9105051693649607,0.0006097368458584106,0.002287313586951815,0.5928837206366633,2
2018-08-18,0.6331939931613818,0.9262587938585987,0.3668060068386182,0.9105051693649607,0.0013236225521286967,0.001885057529580427,1.8086445684579278,2
2018-08-19,0.6047544676225568,0.9262587938585987,0.3952455323774431,0.9105051693649607,0.0014048884404521983,0.001839254748008208,2.6444609643455794,2
2018-08-20,0.763444368694414,0.9262587938585987,0.23655563130558596,0.9105051693649607,0.0009513787474252429,0.002094829998959163,1.097157378001473,2
2018-08-21,0.5388591316311954,0.9262587938585987,0.46114086836880464,0.9105051693649607,0.001593168109772344,0.0017331281645347977,1.7342023740389354,2
2018-08-22,0.5078301888144263,0.9262587938585987,0.49216981118557357,0.9105051693649607,0.0016818178597030854,0.001683155042152248,2.255389149286862,2
2018-08-23,0.6335120460894063,0.9262587938585987,0.36648795391059374,0.9105051693649607,0.0013227136927879111,0.0018855697641734696,2.222121155255584,2
2018-08-24,0.7079540688744753,0.9262587938585987,0.2920459311255246,0.9105051693649607,0.0011099757709065634,0.0020054610649184092,1.9937381932622456,2
2018-08-25,0.7143243859462869,0.9262587938585987,0.2856756140537131,0.9105051693649607,0.001091769556633268,0.002015720667913109,2.9205279685945214,2
2018-08-26,0.8349706178808735,0.9262587938585987,0.16502938211912652,0.9105051693649607,0.0007469257551104858,0.00221002535141661,2.858809022197455,2
2018-08-27,0.8705644591017044,0.9262587938585987,0.1294355408982955,0.9105051693649607,0.0006451732543957748,0.002267350391263998,2.4229901595911487,2
2018-08-28,0.8625513727780251,0.9262587938585987,0.1374486272219749,0.9105051693649607,0.0006680809246028535,0.0022544450549178705,1.2088770850421526,2
2018-08-29,0.7262765280678661,0.9262587938585987,0.27372347193213376,0.9105051693649607,0.0010576100514554858,0.002034969981835996,2.7724153045451323,2
2018-08-30,0.8255934782532509,0.9262587938585987,0.1744065217467491,0.9105051693649607,0.0007737311922605441,0.002194923162825248,2.8049848095017778,2
2018-08-31,0.8643809087021093,0.9262587938585987,0.13561909129789082,0.9105051693649607,0.0006628507088341984,0.0022573915820740626,3.0203954115626748,2
2018-09-01,0.8871445691355628,0.9262587938585987,0.11285543086443715,0.9105051693649607,0.0005977732698779705,0.002294053198147588,2.33019532142071,2
2018-09-02,0.8659276459612065,0.9262587938585987,0.13407235403879342,0.9105051693649607,0.0006584289348324562,0.0022598826527753415,2.887333459653309,2
2018-09-03,0.8827343435756227,0.9262587938585987,0.11726565642437713,0.9105051693649607,0.0006103815656634369,0.002286950386332729,3.0204166991658252,2
2018-09-04,0.8922671031899663,0.9262587938585987,0.10773289681003365,0.9105051693649607,0.0005831284445160257,0.002302303205978056,2.8735664098544578,2
2018-09-05,0.8909195400389753,0.9262587938585987,0.1090804599610246,0.9105051693649607,0.000586981009358252,0.0023001329116608973,-1.303353545135029,2
2018-09-06,0.08975139680282126,0.9262587938585987,0.9102486031971787,0.9105051693649607,0.0028757827599989547,0.001009825539367729,1.532134573252448,2
2018-09-07,0.09532556739711263,0.9262587938585987,0.9046744326028874,0.9105051693649607,0.0028598698012863,0.0010188029225462235,2.0557919334187917,2
2018-09-08,0.2544756914109789,0.9262587938585987,0.7455243085890212,0.9105051693649607,0.0024054652672469944,0.0012751193775253048,1.5678812227269716,2
2018-09-09,0.17185170561855168,0.9262587938585987,0.8281482943814483,0.9105051693649607,0.0026413892046356796,0.0011420507590383234,2.258483650565511,2
2018-09-10,0.4166617647150955,0.9262587938585987,0.5833382352849046,0.9105051693649607,0.0019422573280318952,0.001536325327654923,2.619415785585847,2
2018-09-11,0.6744883398375104,0.9262587938585987,0.32551166016248945,0.9105051693649607,0.0012056165684860669,0.0019515634190120951,2.8774304456847326,2
2018-09-12,0.8172058286455128,0.9262587938585987,0.1827941713544871,0.9105051693649607,0.0007977076924669445,0.002181414580118301,2.99398421569259,2
2018-09-13,0.8720626140633455,0.9262587938585987,0.12793738593665444,0.9105051693649607,0.0006408903183885464,0.002269763218593895,2.1788884205689145,2
2018-09-14,0.8478665602023884,0.9262587938585987,0.15213343979761162,0.9105051693649607,0.0007100607438867599,0.002230794686281705,3.060846691748507,2
2018-09-15,0.8837465654693724,0.9262587938585987,0.1162534345306277,0.9105051693649607,0.0006074877559211523,0.0022885806026399155,3.0874696688608774,2
2018-09-16,0.8946935955640384,0.9262587938585987,0.10530640443596156,0.9105051693649607,0.0005761912919138304,0.002306211150927579,3.0270457441694063,2
2018-09-17,0.89593994653621,0.9262587938585987,0.10406005346378994,0.9105051693649607,0.0005726280597382862,0.002308218439736345,0.5745441039833996,2
2018-09-18,0.649820882823084,0.9262587938585987,0.35017911717691574,0.9105051693649607,0.0012761093040211517,0.0019118356765773122,2.7232225341346767,2
2018-09-19,0.7922784435316018,0.9262587938585987,0.20772155646839818,0.9105051693649607,0.0008689616688313459,0.0021412682150187723,2.9895336857458252,2
2018-09-20,0.8642774769745043,0.9262587938585987,0.13572252302549567,0.9105051693649607,0.000663146396441534,0.002257225001910105,2.6734555766671275,2
2018-09-21,0.8728879879759641,0.9262587938585987,0.1271120120240358,0.9105051693649607,0.0006385307286313682,0.002271092510145664,1.1801108766687258,2
2018-09-22,0.7363553126906413,0.9262587938585987,0.26364468730935875,0.9105051693649607,0.0010288040704217276,0.0020512021925302355,2.8754810270636817,2
2018-09-23,0.8381179061274519,0.9262587938585987,0.16188209387254815,0.9105051693649607,0.0007379288328736877,0.0022150941615803393,3.0455955651516753,2
2018-09-24,0.8803374274017723,0.9262587938585987,0.11966257259822764,0.9105051693649607,0.0006172340136928337,0.0022830900748163534,2.2936050597686632,2
2018-09-25,0.8586631011516705,0.9262587938585987,0.14133689884832942,0.9105051693649607,0.0006791965270908699,0.0022481828669023833,1.845746109526641,2
2018-09-26,0.8062700557720627,0.9262587938585987,0.1937299442279373,0.9105051693649607,0.0008289675775854053,0.0021638021619518224,2.9943393546794743,2
2018-09-27,0.8687766794260167,0.9262587938585987,0.13122332057398328,0.9105051693649607,0.000650284156347843,0.0022644711139049936,1.5645373882015048,2
2018-09-28,0.7869410116821489,0.9262587938585987,0.21305898831785097,0.9105051693649607,0.0008842180945112266,0.0021326721072945647,2.825174559032533,2
2018-09-29,0.8518879890832478,0.9262587938585987,0.1481120109167522,0.9105051693649607,0.0006985647017378714,0.0022372713283897727,2.950390236254711,2
2018-09-30,0.8803675503963831,0.9262587938585987,0.11963244960361678,0.9105051693649607,0.0006171478964501611,0.002283138588879662,3.0917521225711946,2
2018-10-01,0.8938698669918248,0.9262587938585987,0.10613013300817511,0.9105051693649607,0.0005785462711335184,0.002304884509250087,2.9617871204177066,2
2018-10-02,0.8937940616015435,0.9262587938585987,0.10620593839845638,0.9105051693649607,0.0005787629929751309,0.0023047624222016128,2.9055146394596747,2
2018-10-03,0.8920371625629664,0.9262587938585987,0.10796283743703358,0.9105051693649607,0.0005837858252651073,0.002301932879113824,2.949552917822222,2
2018-10-04,0.8928543650142028,0.9262587938585987,0.10714563498579723,0.9105051693649607,0.0005814495115271449,0.002303249010261059,2.9278043411353374,2
2018-10-05,0.8927790285172967,0.9262587938585987,0.10722097148270315,0.9105051693649607,0.000581664892441498,0.002303127678380628,3.0789695366600243,2
2018-10-06,0.8969617223568561,0.9262587938585987,0.10303827764314397,0.9105051693649607,0.000569706866548174,0.0023098640429537734,2.999263257583404,2
2018-10-07,0.8958204348032893,0.9262587938585987,0.10417956519671057,0.9105051693649607,0.0005729697359570796,0.0023080259622004305,3.1039248236192143,2
2018-10-08,0.8983812523251189,0.9262587938585987,0.10161874767488116,0.9105051693649607,0.0005656485101286106,0.0023121502421726316,3.082925085608518,2
2018-10-09,0.8986030350294439,0.9262587938585987,0.10139696497055595,0.9105051693649607,0.0005650144448941515,0.0023125074304368603,3.0683965911814104,2
2018-10-10,0.8981782269528491,0.9262587938585987,0.10182177304715083,0.9105051693649607,0.0005662289489010852,0.0023118232632022193,2.860451853789102,2
2018-10-11,0.8920661764987328,0.9262587938585987,0.10793382350126712,0.9105051693649607,0.0005837028768988275,0.0023019796070017635,-0.7638571731186656,2
2018-10-12,0.13615542645313128,0.9262587938585987,0.8638445735468686,0.9105051693649607,0.0027433051493355705,0.0010845607395468713,2.237350557966558,2
2018-10-13,0.3779354294591787,0.9262587938585987,0.6220645705408213,0.9105051693649607,0.0020528732207306735,0.0014739553042029578,2.6017572440406753,2
2018-10-14,0.6511468509557615,0.9262587938585987,0.34885314904423853,0.9105051693649607,0.0012723201359452836,0.0019139711914145708,2.861305720000047,2
2018-10-15,0.8074465040708215,0.9262587938585987,0.19255349592917848,0.9105051693649607,0.0008256047322318976,0.002165696870229761,0.849117582351473,2
2018-10-16,0.5471342627719459,0.9262587938585987,0.45286573722805407,0.9105051693649607,0.0015695252003919732,0.0017464555325882422,2.7960623484352034,2
2018-10-17,0.7614619882032394,0.9262587938585987,0.23853801179676057,0.9105051693649607,0.0009570448712989674,0.00209163731065266,2.9469790309098527,2
2018-10-18,0.8517373894463488,0.9262587938585987,0.14826261055365125,0.9105051693649607,0.0006989952218105381,0.002237028782772606,2.9082255754656714,2
2018-10-19,0.8784955642961203,0.9262587938585987,0.12150443570387974,0.9105051693649607,0.0006224996223976888,0.002280123694333003,3.054334660705049,2
2018-10-20,0.8921311402645564,0.9262587938585987,0.1078688597354434,0.9105051693649607,0.0005835171510205705,0.0023020842332611598,3.097521993355341,2
2018-10-21,0.8972446963727422,0.9262587938585987,0.10275530362725788,0.9105051693649607,0.0005688978605705422,0.002310319781817017,3.101901147832484,2
2018-10-22,0.8986996801069453,0.9262587938585987,0.10130031989305452,0.9105051693649607,0.000564738141556544,0.0023126630804799235,3.083303608001818,2
2018-10-23,0.8985974078990236,0.9262587938585987,0.1014025921009763,0.9105051693649607,0.0005650305325709605,0.002312498367760158,3.072813960082505,2
2018-10-24,0.8982932462115301,0.9262587938585987,0.10170675378846994,0.9105051693649607,0.0005659001149664751,0.002312008505462143,3.1058139468143118,2
2018-10-25,0.8991031020343467,0.9262587938585987,0.1008968979656533,0.9105051693649607,0.0005635847783593864,0.0023133128046251804,3.0745620462082224,2
2018-10-26,0.8984791465848843,0.9262587938585987,0.10152085341511573,0.9105051693649607,0.0005653686355550614,0.002312307904064392,3.0976472108215143,2
2018-10-27,0.8989159392242154,0.9262587938585987,0.10108406077578459,0.9105051693649607,0.0005641198676164985,0.0023130113728274102,3.1016864295507105,2
2018-10-28,0.8991418446809566,0.9262587938585987,0.1008581553190433,0.9105051693649607,0.0005634740150179541,0.0023133752009185985,3.091755790373615,2
2018-10-29,0.8989397620335581,0.9262587938585987,0.10106023796644184,0.9105051693649607,0.000564051759387863,0.0023130497402372766,2.016535174776208,2
2018-10-30,0.8528045770140807,0.9262587938585987,0.1471954229859191,0.9105051693649607,0.0006959444438619983,0.0022387475230868452,3.069114202276798,2
2018-10-31,0.8935993124539939,0.9311023327197214,0.10640068754600605,0.9053502576888146,0.0005923314380502129,0.0025935595386092883,3.0853426639594654,3
2018-11-01,0.9026440437122721,0.9311023327197214,0.09735595628772768,0.9053502576888146,0.0005655791186375883,0.0026104838532106573,3.0885773583908835,3
2018-11-02,0.905161080283283,0.9311023327197214,0.0948389197167168,0.9053502576888146,0.0005581341779319512,0.0026151936801335914,3.0995381947898544,3
2018-11-03,0.9060152298206327,0.9311023327197214,0.09398477017936727,0.9053502576888146,0.0005556077474027477,0.0026167919471327896,3.0583500043141587,3
2018-11-04,0.9052421286267723,0.9311023327197214,0.09475787137322748,0.9053502576888146,0.000557894450796374,0.002615345336122472,2.8945043836392843,3
2018-11-05,0.9011117357894769,0.9311023327197214,0.09888826421052294,0.9053502576888146,0.0005701113876862485,0.0026076166302262463,3.050117327409808,3
2018-11-06,0.9036752804833545,0.9311023327197214,0.09632471951664542,0.9053502576888146,0.0005625289114219564,0.0026124134821895535,3.0877187313069343,3
2018-11-07,0.9054197755786373,0.9311023327197214,0.09458022442136267,0.9053502576888146,0.0005573690013408713,0.002615677745435196,3.0338731109805184,3
2018-11-08,0.9046693486825995,0.9311023327197214,0.09533065131740046,0.9053502576888146,0.0005595886349029766,0.0026142735621033533,2.581702130482633,3
2018-11-09,0.8903228544873498,0.9311023327197214,0.10967714551265008,0.9053502576888146,0.0006020223364431857,0.0025874286980323616,2.7246530602688694,3
2018-11-10,0.8899437031052088,0.9311023327197214,0.11005629689479111,0.9053502576888146,0.0006031437613651278,0.0025867192377853226,3.0940200427480153,3
2018-11-11,0.9018571474027263,0.9311023327197214,0.0981428525972736,0.9053502576888146,0.0005679066070504323,0.0026090114290643657,3.04942636468649,3
2018-11-12,0.9038651980038164,0.9311023327197214,0.09613480199618352,0.9053502576888146,0.0005619671697881081,0.00261276885193718,3.05947241227169,3
2018-11-13,0.9046761469486283,0.9311023327197214,0.09532385305137155,0.9053502576888146,0.0005595685268201791,0.002614286282878546,2.8883378077948034,3
2018-11-14,0.9003708772865635,0.9311023327197214,0.09962912271343641,0.9053502576888146,0.0005723026972637317,0.0026062303510742896,-2.519360193781764,3
2018-11-15,0.09464974348697103,0.9311023327197214,0.905350256513029,0.9053502576888146,0.00295318772049923,0.0010985815818622957,2.1095568551440764,3
2018-11-16,0.29195703602508305,0.9311023327197214,0.7080429639749168,0.9053502576888146,0.0023705701089843604,0.0014677789185994316,2.364819618280817,3
2018-11-17,0.5450888511435091,0.9311023327197214,0.45491114885649087,0.9053502576888146,0.0016227121819322916,0.0019414339507220187,2.782671849264589,3
2018-11-18,0.765904434787916,0.9311023327197214,0.23409556521208388,0.9053502576888146,0.0009699635750782652,0.0023546195169667334,2.9124258116294808,3
2018-11-19,0.8573456860798474,0.9311023327197214,0.1426543139201526,0.9053502576888146,0.0006995559158261198,0.002525722500595031,-3.4190752753448894,3
2018-11-20,0.09464974231118632,0.9311023327197214,0.9053502576888136,0.9053502576888146,0.0029531877239703263,0.0010985815796621915,0.13617433197959328,3
2018-11-21,0.09464974407269704,0.9311023327197214,0.9053502559273029,0.9053502576888146,0.002953187718770077,0.001098581582958294,1.4471239712453192,3
2018-11-22,0.10004962175294807,0.9311023327197214,0.8999503782470519,0.9053502576888146,0.0029372463518771473,0.0011086857227121244,1.3514530057173701,3
2018-11-23,0.09578392170983341,0.9311023327197214,0.9042160782901666,0.9053502576888146,0.0029498394484138994,0.0011007038327628049,2.137499601496122,3
2018-11-24,0.3067822468452068,0.9311023327197214,0.6932177531547932,0.9053502576888146,0.0023267825661186046,0.0014955195473463343,-0.6648269486944631,3
2018-11-25,0.09464974233403427,0.9311023327197214,0.9053502576659657,0.9053502576888146,0.002953187723902876,0.0010985815797049442,1.7117319637022397,3
2018-11-26,0.14018978466255036,0.9311023327197214,0.8598102153374496,0.9053502576888146,0.002818739292447858,0.0011837951677396434,1.1353987774627206,3
2018-11-27,0.09490801446660548,0.9311023327197214,0.9050919855333945,0.9053502576888146,0.002952425264832406,0.001099064853193076,1.9863253524886657,3
2018-11-28,0.24383378205140122,0.9311023327197214,0.7561662179485985,0.9053502576888146,0.0025126956968485343,0.0013777316782077656,-0.11422443702691637,3
2018-11-29,0.09464975308200783,0.9311023327197214,0.9053502469179922,0.9053502576888146,0.0029531876921732136,0.0010985815998163307,2.140151905773548,3
2018-11-30,0.3098633403773474,0.9311023327197214,0.6901366596226525,0.9053502576888146,0.0023176820966178202,0.0015012848260224107,0.9115504173872664,3
2018-12-01,0.09532613873003232,0.9311023327197214,0.9046738612699676,0.9053502576888146,0.0029511908966881953,0.0010998472386918405,1.5990058878144784,3
2018-12-02,0.11551181198094877,0.9311023327197214,0.8844881880190513,0.9053502576888146,0.0028915981796830484,0.0011376182541906464,2.0690769525963724,3
2018-12-03,0.29206093312689085,0.9311023327197214,0.7079390668731091,0.9053502576888146,0.002370263245260039,0.0014679733287136692,0.9483219071773885,3
2018-12-04,0.09535308812127608,0.9311023327197214,0.904646911878724,0.9053502576888146,0.0029511113378332655,0.0010998976658369599,2.0955281586018635,3
2018-12-05,0.29177510467798357,0.9311023327197214,0.7082248953220165,0.9053502576888146,0.0023711074493995773,0.001467438492414702,1.2475987329088563,3
2018-12-06,0.10998142690362153,0.9311023327197214,0.8900185730963784,0.9053502576888146,0.0029079254231205265,0.0011272699116868555,1.35457055586615,3
2018-12-07,0.0961174395589705,0.9311023327197214,0.9038825604410294,0.9053502576888146,0.0029488548496748425,0.0011013279044839851,1.5997842697563174,3
2018-12-08,0.10819908097896414,0.9311023327197214,0.891800919021036,0.9053502576888146,0.0029131873611254067,0.0011239348227498835,2.1415794516817437,3
2018-12-09,0.3245787923320959,0.9311023327197214,0.675421207667904,0.9053502576888146,0.0022742168965255776,0.0015288200762439757,1.5355796831909339,3
2018-12-10,0.2421197161298632,0.9311023327197214,0.7578802838701367,0.9053502576888146,0.002517757661970763,0.0013745243534044947,1.535353776945743,3
2018-12-11,0.15951504955229306,0.9311023327197214,0.8404849504477069,0.9053502576888146,0.00276168068433652,0.001219956204857187,1.9914776258558853,3
2018-12-12,0.2942072783100077,0.9311023327197214,0.7057927216899921,0.9053502576888146,0.002363923922775798,0.0014719895255563286,2.1503950322803616,3
2018-12-13,0.477352356617631,0.9311023327197214,0.5226476433823688,0.9053502576888146,0.0018228782671718077,0.001814686819092136,0.9565618023484331,3
2018-12-14,0.1256772566087417,0.9311023327197214,0.8743227433912584,0.9053502576888146,0.00286158638550793,0.001156639624536626,1.9526722494396829,3
2018-12-15,0.24635939457972536,0.9311023327197214,0.7536406054202746,0.9053502576888146,0.002505237041593475,0.0013824575522851626,2.3652846550232747,3
2018-12-16,0.5174389127586412,0.9311023327197214,0.4825610872413587,0.9053502576888146,0.0017044235671413153,0.0018896959562397957,2.7580260496746645,3
2018-12-17,0.7516404312229312,0.9311023327197214,0.24835956877706858,0.9053502576888146,0.001012139431418821,0.0023279290076618922,-0.6941795701018822,3
2018-12-18,0.09467601560787496,0.9311023327197214,0.905323984392125,0.9053502576888146,0.002953110161177701,0.0010986307417131223,1.5706609486240677,3
2018-12-19,0.11103902171054099,0.9311023327197214,0.888960978289459,0.9053502576888146,0.002904803124034341,0.0011292488612788289,2.1457548002651587,3
2018-12-20,0.3291589836727934,0.9311023327197214,0.6708410163272065,0.9053502576888146,0.002260688023119769,0.0015373904358235912,0.16931703437069734,3
2018-12-21,0.09465084166361296,0.9311023327197214,0.9053491583363871,0.9053502576888146,0.002953184478513818,0.0010985836367477804,1.3153571952324339,3
2018-12-22,0.09532492218257728,0.9311023327197214,0.9046750778174226,0.9053502576888146,0.002951194488128105,0.0010998449623133314,1.7802165434890758,3
2018-12-23,0.16203105655816946,0.9311023327197214,0.8379689434418305,0.9053502576888146,0.0027542518818395377,0.001224664105279074,2.2251367191120592,3
2018-12-24,0.4032010165471165,0.9311023327197214,0.5967989834528835,0.9053502576888146,0.0020419638323462123,0.001675936360772226,2.080665257407461,3
2018-12-25,0.5295348944257072,0.9311023327197214,0.4704651055742929,0.9053502576888146,0.001668678055174855,0.0019123297076802776,0.3853217655010922,3
2018-12-26,0.09500480665430973,0.9311023327197214,0.9049951933456902,0.9053502576888146,0.0029521395192825105,0.0010992459687385668,2.100265607742422,3
2018-12-27,0.2934501520731675,0.9311023327197214,0.7065498479268324,0.9053502576888146,0.002366160131247191,0.0014705728065561364,1.0264870597566,3
2018-12-28,0.09633413972118698,0.9311023327197214,0.9036658602788129,0.9053502576888146,0.0029482151152610547,0.001101733389358526,0.8987654807623902,3
2018-12-29,0.09467091314570306,0.9311023327197214,0.9053290868542969,0.9053502576888146,0.002953125224427279,0.001098621194091134,1.9995745541559826,3
2018-12-30,0.2394701403617466,0.9311023327197214,0.7605298596382534,0.9053502576888146,0.002525582326454476,0.0013695665218692874,2.399773958329629,3
2018-12-31,0.5260814507077898,0.9311023327197214,0.4739185492922101,0.9053502576888146,0.001678883624362717,0.001905867695015538,1.2287372152265652,3
2019-01-01,0.27785843173793334,0.9311023327197214,0.7221415682620665,0.9053502576888146,0.002412210128803344,0.0014413979010122536,1.748142097815143,3
2019-01-02,0.2972531690347848,0.9311023327197214,0.7027468309652152,0.9053502576888146,0.0023549276986092526,0.0014776889334652526,2.0641267223310305,3
2019-01-03,0.4468658517009014,0.9311023327197214,0.5531341482990987,0.9053502576888146,0.001912957539723306,0.0017576410998138888,1.6034708917968363,3
2019-01-04,0.36573735199065016,0.9311023327197214,0.6342626480093498,0.9053502576888146,0.0021526383324014724,0.0016058351242657794,2.4895270749848746,3
2019-01-05,0.6274509830721159,0.9311023327197214,0.3725490169278839,0.9053502576888146,0.0013792830290905095,0.0020955482734359683,2.705470635338593,3
2019-01-06,0.7865809675148011,0.9311023327197214,0.2134190324851988,0.9053502576888146,0.0009088246002441894,0.0023933090185939967,-0.16181795428540258,3
2019-01-07,0.1211605756320584,0.9311023327197214,0.8788394243679415,0.9053502576888146,0.002874921228486532,0.001148188104240382,2.0881170956953956,3
2019-01-08,0.3062259862331719,0.9311023327197214,0.6937740137668281,0.9053502576888146,0.0023284255577559,0.0014944786839608344,2.475207888629608,3
2019-01-09,0.5889556071304779,0.9311023327197214,0.41104439286952216,0.9053502576888146,0.0014930657045105688,0.00202351651986253,2.8323023415878215,3
2019-01-10,0.7891486255538211,0.9311023327197214,0.21085137444617882,0.9053502576888146,0.0009012320167552607,0.002398113567363905,-1.143480048657371,3
2019-01-11,0.09465017567100649,0.9311023327197214,0.9053498243289936,0.9053502576888146,0.002953186444625856,0.0010985823905561498,2.1466685479118857,3
2019-01-12,0.31044664136556843,0.9311023327197214,0.6895533586344316,0.9053502576888146,0.002315959222626432,0.0015023762868021776,2.4822300821324337,3
2019-01-13,0.593376978138888,0.9311023327197214,0.40662302186111177,0.9053502576888146,0.0014799977683160983,0.0020317896981117143,1.4817738168754464,3
2019-01-14,0.4652125035025745,0.9311023327197214,0.5347874964974254,0.9053502576888146,0.0018587489881622182,0.0017919709763029338,1.201537193370413,3
2019-01-15,0.22385560291002143,0.9311023327197214,0.7761443970899785,0.9053502576888146,0.0025716938105769522,0.001340348921407583,1.8694064522715135,3
2019-01-16,0.2911630167197944,0.9311023327197214,0.7088369832802055,0.9053502576888146,0.002372915270279586,0.001466293166050403,2.4580116438071813,3
2019-01-17,0.5770907569193698,0.9311023327197214,0.4229092430806301,0.9053502576888146,0.0015281331335611945,0.0020013152568358226,2.759105513317863,3
2019-01-18,0.7755002397484563,0.9311023327197214,0.2244997602515436,0.9053502576888146,0.0009415898632914401,0.0023725749893150055,2.7930073306800893,3
2019-01-19,0.8515083681686335,0.9311023327197214,0.1484916318313663,0.9053502576888146,0.0007168196281624597,0.0025147998317023345,2.480282683695591,3
2019-01-20,0.8626980879178296,0.9311023327197214,0.1373019120821702,0.9053502576888146,0.0006837261201680103,0.0025357378045319004,0.30737797005367007,3
2019-01-21,0.4809856715837924,0.9311023327197214,0.5190143284162075,0.9053502576888146,0.0018121423824683965,0.0018214854031271123,2.7012503091589193,3
2019-01-22,0.7267271585540334,0.9311023327197214,0.2732728414459665,0.9053502576888146,0.0010857996670222687,0.0022813118056292485,2.8306829015765773,3
2019-01-23,0.8382080744653179,0.9311023327197214,0.16179192553468197,0.9053502576888146,0.0007561540015342702,0.0024899125964161005,2.886647536528746,3
2019-01-24,0.8786790363142937,0.9311023327197214,0.12132096368570626,0.9053502576888146,0.0006364610708838945,0.002565641025596922,3.0814837798678965,3
2019-01-25,0.8984868094992722,0.9311023327197214,0.10151319050072774,0.9053502576888146,0.0005778753713196663,0.0026027049222857625,3.065284483096037,3
2019-01-26,0.9033446099393518,0.9311023327197214,0.09665539006064797,0.9053502576888146,0.0005635069744081058,0.0026117947382870202,3.076967957511245,3
2019-01-27,0.9049694491806375,0.9311023327197214,0.09503055081936244,0.9053502576888146,0.0005587009897694121,0.0026148351039663215,2.9867408391443604,3
2019-01-28,0.9031404969168348,0.9311023327197214,0.09685950308316496,0.9053502576888146,0.0005641107030121703,0.002611412806208701,1.367471016136255,3
2019-01-29,0.8055017997348113,0.9311023327197214,0.1944982002651886,0.9053502576888146,0.0008528744784493503,0.002428713289640535,2.6873163897259675,3
2019-01-30,0.8353912634427738,0.9267471279229083,0.1646087365572262,0.90879545621943,0.0006965338294166782,0.0023182803995500127,2.927337194580411,4
2019-01-31,0.8740258991912699,0.9267471279229083,0.12597410080873006,0.90879545621943,0.0005911854488435678,0.0023823639932753758,2.917448199497352,4
2019-02-01,0.8856701377982905,0.9267471279229083,0.11432986220170946,0.90879545621943,0.0005594324922423775,0.0024016783893264,3.0353742374465935,4
2019-02-02,0.8936357716812766,0.9267471279229083,0.10636422831872332,0.90879545621943,0.0005377103822910372,0.002414891052928182,3.1437854924312805,4
2019-02-03,0.898780249401508,0.9267471279229083,0.10121975059849192,0.90879545621943,0.00052368131813403,0.0024234242411869927,2.608712220663975,4
2019-02-04,0.8829099979000072,0.9267471279229083,0.11709000209999283,0.90879545621943,0.0005669592521234407,0.0023971001221720725,3.127555740917632,4
2019-02-05,0.8953843243207158,0.9267471279229083,0.10461567567928415,0.90879545621943,0.0005329420706278514,0.0024177913918282993,3.1489996023825415,4
2019-02-06,0.8993666463830684,0.9267471279229083,0.10063335361693151,0.90879545621943,0.0005220821959511997,0.0024243969027690176,2.389276908392411,4
2019-02-07,0.8734164574637913,0.9267471279229083,0.12658354253620863,0.90879545621943,0.000592847329721124,0.0023813531071803892,3.086900444641746,4
2019-02-08,0.8914954671006541,0.9267471279229083,0.10850453289934586,0.90879545621943,0.0005435469805279481,0.0024113409118038803,-1.0960096503564998,4
2019-02-09,0.09390164854825209,0.9267471279229083,0.906098351451748,0.90879545621943,0.0027168257587435354,0.0010883653683379946,2.1981343349040365,4
2019-02-10,0.31200249483710074,0.9267471279229083,0.6879975051628995,0.90879545621943,0.00212289363409762,0.0014501310677927002,2.5471443383600167,4
2019-02-11,0.5986320335492893,0.9267471279229083,0.4013679664507107,0.90879545621943,0.001341946171383009,0.0019255658830215495,2.4341306588130585,4
2019-02-12,0.7197460007233418,0.9267471279229083,0.28025399927665834,0.90879545621943,0.0010118246146677478,0.0021264586342143984,2.9901380791518544,4
2019-02-13,0.8406351314560688,0.9267471279229083,0.15936486854393125,0.90879545621943,0.0006822354057263446,0.002326978447319921,3.0460689164364,4
2019-02-14,0.8805607071798406,0.9267471279229083,0.1194392928201595,0.90879545621943,0.0005733656143507735,0.0023932033339886926,3.060389161758862,4
2019-02-15,0.8926590907321869,0.9267471279229083,0.10734090926781302,0.90879545621943,0.0005403737887283622,0.002413271024062161,3.14762913343479,4
2019-02-16,0.8985576014935386,0.9267471279229083,0.10144239850646129,0.90879545621943,0.000524288485171331,0.002423054933238265,3.1410936782998036,4
2019-02-17,0.9000266585129896,0.9267471279229083,0.09997334148701051,0.90879545621943,0.0005202823207841932,0.002425491670413859,3.034857467784278,4
2019-02-18,0.8978120085766007,0.9267471279229083,0.10218799142339921,0.90879545621943,0.0005263217358059897,0.002421818212025605,-0.9585748824757867,4
2019-02-19,0.11017090466763114,0.9267471279229083,0.8898290953323689,0.90879545621943,0.0026725303622863413,0.001115351319652645,2.21058485489863,4
2019-02-20,0.3346648692909715,0.9267471279229083,0.6653351307090286,0.90879545621943,0.0020611644544734687,0.0014877213380053663,2.5314105729315304,4
2019-02-21,0.6069044235686608,0.9267471279229083,0.39309557643133924,0.90879545621943,0.0013194006030920699,0.0019392873655946006,2.6359109428489997,4
2019-02-22,0.758002279247635,0.9267471279229083,0.241997720752365,0.90879545621943,0.0009075323175557601,0.0021899146436447593,2.790680773893272,4
2019-02-23,0.8386196602408945,0.9267471279229083,0.1613803397591054,0.90879545621943,0.0006877309969909094,0.0023236353683438646,0.7601606613744702,4
2019-02-24,0.5706724131237106,0.9267471279229083,0.42932758687628936,0.90879545621943,0.0014181445219979302,0.0018791890265725305,-0.26425649715355004,4
2019-02-25,0.09120492678273094,0.9267471279229083,0.9087950732172692,0.90879545621943,0.00272416783200585,0.0010838922933713508,2.0509295998358206,4
2019-02-26,0.24593313639795564,0.9267471279229083,0.7540668636020446,0.90879545621943,0.0023028413166218875,0.0013405412698851483,2.368708376807204,4
2019-02-27,0.4995160784956112,0.9267471279229083,0.5004839215043889,0.90879545621943,0.0016120474690351691,0.001761161418677441,2.787980883673064,4
2019-02-28,0.7384231435363838,0.9267471279229083,0.26157685646361617,0.90879545621943,0.000960908955521058,0.002157438567344172,2.9932613355863875,4
2019-03-01,0.8466791499212918,0.9267471279229083,0.15332085007870822,0.90879545621943,0.0006657550288566179,0.002337003711342477,3.1091125386199367,4
2019-03-02,0.8849986053390128,0.9267471279229083,0.1150013946609873,0.90879545621943,0.0005612637306616985,0.002400564512814819,3.131688641182745,4
2019-03-03,0.8960678627494709,0.9267471279229083,0.10393213725052913,0.90879545621943,0.0005310780533908594,0.0024189251827419545,2.969632765454838,4
2019-03-04,0.8944944622082668,0.9267471279229083,0.10550553779173329,0.90879545621943,0.0005353687310953349,0.0024163153700933722,1.9534334103321729,4
2019-03-05,0.8433681813243489,0.9267471279229083,0.15663181867565112,0.90879545621943,0.0006747831549405879,0.0023315117800147126,0.9916330654909032,4
2019-03-06,0.6436431623508262,0.9267471279229083,0.35635683764917375,0.90879545621943,0.0012192683101010556,0.0020002262191514165,2.939964143534502,4
2019-03-07,0.8116520353970479,0.9267471279229083,0.18834796460295217,0.90879545621943,0.000761261548184128,0.0022789039432702285,3.084325865888445,4
2019-03-08,0.8740513917874899,0.9267471279229083,0.1259486082125102,0.90879545621943,0.0005911159332797212,0.002382406278058124,3.045902210865262,4
2019-03-09,0.8902997323060698,0.9267471279229083,0.10970026769393013,0.90879545621943,0.0005468077314356184,0.002409357536490645,2.669099674985616,4
2019-03-10,0.8825724247969056,0.9267471279229083,0.11742757520309435,0.90879545621943,0.000567879793777811,0.0023965401868401436,3.110620987245184,4
2019-03-11,0.8947818961353575,0.9267471279229083,0.10521810386464243,0.90879545621943,0.0005345848971572616,0.0024167921391543383,2.6527509466636308,4
2019-03-12,0.8829825980027991,0.9267471279229083,0.11701740199720088,0.90879545621943,0.0005667612759050305,0.0023972205445703066,3.1450275352090764,4
2019-03-13,0.8959412211271055,0.9267471279229083,0.10405877887289457,0.90879545621943,0.0005314234067604916,0.002418715121222824,3.1181825616614027,4
2019-03-14,0.8986383017111486,0.9267471279229083,0.10136169828885142,0.90879545621943,0.0005240684134649968,0.0024231887913647534,3.149255826000615,4
2019-03-15,0.9001720305819993,0.9267471279229083,0.0998279694180007,0.90879545621943,0.0005198858859646929,0.0024257328002816308,2.970284267843675,4
2019-03-16,0.8961297205753729,0.9267471279229083,0.1038702794246271,0.90879545621943,0.0005309093662540623,0.002419027786835588,2.4065796634603984,4
2019-03-17,0.8737345450758366,0.9267471279229083,0.12626545492416336,0.90879545621943,0.0005919799398779039,0.0023818807217651904,3.005740907442066,4
2019-03-18,0.8888138017916628,0.9267471279229083,0.1111861982083372,0.90879545621943,0.0005508598307692478,0.00240689281110772,3.142569712797479,4
2019-03-19,0.897400254858357,0.9267471279229083,0.10259974514164305,0.90879545621943,0.0005274445972393065,0.0024211352326863767,3.1237356468103474,4
2019-03-20,0.899305691378813,0.9267471279229083,0.10069430862118692,0.90879545621943,0.0005222484221668824,0.0024242957961932068,3.0878303233073763,4
2019-03-21,0.8989492863961206,0.9267471279229083,0.1010507136038793,0.90879545621943,0.0005232203493663137,0.00242370462426496,2.6497909171487044,4
2019-03-22,0.884608887136976,0.9267471279229083,0.115391112863024,0.90879545621943,0.0005623264733039542,0.0023999180839707813,3.1463081765281014,4
2019-03-23,0.896408310007658,0.9267471279229083,0.10359168999234197,0.90879545621943,0.0005301496488031097,0.002419489885458983,3.137267121636932,4
2019-03-24,0.8992687185558972,0.9267471279229083,0.10073128144410275,0.90879545621943,0.000522349248209047,0.002424234469062338,3.1017590493573266,4
2019-03-25,0.8991163036111294,0.9267471279229083,0.10088369638887053,0.90879545621943,0.000522764888441505,0.0024239816571175908,2.499587461382279,4
2019-03-26,0.8784395061319168,0.9267471279229083,0.12156049386808318,0.90879545621943,0.0005791499648612955,0.002389684880053993,3.142354221582806,4
2019-03-27,0.8946666041368182,0.9267471279229083,0.10533339586318186,0.90879545621943,0.0005348992991412349,0.002416600903351255,1.9689253938090445,4
2019-03-28,0.8469072061071812,0.9267471279229083,0.15309279389281882,0.90879545621943,0.0006651331783943105,0.0023373819900470625,3.034181211398043,4
2019-03-29,0.8818962529917529,0.9267471279229083,0.11810374700824705,0.90879545621943,0.0005697236719475924,0.0023954186150067234,2.600022567218982,4
2019-03-30,0.876103302050221,0.9267471279229083,0.12389669794977883,0.90879545621943,0.0005855205832957393,0.0023858097987873926,3.1328574022438787,4
2019-03-31,0.8937261857412716,0.9267471279229083,0.10627381425872838,0.90879545621943,0.0005374638231164188,0.002415041023486349,3.1464543332379225,4
2019-04-01,0.898805553838305,0.9267471279229083,0.10119444616169496,0.90879545621943,0.0005236123122138568,0.0024234662138681307,3.0288510247201343,4
2019-04-02,0.897297785938769,0.9267471279229083,0.10270221406123096,0.90879545621943,0.0005277240320886551,0.0024209652666316917,-5.075624062511521,4
2019-04-03,0.09120454378057008,0.9267471279229083,0.90879545621943,0.90879545621943,0.0027241688747616493,0.0010838916580824605,2.140069949288219,4
2019-04-04,0.28513314400814693,0.9267471279229083,0.7148668559918531,0.90879545621943,0.002196078374940088,0.0014055626506502155,2.341646622583794,4
2019-04-05,0.5146695348451037,0.9267471279229083,0.48533046515489636,0.90879545621943,0.0015707562232345738,0.0017862965835734551,2.100663644837944,4
2019-04-06,0.5960898022904922,0.9267471279229083,0.40391019770950776,0.90879545621943,0.0013488746917474106,0.0019213490627516443,2.8938321471042605,4
2019-04-07,0.7900651579218672,0.9267471279229083,0.2099348420781329,0.90879545621943,0.0008201179450774728,0.0022430976088990673,1.8918937240931923,4
2019-04-08,0.7561067641966642,0.9267471279229083,0.24389323580333586,0.90879545621943,0.0009126999627352578,0.0021867705369624166,2.6070497958525634,4
2019-04-09,0.8220380882436302,0.9267471279229083,0.17796191175636972,0.90879545621943,0.0007329431694960758,0.0022961313760681795,2.3992246682045772,4
2019-04-10,0.8330354393778868,0.9267471279229083,0.16696456062211315,0.90879545621943,0.0007029573916097977,0.002314372774453055,2.390328705883792,4
2019-04-11,0.840037037751375,0.9267471279229083,0.159962962248625,0.90879545621943,0.0006838662319147595,0.0023259863842853214,-0.19256631489867249,4
2019-04-12,0.16558747000450746,0.9267471279229083,0.8344125299954926,0.90879545621943,0.0025216398400710756,0.0012072712404672644,2.3179871675565966,4
2019-04-13,0.4268677468110628,0.9267471279229083,0.5731322531889373,0.90879545621943,0.0018099874051907988,0.0016406590227753585,2.683489753449226,4
2019-04-14,0.6875883651104165,0.9267471279229083,0.31241163488958335,0.90879545621943,0.0010994848755048975,0.0020731184948326728,2.6605431604913665,4
2019-04-15,0.7982380318660726,0.9267471279229083,0.2017619681339276,0.90879545621943,0.0007978349909104668,0.002256654023325194,1.9627326883170872,4
2019-04-16,0.768548540697396,0.9267471279229083,0.23145145930260402,0.90879545621943,0.0008787802264460944,0.002207407815793904,1.5917558907018519,4
2019-04-17,0.6814018292904902,0.9267471279229083,0.3185981707095098,0.90879545621943,0.0011163484397973655,0.002062856836080862,2.972582690764589,4
2019-04-18,0.8272201790372159,0.9267471279229083,0.172779820962784,0.90879545621943,0.0007188135750309896,0.0023047269534466207,2.99865910805681,4
2019-04-19,0.8747953581144216,0.9267471279229083,0.12520464188557856,0.90879545621943,0.0005890872156707242,0.0023836403012323245,3.1392150956846105,4
2019-04-20,0.893596925889574,0.9267471279229083,0.10640307411042604,0.90879545621943,0.0005378163147653791,0.002414826619088308,3.146736094725358,4
2019-04-21,0.8988397503985264,0.9267471279229083,0.10116024960147368,0.90879545621943,0.0005235190572141342,0.002423522935988828,3.0870537922725068,4
2019-04-22,0.8986122775880117,0.9267471279229083,0.10138772241198823,0.90879545621943,0.0005241393819663232,0.0024231456249338597,2.7808952529672544,4
2019-04-23,0.889858633867073,0.9267471279229083,0.11014136613292701,0.90879545621943,0.0005480105982975386,0.0024086258828174595,1.7823860930907776,4
2019-04-24,0.8279676593460067,0.9267471279229083,0.17203234065399325,0.90879545621943,0.0007167754677790286,0.0023059668052919464,2.1123385389880025,4
2019-04-25,0.8090504593232127,0.9267471279229083,0.19094954067678724,0.90879545621943,0.0007683548541803879,0.002274588687258846,-0.2256547019985795,4
2019-04-26,0.10533093349620004,0.9267471279229083,0.8946690665038002,0.90879545621943,0.0026857080341119565,0.0011073232189553444,2.217763263501588,4
2019-04-27,0.3325174753311821,0.9267471279229083,0.667482524668818,0.90879545621943,0.0020670137803923206,0.0014841594376684957,2.5712499718952397,4
2019-04-28,0.6162116621091375,0.9267471279229083,0.38378833789086264,0.90879545621943,0.0012940342089116823,0.001954725360072293,2.775380485983778,4
2019-04-29,0.7818247310247216,0.9267471279229083,0.2181752689752784,0.90879545621943,0.0008425847070525641,0.002229429143824415,3.051893789470179,4
2019-04-30,0.8637028679449572,0.9267471279229083,0.1362971320550428,0.90879545621943,0.0006193349491447772,0.002365241094933344,2.366377854212208,4
2019-05-01,0.8239939280321439,0.9066209938813655,0.17600607196785617,0.8912701304465007,0.000672139393301813,0.002311478031811002,3.1088814445267676,5
2019-05-02,0.8607933444253668,0.9066209938813655,0.13920665557463324,0.8912701304465007,0.0005715232860582696,0.00233405175547723,2.884439176251108,5
2019-05-03,0.8620869642241727,0.9066209938813655,0.13791303577582736,0.8912701304465007,0.0005679862823899308,0.0023348452956669812,-0.20645326645187456,5
2019-05-04,0.2139883447784201,0.9066209938813655,0.7860116552215798,0.8912701304465007,0.002339853984385027,0.0019372846662400762,2.095720245370943,5
2019-05-05,0.3701266216729541,0.9066209938813655,0.6298733783270458,0.8912701304465007,0.001913009012540122,0.0020330639655277505,2.5325123490289254,5
2019-05-06,0.6169041041579582,0.9066209938813655,0.38309589584204184,0.8912701304465007,0.0012383405612611286,0.0021844437221287243,2.8512185965883616,5
2019-05-07,0.7778499004704474,0.9066209938813655,0.22215009952955256,0.8912701304465007,0.000798303878568416,0.0022831720794585513,2.163233347578731,5
2019-05-08,0.7677105506070493,0.9066209938813655,0.23228944939295065,0.8912701304465007,0.0008260261216199662,0.0022769523372885717,2.590487732414651,5
2019-05-09,0.8086199173505575,0.9066209938813655,0.19138008264944256,0.8912701304465007,0.0007141743534174443,0.002302047211901812,0.8503775205643483,5
2019-05-10,0.5132238259304623,0.9066209938813655,0.48677617406953766,0.8912701304465007,0.0015217991237853647,0.0021208435300676303,1.4548113439826458,5
2019-05-11,0.341220490288899,0.9066209938813655,0.6587795097111009,0.8912701304465007,0.001992032895506254,0.0020153321891552447,-1.7634108522049923,5
2019-05-12,0.10872986955349923,0.9066209938813655,0.8912701304465007,0.8912701304465007,0.0026275953072032706,0.0018727163668989626,1.3581721352788774,5
2019-05-13,0.10890210154871437,0.9066209938813655,0.8910978984512855,0.8912701304465007,0.0026271244895787757,0.001872822018505633,-0.35809737714279166,5
2019-05-14,0.10872986955350555,0.9066209938813655,0.8912701304464944,0.8912701304465007,0.0026275953072032532,0.0018727163668989667,2.0319626581817154,5
2019-05-15,0.25638509124170794,0.9066209938813655,0.7436149087582922,0.8912701304465007,0.0022239531618259887,0.0019632919384419707,1.690663234042931,5
2019-05-16,0.21685898732776454,0.9066209938813655,0.7831410126722355,0.8912701304465007,0.0023320064948882425,0.001939045593396121,1.401737984865436,5
2019-05-17,0.11315051204494042,0.9066209938813655,0.8868494879550595,0.8912701304465007,0.002615510922933509,0.0018754281045244364,0.984614206723216,5
2019-05-18,0.10873074249517362,0.9066209938813655,0.8912692575048263,0.8912701304465007,0.0026275929209084634,0.0018727169023841977,2.1992953950032046,5
2019-05-19,0.3321097357221854,0.9066209938813655,0.6678902642778145,0.8912701304465007,0.0020169398408741977,0.0020097434142197354,-0.8620183269025438,5
2019-05-20,0.10872986955350043,0.9066209938813655,0.8912701304464995,0.8912701304465007,0.0026275953072032675,0.0018727163668989634,1.7547835910167175,5
2019-05-21,0.13898724854055833,0.9066209938813655,0.8610127514594417,0.8912701304465007,0.0025448826481748246,0.0018912770338622574,2.3337694964224407,5
2019-05-22,0.4155888862777457,0.9066209938813655,0.5844111137222543,0.8912701304465007,0.0017887225279572126,0.002060951706666453,1.1877406096995875,5
2019-05-23,0.13284847353615953,0.9066209938813655,0.8671515264638404,0.8912701304465007,0.0025616638799446025,0.0018875113488547102,1.8201269385983514,5
2019-05-24,0.1813691020272567,0.9066209938813655,0.8186308979727432,0.8912701304465007,0.002429024931302741,0.001917275170323125,2.3232906128977873,5
2019-05-25,0.4418606092551004,0.9066209938813655,0.5581393907448996,0.8912701304465007,0.0017168991737811885,0.0020770674680793354,2.7314629128745063,5
2019-05-26,0.6947181052762609,0.9066209938813655,0.305281894723739,0.8912701304465007,0.0010255942582477456,0.0022321768638676686,-0.2288708572432665,5
2019-05-27,0.10873294195212078,0.9066209938813655,0.8912670580478792,0.8912701304465007,0.0026275869084189155,0.001872718251588566,2.223042686962912,5
2019-05-28,0.3446549547581114,0.9066209938813655,0.6553450452418884,0.8912701304465007,0.001982643753697135,0.0020174389794108574,2.3838607040154076,5
2019-05-29,0.5610505529283287,0.9066209938813655,0.4389494470716713,0.8912701304465007,0.0013910433879891363,0.002150181694226908,2.7615751682634135,5
2019-05-30,0.7456708271184342,0.9066209938813655,0.25432917288156576,0.8912701304465007,0.0008862851987457904,0.0022634325949536446,0.2904198316079616,5
2019-05-31,0.14122145522721358,0.9066209938813655,0.8587785447727864,0.8912701304465007,0.002538775113134687,0.0018926475546286433,1.7270647075769263,5
2019-06-01,0.15239616272279694,0.9066209938813655,0.847603837277203,0.8912701304465007,0.0025082273379564675,0.0018995024122264036,2.3582390843259065,5
2019-06-02,0.43505935402768986,0.9066209938813655,0.5649406459723101,0.8912701304465007,0.001735492939883937,0.0020728954003909105,2.143739384899938,5
2019-06-03,0.5428971608356482,0.9066209938813655,0.4571028391643519,0.8912701304465007,0.0014406740021590434,0.0021390459291287327,0.39382591055975513,5
2019-06-04,0.10875285898665124,0.9066209938813655,0.8912471410133487,0.8912701304465007,0.002627532462723827,0.0018727304692180231,1.092870144041005,5
2019-06-05,0.10873358627107357,0.9066209938813655,0.8912664137289265,0.8912701304465007,0.0026275851470927963,0.001872718646830649,2.046164513531034,5
2019-06-06,0.26303026885261804,0.9066209938813655,0.736969731147382,0.8912701304465007,0.0022057869860096853,0.0019673682640417786,2.5247500356289865,5
2019-06-07,0.5605289672496306,0.9066209938813655,0.43947103275036936,0.8912701304465007,0.0013924693848642571,0.0021498617399414,1.52950099906809,5
2019-06-08,0.4236621760696895,0.9066209938813655,0.5763378239303105,0.8912701304465007,0.0017666512956990873,0.0020659040735978556,2.486593847515749,5
2019-06-09,0.6316751379734621,0.9066209938813655,0.3683248620265381,0.8912701304465007,0.0011979563691588738,0.0021935046602711327,0.8014054283487445,5
2019-06-10,0.17760870481559815,0.9066209938813655,0.8223912951844019,0.8912701304465007,0.002439304645750874,0.0019149684444059482,1.4773030438866983,5
2019-06-11,0.1152096097121013,0.9066209938813655,0.8847903902878985,0.8912701304465007,0.0026098821145189915,0.0018766912088422761,2.172305257055823,5
2019-06-12,0.3248982416145765,0.9066209938813655,0.6751017583854234,0.8912701304465007,0.002036654551100064,0.002005319695281742,1.8150894252941892,5
2019-06-13,0.33080990017140083,0.9066209938813655,0.6691900998285991,0.8912701304465007,0.0020204933211509066,0.002008946061125289,2.558937263258635,5
2019-06-14,0.6057327892353055,0.9066209938813655,0.3942672107646945,0.8912701304465007,0.0012688829676139055,0.0021775909456238553,0.591432209776353,5
2019-06-15,0.11430904196166299,0.9066209938813655,0.8856909580383371,0.8912701304465007,0.0026123439327322574,0.001876138777050319,2.0922174231039303,5
2019-06-16,0.2894327401594236,0.9066209938813655,0.7105672598405764,0.8912701304465007,0.0021336092135505066,0.0019835642298966913,2.2067835176847117,5
2019-06-17,0.46879344635879006,0.9066209938813655,0.5312065536412099,0.8912701304465007,0.001643267883369542,0.002093588774173695,1.4084288492173167,5
2019-06-18,0.2731808434255775,0.9066209938813655,0.7268191565744224,0.8912701304465007,0.0021780379084933954,0.00197359489174193,1.563091008230962,5
2019-06-19,0.16881283669657898,0.9066209938813655,0.831187163303421,0.8912701304465007,0.002463349673767797,0.001909572829046138,1.9008264287156946,5
2019-06-20,0.24489786791662715,0.9066209938813655,0.7551021320833728,0.8912701304465007,0.002255356144552186,0.0019562453754676627,1.8362225680228537,5
2019-06-21,0.27534869500841086,0.9066209938813655,0.7246513049915891,0.8912701304465007,0.0021721115460807644,0.001974924708553625,1.1998145485210068,5
2019-06-22,0.11021583125734263,0.9066209938813655,0.8897841687426573,0.8912701304465007,0.0026235332449532365,0.0018736278946395858,1.3425679725227448,5
2019-06-23,0.10893475997346423,0.9066209938813655,0.8910652400265358,0.8912701304465007,0.0026270352137019275,0.001872842052036812,2.217410037277045,5
2019-06-24,0.3423059454872358,0.9066209938813655,0.6576940545127642,0.8912701304465007,0.001989065478145906,0.002015998035739264,2.231445732515037,5
2019-06-25,0.5120380661081327,0.9066209938813655,0.48796193389186737,0.8912701304465007,0.0015250409064006111,0.002120116154006071,0.6294549988814475,5
2019-06-26,0.10908234316589949,0.9066209938813655,0.8909176568341004,0.8912701304465007,0.002626631776630467,0.0018729325834237285,0.4748295958951742,5
2019-06-27,0.10872987044782104,0.9066209938813655,0.891270129552179,0.8912701304465007,0.002627595304758531,0.0018727163674475632,-1.8800072130420378,5
2019-06-28,0.10872986955349923,0.9066209938813655,0.8912701304465007,0.8912701304465007,0.0026275953072032706,0.0018727163668989626,0.00970120330600932,5
2019-06-29,0.10872986955468487,0.9066209938813655,0.8912701304453151,0.8912701304465007,0.0026275953072000292,0.0018727163668996903,1.6813435746825902,5
2019-06-30,0.12300929408556686,0.9066209938813655,0.8769907059144331,0.8912701304465007,0.002588560644774115,0.0018814757390600663,0.20575606828543808,5
2019-07-01,0.10872986956831558,0.9066209938813655,0.8912701304316843,0.8912701304465007,0.002627595307162768,0.0018727163669080514,1.8236701445338028,5
2019-07-02,0.1611709501619992,0.9066209938813655,0.8388290498380008,0.8912701304465007,0.0024842400461081143,0.001904885096146329,2.114057456007188,5
2019-07-03,0.3379604513264706,0.9066209938813655,0.6620395486735293,0.8912701304465007,0.002000945184508214,0.00201333239606362,-0.21696196987662453,5
2019-07-04,0.10872986956706022,0.9066209938813655,0.8912701304329396,0.8912701304465007,0.002627595307166199,0.001872716366907281,1.072910735741396,5
2019-07-05,0.108732652922208,0.9066209938813655,0.891267347077792,0.8912701304465007,0.0026275876985181867,0.0018727180742900643,2.0150410845693894,5
2019-07-06,0.24461464208069605,0.9066209938813655,0.7553853579193038,0.8912701304465007,0.0022561304066494397,0.0019560716373385814,2.171219407769975,5
2019-07-07,0.4243016393816225,0.9066209938813655,0.5756983606183773,0.8912701304465007,0.0017649030913650878,0.0020662963371039945,2.140862945107611,5
2019-07-08,0.5348187863645413,0.9066209938813655,0.4651812136354588,0.8912701304465007,0.0014627598601021578,0.002134090443122257,0.3747086330711795,5
2019-07-09,0.10875053297264058,0.9066209938813655,0.8912494670273594,0.8912701304465007,0.0026275388211729083,0.0018727290423802452,2.0109076813700297,5
2019-07-10,0.24658351121824199,0.9066209938813655,0.7534164887817579,0.8912701304465007,0.002250748054801671,0.001957279393118483,1.4624147351254553,5
2019-07-11,0.12594387974096685,0.9066209938813655,0.8740561202590331,0.8912701304465007,0.002580538554555799,0.0018832758905883411,0.9961092248797427,5
2019-07-12,0.10873130558242011,0.9066209938813655,0.8912686944175798,0.8912701304465007,0.002627591381639333,0.0018727172477966294,1.5715928086460063,5
2019-07-13,0.11334188757159451,0.9066209938813655,0.8866581124284053,0.8912701304465007,0.002614987773441868,0.0018755454992735543,1.580790016467069,5
2019-07-14,0.11325364630225854,0.9066209938813655,0.8867463536977415,0.8912701304465007,0.0026152289922468917,0.0018754913697730032,0.1602095460930189,5
2019-07-15,0.10872986955946458,0.9066209938813655,0.8912701304405353,0.8912701304465007,0.002627595307186963,0.0018727163669026217,1.2907805118159026,5
2019-07-16,0.10882473843508102,0.9066209938813655,0.891175261564919,0.8912701304465007,0.002627335971294554,0.00187277456195006,-1.6980920566460616,5
2019-07-17,0.10872986955349923,0.9066209938813655,0.8912701304465007,0.8912701304465007,0.0026275953072032706,0.0018727163668989626,2.001193232891746,5
2019-07-18,0.24205193645774475,0.9066209938813655,0.7579480635422552,0.8912701304465007,0.002263136141300953,0.0019544996067402632,0.11192710733168537,5
2019-07-19,0.10872986968678731,0.9066209938813655,0.8912701303132126,0.8912701304465007,0.0026275953068389105,0.0018727163669807249,2.0620100279946088,5
2019-07-20,0.2670020840684155,0.9066209938813655,0.7329979159315844,0.8912701304465007,0.002194929067201685,0.001969804679287517,1.7229767725553444,5
2019-07-21,0.24009717939441147,0.9066209938813655,0.7599028206055886,0.8912701304465007,0.0022684799079262454,0.0019533005076754636,1.7654103761013105,5
2019-07-22,0.23254451025932654,0.9066209938813655,0.7674554897406733,0.8912701304465007,0.002289126795048505,0.0019486675030599538,1.7544692874661225,5
2019-07-23,0.22152173244153547,0.9066209938813655,0.7784782675584645,0.8912701304465007,0.002319259912678553,0.001941905843096812,1.381540755136513,5
2019-07-24,0.11247381551865217,0.9066209938813655,0.8875261844813479,0.8912701304465007,0.0026173607592611227,0.0018750130011916256,2.192594526953849,5
2019-07-25,0.33210164841105366,0.9066209938813655,0.6678983515889463,0.8912701304465007,0.0020169619499061375,0.002009738453251748,2.557847148790578,5
2019-07-26,0.6060766817758284,0.9066209938813655,0.3939233182241715,0.8912701304465007,0.0012679427658440316,0.002177801898294889,2.8521607702300056,5
2019-07-27,0.7742289860294583,0.9066209938813655,0.22577101397054172,0.8912701304465007,0.0008082039176840338,0.002280950915917898,0.3424573957347121,5
2019-07-28,0.2113850035014692,0.9066209938813655,0.7886149964985307,0.8912701304465007,0.002346970745731211,0.0019356877086696947,2.4215228920244165,5
2019-07-29,0.4979017916874139,0.9066209938813655,0.5020982083125862,0.8912701304465007,0.0015636883889303338,0.0021114445938641,2.840026550278224,5
2019-07-30,0.734560045279268,0.9066209938813655,0.265439954720732,0.8912701304465007,0.0009166631844515643,0.00225661695102405,3.0417903561594613,5
2019-07-31,0.8122192082082592,0.8988804830802092,0.18778079179174073,0.9037472175071977,0.0007057556346833206,0.00265578892237783,0.0719996432646628,6
2019-08-01,0.17677862783761636,0.8988804830802092,0.8232213721623834,0.9037472175071977,0.0024567818390192923,0.0021715819300636746,1.7143331087029137,6
2019-08-02,0.15833169281113824,0.8988804830802092,0.8416683071888615,0.9037472175071977,0.002507607387561629,0.0021575253287031263,2.2709161606879746,6
2019-08-03,0.39538503083543425,0.8988804830802092,0.6046149691645657,0.9037472175071977,0.001854440832328362,0.002338160446082353,1.8975355221670296,6
2019-08-04,0.414828086685978,0.8988804830802092,0.5851719133140219,0.9037472175071977,0.0018008653781232905,0.002352976093501812,2.4568640687911567,6
2019-08-05,0.6127652192897278,0.8988804830802092,0.387234780710272,0.9037472175071977,0.0012554234667637991,0.002503804584167999,0.2483292293665208,6
2019-08-06,0.0963085207190013,0.8988804830802092,0.9036914792809986,0.9037472175071977,0.002678492593146274,0.00211026354760158,1.7237193938608142,6
2019-08-07,0.11360936371051346,0.8988804830802092,0.8863906362894864,0.9037472175071977,0.0026308260493894385,0.00212344682454076,1.5430804418209116,6
2019-08-08,0.09979819608446183,0.8988804830802092,0.9002018039155381,0.9037472175071977,0.002668878016595305,0.0021129226872049663,2.229520645991754,6
2019-08-09,0.3292835349287286,0.8988804830802092,0.6707164650712714,0.9037472175071977,0.002036580607880848,0.002287790974082653,2.5174389397530517,6
2019-08-10,0.5837087343784355,0.8988804830802092,0.4162912656215646,0.9037472175071977,0.001335495297841158,0.0024816634845896374,0.704321324106826,6
2019-08-11,0.10354861351009302,0.8988804830802092,0.8964513864899067,0.9037472175071977,0.0026585450409799326,0.002115780512779355,2.033230056368915,6
2019-08-12,0.2425784146512014,0.8988804830802092,0.7574215853487986,0.9037472175071977,0.0022754850745227003,0.002221721499131383,2.2076354601474115,6
2019-08-13,0.425158501630635,0.8988804830802092,0.5748414983693648,0.9037472175071977,0.0017723996806837995,0.002360847890337312,1.0475001351822977,6
2019-08-14,0.10167091677398525,0.8988804830802092,0.8983290832260146,0.9037472175071977,0.0026637183857154347,0.002114349704113439,0.724758158968575,6
2019-08-15,0.09625279281411926,0.8988804830802092,0.9037472071858806,0.9037472175071977,0.002678646131728249,0.002110221082826675,1.861240396596995,6
2019-08-16,0.1600037712843888,0.8988804830802092,0.839996228715611,0.9037472175071977,0.0025030004430989924,0.00215879945584177,2.3681640152229937,6
2019-08-17,0.4359263749197552,0.8988804830802092,0.5640736250802447,0.9037472175071977,0.0017427284247392334,0.002369053031305652,2.175370142816862,6
2019-08-18,0.5414771175262191,0.8988804830802092,0.4585228824737808,0.9037472175071977,0.0014518724889334004,0.00244948290813881,2.7620935872115946,6
2019-08-19,0.7308795482420727,0.8988804830802092,0.2691204517579271,0.9037472175071977,0.0009299221577575074,0.0025938079389078873,0.280594347381121,6
2019-08-20,0.11609508034056422,0.8988804830802092,0.8839049196594356,0.9037472175071977,0.0026239774805274342,0.002125340945581126,2.133659814379284,6
2019-08-21,0.29740120180757834,0.8988804830802092,0.7025987981924215,0.9037472175071977,0.002124429165870132,0.0022634965725202823,0.8862982714280225,6
2019-08-22,0.0962687928089169,0.8988804830802092,0.9037312071910829,0.9037472175071977,0.0026786020493874993,0.0021102332748546906,2.245189272948103,6
2019-08-23,0.3340346738065541,0.8988804830802092,0.6659653261934457,0.9037472175071977,0.0020234892221365494,0.0022914113514037816,1.7883669580381103,6
2019-08-24,0.3162647664806224,0.8988804830802092,0.6837352335193774,0.9037472175071977,0.002072452655791976,0.0022778706465042425,1.689921818464235,6
2019-08-25,0.2471934699465061,0.8988804830802092,0.7528065300534937,0.9037472175071977,0.002262769121334718,0.0022252381804906372,2.4600316688761747,6
2019-08-26,0.522169589682127,0.8988804830802092,0.4778304103178727,0.9037472175071977,0.0015050773361316298,0.0024347705333311502,1.9452225753426602,6
2019-08-27,0.5321392895392419,0.8988804830802092,0.46786071046075783,0.9037472175071977,0.0014776043567779544,0.0024423674645489717,2.028385290420128,6
2019-08-28,0.5618186627609254,0.8988804830802092,0.43818133723907454,0.9037472175071977,0.0013958177802960196,0.002464983206264835,0.8193844196561667,6
2019-08-29,0.11108300663926024,0.8988804830802092,0.8889169933607396,0.9037472175071977,0.002637786582174043,0.0021215217354029693,1.8179150710467449,6
2019-08-30,0.1483101811985882,0.8988804830802092,0.8516898188014117,0.9037472175071977,0.0025352187912089136,0.0021498889168241058,2.2977558009032717,6
2019-08-31,0.3992364355077131,0.8988804830802092,0.6007635644922866,0.9037472175071977,0.0018438282990776182,0.0023410952241405326,2.7742249720333727,6
2019-09-01,0.6776770640372489,0.8988804830802092,0.3223229359627511,0.9037472175071977,0.001076540398348465,0.002553267539606614,2.6690209571180024,6
2019-09-02,0.7715016737922484,0.8988804830802092,0.22849832620775154,0.9037472175071977,0.0008179713267743308,0.0026247620797696276,-0.06931853298139456,6
2019-09-03,0.09861478348525848,0.8988804830802092,0.9013852165147413,0.9037472175071977,0.002672138496544029,0.0021120209244390557,1.963037343130973,6
2019-09-04,0.20557151566813975,0.8988804830802092,0.7944284843318603,0.9037472175071977,0.002377450021294026,0.0021935221681396327,2.407714169658765,6
2019-09-05,0.47936457503505014,0.8988804830802092,0.5206354249649497,0.9037472175071977,0.0016230315597576528,0.002402153026614574,2.864048662816421,6
2019-09-06,0.7237213448549035,0.8988804830802092,0.2762786551450963,0.9037472175071977,0.0009496493074176987,0.0025883533736195757,1.6102223915338398,6
2019-09-07,0.6080904261719257,0.8988804830802092,0.39190957382807434,0.9037472175071977,0.0012683060012136122,0.0025002423824686025,2.649134367640485,6
2019-09-08,0.7404481645903939,0.8988804830802092,0.2595518354096059,0.9037472175071977,0.0009035521062550205,0.002601099243690352,2.853727161673406,6
2019-09-09,0.8122084186995878,0.8988804830802092,0.18779158130041207,0.9037472175071977,0.0007057853703385899,0.0026557807007506567,2.96822887322271,6
2019-09-10,0.8427438012685043,0.8988804830802092,0.1572561987314957,0.9037472175071977,0.0006216299674721453,0.00267904872330004,1.5239142858502288,6
2019-09-11,0.7189208845865386,0.8988804830802092,0.2810791154134612,0.9037472175071977,0.0009628787666022963,0.002584695413300276,3.1157356589724254,6
2019-09-12,0.8254737524627382,0.8988804830802092,0.1745262475372618,0.9037472175071977,0.0006692262919450587,0.0026658889115919477,1.9916186644267626,6
2019-09-13,0.7707900439465574,0.8988804830802092,0.22920995605344263,0.9037472175071977,0.0008199325294787204,0.0026242198164048575,3.0085760949976073,6
2019-09-14,0.8327655836135046,0.8988804830802092,0.16723441638649533,0.9037472175071977,0.0006491300180005404,0.0026714453015032054,3.233766104239344,6
2019-09-15,0.8599866689118733,0.8988804830802092,0.14001333108812664,0.9037472175071977,0.0005741082088488987,0.002692187822908058,3.08221550807731,6
2019-09-16,0.8613563929757767,0.8988804830802092,0.13864360702422326,0.9037472175071977,0.0005703332015276606,0.002693231555382456,3.1171387665704504,6
2019-09-17,0.8629252964657637,0.8988804830802092,0.13707470353423631,0.9037472175071977,0.0005660092460800726,0.0026944270629776345,3.0608336126908537,6
2019-09-18,0.8614040542240375,0.8988804830802092,0.13859594577596251,0.9037472175071977,0.0005702018454249294,0.002693267873348893,3.1635795509149864,6
2019-09-19,0.8644742269908704,0.8988804830802092,0.1355257730091295,0.9037472175071977,0.0005617403340506744,0.0026956073511336534,3.1123576998204148,6
2019-09-20,0.863720494572741,0.8988804830802092,0.13627950542725897,0.9037472175071977,0.0005638176498977089,0.0026950330055245343,2.87112291054468,6
2019-09-21,0.8543692965949572,0.8988804830802092,0.14563070340504275,0.9037472175071977,0.0005895898602015021,0.0026879073739749793,2.1602340163445097,6
2019-09-22,0.8064647945698145,0.8988804830802092,0.19353520543018554,0.9037472175071977,0.000721614656477463,0.0026514040476838378,3.1872164291844234,6
2019-09-23,0.8518533112419594,0.8988804830802092,0.1481466887580405,0.9037472175071977,0.0005965239815486576,0.0026859901881072287,0.2752487637945864,6
2019-09-24,0.3789203235372833,0.8988804830802092,0.6210796764627164,0.9037472175071977,0.001899809086378898,0.0023256143062127203,-0.9295947842650826,6
2019-09-25,0.09625278249280253,0.8988804830802092,0.9037472175071973,0.9037472175071977,0.002678646160164996,0.0021102210749618113,1.8780173203759765,6
2019-09-26,0.16114126348794566,0.8988804830802092,0.8388587365120541,0.9037472175071977,0.0024998663996942568,0.0021596662271744158,1.522872750161024,6
2019-09-27,0.10220036071705159,0.8988804830802092,0.8977996392829484,0.9037472175071977,0.0026622596862328897,0.0021147531414562695,2.1869161964408574,6
2019-09-28,0.3133912152501135,0.8988804830802092,0.6866087847498865,0.9037472175071977,0.0020803704417648064,0.002275680994723153,2.6490145739504865,6
2019-09-29,0.6123160771524369,0.8988804830802092,0.3876839228475631,0.9037472175071977,0.001256661188746874,0.002503462336961671,2.200724677202519,6
2019-09-30,0.6605260227703225,0.8988804830802092,0.3394739772296774,0.9037472175071977,0.0011238054510466645,0.0025401984118809803,1.86974595902751,6
2019-10-01,0.620238778548831,0.8988804830802092,0.379761221451169,0.9037472175071977,0.0012348281957781867,0.0025094994512610343,3.033557453538139,6
2019-10-02,0.7910427099194114,0.8988804830802092,0.2089572900805885,0.9037472175071977,0.0007641173510582513,0.0026396523883557062,3.1783972058740018,6
2019-10-03,0.8476361615787742,0.8988804830802092,0.15236383842122575,0.9037472175071977,0.0006081465396796462,0.002682776711634954,2.62140124709452,6
2019-10-04,0.8359788017735796,0.8988804830802092,0.16402119822642025,0.9037472175071977,0.0006402743747510874,0.0026738937801635255,2.7756026176538877,6
2019-10-05,0.8402279463353344,0.8988804830802092,0.15977205366466563,0.9037472175071977,0.0006285636954134407,0.0026771316368124597,3.1590988373515376,6
2019-10-06,0.8590096759403361,0.8988804830802092,0.14099032405966394,0.9037472175071977,0.0005768008342426414,0.0026914433523110054,0.2471628785609945,6
2019-10-07,0.38989057234536484,0.8988804830802092,0.610109427654635,0.9037472175071977,0.001869580765300093,0.002333973657731002,1.1930056458342748,6
2019-10-08,0.1147669147102312,0.8988804830802092,0.8852330852897686,0.9037472175071977,0.0026276368019032144,0.0021243288807161727,2.2380005356757056,6
2019-10-09,0.3454771791756649,0.8988804830802092,0.654522820824335,0.9037472175071977,0.0019919602000005097,0.0023001305633654793,1.2136440910435404,6
2019-10-10,0.10526803279682725,0.8988804830802092,0.8947319672031727,0.9037472175071977,0.0026538077714904477,0.002117090713712495,2.241737382299566,6
2019-10-11,0.3395577106290308,0.8988804830802092,0.660442289370969,0.9037472175071977,0.0020082708999772246,0.002295619916501547,1.4225128611962246,6
2019-10-12,0.14679722173996926,0.8988804830802092,0.8532027782600307,0.9037472175071977,0.0025393873073351445,0.0021487360386926464,2.353197707565788,6
2019-10-13,0.42054659188885757,0.8988804830802092,0.5794534081111422,0.9037472175071977,0.0017851079200165067,0.0023573336058961324,2.713718093181702,6
2019-10-14,0.6735484233914171,0.8988804830802092,0.3264515766085828,0.9037472175071977,0.0010879181887745884,0.0025501215071824677,3.055447030611409,6
2019-10-15,0.8084594494539866,0.8988804830802092,0.19154055054601332,0.9037472175071977,0.0007161174412597648,0.0026529239786923457,1.7170369421278275,6
2019-10-16,0.715591279262265,0.8988804830802092,0.2844087207377349,0.9037472175071977,0.0009720547205362644,0.0025821582473882104,2.021328235364,6
2019-10-17,0.6932269613498951,0.8988804830802092,0.3067730386501048,0.9037472175071977,0.0010336875028036721,0.0025651165924388372,3.0305601694021664,6
2019-10-18,0.8120821632335411,0.8988804830802092,0.18791783676645885,0.9037472175071977,0.000706133327694219,0.0026556844938331794,2.514792707624894,6
2019-10-19,0.8130726089891505,0.8988804830802092,0.18692739101084951,0.9037472175071977,0.0007034036799446572,0.0026564392154785833,3.1760148651482116,6
2019-10-20,0.8529118631284627,0.8988804830802092,0.14708813687153727,0.9037472175071977,0.0005936065857972485,0.0026867968067604995,1.1575539464766664,6
2019-10-21,0.6666556560625084,0.8988804830802092,0.33334434393749146,0.9037472175071977,0.0011069133706601158,0.0025448692047010846,3.061602305705215,6
2019-10-22,0.8068698482381564,0.8988804830802092,0.1931301517618434,0.9037472175071977,0.0007204983398346514,0.0026517126993887054,1.7201712256286898,6
2019-10-23,0.7146083481565387,0.8988804830802092,0.2853916518434612,0.9037472175071977,0.0009747635468002759,0.0025814092519210368,-0.23546479760948458,6
2019-10-24,0.09625638224227538,0.8988804830802092,0.9037436177577246,0.9037472175071977,0.002678636242325368,0.0021102238179781046,2.23618348916333,6
2019-10-25,0.3295305250379482,0.8988804830802092,0.6704694749620517,0.9037472175071977,0.0020359000469019057,0.002287979181039544,-2.0994671370289986,6
2019-10-26,0.0962527824928022,0.8988804830802092,0.9037472175071977,0.9037472175071977,0.002678646160164997,0.002110221074961811,1.1934119386143456,6
2019-10-27,0.09626817405088914,0.8988804830802092,0.9037318259491107,0.9037472175071977,0.0026786037541569486,0.0021102328033598366,1.777252613057075,6
2019-10-28,0.13097841258081433,0.8988804830802092,0.8690215874191856,0.9037472175071977,0.0025829712380523715,0.002136682074495902,1.8071714096483604,6
2019-10-29,0.15765950435846532,0.8988804830802092,0.8423404956415345,0.9037472175071977,0.002509459413880678,0.0021570131197586684,2.278425661023761,6
2019-10-30,0.39107074475958975,0.8738492128697191,0.6089292552404103,0.8960163102882269,0.001793552587991546,0.002300185563710511,1.6040334173049566,7
2019-10-31,0.26482718176853,0.8738492128697191,0.7351728182314702,0.8960163102882269,0.0021296703837630796,0.0023014512244889586,2.557185121105417,7
2019-11-01,0.5467168986271553,0.8738492128697191,0.45328310137284467,0.8960163102882269,0.0013791517149845326,0.0022986251258743243,2.836795796212632,7
2019-11-02,0.7223682602106283,0.8738492128697191,0.27763173978937156,0.8960163102882269,0.0009114878717945505,0.0022968641248872655,3.1560317843231216,7
2019-11-03,0.8057380284974349,0.8738492128697191,0.19426197150256502,0.8960163102882269,0.0006895196144885048,0.002296028297354132,2.8596099851012835,7
2019-11-04,0.8112818397115904,0.8738492128697191,0.18871816028840946,0.8960163102882269,0.0006747594664941261,0.0022959727176140596,2.190171317887196,7
2019-11-05,0.7604176288823915,0.8738492128697191,0.23958237111760836,0.8960163102882269,0.0008101831396983578,0.002296482659152051,2.8538838555042867,7
2019-11-06,0.7960980898854029,0.8738492128697191,0.20390191011459707,0.8960163102882269,0.0007151855174192253,0.0022961249430120873,3.247149897660306,7
2019-11-07,0.8281127348413099,0.8738492128697191,0.17188726515869004,0.8960163102882269,0.000629947965235203,0.0022958039786833205,2.4182061668835835,7
2019-11-08,0.7903416585441247,0.8738492128697191,0.20965834145587514,0.8960163102882269,0.0007305117569206181,0.0022961826543852447,0.05212598578721939,7
2019-11-09,0.12100546625008207,0.8738492128697191,0.878994533749918,0.8960163102882269,0.0025125892143628642,0.0023028931158623313,2.3286198556527022,7
2019-11-10,0.37982814544045823,0.8738492128697191,0.6201718545595418,0.8960163102882269,0.0018234855020250503,0.0023002982769187645,1.8668687316619479,7
2019-11-11,0.37290678822931284,0.8738492128697191,0.6270932117706872,0.8960163102882269,0.0018419133036724662,0.002300367667311021,1.3071296741316751,7
2019-11-12,0.1298939600826734,0.8738492128697191,0.8701060399173267,0.8960163102882269,0.0024889240005628306,0.0023028040038493556,2.3009511930827498,7
2019-11-13,0.374668557023926,0.8738492128697191,0.625331442976074,0.8960163102882269,0.001837222673655981,0.002300350004615108,2.728437035171384,7
2019-11-14,0.639188697469093,0.8738492128697191,0.36081130253090704,0.8960163102882269,0.0011329497140011122,0.0022976980455057597,2.4535143662962007,7
2019-11-15,0.7030029934084624,0.8738492128697191,0.2969970065915375,0.8960163102882269,0.000963047023223216,0.0022970582722804077,1.8647586612819547,7
2019-11-16,0.632632717571463,0.8738492128697191,0.36736728242853695,0.8960163102882269,0.0011504047153599348,0.002297763772790574,3.0880447246800427,7
2019-11-17,0.7772479031697453,0.8738492128697191,0.22275209683025457,0.8960163102882269,0.0007653732915763975,0.002296313926445596,3.228047398644748,7
2019-11-18,0.8229279747892339,0.8738492128697191,0.17707202521076615,0.8960163102882269,0.0006437521556785694,0.00229585595873908,0.1706411984110312,7
2019-11-19,0.2322544132852854,0.8738492128697191,0.7677455867147147,0.8960163102882269,0.0022163939110442206,0.0023017777843113993,2.3771843595154403,7
2019-11-20,0.4707077925251448,0.8738492128697191,0.5292922074748553,0.8960163102882269,0.0015815225364739834,0.002299387158742527,2.7851461755916462,7
2019-11-21,0.6871545506092958,0.8738492128697191,0.3128454493907043,0.8960163102882269,0.0010052427889439917,0.0022972171615890996,0.18493840489366176,7
2019-11-22,0.10421267831326897,0.8738492128697191,0.8957873216867311,0.8960163102882269,0.0025572992545477226,0.002303061472747616,1.5107649851848548,7
2019-11-23,0.10480693853605025,0.8738492128697191,0.8951930614639498,0.8960163102882269,0.00255571706351878,0.002303055514963802,2.273609985111908,7
2019-11-24,0.34390355122924576,0.8738492128697191,0.6560964487707543,0.8960163102882269,0.0019191331149812558,0.0023006584406276894,1.0440388233813516,7
2019-11-25,0.10432379276887942,0.8738492128697191,0.8956762072311206,0.8960163102882269,0.0025570034173233724,0.0023030603587644153,1.8664827977088612,7
2019-11-26,0.16122799548115013,0.8738492128697191,0.8387720045188499,0.8960163102882269,0.002405498544910286,0.0023024898630037175,2.41190100824425,7
2019-11-27,0.4402502972141287,0.8738492128697191,0.5597497027858713,0.8960163102882269,0.0016626142455851997,0.002299692511794291,1.0535224021660987,7
2019-11-28,0.11003001962296172,0.8738492128697191,0.8899699803770383,0.8960163102882269,0.0025418108457977108,0.0023030031507187054,2.1116461270850513,7
2019-11-29,0.2747864756913418,0.8738492128697191,0.7252135243086583,0.8960163102882269,0.002103154212745962,0.0023013513771193146,1.4537035519582906,7
2019-11-30,0.12332989343698297,0.8738492128697191,0.8766701065630171,0.8960163102882269,0.002506400531852303,0.0023028698122082433,1.8224221058656729,7
2019-12-01,0.1573959091669234,0.8738492128697191,0.8426040908330767,0.8960163102882269,0.0024157013018527166,0.0023025282817652976,1.9761142472535038,7
2019-12-02,0.2496300805619055,0.8738492128697191,0.7503699194380946,0.8960163102882269,0.0021701319804686044,0.0023016035837418788,2.204020603650281,7
2019-12-03,0.41672681729721045,0.8738492128697191,0.5832731827027896,0.8960163102882269,0.0017252444509694546,0.00229992834754859,2.8016782312549697,7
2019-12-04,0.6701430736728343,0.8738492128697191,0.3298569263271656,0.8960163102882269,0.0010505350806587707,0.002297387710951235,2.571362075295885,7
2019-12-05,0.7339978972161296,0.8738492128697191,0.26600210278387026,0.8960163102882269,0.0008805244865618928,0.0022967475314144845,1.8333950501511642,7
2019-12-06,0.6514219147378021,0.8738492128697191,0.3485780852621979,0.8960163102882269,0.0011003793236805518,0.0022975754008106608,2.5415907175451107,7
2019-12-07,0.7217729440858918,0.8738492128697191,0.2782270559141083,0.8960163102882269,0.0009130728741887105,0.0022968700932570743,3.1060243420482814,7
2019-12-08,0.8023292685394363,0.8738492128697191,0.19767073146056352,0.8960163102882269,0.0006985952845459363,0.0022960624720374167,3.2529058772836152,7
2019-12-09,0.8297643239839928,0.8738492128697191,0.17023567601600711,0.8960163102882269,0.000625550683425306,0.00229578742059869,1.346700379903409,7
2019-12-10,0.6507358414639662,0.8738492128697191,0.34926415853603376,0.8960163102882269,0.0011022059628905197,0.002297582279070536,2.390639743488369,7
2019-12-11,0.6986789665458459,0.8738492128697191,0.30132103345415406,0.8960163102882269,0.0009745595501545231,0.0022971016230150937,3.039635604673016,7
2019-12-12,0.7913264038865861,0.8738492128697191,0.20867359611341385,0.8960163102882269,0.0007278899167441359,0.002296172781774498,3.2124101971259074,7
2019-12-13,0.8254836527341289,0.8738492128697191,0.1745163472658709,0.8960163102882269,0.0006369477780978523,0.0022958303366696405,3.206420528604159,7
2019-12-14,0.8332490517495497,0.8738492128697191,0.16675094825045023,0.8960163102882269,0.0006162727524781423,0.0022957524842965775,1.4736343414649784,7
2019-12-15,0.6793117324223775,0.8738492128697191,0.3206882675776225,0.8960163102882269,0.001026123939395395,0.0022972957901317074,3.10788541009539,7
2019-12-16,0.791331635737465,0.8738492128697191,0.2086683642625349,0.8960163102882269,0.00072787598717652,0.002296172729322331,0.6655247731993015,7
2019-12-17,0.3754896819393141,0.8738492128697191,0.624510318060686,0.8960163102882269,0.0018350364655749006,0.0023003417723886487,1.2356922115146667,7
2019-12-18,0.11642465368667049,0.8738492128697191,0.8835753463133296,0.8960163102882269,0.002524785421130585,0.0023029390410141373,0.29715269802669114,7
2019-12-19,0.1039836897201218,0.8738492128697191,0.8960163102798784,0.8960163102882269,0.0025579089263445343,0.002303063768483527,1.9482564354885703,7
2019-12-20,0.19483859968836348,0.8738492128697191,0.8051614003116365,0.8960163102882269,0.002316011827289641,0.002302152898310413,2.4673061640482974,7
2019-12-21,0.4805529592112342,0.8738492128697191,0.5194470407887658,0.8960163102882269,0.0015553102236714352,0.002299288455560862,2.7555161844288976,7
2019-12-22,0.68572247069576,0.8738492128697191,0.3142775293042401,0.8960163102882269,0.0010090556372629913,0.0022972315189736282,0.5566997824390012,7
2019-12-23,0.13650291810018328,0.8738492128697191,0.8634970818998168,0.8960163102882269,0.002471327948012527,0.0023027377454299084,1.900425644594149,7
2019-12-24,0.19886911640151378,0.8738492128697191,0.8011308835984863,0.8960163102882269,0.002305280758331051,0.002302112490175536,2.2172711213262764,7
2019-12-25,0.3879853869725779,0.8738492128697191,0.6120146130274222,0.8960163102882269,0.0018017672140587147,0.0023002164961101208,2.646875433316243,7
2019-12-26,0.6267828544442541,0.8738492128697191,0.3732171455557458,0.8960163102882269,0.001165979712596191,0.002297822420868495,3.075623513679084,7
2019-12-27,0.77452671869912,0.8738492128697191,0.22547328130087993,0.8960163102882269,0.0007726183228113984,0.0022963412078084934,3.192843570034985,7
2019-12-28,0.8205719657547255,0.8738492128697191,0.17942803424527448,0.8960163102882269,0.0006500249237647921,0.0022958795790184667,3.1237651578166226,7
2019-12-29,0.8287370032721763,0.8738492128697191,0.1712629967278238,0.8960163102882269,0.0006282858786154186,0.0022957977200508055,3.0397178462086436,7
2019-12-30,0.8272864466537093,0.8738492128697191,0.1727135533462907,0.8960163102882269,0.0006321479203710348,0.0022958122626744086,1.7195494996532505,7
2019-12-31,0.7132806441270276,0.8738492128697191,0.2867193558729724,0.8960163102882269,0.0009356832406861034,0.002296955233209735,2.8595055751925065,7
2020-01-01,0.7810539071042598,0.8738492128697191,0.21894609289574005,0.8960163102882269,0.0007552399773191134,0.0022962757691741406,3.224646036436838,7
2020-01-02,0.8236502159743438,0.8738492128697191,0.17634978402565615,0.8960163102882269,0.0006418292210078262,0.0022958487178761093,0.6684665541232735,7
2020-01-03,0.44873024179821774,0.8738492128697191,0.5512697582017823,0.8960163102882269,0.0016400367751826042,0.0022996074957110212,0.9926038866721191,7
2020-01-04,0.10726325230345639,0.8738492128697191,0.8927367476965438,0.8960163102882269,0.0025491772389461083,0.002303030889074598,2.2950698162615137,7
2020-01-05,0.35518957418101127,0.8738492128697191,0.6448104258189888,0.8960163102882269,0.0018890845875642274,0.002300545292073765,2.740969170290069,7
2020-01-06,0.6340707836101772,0.8738492128697191,0.3659292163898226,0.8960163102882269,0.0011465759292673995,0.002297749355391865,0.5099494971242771,7
2020-01-07,0.10629494247705672,0.8738492128697191,0.8937050575229435,0.8960163102882269,0.002551755320167259,0.002303040596910306,1.5581062663502572,7
2020-01-08,0.1057511591169547,0.8738492128697191,0.8942488408830455,0.8960163102882269,0.0025532031188271014,0.0023030460486359585,2.162874149156511,7
2020-01-09,0.29488983576791844,0.8738492128697191,0.7051101642320815,0.8960163102882269,0.0020496299229172234,0.0023011498299373347,1.559853176388785,7
2020-01-10,0.16726402754264152,0.8738492128697191,0.8327359724573585,0.8960163102882269,0.002389427881831946,0.0023024293484803894,1.610169653121006,7
2020-01-11,0.1189423861557341,0.8738492128697191,0.8810576138442661,0.8960163102882269,0.002518082072030171,0.0023029137993688512,2.1216750365875168,7
2020-01-12,0.2867159864173615,0.8738492128697191,0.7132840135826386,0.8960163102882269,0.0020713924282987216,0.002301231777248444,2.3091688169157543,7
2020-01-13,0.4791011175028413,0.8738492128697191,0.5208988824971587,0.8960163102882269,0.0015591756868195614,0.002299303011068195,2.786047242060519,7
2020-01-14,0.6904058145145062,0.8738492128697191,0.3095941854854938,0.8960163102882269,0.0009965864451180451,0.002297184565889899,-0.32443677079211164,7
2020-01-15,0.10398379364844293,0.8738492128697191,0.8960162063515571,0.8960163102882269,0.0025579086496400685,0.0023030637674415883,2.269753701223563,7
2020-01-16,0.3415690526778321,0.8738492128697191,0.6584309473221679,0.8960163102882269,0.0019253486121489382,0.002300681845252716,2.416547804913618,7
2020-01-17,0.5447237562686619,0.8738492128697191,0.45527624373133824,0.8960163102882269,0.001384458366756223,0.002298645108216784,2.1466779959020337,7
2020-01-18,0.5871918957939795,0.8738492128697191,0.41280810420602054,0.8960163102882269,0.0012713888575782144,0.0022982193418865466,3.040887278266634,7
2020-01-19,0.7600468903726643,0.8738492128697191,0.23995310962733563,0.8960163102882269,0.0008111702143009112,0.0022964863760084175,1.2075029030904507,7
2020-01-20,0.5194873442703435,0.8738492128697191,0.48051265572965646,0.8960163102882269,0.0014516491771534954,0.0022988981170522305,2.806497598840825,7
2020-01-21,0.7083596866230073,0.8738492128697191,0.2916403133769926,0.8960163102882269,0.0009487850685968704,0.002297004568500641,2.9717577621379365,7
2020-01-22,0.7888054485587236,0.8738492128697191,0.21119455144127633,0.8960163102882269,0.0007346018469014325,0.0022961980557307067,2.8623346699633125,7
2020-01-23,0.8059456500588055,0.8738492128697191,0.19405434994119455,0.8960163102882269,0.0006889668314203856,0.002296026215834404,0.5947148993645002,7
2020-01-24,0.3787172434227178,0.8738492128697191,0.6212827565772823,0.8960163102882269,0.001826443228582518,0.002300309414319193,2.7403783108537394,7
2020-01-25,0.6433428363575403,0.8738492128697191,0.35665716364245964,0.8960163102882269,0.00112188950620546,0.0022976563979909496,2.758586282945262,7
2020-01-26,0.7465496693104252,0.8738492128697191,0.25345033068957484,0.8960163102882269,0.0008471059581177862,0.0022966216930329995,1.7079693393422088,7
2020-01-27,0.6360773902363145,0.8738492128697191,0.3639226097636856,0.8960163102882269,0.0011412334294534066,0.002297729238062758,0.9986624506535089,7
2020-01-28,0.2527038339903837,0.8738492128697191,0.7472961660096163,0.8960163102882269,0.0021619482505685775,0.0023015727676823122,1.4373126483724998,7
2020-01-29,0.11899550318253223,0.8936610977298595,0.8810044968174677,0.9057360562846221,0.0024808091306571453,0.0022528484982520403,2.308732986561136,8
2020-01-30,0.36501870183246793,0.8936610977298595,0.6349812981675319,0.9057360562846221,0.0018421494731063587,0.002210076482021742,2.1627673606198115,8
2020-01-31,0.4793973314990389,0.8936610977298595,0.5206026685009609,0.9057360562846221,0.0015452290063111638,0.00219019134667132,2.257621707614294,8
2020-02-01,0.5841186699258636,0.8936610977298595,0.41588133007413636,0.9057360562846221,0.0012733776289950234,0.002171985166069531,2.9892089488643427,8
2020-02-02,0.7672876628921167,0.8936610977298595,0.23271233710788325,0.9057360562846221,0.0007978784549277485,0.0021401405791239415,3.0619309836678026,8
2020-02-03,0.8284503999180758,0.8936610977298595,0.17154960008192402,0.9057360562846221,0.0006391020528579681,0.002129507217737212,3.0437625016273806,8
2020-02-04,0.8449600196281657,0.8936610977298595,0.1550399803718342,0.9057360562846221,0.0005962435982634142,0.0021266369610863315,2.6920312138780846,8
2020-02-05,0.8327809961687811,0.8936610977298595,0.16721900383121885,0.9057360562846221,0.0006278599625058774,0.002128754328033565,-0.08991029050878074,8
2020-02-06,0.1550808068239049,0.8936610977298595,0.844919193176095,0.9057360562846221,0.002387134341208586,0.0022465749386792284,2.2852238598630072,8
2020-02-07,0.382386661438615,0.8936610977298595,0.6176133385613849,0.9057360562846221,0.0017970632811859187,0.0022070569998987647,2.7170693255311313,8
2020-02-08,0.6479784189505828,0.8936610977298595,0.35202158104941705,0.9057360562846221,0.0011076005766440754,0.0021608829194654025,2.866374329848895,8
2020-02-09,0.7744490390723282,0.8936610977298595,0.2255509609276717,0.9057360562846221,0.0007792877756328874,0.0021388955481679494,2.0886082554851657,8
2020-02-10,0.7385501458421094,0.8936610977298595,0.2614498541578905,0.9057360562846221,0.0008724800016780461,0.0021451366996216277,1.3277816880306808,8
2020-02-11,0.5379961581551368,0.8936610977298595,0.46200384184486326,0.9057360562846221,0.0013931094534083016,0.0021800037303060142,1.1364926693661963,8
2020-02-12,0.1971798445231161,0.8936610977298595,0.8028201554768839,0.9057360562846221,0.002277848241758966,0.00223925586985307,2.4071397011356215,8
2020-02-13,0.4600855400549245,0.8936610977298595,0.5399144599450755,0.9057360562846221,0.0015953613823842575,0.0021935487709370664,2.465106748742254,8
2020-02-14,0.6266394074322238,0.8936610977298595,0.3733605925677762,0.9057360562846221,0.0011629957235865377,0.002164592783218131,2.805753056925677,8
2020-02-15,0.7597684439714987,0.8936610977298595,0.24023155602850116,0.9057360562846221,0.0008173980779848084,0.0021414478223248943,0.2704748728205506,8
2020-02-16,0.14451591782092182,0.8936610977298595,0.8554840821790781,0.9057360562846221,0.0024145600227771053,0.002248411682556987,2.356966934810567,8
2020-02-17,0.40473999742792377,0.8936610977298595,0.5952600025720762,0.9057360562846221,0.0017390353213429946,0.0022031707921956593,1.6229698426858363,8
2020-02-18,0.2880097515238193,0.8936610977298595,0.7119902484761806,0.9057360562846221,0.002042059916053716,0.002223464764470531,1.251432617122414,8
2020-02-19,0.09769815164699261,0.8936610977298595,0.9023018483530075,0.9057360562846221,0.0025360954490933514,0.0022565511192672097,1.3018209899201107,8
2020-02-20,0.09435237508482076,0.8936610977298595,0.9056476249151793,0.9057360562846221,0.0025447808302333243,0.002257132794532817,2.2394848058114714,8
2020-02-21,0.31337740261806785,0.8936610977298595,0.6866225973819321,0.9057360562846221,0.001976207111967183,0.0022190545072659994,2.5696478087994468,8
2020-02-22,0.5788768747031384,0.8936610977298595,0.4211231252968615,0.9057360562846221,0.0012869850840067434,0.0021728964709853784,2.933001097992097,8
2020-02-23,0.75890165777219,0.8936610977298595,0.24109834222781004,0.9057360562846221,0.0008196482236991708,0.0021415985162171313,1.4766367224903325,8
2020-02-24,0.604809715313586,0.8936610977298595,0.3951902846864139,0.9057360562846221,0.0012196646275694466,0.002168387953554605,1.128668797215656,8
2020-02-25,0.27699785897002055,0.8936610977298595,0.7230021410299795,0.9057360562846221,0.0020706460745873365,0.0022253792215201993,1.572967948873859,8
2020-02-26,0.15992604823772577,0.8936610977298595,0.8400739517622741,0.9057360562846221,0.0023745564455067807,0.0022457325760665606,1.1495962175225805,8
2020-02-27,0.09431684543277631,0.8936610977298595,0.9056831545672238,0.9057360562846221,0.0025448730625004514,0.002257138971490365,2.239581131527929,8
2020-02-28,0.31338857630069356,0.8936610977298595,0.6866114236993064,0.9057360562846221,0.001976178105791263,0.0022190525646811647,2.6027970549157864,8
2020-02-29,0.5882719196357274,0.8936610977298595,0.4117280803642725,0.9057360562846221,0.0012625959859967485,0.0021712631086986257,2.0728803790385983,8
2020-03-01,0.6062190956194052,0.8936610977298595,0.3937809043805947,0.9057360562846221,0.001216005940227332,0.002168142927729212,2.91038036941712,8
2020-03-02,0.765312652383991,0.8936610977298595,0.23468734761600896,0.9057360562846221,0.0008030055118132984,0.0021404839417904385,0.54071033265838,8
2020-03-03,0.2698344405435295,0.8936610977298595,0.7301655594564705,0.9057360562846221,0.002089241840069758,0.0022266246075280383,2.1600996839659357,8
2020-03-04,0.4134054823645571,0.8936610977298595,0.5865945176354429,0.9057360562846221,0.0017165402184300361,0.002201664266533092,2.7660206365495354,8
2020-03-05,0.6713804270475284,0.8936610977298595,0.32861957295247163,0.9057360562846221,0.0010468499485529062,0.0021568143963519855,1.2154682314422915,8
2020-03-06,0.4044512118727998,0.8936610977298595,0.5955487881272002,0.9057360562846221,0.001739784992036847,0.002203220998601066,2.6815294288506437,8
2020-03-07,0.649644979295926,0.8936610977298595,0.35035502070407387,0.9057360562846221,0.0011032742572235287,0.002160593181966943,1.4291318015103374,8
2020-03-08,0.46175262479757917,0.8936610977298595,0.5382473752024208,0.9057360562846221,0.0015910337205856794,0.0021932589422702523,-0.2178870453915206,8
2020-03-09,0.09426394477222803,0.8936610977298595,0.905736055227772,0.9057360562846221,0.0025450103885807547,0.0022571481684600975,1.8260452130158162,8
2020-03-10,0.13550748696151715,0.8936610977298595,0.8644925130384828,0.9057360562846221,0.0024379452471564077,0.0022499778305992953,2.3429049010705825,8
2020-03-11,0.39233637014146033,0.8936610977298595,0.6076636298585397,0.9057360562846221,0.001771234419938885,0.0022053272073244866,2.7573005471181844,8
2020-03-12,0.6608976320466162,0.8936610977298595,0.3391023679533836,0.9057360562846221,0.0010740628472755787,0.002158636867892792,-39.13071450767191,8
2020-03-13,0.09426394371537795,0.8936610977298595,0.9057360562846221,0.9057360562846221,0.002545010391324257,0.0022571481686438346,-0.839933135313469,8
2020-03-14,0.09426394371537798,0.8936610977298595,0.9057360562846221,0.9057360562846221,0.002545010391324257,0.0022571481686438346,0.408791044505483,8
2020-03-15,0.0942639442461353,0.8936610977298595,0.9057360557538647,0.9057360562846221,0.0025450103899464513,0.0022571481685515608,1.670113964972114,8
2020-03-16,0.10305311112363902,0.8936610977298595,0.8969468888763609,0.9057360562846221,0.0025221943807191734,0.002255620140339594,1.0609355866432912,8
2020-03-17,0.09426801826147288,0.8936610977298595,0.9057319817385272,0.9057360562846221,0.002544999814113347,0.00225714746026937,0.9093173776776579,8
2020-03-18,0.09426431705891734,0.8936610977298595,0.9057356829410826,0.9057360562846221,0.0025450094221529025,0.0022571481037367202,2.2192631244512104,8
2020-03-19,0.3041120723147182,0.8936610977298595,0.6958879276852817,0.9057360562846221,0.0020002593229262885,0.0022206653181988246,-1.7460206145540318,8
2020-03-20,0.09426394371537795,0.8936610977298595,0.9057360562846221,0.9057360562846221,0.002545010391324257,0.0022571481686438346,2.216419456390297,8
2020-03-21,0.3028138870842273,0.8936610977298595,0.6971861129157726,0.9057360562846221,0.0020036293291932103,0.002220891012361217,2.629463948473154,8
2020-03-22,0.5902941386306687,0.8936610977298595,0.4097058613693312,0.9057360562846221,0.0012573463992012154,0.0021709115386672325,0.4897139392718537,8
2020-03-23,0.09512215390674333,0.8936610977298595,0.9048778460932565,0.9057360562846221,0.002542782543098152,0.002256998965721364,-0.028568993012527744,8
2020-03-24,0.09426394371667672,0.8936610977298595,0.9057360562833232,0.9057360562846221,0.0025450103913208853,0.0022571481686436087,1.6241214068832688,8
2020-03-25,0.09932915628635934,0.8936610977298595,0.9006708437136407,0.9057360562846221,0.002531861485022055,0.002256267563255868,2.099535487059991,8
2020-03-26,0.2534352241411301,0.8936610977298595,0.7465647758588699,0.9057360562846221,0.0021318131210553157,0.0022294756701675645,2.4738905424036637,8
2020-03-27,0.5174840154729723,0.8936610977298595,0.4825159845270276,0.9057360562846221,0.0014463579489097224,0.002183569839943374,1.033975533862545,8
2020-03-28,0.13952726318258762,0.8936610977298595,0.8604727368174123,0.9057360562846221,0.0024275102041515467,0.0022492789780735444,1.5479814899577558,8
2020-03-29,0.100261025810676,0.8936610977298595,0.899738974189324,0.9057360562846221,0.0025294424224960523,0.0022561055543939505,1.3511327536806705,8
2020-03-30,0.09444626451857915,0.8936610977298595,0.9055537354814208,0.9057360562846221,0.0025445371004231654,0.0022571164715177246,0.6581424935314805,8
2020-03-31,0.09426395657670508,0.8936610977298595,0.9057360434232948,0.9057360562846221,0.0025450103579372323,0.0022571481664078468,2.2489447577649893,8
2020-04-01,0.3175572610417544,0.8936610977298595,0.6824427389582456,0.9057360562846221,0.001965356462391569,0.00221832782387468,1.6605568553949608,8
2020-04-02,0.22698773009100232,0.8936610977298595,0.7730122699089976,0.9057360562846221,0.0022004690318781412,0.002234073661946268,2.0425872263690796,8
2020-04-03,0.3302095434480723,0.8936610977298595,0.6697904565519277,0.9057360562846221,0.001932511926593433,0.0022161281791606728,2.5631514351709845,8
2020-04-04,0.5858374254378335,0.8936610977298595,0.4141625745621665,0.9057360562846221,0.0012689158197852135,0.0021716863542539894,2.588573830788707,8
2020-04-05,0.7119227739679281,0.8936610977298595,0.28807722603207175,0.9057360562846221,0.0009416036439103735,0.002149765963805747,2.7714976575185433,8
2020-04-06,0.7877917379730558,0.8936610977298595,0.21220826202694415,0.9057360562846221,0.0007446505928950341,0.0021365758720680145,-0.4008222676623099,8
2020-04-07,0.09435233858387945,0.8936610977298595,0.9056476614161205,0.9057360562846221,0.002544780924986984,0.002257132800878636,2.0431851609806415,8
2020-04-08,0.22291599285181327,0.8936610977298595,0.7770840071481867,0.9057360562846221,0.002211038983379869,0.002234781548081542,1.9339063489129662,8
2020-04-09,0.2770765247323173,0.8936610977298595,0.7229234752676826,0.9057360562846221,0.0020704418633988473,0.002225365545195039,2.379010455251812,8
2020-04-10,0.49987421202275817,0.8936610977298595,0.5001257879772416,0.9057360562846221,0.0014920720967744096,0.002186631367486785,0.5857330660139789,8
2020-04-11,0.09441546383906728,0.8936610977298595,0.9055845361609326,0.9057360562846221,0.0025446170566384195,0.002257121826326422,2.254723549666812,8
2020-04-12,0.32019296526252056,0.8936610977298595,0.6798070347374795,0.9057360562846221,0.0019585143394641714,0.0022178695972345603,2.4396542444319964,8
2020-04-13,0.5441585463019409,0.8936610977298595,0.45584145369805895,0.9057360562846221,0.0013771121973190986,0.002178932377005679,2.255229938961731,8
2020-04-14,0.6229788360033645,0.8936610977298595,0.37702116399663554,0.9057360562846221,0.0011724984052359341,0.002165229186701325,3.0299465255341316,8
2020-04-15,0.7836725155023602,0.8936610977298595,0.21632748449763983,0.9057360562846221,0.0007553439524498817,0.002137292013681243,0.5121955864185233,8
2020-04-16,0.30044959585706427,0.8936610977298595,0.6995504041429357,0.9057360562846221,0.0020097668785393763,0.002221302052878113,0.7660983201278396,8
2020-04-17,0.0942711711154791,0.8936610977298595,0.9057288288845209,0.9057360562846221,0.0025449916295448034,0.002257146912134383,2.194568639221499,8
2020-04-18,0.29280755858481233,0.8936610977298595,0.7071924414151876,0.9057360562846221,0.002029605117949267,0.002222630648490376,1.9389761528253762,8
2020-04-19,0.3350673375668909,0.8936610977298595,0.664932662433109,0.9057360562846221,0.001919901393549664,0.002215283634215181,2.1987940420208485,8
2020-04-20,0.4730989171898653,0.8936610977298595,0.5269010828101347,0.9057360562846221,0.0015615793549345737,0.0021912863486082735,1.0520764968210496,8
2020-04-21,0.11700849054628598,0.8936610977298595,0.8829915094537141,0.9057360562846221,0.0024859672667690556,0.002253193947531595,2.30472309051269,8
2020-04-22,0.3616545158718578,0.8936610977298595,0.6383454841281422,0.9057360562846221,0.0018508826980045223,0.0022106613578273516,1.4904561430124565,8
2020-04-23,0.18720783960961718,0.8936610977298595,0.8127921603903828,0.9057360562846221,0.002303734865014585,0.0022409895387036066,1.4106508871247665,8
2020-04-24,0.09709884312206266,0.8936610977298595,0.9029011568779373,0.9057360562846221,0.0025376512084302884,0.0022566553112055954,2.26197613714037,8
2020-04-25,0.3258961800881828,0.8936610977298595,0.6741038199118172,0.9057360562846221,0.0019437091498682283,0.002216878072864392,2.6621266476496963,8
2020-04-26,0.6097412740637229,0.8936610977298595,0.3902587259362772,0.9057360562846221,0.0012068625242326444,0.0021675305843631676,2.397626695323763,8
2020-04-27,0.6901457374517428,0.8936610977298595,0.3098542625482572,0.9057360562846221,0.0009981359686091701,0.002153551979776719,2.86750024938088,8
2020-04-28,0.7891365604910796,0.8936610977298595,0.21086343950892028,0.9057360562846221,0.0007411594797687427,0.002136342069845771,3.163810734455637,8
2020-04-29,0.8368789096567398,0.8826370343472216,0.1631210903432603,0.8707983167480999,0.0007919230729101022,0.0025468090894362402,-1.9382567484022084,9
2020-04-30,0.1292016838125309,0.8826370343472216,0.870798316187469,0.8707983167480999,0.00307665019692615,0.0011742718690738241,2.0473121328035284,9
2020-05-01,0.3257065183950642,0.8826370343472216,0.6742934816049357,0.8707983167480999,0.002442614631069498,0.0015553922295940335,2.06617827803384,9
2020-05-02,0.4780666697448689,0.8826370343472216,0.5219333302551311,0.8707983167480999,0.00195081479936359,0.0018508941491000522,2.553301905776634,9
2020-05-03,0.6808052466928249,0.8826370343472216,0.319194753307175,0.8707983167480999,0.0012961287960842462,0.0022441048286332634,2.702510116762112,9
2020-05-04,0.7753430224038952,0.8826370343472216,0.22465697759610484,0.8707983167480999,0.0009907404860596684,0.002427460476031592,2.985754783344704,9
2020-05-05,0.8249950580096124,0.8826370343472216,0.17500494199038769,0.8707983167480999,0.0008303210441176908,0.0025237604055005805,2.926111102080767,9
2020-05-06,0.8357058625469391,0.8826370343472216,0.164294137453061,0.8707983167480999,0.0007957133584289382,0.0025445339691403746,1.7362600867596683,9
2020-05-07,0.753074495986614,0.8826370343472216,0.2469255040133861,0.8707983167480999,0.0010626812515796738,0.002384270755868023,-0.28448169599049744,9
2020-05-08,0.13006680678700516,0.8826370343472216,0.8699331932129948,0.8707983167480999,0.003073859458328906,0.0011759497717097895,2.0303556293471976,9
2020-05-09,0.3189488059197016,0.8826370343472216,0.6810511940802982,0.8707983167480999,0.0024644236510996485,0.00154228567259571,1.646809225301891,9
2020-05-10,0.2957052586013626,0.8826370343472216,0.7042947413986373,0.8707983167480999,0.0025394344279758368,0.0014972049031960481,0.25975361198191926,9
2020-05-11,0.12920175797782738,0.8826370343472216,0.8707982420221725,0.8707983167480999,0.003076649957681843,0.0011742720129171275,2.0159666199228994,9
2020-05-12,0.31194651274277213,0.8826370343472216,0.6880534872572277,0.8707983167480999,0.002487021638723522,0.0015287047522802933,1.9529814486799324,9
2020-05-13,0.42874590583120886,0.8826370343472216,0.5712540941687911,0.8707983167480999,0.0021100352765490663,0.0017552367197862136,0.9399568764375079,9
2020-05-14,0.14484618532616955,0.8826370343472216,0.8551538146738303,0.8707983167480999,0.0030261828437984344,0.001204614318763186,1.4208506816781075,9
2020-05-15,0.13888173452954786,0.8826370343472216,0.8611182654704521,0.8707983167480999,0.0030454236896652093,0.0011930462896979333,1.3991017238585683,9
2020-05-16,0.1326937221815568,0.8826370343472216,0.867306277818443,0.8707983167480999,0.0030653854445157496,0.001181044663875443,2.1919924976976173,9
2020-05-17,0.39287350278864364,0.8826370343472216,0.6071264972113564,0.8707983167480999,0.002225829390232163,0.0016856623339480546,1.7921184867178195,9
2020-05-18,0.427220265925116,0.8826370343472216,0.5727797340748839,0.8707983167480999,0.0021149601540778897,0.001752277747136663,2.658594591211914,9
2020-05-19,0.6789874349674012,0.8826370343472216,0.32101256503259884,0.8707983167480999,0.0013020002708247138,0.0022405791898792698,2.9345537576347467,9
2020-05-20,0.7959059818123937,0.8826370343472216,0.20409401818760634,0.8707983167480999,0.0009243064171866576,0.0024673422556314613,1.7706562413839841,9
2020-05-21,0.721872340716442,0.8826370343472216,0.278127659283558,0.8707983167480999,0.0011634767482471475,0.002323754297375594,0.37972669776181167,9
2020-05-22,0.19674633645704567,0.8826370343472216,0.8032536635429541,0.8707983167480999,0.002858745770000882,0.0013052744595280438,2.2734043775943915,9
2020-05-23,0.46719942094451317,0.8826370343472216,0.5328005790554867,0.8707983167480999,0.0019858987261160746,0.0018298171624220737,2.7110491514840027,9
2020-05-24,0.7025955223287,0.8826370343472216,0.2974044776713,0.8707983167480999,0.001225744955543891,0.002286366983270947,0.6574480083003079,9
2020-05-25,0.28034410242417945,0.8826370343472216,0.7196558975758205,0.8707983167480999,0.0025890051924255344,0.0014674120006820065,2.3725381758868322,9
2020-05-26,0.5469294175280208,0.8826370343472216,0.45307058247197934,0.8707983167480999,0.001728477013114743,0.001984453179936538,2.6098787682937976,9
2020-05-27,0.7152578772206344,0.8826370343472216,0.2847421227793656,0.8707983167480999,0.0011848431817059657,0.002310925571214604,1.2558869319600683,9
2020-05-28,0.5406416495973245,0.8826370343472216,0.45935835040267553,0.8707983167480999,0.0017487798672290587,0.0019722580785503283,1.127458254426307,9
2020-05-29,0.29273254172601126,0.8826370343472216,0.7072674582739887,0.8707983167480999,0.0025490275845263693,0.0014914393304066287,2.1671194159779015,9
2020-05-30,0.4842143415634581,0.8826370343472216,0.515785658436542,0.8707983167480999,0.0019309672052072874,0.0018628175346230512,1.9551734242324283,9
2020-05-31,0.5460955909275951,0.8826370343472216,0.45390440907240487,0.8707983167480999,0.0017311694100947334,0.0019828359764960182,1.6561608349569463,9
2020-06-01,0.4884252549688869,0.8826370343472216,0.511574745031113,0.8707983167480999,0.0019173722197441605,0.0018709845847549515,0.3893938649952373,9
2020-06-02,0.1293453093347304,0.8826370343472216,0.8706546906652696,0.8707983167480999,0.0030761868859715794,0.0011745504302141487,1.0569177081616359,9
2020-06-03,0.12924142027005206,0.8826370343472216,0.8707585797299479,0.8707983167480999,0.003076522014040872,0.001174348937778258,2.115867017996543,9
2020-06-04,0.36097792260125977,0.8826370343472216,0.6390220773987403,0.8707983167480999,0.0023287784110365612,0.0016238009805322874,2.304777671378327,9
2020-06-05,0.5710094183367406,0.8826370343472216,0.4289905816632593,0.8707983167480999,0.0016507212745438598,0.002031156247619545,2.207357058083751,9
2020-06-06,0.6542105086611649,0.8826370343472216,0.34578949133883496,0.8707983167480999,0.0013820264853881417,0.0021925244379110715,2.9108641659601076,9
2020-06-07,0.7869703672764787,0.8826370343472216,0.2130296327235214,0.8707983167480999,0.0009531756697215593,0.0024500116660781178,2.9825556653321623,9
2020-06-08,0.8281566826790931,0.8826370343472216,0.17184331732090685,0.8707983167480999,0.000820105606910199,0.002529892364220181,3.0656855403533543,9
2020-06-09,0.8419036923072017,0.8826370343472216,0.1580963076927983,0.8707983167480999,0.0007756871535030282,0.0025565546357956877,3.0717046783438837,9
2020-06-10,0.8453781013466376,0.8826370343472216,0.15462189865336248,0.8707983167480999,0.0007644606413871598,0.002563293238581302,2.958577994273715,9
2020-06-11,0.8424310442795233,0.8826370343472216,0.15756895572047672,0.8707983167480999,0.0007739831794091255,0.0025575774328899133,-0.5295839424656625,9
2020-06-12,0.13521859512646192,0.8826370343472216,0.864781404873538,0.8707983167480999,0.003057240554584776,0.0011859416451078606,2.0262604747020583,9
2020-06-13,0.32959773267388764,0.8826370343472216,0.6704022673261124,0.8707983167480999,0.0024300564431031227,0.0015629392245163581,2.5276968004740294,9
2020-06-14,0.6104323019857889,0.8826370343472216,0.389567698014211,0.8707983167480999,0.0015234130479309142,0.0021076167767510104,2.4927944507072417,9
2020-06-15,0.7230649009186618,0.8826370343472216,0.2769350990813383,0.8707983167480999,0.0011596244343178793,0.002326067263238127,2.875456148463347,9
2020-06-16,0.8042506531287203,0.8826370343472216,0.1957493468712797,0.8707983167480999,0.00089734584615206,0.002483526713114441,2.993650140595567,9
2020-06-17,0.8331462404058935,0.8826370343472216,0.16685375959410648,0.8707983167480999,0.0008039838332419283,0.002539569591977526,2.8777229580527033,9
2020-06-18,0.8353817445208179,0.8826370343472216,0.16461825547918207,0.8707983167480999,0.0007967606290025513,0.002543905343492416,2.924375142167672,9
2020-06-19,0.8380109452389404,0.8826370343472216,0.1619890547610597,0.8707983167480999,0.0007882652917753679,0.002549004668034225,2.7252656624691776,9
2020-06-20,0.8297670279574647,0.8826370343472216,0.1702329720425353,0.8707983167480999,0.000814902436330314,0.002533015622609008,3.02649257254542,9
2020-06-21,0.8409331049854094,0.8826370343472216,0.1590668950145907,0.8707983167480999,0.0007788232994831868,0.002554672185469294,2.8740664230845976,9
2020-06-22,0.8374501007624685,0.8826370343472216,0.16254989923753155,0.8707983167480999,0.000790077467772274,0.002547916912358784,0.6785122300053711,9
2020-06-23,0.5538394357251786,0.8826370343472216,0.4461605642748214,0.8707983167480999,0.001706164604331111,0.0019978551332884586,2.6421216260710176,9
2020-06-24,0.7227190524492225,0.8826370343472216,0.27728094755077753,0.8707983167480999,0.0011607416258755106,0.0023253964914800775,1.0950972555969474,9
2020-06-25,0.485427731258479,0.8826370343472216,0.514572268741521,0.8707983167480999,0.0019270497754090147,0.0018651708992056593,2.6436300185806605,9
2020-06-26,0.6974857219944948,0.8826370343472216,0.30251427800550523,0.8707983167480999,0.0012422502244223985,0.0022764565454453543,2.6951021258283383,9
2020-06-27,0.7803496357975717,0.8826370343472216,0.2196503642024283,0.8707983167480999,0.0009745655927483159,0.0024371707831883447,2.3300669646778793,9
2020-06-28,0.779017278328223,0.8826370343472216,0.22098272167177702,0.8707983167480999,0.0009788700657364859,0.002434586681071271,2.887636274444215,9
2020-06-29,0.8210632979586846,0.8826370343472216,0.1789367020413155,0.8707983167480999,0.0008430247393462003,0.0025161347722113436,3.006909999253156,9
2020-06-30,0.8379954436648673,0.8826370343472216,0.16200455633513258,0.8707983167480999,0.0007883153798112892,0.002548974602791749,2.98007307591965,9
2020-07-01,0.8409622777831621,0.8826370343472216,0.15903772221683793,0.8707983167480999,0.0007787290369165139,0.002554728765996794,2.9692949109803743,9
2020-07-02,0.8416662281327271,0.8826370343472216,0.1583337718672731,0.8707983167480999,0.0007764544445391823,0.0025560940749551433,2.4460234844466524,9
2020-07-03,0.8156874863891175,0.8826370343472216,0.1843125136108825,0.8707983167480999,0.0008603940423753871,0.0025057084066319175,2.993851730199478,9
2020-07-04,0.8357887419106582,0.8826370343472216,0.16421125808934187,0.8707983167480999,0.0007954455635119203,0.0025446947133431694,3.048214976747028,9
2020-07-05,0.843195832712195,0.8826370343472216,0.15680416728780497,0.8707983167480999,0.0007715119994281669,0.0025590607370732468,2.9643572317879348,9
2020-07-06,0.8417093608330571,0.8826370343472216,0.15829063916694291,0.8707983167480999,0.0007763150747714503,0.0025561777306592637,1.9633260051403032,9
2020-07-07,0.7810094497711205,0.8826370343472216,0.21899055022887948,0.8707983167480999,0.0009724339140662852,0.002438450489817494,2.7671469720060204,9
2020-07-08,0.8136989313795273,0.8826370343472216,0.18630106862047272,0.8707983167480999,0.0008668190291827401,0.0025018516119439936,2.5655666660459313,9
2020-07-09,0.8133210576347457,0.8826370343472216,0.18667894236525437,0.8707983167480999,0.0008680399293461477,0.0025011187272892814,2.0171688715062617,9
2020-07-10,0.7653085389542083,0.8826370343472216,0.23469146104579175,0.8707983167480999,0.0010231583789540592,0.0024079986345043668,2.997685185056802,9
2020-07-11,0.8232798137219149,0.8826370343472216,0.17672018627808508,0.8707983167480999,0.000835863090585499,0.0025204336958921563,2.946847923933195,9
2020-07-12,0.8357018984503052,0.8826370343472216,0.16429810154969482,0.8707983167480999,0.0007957261669831323,0.0025445262807904084,3.059007138053024,9
2020-07-13,0.8435445065424007,0.8826370343472216,0.1564554934575993,0.8707983167480999,0.000770385365094829,0.002559736988607486,2.948498043280254,9
2020-07-14,0.8411884555630709,0.8826370343472216,0.1588115444369292,0.8707983167480999,0.000777998215533625,0.0025551674369190826,3.076967323488093,9
2020-07-15,0.8454203039438011,0.8826370343472216,0.15457969605619895,0.8707983167480999,0.0007643242757771681,0.002563375090353957,2.9096721324604724,9
2020-07-16,0.8401719826858788,0.8826370343472216,0.1598280173141212,0.8707983167480999,0.0007812826205296359,0.002553195991736894,2.9021199183151998,9
2020-07-17,0.8384075980522263,0.8826370343472216,0.16159240194777372,0.8707983167480999,0.0007869836432279584,0.0025497739746190833,3.07473003648912,9
2020-07-18,0.8446846143101547,0.8826370343472216,0.15531538568984551,0.8707983167480999,0.0007667014442787771,0.0025619482231778795,3.0790023095170618,9
2020-07-19,0.8463070230085535,0.8826370343472216,0.15369297699144652,0.8707983167480999,0.000761459093891566,0.0025650948785228157,3.0753711716768044,9
2020-07-20,0.8466207067856036,0.8826370343472216,0.15337929321439644,0.8707983167480999,0.0007604455120621929,0.0025657032669853825,2.9522798424923744,9
2020-07-21,0.8421532454713107,0.8826370343472216,0.15784675452868926,0.8707983167480999,0.000774880800229522,0.0025570386431844946,2.299232898224826,9
2020-07-22,0.8079376171452689,0.8826370343472216,0.1920623828547313,0.8707983167480999,0.0008854335677704178,0.002490677565449435,2.785074947807836,9
2020-07-23,0.8240541306777914,0.8826370343472216,0.17594586932220868,0.8707983167480999,0.0008333612336312542,0.002521935480609095,3.012970324378736,9
2020-07-24,0.838989598610776,0.8826370343472216,0.16101040138922387,0.8707983167480999,0.0007851031043906707,0.002550902762433229,2.9224519984933837,9
2020-07-25,0.8389179133827255,0.8826370343472216,0.16108208661727466,0.8707983167480999,0.0007853347312053144,0.0025507637292129185,2.7646374604235326,9
2020-07-26,0.8326891385275949,0.8826370343472216,0.16731086147240515,0.8707983167480999,0.0008054607841690777,0.0025386830446667602,2.3155202524005563,9
2020-07-27,0.8045917051954365,0.8826370343472216,0.19540829480456337,0.8707983167480999,0.0008962439391855877,0.0024841881822681095,-1.3082759588430264,9
2020-07-28,0.12920178066916893,0.8826370343472216,0.8707982193308309,0.8707983167480999,0.0030766498844835336,0.001174272056926896,2.1029374124815714,9
2020-07-29,0.3792463233062272,0.8729558772273958,0.6207536766937729,0.8547377182418188,0.0022962765212854656,0.0015813818697301986,2.3920106483656944,10
2020-07-30,0.6042015183343595,0.8729558772273958,0.39579848166564047,0.8547377182418188,0.001561201583710094,0.002084481780258955,2.855135630642118,10
2020-07-31,0.7617464562626401,0.8729558772273958,0.23825354373735977,0.8547377182418188,0.001046098394677372,0.0024368223615292136,2.6161170403821123,10
2020-08-01,0.7914563485259091,0.8729558772273958,0.20854365147409085,0.8547377182418188,0.0009489321874043141,0.002503266900129891,0.9804302856349207,10
2020-08-02,0.5648273059643412,0.8729558772273958,0.4351726940356587,0.8547377182418188,0.0016898992931538362,0.001996423521733211,0.5273360542724447,10
2020-08-03,0.14771238940574688,0.8729558772273958,0.8522876105942532,0.8547377182418188,0.003052319835882106,0.001063568971854533,2.1544396818223017,10
2020-08-04,0.4000312085171276,0.8729558772273958,0.5999687914828725,0.8547377182418188,0.0022283800078280085,0.0016278661213548244,2.5774590634615557,10
2020-08-05,0.6508258846680588,0.8729558772273958,0.3491741153319411,0.8547377182418188,0.0014087861209913647,0.0021887546090238593,0.8436579681959923,10
2020-08-06,0.3189826148960817,0.8729558772273958,0.6810173851039183,0.8547377182418188,0.002493111282674677,0.0014466054032187953,2.512686584795589,10
2020-08-07,0.6038468981754832,0.8729558772273958,0.39615310182451685,0.8547377182418188,0.0015623607567950286,0.002083688691794472,2.3844051334424923,10
2020-08-08,0.7005205568057744,0.8729558772273958,0.29947944319422554,0.8547377182418188,0.0012463098608689784,0.0022998940077077353,2.8025883579574016,10
2020-08-09,0.785931444130745,0.8729558772273958,0.21406855586925494,0.8547377182418188,0.0009670020564129795,0.002490910755580576,2.9069322981238477,10
2020-08-10,0.8161324292883958,0.8729558772273958,0.1838675707116041,0.8547377182418188,0.0008682223490023468,0.0025584535964062534,2.7477841667570817,10
2020-08-11,0.8173259669770175,0.8729558772273958,0.1826740330229824,0.8547377182418188,0.0008643184047040004,0.0025611228777459583,0.39370083534857314,10
2020-08-12,0.40306809120059595,0.8729558772273958,0.5969319087994039,0.8547377182418188,0.002218459276261317,0.001634657942304539,2.403868985555493,10
2020-08-13,0.6180014640749429,0.8729558772273958,0.381998535925057,0.8547377182418188,0.0015160917056161129,0.0021153445992595165,2.5597536303711834,10
2020-08-14,0.7339894598453532,0.8729558772273958,0.26601054015464665,0.8547377182418188,0.0011368696775515546,0.002374745366986644,2.9672786453307953,10
2020-08-15,0.8061365148795886,0.8729558772273958,0.19386348512041127,0.8547377182418188,0.000900917441692871,0.002536098284077969,3.002449253497001,10
2020-08-16,0.8262726582512767,0.8729558772273958,0.1737273417487232,0.8547377182418188,0.0008350542044174205,0.0025811316602906125,3.061063955695673,10
2020-08-17,0.8332443770265054,0.8729558772273958,0.1667556229734945,0.8547377182418188,0.0008122494898632349,0.002596723525557874,1.4248824116521381,10
2020-08-18,0.706060596518195,0.8729558772273958,0.2939394034818048,0.8547377182418188,0.0012281952229452856,0.0023122840015609375,1.6349195816423756,10
2020-08-19,0.6211404030851748,0.8729558772273958,0.3788595969148252,0.8547377182418188,0.0015058307358471544,0.0021223646635661238,1.9848709977385293,10
2020-08-20,0.6360282259206052,0.8729558772273958,0.36397177407939474,0.8547377182418188,0.001457162152898387,0.002155660459804732,2.7816089061499945,10
2020-08-21,0.764521860541455,0.8729558772273958,0.23547813945854507,0.8547377182418188,0.0010370218084478622,0.0024430294004205728,1.3954844842332372,10
2020-08-22,0.6222658418218021,0.8729558772273958,0.3777341581781979,0.8547377182418188,0.0015021517321568661,0.0021248816453483493,2.69361520209752,10
2020-08-23,0.7510781923618961,0.8729558772273958,0.24892180763810373,0.8547377182418188,0.0010809867988754679,0.002412963376573164,2.9634832830636673,10
2020-08-24,0.8102290043898176,0.8729558772273958,0.18977099561018246,0.8547377182418188,0.0008875316612128806,0.002545250911587543,2.982611808981514,10
2020-08-25,0.8264644697014427,0.8729558772273958,0.1735355302985571,0.8547377182418188,0.0008344267895484822,0.002581560636040227,0.7820518946602533,10
2020-08-26,0.5517027776374649,0.8729558772273958,0.448297222362535,0.8547377182418188,0.0017327943998101428,0.001967071236598574,2.7261392803273505,10
2020-08-27,0.7313437087394268,0.8729558772273958,0.2686562912605731,0.8547377182418188,0.0011455214441575437,0.0023688282902794068,2.5084563414495116,10
2020-08-28,0.7693247052510706,0.8729558772273958,0.23067529474892937,0.8547377182418188,0.0010213145690590195,0.002453770698230516,2.5892050064273646,10
2020-08-29,0.7921462272012966,0.8729558772273958,0.20785377279870348,0.8547377182418188,0.0009466758341929127,0.0025048097758115116,2.9653273131860356,10
2020-08-30,0.8207556714424848,0.8729558772273958,0.17924432855751507,0.8547377182418188,0.000853100099678269,0.0025687932229873783,2.661103617967442,10
2020-08-31,0.8143127686097494,0.8729558772273958,0.18568723139025048,0.8547377182418188,0.0008741742525469004,0.0025543840254656706,3.0116437230063458,10
2020-09-01,0.8283737551415977,0.8729558772273958,0.17162624485840233,0.8547377182418188,0.0008281815006368531,0.002585830647826333,2.2420089166394086,10
2020-09-02,0.7908620225248838,0.8729558772273958,0.20913797747511614,0.8547377182418188,0.0009508760172330735,0.0025019377227445748,0.15745405415543123,10
2020-09-03,0.24556607257544433,0.8729558772273958,0.7544339274245557,0.8547377182418188,0.002732857055553716,0.0012824133476931417,-0.0044796611920892015,10
2020-09-04,0.1452622825255166,0.8729558772273958,0.8547377174744836,0.8547377182418188,0.003060317467141369,0.0010580894426884002,2.008683380918555,10
2020-09-05,0.3425055645284087,0.8729558772273958,0.6574944354715914,0.8547377182418188,0.0024162843863962525,0.0014992131851991855,1.4930835830049485,10
2020-09-06,0.26081621853081277,0.8729558772273958,0.7391837814691873,0.8547377182418188,0.002683061298576257,0.001316519459644621,2.331513107152649,10
2020-09-07,0.5287901156419399,0.8729558772273958,0.4712098843580602,0.8547377182418188,0.001807676090960618,0.0019158283293232712,2.675711862768391,10
2020-09-08,0.7169105898320123,0.8729558772273958,0.2830894101679876,0.8547377182418188,0.0011927173855663502,0.0023365494143456323,1.7281237487963375,10
2020-09-09,0.6499064723288765,0.8729558772273958,0.35009352767112334,0.8547377182418188,0.0014117918981762262,0.002186698393938345,2.78934768449361,10
2020-09-10,0.7695182191357173,0.8729558772273958,0.23048178086428256,0.8547377182418188,0.001020681695768017,0.0024542034813811327,2.9046243486079035,10
2020-09-11,0.8121998968469748,0.8729558772273958,0.187800103153025,0.8547377182418188,0.000881085174708872,0.0025496587040758807,3.0415937333795267,10
2020-09-12,0.829273888699307,0.8729558772273958,0.17072611130069298,0.8547377182418188,0.0008252371434661744,0.002587843746978326,3.0576073864182343,10
2020-09-13,0.8338641273956046,0.8729558772273958,0.16613587260439544,0.8547377182418188,0.0008102222431000781,0.0025981095631428474,2.7214600429053823,10
2020-09-14,0.8206255060008677,0.8729558772273958,0.17937449399913227,0.8547377182418188,0.0008535258631835815,0.002568502115142443,1.6063079547312809,10
2020-09-15,0.7204999952760047,0.8729558772273958,0.27950000472399517,0.8547377182418188,0.001180980313329751,0.002344576922034433,2.8622906333672065,10
2020-09-16,0.7960995632415211,0.8729558772273958,0.20390043675847874,0.8547377182418188,0.0009337457551407284,0.0025136511942454283,2.673808281431799,10
2020-09-17,0.8069043551288672,0.8729558772273958,0.19309564487113287,0.8547377182418188,0.000898405990230207,0.0025378155165280314,2.9838505265566027,10
2020-09-18,0.8253365687972507,0.8729558772273958,0.17466343120274935,0.8547377182418188,0.0008381161458639513,0.002579038147755779,3.025300279712763,10
2020-09-19,0.8315814509725016,0.8729558772273958,0.16841854902749845,0.8547377182418188,0.0008176890181989133,0.0025930044829775034,2.8502503825695324,10
2020-09-20,0.8265606595507482,0.8729558772273958,0.17343934044925174,0.8547377182418188,0.0008341121526056908,0.002581775759343218,2.5643921576339053,10
2020-09-21,0.8097085959192722,0.8729558772273958,0.19029140408072767,0.8547377182418188,0.000889233830902149,0.002544087046690193,0.2674005788898781,10
2020-09-22,0.33433006477703503,0.8729558772273958,0.6656699352229649,0.8547377182418188,0.002442986523828031,0.0014809291300435373,2.5228040290740035,10
2020-09-23,0.6132264339719165,0.8729558772273958,0.38677356602808344,0.8547377182418188,0.0015317007525200404,0.0021046655072860933,1.5910945981601352,10
2020-09-24,0.5295726301018217,0.8729558772273958,0.4704273698981783,0.8547377182418188,0.0018051188140481012,0.0019175783798375736,0.9444126974029355,10
2020-09-25,0.22374225168715106,0.8729558772273958,0.7762577483128489,0.8547377182418188,0.002804113551689482,0.0012336055736165176,2.303646446813311,10
2020-09-26,0.49616189054947585,0.8729558772273958,0.5038381094505241,0.8547377182418188,0.0019143004977159848,0.0018428570999961245,2.731313423083822,10
2020-09-27,0.713209404655254,0.8729558772273958,0.28679059534474594,0.8547377182418188,0.0012048198337337999,0.002328271917437661,2.9592923232286252,10
2020-09-28,0.8003418243174463,0.8729558772273958,0.19965817568255362,0.8547377182418188,0.0009198705221753154,0.002523138777617178,2.978395308967349,10
2020-09-29,0.8234490055568444,0.8729558772273958,0.1765509944431555,0.8547377182418188,0.000844290324132408,0.002574816716473665,2.956567479010181,10
2020-09-30,0.8287345953588297,0.8729558772273958,0.17126540464117035,0.8547377182418188,0.0008270011851204976,0.0025866376471089317,2.9088483898159057,10
2020-10-01,0.8276683006139481,0.8729558772273958,0.17233169938605167,0.8547377182418188,0.0008304890526437692,0.002584252937608535,2.4660984801436383,10
2020-10-02,0.8041136519519086,0.8729558772273958,0.19588634804809132,0.8547377182418188,0.0009075337924023572,0.0025315742624931357,2.9702345561140087,10
2020-10-03,0.8240145487283357,0.8729558772273958,0.17598545127166423,0.8547377182418188,0.0008424404484694911,0.002576081522645142,3.02604434167048,10
2020-10-04,0.8312963172044305,0.8729558772273958,0.16870368279556933,0.8547377182418188,0.0008186217046446897,0.0025923667970010255,2.967871926534761,10
2020-10-05,0.8311532069378893,0.8729558772273958,0.16884679306211064,0.8547377182418188,0.0008190898249916919,0.0025920467387677247,2.9773646235121003,10
2020-10-06,0.8314715001785219,0.8729558772273958,0.16852849982147805,0.8547377182418188,0.0008180486726986617,0.0025927585840792504,2.4038195645282223,10
2020-10-07,0.8016427609091503,0.8729558772273958,0.19835723909084962,0.8547377182418188,0.0009156154914325682,0.0025260482506916184,3.0162930662436453,10
2020-10-08,0.8257461081604933,0.8729558772273958,0.17425389183950657,0.8547377182418188,0.0008367765468168094,0.0025799540599976793,2.4386956538073252,10
2020-10-09,0.8032210998888982,0.8729558772273958,0.1967789001111016,0.8547377182418188,0.0009104531257227754,0.0025295781189366966,2.761265484124194,10
2020-10-10,0.8140887811790468,0.8729558772273958,0.18591121882095313,0.8547377182418188,0.0008749068877201569,0.002553883089906783,2.5175509656853974,10
2020-10-11,0.803649216712529,0.8729558772273958,0.19635078328747085,0.8547377182418188,0.0009090528546658687,0.002530535578646118,3.0181299909670605,10
2020-10-12,0.8263084939798968,0.8729558772273958,0.17369150602010294,0.8547377182418188,0.0008349369858489062,0.002581211804925015,2.811319104099326,10
2020-10-13,0.8233754605140726,0.8729558772273958,0.17662453948592738,0.8547377182418188,0.0008445308876448993,0.0025746522370339543,2.7683748878796597,10
2020-10-14,0.8196770372989319,0.8729558772273958,0.180322962701068,0.8547377182418188,0.0008566282434171102,0.0025663809171011017,3.019352256893284,10
2020-10-15,0.8299882532400056,0.8729558772273958,0.17001174675999436,0.8547377182418188,0.0008229004351716976,0.0025894413839498364,3.0281687472239693,10
2020-10-16,0.8330271548861147,0.8729558772273958,0.16697284511388522,0.8547377182418188,0.0008129600377537709,0.0025962377201983592,2.541642419583946,10
2020-10-17,0.8107836214870751,0.8729558772273958,0.1892163785129249,0.8547377182418188,0.0008857175978041024,0.002546491282195446,3.04688522718902,10
2020-10-18,0.8290723881727518,0.8729558772273958,0.1709276118272482,0.8547377182418188,0.000825896256937694,0.002587393102142723,2.9457063670784374,10
2020-10-19,0.8297434426774725,0.8729558772273958,0.1702565573225275,0.8547377182418188,0.0008237012185955405,0.0025888938786028655,2.425869526361542,10
2020-10-20,0.8040367444094947,0.8729558772273958,0.19596325559050512,0.8547377182418188,0.0009077853396683428,0.0025314022630080705,2.7662660906264795,10
2020-10-21,0.8146005805267076,0.8729558772273958,0.1853994194732924,0.8547377182418188,0.0008732328546389509,0.0025550277009747093,-0.5429293133171738,10
2020-10-22,0.14709399661795486,0.8729558772273958,0.8529060033820453,0.8547377182418188,0.003054338397362482,0.0010621859704254223,2.1704275222773735,10
2020-10-23,0.4053973204164935,0.8729558772273958,0.5946026795835064,0.8547377182418188,0.002210850207993209,0.0016398671352283677,2.5771849631207804,10
2020-10-24,0.6528537618034287,0.8729558772273958,0.3471462381965713,0.8547377182418188,0.0014021564793690543,0.0021932898446081735,2.7618390200309015,10
2020-10-25,0.7678735337172339,0.8729558772273958,0.2321264662827661,0.8547377182418188,0.0010260605096203798,0.0024505252329780074,2.886817503401247,10
2020-10-26,0.81010758561107,0.8729558772273958,0.18989241438893,0.8547377182418188,0.0008879288021179345,0.0025449793651726367,3.0476272460395166,10
2020-10-27,0.8289682917178364,0.8729558772273958,0.1710317082821636,0.8547377182418188,0.0008262367589943592,0.002587160296151522,0.5168029662357516,10
2020-10-28,0.6168873060192449,0.8722456339661417,0.3831126939807551,0.821387814557172,0.0016808012155067333,0.0021574661663996625,1.6372424891823658,11
2020-10-29,0.5732770390706441,0.8722456339661417,0.42672296092935597,0.821387814557172,0.0018336972191408815,0.0020132758585021176,2.5883292252458863,11
2020-10-30,0.7325032166811434,0.8722456339661417,0.26749678331885657,0.821387814557172,0.0012752548083145164,0.002539731511756121,2.821798590460875,11
2020-10-31,0.8019737246120816,0.8722456339661417,0.1980262753879185,0.821387814557172,0.0010314322582449776,0.002769424531983832,2.7472003823409614,11
2020-11-01,0.8171402232837814,0.8722456339661417,0.1828597767162186,0.821387814557172,0.0009781879485579726,0.0028195701115964846,2.841122091840231,11
2020-11-02,0.8247579451265619,0.8722456339661417,0.17524205487343808,0.821387814557172,0.0009514428753362186,0.002844756879182268,2.6846421075886524,11
2020-11-03,0.819593484159362,0.8722456339661417,0.18040651584063805,0.821387814557172,0.0009695749290731359,0.002827681422665043,2.0452177430219725,11
2020-11-04,0.7788266739191854,0.8722456339661417,0.2211733260808145,0.821387814557172,0.0011126838196393114,0.002692892545370164,2.8612829764665797,11
2020-11-05,0.8163847150810447,0.8722456339661417,0.1836152849189553,0.821387814557172,0.0009808403945006474,0.0028170721456817127,-1.117340144724293,11
2020-11-06,0.17865334938534702,0.8722456339661417,0.8213466506146531,0.821387814557172,0.003215342935667711,0.0007085163305117955,2.2123500874287676,11
2020-11-07,0.47084412383064506,0.8722456339661417,0.529155876169355,0.821387814557172,0.0021926597431763417,0.0016745979594489798,0.9697427468902118,11
2020-11-08,0.22101959183610748,0.8722456339661417,0.7789804081638926,0.821387814557172,0.003067174546632632,0.0008485934722233345,1.513628496034627,11
2020-11-09,0.2611815085694705,0.8722456339661417,0.7388184914305295,0.821387814557172,0.0029266791607020152,0.0009813823667826002,2.165281488487437,11
2020-11-10,0.500565053073431,0.8722456339661417,0.4994349469265689,0.821387814557172,0.002088530325166799,0.0017728654143024283,2.633324433065522,11
2020-11-11,0.7120208598476325,0.8722456339661417,0.2879791401523675,0.821387814557172,0.0013471221573557975,0.002472009905241486,2.162218057872601,11
2020-11-12,0.7371191636785239,0.8722456339661417,0.26288083632147613,0.821387814557172,0.0012590573649588392,0.0025549933953757627,1.6331325283405023,11
2020-11-13,0.6763589946610679,0.8722456339661417,0.3236410053389321,0.821387814557172,0.001472228629145771,0.002354099704702884,2.8205487423519804,11
2020-11-14,0.7862071300006036,0.8722456339661417,0.21379286999939634,0.821387814557172,0.0010867779647905345,0.0027172948320165237,2.5011206186510226,11
2020-11-15,0.795987338514321,0.8722456339661417,0.2040126614856789,0.821387814557172,0.001052446996535619,0.002749631512701308,2.7700696801666,11
2020-11-16,0.8155556088588872,0.8722456339661417,0.18444439114111277,0.821387814557172,0.000983751214761891,0.0028143308397962532,0.723478573184819,11
2020-11-17,0.5693174079189495,0.8722456339661417,0.4306825920810504,0.821387814557172,0.0018475774822658772,0.002000183977280742,0.759256940487507,11
2020-11-18,0.26045199643327954,0.8722456339661417,0.7395480035667205,0.821387814557172,0.002929231472125519,0.000978970352665458,2.3322755994141566,11
2020-11-19,0.5535640183516072,0.8722456339661417,0.44643598164839293,0.821387814557172,0.001902796703838883,0.00194809793766025,2.694660048157118,11
2020-11-20,0.737551592651034,0.8722456339661417,0.2624484073489659,0.821387814557172,0.0012575399398343614,0.002556423151968712,0.8390616204228668,11
2020-11-21,0.48878609438023407,0.8722456339661417,0.5112139056197659,0.821387814557172,0.0021298010663420497,0.001733920188796556,2.6325732020554895,11
2020-11-22,0.7082191760517126,0.8722456339661417,0.29178082394828736,0.821387814557172,0.0013604602837759712,0.002459440251455398,2.5369703871200686,11
2020-11-23,0.7711356287168254,0.8722456339661417,0.22886437128317458,0.821387814557172,0.001139678594233444,0.002667463345932122,2.784990426337787,11
2020-11-24,0.8094559610701337,0.8722456339661417,0.19054403892986638,0.821387814557172,0.0010051653530680647,0.0027941633390156794,1.110654209100586,11
2020-11-25,0.647823993463754,0.8722456339661417,0.3521760065362462,0.821387814557172,0.001572313107397951,0.00225975332949388,2.060736152952296,11
2020-11-26,0.6834618711913475,0.8722456339661417,0.3165381288086524,0.821387814557172,0.0014473130299208817,0.0023775842193715594,-0.3745776091182995,11
2020-11-27,0.17863637239956642,0.8722456339661417,0.8213636276004336,0.821387814557172,0.0032154023017865606,0.0007084601988488143,2.205939623108746,11
2020-11-28,0.468265671673399,0.8722456339661417,0.531734328326601,0.821387814557172,0.0022016926257418705,0.001666072723616542,1.5646152145918395,11
2020-11-29,0.4560004005519271,0.8722456339661417,0.5439995994480729,0.821387814557172,0.002244658566186397,0.0016255195845693467,2.112002204934508,11
2020-11-30,0.6007139413721551,0.8722456339661417,0.39928605862784494,0.821387814557172,0.001737509292428322,0.0021039915469722764,0.15942546290721016,11
2020-12-01,0.18062084077823343,0.8722456339661417,0.8193791592217665,0.821387814557172,0.0032084628537733155,0.0007150215232009489,1.4450041445743032,11
2020-12-02,0.20166265286410318,0.8722456339661417,0.7983373471358969,0.821387814557172,0.0031348768628420083,0.0007845928781976922,2.037781822264969,11
2020-12-03,0.4326562162021082,0.8722456339661417,0.5673437837978915,0.821387814557172,0.0023264254807037776,0.0015483358073412772,2.4630118095765905,11
2020-12-04,0.6612000153456263,0.8722456339661417,0.33879998465437355,0.821387814557172,0.0015253998828083438,0.0023039789866278904,1.040900959778924,11
2020-12-05,0.43273068553146976,0.8722456339661417,0.5672693144685304,0.821387814557172,0.002326164658351912,0.0015485820281576329,2.2691485940587235,11
2020-12-06,0.6236672983889565,0.8722456339661417,0.3763327016110435,0.821387814557172,0.0016570270749813568,0.0021798831167128526,2.6646853326919193,11
2020-12-07,0.7575774230520436,0.8722456339661417,0.2424225769479565,0.821387814557172,0.001187263346800645,0.002622635327528858,2.6831906661380263,11
2020-12-08,0.7990595252265277,0.8722456339661417,0.20094047477347232,0.821387814557172,0.001041662424211181,0.0027597892021388416,0.4293629015448215,11
2020-12-09,0.42333111470352514,0.8722456339661417,0.5766688852964748,0.821387814557172,0.0023590848797957796,0.0015175038645365865,2.464142021614613,11
2020-12-10,0.6575842296043642,0.8722456339661417,0.34241577039563575,0.821387814557172,0.0015380817795980503,0.002292023974751017,2.369187455599869,11
2020-12-11,0.7334796835106655,0.8722456339661417,0.26652031648933455,0.821387814557172,0.0012718284070063735,0.002542960041702211,2.522330197773795,11
2020-12-12,0.7787660502758548,0.8722456339661417,0.22123394972414526,0.821387814557172,0.0011128966074251912,0.002692692103079636,1.1862997885984945,11
2020-12-13,0.6289709885887809,0.8722456339661417,0.37102901141121913,0.821387814557172,0.0016384289085938529,0.0021974189122127333,2.5051512035395485,11
2020-12-14,0.7424903102650661,0.8722456339661417,0.25750968973493393,0.821387814557172,0.0012402093258731001,0.0025727522245292084,2.8644975340124517,11
2020-12-15,0.8070640807519834,0.8722456339661417,0.19293591924801645,0.821387814557172,0.001013562346367986,0.002786254972851935,2.9105280621217795,11
2020-12-16,0.8256690599101092,0.8722456339661417,0.1743309400898908,0.821387814557172,0.0009482439558667125,0.0028477693331377674,-1.0584086963687847,11
2020-12-17,0.17874545541342562,0.8722456339661417,0.8212545445865744,0.821387814557172,0.0032150208538008185,0.0007088208642254627,1.1345081276399525,11
2020-12-18,0.1821185127235625,0.8722456339661417,0.8178814872764374,0.821387814557172,0.0032032256175172557,0.0007199733337271497,2.173981618447092,11
2020-12-19,0.4636134028702366,0.8722456339661417,0.5363865971297633,0.821387814557172,0.002217990174425781,0.0016506907478093138,1.6804784252159493,11
2020-12-20,0.4895410883696114,0.8722456339661417,0.5104589116303886,0.821387814557172,0.0021271558333794184,0.0017364164545478624,2.3062779589113465,11
2020-12-21,0.6508300402360611,0.8722456339661417,0.34916995976393905,0.821387814557172,0.0015617704520117868,0.0022696923378967464,1.818282023505127,11
2020-12-22,0.6398102153471277,0.8722456339661417,0.3601897846528724,0.821387814557172,0.0016004176597854208,0.002233257065771834,1.629925579609792,11
2020-12-23,0.6035036385985006,0.8722456339661417,0.3964963614014993,0.821387814557172,0.0017277282872333382,0.0021132152305255504,2.1520712822785764,11
2020-12-24,0.6760926694752459,0.8722456339661417,0.323907330524754,0.821387814557172,0.0014731628280120117,0.0023532191434673887,2.5787780743654967,11
2020-12-25,0.7665192362791394,0.8722456339661417,0.23348076372086074,0.821387814557172,0.0011558810339627884,0.0026521999895360157,1.2705852580614523,11
2020-12-26,0.6337536401538691,0.8722456339661417,0.36624635984613085,0.821387814557172,0.001621657313135123,0.0022132319775752893,0.22093470034149498,11
2020-12-27,0.18758649123292154,0.8722456339661417,0.8124135087670784,0.821387814557172,0.0031841041276764,0.0007380523220023393,2.213748310715493,11
2020-12-28,0.4759273436308078,0.8722456339661417,0.5240726563691922,0.821387814557172,0.002174851685282865,0.0016914048051617158,2.2075978829455276,11
2020-12-29,0.6315109040297556,0.8722456339661417,0.3684890959702444,0.821387814557172,0.0016295221053549166,0.0022058167326135924,2.762266822317984,11
2020-12-30,0.7689827777356752,0.8722456339661417,0.23101722226432478,0.821387814557172,0.0011472346472318918,0.002660345291685964,0.166413305497346,11
2020-12-31,0.30383565095362286,0.8722456339661417,0.696164349046377,0.821387814557172,0.0027774267946016513,0.0011224114031497807,2.3980896196349155,11
2021-01-01,0.5910137933310912,0.8722456339661417,0.40898620666890884,0.821387814557172,0.0017715178230738955,0.0020719195733165945,2.6417022189694235,11
2021-01-02,0.7446064810527242,0.8722456339661417,0.25539351894727574,0.821387814557172,0.001232783239206388,0.002579749001636669,-0.46457073111147507,11
2021-01-03,0.17929189942630813,0.8722456339661417,0.8207081005736918,0.821387814557172,0.0032131100118849383,0.0007106275931445762,1.607894721027368,11
2021-01-04,0.26593472292085185,0.8722456339661417,0.7340652770791481,0.821387814557172,0.002910049017738075,0.0009970981027499239,1.3291319558933317,11
2021-01-05,0.20936207337648324,0.8722456339661417,0.7906379266235167,0.821387814557172,0.003107948555126188,0.0008100497692463349,1.0448506547447527,11
2021-01-06,0.18121251016192827,0.8722456339661417,0.8187874898380716,0.821387814557172,0.0032063938402079072,0.0007169777825081679,0.9430342115182917,11
2021-01-07,0.17919139548800367,0.8722456339661417,0.8208086045119963,0.821387814557172,0.003213461461258026,0.0007102952930963762,1.0702289041825142,11
2021-01-08,0.18053549017416318,0.8722456339661417,0.819464509825837,0.821387814557172,0.0032087613163754945,0.000714739325206274,1.5953025088722694,11
2021-01-09,0.26259977429353437,0.8722456339661417,0.7374002257064656,0.821387814557172,0.0029217171046619335,0.000986071633456302,2.203941085926438,11
2021-01-10,0.5135937485114369,0.8722456339661417,0.4864062514885629,0.821387814557172,0.0020428772627911107,0.0018159426926168112,0.8413505490005304,11
2021-01-11,0.21376762086895978,0.8722456339661417,0.7862323791310402,0.821387814557172,0.0030925398075459967,0.0008246160008666581,0.717885850101961,11
2021-01-12,0.1786343506902244,0.8722456339661417,0.8213656493097755,0.821387814557172,0.003215409371417854,0.0007084535143932285,1.4268215531580806,11
2021-01-13,0.19791458260466316,0.8722456339661417,0.8020854173953369,0.821387814557172,0.0031479850672536283,0.0007722004889154332,0.315579403400481,11
2021-01-14,0.17861369215722936,0.8722456339661417,0.8213863078427707,0.821387814557172,0.003215481611377357,0.0007083852102886749,1.45767410340531,11
2021-01-15,0.22178852887490297,0.8722456339661417,0.7782114711250969,0.821387814557172,0.0030644849636690483,0.0008511358384167913,1.1172212256050118,11
2021-01-16,0.18060713077547547,0.8722456339661417,0.8193928692245245,0.821387814557172,0.003208510796304713,0.0007149761932899607,2.0213541874224563,11
2021-01-17,0.40102502700174636,0.8722456339661417,0.5989749729982536,0.821387814557172,0.002437200007479929,0.0014437523863009708,2.4903810835608056,11
2021-01-18,0.6508338627567344,0.8722456339661417,0.3491661372432655,0.821387814557172,0.0015617570457346047,0.002269704976444304,2.64035109991458,11
2021-01-19,0.7639417129934712,0.8722456339661417,0.2360582870065287,0.821387814557172,0.0011649273250848983,0.0026436778248675073,2.6738840185116115,11
2021-01-20,0.8003867309539999,0.8722456339661417,0.19961326904600007,0.821387814557172,0.00103700335118073,0.0027641773936331326,2.1587966393469795,11
2021-01-21,0.774848815367593,0.8722456339661417,0.22515118463240708,0.821387814557172,0.0011266458539288266,0.0026797403981933766,-2.014609763971923,11
2021-01-22,0.17861218547521904,0.8722456339661417,0.8213878145247809,0.821387814557172,0.003215486880030261,0.0007083802286878233,1.1849893703386098,11
2021-01-23,0.18417445536398594,0.8722456339661417,0.8158255446360141,0.821387814557172,0.0031960360744485486,0.0007267709761880808,1.707487402962497,11
2021-01-24,0.2817246549785214,0.8722456339661417,0.7182753450214786,0.821387814557172,0.0028548009975317952,0.0010493049642158279,2.369900155066587,11
2021-01-25,0.5735363560707579,0.8722456339661417,0.4264636439292421,0.821387814557172,0.0018327881860987843,0.002014133248302862,2.712358906778563,11
2021-01-26,0.7464549586257775,0.8722456339661417,0.2535450413742225,0.821387814557172,0.0012262964640009468,0.0025858606943422974,2.8679426434916095,11
2021-01-27,0.8081506964363004,0.8812960119752916,0.1918493035636996,0.8342999102664586,0.001056088612047328,0.0029368973573367777,-0.47737651921322044,12
2021-01-28,0.1771824539347667,0.8812960119752916,0.8228175460652334,0.8342999102664586,0.0032501746907865154,0.0015580851808819482,0.43124270168955503,12
2021-01-29,0.1657135062923652,0.8812960119752916,0.8342864937076349,0.8342999102664586,0.0032900208454145507,0.0015330228661800671,2.020534975636791,12
2021-01-30,0.3946578758376279,0.8812960119752916,0.6053421241623721,0.8342999102664586,0.002494369851955564,0.0020333194947524873,2.470207865338254,12
2021-01-31,0.6467736757135131,0.8812960119752916,0.35322632428648687,0.8342999102664586,0.0016176119684853966,0.0025842510810512617,1.338960449434324,12
2021-02-01,0.5234341373273048,0.8812960119752916,0.47656586267269524,0.8342999102664586,0.0020466133824439074,0.002314725539336207,2.5301889656326213,12
2021-02-02,0.7098176437448964,0.8812960119752916,0.2901823562551035,0.8342999102664586,0.0013982753919295886,0.0027220167955808467,0.4039191041025689,12
2021-02-03,0.300565859071106,0.8812960119752916,0.6994341409288942,0.8342999102664586,0.002821428685867274,0.0018277065816357753,1.2053825855943239,12
2021-02-04,0.21247426364745772,0.8812960119752916,0.7875257363525424,0.8342999102664586,0.0031275537380048867,0.001635205982981377,2.09344210242147,12
2021-02-05,0.44550167531614404,0.8812960119752916,0.5544983246838561,0.8342999102664586,0.002317604326462991,0.0021444250070367056,2.13113179869762,12
2021-02-06,0.5994059081630554,0.8812960119752916,0.40059409183694467,0.8342999102664586,0.0017823844252142667,0.002480741505971666,1.793330473178001,12
2021-02-07,0.6139279946100891,0.8812960119752916,0.38607200538991077,0.8342999102664586,0.001731870497845686,0.0025124756381703253,2.54725143912466,12
2021-02-08,0.7442187903715493,0.8812960119752916,0.25578120962845075,0.8342999102664586,0.0012785741873011047,0.0027971912919465994,-3.089393724225444,12
2021-02-09,0.16570008973373043,0.8812960119752916,0.8342999102662697,0.8342999102664586,0.003290067457348753,0.0015329935478829398,2.1423702764562096,12
2021-02-10,0.43538212669591964,0.8812960119752916,0.5646178733040804,0.8342999102664586,0.0023527883096614455,0.0021223114426479903,1.586674254117102,12
2021-02-11,0.42157590526586497,0.8812960119752916,0.5784240947341351,0.8342999102664586,0.0024007886621176602,0.0020921416417985527,0.9072737673465644,12
2021-02-12,0.20208871679165802,0.8812960119752916,0.797911283208342,0.8342999102664586,0.0031636394262428403,0.0016125111506596313,2.147464643933281,12
2021-02-13,0.4577846533934519,0.8812960119752916,0.5422153466065481,0.8342999102664586,0.002274897145775261,0.0021712661673286655,2.4503221231178376,12
2021-02-14,0.6682303177419294,0.8812960119752916,0.33176968225807046,0.8342999102664586,0.0015429663216532552,0.0026311388280119033,1.7863664827125463,12
2021-02-15,0.6588014840356515,0.8812960119752916,0.3411985159643486,0.8342999102664586,0.0015757688920564191,0.0026105346361552082,2.381721010502359,12
2021-02-16,0.7412740581672748,0.8812960119752916,0.2587259418327252,0.8342999102664586,0.001288821032058331,0.0027907563680531953,2.4460413065029045,12
2021-02-17,0.7835716765235635,0.8812960119752916,0.21642832347643656,0.8342999102664586,0.0011416291975651653,0.0028831864894068044,0.09473636007491137,12
2021-02-18,0.3112949792594202,0.8812960119752916,0.6887050207405799,0.8342999102664586,0.002784139107124066,0.0018511522014971569,2.214363123809625,12
2021-02-19,0.5425289910502322,0.8812960119752916,0.45747100894976783,0.8342999102664586,0.0019802068839659937,0.0023564522302333833,0.32679367817437754,12
2021-02-20,0.17033637400216725,0.8812960119752916,0.8296636259978329,0.8342999102664586,0.003273959932588097,0.0015431249059644223,2.1681496712403647,12
2021-02-21,0.44553847785201495,0.8812960119752916,0.554461522147985,0.8342999102664586,0.00231747636839741,0.002144505429126385,1.9614214008397595,12
2021-02-22,0.5571336425829924,0.8812960119752916,0.44286635741700775,0.8342999102664586,0.0019294136880029145,0.0023883667863232655,0.5207574043788312,12
2021-02-23,0.1803457633653458,0.8812960119752916,0.8196542366346543,0.8342999102664586,0.003239184296933368,0.0015649977467877768,0.1940860142523415,12
2021-02-24,0.1657006274803196,0.8812960119752916,0.8342993725196806,0.8342999102664586,0.003290065589104528,0.0015329947229841495,2.000898462237332,12
2021-02-25,0.3878085135110401,0.8812960119752916,0.6121914864889599,0.8342999102664586,0.0025181807237157775,0.0020183520470416346,1.3153992114227753,12
2021-02-26,0.2830458374282018,0.8812960119752916,0.7169541625717983,0.8342999102664586,0.002882318009324403,0.0017894212646486374,1.732864551499343,12
2021-02-27,0.3619618480859416,0.8812960119752916,0.6380381519140584,0.8342999102664586,0.0026080290871236143,0.0019618710792078326,2.3159294002823936,12
2021-02-28,0.595784061420403,0.8812960119752916,0.404215938579597,0.8342999102664586,0.0017949824184086526,0.0024728269295260685,2.4846430220207654,12
2021-03-01,0.729251623481553,0.8812960119752916,0.270748376518447,0.8342999102664586,0.0013306548841633316,0.002764484555593053,-0.4683544313158776,12
2021-03-02,0.16675143476383,0.8812960119752916,0.8332485652361702,0.8342999102664586,0.003286414859345619,0.001535290980988938,1.7642758078539422,12
2021-03-03,0.29047916293880616,0.8812960119752916,0.709520837061194,0.8342999102664586,0.0028564844859535372,0.0018056648075644266,1.3507630554185854,12
2021-03-04,0.2474033482384599,0.8812960119752916,0.7525966517615402,0.8342999102664586,0.0030061813566579026,0.001711534146433086,1.3690652036123918,12
2021-03-05,0.21206776893736204,0.8812960119752916,0.7879322310626381,0.8342999102664586,0.0031289661665226272,0.0016343176976158216,2.2263941845633854,12
2021-03-06,0.49242825273955215,0.8812960119752916,0.507571747260448,0.8342999102664586,0.0021544356581747527,0.0022469704792053595,2.5821092161968884,12
2021-03-07,0.7051904532367664,0.8812960119752916,0.29480954676323357,0.8342999102664586,0.0014143751637607585,0.0027119053094780093,1.265351913133039,12
2021-03-08,0.5744321658577838,0.8812960119752916,0.4255678341422161,0.8342999102664586,0.001869248899479719,0.00242616807792458,2.3939037225800175,12
2021-03-09,0.7104667056698426,0.8812960119752916,0.28953329433015734,0.8342999102664586,0.0013960170400100663,0.002723435146656395,0.8254540609339382,12
2021-03-10,0.4515259615662153,0.8812960119752916,0.5484740384337847,0.8342999102664586,0.002296658423256828,0.002157589471864787,2.1183920660101956,12
2021-03-11,0.5996904808848857,0.8812960119752916,0.40030951911511414,0.8342999102664586,0.0017813945808906279,0.0024813633634718007,1.9514826581600362,12
2021-03-12,0.6474627542890998,0.8812960119752916,0.3525372457109003,0.8342999102664586,0.0016152147970331363,0.002585756877803863,2.567703318052531,12
2021-03-13,0.7587396441542634,0.8812960119752916,0.24126035584573657,0.8342999102664586,0.0012280444649293211,0.0028289227304873874,-0.024214491040146502,12
2021-03-14,0.22994563337549132,0.8812960119752916,0.7700543666245088,0.8342999102664586,0.003066845279709719,0.0016733849842332483,1.8736302655742048,12
2021-03-15,0.3772931897284367,0.8812960119752916,0.6227068102715634,0.8342999102664586,0.0025547349373722097,0.0019953736219891515,0.8222616735271944,12
2021-03-16,0.17128781666679818,0.8812960119752916,0.8287121833332021,0.8342999102664586,0.0032706543751430945,0.0015452040291957132,2.1648998184272803,12
2021-03-17,0.44635686508033856,0.8812960119752916,0.5536431349196617,0.8342999102664586,0.0023146309294310233,0.0021462937953221134,1.5946635479799847,12
2021-03-18,0.4479311196546296,0.8812960119752916,0.5520688803453705,0.8342999102664586,0.002309157408005426,0.002149733907247979,2.186614106556614,12
2021-03-19,0.6077150411279032,0.8812960119752916,0.3922849588720968,0.8342999102664586,0.0017534820109052687,0.0024988988916148686,2.676570199235495,12
2021-03-20,0.7580208273888965,0.8812960119752916,0.24197917261110352,0.8342999102664586,0.001230545853626627,0.0028273519488822814,2.822752739173863,12
2021-03-21,0.8152512250201419,0.8812960119752916,0.18474877497985814,0.8342999102664586,0.0010313760817570424,0.002952413661662732,2.520584509151356,12
2021-03-22,0.8150384014470536,0.8812960119752916,0.18496159855294625,0.8342999102664586,0.0010321167954429383,0.0029519485927190915,0.05926908362872929,12
2021-03-23,0.33782792931540767,0.8812960119752916,0.6621720706845924,0.8342999102664586,0.0026919178283225996,0.0019091328606653944,2.404522700104138,12
2021-03-24,0.6067421854341719,0.8812960119752916,0.3932578145658281,0.8342999102664586,0.0017568660175916707,0.002496772975940996,1.2932974176565801,12
2021-03-25,0.46991349518854947,0.8812960119752916,0.5300865048114507,0.8342999102664586,0.0022327244738418717,0.002197770504039929,2.0646464714893464,12
2021-03-26,0.5901188630509961,0.8812960119752916,0.40988113694900385,0.8342999102664586,0.00181468762009796,0.0024604471551291805,0.5850755885509016,12
2021-03-27,0.22673858452174805,0.8812960119752916,0.7732614154782521,0.8342999102664586,0.0030779891574501685,0.001666376837527646,2.0381554430712883,12
2021-03-28,0.4432854803760855,0.8812960119752916,0.5567145196239147,0.8342999102664586,0.0023253097503768442,0.0021395821062963525,2.456713738417489,12
2021-03-29,0.663439523473346,0.8812960119752916,0.3365604765266539,0.8342999102664586,0.001559633427217658,0.0026206698296892235,1.839328571207339,12
2021-03-30,0.6655247058872931,0.8812960119752916,0.33447529411270693,0.8342999102664586,0.0015523791340045126,0.0026252264376273367,2.4705984744501603,12
2021-03-31,0.7567871166576009,0.8812960119752916,0.24321288334239916,0.8342999102664586,0.001234838994743037,0.002824656004357737,2.8236365138497277,12
2021-04-01,0.8149765569254558,0.8812960119752916,0.18502344307454427,0.8342999102664586,0.001032332039767697,0.002951813448073637,2.8628114744198836,12
2021-04-02,0.832782411675451,0.8812960119752916,0.16721758832454908,0.8342999102664586,0.0009703588465131552,0.002990723376795477,2.8866264037915257,12
2021-04-03,0.838513002401676,0.8812960119752916,0.1614869975983239,0.8342999102664586,0.0009504129085165659,0.0030032460486818977,1.5966919661987766,12
2021-04-04,0.7489178756848992,0.8812960119752916,0.25108212431510085,0.8342999102664586,0.0012622225126998666,0.00280745988489917,2.6345125673504044,12
2021-04-05,0.8008704776503932,0.8812960119752916,0.19912952234960685,0.8342999102664586,0.0010814260323925504,0.002920988388179365,2.8166409511674853,12
2021-04-06,0.8270976722733696,0.8812960119752916,0.17290232772663028,0.8342999102664586,0.0009901448841590549,0.0029783009007030396,2.6166755995209487,12
2021-04-07,0.8244966014925671,0.8812960119752916,0.17550339850743296,0.8342999102664586,0.0009991979463486505,0.0029726169568484763,1.4772439212252098,12
2021-04-08,0.7214576152080882,0.8812960119752916,0.2785423847919118,0.8342999102664586,0.001357774559253398,0.002747452837058,2.0257997671639267,12
2021-04-09,0.7294763642848736,0.8812960119752916,0.27052363571512644,0.8342999102664586,0.0013298728777265656,0.002764975666452985,2.799859037004333,12
2021-04-10,0.8057513816759724,0.8812960119752916,0.19424861832402768,0.8342999102664586,0.0010644390278157412,0.0029316542972525296,2.1965146373368003,12
2021-04-11,0.7904351222458431,0.8812960119752916,0.2095648777541568,0.8342999102664586,0.001117743424383577,0.0028981847126086525,2.8512561323564296,12
2021-04-12,0.8257950531996444,0.8812960119752916,0.1742049468003556,0.8342999102664586,0.0009946786756187536,0.0029754543754436803,2.863840422366984,12
2021-04-13,0.8356785163554922,0.8812960119752916,0.16432148364450774,0.8342999102664586,0.0009602786815700543,0.002997052038252823,0.08913528191381381,12
2021-04-14,0.42284141864501174,0.8812960119752916,0.5771585813549882,0.8342999102664586,0.0023963889034843127,0.0020949070824960374,2.3663774439275707,12
2021-04-15,0.6360468702140751,0.8812960119752916,0.36395312978592487,0.8342999102664586,0.0016549278710325456,0.00256081051932275,2.715615727105944,12
2021-04-16,0.7710236972665632,0.8812960119752916,0.22897630273343683,0.8342999102664586,0.001185296797703838,0.0028557662399805225,1.8314120842983186,12
2021-04-17,0.728873069410506,0.8812960119752916,0.271126930589494,0.8342999102664586,0.0013319720970181117,0.0027636573270141043,2.131591898873982,12
2021-04-18,0.7428292024825454,0.8812960119752916,0.25717079751745475,0.8342999102664586,0.001283409574961202,0.0027941547196240106,-0.06634689434704844,12
2021-04-19,0.18626345587726895,0.8812960119752916,0.8137365441227311,0.8342999102664586,0.003218623999375828,0.0015779292795375182,2.0881678555716268,12
2021-04-20,0.42645026243426487,0.8812960119752916,0.5735497375657351,0.8342999102664586,0.00238384209980506,0.002102793244468022,2.438744156169481,12
2021-04-21,0.6549553921345193,0.8812960119752916,0.34504460786548086,0.8342999102664586,0.0015891490624437737,0.0026021300319487885,0.8768629142549661,12
2021-04-22,0.37692230312036873,0.8812960119752916,0.6230776968796314,0.8342999102664586,0.002556024223927302,0.001994563148597875,1.344390379374679,12
2021-04-23,0.28541639367974264,0.8812960119752916,0.7145836063202575,0.8342999102664586,0.002874079517113651,0.0017946014807109184,2.02521078574906,12
2021-04-24,0.46846741223625166,0.8812960119752916,0.5315325877637485,0.8342999102664586,0.0022377526601843373,0.0021946104768808964,2.2970358034133405,12
2021-04-25,0.6424660459718426,0.8812960119752916,0.3575339540281573,0.8342999102664586,0.0016325972787018554,0.00257483790945339,1.805477097099605,12
2021-04-26,0.6375095082934901,0.8812960119752916,0.3624904917065098,0.8342999102664586,0.0016498397797124337,0.002564006723280097,-0.3483719976446442,12
2021-04-27,0.16585534302811095,0.8812960119752916,0.8341446569718891,0.8342999102664586,0.0032895280747879834,0.0015333328123946968,2.011788920873627,12
2021-04-28,0.405782777820485,0.863080042858746,0.594217222179515,0.8189397064733759,0.0024370408795712827,0.0024883157578493064,2.431648509337175,13
2021-04-29,0.6346599282438308,0.863080042858746,0.3653400717561692,0.8189397064733759,0.001654304164603175,0.0025625755129778435,2.0687554367560868,13
2021-04-30,0.675794342736916,0.863080042858746,0.3242056572630841,0.8189397064733759,0.001513627456523327,0.002575921675065069,0.06686903727739324,13
2021-05-01,0.19435037814835207,0.863080042858746,0.805649621851648,0.8189397064733759,0.0031601085105054908,0.002419715995064554,2.2026390745376556,13
2021-05-02,0.4713793457741974,0.863080042858746,0.5286206542258027,0.8189397064733759,0.0022127083764858233,0.0025095987258716935,2.0012399519482784,13
2021-05-03,0.5732361470801435,0.863080042858746,0.4267638529198565,0.8189397064733759,0.0018643683689997148,0.002542646415906129,2.5635496353231804,13
2021-05-04,0.7201199981915616,0.863080042858746,0.2798800018084383,0.8189397064733759,0.00136203653751347,0.0025903032431415915,0.08578023698411452,13
2021-05-05,0.22142026244490015,0.863080042858746,0.7785797375551,0.8189397064733759,0.0030675340230611452,0.002428498885691693,1.1097981933550203,13
2021-05-06,0.18899924470494006,0.863080042858746,0.8110007552950601,0.8189397064733759,0.0031784084757348675,0.0024179798066401837,2.0371279809707605,13
2021-05-07,0.4143921674360197,0.863080042858746,0.5856078325639804,0.8189397064733759,0.002407597837125274,0.0024911090955130845,2.366861603734509,13
2021-05-08,0.6259376443586981,0.863080042858746,0.3740623556413018,0.8189397064733759,0.0016841336958113423,0.0025597455464902606,2.2337504381029833,13
2021-05-09,0.6972909883216204,0.863080042858746,0.30270901167837966,0.8189397064733759,0.0014401103491845225,0.002582896314666499,2.6422494783236496,13
2021-05-10,0.7694899513845089,0.863080042858746,0.23051004861549107,0.8189397064733759,0.0011931939545083562,0.002606321446042294,0.9080852059390268,13
2021-05-11,0.5460603802239841,0.863080042858746,0.45393961977601605,0.8189397064733759,0.0019573069697609454,0.0025338291714217588,2.523723689609448,13
2021-05-12,0.7051734740026098,0.863080042858746,0.2948265259973903,0.8189397064733759,0.0014131527446747776,0.0025854538065585107,-0.8621472665216177,13
2021-05-13,0.1810741481242678,0.863080042858746,0.8189258518757322,0.8189397064733759,0.003205510945544389,0.002415408489536828,1.6758961588933097,13
2021-05-14,0.285083650551016,0.863080042858746,0.7149163494489841,0.8189397064733759,0.002849815250461302,0.0024491546287515337,2.2562284807513047,13
2021-05-15,0.5381643404446302,0.863080042858746,0.46183565955536965,0.8189397064733759,0.0019843106639088276,0.0025312672818691515,0.6108895784769773,13
2021-05-16,0.20828706470573785,0.863080042858746,0.7917129352942622,0.8189397064733759,0.0031124473872065684,0.002424237787341067,1.8971308579593509,13
2021-05-17,0.37971416735891567,0.863080042858746,0.6202858326410843,0.8189397064733759,0.002526192192184312,0.0024798577329838414,0.9712580987828608,13
2021-05-18,0.20660739967007663,0.863080042858746,0.7933926003299235,0.8189397064733759,0.0031181915612066256,0.0024236928158836045,2.017240920577624,13
2021-05-19,0.4193846126016436,0.863080042858746,0.5806153873983564,0.8189397064733759,0.002390524288008673,0.0024927289066423567,-0.9065596015652376,13
2021-05-20,0.18106030274087442,0.863080042858746,0.8189396972591255,0.8189397064733759,0.003205558294367195,0.002415403997368088,0.8663455352316862,13
2021-05-21,0.18163812029132803,0.863080042858746,0.818361879708672,0.8189397064733759,0.003203582257986815,0.0024155914716953693,0.4738578748328319,13
2021-05-22,0.181078878351779,0.863080042858746,0.8189211216482211,0.8189397064733759,0.00320549476898228,0.002415410024270794,2.1277193827503575,13
2021-05-23,0.43972605391894853,0.863080042858746,0.5602739460810516,0.8189397064733759,0.0023209590035151713,0.0024993287373742176,0.41501282080304513,13
2021-05-24,0.18203923352320098,0.863080042858746,0.8179607664767993,0.8189397064733759,0.003202210519862741,0.002415721613871304,0.28155798006997756,13
2021-05-25,0.18106461601979693,0.863080042858746,0.8189353839802033,0.8189397064733759,0.003205543543697348,0.0024154053968220577,2.1026880554240717,13
2021-05-26,0.4309151876543441,0.863080042858746,0.5690848123456559,0.8189397064733759,0.0023510911178682057,0.002496470030115456,2.12328883529171,13
2021-05-27,0.5811534229871639,0.863080042858746,0.4188465770128362,0.8189397064733759,0.0018372919908656343,0.002545215195572657,2.2508771111870516,13
2021-05-28,0.6788784492256587,0.863080042858746,0.3211215507743414,0.8189397064733759,0.0015030800221164094,0.0025769223210108123,-0.12606408877898945,13
2021-05-29,0.18398793343117642,0.863080042858746,0.8160120665688236,0.8189397064733759,0.0031955463015395963,0.002416353874355662,1.8008125340779135,13
2021-05-30,0.3294442044355279,0.863080042858746,0.6705557955644721,0.8189397064733759,0.0026981086299692056,0.0024635475197095735,1.9480299430812469,13
2021-05-31,0.47612564307437244,0.863080042858746,0.5238743569256276,0.8189397064733759,0.002196476566005267,0.002511138673719813,1.2881690847412486,13
2021-06-01,0.3649316716361358,0.863080042858746,0.6350683283638642,0.8189397064733759,0.0025767463727432555,0.0024750615158405757,2.108801848246653,13
2021-06-02,0.5411701018538241,0.863080042858746,0.45882989814617603,0.8189397064733759,0.001974031251465944,0.0025322425085608892,2.0948151628568343,13
2021-06-03,0.6325837944899518,0.863080042858746,0.3674162055100482,0.8189397064733759,0.0016614043817124436,0.0025619019062683404,1.4598422096442576,13
2021-06-04,0.5499072887460739,0.863080042858746,0.450092711253926,0.8189397064733759,0.0019441509090523596,0.0025350773103658335,0.6081100968962946,13
2021-06-05,0.21331249972835228,0.863080042858746,0.7866875002716478,0.8189397064733759,0.0030952612348839077,0.0024258683021106866,1.4786439480672775,13
2021-06-06,0.24467944434232153,0.863080042858746,0.7553205556576785,0.8189397064733759,0.002987991378742661,0.00243604538454052,2.2494274916851102,13
2021-06-07,0.5144976953775992,0.863080042858746,0.48550230462240096,0.8189397064733759,0.0020652482277831907,0.0025235885805914536,0.7311467177135118,13
2021-06-08,0.21933620754997715,0.863080042858746,0.780663792450023,0.8189397064733759,0.003074661148540344,0.0024278227089484703,2.1753742113726062,13
2021-06-09,0.47789293775245245,0.863080042858746,0.5221070622475477,0.8189397064733759,0.002190432612958246,0.0025117120768305716,-0.30459749318997953,13
2021-06-10,0.1810658939508376,0.863080042858746,0.8189341060491625,0.8189397064733759,0.003205539173393638,0.0024154058114499305,2.021809136629298,13
2021-06-11,0.4038913467344711,0.863080042858746,0.5961086532655288,0.8189397064733759,0.0024435093367134787,0.002487702078375273,2.4293936124324507,13
2021-06-12,0.6336832902627878,0.863080042858746,0.3663167097372121,0.8189397064733759,0.0016576441911907158,0.0025622586403796508,1.0807117788368248,13
2021-06-13,0.4383915523964647,0.863080042858746,0.5616084476035352,0.8189397064733759,0.002325522841000179,0.0024988957550686657,0.3435247755774329,13
2021-06-14,0.18165967212734446,0.863080042858746,0.8183403278726556,0.8189397064733759,0.0032035085544228014,0.0024155984642416422,1.6452949060190736,13
2021-06-15,0.27775873640189114,0.863080042858746,0.722241263598109,0.8189397064733759,0.0028748653480299884,0.0024467780423162106,2.2771102617080414,13
2021-06-16,0.5394149228478455,0.863080042858746,0.46058507715215435,0.8189397064733759,0.001980033793634755,0.0025316730364097818,0.8649479776734472,13
2021-06-17,0.2723357349989605,0.863080042858746,0.7276642650010395,0.8189397064733759,0.0028934111846344816,0.0024450185361553794,2.252881140113525,13
2021-06-18,0.5300401822586541,0.863080042858746,0.469959817741346,0.8189397064733759,0.0020120944872950874,0.0025286313787377113,0.5897868542686249,13
2021-06-19,0.20189123347631321,0.863080042858746,0.7981087665236869,0.8189397064733759,0.0031343200590448947,0.002422162644147166,2.183470519993607,13
2021-06-20,0.46991652720919197,0.863080042858746,0.5300834727908081,0.8189397064733759,0.0022177110528195623,0.0025091241107856794,2.542543089741834,13
2021-06-21,0.6796518887886083,0.863080042858746,0.3203481112113916,0.8189397064733759,0.0015004349111073184,0.002577173265381821,-1.0914999697594021,13
2021-06-22,0.18106116438536388,0.863080042858746,0.8189388356146362,0.8189397064733759,0.0032055553476916803,0.002415404276930765,2.0006861323248137,13
2021-06-23,0.39790054037670886,0.863080042858746,0.6020994596232911,0.8189397064733759,0.002463997138281704,0.0024857583464984695,1.6468343304070334,13
2021-06-24,0.42624159609780765,0.863080042858746,0.5737584039021923,0.8189397064733759,0.0023670742383173162,0.002494953671824917,1.8768363742355778,13
2021-06-25,0.5152501494919755,0.863080042858746,0.48474985050802455,0.8189397064733759,0.002062674911632278,0.00252383271618199,0.031031074203928366,13
2021-06-26,0.18123656353714493,0.863080042858746,0.8187634364628552,0.8189397064733759,0.0032049555128468234,0.00241546118561753,2.1745646056720567,13
2021-06-27,0.45459176694067355,0.863080042858746,0.5454082330593265,0.8189397064733759,0.002270119996575966,0.0025041519545750714,0.4976378551818873,13
2021-06-28,0.18395828421166138,0.863080042858746,0.8160417157883388,0.8189397064733759,0.0031956476967738355,0.002416344254593371,2.163562615345763,13
2021-06-29,0.45254125196802286,0.863080042858746,0.5474587480319771,0.8189397064733759,0.0022771325216996083,0.002503486659942231,1.3508148471818893,13
2021-06-30,0.3674462994886318,0.863080042858746,0.6325537005113684,0.8189397064733759,0.002568146681265447,0.002475877393040289,1.8942191517450218,13
2021-07-01,0.48199423831318416,0.863080042858746,0.5180057616868158,0.8189397064733759,0.0021764066144611877,0.002513042753898094,1.10477510671834,13
2021-07-02,0.30357038915478385,0.863080042858746,0.6964296108452162,0.8189397064733759,0.002786593352666128,0.0024551526966202653,2.328652936275443,13
2021-07-03,0.5659245900407938,0.863080042858746,0.4340754099592062,0.8189397064733759,0.0018893732308574922,0.0025402741632179673,2.218195446486484,13
2021-07-04,0.6671492022366815,0.863080042858746,0.3328507977633185,0.8189397064733759,0.0015431932383069935,0.0025731167379387035,2.3424925228023388,13
2021-07-05,0.7292536131608546,0.863080042858746,0.2707463868391456,0.8189397064733759,0.0013308001045439085,0.002593266667012448,0.9652622412415458,13
2021-07-06,0.5110455449397446,0.863080042858746,0.48895445506025537,0.8189397064733759,0.002077054227853694,0.00252246852188001,2.574391223795109,13
2021-07-07,0.6994834001216905,0.863080042858746,0.3005165998783095,0.8189397064733759,0.0014326124402419434,0.002583607648074456,2.6845094774877296,13
2021-07-08,0.7735922353128071,0.863080042858746,0.22640776468719287,0.8189397064733759,0.0011791643411521468,0.002607652442165846,1.4658861769414087,13
2021-07-09,0.6683608904503567,0.863080042858746,0.33163910954964343,0.8189397064733759,0.0015390493494809678,0.00257350987316375,1.8259522091841782,13
2021-07-10,0.6549371650521745,0.863080042858746,0.3450628349478254,0.8189397064733759,0.0015849575329091458,0.0025691545123986493,2.5771614162405148,13
2021-07-11,0.7496490833933439,0.863080042858746,0.2503509166066561,0.8189397064733759,0.0012610487169489213,0.0025998840275589007,2.5030268183862088,13
2021-07-12,0.7761792811926204,0.863080042858746,0.22382071880737958,0.8189397064733759,0.0011703167670845593,0.0026084918155728715,1.4639377408235508,13
2021-07-13,0.6702395347849486,0.863080042858746,0.32976046521505137,0.8189397064733759,0.0015326245168228111,0.0025741194039447923,2.4049965684430235,13
2021-07-14,0.7371795315136042,0.863080042858746,0.26282046848639595,0.8189397064733759,0.0013036939096598785,0.0025958382507417772,2.7869328823491686,13
2021-07-15,0.7918960270424029,0.863080042858746,0.20810397295759714,0.8189397064733759,0.0011165662122771586,0.0026135911524706947,1.425836978647381,13
2021-07-16,0.6776577884697181,0.863080042858746,0.322342211530282,0.8189397064733759,0.0015072545991103828,0.0025765262746223305,2.6193914294938616,13
2021-07-17,0.7612042272118367,0.863080042858746,0.23879577278816327,0.8189397064733759,0.0012215307211058068,0.0026036331224285683,2.8113112657204926,13
2021-07-18,0.7999150227970141,0.863080042858746,0.20008497720298574,0.8189397064733759,0.001089141592076576,0.0026161929353922865,2.8355558619551235,13
2021-07-19,0.81146912798169,0.863080042858746,0.18853087201830998,0.8189397064733759,0.0010496270260325128,0.002619941693274655,1.9137573794249623,13
2021-07-20,0.7532035453984812,0.863080042858746,0.24679645460151883,0.8189397064733759,0.0012488926432247236,0.0026010372815103194,1.2452833828445156,13
2021-07-21,0.6073788123311273,0.863080042858746,0.3926211876688727,0.8189397064733759,0.0017476034018607653,0.002553724087732626,0.23117658469699376,13
2021-07-22,0.18946648782121225,0.863080042858746,0.8105335121787878,0.8189397064733759,0.0031768105840757604,0.002418131404819974,2.1896030348859705,13
2021-07-23,0.46445450070310135,0.863080042858746,0.5355454992968987,0.8189397064733759,0.002236390570269971,0.002507351942834018,1.7343689768152504,13
2021-07-24,0.4996092738864619,0.863080042858746,0.5003907261135381,0.8189397064733759,0.0021161650827876046,0.0025187579955717725,2.247918176218497,13
2021-07-25,0.6414578454413001,0.863080042858746,0.35854215455869987,0.8189397064733759,0.0016310558064051893,0.0025647811139543255,2.087989761402915,13
2021-07-26,0.6831020992128786,0.863080042858746,0.31689790078712154,0.8189397064733759,0.001488635423208618,0.002578292694651079,0.3150609889211884,13
2021-07-27,0.2449642295357356,0.863080042858746,0.7550357704642645,0.8189397064733759,0.0029870174586854644,0.002436137783797886,1.4994293789131998,13
2021-07-28,0.2622481462212962,0.8345047948501356,0.7377518537787039,0.7995343132626069,0.002774172336868699,0.0015739354704141194,2.090545809418357,14
2021-07-29,0.47064975702711703,0.8345047948501356,0.529350242972883,0.7995343132626069,0.0020924728302716645,0.0017415383853396013,2.5920624588732277,14
2021-07-30,0.6682925188929323,0.8345047948501356,0.3317074811070678,0.7995343132626069,0.0014459145336942095,0.0019004887066665244,1.2177800786312294,14
2021-07-31,0.5049305088768704,0.8345047948501356,0.4950694911231297,0.7995343132626069,0.001980332175956504,0.0017691080087875184,2.6261114508998036,14
2021-08-01,0.6841834683423391,0.8345047948501356,0.315816531657661,0.7995343132626069,0.0013939275098401678,0.0019132686916117259,0.8119831782307082,14
2021-08-02,0.3946978088163189,0.8345047948501356,0.6053021911836812,0.7995343132626069,0.002340924660349479,0.0016804555181526486,2.182917820572043,14
2021-08-03,0.5608288462032963,0.8345047948501356,0.4391711537967038,0.7995343132626069,0.0017974718957028757,0.0018140631520763397,1.869997349734276,14
2021-08-04,0.5785705625020605,0.8345047948501356,0.4214294374979395,0.7995343132626069,0.0017394325584817055,0.001828331580021575,1.4716979492139537,14
2021-08-05,0.49718089616804123,0.8345047948501356,0.5028191038319588,0.7995343132626069,0.00200568317182822,0.0017628755345061482,1.9264690219963163,14
2021-08-06,0.557646954949395,0.8345047948501356,0.442353045050605,0.7995343132626069,0.0018078809278620266,0.0018115041783377602,1.191271710663534,14
2021-08-07,0.39614428398089807,0.8345047948501356,0.603855716019102,0.7995343132626069,0.0023361930620681556,0.0016816188174813504,1.5227450186789835,14
2021-08-08,0.37887729333715503,0.8345047948501356,0.6211227066628451,0.7995343132626069,0.002392675336831365,0.0016677321783488972,2.3164863116562517,14
2021-08-09,0.5832777243897258,0.8345047948501356,0.4167222756102742,0.7995343132626069,0.0017240337230966603,0.0018321172228021095,0.8872763569475718,14
2021-08-10,0.3203352028848129,0.8345047948501356,0.6796647971151872,0.7995343132626069,0.0025841702500027947,0.001620650848374025,2.122792375462909,14
2021-08-11,0.5084279947757399,0.8345047948501356,0.49157200522426026,0.7995343132626069,0.001968890965784662,0.001771920793339877,2.630091456873891,14
2021-08-12,0.6859598551982187,0.8345047948501356,0.31404014480178133,0.7995343132626069,0.0013881160642301182,0.0019146973159583874,1.7667897665477486,14
2021-08-13,0.6348211458521638,0.8345047948501356,0.36517885414783624,0.7995343132626069,0.0015554146043215403,0.0018735700102778575,0.20994456687213392,14
2021-08-14,0.20851711570080822,0.8345047948501356,0.7914828842991919,0.7995343132626069,0.0029499220269168782,0.0015307233411874662,2.1224545586425214,14
2021-08-15,0.44714023005279324,0.8345047948501356,0.5528597699472066,0.7995343132626069,0.0021693773166515866,0.001722631308593984,2.558407256969284,14
2021-08-16,0.6549819049817586,0.8345047948501356,0.34501809501824166,0.7995343132626069,0.0014894597737147247,0.0018897839060542155,2.034757669628174,14
2021-08-17,0.6605666980164764,0.8345047948501356,0.33943330198352367,0.7995343132626069,0.0014711893330479257,0.0018942753665004896,1.7780174339760464,14
2021-08-18,0.6207536440555148,0.8345047948501356,0.37924635594448525,0.7995343132626069,0.001601435362438618,0.0018622564974037433,2.731899131250007,14
2021-08-19,0.7311155272284771,0.8345047948501356,0.26888447277152305,0.7995343132626069,0.0012403880138807618,0.001951012881027326,1.4732196121208943,14
2021-08-20,0.6172542882635986,0.8345047948501356,0.3827457117364014,0.7995343132626069,0.0016128831979870717,0.0018594422090265146,0.7104108045803735,14
2021-08-21,0.2963015418532422,0.8345047948501356,0.7036984581467578,0.7995343132626069,0.0026627846051034652,0.0016013222470755662,2.36078956089032,14
2021-08-22,0.5567450291828526,0.8345047948501356,0.4432549708171475,0.7995343132626069,0.0018108314267885216,0.0018107788221999913,2.6665848106904537,14
2021-08-23,0.7056004950003703,0.8345047948501356,0.29439950499962975,0.7995343132626069,0.0013238614831544086,0.0019304929159497388,2.8122442093614812,14
2021-08-24,0.7603863675294614,0.8345047948501356,0.23961363247053868,0.7995343132626069,0.0011446262280063373,0.001974553381207693,1.3607665981699333,14
2021-08-25,0.617691886045997,0.8345047948501356,0.3823081139540029,0.7995343132626069,0.001611451636089771,0.0018597941384747147,2.2841807723687153,14
2021-08-26,0.6805566966982698,0.8345047948501356,0.3194433033017302,0.7995343132626069,0.0014057924724552087,0.001910351931530243,1.1929695764607933,14
2021-08-27,0.5048037432002402,0.8345047948501356,0.49519625679975976,0.7995343132626069,0.00198074686003288,0.0017690060599741975,1.4789779213390384,14
2021-08-28,0.44327440780521,0.8345047948501356,0.55672559219479,0.7995343132626069,0.0021820231459583382,0.001719522296745307,2.5260136846991186,14
2021-08-29,0.6483635931711282,0.8345047948501356,0.35163640682887176,0.7995343132626069,0.001511111280004347,0.0018844612583690159,2.769252607331226,14
2021-08-30,0.741958548482251,0.8345047948501356,0.25804145151774915,0.7995343132626069,0.0012049143723317898,0.0019597331685611147,1.1170181229755882,14
2021-08-31,0.5479889321830166,0.8345047948501356,0.45201106781698347,0.7995343132626069,0.0018394754753615326,0.0018037369026348388,2.674345329606629,14
2021-09-01,0.7036980213774203,0.8345047948501356,0.2963019786225796,0.7995343132626069,0.0013300854695200393,0.0019289628887894767,1.8789762189085562,14
2021-09-02,0.665690767398274,0.8345047948501356,0.3343092326017261,0.7995343132626069,0.001454426097017316,0.0018983962989700084,2.6191154337964013,14
2021-09-03,0.7344461204353538,0.8345047948501356,0.2655538795646462,0.7995343132626069,0.0012294917801349424,0.001953691445399958,2.76899903249033,14
2021-09-04,0.765290369925157,0.8345047948501356,0.23470963007484305,0.7995343132626069,0.0011285823018534374,0.0019784973291126157,2.868368810656952,14
2021-09-05,0.7785587107791448,0.8345047948501356,0.2214412892208551,0.7995343132626069,0.0010851734638389042,0.0019891681324464023,1.5259759702180207,14
2021-09-06,0.6631461520431764,0.8345047948501356,0.3368538479568237,0.7995343132626069,0.0014627507324544318,0.0018963498418949915,2.5158860019019063,14
2021-09-07,0.724112004949248,0.8345047948501356,0.275887995050752,0.7995343132626069,0.0012633004067036172,0.0019453804353652907,-1.3082786574362335,14
2021-09-08,0.20046580763665964,0.8345047948501356,0.7995341923633404,0.7995343132626069,0.0029762568579475945,0.0015242482343238647,2.080014522372134,14
2021-09-09,0.4292388816776841,0.8345047948501356,0.570761118322316,0.7995343132626069,0.002227935820686741,0.0017082344996769917,2.536626603563652,14
2021-09-10,0.6454098013753653,0.8345047948501356,0.35459019862463476,0.7995343132626069,0.0015207744573286295,0.0018820857291533895,1.2668161045432398,14
2021-09-11,0.4918161057597177,0.8345047948501356,0.5081838942402823,0.7995343132626069,0.0020232327490723044,0.0017585610068644349,2.587087919115677,14
2021-09-12,0.6748330237473716,0.8345047948501356,0.32516697625262825,0.7995343132626069,0.0014245174010435312,0.0019057487796306902,2.2470347407985454,14
2021-09-13,0.6998151889978893,0.8345047948501356,0.3001848110021106,0.7995343132626069,0.0013427882307345176,0.0019258401968752438,1.894998383775916,14
2021-09-14,0.6637742074072633,0.8345047948501356,0.33622579259273677,0.7995343132626069,0.0014606960682990858,0.0018968549431240488,1.0785113181593697,14
2021-09-15,0.4614977015863836,0.8345047948501356,0.5385022984136164,0.7995343132626069,0.002122411166410308,0.0017341780239513405,2.117761840557697,14
2021-09-16,0.5812011332321397,0.8345047948501356,0.4187988667678602,0.7995343132626069,0.0017308270101753574,0.0018304471650238889,2.5957157761655503,14
2021-09-17,0.7048651110239854,0.8345047948501356,0.29513488897601464,0.7995343132626069,0.0013262673093605605,0.001929901497785767,2.5641166256740964,14
2021-09-18,0.7415521372933944,0.8345047948501356,0.25844786270660564,0.7995343132626069,0.0012062439754234103,0.001959406320320128,2.4224013090780403,14
2021-09-19,0.7431337113267383,0.8345047948501356,0.2568662886732616,0.7995343132626069,0.0012010697423545976,0.0019606782702687574,2.2162040170010617,14
2021-09-20,0.7245563988006222,0.8345047948501356,0.27544360119937783,0.7995343132626069,0.0012618465506464493,0.0019457378304188957,-0.7299257602184692,14
2021-09-21,0.20049004214858146,0.8345047948501356,0.7995099578514185,0.7995343132626069,0.002976177589987846,0.0015242677244555589,1.2268516133324996,14
2021-09-22,0.20779745242488648,0.8345047948501356,0.7922025475751137,0.7995343132626069,0.00295227595973074,0.0015301445660890255,0.9604820194368,14
2021-09-23,0.20156061927889612,0.8345047948501356,0.7984393807211039,0.7995343132626069,0.0029726758696512062,0.001525128715150398,1.8426837827353224,14
2021-09-24,0.35680297070491207,0.8345047948501356,0.643197029295088,0.7995343132626069,0.002464882375286548,0.0016499793365936735,1.209351649857051,14
2021-09-25,0.2504232886091527,0.8345047948501356,0.7495767113908475,0.7995343132626069,0.0028128507739121444,0.0015644255602137581,2.31397830063689,14
2021-09-26,0.52383155987397,0.8345047948501356,0.47616844012603,0.7995343132626069,0.0019185016034300706,0.0017843088089637739,2.594897638322253,14
2021-09-27,0.6865689543963559,0.8345047948501356,0.3134310456036441,0.7995343132626069,0.001386123396631394,0.001915187172062147,2.456886728004361,14
2021-09-28,0.7257550200215278,0.8345047948501356,0.2742449799784722,0.7995343132626069,0.0012579252018633325,0.0019467017980664514,1.6252780862029201,14
2021-09-29,0.6373181432283137,0.8345047948501356,0.36268185677168635,0.7995343132626069,0.0015472458412914955,0.00187557817152568,2.745345626097251,14
2021-09-30,0.7369748832606788,0.8345047948501356,0.26302511673932116,0.7995343132626069,0.00122121877258363,0.0019557251533883022,0.41815610393935954,14
2021-10-01,0.342788772301188,0.8345047948501356,0.6572112276988119,0.7995343132626069,0.002510723715884307,0.0016387086919296225,0.29874352270196874,14
2021-10-02,0.2004969376718705,0.8345047948501356,0.7995030623281296,0.7995343132626069,0.0029761550356212614,0.0015242732700451477,2.2079224134415285,14
2021-10-03,0.46833473361816913,0.8345047948501356,0.531665266381831,0.7995343132626069,0.002100045778570193,0.0017396765730917974,2.5489067044634357,14
2021-10-04,0.6613099924770546,0.8345047948501356,0.3386900075229456,0.7995343132626069,0.00146875767009357,0.0018948731465164848,2.3066805743518612,14
2021-10-05,0.7012051027803249,0.8345047948501356,0.2987948972196751,0.7995343132626069,0.0013382411031586956,0.0019269580078198453,0.9846503488164731,14
2021-10-06,0.47412310467347474,0.8345047948501356,0.5258768953265254,0.7995343132626069,0.002081110736847127,0.001744331757175012,0.562321847095352,14
2021-10-07,0.20445459649867756,0.8345047948501356,0.7955454035013225,0.7995343132626069,0.002963210034316357,0.0015274561396644785,1.7368843060474175,14
2021-10-08,0.3191536047475316,0.8345047948501356,0.6808463952524685,0.7995343132626069,0.00258803528725885,0.0016197005712081571,2.416830458436195,14
2021-10-09,0.579629190403999,0.8345047948501356,0.42037080959600115,0.7995343132626069,0.001735969404796813,0.0018291829607834618,2.358613205770731,14
2021-10-10,0.6752915394619271,0.8345047948501356,0.3247084605380729,0.7995343132626069,0.001423017373849782,0.0019061175319162484,2.719307335805277,14
2021-10-11,0.7452698767630478,0.8345047948501356,0.2547301232369523,0.7995343132626069,0.001194081118533093,0.0019623962394941597,0.8501190252835554,14
2021-10-12,0.48816135006148226,0.8345047948501356,0.5118386499385177,0.7995343132626069,0.0020351883518397794,0.0017556217411553252,2.154163102198713,14
2021-10-13,0.5994802497489634,0.8345047948501356,0.40051975025103664,0.7995343132626069,0.00167102916148642,0.0018451477865720437,2.3518307461830372,14
2021-10-14,0.6821897148477671,0.8345047948501356,0.31781028515223286,0.7995343132626069,0.0014004500650588712,0.0019116652544019985,2.7964385059717802,14
2021-10-15,0.7531067586196898,0.8345047948501356,0.24689324138031024,0.7995343132626069,0.0011684421271494592,0.0019686988982789023,-0.08702482880912066,14
2021-10-16,0.22549661240183141,0.8345047948501356,0.7745033875981687,0.7995343132626069,0.002894383922266309,0.001544378768945703,2.2102125152180303,14
2021-10-17,0.4826218906734291,0.8345047948501356,0.5173781093265709,0.7995343132626069,0.0020533092499422324,0.0017511667394067346,2.5620256002981154,14
2021-10-18,0.6681996590138749,0.8345047948501356,0.33180034098612515,0.7995343132626069,0.001446218322558919,0.0019004140259270164,2.74056751452525,14
2021-10-19,0.7452340319355298,0.8345047948501356,0.2547659680644702,0.7995343132626069,0.0011941983875962605,0.0019623674119934806,1.4886204800083174,14
2021-10-20,0.6312052157436462,0.8345047948501356,0.36879478425635387,0.7995343132626069,0.0015672438680498278,0.001870661969289062,2.054152449593813,14
2021-10-21,0.6534507613333732,0.8345047948501356,0.34654923866662685,0.7995343132626069,0.0014944688456086691,0.0018885525137552462,0.42177249327065225,14
2021-10-22,0.24187266281498343,0.8345047948501356,0.7581273371850166,0.7995343132626069,0.0028408192721235685,0.001557548886842576,1.817819700586716,14
2021-10-23,0.3697038646886392,0.8345047948501356,0.630296135311361,0.7995343132626069,0.0024226825001716283,0.0016603546279767712,2.4451316758472776,14
2021-10-24,0.6065678687812954,0.8345047948501356,0.39343213121870446,0.7995343132626069,0.0016478427839791594,0.0018508478654011224,2.6475888936122796,14
2021-10-25,0.7184979675993264,0.8345047948501356,0.2815020324006735,0.7995343132626069,0.0012816669804197845,0.0019408654557511258,1.6075175347306023,14
2021-10-26,0.6318441523845304,0.8345047948501356,0.36815584761546977,0.7995343132626069,0.001565153632521119,0.0018711758215719252,0.9836464695865265,14
2021-10-27,0.43929782023462516,0.8225089313422499,0.5607021797653748,0.758796242556145,0.002247713744357136,0.0014438136746186918,1.6769249933743442,15
2021-10-28,0.47407297286359595,0.8225089313422499,0.525927027136404,0.758796242556145,0.0021316515514844276,0.00148557297919141,1.7212929265896915,15
2021-10-29,0.5125332420769866,0.8225089313422499,0.48746675792301325,0.758796242556145,0.002003286207546948,0.001531757509656783,2.014198275126426,15
2021-10-30,0.5968791122164706,0.8225089313422499,0.4031208877835294,0.758796242556145,0.001721757728468837,0.0016330431867661143,2.592776618242671,15
2021-10-31,0.7089267900361782,0.8225089313422499,0.29107320996382186,0.758796242556145,0.0013477348066789814,0.001767594231147179,2.74240145768566,15
2021-11-01,0.7514953474558231,0.8225089313422499,0.24850465254417678,0.758796242556145,0.0012056285178384388,0.0018187121478239058,2.7671389986721078,15
2021-11-02,0.7634148497349995,0.8225089313422499,0.23658515026500038,0.758796242556145,0.0011658367982290189,0.00183302553219182,1.8704412551153218,15
2021-11-03,0.6998634513626734,0.8225089313422499,0.30013654863732664,0.758796242556145,0.0013779902058803641,0.001756710634915389,2.783030510307024,15
2021-11-04,0.7519021052528181,0.8225089313422499,0.24809789474718186,0.758796242556145,0.001204270616196408,0.001819200597807527,1.9807150227250534,15
2021-11-05,0.7036115227424243,0.8225089313422499,0.29638847725757556,0.758796242556145,0.0013654783557172498,0.001761211459282064,2.7140232203103003,15
2021-11-06,0.7482899656283906,0.8225089313422499,0.2517100343716093,0.758796242556145,0.0012163292013600087,0.0018148630053792484,2.8025886433189178,15
2021-11-07,0.764731278784651,0.8225089313422499,0.23526872121534897,0.758796242556145,0.001161442044665499,0.0018346063494557813,2.1985886303288797,15
2021-11-08,0.7309419218376001,0.8225089313422499,0.26905807816239985,0.758796242556145,0.0012742425134769301,0.0017940308252266603,-0.015206816564384606,15
2021-11-09,0.2646958052489471,0.8225089313422499,0.7353041947510528,0.758796242556145,0.00283039586021378,0.001234145041368095,2.271767340667783,15
2021-11-10,0.5361297231996602,0.8225089313422499,0.46387027680033993,0.758796242556145,0.0019245282662121164,0.0015600930471757536,1.4402761764278602,15
2021-11-11,0.4727204209134832,0.8225089313422499,0.5272795790865168,0.758796242556145,0.002136165763510342,0.0014839487841968458,2.5772613894266367,15
2021-11-12,0.6701503863710495,0.8225089313422499,0.3298496136289504,0.758796242556145,0.001477177229233726,0.0017210300746023197,2.4835525407620955,15
2021-11-13,0.7207323216418928,0.8225089313422499,0.27926767835810706,0.758796242556145,0.001308325014738815,0.001781770755265586,2.803039598175326,15
2021-11-14,0.7582199150133724,0.8225089313422499,0.2417800849866277,0.758796242556145,0.0011831794675311832,0.001826787260182193,2.7718288187266165,15
2021-11-15,0.7655672336849167,0.8225089313422499,0.2344327663150832,0.758796242556145,0.0011586512985987292,0.0018356101953816845,2.275707385652636,15
2021-11-16,0.7360376449394112,0.8225089313422499,0.2639623550605888,0.758796242556145,0.0012572314519329404,0.001800149960210686,0.2754489996455145,15
2021-11-17,0.32429501014694273,0.8225089313422499,0.6757049898530573,0.758796242556145,0.0026315111846214904,0.0013057139968283742,2.3866872011350515,15
2021-11-18,0.5865446432409278,0.8225089313422499,0.4134553567590723,0.758796242556145,0.0017562530790663276,0.001620633169701589,0.597385503670693,15
2021-11-19,0.27548717258984706,0.8225089313422499,0.724512827410153,0.758796242556145,0.00279438544144776,0.0012471037190870046,2.0755896450059406,15
2021-11-20,0.49526962455737433,0.8225089313422499,0.5047303754426257,0.758796242556145,0.0020609059418962524,0.0015110267117298803,1.9060810896730398,15
2021-11-21,0.5666581642891424,0.8225089313422499,0.4333418357108576,0.758796242556145,0.0018226311492932456,0.0015967527416187307,2.4590885001643565,15
2021-11-22,0.6846550703335583,0.8225089313422499,0.3153449296664416,0.758796242556145,0.001428758563044665,0.0017384478418737944,0.784736492695055,15
2021-11-23,0.4149712220916095,0.8225089313422499,0.5850287779083904,0.758796242556145,0.002328901777042485,0.0014146013852605135,2.1554519578028652,15
2021-11-24,0.5796756870054359,0.8225089313422499,0.420324312994564,0.758796242556145,0.001779180748899297,0.0016123846700157641,2.5587688501403534,15
2021-11-25,0.7002405118727298,0.8225089313422499,0.29975948812727016,0.758796242556145,0.0013767315004672583,0.0017571634232855736,1.8021855574660484,15
2021-11-26,0.6575117719436322,0.8225089313422499,0.34248822805636775,0.758796242556145,0.0015193661993178913,0.0017058531534574221,-0.36486738245663486,15
2021-11-27,0.24128212982998254,0.8225089313422499,0.7587178701700173,0.758796242556145,0.0029085253286647832,0.0012060290237787784,2.169495997297605,15
2021-11-28,0.501865764986889,0.8225089313422499,0.49813423501311094,0.758796242556145,0.0020388905035224943,0.0015189476039870445,1.1606739524309064,15
2021-11-29,0.3747367024994208,0.8225089313422499,0.6252632975005791,0.758796242556145,0.002463177451400104,0.0013662862685473384,2.384973040428096,15
2021-11-30,0.6067664667843043,0.8225089313422499,0.3932335332156956,0.758796242556145,0.0016887545095613365,0.0016449162921187174,2.41678624402063,15
2021-12-01,0.6931215765335459,0.8225089313422499,0.3068784234664541,0.758796242556145,0.0014004958993155089,0.001748614739337748,2.7888365242562525,15
2021-12-02,0.7506979398469162,0.8225089313422499,0.2493020601530837,0.758796242556145,0.001208290545576546,0.0018177545909279166,2.6460970084897926,15
2021-12-03,0.7563898184939883,0.8225089313422499,0.24361018150601174,0.758796242556145,0.0011892890077116827,0.0018245896117989977,0.3089752573075599,15
2021-12-04,0.36112376001458857,0.8225089313422499,0.6388762399854114,0.758796242556145,0.002508607209770164,0.0013499393378114712,0.37107774889828554,15
2021-12-05,0.2412673307524142,0.8225089313422499,0.7587326692475858,0.758796242556145,0.002908574711443739,0.001206011252492649,2.29418308298615,15
2021-12-06,0.5315740532294089,0.8225089313422499,0.4684259467705911,0.758796242556145,0.001939733844449163,0.0015546224282010426,2.148068698753815,15
2021-12-07,0.6291067311111331,0.8225089313422499,0.37089326888886676,0.758796242556145,0.001614183410273285,0.0016717433175012565,2.7305371261985707,15
2021-12-08,0.7305044678677983,0.8225089313422499,0.26949553213220173,0.758796242556145,0.001275702863356263,0.0017935055141300737,2.8057609447555816,15
2021-12-09,0.7605486952492484,0.8225089313422499,0.23945130475075158,0.758796242556145,0.0011754051223908455,0.0018295837466330346,0.3282759525171939,15
2021-12-10,0.3729075829911126,0.8225089313422499,0.6270924170088873,0.758796242556145,0.0024692817070002832,0.001364089793395603,2.3266086056274853,15
2021-12-11,0.5935808859553292,0.8225089313422499,0.4064191140446709,0.758796242556145,0.0017327668879466266,0.0016290825532511949,1.434623394973732,15
2021-12-12,0.51931489419823,0.8225089313422499,0.4806851058017699,0.758796242556145,0.0019806512613854818,0.0015399011712952742,2.4157104182077154,15
2021-12-13,0.6643268459035755,0.8225089313422499,0.3356731540964245,0.758796242556145,0.0014966168520886673,0.0017140369492904786,0.139609535726664,15
2021-12-14,0.249207209725232,0.8225089313422499,0.750792790274768,0.758796242556145,0.002882080179654902,0.0012155457562756803,1.7793115306138132,15
2021-12-15,0.398139829487311,0.8225089313422499,0.6018601705126889,0.758796242556145,0.0023850741750025737,0.0013943896191858957,2.4201855387632705,15
2021-12-16,0.6216906730049759,0.8225089313422499,0.378309326995024,0.758796242556145,0.0016389381384526406,0.001662837837416433,1.99737431838702,15
2021-12-17,0.643055331073326,0.8225089313422499,0.35694466892667404,0.758796242556145,0.0015676226926384519,0.0016884933182963343,1.784306847303087,15
2021-12-18,0.619149541991936,0.8225089313422499,0.380850458008064,0.758796242556145,0.0016474203720071062,0.0016597863522061478,2.6077342688719867,15
2021-12-19,0.7175167874939495,0.8225089313422499,0.28248321250605035,0.758796242556145,0.0013190593049172054,0.0017779094215345564,2.8013574912121166,15
2021-12-20,0.7572467954727019,0.8225089313422499,0.24275320452729815,0.758796242556145,0.0011864281022736516,0.001825618701823353,2.842908334753007,15
2021-12-21,0.7686954934870815,0.8225089313422499,0.23130450651291853,0.758796242556145,0.0011482079197933422,0.0018393667268124729,0.9772915360989199,15
2021-12-22,0.5654291064204697,0.8225089313422499,0.43457089357953027,0.758796242556145,0.0018267335218398611,0.0015952768429383425,2.562977684775815,15
2021-12-23,0.696393761304163,0.8225089313422499,0.303606238695837,0.758796242556145,0.0013895727245606558,0.0017525441012563661,1.278830613278156,15
2021-12-24,0.5625206726375707,0.8225089313422499,0.4374793273624292,0.758796242556145,0.0018364413296505233,0.001591784286817439,2.6693105251656988,15
2021-12-25,0.7071382147956674,0.8225089313422499,0.29286178520433254,0.758796242556145,0.001353705479287072,0.0017654464430693923,2.7597456064994703,15
2021-12-26,0.7521645036502843,0.8225089313422499,0.2478354963497158,0.758796242556145,0.0012033946371238313,0.0018195156956222253,2.834133026573315,15
2021-12-27,0.7671559805489889,0.8225089313422499,0.23284401945101102,0.758796242556145,0.0011533474314830575,0.0018375180220674104,2.8455783985318277,15
2021-12-28,0.7710321709980498,0.8225089313422499,0.22896782900195023,0.758796242556145,0.0011404071399538527,0.0018421726966067636,-0.09428722995834349,15
2021-12-29,0.27446504643237196,0.8225089313422499,0.725534953567628,0.758796242556145,0.0027977962554053466,0.0012458763117488643,1.8503718354209155,15
2021-12-30,0.42759314304402135,0.8225089313422499,0.5724068569559785,0.758796242556145,0.0022867773606992364,0.00142975826025595,2.404310509934359,15
2021-12-31,0.6299036306697814,0.8225089313422499,0.3700963693302187,0.758796242556145,0.001611523358036692,0.0016727002643114836,2.3711694999064723,15
2022-01-01,0.6959691560456239,0.8225089313422499,0.3040308439543761,0.758796242556145,0.001390990139367929,0.0017520342193730661,2.1615044249511,15
2022-01-02,0.6998203524203999,0.8225089313422499,0.3001796475796001,0.758796242556145,0.0013781340789740613,0.0017566588800927328,2.7455233659547624,15
2022-01-03,0.7494288492081408,0.8225089313422499,0.2505711507918592,0.758796242556145,0.0012125272137864281,0.0018162306193991518,2.3019251902703473,15
2022-01-04,0.7321350262749003,0.8225089313422499,0.26786497372509965,0.758796242556145,0.0012702595775144728,0.001795463549681269,2.5903648010746756,15
2022-01-05,0.7477238193287813,0.8225089313422499,0.25227618067121865,0.758796242556145,0.001218219192267707,0.0018141831557173262,0.3223933641608665,15
2022-01-06,0.35313057456342245,0.8225089313422499,0.6468694254365774,0.758796242556145,0.00253528219895204,0.0013403408216144958,2.338111514906685,15
2022-01-07,0.5879973537238812,0.8225089313422499,0.41200264627611866,0.758796242556145,0.0017514041056682261,0.0016223776388103483,1.2600667903681197,15
2022-01-08,0.4619850733783303,0.8225089313422499,0.5380149266216696,0.758796242556145,0.002171995353525837,0.0014710573771569537,2.543732759692883,15
2022-01-09,0.6624069760975166,0.8225089313422499,0.33759302390248336,0.758796242556145,0.0015030255686292581,0.001711731497785303,2.7624724616451397,15
2022-01-10,0.7414114771162988,0.8225089313422499,0.2585885228837011,0.758796242556145,0.0012392918972363852,0.001806603058978982,2.812964396792896,15
2022-01-11,0.763490990115485,0.8225089313422499,0.23650900988451512,0.758796242556145,0.0011655826120810563,0.0018331169644099014,2.3511977679474065,15
2022-01-12,0.7419836679044856,0.8225089313422499,0.25801633209551444,0.758796242556145,0.0012373817381602953,0.0018072901670889746,2.0809452180592403,15
2022-01-13,0.7110869403064268,0.8225089313422499,0.28891305969357317,0.758796242556145,0.0013405237194652616,0.0017701882204251155,1.6309145413514352,15
2022-01-14,0.6345779605482138,0.8225089313422499,0.36542203945178625,0.758796242556145,0.0015959203991679272,0.001678313374544225,2.645267863561312,15
2022-01-15,0.7251616176313767,0.8225089313422499,0.27483838236862324,0.758796242556145,0.001293538822691578,0.0017870896196352415,2.816457099996069,15
2022-01-16,0.7599638147967441,0.8225089313422499,0.24003618520325576,0.758796242556145,0.0011773576750013287,0.0018288814002992788,2.834516424077453,15
2022-01-17,0.7688684721331288,0.8225089313422499,0.23113152786687124,0.758796242556145,0.0011476304472635241,0.0018395744460435555,2.1404657744225455,15
2022-01-18,0.7263901943874962,0.8225089313422499,0.2736098056125038,0.758796242556145,0.0012894374900415605,0.001788564940577673,2.8060939731189,15
2022-01-19,0.759730975892223,0.8225089313422499,0.240269024107777,0.758796242556145,0.0011781349792321628,0.0018286017986298337,2.4823278268430475,15
2022-01-20,0.7487674325792204,0.8225089313422499,0.2512325674207797,0.758796242556145,0.0012147352518751915,0.0018154363655607506,1.9875719902216153,15
2022-01-21,0.7028240241575371,0.8225089313422499,0.297175975842463,0.758796242556145,0.0013681071948988925,0.0017602658015129162,-1.0060254292525384,15
2022-01-22,0.24120484203173972,0.8225089313422499,0.7587951579682602,0.758796242556145,0.00290878322893836,0.0012059362136985178,1.4497723738774324,15
2022-01-23,0.29292043105753707,0.8225089313422499,0.7070795689424628,0.758796242556145,0.0027362105526757574,0.0012680382282123704,1.6613048411155342,15
2022-01-24,0.388660732203555,0.8225089313422499,0.611339267796445,0.758796242556145,0.0024167089650792054,0.001383006764457114,2.416689355501676,15
2022-01-25,0.6175836143807699,0.8225089313422499,0.3824163856192301,0.758796242556145,0.0016526473910362216,0.0016579059277332144,2.6831044576946583,15
2022-01-26,0.6927014933680073,0.7565360722584711,0.3072985066319927,0.6576697138792292,0.001271037756068719,0.001108213185121929,2.8199669912336764,16
2022-01-27,0.704679671993412,0.7565360722584711,0.29532032800658803,0.6576697138792292,0.0012341772271164874,0.0011391571271868704,2.852599117881068,16
2022-01-28,0.7085014641356714,0.7565360722584711,0.2914985358643286,0.6576697138792292,0.0012224159976852386,0.0011490301903906118,2.430055217899723,16
2022-01-29,0.6882319420140967,0.7565360722584711,0.31176805798590335,0.6576697138792292,0.0012847914456386202,0.0010966667269769188,2.795905169612763,16
2022-01-30,0.7032376402670956,0.7565360722584711,0.2967623597329044,0.6576697138792292,0.0012386149023603692,0.001135431840764751,2.838232322953399,16
2022-01-31,0.7073402332976649,0.7565360722584711,0.29265976670233507,0.6576697138792292,0.0012259896041506057,0.0011460303136231135,2.7152270290252147,16
2022-02-01,0.7030281297690949,0.7565360722584711,0.29697187023090516,0.6576697138792292,0.001239259642835476,0.0011348905998202904,2.808461165205935,16
2022-02-02,0.7064005273986831,0.7565360722584711,0.29359947260131697,0.6576697138792292,0.0012288814699762227,0.001143602715420954,0.5487727538739178,16
2022-02-03,0.4143660258627225,0.7565360722584711,0.5856339741372777,0.6576697138792292,0.002127022076797083,0.00038917259886494057,2.5764646766778685,16
2022-02-04,0.6305903945755236,0.7565360722584711,0.3694096054244763,0.6576697138792292,0.0014621419435053753,0.0009477578853029607,-0.6551771226466343,16
2022-02-05,0.3423318969362342,0.7565360722584711,0.6576681030637658,0.6576697138792292,0.002348385181580916,0.00020308254444947123,2.4162595455130207,16
2022-02-06,0.5931389637934514,0.7565360722584711,0.40686103620654834,0.6576697138792292,0.0015773480784020853,0.0008510073741766959,2.3441283433808815,16
2022-02-07,0.6528291350335532,0.7565360722584711,0.3471708649664468,0.6576697138792292,0.0013937234329079618,0.001005208547699247,1.5043704417376484,16
2022-02-08,0.5762333295888344,0.7565360722584711,0.42376667041116567,0.6576697138792292,0.0016293461744093989,0.0008073340427163306,2.724992479553705,16
2022-02-09,0.67837957291879,0.7565360722584711,0.32162042708121,0.6576697138792292,0.0013151081835767356,0.0010712145152490871,2.8291577286325578,16
2022-02-10,0.7029880903201696,0.7565360722584711,0.2970119096798305,0.6576697138792292,0.0012393828588060294,0.0011347871635277952,2.343634602876267,16
2022-02-11,0.6792179415493068,0.7565360722584711,0.3207820584506933,0.6576697138792292,0.0013125284887918634,0.0010733803228516515,1.6721262773207712,16
2022-02-12,0.605067734344077,0.7565360722584711,0.39493226565592304,0.6576697138792292,0.0015406554494457052,0.0008818236774201338,2.7284346591938733,16
2022-02-13,0.6835665491343983,0.7565360722584711,0.3164334508656016,0.6576697138792292,0.0012991474937221112,0.0010846143397572634,2.8479599990979603,16
2022-02-14,0.7045653175178428,0.7565360722584711,0.2954346824821572,0.6576697138792292,0.0012345291399607986,0.001138861708461074,2.763670286752388,16
2022-02-15,0.7047184935258703,0.7565360722584711,0.2952815064741297,0.6576697138792292,0.0012340577582423736,0.0011392574171632376,0.9986543543477682,16
2022-02-16,0.5231512175179447,0.7565360722584711,0.47684878248205526,0.6576697138792292,0.0017925905445695723,0.000670203861912165,2.5262745960558264,16
2022-02-17,0.6498715647507889,0.7565360722584711,0.35012843524921117,0.6576697138792292,0.0014028229148495678,0.0009975680802838797,-0.09065577141953518,16
2022-02-18,0.34246998419652896,0.7565360722584711,0.657530015803471,0.6576697138792292,0.00234796090141819,0.0002034392734911808,2.252497248573333,16
2022-02-19,0.5656790653391616,0.7565360722584711,0.4343209346608384,0.6576697138792292,0.0016618068878367248,0.0007800685834429742,2.7398839954903407,16
2022-02-20,0.6770906200294065,0.7565360722584711,0.32290937997059355,0.6576697138792292,0.0013190743263734779,0.0010678846865012565,1.0565843470763294,16
2022-02-21,0.5009789215314361,0.7565360722584711,0.49902107846856386,0.6576697138792292,0.001860766268042962,0.0006129248494754912,1.3014776092952993,16
2022-02-22,0.44445028770656747,0.7565360722584711,0.5555497122934326,0.6576697138792292,0.002034551707445813,0.0004668910638065181,1.8589368080471773,16
2022-02-23,0.5416289474178382,0.7565360722584711,0.4583710525821619,0.6576697138792292,0.001735769918063024,0.00071793848179012,1.9846286724859088,16
2022-02-24,0.5913723872427203,0.7565360722584711,0.40862761275727966,0.6576697138792292,0.0015827818665329846,0.0008464436717851513,2.0733322931501474,16
2022-02-25,0.6251709856198989,0.7565360722584711,0.3748290143801011,0.6576697138792292,0.001478814004749489,0.0009337576034576557,2.0311672349772323,16
2022-02-26,0.6318320020416406,0.7565360722584711,0.3681679979583593,0.6576697138792292,0.0014583222548628608,0.0009509654037997578,2.7045034469078972,16
2022-02-27,0.6871116139705991,0.7565360722584711,0.31288838602940106,0.6576697138792292,0.0012882388738265395,0.0010937725168339682,1.2201768251003031,16
2022-02-28,0.5393062053611809,0.7565360722584711,0.46069379463881915,0.6576697138792292,0.0017429128023279824,0.0007119380039311102,-1.625243662488747,16
2022-03-01,0.3423302861390952,0.7565360722584711,0.6576697138609049,0.6576697138792292,0.0023483901308359264,0.00020307838318130953,1.9526748836698826,16
2022-03-02,0.5191035213339548,0.7565360722584711,0.48089647866604535,0.6576697138792292,0.001805036953889736,0.0006597472073463178,2.5779108980177345,16
2022-03-03,0.653840406598809,0.7565360722584711,0.34615959340119085,0.6576697138792292,0.001390612052387265,0.0010078210257483578,1.3565144214297222,16
2022-03-04,0.5429892479840633,0.7565360722584711,0.4570107520159366,0.6576697138792292,0.0017315866954167875,0.0007214526272398216,0.1423940485425257,16
2022-03-05,0.342394905793205,0.7565360722584711,0.6576050942067951,0.6576697138792292,0.0023481915836800517,0.0002032453189814476,2.462503078806848,16
2022-03-06,0.5991022023136959,0.7565360722584711,0.4008977976863042,0.6576697138792292,0.001559005528727729,0.000866412563317765,1.9092613153363847,16
2022-03-07,0.6025404330725417,0.7565360722584711,0.3974595669274585,0.6576697138792292,0.0015484295296809853,0.0008752947495611705,2.6836983800939205,16
2022-03-08,0.6799830101599419,0.7565360722584711,0.320016989840058,0.6576697138792292,0.001310174332998379,0.0010753567701483205,2.613244455098903,16
2022-03-09,0.6924365065207096,0.7565360722584711,0.30756349347929046,0.6576697138792292,0.0012718531802093037,0.0011075286288210772,-0.23402556193959012,16
2022-03-10,0.34286705179366567,0.7565360722584711,0.6571329482063343,0.6576697138792292,0.0023467408895199784,0.00020446504185763382,0.9639219307978383,16
2022-03-11,0.34476026489152695,0.7565360722584711,0.6552397351084731,0.6576697138792292,0.002340923859845542,0.000209355891981755,2.1719952158367124,16
2022-03-12,0.5528378129358356,0.7565360722584711,0.44716218706416433,0.6576697138792292,0.0017012994610165004,0.000746895011497149,2.725067884882781,16
2022-03-13,0.6736604576706512,0.7565360722584711,0.3263395423293488,0.6576697138792292,0.001329628920414203,0.001059023343836225,1.6393970687728963,16
2022-03-14,0.5980361276937276,0.7565360722584711,0.40196387230627234,0.6576697138792292,0.0015622847425940819,0.0008636585092742533,0.9123135331045404,16
2022-03-15,0.43154065455653745,0.7565360722584711,0.5684593454434624,0.6576697138792292,0.002074233686919795,0.0004335408398061077,2.50355874162211,16
2022-03-16,0.6256302537554537,0.7565360722584711,0.3743697462445462,0.6576697138792292,0.0014774011451268397,0.000934944058178638,1.0663814657975477,16
2022-03-17,0.48201409918868077,0.7565360722584711,0.5179859008113191,0.6576697138792292,0.001919074394669396,0.0005639318946867326,2.6229119202171547,16
2022-03-18,0.6500759242677119,0.7565360722584711,0.349924075732288,0.6576697138792292,0.0014021941708298065,0.0009980960143922152,2.356812665174123,16
2022-03-19,0.6687436739065519,0.7565360722584711,0.33125632609344813,0.6576697138792292,0.0013447575678939947,0.0010463215235762193,2.773443639260731,16
2022-03-20,0.6986692939443294,0.7565360722584711,0.30133070605567047,0.6576697138792292,0.001252673242941878,0.0011236301596941043,2.1493344914285366,16
2022-03-21,0.6631517234687996,0.7565360722584711,0.3368482765312004,0.6576697138792292,0.0013619632703817876,0.0010318755050464207,2.757518842040339,16
2022-03-22,0.6961771777187217,0.7565360722584711,0.3038228222812784,0.6576697138792292,0.001260342206663513,0.0011171921274593243,1.7481923989170738,16
2022-03-23,0.6279452085014675,0.7565360722584711,0.37205479149853243,0.6576697138792292,0.0014702795411661214,0.0009409244186143792,2.7460575854036593,16
2022-03-24,0.6896495230441532,0.7565360722584711,0.3103504769558469,0.6576697138792292,0.001280429298561066,0.0011003288484595117,1.9404571032312412,16
2022-03-25,0.6451757365060996,0.7565360722584711,0.3548242634939004,0.6576697138792292,0.0014172702114006919,0.000985437067573617,2.7582728572793593,16
2022-03-26,0.6935526496102528,0.7565360722584711,0.30644735038974724,0.6576697138792292,0.0012684185504950544,0.0011104120277232905,2.853605029586833,16
2022-03-27,0.706631725750228,0.7565360722584711,0.29336827424977197,0.6576697138792292,0.0012281699775984357,0.0011441999838888446,0.6247937106851351,16
2022-03-28,0.44899745646864153,0.7565360722584711,0.5510025435313586,0.6576697138792292,0.0020205739673866425,0.0004786380356236442,2.550032562626562,16
2022-03-29,0.6364503359852935,0.7565360722584711,0.36354966401470645,0.6576697138792292,0.0014441142040550066,0.0009628962208678759,2.7941287209752463,16
2022-03-30,0.6938171421365668,0.7565360722584711,0.30618285786343324,0.6576697138792292,0.001267604643551878,0.0011110953070153117,2.747431765209171,16
2022-03-31,0.7012651598898936,0.7565360722584711,0.29873484011010654,0.6576697138792292,0.0012446849231252857,0.0011303362147580625,1.3736622486257162,16
2022-04-01,0.5739194322440084,0.7565360722584711,0.4260805677559917,0.6576697138792292,0.0016364629283461783,0.000801356413928039,2.5314490690927944,16
2022-04-02,0.6638888372254129,0.7565360722584711,0.336111162774587,0.6576697138792292,0.0013596952913308895,0.0010337797349041673,2.733679021829326,16
2022-04-03,0.694969736506429,0.7565360722584711,0.305030263493571,0.6576697138792292,0.0012640578233205232,0.001114072872680408,2.7505523937725354,16
2022-04-04,0.7023685987754601,0.7565360722584711,0.2976314012245399,0.6576697138792292,0.0012412892572406615,0.001133186794133691,2.855260949131332,16
2022-04-05,0.7082109239045338,0.7565360722584711,0.2917890760954661,0.6576697138792292,0.0012233101165588696,0.00114827962051175,2.182437118956293,16
2022-04-06,0.6687784815659882,0.7565360722584711,0.3312215184340118,0.6576697138792292,0.0013446504679566183,0.0010464114442754087,0.48654712044710524,16
2022-04-07,0.37475110448862187,0.7565360722584711,0.6252488955113783,0.6576697138792292,0.0022487685256749883,0.0002868330136706213,2.5116557011476077,16
2022-04-08,0.613726556388147,0.7565360722584711,0.386273443611853,0.6576697138792292,0.0015140199185951428,0.0009041925279826113,1.5609174570838662,16
2022-04-09,0.5564913133731056,0.7565360722584711,0.44350868662689447,0.6576697138792292,0.0016900635431992008,0.0007563333167187245,2.630334102832226,16
2022-04-10,0.6677081713947204,0.7565360722584711,0.3322918286052795,0.6576697138792292,0.0013479437056150797,0.0010436464482800258,2.6542500410707115,16
2022-04-11,0.6910880370313048,0.7565360722584711,0.30891196296869516,0.6576697138792292,0.0012760027096598927,0.0011040450472965886,0.12071009888051942,16
2022-04-12,0.3464822192799479,0.7565360722584711,0.6535177807200523,0.6576697138792292,0.0023356329929904015,0.0002138043192844467,2.3500836459492374,16
2022-04-13,0.5853279266135071,0.7565360722584711,0.4146720733864929,0.6576697138792292,0.0016013736234420076,0.0008308286567337395,2.0608791466567435,16
2022-04-14,0.6217615336721147,0.7565360722584711,0.37823846632788527,0.6576697138792292,0.0014893025106808714,0.000924949763230455,1.6103032232202579,16
2022-04-15,0.5685865829319804,0.7565360722584711,0.4314134170680196,0.6576697138792292,0.001652864670064376,0.0007875797467640959,2.520647577991447,16
2022-04-16,0.6617970674363698,0.7565360722584711,0.3382029325636302,0.6576697138792292,0.0013661313075886091,0.001028375941456968,2.809080658183209,16
2022-04-17,0.6987941922499185,0.7565360722584711,0.30120580775008143,0.6576697138792292,0.0012522888924846724,0.001123952816923807,2.3225836650944447,16
2022-04-18,0.6766101624876866,0.7565360722584711,0.3233898375123135,0.6576697138792292,0.00132055270151117,0.0010666434919256377,1.9952131210107946,16
2022-04-19,0.6458013274338525,0.7565360722584711,0.3541986725661474,0.6576697138792292,0.0014153455205082712,0.0009870531938671158,2.5426283573241655,16
2022-04-20,0.6808525856444001,0.7565360722584711,0.3191474143555999,0.6576697138792292,0.001307498594647756,0.001077603196274835,2.8247399738212122,16
2022-04-21,0.7028966308033314,0.7565360722584711,0.2971033691966687,0.6576697138792292,0.0012396643129774108,0.0011345508907121332,2.068751206334953,16
2022-04-22,0.6576167044248826,0.7565360722584711,0.3423832955751173,0.6576697138792292,0.0013789933913701368,0.0010175765607762083,2.3204849054326586,16
2022-04-23,0.6653088341847823,0.7565360722584711,0.33469116581521774,0.6576697138792292,0.0013553261713740484,0.0010374480976008066,2.7890280007388113,16
2022-04-24,0.6983073746975749,0.7565360722584711,0.30169262530242513,0.6576697138792292,0.0012537869784761224,0.001122695192154047,2.844974156620797,16
2022-04-25,0.706836531030333,0.7565360722584711,0.29316346896966705,0.6576697138792292,0.0012275397069562305,0.0011447290695637503,2.217268506224782,16
2022-04-26,0.6738390630565645,0.7565360722584711,0.3261609369434356,0.6576697138792292,0.0013290793563265027,0.0010594847457644336,0.2897287430077562,16
2022-04-27,0.44379816067997513,0.7403406254859926,0.5562018393200248,0.5639383894235356,0.0020390160645836334,0.0005496919295855498,1.8451253099830307,17
2022-04-28,0.580366058561559,0.7403406254859926,0.41963394143844096,0.5639383894235356,0.0016185544881786255,0.0008775508202885017,2.5844479160314613,17
2022-04-29,0.6763254537731274,0.7403406254859926,0.3236745462268727,0.5639383894235356,0.0013229886800780698,0.001107920778050248,1.6856740395721523,17
2022-04-30,0.6296161096720466,0.7403406254859926,0.3703838903279534,0.5639383894235356,0.001466872009699129,0.0009957855399745955,2.0189484345975237,17
2022-05-01,0.645622875119954,0.7403406254859926,0.35437712488004625,0.5639383894235356,0.0014175676477192847,0.0010342130214317947,2.4084376165714936,17
2022-05-02,0.6778282847708051,0.7403406254859926,0.3221717152291948,0.5639383894235356,0.001318358946198764,0.001111528628148665,2.843475553836459,17
2022-05-03,0.7013746240109994,0.7403406254859926,0.29862537598900046,0.5639383894235356,0.001245816928299198,0.0011680563830834246,2.0888781844870694,17
2022-05-04,0.668721045569141,0.7403406254859926,0.33127895443085886,0.5639383894235356,0.0013464149911559871,0.0010896648564399354,0.6775606329634146,17
2022-05-05,0.5001059428200323,0.7403406254859926,0.49989405717996765,0.5639383894235356,0.0018656832233326297,0.0006848701616352947,0.24153132170128966,17
2022-05-06,0.4361079743835337,0.7403406254859926,0.5638920256164661,0.5639383894235356,0.0020626860099083703,0.0005312300802962205,2.3743039655979254,17
2022-05-07,0.6334738886915864,0.7403406254859926,0.3665261113084136,0.5639383894235356,0.001454989471024111,0.0010050469196219568,2.442516423464455,17
2022-05-08,0.6760326110403505,0.7403406254859926,0.3239673889596495,0.5639383894235356,0.0013238908303323275,0.001107217749776342,0.9301066613060047,17
2022-05-09,0.5330292657044339,0.7403406254859926,0.466970734295566,0.5639383894235356,0.001764318078767333,0.0007639092644301151,-0.6563507193991264,17
2022-05-10,0.43606162715469926,0.7403406254859926,0.5639383728453008,0.5639383894235356,0.002062828661911585,0.0005311188143891621,2.3380080687228073,17
2022-05-11,0.6322723955462822,0.7403406254859926,0.3677276044537177,0.5639383894235356,0.001458690268725059,0.001002162492052103,0.14305065254660332,17
2022-05-12,0.4366635924611546,0.7403406254859926,0.5633364075388453,0.5639383894235356,0.0020609758726870477,0.0005325639539913492,2.558237639303185,17
2022-05-13,0.6505563451409543,0.7403406254859926,0.34944365485904555,0.5639383894235356,0.0014023708783911073,0.001046056815130691,2.7564376967095194,17
2022-05-14,0.69473847638176,0.7403406254859926,0.3052615236182401,0.5639383894235356,0.001266262347179696,0.001152124967033146,2.110868310757858,17
2022-05-15,0.670856831662665,0.7403406254859926,0.32914316833733503,0.5639383894235356,0.0013398355077577624,0.0010947922434046866,1.405376147970255,17
2022-05-16,0.6036423108719157,0.7403406254859926,0.39635768912808444,0.5639383894235356,0.001546870744613458,0.0009334301768618345,1.0135514026266552,17
2022-05-17,0.5088910323911295,0.7403406254859926,0.49110896760887046,0.5639383894235356,0.0018386366934326948,0.000705960547928005,2.3675818955568806,17
2022-05-18,0.6493849941106569,0.7403406254859926,0.35061500588934313,0.5639383894235356,0.0014059790642386577,0.0010432447498109915,0.4674262358138147,17
2022-05-19,0.45104349772275953,0.7403406254859926,0.5489565022772406,0.5639383894235356,0.0020167147156697073,0.0005670858281697983,1.0417278782755885,17
2022-05-20,0.4648811816168144,0.7403406254859926,0.5351188183831855,0.5639383894235356,0.0019741202584040063,0.0006003059901681675,1.4782901443974445,17
2022-05-21,0.5266277905352482,0.7403406254859926,0.47337220946475167,0.5639383894235356,0.0017840280780794559,0.0007485412271359369,2.6712083008474954,17
2022-05-22,0.6727316443656571,0.7403406254859926,0.32726835563434303,0.5639383894235356,0.00133405993329978,0.0010992931109043958,1.8182227097677528,17
2022-05-23,0.6444005341875607,0.7403406254859926,0.3555994658124392,0.5639383894235356,0.001421332831081826,0.0010312785445278393,0.9720290545251804,17
2022-05-24,0.5226009417976661,0.7403406254859926,0.47739905820233386,0.5639383894235356,0.0017964264135328302,0.0007388739613977103,2.350452598828611,17
2022-05-25,0.6507623580335729,0.7403406254859926,0.34923764196642704,0.5639383894235356,0.0014017362823563221,0.0010465513907922642,2.797898963910237,17
2022-05-26,0.6960804449151913,0.7403406254859926,0.30391955508480867,0.5639383894235356,0.0012621278946937375,0.0011553466342152136,2.7202221615594375,17
2022-05-27,0.6990643907602704,0.7403406254859926,0.30093560923972973,0.5639383894235356,0.0012529346223881892,0.0011625102003962908,1.9505058901050256,17
2022-05-28,0.6587308129235216,0.7403406254859926,0.34126918707647824,0.5639383894235356,0.001377190113656192,0.0010656812801832574,2.5968613165902177,17
2022-05-29,0.6892831985225749,0.7403406254859926,0.3107168014774251,0.5639383894235356,0.0012830692243540774,0.0011390284679646781,2.681783450669781,17
2022-05-30,0.6972921942181437,0.7403406254859926,0.3027078057818562,0.5639383894235356,0.0012583946150179787,0.0011582556837681367,-0.11556787725999906,17
2022-05-31,0.4373505449065444,0.7403406254859926,0.5626494550934555,0.5639383894235356,0.0020588614964152127,0.0005342131224284768,2.602415528730801,17
2022-06-01,0.6537585852269918,0.7403406254859926,0.34624141477300824,0.5639383894235356,0.0013925067372337649,0.0010537444408367201,0.2609956347326885,17
2022-06-02,0.43950257333836973,0.7403406254859926,0.5604974266616303,0.5639383894235356,0.0020522377161639365,0.0005393795024150184,2.1527187268977466,17
2022-06-03,0.614999298307837,0.7403406254859926,0.38500070169216305,0.5639383894235356,0.0015118924272631866,0.0009606949247288415,1.7596663635619425,17
2022-06-04,0.6169353860280948,0.7403406254859926,0.38306461397190505,0.5639383894235356,0.0015059293339997554,0.0009653428953142696,2.78061612296086,17
2022-06-05,0.6910979977043269,0.7403406254859926,0.3089020022956731,0.5639383894235356,0.0012774781435677131,0.0011433852608553011,2.8493324708676777,17
2022-06-06,0.7032559106336363,0.7403406254859926,0.29674408936636354,0.5639383894235356,0.0012400207483411398,0.0011725727925380601,0.7965389428594117,17
2022-06-07,0.5386395582118095,0.7403406254859926,0.46136044178819047,0.5639383894235356,0.001747043724838953,0.0007773779075484426,2.653591482367746,17
2022-06-08,0.6729703699518907,0.7403406254859926,0.32702963004810925,0.5639383894235356,0.0013333245089835455,0.0010998662200105553,1.5738546377515479,17
2022-06-09,0.6171357191666381,0.7403406254859926,0.3828642808333618,0.5639383894235356,0.0015053123113555145,0.0009658238355761663,2.719948378060874,17
2022-06-10,0.6880487357792591,0.7403406254859926,0.311951264220741,0.5639383894235356,0.001286872367767353,0.0011360648901992169,1.3879654472625362,17
2022-06-11,0.6024397762124974,0.7403406254859926,0.39756022378750244,0.5639383894235356,0.0015505743368382492,0.0009305432489264676,1.943915627872589,17
2022-06-12,0.6316945346135645,0.7403406254859926,0.36830546538643555,0.5639383894235356,0.001460470170091594,0.001000775219879651,0.5334468306808007,17
2022-06-13,0.4519177638128432,0.7403406254859926,0.5480822361871567,0.5639383894235356,0.0020140236594182624,0.0005691846809376911,-3.6357908918937585,17
2022-06-14,0.43606161057646436,0.7403406254859926,0.5639383894235356,0.5639383894235356,0.002062828712937682,0.0005311187745897526,2.42284921647131,17
2022-06-15,0.6379573675471957,0.7403406254859926,0.3620426324528043,0.5639383894235356,0.0014411794673594147,0.001015810418415537,2.379972613469461,17
2022-06-16,0.6748379432854131,0.7403406254859926,0.3251620567145868,0.5639383894235356,0.0013275711908089613,0.0011043497079380473,-0.7533034011142192,17
2022-06-17,0.4360620045821054,0.7403406254859926,0.5639379954178946,0.5639383894235356,0.0020628275002289496,0.000531119720480071,2.56451018811432,17
2022-06-18,0.6509110216998368,0.7403406254859926,0.34908897830016317,0.5639383894235356,0.0014012783428820816,0.0010469082880240823,0.08875968193873418,17
2022-06-19,0.43669920810645446,0.7403406254859926,0.5633007918935454,0.5639383894235356,0.0020608662511492114,0.0005326494565592354,0.5151263008897745,17
2022-06-20,0.43654823165529677,0.7403406254859926,0.5634517683447032,0.5639383894235356,0.0020613309420747477,0.0005322870070189945,2.598295383666789,17
2022-06-21,0.6533640443839306,0.7403406254859926,0.3466359556160693,0.5639383894235356,0.0013937220824009188,0.0010527972656575633,2.8031289526310847,17
2022-06-22,0.6968646827545806,0.7403406254859926,0.3031353172454195,0.5639383894235356,0.0012597117374587646,0.0011572293559386775,1.378142209092191,17
2022-06-23,0.6050951227527843,0.7403406254859926,0.39490487724721557,0.5639383894235356,0.0015423963209613412,0.0009369179459426378,0.6922470730133664,17
2022-06-24,0.47139195423653235,0.7403406254859926,0.5286080457634676,0.5639383894235356,0.0019540783645378068,0.0006159364181225523,2.5721054203725098,17
2022-06-25,0.6575765549329274,0.7403406254859926,0.34242344506707245,0.5639383894235356,0.0013807457556180348,0.0010629102501663102,2.7770959659671264,17
2022-06-26,0.6964728530974656,0.7403406254859926,0.3035271469025344,0.5639383894235356,0.0012609189257737439,0.0011562886895103372,2.293590217739617,17
2022-06-27,0.6797002603078869,0.7403406254859926,0.3202997396921131,0.5639383894235356,0.0013125919615562035,0.0011160226844571454,2.466076337492264,17
2022-06-28,0.6854886840121934,0.7403406254859926,0.31451131598780646,0.5639383894235356,0.0012947593412343892,0.00112991896758115,2.0136430496717246,17
2022-06-29,0.6596614246435318,0.7403406254859926,0.34033857535646805,0.5639383894235356,0.0013743233932038623,0.0010679154020444743,2.6707143151249157,17
2022-06-30,0.6918566430000761,0.7403406254859926,0.30814335699992385,0.5639383894235356,0.0012751408780457061,0.0011452065424958596,1.1143350579597489,17
2022-07-01,0.5691256312029696,0.7403406254859926,0.4308743687970303,0.5639383894235356,0.0016531693331240005,0.0008505658984878478,2.7406001576132235,17
2022-07-02,0.6824968493513301,0.7403406254859926,0.3175031506486698,0.5639383894235356,0.0013039764499717848,0.0011227364627004802,2.7713586238791312,17
2022-07-03,0.6991651144937504,0.7403406254859926,0.30083488550624954,0.5639383894235356,0.001252624299714497,0.0011627520081127342,2.863126722202301,17
2022-07-04,0.704648746199267,0.7403406254859926,0.295351253800733,0.5639383894235356,0.0012357294431573941,0.0011759165763303187,0.6992099517807803,17
2022-07-05,0.5245076094931012,0.7403406254859926,0.4754923905068988,0.5639383894235356,0.0017905559641050494,0.0007434513032566772,2.683410422589363,17
2022-07-06,0.672752791694031,0.7403406254859926,0.327247208305969,0.5639383894235356,0.001333994786310618,0.001099343879348002,2.4926407358552205,17
2022-07-07,0.6868132604653243,0.7403406254859926,0.3131867395346755,0.5639383894235356,0.0012906786131296753,0.0011330988815529627,0.5715279119120003,17
2022-07-08,0.4937537819337825,0.7403406254859926,0.5062462180662175,0.5639383894235356,0.0018852389762354937,0.000669620513262305,2.627562770943359,17
2022-07-09,0.6649441778649049,0.7403406254859926,0.3350558221350951,0.5639383894235356,0.001358049847075862,0.0010805977207876288,2.629023930199833,17
2022-07-10,0.6907803116790836,0.7403406254859926,0.3092196883209165,0.5639383894235356,0.001278456881724691,0.001142622591227638,1.2635739341844587,17
2022-07-11,0.5884955460489925,0.7403406254859926,0.4115044539510076,0.5639383894235356,0.001593518860878639,0.0008970673010351302,1.0441718436948961,17
2022-07-12,0.5067426002957649,0.7403406254859926,0.49325739970423516,0.5639383894235356,0.0018452511228432358,0.0007008028016753122,1.5680158341730779,17
2022-07-13,0.5556764314691907,0.7403406254859926,0.44432356853080934,0.5639383894235356,0.0016945841687956303,0.0008182783713752714,1.2443297098085475,17
2022-07-14,0.5344241997031093,0.7403406254859926,0.46557580029689083,0.5639383894235356,0.0017600230454088597,0.0007672580859357815,2.3349617495959762,17
2022-07-15,0.6519296032044821,0.7403406254859926,0.3480703967955179,0.5639383894235356,0.0013981407255400976,0.0010493535991651611,2.6421387132001772,17
2022-07-16,0.6902324671956338,0.7403406254859926,0.3097675328043662,0.5639383894235356,0.0012801446973327016,0.0011413073796192898,2.5326927150972685,17
2022-07-17,0.691485265954976,0.7403406254859926,0.30851473404502405,0.5639383894235356,0.0012762850324969158,0.001144314976703841,2.359305380409334,17
2022-07-18,0.6822186688199123,0.7403406254859926,0.3177813311800878,0.5639383894235356,0.0013048334507128416,0.0011220686340096932,0.09039922937714318,17
2022-07-19,0.44058718564941646,0.7403406254859926,0.5594128143505837,0.5639383894235356,0.0020488993415214425,0.0005419833338765737,1.1648342104159655,17
2022-07-20,0.478487988887934,0.7403406254859926,0.521512011112066,0.5639383894235356,0.001932234321631035,0.0006329718860860081,2.6114885727692645,17
2022-07-21,0.6608005182191936,0.7403406254859926,0.3391994817808065,0.5639383894235356,0.0013708144372933735,0.001070650026812933,2.7563141479901683,17
2022-07-22,0.695673297567572,0.7403406254859926,0.30432670243242804,0.5639383894235356,0.0012633822715776351,0.00115436919456934,2.2627947441903906,17
2022-07-23,0.677836846314122,0.7403406254859926,0.32216315368587795,0.5639383894235356,0.0013183325707917545,0.0011115491818669114,2.6621327239375514,17
2022-07-24,0.6941438207560918,0.7403406254859926,0.3058561792439082,0.5639383894235356,0.0012680944069200074,0.0011506973757997299,2.815677109625612,17
2022-07-25,0.7026010852113974,0.7403406254859926,0.2973989147886026,0.5639383894235356,0.0012420382477750858,0.0011710007515249843,0.44966934374716105,17
2022-07-26,0.4720749679891705,0.7403406254859926,0.5279250320108295,0.5639383894235356,0.00195197583780072,0.0006175761309302353,2.31210217508124,17
2022-07-27,0.6470814572043436,0.7472971527421864,0.3529185427956564,0.55887189539963,0.0014770355139103052,0.000686256170375934,-0.021756494920301295,18
2022-07-28,0.4422030811777452,0.7472971527421864,0.5577969188222548,0.55887189539963,0.0021305080884651013,6.0758901421646694e-05,1.403072742934486,18
2022-07-29,0.5266101226542866,0.7472971527421864,0.47338987734571336,0.55887189539963,0.0018613812571737127,0.0003184550768210143,2.657358530622445,18
2022-07-30,0.6794673457836555,0.7472971527421864,0.3205326542163445,0.55887189539963,0.0013736670461934873,0.0007851308552103523,2.5156119360801092,18
2022-07-31,0.6952631687258213,0.7472971527421864,0.30473683127417867,0.55887189539963,0.0013232432404343955,0.0008333557792010006,2.6102842533445676,18
2022-08-01,0.7019529229420135,0.7472971527421864,0.2980470770579864,0.55887189539963,0.0013018866441104338,0.000853779715945113,2.8218299898903174,18
2022-08-02,0.7108845318056531,0.7472971527421864,0.2891154681943469,0.55887189539963,0.001273371775129909,0.000881048074177556,2.567642304550718,18
2022-08-03,0.7026184753039134,0.7472971527421864,0.29738152469608664,0.55887189539963,0.0012997618667399294,0.0008558116589582711,2.6678964588966,18
2022-08-04,0.7053382069136458,0.7472971527421864,0.29466179308635443,0.55887189539963,0.0012910790318112694,0.000864115047178975,2.7147792186480233,18
2022-08-05,0.7074833077708715,0.7472971527421864,0.29251669222912846,0.55887189539963,0.0012842306276792629,0.0008706640776518251,2.0536637743128443,18
2022-08-06,0.6785246149457349,0.7472971527421864,0.3214753850542651,0.55887189539963,0.0013766763071558338,0.0007822526814571509,2.6120228691469047,18
2022-08-07,0.6994855051444048,0.7472971527421864,0.3005144948555953,0.55887189539963,0.0013097638087700646,0.0008462466462102516,2.7964602697573895,18
2022-08-08,0.7099878331865992,0.7472971527421864,0.2900121668134008,0.55887189539963,0.0012762346236760824,0.0008783104375944717,2.0177275666129324,18
2022-08-09,0.6769772595751931,0.7472971527421864,0.323022740424807,0.55887189539963,0.0013816155348409511,0.0007775285784202834,1.8982593144236777,18
2022-08-10,0.6563092311873506,0.7472971527421864,0.3436907688126495,0.55887189539963,0.0014475845279792077,0.0007144287259029696,1.7936286589150292,18
2022-08-11,0.6462382945102254,0.7472971527421864,0.3537617054897747,0.55887189539963,0.0014797264383226453,0.0006836819799089679,2.7805855897925165,18
2022-08-12,0.7022774948970444,0.7472971527421864,0.29772250510295556,0.55887189539963,0.0013008504484659361,0.0008547706398063242,2.4531722260976143,18
2022-08-13,0.6977132165602399,0.7472971527421864,0.3022867834397601,0.55887189539963,0.001315421722158033,0.0008408358181341346,2.827749609313293,18
2022-08-14,0.7106170514607717,0.7472971527421864,0.2893829485392284,0.55887189539963,0.0012742257489254433,0.0008802314520016724,2.788007274832011,18
2022-08-15,0.710783021409632,0.7472971527421864,0.289216978590368,0.55887189539963,0.0012736958634670115,0.000880738161161292,2.678614264110339,18
2022-08-16,0.7069103391757585,0.7472971527421864,0.29308966082424154,0.55887189539963,0.001286059883628503,0.0008689147944995941,2.6906038125991922,18
2022-08-17,0.7068080192714339,0.7472971527421864,0.2931919807285661,0.55887189539963,0.0012863865488703628,0.0008686024100403068,2.1179852757249362,18
2022-08-18,0.6793721954666678,0.7472971527421864,0.3206278045333323,0.55887189539963,0.0013739707732294641,0.0007848403596267276,2.7560988539785916,18
2022-08-19,0.7055432821166415,0.7472971527421864,0.2944567178833585,0.55887189539963,0.0012904243167156685,0.0008647411453641123,-0.83918960535868,18
2022-08-20,0.44112899205669437,0.7472971527421864,0.5588710079433057,0.55887189539963,0.002133931901947838,5.747968853026962e-05,2.4768643479348915,18
2022-08-21,0.6530641757241576,0.7472971527421864,0.34693582427584246,0.55887189539963,0.0014579414951972388,0.0007045215147604483,2.4220862577415363,18
2022-08-22,0.6876810072887811,0.7472971527421864,0.31231899271121893,0.55887189539963,0.0013474477789455553,0.0008102073075876596,2.590719421680316,18
2022-08-23,0.6999651817263878,0.7472971527421864,0.30003481827361217,0.55887189539963,0.0013082324631281648,0.00084771110721307,2.7229932471905873,18
2022-08-24,0.7076739755239084,0.7472971527421864,0.2923260244760916,0.55887189539963,0.001283621901647609,0.0008712461896399967,2.777144703116679,18
2022-08-25,0.7100276771029427,0.7472971527421864,0.2899723228970573,0.55887189539963,0.0012761074161503805,0.0008784320817686428,2.7948428626610338,18
2022-08-26,0.7113033973449748,0.7472971527421864,0.2886966026550253,0.55887189539963,0.001272034477201188,0.0008823268780024688,0.1290540474490276,18
2022-08-27,0.4492735647374007,0.7472971527421864,0.5507264352625993,0.55887189539963,0.0021079693689220504,8.234521151703961e-05,2.443162425143887,18
2022-08-28,0.6500975958923463,0.7472971527421864,0.3499024041076537,0.55887189539963,0.0014674095036942797,0.0006954644945959974,2.2914840448160128,18
2022-08-29,0.6776767406971076,0.7472971527421864,0.3223232593028925,0.55887189539963,0.0013793827652816054,0.0007796641065317803,1.8776847260688247,18
2022-08-30,0.6590820657250469,0.7472971527421864,0.34091793427495315,0.55887189539963,0.0014387345525467916,0.0007228942382924567,2.1192543763104865,18
2022-08-31,0.6682560573606363,0.7472971527421864,0.33174394263936374,0.55887189539963,0.001409453168410199,0.0007509025953712227,2.7164560857876188,18
2022-09-01,0.7030670613497587,0.7472971527421864,0.29693293865024134,0.55887189539963,0.0012983297501493241,0.0008571812000099377,2.8259089533589385,18
2022-09-02,0.7113120247399719,0.7472971527421864,0.2886879752600282,0.55887189539963,0.001272006932772783,0.0008823532175904407,2.723536308054058,18
2022-09-03,0.708618604166827,0.7472971527421864,0.2913813958331732,0.55887189539963,0.0012806060694370834,0.000874130157425083,2.7337068962229503,18
2022-09-04,0.7086169285637602,0.7472971527421864,0.29138307143623987,0.55887189539963,0.0012806114190013276,0.0008741250417795847,2.7878357231368738,18
2022-09-05,0.7109091139375667,0.7472971527421864,0.28909088606243327,0.55887189539963,0.0012732932926739304,0.0008811231238566642,2.712449162376285,18
2022-09-06,0.7081653289533898,0.7472971527421864,0.2918346710466102,0.55887189539963,0.0012820532031442345,0.0008727463002626622,0.5757751620447227,18
2022-09-07,0.5038982033520543,0.7472971527421864,0.4961017966479458,0.55887189539963,0.0019338099215876878,0.0002491151895582795,2.1454990553987825,18
2022-09-08,0.6379591541516133,0.7472971527421864,0.3620408458483868,0.55887189539963,0.0015061483228608235,0.0006584056194455837,2.77480207010153,18
2022-09-09,0.700982143700521,0.7472971527421864,0.29901785629947897,0.55887189539963,0.0013049858441549441,0.0008508159099247438,-0.7705355964249876,18
2022-09-10,0.44113660474585703,0.7472971527421864,0.558863395254143,0.55887189539963,0.002133907635482418,5.750293020356377e-05,2.35459691851047,18
2022-09-11,0.6430356912639051,0.7472971527421864,0.35696430873609486,0.55887189539963,0.0014899473144229741,0.000673904376127799,2.778567431466744,18
2022-09-12,0.7017864256702652,0.7472971527421864,0.29821357432973483,0.55887189539963,0.0013024181857232506,0.0008532713968594841,1.956103619198048,18
2022-09-13,0.671030147794905,0.7472971527421864,0.3289698522050951,0.55887189539963,0.0014005985667170187,0.000759371942034933,-0.686581313250666,18
2022-09-14,0.44112922449022407,0.7472971527421864,0.5588707755097759,0.55887189539963,0.002133931161034874,5.748039815390519e-05,2.5709036177661013,18
2022-09-15,0.6598945101490733,0.7472971527421864,0.3401054898509267,0.55887189539963,0.0014361414701329382,0.0007253746453430264,1.8246870802086281,18
2022-09-16,0.6451031132543712,0.7472971527421864,0.3548968867456289,0.55887189539963,0.0014833493088853866,0.0006802162516604547,2.7810742612070234,18
2022-09-17,0.7022158738344485,0.7472971527421864,0.29778412616555155,0.55887189539963,0.0013010471737981825,0.0008545825096233769,2.4569998970822193,18
2022-09-18,0.6978665039103298,0.7472971527421864,0.3021334960896702,0.55887189539963,0.001314932364804845,0.000841303807097665,1.3508031304758885,18
2022-09-19,0.6105390693534399,0.7472971527421864,0.38946093064656023,0.55887189539963,0.0015936471142997545,0.0005746916204946853,2.7191572024234976,18
2022-09-20,0.6950463160486079,0.7472971527421864,0.3049536839513921,0.55887189539963,0.0013239355142534036,0.0008326937241808808,1.3171329235803657,18
2022-09-21,0.6053218666905853,0.7472971527421864,0.3946781333094147,0.55887189539963,0.001610293868386311,0.0005587634094238747,2.2247316510079447,18
2022-09-22,0.6637430453659099,0.7472971527421864,0.3362569546340902,0.55887189539963,0.001423857916287426,0.0007371242907389523,0.823268295031271,18
2022-09-23,0.5319211510076048,0.7472971527421864,0.4680788489923952,0.55887189539963,0.0018444429177926467,0.00033466973936748055,2.629038079783623,18
2022-09-24,0.6780543251071736,0.7472971527421864,0.32194567489282644,0.55887189539963,0.0013781774981171876,0.000780816878346339,2.1891015004263696,18
2022-09-25,0.6772096446586345,0.7472971527421864,0.32279035534136546,0.55887189539963,0.001380873754088907,0.0007782380541485542,2.715284732932905,18
2022-09-26,0.7036278450172607,0.7472971527421864,0.2963721549827394,0.55887189539963,0.001296539435965133,0.0008588932823648423,2.3474817064852638,18
2022-09-27,0.6932208134454985,0.7472971527421864,0.3067791865545016,0.55887189539963,0.001329763157882102,0.0008271204327732721,2.768076055083199,18
2022-09-28,0.7078215628375081,0.7472971527421864,0.2921784371624919,0.55887189539963,0.0012831507137984807,0.0008716967762923281,2.500516066679641,18
2022-09-29,0.700611129849626,0.7472971527421864,0.2993888701503741,0.55887189539963,0.0013061702963861803,0.0008496831981423694,2.8213720009801144,18
2022-09-30,0.7108709880885343,0.7472971527421864,0.2891290119114658,0.55887189539963,0.0012734150156457436,0.0008810067249720732,2.7740307822658097,18
2022-10-01,0.710333698671526,0.7472971527421864,0.28966630132847415,0.55887189539963,0.001275130396584252,0.0008793663709752552,2.755289315727981,18
2022-10-02,0.7096107418371136,0.7472971527421864,0.2903892581628864,0.55887189539963,0.0012774385414518472,0.0008771591711024975,2.4673301475604,18
2022-10-03,0.6981434102825839,0.7472971527421864,0.30185658971741613,0.55887189539963,0.001314048362703376,0.0008421492071001448,1.7514891294287704,18
2022-10-04,0.6553276552454739,0.7472971527421864,0.3446723447545262,0.55887189539963,0.001450717361044522,0.0007114319573673024,1.5467451954769111,18
2022-10-05,0.6226352190134581,0.7472971527421864,0.3773647809865418,0.55887189539963,0.0015550494546067142,0.0006116213771822406,2.6188858717011327,18
2022-10-06,0.691309056158467,0.7472971527421864,0.308690943841533,0.55887189539963,0.0013358660900741558,0.0008212838043055299,2.6438445203523213,18
2022-10-07,0.7027398790226008,0.7472971527421864,0.2972601209773992,0.55887189539963,0.0012993742842120723,0.0008561823066369213,2.209436926273943,18
2022-10-08,0.6838202333917768,0.7472971527421864,0.3161797666082233,0.55887189539963,0.0013597721179918001,0.0007984202972869107,2.7346585145190914,18
2022-10-09,0.7053006156985935,0.7472971527421864,0.2946993843014065,0.55887189539963,0.001291199043973443,0.0008640002805412855,2.833070905024819,18
2022-10-10,0.7117141850541067,0.7472971527421864,0.28828581494589334,0.55887189539963,0.0012707229659127321,0.0008835810200703883,2.520532691937412,18
2022-10-11,0.7008014086009637,0.7472971527421864,0.29919859139903626,0.55887189539963,0.0013055628366589816,0.000850264122501543,2.75431159377501,18
2022-10-12,0.7083142279915077,0.7472971527421864,0.29168577200849244,0.55887189539963,0.0012815778261124555,0.0008732008916329127,2.81200127031302,18
2022-10-13,0.7115904936834828,0.7472971527421864,0.28840950631651713,0.55887189539963,0.001271117872481798,0.000883203388150325,2.7056590405764163,18
2022-10-14,0.7086939872441205,0.7472971527421864,0.2913060127558795,0.55887189539963,0.001280365399845545,0.0008743603032798432,2.6356024099896613,18
2022-10-15,0.7049785531991781,0.7472971527421864,0.2950214468008219,0.55887189539963,0.0012922272463412286,0.0008630170180920034,2.7652187152998704,18
2022-10-16,0.7092563842013571,0.7472971527421864,0.29074361579864305,0.55887189539963,0.0012785698761966539,0.0008760773110365524,2.7502231882843353,18
2022-10-17,0.7098221616838617,0.7472971527421864,0.29017783831613847,0.55887189539963,0.001276763553842386,0.0008778046395960901,2.607563932527899,18
2022-10-18,0.7050326309969972,0.7472971527421864,0.2949673690030028,0.55887189539963,0.0012920546001115082,0.0008631821185555216,2.626908855343516,18
2022-10-19,0.7040948185700102,0.7472971527421864,0.29590518142998984,0.55887189539963,0.0012950486081607416,0.0008603189607970104,2.6328167447754773,18
2022-10-20,0.704188166737725,0.7472971527421864,0.295811833262275,0.55887189539963,0.0012947505907018027,0.0008606039543873535,2.7729309363024637,18
2022-10-21,0.7094271622936217,0.7472971527421864,0.2905728377063783,0.55887189539963,0.0012780246442998817,0.0008765986995421646,2.796789769084136,18
2022-10-22,0.7112841663720263,0.7472971527421864,0.2887158336279738,0.55887189539963,0.001272095875353775,0.0008822681655053674,2.8397442312771313,18
2022-10-23,0.7126944494778522,0.7472971527421864,0.2873055505221479,0.55887189539963,0.0012675932883446312,0.0008865737845182393,2.487597864497293,18
2022-10-24,0.7008944937215453,0.7472971527421864,0.2991055062784548,0.55887189539963,0.0013052656647028987,0.0008505483130043831,2.6100407578467326,18
2022-10-25,0.702797184134757,0.7472971527421864,0.29720281586524305,0.55887189539963,0.0012991913370004275,0.0008563572601476136,1.3453799596722975,18
2022-10-26,0.6384081606281942,0.7523405571479469,0.36159183937180595,0.5364712782604342,0.0015694180879228345,0.0007539407590667562,1.6232029935229895,19
2022-10-27,0.6377321984788313,0.7523405571479469,0.36226780152116855,0.5364712782604342,0.0015716675171448178,0.0007524702496149385,1.975241616629359,19
2022-10-28,0.6645000539059525,0.7523405571479469,0.33549994609404754,0.5364712782604342,0.0014825876322462407,0.00081070188943024,2.533141879708832,19
2022-10-29,0.7036510408498232,0.7523405571479469,0.296348959150177,0.5364712782604342,0.0013522861087787354,0.0008958721854345712,2.730811132325187,19
2022-10-30,0.7162384559463522,0.7523405571479469,0.2837615440536479,0.5364712782604342,0.0013103898462027655,0.0009232552465879913,2.6857605786178964,19
2022-10-31,0.7160088656413441,0.7523405571479469,0.28399113435865597,0.5364712782604342,0.00131115403365856,0.0009227557885726597,2.7501263533062867,19
2022-11-01,0.7180585814938454,0.7523405571479469,0.28194141850615473,0.5364712782604342,0.0013043315713775156,0.0009272148053053051,2.819160501906385,19
2022-11-02,0.720446856800778,0.7523405571479469,0.2795531431992219,0.5364712782604342,0.0012963821665889679,0.0009324103349894715,2.4331300898025456,19
2022-11-03,0.7073813366201728,0.7523405571479469,0.2926186633798273,0.5364712782604342,0.0013398702567781922,0.0009039871889056169,2.8131423617409825,19
2022-11-04,0.7190822642699615,0.7523405571479469,0.2809177357300386,0.5364712782604342,0.0013009242368251766,0.0009294417572128353,0.8434530816926697,19
2022-11-05,0.5824817731089795,0.7523405571479469,0.4175182268910203,0.5364712782604342,0.0017555121846633864,0.000632276725761712,2.678352651312525,19
2022-11-06,0.6982863235425808,0.7523405571479469,0.3017136764574192,0.5364712782604342,0.001370141710278661,0.0008842016096278245,2.4432104554083356,19
2022-11-07,0.7041864679301215,0.7523405571479469,0.2958135320698785,0.5364712782604342,0.0013505040106297733,0.0008970369704496495,2.3489740520059135,19
2022-11-08,0.7009863328559992,0.7523405571479469,0.29901366714400074,0.5364712782604342,0.0013611551961863803,0.0008900752953351092,-0.7965630582726799,19
2022-11-09,0.46353048356190296,0.7523405571479469,0.5364695164380969,0.5364712782604342,0.0021512221184408938,0.00037350632604366593,-2.2470925550948895,19
2022-11-10,0.46352872173957005,0.7523405571479469,0.53647127826043,0.5364712782604342,0.0021512279784246255,0.0003735024933196067,-0.3158870617041938,19
2022-11-11,0.4635296133780952,0.7523405571479469,0.5364703866219048,0.5364712782604342,0.0021512250127525777,0.00037350443301827177,1.466811244806892,19
2022-11-12,0.5547543780934416,0.7523405571479469,0.4452456219065585,0.5364712782604342,0.0018477636397034537,0.000571957673159333,2.56052638856568,19
2022-11-13,0.6876708414097584,0.7523405571479469,0.3123291585902417,0.5364712782604342,0.001405472837901805,0.0008611083538491802,1.8691616643042939,19
2022-11-14,0.6693365585291216,0.7523405571479469,0.33066344147087867,0.5364712782604342,0.0014664916607261774,0.0008212233746477695,2.43145792645417,19
2022-11-15,0.69995622588763,0.7523405571479469,0.3000437741123701,0.5364712782604342,0.0013645837372369227,0.0008878343680364457,2.6337265077977903,19
2022-11-16,0.7125748916632576,0.7523405571479469,0.2874251083367425,0.5364712782604342,0.001322583898557336,0.0009152854129061635,2.606883146480917,19
2022-11-17,0.7127974022698056,0.7523405571479469,0.2872025977301944,0.5364712782604342,0.0013218432829980172,0.0009157694695214147,2.818486824039105,19
2022-11-18,0.7198402563762026,0.7523405571479469,0.2801597436237975,0.5364712782604342,0.0012984012489456892,0.0009310907172288384,2.8181778937099575,19
2022-11-19,0.7206170099894478,0.7523405571479469,0.27938299001055233,0.5364712782604342,0.0012958158074723551,0.0009327804916209212,2.825175094657062,19
2022-11-20,0.7209564597482737,0.7523405571479469,0.27904354025172645,0.5364712782604342,0.001294685939696486,0.0009335189413687973,1.8713910210106226,19
2022-11-21,0.6783619756932215,0.7523405571479469,0.32163802430677846,0.5364712782604342,0.001436454323319359,0.0008408575527728578,1.74908757678379,19
2022-11-22,0.65741558493687,0.7523405571479469,0.3425844150631301,0.5364712782604342,0.0015061644685366179,0.0007952901114335497,2.156456546656356,19
2022-11-23,0.6834245323085801,0.7523405571479469,0.31657546769141987,0.5364712782604342,0.0014196053771976152,0.0008518707986480371,2.1793929903810376,19
2022-11-24,0.6900086478654012,0.7523405571479469,0.30999135213459894,0.5364712782604342,0.0013976920922863837,0.0008661940919970686,2.79818144488715,19
2022-11-25,0.7165369780436955,0.7523405571479469,0.2834630219563046,0.5364712782604342,0.0013093962196933393,0.0009239046610058454,2.7887565815128714,19
2022-11-26,0.7193262827550868,0.7523405571479469,0.28067371724491336,0.5364712782604342,0.0013001120183002482,0.0009299726027478009,2.7803527715925656,19
2022-11-27,0.7193992866265659,0.7523405571479469,0.2806007133734342,0.5364712782604342,0.0012998690239078218,0.0009301314176801616,2.8181166504477106,19
2022-11-28,0.7205650573390823,0.7523405571479469,0.2794349426609178,0.5364712782604342,0.0012959887331891263,0.0009326674721811768,2.5447559341536614,19
2022-11-29,0.7116982164011932,0.7523405571479469,0.28830178359880687,0.5364712782604342,0.0013255018642889236,0.0009133782657970307,2.6247101947771982,19
2022-11-30,0.7138767649083263,0.7523405571479469,0.2861232350916737,0.5364712782604342,0.0013182506711385176,0.0009181175491637139,1.0135390443747503,19
2022-12-01,0.6013816236767766,0.7523405571479469,0.3986183763232235,0.5364712782604342,0.0016926265673423257,0.0006733920588082242,2.4932830975953086,19
2022-12-02,0.6910814842674121,0.7523405571479469,0.308918515732588,0.5364712782604342,0.0013941214341621684,0.0008685279742579294,2.7676404794726746,19
2022-12-03,0.7158133833701911,0.7523405571479469,0.28418661662980893,0.5364712782604342,0.0013118046927060106,0.000922330530253589,2.650242079113704,19
2022-12-04,0.7147586862291471,0.7523405571479469,0.285241313770853,0.5364712782604342,0.001315315225979774,0.0009200361087150867,2.657709260858957,19
2022-12-05,0.7153709232465988,0.7523405571479469,0.2846290767534013,0.5364712782604342,0.0013132774115348095,0.0009213679884982433,2.6754269906599166,19
2022-12-06,0.7155510510015811,0.7523405571479469,0.28444894899841905,0.5364712782604342,0.0013126778604718751,0.0009217598441169136,2.7917080709678928,19
2022-12-07,0.7194891123367387,0.7523405571479469,0.2805108876632614,0.5364712782604342,0.00129957003772423,0.0009303268273727749,2.5648563176331765,19
2022-12-08,0.7122726688139712,0.7523405571479469,0.2877273311860288,0.5364712782604342,0.001323589831627398,0.0009146279477554154,2.293679066536455,19
2022-12-09,0.7011376833769063,0.7523405571479469,0.2988623166230937,0.5364712782604342,0.001360651450107962,0.0008904045480480624,2.7482327426881126,19
2022-12-10,0.7161656728204245,0.7523405571479469,0.28383432717957546,0.5364712782604342,0.0013106321036631834,0.0009230969118724894,2.81575512471303,19
2022-12-11,0.7201228299785039,0.7523405571479469,0.27987717002149626,0.5364712782604342,0.0012974606971608272,0.0009317054367858577,2.812037221351309,19
2022-12-12,0.7204589744325288,0.7523405571479469,0.2795410255674713,0.5364712782604342,0.0012963418327596387,0.0009324366960690673,2.8017029015276305,19
2022-12-13,0.7203467140956284,0.7523405571479469,0.2796532859043717,0.5364712782604342,0.0012967154939433991,0.0009321924813794846,1.6880256377680443,19
2022-12-14,0.6683315173651749,0.7523405571479469,0.3316684826348252,0.5364712782604342,0.0014698364734269593,0.0008190369762933016,2.7799611922554224,19
2022-12-15,0.7133567178951807,0.7523405571479469,0.28664328210481943,0.5364712782604342,0.001319981626506101,0.000916986222433451,1.916711290245995,19
2022-12-16,0.6793126267860867,0.7523405571479469,0.3206873732139133,0.5364712782604342,0.001433290432698967,0.000842925629245419,0.9274798774537972,19
2022-12-17,0.5647483503716453,0.7523405571479469,0.4352516496283547,0.5364712782604342,0.0018145136633529496,0.0005936988767313912,2.601118097550485,19
2022-12-18,0.6920525753011252,0.7523405571479469,0.3079474246988749,0.5364712782604342,0.0013908893997533701,0.0008706405164246716,2.7986222359512234,19
2022-12-19,0.7167843469845186,0.7523405571479469,0.28321565301548146,0.5364712782604342,0.0013085728550909475,0.0009244427952281675,2.211186551228215,19
2022-12-20,0.6967728583028777,0.7523405571479469,0.3032271416971224,0.5364712782604342,0.0013751789874294506,0.0008809091694489198,1.9579808658525055,19
2022-12-21,0.6800940723669449,0.7523405571479469,0.31990592763305525,0.5364712782604342,0.0014306896736489881,0.0008446256106923334,2.722534386216637,19
2022-12-22,0.7126362066904134,0.7523405571479469,0.2873637933095866,0.5364712782604342,0.001322379814565888,0.0009154187995566676,2.818161014304526,19
2022-12-23,0.7198098252295554,0.7523405571479469,0.28019017477044467,0.5364712782604342,0.001298502539569879,0.000931024516349371,2.8095889048984466,19
2022-12-24,0.7203478940902226,0.7523405571479469,0.2796521059097776,0.5364712782604342,0.0012967115663041332,0.000932195048377068,2.8209536503662656,19
2022-12-25,0.7208315560725109,0.7523405571479469,0.2791684439274892,0.5364712782604342,0.001295101685113036,0.0009332472219597312,2.819357782943634,19
2022-12-26,0.7207664548009813,0.7523405571479469,0.27923354519901866,0.5364712782604342,0.001295318376477585,0.0009331055985933936,2.8218786016760844,19
2022-12-27,0.7209035069967719,0.7523405571479469,0.27909649300322825,0.5364712782604342,0.0012948621944451815,0.000933403746277391,2.641091687205094,19
2022-12-28,0.7151370738499218,0.7523405571479469,0.28486292615007835,0.5364712782604342,0.001314055773380452,0.000920859265120108,2.665147027575739,19
2022-12-29,0.7151742827112171,0.7523405571479469,0.28482571728878303,0.5364712782604342,0.0013139319246544506,0.0009209402104545145,2.7995170106057596,19
2022-12-30,0.7196583518089749,0.7523405571479469,0.28034164819102525,0.5364712782604342,0.001299006721470368,0.000930694996276579,2.807541550142456,19
2022-12-31,0.7202677576405337,0.7523405571479469,0.27973224235946625,0.5364712782604342,0.0012969783022982438,0.0009320207170083461,2.7851241606710295,19
2023-01-01,0.7196569514445315,0.7523405571479469,0.2803430485554686,0.5364712782604342,0.001299011382606627,0.0009306919498794516,2.8099123255063496,19
2023-01-02,0.7204691180845961,0.7523405571479469,0.2795308819154039,0.5364712782604342,0.0012963080693681912,0.0009324587628907895,2.8110937330613215,19
2023-01-03,0.720596154018415,0.7523405571479469,0.27940384598158513,0.5364712782604342,0.0012958852271049222,0.0009327351208815103,2.816989356012209,19
2023-01-04,0.7206658318736844,0.7523405571479469,0.2793341681263157,0.5364712782604342,0.0012956533025669072,0.0009328867002929499,2.7233330324283616,19
2023-01-05,0.7181569437546327,0.7523405571479469,0.2818430562453675,0.5364712782604342,0.0013040041724051888,0.0009274287856802805,2.8130054809779383,19
2023-01-06,0.7202632947385857,0.7523405571479469,0.27973670526141425,0.5364712782604342,0.0012969931571670226,0.0009320110082702116,2.775400903475446,19
2023-01-07,0.7196032213002235,0.7523405571479469,0.28039677869977664,0.5364712782604342,0.0012991902242684538,0.0009305750636231325,2.817512948500445,19
2023-01-08,0.7205692035624438,0.7523405571479469,0.2794307964375563,0.5364712782604342,0.001295974932380257,0.0009326764920066925,2.7903132289721957,19
2023-01-09,0.7200518537312753,0.7523405571479469,0.2799481462687248,0.5364712782604342,0.0012976969430647395,0.00093155103281146,2.785413233675945,19
2023-01-10,0.7198554101631298,0.7523405571479469,0.28014458983687024,0.5364712782604342,0.0012983508092874673,0.0009311236832564899,2.6177867312126444,19
2023-01-11,0.7147696875015102,0.7523405571479469,0.28523031249848996,0.5364712782604342,0.0013152786085719227,0.0009200600412311412,2.2861215266216526,19
2023-01-12,0.7012559413163829,0.7523405571479469,0.2987440586836172,0.5364712782604342,0.0013602578472598646,0.0008906618101120947,0.40366701093344015,19
2023-01-13,0.5090603690214445,0.7523405571479469,0.49093963097855553,0.5364712782604342,0.00199977570534628,0.00047255347975123116,0.9451283571161652,19
2023-01-14,0.502278272213759,0.7523405571479469,0.497721727786241,0.5364712782604342,0.0020223362905120563,0.0004577994917235798,0.8346594526366404,19
2023-01-15,0.48661289451138157,0.7523405571479469,0.5133871054886184,0.5364712782604342,0.0020744453669861115,0.00042372053330948006,2.538599256053328,19
2023-01-16,0.6758057343930676,0.7523405571479469,0.32419426560693243,0.5364712782604342,0.0014449617847875705,0.0008352966245514381,2.586304587222847,19
2023-01-17,0.7074604150537505,0.7523405571479469,0.29253958494624954,0.5364712782604342,0.0013396070520603491,0.0009041592186326077,2.8111453658742622,19
2023-01-18,0.7189825577197837,0.7523405571479469,0.28101744228021636,0.5364712782604342,0.0013012561111399115,0.0009292248524281771,2.150717465383837,19
2023-01-19,0.6941592354578688,0.7523405571479469,0.3058407645421312,0.5364712782604342,0.0013838778759360441,0.0008752234115988756,2.5029511177166737,19
2023-01-20,0.7069068112703841,0.7523405571479469,0.2930931887296161,0.5364712782604342,0.0013414496660663835,0.0009029548914424393,-0.05818652534890756,19
2023-01-21,0.4679628154175873,0.7523405571479469,0.5320371845824128,0.5364712782604342,0.002136479680484522,0.00038314856103200133,2.5604645433201325,19
2023-01-22,0.6748869075904829,0.7523405571479469,0.32511309240951725,0.5364712782604342,0.001448019729666089,0.0008332977796470925,2.751879739286304,19
2023-01-23,0.7130571215530236,0.7523405571479469,0.2869428784469765,0.5364712782604342,0.0013209788196042196,0.0009163344710694324,2.744409829662115,19
2023-01-24,0.7178277974707334,0.7523405571479469,0.2821722025292667,0.5364712782604342,0.0013050997360784023,0.0009267127504378328,2.532978460111551,19
2023-01-25,0.7539009181549947,0.792352446836171,0.24609908184500517,0.5365202383225072,0.0012423169644487986,0.0013205756240563195,2.350134049054375,20
2023-01-26,0.7456571924075176,0.792352446836171,0.25434280759248235,0.5365202383225072,0.0012711085378373102,0.0013134074993330254,2.7823187178376956,20
2023-01-27,0.7592798356727799,0.792352446836171,0.24072016432722015,0.5365202383225072,0.001223530803928485,0.0013252527267189835,2.833101682242828,20
2023-01-28,0.7625199087421433,0.792352446836171,0.23748009125785685,0.5365202383225072,0.0012122146522773308,0.0013280700508980286,2.8161543537814793,20
2023-01-29,0.762445841711873,0.792352446836171,0.2375541582881269,0.5365202383225072,0.0012124733360487755,0.001328005647771684,1.7376675303926354,20
2023-01-30,0.7152276347856417,0.792352446836171,0.2847723652143582,0.5365202383225072,0.0013773842114084894,0.001286948241590854,0.9877781441347808,20
2023-01-31,0.6154265361472412,0.792352446836171,0.3845734638527589,0.5365202383225072,0.0017259311764098574,0.0012001687022811236,2.526978818665354,20
2023-02-01,0.7291454642733156,0.792352446836171,0.27085453572668433,0.5365202383225072,0.0013287761627915537,0.0012990501407443673,2.1551548245995615,20
2023-02-02,0.731253130368276,0.792352446836171,0.2687468696317241,0.5365202383225072,0.0013214151090059384,0.001300882808873624,2.6714726308308157,20
2023-02-03,0.7536903261599199,0.792352446836171,0.24630967384008012,0.5365202383225072,0.00124305246749817,0.0013203925090749793,2.8102730421308935,20
2023-02-04,0.7611474946386902,0.792352446836171,0.2388525053613098,0.5365202383225072,0.0012170078936856391,0.0013268767026757675,2.8014802858641894,20
2023-02-05,0.7618649328901744,0.792352446836171,0.23813506710982563,0.5365202383225072,0.0012145021964338608,0.00132750053309243,2.42358908738398,20
2023-02-06,0.7496757132545846,0.792352446836171,0.2503242867454154,0.5365202383225072,0.0012570736905367728,0.0013169017032303046,2.688187668536184,20
2023-02-07,0.7569281213728807,0.792352446836171,0.24307187862711935,0.5365202383225072,0.0012317442987705564,0.0013232078526011866,2.3109084349612368,20
2023-02-08,0.7446176218413185,0.792352446836171,0.2553823781586816,0.5365202383225072,0.001274739276294045,0.0013125035668508636,2.5309973257786416,20
2023-02-09,0.7507259973446777,0.792352446836171,0.24927400265532243,0.5365202383225072,0.0012534055266619141,0.0013178149513881515,0.4831968870380592,20
2023-02-10,0.559756894398155,0.792352446836171,0.440243105601845,0.5365202383225072,0.0019203461864545478,0.0011517625631660914,2.5363689235634608,20
2023-02-11,0.7198045546546054,0.792352446836171,0.2801954453453947,0.5365202383225072,0.001361399341510346,0.0012909279873361923,2.6912323364750774,20
2023-02-12,0.7528869071731341,0.792352446836171,0.24711309282686583,0.5365202383225072,0.0012458584477766633,0.0013196939162689165,2.7896087192370853,20
2023-02-13,0.7604490687002158,0.792352446836171,0.23955093129978425,0.5365202383225072,0.0012194471885163555,0.0013262694039384822,2.835553634361338,20
2023-02-14,0.7627231334654161,0.792352446836171,0.23727686653458388,0.5365202383225072,0.0012115048770800366,0.0013282467598531658,2.4660878590819033,20
2023-02-15,0.7517365049560839,0.792352446836171,0.24826349504391612,0.5365202383225072,0.0012498762823326436,0.001318693612907746,-0.5542979884679284,20
2023-02-16,0.4638320616219462,0.792352446836171,0.5361679383780539,0.5365202383225072,0.002255333347818105,0.0010683535335035722,1.9996848907342255,20
2023-02-17,0.6503823427215248,0.792352446836171,0.34961765727847527,0.5365202383225072,0.0016038526680859954,0.0012305636461454911,1.563837828584049,20
2023-02-18,0.6607894740280899,0.792352446836171,0.3392105259719101,0.5365202383225072,0.0015675067883166023,0.0012396129058494527,2.750226459952315,20
2023-02-19,0.7466591766799975,0.792352446836171,0.25334082332000263,0.5365202383225072,0.0012676090693478697,0.0013142787495972782,2.638730538580036,20
2023-02-20,0.7548638744495253,0.792352446836171,0.24513612555047484,0.5365202383225072,0.0012389537906932117,0.0013214129385223411,2.528545522932544,20
2023-02-21,0.7526199082298921,0.792352446836171,0.2473800917701079,0.5365202383225072,0.0012467909544859026,0.001319461754042179,2.461716268708144,20
2023-02-22,0.7494776444609195,0.792352446836171,0.25052235553908053,0.5365202383225072,0.0012577654544168179,0.0013167294774842917,2.675915998857118,20
2023-02-23,0.7565062418315698,0.792352446836171,0.24349375816843025,0.5365202383225072,0.001233217735980222,0.001322841017839459,2.6588926063808507,20
2023-02-24,0.7569936793239871,0.792352446836171,0.24300632067601302,0.5365202383225072,0.0012315153340418043,0.0013232648568714072,1.6442966363254965,20
2023-02-25,0.705565421663341,0.792352446836171,0.29443457833665904,0.5365202383225072,0.0014111293387016682,0.0012785467067890815,2.783852619328127,20
2023-02-26,0.7540099654961159,0.792352446836171,0.2459900345038842,0.5365202383225072,0.0012419361111431371,0.0013206704434336066,2.5695545301493494,20
2023-02-27,0.7538971611700518,0.792352446836171,0.24610283882994835,0.5365202383225072,0.0012423300859067386,0.0013205723572644007,2.8185024933348495,20
2023-02-28,0.761408735679941,0.792352446836171,0.23859126432005895,0.5365202383225072,0.0012160954933597382,0.0013271038582634096,2.499278001765145,20
2023-03-01,0.7523902635473649,0.792352446836171,0.24760973645263498,0.5365202383225072,0.0012475929995486045,0.0013192620722748787,2.4334654801614195,20
2023-03-02,0.7486962225072554,0.792352446836171,0.2513037774927446,0.5365202383225072,0.001260494604011738,0.0013160500116460331,2.7590223785098527,20
2023-03-03,0.7589862315353217,0.792352446836171,0.24101376846467837,0.5365202383225072,0.0012245562333963247,0.0013249974306136735,0.5208989097214616,20
2023-03-04,0.5725715098237811,0.792352446836171,0.4274284901762189,0.5365202383225072,0.0018755941385944482,0.001162905190233719,2.66289804467581,20
2023-03-05,0.7295347191150788,0.792352446836171,0.2704652808849213,0.5365202383225072,0.0013274166852313013,0.0012993886075178113,2.803726617836927,20
2023-03-06,0.7578606207675924,0.792352446836171,0.24213937923240755,0.5365202383225072,0.0012284874930370106,0.0013240186840347452,2.8298516373662204,20
2023-03-07,0.7622336201607534,0.792352446836171,0.2377663798392467,0.5365202383225072,0.0012132145331458252,0.0013278211158508034,2.6569837909046217,20
2023-03-08,0.7577808934559441,0.792352446836171,0.24221910654405604,0.5365202383225072,0.0012287659451358586,0.0013239493591528588,2.213593332934509,20
2023-03-09,0.7399985817409741,0.792352446836171,0.26000141825902584,0.5365202383225072,0.0012908714240549132,0.0013084871965159698,0.01876356697165371,20
2023-03-10,0.48039790947350475,0.792352446836171,0.5196020905264953,0.5365202383225072,0.002197483353815013,0.0010827579505335086,2.5269611220620174,20
2023-03-11,0.7052607531768833,0.792352446836171,0.2947392468231167,0.5365202383225072,0.0014121933863007255,0.001278281789956925,2.5171632438247316,20
2023-03-12,0.7439021716396764,0.792352446836171,0.25609782836032363,0.5365202383225072,0.0012772380115011815,0.001311881465093021,-0.07503922048563427,20
2023-03-13,0.4764455032088872,0.792352446836171,0.5235544967911129,0.5365202383225072,0.002211285684077195,0.0010793212349112576,0.1710848821539218,20
2023-03-14,0.46356825404464597,0.792352446836171,0.536431745955354,0.5365202383225072,0.0022562545932196787,0.001068124146248954,2.047879478542125,20
2023-03-15,0.657329326616126,0.792352446836171,0.34267067338387397,0.5365202383225072,0.0015795910300981395,0.001236604221551879,2.456792869158858,20
2023-03-16,0.73228513048918,0.792352446836171,0.26771486951082013,0.5365202383225072,0.0013178108314696524,0.001301780158665174,2.1497128324071917,20
2023-03-17,0.7316823821007375,0.792352446836171,0.26831761789926245,0.5365202383225072,0.0013199159404074995,0.0013012560539390505,-0.5286618302023571,20
2023-03-18,0.46367903603389854,0.792352446836171,0.5363209639661016,0.5365202383225072,0.00225586773020445,0.0010682204739459666,2.2314196931040744,20
2023-03-19,0.6758082656577349,0.792352446836171,0.3241917343422652,0.5365202383225072,0.0015150548509371324,0.0012526721189882947,1.1060776992589072,20
2023-03-20,0.6139189488245114,0.792352446836171,0.3860810511754886,0.5365202383225072,0.0017311961831914487,0.0011988578175802476,2.4922547532966455,20
2023-03-21,0.7265321108752597,0.792352446836171,0.2734678891247403,0.5365202383225072,0.0013379033273406126,0.0012967777649185409,2.67641987438551,20
2023-03-22,0.7533539343748429,0.792352446836171,0.24664606562515728,0.5365202383225072,0.0012442273324512402,0.0013201000080450827,1.724366611446756,20
2023-03-23,0.710227219002728,0.792352446836171,0.28977278099727194,0.5365202383225072,0.001394848102472753,0.0012826002556075476,1.4391994584488972,20
2023-03-24,0.6708552624051609,0.792352446836171,0.3291447375948392,0.5365202383225072,0.0015323528592576267,0.0012483653593802137,1.5433779863261614,20
2023-03-25,0.6643873012397228,0.792352446836171,0.3356126987602772,0.5365202383225072,0.0015549416934898621,0.0012427413061596813,2.753128309347426,20
2023-03-26,0.7472735747854272,0.792352446836171,0.2527264252145729,0.5365202383225072,0.0012654632596567146,0.001314812984042283,2.417408422504259,20
2023-03-27,0.7471416253519831,0.792352446836171,0.2528583746480169,0.5365202383225072,0.0012659240983215734,0.0013146982507256896,1.566610384262527,20
2023-03-28,0.6957419786855146,0.792352446836171,0.3042580213144856,0.5365202383225072,0.0014454374140035469,0.001270004978614927,2.7690845604002194,20
2023-03-29,0.7522177011087322,0.792352446836171,0.2477822988912679,0.5365202383225072,0.001248195682085555,0.0013191120249394185,1.2779548354179329,20
2023-03-30,0.6728372965672321,0.792352446836171,0.3271627034327678,0.5365202383225072,0.0015254307516742115,0.0012500887874168515,2.521154721920817,20
2023-03-31,0.7382615682100051,0.792352446836171,0.2617384317899948,0.5365202383225072,0.0012969379919517449,0.0013069768200166248,2.5203604607511254,20
2023-04-01,0.7495649880687589,0.792352446836171,0.2504350119312411,0.5365202383225072,0.0012574604030733438,0.0013168054249252856,2.8207497690771404,20
2023-04-02,0.7609213191759245,0.792352446836171,0.23907868082407552,0.5365202383225072,0.0012177978252491308,0.0013266800374813984,2.6266972504266786,20
2023-04-03,0.7566281536532847,0.792352446836171,0.24337184634671538,0.5365202383225072,0.0012327919523496863,0.0013229470232028187,2.6429493639448136,20
2023-04-04,0.7565020022621725,0.792352446836171,0.2434979977378276,0.5365202383225072,0.001233232542905221,0.0013228373314283456,2.758386865819282,20
2023-04-05,0.7601361486597183,0.792352446836171,0.2398638513402817,0.5365202383225072,0.00122054008044383,0.0013259973121747077,2.83372126537185,20
2023-04-06,0.7626449041339428,0.792352446836171,0.2373550958660572,0.5365202383225072,0.0012117780979745657,0.0013281787375023263,2.786050119295486,20
2023-04-07,0.7616321260999521,0.792352446836171,0.23836787390004785,0.5365202383225072,0.0012153152885633213,0.0013272981017937839,2.79987863334434,20
2023-04-08,0.7618835295439196,0.792352446836171,0.23811647045608036,0.5365202383225072,0.0012144372464656787,0.001327516703345731,2.836477323245515,20
2023-04-09,0.7629269443076382,0.792352446836171,0.23707305569236176,0.5365202383225072,0.0012107930547625258,0.0013284239784533182,2.6526351210357966,20
2023-04-10,0.7579392702465487,0.792352446836171,0.24206072975345122,0.5365202383225072,0.0012282128053197562,0.0013240870717142784,0.8687926359712629,20
2023-04-11,0.6278672327664485,0.792352446836171,0.3721327672335516,0.5365202383225072,0.001682483908796369,0.0012109861976397523,2.398884857502323,20
2023-04-12,0.7240382091219476,0.792352446836171,0.27596179087805245,0.5365202383225072,0.0013466132961193228,0.001294609255270964,2.618836746404186,20
2023-04-13,0.750709344015271,0.792352446836171,0.24929065598472905,0.5365202383225072,0.0012534636891682023,0.001317800470903732,2.606664285070467,20
2023-04-14,0.7546272880642996,0.792352446836171,0.24537271193570048,0.5365202383225072,0.001239780080786913,0.001321207220771766,2.8286233495832196,20
2023-04-15,0.7618104402315194,0.792352446836171,0.2381895597684805,0.5365202383225072,0.0012146925154255608,0.0013274531503694104,2.8021766118866123,20
2023-04-16,0.7619702656313025,0.792352446836171,0.2380297343686976,0.5365202383225072,0.001214134315286695,0.0013275921225325668,2.8294892277311043,20
2023-04-17,0.7627411202216704,0.792352446836171,0.2372588797783297,0.5365202383225072,0.001211442057193387,0.0013282623997854183,1.833981657293705,20
2023-04-18,0.7206077318110737,0.792352446836171,0.2793922681889263,0.5365202383225072,0.001358594246015507,0.001291626369864775,1.9024814288048926,20
2023-04-19,0.7137254291653405,0.792352446836171,0.28627457083465946,0.5365202383225072,0.0013826306501679036,0.0012856420364141903,0.44398303151198815,20
2023-04-20,0.5257653751682603,0.792352446836171,0.4742346248317397,0.5365202383225072,0.002039052416014254,0.001122206091148727,2.2004360422419618,20
2023-04-21,0.6871035040287758,0.792352446836171,0.31289649597122415,0.5365202383225072,0.001475606902966611,0.0012624936098897521,1.451012750809615,20
2023-04-22,0.6606575866160637,0.792352446836171,0.33934241338393645,0.5365202383225072,0.001567967393121392,0.0012394982264620261,2.3927535223910894,20
2023-04-23,0.7299002460289868,0.792352446836171,0.27009975397101327,0.5365202383225072,0.0013261400775568218,0.0012997064422673983,2.7025562305102744,20
2023-04-24,0.7545623684718112,0.792352446836171,0.24543763152818882,0.5365202383225072,0.001240006815781016,0.0013211507715702522,2.8056190756673516,20
2023-04-25,0.7611274245055656,0.792352446836171,0.23887257549443444,0.5365202383225072,0.0012170779898497061,0.001326859251195471,2.0268950013071536,20
2023-04-26,0.7579828672295952,0.8140681174727133,0.24201713277040465,0.5382607922941058,0.0013043347946854378,0.001180890690345816,2.7693793264158675,21
2023-04-27,0.780449934195646,0.8140681174727133,0.21955006580435393,0.5382607922941058,0.0012237903221177316,0.0011879727175111159,1.5069959578041807,21
2023-04-28,0.7226592661416604,0.8140681174727133,0.2773407338583394,0.5382607922941058,0.0014309697606998374,0.0011697560503476814,2.7161231843037137,21
2023-04-29,0.7735353691797945,0.8140681174727133,0.2264646308202054,0.5382607922941058,0.0012485790599243282,0.0011857931211555928,2.7506465311999353,21
2023-04-30,0.7821147423374569,0.8140681174727133,0.21788525766254307,0.5382607922941058,0.0012178219781591242,0.0011884974952448154,2.777965653279277,21
2023-05-01,0.7841023197170388,0.8140681174727133,0.21589768028296114,0.5382607922941058,0.0012106965044492018,0.0011891240156988025,0.9513318071823162,21
2023-05-02,0.6693347761953086,0.8140681174727133,0.33066522380469143,0.5382607922941058,0.001622137370249722,0.0011529472035611181,2.345069326538382,21
2023-05-03,0.7470134556000859,0.8140681174727133,0.2529865443999139,0.5382607922941058,0.0013436601172396325,0.0011774329327637995,2.637301125483012,21
2023-05-04,0.7745816071182242,0.8140681174727133,0.22541839288177556,0.5382607922941058,0.0012448282941622956,0.001186122914337432,2.721455856329551,21
2023-05-05,0.7814308267385356,0.8140681174727133,0.21856917326146427,0.5382607922941058,0.0012202738184291689,0.0011882819126386097,2.261191275453494,21
2023-05-06,0.7667709959351812,0.8140681174727133,0.23322900406481872,0.5382607922941058,0.0012728293505543352,0.0011836608679715451,2.2082861383888694,21
2023-05-07,0.7609709481768971,0.8140681174727133,0.23902905182310277,0.5382607922941058,0.0012936225252860405,0.0011818325876781597,2.7364295993248526,21
2023-05-08,0.7798760903085421,0.8140681174727133,0.22012390969145776,0.5382607922941058,0.0012258475546589843,0.0011877918315056904,1.3962488205910377,21
2023-05-09,0.7127416600847996,0.8140681174727133,0.28725833991520033,0.5382607922941058,0.001466524293433274,0.0011666298409668324,2.7161636395584385,21
2023-05-10,0.7720489711670016,0.8140681174727133,0.2279510288329983,0.5382607922941058,0.001253907800337009,0.0011853245815317535,2.7820014801894226,21
2023-05-11,0.7827890031547092,0.8140681174727133,0.2172109968452906,0.5382607922941058,0.001215404750230573,0.0011887100344886554,2.1280748377601197,21
2023-05-12,0.7610622841317284,0.8140681174727133,0.2389377158682714,0.5382607922941058,0.001293295085884375,0.0011818613784283834,2.686597382801605,21
2023-05-13,0.778347013255434,0.8140681174727133,0.22165298674456585,0.5382607922941058,0.0012313293014529919,0.0011873098386739464,2.7865620014142354,21
2023-05-14,0.7837987135036371,0.8140681174727133,0.21620128649636292,0.5382607922941058,0.0012117849341198937,0.0011890283135115025,2.7898594380549904,21
2023-05-15,0.784644530980273,0.8140681174727133,0.21535546901972685,0.5382607922941058,0.0012087526745324483,0.0011892949305272202,2.6807885207252955,21
2023-05-16,0.7818235028695316,0.8140681174727133,0.21817649713046824,0.5382607922941058,0.0012188660728757578,0.0011884056912800799,2.7084656869260746,21
2023-05-17,0.7821334596442526,0.8140681174727133,0.21786654035574723,0.5382607922941058,0.0012177548765350131,0.0011885033952795366,2.625803935018262,21
2023-05-18,0.779826144400779,0.8140681174727133,0.22017385559922087,0.5382607922941058,0.0012260266109272227,0.0011877760876493114,2.2962585879096395,21
2023-05-19,0.7677032230183294,0.8140681174727133,0.2322967769816705,0.5382607922941058,0.0012694873152721683,0.0011839547228631097,2.7796585675874277,21
2023-05-20,0.782117712150635,0.8140681174727133,0.2178822878493648,0.5382607922941058,0.0012178113313663105,0.001188498431383815,2.7455541089770614,21
2023-05-21,0.7832406365800119,0.8140681174727133,0.216759363419988,0.5382607922941058,0.0012137856424087302,0.0011888523975390522,2.6068018802205226,21
2023-05-22,0.779358881866541,0.8140681174727133,0.22064111813345877,0.5382607922941058,0.0012277017488557535,0.0011876287980201931,2.7857135867312346,21
2023-05-23,0.7839183325813673,0.8140681174727133,0.2160816674186325,0.5382607922941058,0.0012113560991785404,0.0011890660196152523,2.6317463409810387,21
2023-05-24,0.7802886511963475,0.8140681174727133,0.21971134880365234,0.5382607922941058,0.0012243685222968362,0.0011879218781833095,1.622315882459911,21
2023-05-25,0.7307924585759468,0.8140681174727133,0.269207541424053,0.5382607922941058,0.0014018123209258633,0.0011723197801770918,2.7321101200304403,21
2023-05-26,0.7753320040078969,0.8140681174727133,0.22466799599210302,0.5382607922941058,0.001242138119204487,0.0011863594530527636,2.7250659656403475,21
2023-05-27,0.7816836968331284,0.8140681174727133,0.2183163031668715,0.5382607922941058,0.0012193672780979007,0.0011883616218806708,2.7760145644995085,21
2023-05-28,0.7839905968105387,0.8140681174727133,0.21600940318946116,0.5382607922941058,0.0012110970315847129,0.001189088798611498,0.9922881537451249,21
2023-05-29,0.67500932646626,0.8140681174727133,0.3249906735337398,0.5382607922941058,0.0016017942074927874,0.001154735924769385,2.5314364702614216,21
2023-05-30,0.7579335470582288,0.8140681174727133,0.2420664529417711,0.5382607922941058,0.0013045116074717519,0.001180875143732903,2.761713777890276,21
2023-05-31,0.7802024813210253,0.8140681174727133,0.21979751867897454,0.5382607922941058,0.0012246774416325365,0.0011878947158750837,2.4030444552085566,21
2023-06-01,0.7719330612707562,0.8140681174727133,0.2280669387292436,0.5382607922941058,0.0012543233375723968,0.0011852880446293098,2.523757327984828,21
2023-06-02,0.7747350010104131,0.8140681174727133,0.22526499898958666,0.5382607922941058,0.0012442783766369184,0.001186171266875532,2.5610911243653196,21
2023-06-03,0.776570301208614,0.8140681174727133,0.22342969879138577,0.5382607922941058,0.0012376988200160782,0.0011867497867989283,2.723995874863329,21
2023-06-04,0.7817970565840326,0.8140681174727133,0.21820294341596724,0.5382607922941058,0.0012189608829195945,0.0011883973549310315,2.7881255425999107,21
2023-06-05,0.7843212721826585,0.8140681174727133,0.2156787278173414,0.5382607922941058,0.0012099115588420843,0.0011891930334887867,0.4394251994313665,21
2023-06-06,0.5962408311234935,0.8140681174727133,0.4037591688765065,0.5382607922941058,0.0018841773036098032,0.001129906665808695,0.8194148330558317,21
2023-06-07,0.5357785790836276,0.8140681174727133,0.46422142091637253,0.5382607922941058,0.002100932136474534,0.0011108478668978915,1.663985756446702,21
2023-06-08,0.6447155730288585,0.8140681174727133,0.3552844269711415,0.5382607922941058,0.0017103967057975008,0.0011451867840156435,2.645755171544591,21
2023-06-09,0.7584411673564946,0.8140681174727133,0.2415588326435054,0.5382607922941058,0.0013026917889678966,0.0011810351548615212,2.7619198877223474,21
2023-06-10,0.7802811779056574,0.8140681174727133,0.21971882209434251,0.5382607922941058,0.0012243953140728704,0.0011879195224664834,2.1734733603308833,21
2023-06-11,0.7625352099315942,0.8140681174727133,0.23746479006840573,0.5382607922941058,0.001288014646604948,0.0011823256713662594,2.775581463279511,21
2023-06-12,0.7812732304456715,0.8140681174727133,0.21872676955432835,0.5382607922941058,0.0012208388017821603,0.0011882322354275655,2.7889359344199134,21
2023-06-13,0.784263011043169,0.8140681174727133,0.21573698895683083,0.5382607922941058,0.0012101204252989296,0.0011891746685204904,2.7875699376171923,21
2023-06-14,0.7846407647754426,0.8140681174727133,0.2153592352245573,0.5382607922941058,0.0012087661763945962,0.0011892937433511214,1.7642746100730795,21
2023-06-15,0.7418850289853538,0.8140681174727133,0.25811497101464614,0.5382607922941058,0.0013620455099707198,0.0011758163596412082,2.4639360672741155,21
2023-06-16,0.7671575956061811,0.8140681174727133,0.23284240439381884,0.5382607922941058,0.001271443390261642,0.0011837827312025692,1.9586318576909603,21
2023-06-17,0.7484260086713945,0.8140681174727133,0.25157399132860536,0.5382607922941058,0.0013385961181559566,0.0011778781951221906,2.7312328624782736,21
2023-06-18,0.777906713146334,0.8140681174727133,0.22209328685366592,0.5382607922941058,0.0012329077788585685,0.0011871710480904564,2.7315168345132768,21
2023-06-19,0.7822069692860059,0.8140681174727133,0.21779303071399408,0.5382607922941058,0.0012174913441574187,0.0011885265668524258,2.564115355311625,21
2023-06-20,0.7779326115325984,0.8140681174727133,0.22206738846740148,0.5382607922941058,0.0012328149330557972,0.0011871792117317246,0.39103211037729824,21
2023-06-21,0.5840437786175765,0.8140681174727133,0.4159562213824235,0.5382607922941058,0.00192790332314839,0.0011260619335472914,0.6073842410558251,21
2023-06-22,0.4955042356541353,0.8140681174727133,0.5044957643458646,0.5382607922941058,0.002245313695389732,0.001098152663084093,2.502947939532602,21
2023-06-23,0.7229389696214851,0.8140681174727133,0.2770610303785149,0.5382607922941058,0.0014299670258379415,0.0011698442179596505,2.284478897473915,21
2023-06-24,0.7550920693239014,0.8140681174727133,0.2449079306760985,0.5382607922941058,0.0013146983027179776,0.0011799794583933565,2.751609838600315,21
2023-06-25,0.7794865286235015,0.8140681174727133,0.22051347137649838,0.5382607922941058,0.0012272441347601268,0.0011876690345940962,2.7728917286730677,21
2023-06-26,0.7835797596499511,0.8140681174727133,0.2164202403500489,0.5382607922941058,0.0012125698846804976,0.0011889592952839746,2.7209648795971164,21
2023-06-27,0.7827441973119754,0.8140681174727133,0.21725580268802458,0.5382607922941058,0.0012155653793722006,0.0011886959108740386,2.6338424163207055,21
2023-06-28,0.780164120605243,0.8140681174727133,0.21983587939475688,0.5382607922941058,0.001224814964946238,0.0011878826238814263,2.382521928823211,21
2023-06-29,0.7711573676114257,0.8140681174727133,0.22884263238857416,0.5382607922941058,0.0012571042009946079,0.0011850435319131804,2.6663484381598073,21
2023-06-30,0.7793249397341596,0.8140681174727133,0.2206750602658403,0.5382607922941058,0.0012278234315252843,0.0011876180988441977,2.7888371213151064,21
2023-07-01,0.7839913149319525,0.8140681174727133,0.2160086850680474,0.5382607922941058,0.001211094457116138,0.0011890890249763976,2.78879875525973,21
2023-07-02,0.7846444658631244,0.8140681174727133,0.21535553413687558,0.5382607922941058,0.0012087529079777349,0.0011892949100011138,2.7924977109427136,21
2023-07-03,0.7848245185741496,0.8140681174727133,0.21517548142585036,0.5382607922941058,0.001208107418152974,0.0011893516658826263,2.5153533195229496,21
2023-07-04,0.7768133123447489,0.8140681174727133,0.2231866876552509,0.5382607922941058,0.001236827624326478,0.0011868263883183959,2.633698334033458,21
2023-07-05,0.7791508573871015,0.8140681174727133,0.22084914261289845,0.5382607922941058,0.0012284475173766959,0.0011875632249297378,2.658988548507231,21
2023-07-06,0.7802872692598108,0.8140681174727133,0.21971273074018913,0.5382607922941058,0.0012243734765446672,0.0011879214425718383,2.4371515478767938,21
2023-07-07,0.7731958845243583,0.8140681174727133,0.22680411547564158,0.5382607922941058,0.0012497961132605432,0.0011856861094323612,2.671540012988359,21
2023-07-08,0.7797972557611239,0.8140681174727133,0.22020274423887595,0.5382607922941058,0.0012261301768094238,0.001187766981425917,2.776925020038346,21
2023-07-09,0.7837328890042141,0.8140681174727133,0.21626711099578594,0.5382607922941058,0.0012120209152504974,0.0011890075644349204,2.7703533355808774,21
2023-07-10,0.7841099256311214,0.8140681174727133,0.21589007436887847,0.5382607922941058,0.0012106692372120165,0.001189126413220928,2.749624570606589,21
2023-07-11,0.7836370327893716,0.8140681174727133,0.2163629672106283,0.5382607922941058,0.00121236456021629,0.0011889773488167222,2.7542344622444697,21
2023-07-12,0.783691987190517,0.8140681174727133,0.21630801280948292,0.5382607922941058,0.0012121675484386874,0.001188994671441093,2.7103863643940724,21
2023-07-13,0.7824658160823923,0.8140681174727133,0.2175341839176076,0.5382607922941058,0.0012165633772855105,0.0011886081600593374,1.7210782460936127,21
2023-07-14,0.7387463839174842,0.8140681174727133,0.2612536160825158,0.5382607922941058,0.001373297539750849,0.0011748270017661248,1.4253617357017476,21
2023-07-15,0.6970250518919167,0.8140681174727133,0.3029749481080834,0.5382607922941058,0.0015228681591033365,0.0011616756808917076,2.718431085718004,21
2023-07-16,0.7697760243077515,0.8140681174727133,0.23022397569224845,0.5382607922941058,0.0012620563193867654,0.001184608107439839,2.774348484371051,21
2023-07-17,0.7822527431626174,0.8140681174727133,0.21774725683738244,0.5382607922941058,0.0012173272446150002,0.0011885409956088856,2.7673473398004758,21
2023-07-18,0.7838202542925724,0.8140681174727133,0.21617974570742757,0.5382607922941058,0.0012117077102931433,0.0011890351035590257,2.652578205550885,21
2023-07-19,0.7808263948744648,0.8140681174727133,0.21917360512553513,0.5382607922941058,0.001222440709101419,0.0011880913847478356,2.788377140581177,21
2023-07-20,0.7841921636913424,0.8140681174727133,0.21580783630865744,0.5382607922941058,0.001210374413384807,0.0011891523361496925,2.7679683123657317,21
2023-07-21,0.7841111697721833,0.8140681174727133,0.21588883022781657,0.5382607922941058,0.0012106647769605508,0.0011891268053967653,2.7858562089697467,21
2023-07-22,0.784586095726458,0.8140681174727133,0.21541390427354185,0.5382607922941058,0.0012089621651937158,0.0011892765106749292,2.7296964795835525,21
2023-07-23,0.7831329769844747,0.8140681174727133,0.2168670230155251,0.5382607922941058,0.0012141716025372913,0.0011888184612810905,2.6836004025111375,21
2023-07-24,0.7816728800145264,0.8140681174727133,0.21832711998547338,0.5382607922941058,0.0012194060564374278,0.0011883582122231796,1.8082391900479866,21
2023-07-25,0.7436303452594715,0.8140681174727133,0.2563696547405285,0.5382607922941058,0.0013557885573922024,0.0011763665149990045,2.7605379229103613,21
2023-07-26,0.7677347876685326,0.7987964678034346,0.23226521233146735,0.4962407362753878,0.0011450054092659813,0.0007351553805422902,2.82710867815467,22
2023-07-27,0.7721590249545408,0.7987964678034346,0.2278409750454592,0.4962407362753878,0.0011304302528457677,0.0007342642695844629,2.805164590879997,22
2023-07-28,0.7721778035384497,0.7987964678034346,0.22782219646155039,0.4962407362753878,0.0011303683888915757,0.0007342604872823819,2.8384009789450975,22
2023-07-29,0.7729406731571836,0.7987964678034346,0.22705932684281646,0.4962407362753878,0.0011278551998336983,0.0007341068333455108,2.8508526404461088,22
2023-07-30,0.7733156593730615,0.7987964678034346,0.22668434062693854,0.4962407362753878,0.0011266198494610242,0.0007340313052252041,2.832356603278051,22
2023-07-31,0.7729441774936301,0.7987964678034346,0.22705582250636994,0.4962407362753878,0.0011278436551871694,0.0007341061275170468,2.845982669523143,22
2023-08-01,0.7732097703625604,0.7987964678034346,0.22679022963743967,0.4962407362753878,0.0011269686890275983,0.0007340526329369589,2.7573232929112135,22
2023-08-02,0.7711316023656639,0.7987964678034346,0.22886839763433614,0.4962407362753878,0.0011338149821450512,0.0007344712086494545,2.651498889022595,22
2023-08-03,0.7681626527119687,0.7987964678034346,0.2318373472880313,0.4962407362753878,0.001143595855658257,0.0007350692017946261,2.8466103963114398,22
2023-08-04,0.7726697855518813,0.7987964678034346,0.2273302144481188,0.4962407362753878,0.0011287476089072365,0.0007341613943687606,2.816997010849393,22
2023-08-05,0.7725149572548141,0.7987964678034346,0.22748504274518597,0.4962407362753878,0.0011292576735012394,0.0007341925792223702,2.8504676566179104,22
2023-08-06,0.7732604605875978,0.7987964678034346,0.22673953941240219,0.4962407362753878,0.0011268016957198328,0.0007340424231285635,2.851001782700177,22
2023-08-07,0.7733579608398524,0.7987964678034346,0.22664203916014758,0.4962407362753878,0.0011264804919838137,0.0007340227850446276,2.838717929160676,22
2023-08-08,0.7730844485900631,0.7987964678034346,0.22691555140993697,0.4962407362753878,0.0011273815476657977,0.0007340778747125481,2.367466410619315,22
2023-08-09,0.7596861740177525,0.7987964678034346,0.24031382598224763,0.4962407362753878,0.0011715206654161793,0.0007367764978910844,2.7765584782169257,22
2023-08-10,0.7699691076601067,0.7987964678034346,0.23003089233989327,0.4962407362753878,0.0011376446913870413,0.0007347053533626719,2.807561626172322,22
2023-08-11,0.7719734739469474,0.7987964678034346,0.22802652605305263,0.4962407362753878,0.001131041529982579,0.0007343016424750683,2.84727304932041,22
2023-08-12,0.7731269596725416,0.7987964678034346,0.22687304032745836,0.4962407362753878,0.001127241499633817,0.0007340693123120761,2.851775357927494,22
2023-08-13,0.7733591669986082,0.7987964678034346,0.22664083300139193,0.4962407362753878,0.001126476518427951,0.0007340225421052883,2.8203501885139333,22
2023-08-14,0.7726738088629235,0.7987964678034346,0.22732619113707647,0.4962407362753878,0.001128734354556732,0.0007341605840106524,2.8366060660054178,22
2023-08-15,0.7729565883305712,0.7987964678034346,0.22704341166942868,0.4962407362753878,0.0011278027690656955,0.000734103627779334,2.755131030059787,22
2023-08-16,0.7710729351608463,0.7987964678034346,0.2289270648391537,0.4962407362753878,0.0011340082547152157,0.0007344830251470107,2.581469573082928,22
2023-08-17,0.7661978002480551,0.7987964678034346,0.23380219975194486,0.4962407362753878,0.0011500688425713594,0.0007354649539769616,-0.3546494811297498,22
2023-08-18,0.5068638414063538,0.7987964678034346,0.4931361585936461,0.4962407362753878,0.0020044128460252907,0.000787698891155569,2.0472570751080577,22
2023-08-19,0.6849127872917029,0.7987964678034346,0.315087212708297,0.4962407362753878,0.0014178529614105703,0.0007518370337434839,2.77588294014947,22
2023-08-20,0.7606908916244729,0.7987964678034346,0.23930910837552727,0.4962407362753878,0.001168210736086001,0.0007365741319665212,2.8344366973040014,22
2023-08-21,0.7715141677852208,0.7987964678034346,0.22848583221477922,0.4962407362753878,0.0011325546629850454,0.0007343941539583485,2.842868216327104,22
2023-08-22,0.7729745038469727,0.7987964678034346,0.2270254961530273,0.4962407362753878,0.0011277437483901685,0.0007341000193126203,2.8008654252032215,22
2023-08-23,0.7721740535064786,0.7987964678034346,0.22782594649352153,0.4962407362753878,0.0011303807429544406,0.0007342612425977879,2.4894484319669035,22
2023-08-24,0.7635440746752319,0.7987964678034346,0.23645592532476817,0.4962407362753878,0.0011588112444780494,0.0007359994560355398,2.639289057252582,22
2023-08-25,0.7667836541283032,0.7987964678034346,0.23321634587169687,0.4962407362753878,0.0011481388124520066,0.0007353469537932857,2.827489959300933,22
2023-08-26,0.7720684408343557,0.7987964678034346,0.2279315591656444,0.4962407362753878,0.001130728672145185,0.000734282514650648,2.8459801001326226,22
2023-08-27,0.7731088166186414,0.7987964678034346,0.22689118338135864,0.4962407362753878,0.0011273012699065427,0.0007340729666084199,2.844861039496475,22
2023-08-28,0.7731969029481939,0.7987964678034346,0.22680309705180612,0.4962407362753878,0.0011270110792928648,0.0007340552246365445,2.8518558881316007,22
2023-08-29,0.773368841090018,0.7987964678034346,0.22663115890998203,0.4962407362753878,0.001126444648209815,0.000734020593591159,0.13962691151469642,22
2023-08-30,0.5546609103885283,0.7987964678034346,0.44533908961147173,0.4962407362753878,0.0018469516593898597,0.0007780718098828831,2.4452694798937196,22
2023-08-31,0.7259251375575323,0.7987964678034346,0.2740748624424678,0.4962407362753878,0.0012827425612092658,0.0007435765015058222,0.5493366442959832,22
2023-09-01,0.5842718841114432,0.7987964678034346,0.41572811588855685,0.4962407362753878,0.001749402089852044,0.0007721076941606369,2.640446354684619,22
2023-09-02,0.7415725148350762,0.7987964678034346,0.25842748516492386,0.4962407362753878,0.001231194067464016,0.0007404248736766874,2.8220974815230346,22
2023-09-03,0.7689589404209455,0.7987964678034346,0.23104105957905458,0.4962407362753878,0.0011409725746795612,0.0007349088169289011,2.8379322872816295,22
2023-09-04,0.7725572793205184,0.7987964678034346,0.22744272067948168,0.4962407362753878,0.00112911824816595,0.0007341840548928488,2.792158018193436,22
2023-09-05,0.771917992777727,0.7987964678034346,0.22808200722227304,0.4962407362753878,0.0011312243065172217,0.0007343128172549567,2.8486005972925974,22
2023-09-06,0.7731503212641463,0.7987964678034346,0.2268496787358538,0.4962407362753878,0.0011271645374691282,0.0007340646069201802,2.8480574655930404,22
2023-09-07,0.773279967453747,0.7987964678034346,0.226720032546253,0.4962407362753878,0.001126737432519131,0.0007340384941389875,2.511802615912212,22
2023-09-08,0.7644056703503472,0.7987964678034346,0.23559432964965277,0.4962407362753878,0.001155972814014918,0.0007358259171185065,2.6592568102780056,22
2023-09-09,0.7674605068465684,0.7987964678034346,0.2325394931534315,0.4962407362753878,0.0011459089967983524,0.000735210625012732,2.8458358018574255,22
2023-09-10,0.7725739225057363,0.7987964678034346,0.22742607749426372,0.4962407362753878,0.0011290634190444886,0.000734180702693642,2.839449752735,22
2023-09-11,0.7730194641319488,0.7987964678034346,0.22698053586805134,0.4962407362753878,0.001127595631733424,0.0007340909636042532,1.9416536883346769,22
2023-09-12,0.7420579390154864,0.7987964678034346,0.25794206098451367,0.4962407362753878,0.0012295948927362002,0.0007403271016137545,1.9529568334480452,22
2023-09-13,0.7347099613759474,0.7987964678034346,0.26529003862405265,0.4962407362753878,0.0012538019669259294,0.0007418070998528117,2.608176400523752,22
2023-09-14,0.761737047035021,0.7987964678034346,0.238262952964979,0.4962407362753878,0.0011647642944773457,0.0007363634198166827,2.676010420210593,22
2023-09-15,0.7675244973318303,0.7987964678034346,0.2324755026681699,0.4962407362753878,0.001145698187292573,0.0007351977363227891,2.830819486154083,22
2023-09-16,0.7722226640262286,0.7987964678034346,0.2277773359737713,0.4962407362753878,0.0011302206010084933,0.0007342514516747395,2.819709625182391,22
2023-09-17,0.7725252098337857,0.7987964678034346,0.22747479016621436,0.4962407362753878,0.0011292238975208768,0.0007341905141917497,2.8424972276105605,22
2023-09-18,0.7730828869584937,0.7987964678034346,0.22691711304150636,0.4962407362753878,0.0011273866922872728,0.0007340781892497018,2.750378961110272,22
2023-09-19,0.7709442999880949,0.7987964678034346,0.2290557000119052,0.4962407362753878,0.001134432028959637,0.0007345089342935124,2.543438610933207,22
2023-09-20,0.7650060756936652,0.7987964678034346,0.23499392430633495,0.4962407362753878,0.0011539948458140522,0.0007357049860413556,2.8287549933128533,22
2023-09-21,0.7718902161631374,0.7987964678034346,0.22810978383686267,0.4962407362753878,0.0011313158134812046,0.0007343184119019054,2.297700193238581,22
2023-09-22,0.7570757653793982,0.7987964678034346,0.2429242346206017,0.4962407362753878,0.001180120363155523,0.0007373022752379282,2.8387145265625144,22
2023-09-23,0.7712020182546767,0.7987964678034346,0.22879798174532323,0.4962407362753878,0.001133583004843356,0.0007344570257821605,2.8492906120676365,22
2023-09-24,0.7730832688572858,0.7987964678034346,0.22691673114271416,0.4962407362753878,0.001127385434164188,0.00073407811232928,2.688536709712249,22
2023-09-25,0.7694074087842712,0.7987964678034346,0.23059259121572884,0.4962407362753878,0.0011394951456902274,0.0007348184883486365,2.8483666634071922,22
2023-09-26,0.7728557208016286,0.7987964678034346,0.22714427919837155,0.4962407362753878,0.00112813506591692,0.0007341239440857434,2.8293266807098307,22
2023-09-27,0.7728212585804937,0.7987964678034346,0.22717874141950636,0.4962407362753878,0.0011282485978698713,0.0007341308853189774,2.8247716366752416,22
2023-09-28,0.7726992546844328,0.7987964678034346,0.22730074531556735,0.4962407362753878,0.0011286505261294156,0.0007341554588220806,2.093887210203508,22
2023-09-29,0.7489333562015063,0.7987964678034346,0.25106664379849386,0.4962407362753878,0.001206944611090951,0.0007389422844807599,2.7995125819432887,22
2023-09-30,0.7692540562596956,0.7987964678034346,0.2307459437403045,0.4962407362753878,0.001140000348475411,0.0007348493759584607,2.8448694313867646,22
2023-10-01,0.7727540237137526,0.7987964678034346,0.22724597628624738,0.4962407362753878,0.0011284700956569142,0.000734144427478366,1.5055209152698368,22
2023-10-02,0.7155382568620363,0.7987964678034346,0.2844617431379637,0.4962407362753878,0.0013169609400092053,0.0007456685826052411,2.558006353420635,22
2023-10-03,0.757255863273994,0.7987964678034346,0.24274413672600614,0.4962407362753878,0.001179527050910112,0.0007372660006900274,2.8051718652517748,22
2023-10-04,0.7703978677712627,0.7987964678034346,0.22960213222873732,0.4962407362753878,0.001136232189000919,0.0007346189943342946,2.6681168455342323,22
2023-10-05,0.7684705962969909,0.7987964678034346,0.23152940370300917,0.4962407362753878,0.001142581369894964,0.0007350071771143782,2.6086372025045885,22
2023-10-06,0.7666027741565239,0.7987964678034346,0.23339722584347614,0.4962407362753878,0.001148734701302508,0.0007353833858638289,2.4635054432486747,22
2023-10-07,0.7618286443603746,0.7987964678034346,0.23817135563962552,0.4962407362753878,0.0011644625373630777,0.0007363449706750446,2.8424964151425676,22
2023-10-08,0.7718431675982075,0.7987964678034346,0.2281568324017925,0.4962407362753878,0.0011314708097396084,0.0007343278882226921,2.845949228810598,22
2023-10-09,0.7730821609392429,0.7987964678034346,0.22691783906075713,0.4962407362753878,0.0011273890840769257,0.0007340783354813951,2.644526364376594,22
2023-10-10,0.7682407556352089,0.7987964678034346,0.23175924436479117,0.4962407362753878,0.0011433385542974615,0.0007350534706377649,2.7898439281285183,22
2023-10-11,0.7713411109261115,0.7987964678034346,0.22865888907388854,0.4962407362753878,0.0011331247795317034,0.0007344290103309864,2.2524467678395053,22
2023-10-12,0.7552745756900161,0.7987964678034346,0.24472542430998384,0.4962407362753878,0.0011860541797353598,0.0007376650631639759,2.818762639518181,22
2023-10-13,0.7705019218145422,0.7987964678034346,0.22949807818545798,0.4962407362753878,0.0011358893945534927,0.0007345980362137921,2.838165254958425,22
2023-10-14,0.7727413190583976,0.7987964678034346,0.22725868094160223,0.4962407362753878,0.0011285119497302526,0.0007341469863957273,2.8514909510898536,22
2023-10-15,0.7733083529315155,0.7987964678034346,0.22669164706848455,0.4962407362753878,0.0011266439197199975,0.0007340327768574206,2.7484563753995834,22
2023-10-16,0.7709248734207537,0.7987964678034346,0.22907512657924634,0.4962407362753878,0.0011344960276211665,0.0007345128471096455,0.576352625967879,22
2023-10-17,0.6175470728919831,0.7987964678034346,0.38245292710801704,0.4962407362753878,0.0016397811470922792,0.0007654055479082444,2.706520606631841,22
2023-10-18,0.749292148023491,0.7987964678034346,0.250707851976509,0.4962407362753878,0.0012057626120465204,0.0007388700181660302,2.809314397749311,22
2023-10-19,0.7695511454904962,0.7987964678034346,0.23044885450950392,0.4962407362753878,0.0011390216211441884,0.0007347895375158311,2.6750235848082355,22
2023-10-20,0.768542808482218,0.7987964678034346,0.23145719151778205,0.4962407362753878,0.0011423434749110925,0.000734992632444781,1.5513842170313799,22
2023-10-21,0.7172990441646752,0.7987964678034346,0.28270095583532484,0.4962407362753878,0.001311160230222122,0.0007453139323551863,2.754477171313691,22
2023-10-22,0.7640546838285383,0.7987964678034346,0.23594531617146175,0.4962407362753878,0.0011571290998119445,0.0007358966113230472,2.8422412154517054,22
2023-10-23,0.7720930566536103,0.7987964678034346,0.22790694334638972,0.4962407362753878,0.0011306475780691416,0.0007342775566375815,-0.7853969094889008,22
2023-10-24,0.503855649001558,0.7987964678034346,0.496144350998442,0.4962407362753878,0.0020143229358995317,0.0007883047884078806,1.9311906364066826,22
2023-10-25,0.602676038684807,0.7699264666024952,0.3973239613151929,0.5461603033294895,0.0014515198244940593,0.000966190211815422,2.4205587095470014,23
2023-10-26,0.694552528812276,0.7699264666024952,0.305447471187724,0.5461603033294895,0.0011840738044954769,0.0009186151901308362,2.7644553762438107,23
2023-10-27,0.7277549870829613,0.7699264666024952,0.27224501291703856,0.5461603033294895,0.0010874226632298387,0.0009014224603038926,2.8078032069460486,23
2023-10-28,0.7338681293767779,0.7699264666024952,0.266131870623222,0.5461603033294895,0.0010696274652273337,0.0008982569837300077,2.902515336010169,23
2023-10-29,0.7374953646449536,0.7699264666024952,0.2625046353550464,0.5461603033294895,0.0010590686683585452,0.0008963787470200602,2.67388478893007,23
2023-10-30,0.7306107074406982,0.7699264666024952,0.2693892925593017,0.5461603033294895,0.0010791097381390145,0.0008999437255616757,2.9232042177110884,23
2023-10-31,0.737735387457416,0.7699264666024952,0.262264612542584,0.5461603033294895,0.0010583699673270242,0.0008962544596153948,2.926660311255092,23
2023-11-01,0.7386711765730622,0.7699264666024952,0.26132882342693775,0.5461603033294895,0.0010556459058743066,0.0008957698940055495,2.22963075355247,23
2023-11-02,0.7116473853735525,0.7699264666024952,0.2883526146264474,0.5461603033294895,0.0011343113763179976,0.0009097632175481955,2.5204651626794266,23
2023-11-03,0.7205279071404288,0.7699264666024952,0.2794720928595711,0.5461603033294895,0.001108460478864746,0.0009051647504643591,2.877710951452088,23
2023-11-04,0.7351225489346096,0.7699264666024952,0.2648774510653905,0.5461603033294895,0.0010659758800873511,0.0008976074265083224,2.78193917629911,23
2023-11-05,0.7339306089843355,0.7699264666024952,0.26606939101566446,0.5461603033294895,0.0010694455886135355,0.0008982246308540949,2.9402560872926617,23
2023-11-06,0.7386111631108027,0.7699264666024952,0.2613888368891974,0.5461603033294895,0.0010558206037518945,0.0008958009698745168,2.9280761533712156,23
2023-11-07,0.7388502083206572,0.7699264666024952,0.26114979167934277,0.5461603033294895,0.0010551247483566973,0.0008956771886871133,2.7718572263233776,23
2023-11-08,0.734122840749431,0.7699264666024952,0.26587715925056904,0.5461603033294895,0.0010688860066205143,0.0008981250903690352,2.7907788772416717,23
2023-11-09,0.7340791899694483,0.7699264666024952,0.26592081003055157,0.5461603033294895,0.0010690130729811738,0.0008981476933962223,2.132550628273535,23
2023-11-10,0.705255066924976,0.7699264666024952,0.2947449330750239,0.5461603033294895,0.0011529191721853065,0.0009130732557133875,2.4402957513499497,23
2023-11-11,0.7153709715143409,0.7699264666024952,0.284629028485659,0.5461603033294895,0.0011234721485916194,0.0009078350889143451,2.7346942772118137,23
2023-11-12,0.7296465281589887,0.7699264666024952,0.27035347184101133,0.5461603033294895,0.0010819164385632188,0.0009004429920244186,2.9345120093092487,23
2023-11-13,0.7379222557215248,0.7699264666024952,0.26207774427847513,0.5461603033294895,0.0010578259979739204,0.0008961576964314204,2.6182738284160534,23
2023-11-14,0.7288537627258155,0.7699264666024952,0.2711462372741844,0.5461603033294895,0.0010842241574280623,0.0009008534978308732,1.8774641349589503,23
2023-11-15,0.687959047022426,0.7699264666024952,0.31204095297757395,0.5461603033294895,0.0012032671183973241,0.0009220293936849101,0.2512035016134071,23
2023-11-16,0.4617082258228864,0.7699264666024952,0.5382917741771135,0.5461603033294895,0.0018618584414286064,0.0010391854551516648,1.0946174540579958,23
2023-11-17,0.484372282971112,0.7699264666024952,0.5156277170288881,0.5461603033294895,0.001795887094283336,0.0010274496671520191,2.558215912025888,23
2023-11-18,0.6823625150130161,0.7699264666024952,0.31763748498698363,0.5461603033294895,0.0012195583403087297,0.0009249273617215289,2.8948933788910107,23
2023-11-19,0.730809104692901,0.7699264666024952,0.26919089530709905,0.5461603033294895,0.0010785322089158595,0.0008998409924951141,2.1846579515255136,23
2023-11-20,0.7074186438375714,0.7699264666024952,0.2925813561624286,0.5461603033294895,0.0011466210845391667,0.0009119529232062336,2.9153717876283096,23
2023-11-21,0.734621416908143,0.7699264666024952,0.26537858309185697,0.5461603033294895,0.0010674346634557711,0.0008978669201719668,0.8797540039408042,23
2023-11-22,0.5826112915719066,0.7699264666024952,0.4173887084280935,0.5461603033294895,0.0015099262940712983,0.0009765800381754364,1.3395426332011788,23
2023-11-23,0.5709337964488903,0.7699264666024952,0.42906620355110964,0.5461603033294895,0.001543918213610395,0.0009826268199248083,2.775778277798882,23
2023-11-24,0.7105202874649319,0.7699264666024952,0.28947971253506816,0.5461603033294895,0.0011375923170512108,0.0009103468457143226,2.766314012986864,23
2023-11-25,0.729953394030676,0.7699264666024952,0.27004660596932395,0.5461603033294895,0.001081023160169428,0.0009002840922832602,2.934088689496495,23
2023-11-26,0.7379463955625873,0.7699264666024952,0.26205360443741266,0.5461603033294895,0.0010577557274330952,0.0008961451964604223,2.813858098883792,23
2023-11-27,0.73543509989161,0.7699264666024952,0.26456490010838996,0.5461603033294895,0.0010650660516430515,0.0008974455829449014,2.854062324229383,23
2023-11-28,0.7363236334653813,0.7699264666024952,0.2636763665346187,0.5461603033294895,0.0010624795511366143,0.000896985486961903,2.591807216361514,23
2023-11-29,0.7274058537007494,0.7699264666024952,0.2725941462992506,0.5461603033294895,0.001088438980807434,0.0009016032467946099,2.9347483286674283,23
2023-11-30,0.7376652901476435,0.7699264666024952,0.26233470985235646,0.5461603033294895,0.0010585740190290646,0.000896290757051527,2.9148952508327057,23
2023-12-01,0.7383688249583631,0.7699264666024952,0.2616311750416369,0.5461603033294895,0.0010565260447998974,0.0008959264561968754,2.0194615741293376,23
2023-12-02,0.6995833697257299,0.7699264666024952,0.30041663027427007,0.5461603033294895,0.0011694292486586317,0.0009160101454102857,2.3997523802310585,23
2023-12-03,0.7122501676161268,0.7699264666024952,0.2877498323838731,0.5461603033294895,0.0011325566990065402,0.0009094510878812723,2.6963207619226064,23
2023-12-04,0.7276129995464098,0.7699264666024952,0.2723870004535902,0.5461603033294895,0.0010878359850125794,0.0009014959835754175,0.5977821779601755,23
2023-12-05,0.529766362108824,0.7699264666024952,0.470233637891176,0.5461603033294895,0.0016637515587986595,0.0010039439335706405,0.907293112802867,23
2023-12-06,0.4788210928632763,0.7699264666024952,0.5211789071367239,0.5461603033294895,0.0018120457222187743,0.0010303241564733803,2.609290286892208,23
2023-12-07,0.685488887011999,0.7699264666024952,0.314511112988001,0.5461603033294895,0.001210457631452117,0.0009233084795086874,2.704047436336066,23
2023-12-08,0.7240696237532984,0.7699264666024952,0.2759303762467016,0.5461603033294895,0.001098150650215862,0.0009033307965940693,2.3201281156304012,23
2023-12-09,0.7131261993924731,0.7699264666024952,0.28687380060752665,0.5461603033294895,0.0011300066018356451,0.000908997465516092,2.727896031687786,23
2023-12-10,0.7290744581209754,0.7699264666024952,0.27092554187902457,0.5461603033294895,0.0010835817190993388,0.0009007392184521567,2.934964092859458,23
2023-12-11,0.7378769858505249,0.7699264666024952,0.26212301414947503,0.5461603033294895,0.0010579577775614365,0.0008961811378481689,0.0738382931115178,23
2023-12-12,0.46468436061924556,0.7699264666024952,0.5353156393807542,0.5461603033294895,0.001853195417661749,0.0010376443680109107,2.640444468873972,23
2023-12-13,0.685209113097281,0.7699264666024952,0.31479088690271884,0.5461603033294895,0.0012112720392103622,0.000923453350629047,1.4041758663788773,23
2023-12-14,0.6255556249182779,0.7699264666024952,0.37444437508172207,0.5461603033294895,0.0013849193766596257,0.0009543428196296566,2.840256854666979,23
2023-12-15,0.7212213589275933,0.7699264666024952,0.27877864107240674,0.5461603033294895,0.0011064418624683171,0.0009048056707502149,1.9864838395180855,23
2023-12-16,0.6933410234616038,0.7699264666024952,0.30665897653839624,0.5461603033294895,0.0011876004410674335,0.0009192425257337664,2.8734235537668735,23
2023-12-17,0.7314342637967121,0.7699264666024952,0.2685657362032878,0.5461603033294895,0.0010767123869427596,0.0008995172757545326,2.381905080135104,23
2023-12-18,0.7179515492579162,0.7699264666024952,0.28204845074208373,0.5461603033294895,0.0011159601735725873,0.0009064988271357442,1.8243430665110838,23
2023-12-19,0.6798181172462254,0.7699264666024952,0.32018188275377446,0.5461603033294895,0.001226964948096673,0.0009262448889666528,2.763005195419151,23
2023-12-20,0.7256045006178888,0.7699264666024952,0.27439549938211116,0.5461603033294895,0.0010936826685560151,0.0009025360143813971,1.6564100706274705,23
2023-12-21,0.6683706817843602,0.7699264666024952,0.3316293182156397,0.5461603033294895,0.001260287786403013,0.0009321725423802249,2.8410110849299794,23
2023-12-22,0.7269709057051371,0.7699264666024952,0.27302909429486283,0.5461603033294895,0.001089705102249486,0.0009018284693765152,2.925613042210612,23
2023-12-23,0.7373322705342447,0.7699264666024952,0.26266772946575534,0.5461603033294895,0.0010595434316445303,0.0008964631995915813,2.883165939058608,23
2023-12-24,0.7374239318601551,0.7699264666024952,0.2625760681398448,0.5461603033294895,0.0010592766075893172,0.0008964157359851485,2.5450452852029932,23
2023-12-25,0.7259972054347854,0.7699264666024952,0.2740027945652146,0.5461603033294895,0.001092539516117121,0.0009023326659496757,2.7370934710257875,23
2023-12-26,0.7311270178496552,0.7699264666024952,0.26887298215034483,0.5461603033294895,0.001077606771969811,0.0008996763723044059,1.8851213949950316,23
2023-12-27,0.6891921464398036,0.7699264666024952,0.3108078535601962,0.5461603033294895,0.0011996776260382847,0.0009213908763510457,2.250341312637553,23
2023-12-28,0.7017234828979245,0.7699264666024952,0.29827651710207553,0.5461603033294895,0.0011631994695644183,0.0009149019627790885,2.404846889499257,23
2023-12-29,0.7132624698987726,0.7699264666024952,0.2867375301012273,0.5461603033294895,0.0011296099232283433,0.0009089269026083978,2.509097920715916,23
2023-12-30,0.7203110833768187,0.7699264666024952,0.2796889166231811,0.5461603033294895,0.0011090916459851742,0.0009052770250543131,2.9027021601467435,23
2023-12-31,0.7358138380843771,0.7699264666024952,0.264186161915623,0.5461603033294895,0.0010639635536504983,0.00089724946664019,2.941739446701525,23
2024-01-01,0.7388797808465329,0.7699264666024952,0.26112021915346695,0.5461603033294895,0.0010550386633763624,0.0008956618755906089,0.8365700213307372,23
2024-01-02,0.5766192107690704,0.7699264666024952,0.42338078923092937,0.5461603033294895,0.0015273685993812288,0.000979682827297389,2.2982073543969923,23
2024-01-03,0.6802789360755428,0.7699264666024952,0.3197210639244573,0.5461603033294895,0.001225623529031011,0.0009260062700798515,0.5476138843461098,23
2024-01-04,0.4941792195192786,0.7699264666024952,0.5058207804807214,0.5461603033294895,0.0017673406276743514,0.0010223714886289706,1.566745852649155,23
2024-01-05,0.5708526477874076,0.7699264666024952,0.42914735221259226,0.5461603033294895,0.0015441544282912886,0.0009826688399162593,2.7764285998518723,23
2024-01-06,0.7105421022859628,0.7699264666024952,0.2894578977140371,0.5461603033294895,0.0011375288149125995,0.0009103355496734947,2.866332654736988,23
2024-01-07,0.7334784574222698,0.7699264666024952,0.2665215425777302,0.5461603033294895,0.0010707617907360371,0.0008984587617001923,2.930843632408715,23
2024-01-08,0.7383007091928045,0.7699264666024952,0.2616992908071954,0.5461603033294895,0.0010567243282941937,0.0008959617275597562,-0.09878285016339627,23
2024-01-09,0.45601414142576385,0.7699264666024952,0.5439858585742361,0.5461603033294895,0.0018784329423977085,0.0010421339372746882,2.1915131175783653,23
2024-01-10,0.6431797821551298,0.7699264666024952,0.3568202178448701,0.5461603033294895,0.001333616825469987,0.0009452167672352684,2.5346895175664326,23
2024-01-11,0.7089581249839887,0.7699264666024952,0.29104187501601125,0.5461603033294895,0.001142139713694229,0.0009111557568275202,2.763015249484019,23
2024-01-12,0.7297433351483646,0.7699264666024952,0.2702566648516353,0.5461603033294895,0.0010816346359964204,0.0009003928639164292,-0.3844037472648907,23
2024-01-13,0.4539656999561737,0.7699264666024952,0.5460343000438264,0.5461603033294895,0.0018843955991727497,0.0010431946509262453,2.6667545464395266,23
2024-01-14,0.6854392806825075,0.7699264666024952,0.3145607193174925,0.5461603033294895,0.001210602032978947,0.0009233341664085458,2.1191742857195064,23
2024-01-15,0.6929449822103751,0.7699264666024952,0.3070550177896249,0.5461603033294895,0.0011887532988348367,0.0009194476018211208,2.5962908174754324,23
2024-01-16,0.7204590178882773,0.7699264666024952,0.2795409821117228,0.5461603033294895,0.0011086610133023813,0.0009052004223501747,2.6234731967235687,23
2024-01-17,0.7260640948026255,0.7699264666024952,0.27393590519737443,0.5461603033294895,0.001092344803080943,0.0009022980296338885,2.714800417796353,23
2024-01-18,0.7305009048836678,0.7699264666024952,0.2694990951163323,0.5461603033294895,0.0010794293705076994,0.0009000005829690986,1.321543341442418,23
2024-01-19,0.6380928941086828,0.7699264666024952,0.36190710589131725,0.5461603033294895,0.0013484243780962153,0.0009478508340001286,2.771541586693785,23
2024-01-20,0.7198862276049901,0.7699264666024952,0.28011377239501,0.5461603033294895,0.0011103283876309628,0.0009054970217316956,2.9275878800955395,23
2024-01-21,0.73653407659368,0.7699264666024952,0.26346592340632,0.5461603033294895,0.0010618669560371295,0.0008968765163604106,2.9188742482920604,23
2024-01-22,0.7383408943348808,0.7699264666024952,0.2616591056651191,0.5461603033294895,0.001056607350230395,0.0008959409190917462,0.43427628440253696,23
2024-01-23,0.512803998914615,0.7699264666024952,0.48719600108538486,0.5461603033294895,0.001713126650359593,0.0010127272991048125,2.7164434756672433,23
2024-01-24,0.6931746973391862,0.7649848008416633,0.3068253026608138,0.5446550012656961,0.0011650047194284158,0.0010909259100622263,2.8320598391154865,24
2024-01-25,0.7257643025012561,0.7649848008416633,0.27423569749874394,0.5446550012656961,0.0010710302010118644,0.0011187598519821142,2.8999478770386284,24
2024-01-26,0.7319789312565925,0.7649848008416633,0.2680210687434075,0.5446550012656961,0.0010531096869618288,0.0011240676062482208,0.5472651717751071,24
2024-01-27,0.5249063413326073,0.7649848008416633,0.47509365866739256,0.5446550012656961,0.001650194220384728,0.00094721224354953,2.7296500409495024,24
2024-01-28,0.6972701238030968,0.7649848008416633,0.3027298761969033,0.5446550012656961,0.001153195341756606,0.0010944237082640385,2.896369570994581,24
2024-01-29,0.728355448110471,0.7649848008416633,0.271644551889529,0.5446550012656961,0.001063558375974285,0.0011209728826719369,1.8135700650463793,24
2024-01-30,0.6794180809437589,0.7649848008416633,0.320581919056241,0.5446550012656961,0.0012046724674101511,0.0010791767385131903,2.8256783354308928,24
2024-01-31,0.7235521304414031,0.7649848008416633,0.27644786955859685,0.5446550012656961,0.0010774092105286517,0.0011168704928344799,2.8017260328756173,24
2024-02-01,0.7285889953969801,0.7649848008416633,0.27141100460302,0.5446550012656961,0.0010628849187577227,0.001121172349390724,2.836845402666393,24
2024-02-02,0.7305495208570296,0.7649848008416633,0.2694504791429704,0.5446550012656961,0.0010572315422108685,0.0011228467836625138,2.9560684577844283,24
2024-02-03,0.734232046093692,0.7649848008416633,0.26576795390630803,0.5446550012656961,0.0010466125872681052,0.001125991933566787,2.917796171587089,24
2024-02-04,0.7335358744417997,0.7649848008416633,0.26646412555820037,0.5446550012656961,0.0010486200741184073,0.001125397351299568,2.7746383160044776,24
2024-02-05,0.7290544246612406,0.7649848008416633,0.2709455753387595,0.5446550012656961,0.0010615428061734884,0.0011215698605310037,2.9597848404696365,24
2024-02-06,0.7341435633561039,0.7649848008416633,0.2658564366438962,0.5446550012656961,0.0010468677369269708,0.0011259163627408537,2.8050122264055686,24
2024-02-07,0.7302987841887623,0.7649848008416633,0.2697012158112377,0.5446550012656961,0.0010579545674619013,0.0011226326359357456,2.006156597823754,24
2024-02-08,0.6932919303243319,0.7649848008416633,0.3067080696756681,0.5446550012656961,0.0011646666722882368,0.0010910260357336915,2.1470724014478004,24
2024-02-09,0.6929167440332346,0.7649848008416633,0.3070832559667654,0.5446550012656961,0.0011657485405380816,0.0010907055987911876,1.0546195931678746,24
2024-02-10,0.5811558603882365,0.7649848008416633,0.4188441396117633,0.5446550012656961,0.0014880074413111365,0.0009952535081991006,2.6235504184665364,24
2024-02-11,0.6998719350255134,0.7649848008416633,0.3001280649744867,0.5446550012656961,0.0011456928695032372,0.001096645848179239,2.852726224366935,24
2024-02-12,0.727342475721114,0.7649848008416633,0.27265752427888623,0.5446550012656961,0.0010664793833680215,0.001120107729058949,1.2535149192746766,24
2024-02-13,0.6255979065841627,0.7649848008416633,0.3744020934158374,0.5446550012656961,0.00135986241786319,0.001033210314563177,2.753086669615319,24
2024-02-14,0.7130761992760664,0.7649848008416633,0.28692380072393364,0.5446550012656961,0.0011076174621051922,0.001107923269995705,0.7927547652860877,24
2024-02-15,0.552598622850118,0.7649848008416633,0.447401377149882,0.5446550012656961,0.0015703483910843388,0.0009708635075508709,2.7934605768189864,24
2024-02-16,0.7048567149613029,0.7649848008416633,0.29514328503869725,0.5446550012656961,0.0011313189423681855,0.001100903220262337,2.9257472402874827,24
2024-02-17,0.7302993905500034,0.7649848008416633,0.26970060944999674,0.5446550012656961,0.0010579528189563327,0.0011226331538132554,2.7789483466719704,24
2024-02-18,0.7287518962323748,0.7649848008416633,0.2712481037676252,0.5446550012656961,0.0010624151776794913,0.0011213114787962052,2.8621382232437718,24
2024-02-19,0.7313379767688197,0.7649848008416633,0.26866202323118027,0.5446550012656961,0.001054957947018954,0.0011235201835379043,2.8598236463983264,24
2024-02-20,0.7314555982583867,0.7649848008416633,0.26854440174161337,0.5446550012656961,0.0010546187730582537,0.0011236206410209838,2.8500935645221084,24
2024-02-21,0.7313218791313295,0.7649848008416633,0.2686781208686705,0.5446550012656961,0.0010550043662515356,0.0011235064349605674,2.723805145622309,24
2024-02-22,0.7270388037837805,0.7649848008416633,0.27296119621621967,0.5446550012656961,0.0010673550515383546,0.0011198483706830373,2.793617001404898,24
2024-02-23,0.7287911408164665,0.7649848008416633,0.2712088591835335,0.5446550012656961,0.00106230201193578,0.001121344996584127,2.758157029642033,24
2024-02-24,0.7278506396485057,0.7649848008416633,0.27214936035149434,0.5446550012656961,0.0010650140419478712,0.0011205417387737174,2.6427334218094773,24
2024-02-25,0.7239179003830312,0.7649848008416633,0.27608209961696883,0.5446550012656961,0.00107635447844377,0.0011171828875155658,2.9495843934362105,24
2024-02-26,0.7332735172842689,0.7649848008416633,0.26672648271573113,0.5446550012656961,0.0010493766093991668,0.0011251732788123848,0.3245200936729331,24
2024-02-27,0.4901400835542687,0.7649848008416633,0.5098599164457313,0.5446550012656961,0.0017504350336627803,0.0009175192787234205,1.1173564618610095,24
2024-02-28,0.4962581594976093,0.7649848008416633,0.5037418405023906,0.5446550012656961,0.001732795042977659,0.0009227445697210116,-0.010043997137029304,24
2024-02-29,0.4553474735331647,0.7649848008416633,0.5446525264668353,0.5446550012656961,0.001850750062453472,0.0008878038071258748,2.255786805679408,24
2024-03-01,0.6456973401135259,0.7649848008416633,0.3543026598864742,0.5446550012656961,0.001301906390734643,0.0010503767227690078,2.455046857981482,24
2024-03-02,0.7014134694477772,0.7649848008416633,0.29858653055222284,0.5446550012656961,0.0011412477617056681,0.001097962433003247,2.807858345470547,24
2024-03-03,0.7258294547712105,0.7649848008416633,0.2741705452287897,0.5446550012656961,0.0010708423281076526,0.0011188154968568786,2.6566809064379884,24
2024-03-04,0.7241188447159631,0.7649848008416633,0.275881155284037,0.5446550012656961,0.001075775036446271,0.0011173545088918955,-0.27389850874947674,24
2024-03-05,0.45554948181964666,0.7649848008416633,0.5444505181803534,0.5446550012656961,0.0018501676315946611,0.0008879763371975131,0.722343105059126,24
2024-03-06,0.4564127703415792,0.7649848008416633,0.5435872296584208,0.5446550012656961,0.0018476785950333283,0.0008887136496767555,1.6206735920701345,24
2024-03-07,0.5654210707906864,0.7649848008416633,0.4345789292093136,0.5446550012656961,0.00153337673590835,0.0009818148298965605,2.5556221763008513,24
2024-03-08,0.6931438139013887,0.7649848008416633,0.30685618609861137,0.5446550012656961,0.001165093773353147,0.0010908995333138837,2.45583401672094,24
2024-03-09,0.710149870562597,0.7649848008416633,0.28985012943740296,0.5446550012656961,0.001116055754881096,0.0011054239680543608,2.9418967360989092,24
2024-03-10,0.7314124327554474,0.7649848008416633,0.2685875672445526,0.5446550012656961,0.0010547432453373176,0.0011235837744773183,2.9336175852437023,24
2024-03-11,0.7337253351647567,0.7649848008416633,0.26627466483524354,0.5446550012656961,0.001048073743540023,0.001125559164820556,0.5682114985015099,24
2024-03-12,0.5296318048158812,0.7649848008416633,0.47036819518411876,0.5446550012656961,0.0016365692556761973,0.0009512481401332383,2.567208738482288,24
2024-03-13,0.6872427994649474,0.7649848008416633,0.3127572005350528,0.5446550012656961,0.0011821096156418632,0.0010858596289555612,2.2243265286985756,24
2024-03-14,0.696328538807042,0.7649848008416633,0.30367146119295807,0.5446550012656961,0.0011559104537963063,0.0010936195247839844,2.123987109089608,24
2024-03-15,0.6912781813422746,0.7649848008416633,0.3087218186577254,0.5446550012656961,0.001170473414793232,0.001089306144623349,1.5901155122608028,24
2024-03-16,0.6450910637505458,0.7649848008416633,0.3549089362494542,0.5446550012656961,0.001303654576451456,0.001049858917751406,0.3750502669836471,24
2024-03-17,0.4600472247713599,0.7649848008416633,0.5399527752286402,0.5446550012656961,0.0018371997110677486,0.0008918177435436776,1.228005485270832,24
2024-03-18,0.502718285262402,0.7649848008416633,0.4972817147375981,0.5446550012656961,0.0017141687751767054,0.0009282619966563244,2.631127593596103,24
2024-03-19,0.6871547203236915,0.7649848008416633,0.3128452796763085,0.5446550012656961,0.0011823635954485582,0.0010857844028308542,-0.4829574958953482,24
2024-03-20,0.45534830019944855,0.7649848008416633,0.5446516998005514,0.5446550012656961,0.0018507476790070422,0.0008878045131602442,0.0674624277452619,24
2024-03-21,0.455347086698475,0.7649848008416633,0.5446529133015249,0.5446550012656961,0.0018507511777762782,0.0008878034767403353,1.3970704452341196,24
2024-03-22,0.525068623595488,0.7649848008416633,0.4749313764045121,0.5446550012656961,0.0016497263112452661,0.0009473508446481683,1.595848839445912,24
2024-03-23,0.5833695566083311,0.7649848008416633,0.41663044339166905,0.5446550012656961,0.0014816244966031462,0.0009971441690927191,2.6007829417515804,24
2024-03-24,0.698915938769544,0.7649848008416633,0.3010840612304561,0.5446550012656961,0.0011484495408209097,0.0010958293564134764,0.7766889478737994,24
2024-03-25,0.5410082449029204,0.7649848008416633,0.45899175509707946,0.5446550012656961,0.0016037673460509065,0.0009609644644355122,1.2317515813026523,24
2024-03-26,0.5353947562856156,0.7649848008416633,0.4646052437143846,0.5446550012656961,0.0016199528498953514,0.0009561701284696424,2.7748111093056878,24
2024-03-27,0.7013515247666561,0.7649848008416633,0.2986484752333439,0.5446550012656961,0.00114142638300932,0.0010979095276474444,2.674287431525783,24
2024-03-28,0.7207780560041273,0.7649848008416633,0.2792219439958728,0.5446550012656961,0.0010854085091530248,0.0011145012273467703,2.2735557783333937,24
2024-03-29,0.7064053746388136,0.7649848008416633,0.2935946253611865,0.5446550012656961,0.0011268532771956555,0.0011022258905832305,2.6190692912003284,24
2024-03-30,0.7193171096917657,0.7649848008416633,0.28068289030823435,0.5446550012656961,0.0010896212776172994,0.001113253470750637,2.911439123173582,24
2024-03-31,0.7315418977877299,0.7649848008416633,0.2684581022122701,0.5446550012656961,0.0010543699192578843,0.0011236943472250176,2.2813872645749984,24
2024-04-01,0.7090842695685892,0.7649848008416633,0.29091573043141095,0.5446550012656961,0.0011191284937870911,0.0011045138657064038,2.2203058067908286,24
2024-04-02,0.7002245637895097,0.7649848008416633,0.2997754362104903,0.5446550012656961,0.00114467604342759,0.0010969470193191635,0.12733882187057488,24
2024-04-03,0.4581867016614911,0.7649848008416633,0.5418132983385089,0.5446550012656961,0.0018425639864796859,0.0008902287187020705,2.6115780300634324,24
2024-04-04,0.6786253055261172,0.7649848008416633,0.3213746944738828,0.5446550012656961,0.0012069584582981244,0.001078499649459168,1.4428210332088074,24
2024-04-05,0.6257836386706921,0.7649848008416633,0.374216361329308,0.5446550012656961,0.0013593268684606154,0.001033368943551881,2.7382343820100457,24
2024-04-06,0.7124005071267813,0.7649848008416633,0.2875994928732187,0.5446550012656961,0.0011095658732327436,0.0011073461787438964,2.5110692483404313,24
2024-04-07,0.7161215652247556,0.7649848008416633,0.28387843477524444,0.5446550012656961,0.001098835903086836,0.0011105242385720067,2.9396995510427812,24
2024-04-08,0.7320680145670442,0.7649848008416633,0.2679319854329559,0.5446550012656961,0.001052852805766656,0.0011241436900079598,1.5191550942286356,24
2024-04-09,0.6558555590306558,0.7649848008416633,0.3441444409693443,0.5446550012656961,0.0012726152907312903,0.0010590525957641795,1.0995621490494814,24
2024-04-10,0.5645986381280168,0.7649848008416633,0.4354013618719832,0.5446550012656961,0.001535748107526288,0.0009811124113538402,2.2381691861450945,24
2024-04-11,0.6698970833907361,0.7649848008416633,0.33010291660926405,0.5446550012656961,0.0012321264791139259,0.0010710450998636168,2.7828264320681764,24
2024-04-12,0.7205942994829511,0.7649848008416633,0.27940570051704894,0.5446550012656961,0.0010859383875757096,0.0011143442856375232,0.6842805691865621,24
2024-04-13,0.5354571005314817,0.7649848008416633,0.4645428994685184,0.5446550012656961,0.0016197730915164126,0.0009562233750833968,1.1983613264810278,24
2024-04-14,0.5235223913593056,0.7649848008416633,0.47647760864069433,0.5446550012656961,0.001654184567673819,0.000946030247542357,2.430650386185697,24
2024-04-15,0.6767277166524248,0.7649848008416633,0.3232722833475752,0.5446550012656961,0.001212430207075381,0.0010768789677038806,1.2275688733330292,24
2024-04-16,0.5944483756284773,0.7649848008416633,0.4055516243715226,0.5446550012656961,0.0014496798574099034,0.0010066063029115907,2.8008212323234347,24
2024-04-17,0.7111387941224138,0.7649848008416633,0.28886120587758635,0.5446550012656961,0.0011132041195188228,0.0011062685821817877,0.9070201944174304,24
2024-04-18,0.5656816750958825,0.7649848008416633,0.4343183249041175,0.5446550012656961,0.0015326253189836237,0.0009820374053177362,1.4665497367381113,24
2024-04-19,0.5826980182514183,0.7649848008416633,0.4173019817485817,0.5446550012656961,0.001483560802874458,0.0009965706254879306,2.8138205851257805,24
2024-04-20,0.7101212895816095,0.7649848008416633,0.2898787104183906,0.5446550012656961,0.0011161381702652633,0.0011053995577750442,2.517948906264852,24
2024-04-21,0.7160276660437483,0.7649848008416633,0.28397233395625177,0.5446550012656961,0.0010991066691718747,0.0011104440417013333,2.9483215576602566,24
2024-04-22,0.7322876820220046,0.7649848008416633,0.26771231797799544,0.5446550012656961,0.0010522193712603288,0.0011243313023203106,1.741150820850353,24
2024-04-23,0.6751234630875016,0.7649848008416633,0.3248765369124984,0.5446550012656961,0.0012170561114679783,0.0010755088160764282,2.7637377632021356,24
2024-04-24,0.5601160938199862,0.7059638128406011,0.4398839061800137,0.7250868017116854,0.0009302777116766662,0.0014456230160931971,1.1889734775928158,25
2024-04-25,0.3264878338440258,0.7059638128406011,0.6735121661559742,0.7250868017116854,0.0013398521455330774,0.0015895181741935058,2.7712600334844906,25
2024-04-26,0.5406655059981655,0.7059638128406011,0.45933449400183457,0.7250868017116854,0.000964378178403185,0.0014576029255872493,2.661641098451703,25
2024-04-27,0.5855158323106444,0.7059638128406011,0.4144841676893556,0.7250868017116854,0.0008857468547788357,0.0014299789352521387,2.988205626946663,25
2024-04-28,0.6249738824448717,0.7059638128406011,0.3750261175551284,0.7250868017116854,0.0008165679755060328,0.0014056761288922456,2.958419546498583,25
2024-04-29,0.6309961826808783,0.7059638128406011,0.3690038173191217,0.7250868017116854,0.0008060094182696445,0.0014019669036269594,2.6739139050051386,25
2024-04-30,0.610102008837317,0.7059638128406011,0.3898979911626831,0.7250868017116854,0.000842641869640798,0.001414835939457231,0.49796822722727085,25
2024-05-01,0.27549011457527434,0.7059638128406011,0.7245098854247257,0.7250868017116854,0.001429250900424674,0.0016209284362811798,1.393076742289639,25
2024-05-02,0.27756168899308997,0.7059638128406011,0.72243831100691,0.7250868017116854,0.0014256194789518954,0.0016196525224495275,2.298908733725958,25
2024-05-03,0.4387031657470291,0.7059638128406011,0.5612968342529709,0.7250868017116854,0.0011431322643538448,0.0015204030640303657,0.6709412505651173,25
2024-05-04,0.27493591783095694,0.7059638128406011,0.7250640821690431,0.7250868017116854,0.001430222393795407,0.0016212697743887804,2.4405519861746328,25
2024-05-05,0.4672970720895721,0.7059638128406011,0.532702927910428,0.7250868017116854,0.0010930039872469647,0.0015027916471825535,2.970545380029422,25
2024-05-06,0.5985827933277572,0.7059638128406011,0.4014172066722429,0.7250868017116854,0.0008628376498461157,0.00142193079748986,2.591612476250014,25
2024-05-07,0.5944662081748537,0.7059638128406011,0.40553379182514626,0.7250868017116854,0.0008700549267176696,0.0014244662641815665,2.5862853291125543,25
2024-05-08,0.5927582932373388,0.7059638128406011,0.4072417067626613,0.7250868017116854,0.000873049272512676,0.0014255181946714007,1.9511274435882133,25
2024-05-09,0.508092325999679,0.7059638128406011,0.4919076740003211,0.7250868017116854,0.0010214843259013949,0.001477665236911206,1.5228801207938583,25
2024-05-10,0.36813032699956694,0.7059638128406011,0.6318696730004332,0.7250868017116854,0.0012668515932597784,0.0015638699365319996,1.4749037745024176,25
2024-05-11,0.2987339615013969,0.7059638128406011,0.7012660384986031,0.7250868017116854,0.0013885047940573232,0.0016066122014702115,2.7545269204003624,25
2024-05-12,0.5307858920369398,0.7059638128406011,0.4692141079630603,0.7250868017116854,0.0009816988533429421,0.0014636879283735854,2.869995211686976,25
2024-05-13,0.6030018596795333,0.7059638128406011,0.3969981403204666,0.7250868017116854,0.0008550900427654761,0.0014192090280797293,1.9782025928535099,25
2024-05-14,0.5148823949718438,0.7059638128406011,0.48511760502815626,0.7250868017116854,0.0010095802834654785,0.0014734831313373245,1.9638444658046648,25
2024-05-15,0.4733834623122751,0.7059638128406011,0.5266165376877249,0.7250868017116854,0.0010823337926397936,0.0014990429479308184,0.2071991100086401,25
2024-05-16,0.27491350225705175,0.7059638128406011,0.7250864977429482,0.7250868017116854,0.0014302616877446333,0.0016212835804777837,2.2817490023807108,25
2024-05-17,0.43644115015672247,0.7059638128406011,0.5635588498432775,0.7250868017116854,0.0011470978011321926,0.0015217962734435848,1.883816909888845,25
2024-05-18,0.41520383644124287,0.7059638128406011,0.5847961635587573,0.7250868017116854,0.001184328720639548,0.0015348766542803436,2.9144099036973987,25
2024-05-19,0.5813050451942765,0.7059638128406011,0.4186949548057236,0.7250868017116854,0.000893129246462459,0.0014325724223495425,2.7343089957284055,25
2024-05-20,0.6033666830873947,0.7059638128406011,0.3966333169126053,0.7250868017116854,0.0008544504254529787,0.0014189843278574262,-0.000866765137622294,25
2024-05-21,0.2749143887714768,0.7059638128406011,0.7250856112285232,0.7250868017116854,0.0014302601337066777,0.00162128303446022,2.3461972437683087,25
2024-05-22,0.45006873825828025,0.7059638128406011,0.5499312617417198,0.7250868017116854,0.0011232072342610446,0.0015134028370305357,2.301657966622665,25
2024-05-23,0.5074453347778757,0.7059638128406011,0.4925546652221243,0.7250868017116854,0.0010226185998826267,0.0014780637285327267,2.1202748501748445,25
2024-05-24,0.4989070715360977,0.7059638128406011,0.5010929284639023,0.7250868017116854,0.0010375874437633763,0.001483322573242712,2.708374046870169,25
2024-05-25,0.5784928737338053,0.7059638128406011,0.4215071262661949,0.7250868017116854,0.0008980595644959622,0.0014343044810352142,2.9062332451026336,25
2024-05-26,0.6168211747870366,0.7059638128406011,0.3831788252129635,0.7250868017116854,0.0008308616113342111,0.0014106975041209553,2.6722983963756852,25
2024-05-27,0.6070187341629794,0.7059638128406011,0.39298126583702075,0.7250868017116854,0.000848047554710632,0.0014167349746885688,2.7564183936627655,25
2024-05-28,0.6110309138378859,0.7059638128406011,0.38896908616211423,0.7250868017116854,0.0008410132854949062,0.0014142638129005772,2.4972671362484546,25
2024-05-29,0.5885980283764426,0.7059638128406011,0.4114019716235575,0.7250868017116854,0.0008803431110414068,0.0014280805643520182,2.7168167254885534,25
2024-05-30,0.6036357188581226,0.7059638128406011,0.3963642811418773,0.7250868017116854,0.000853978745301619,0.0014188186246810743,2.836729316516492,25
2024-05-31,0.6168835624327229,0.7059638128406011,0.3831164375672771,0.7250868017116854,0.0008307522311424973,0.0014106590786319305,2.4925444573338265,25
2024-06-01,0.5899176218773181,0.7059638128406011,0.410082378122682,0.7250868017116854,0.0008780295814165321,0.0014272678068737226,3.070974892176955,25
2024-06-02,0.6313732967712301,0.7059638128406011,0.3686267032287699,0.7250868017116854,0.0008053482446208799,0.0014017346333885104,3.150012638906094,25
2024-06-03,0.6438470909315581,0.7059638128406011,0.3561529090684419,0.7250868017116854,0.0007834785581196839,0.0013940518360120466,2.6551837852413263,25
2024-06-04,0.6119410375207441,0.7059638128406011,0.388058962479256,0.7250868017116854,0.0008394176286843691,0.0014137032540398934,1.869907278169968,25
2024-06-05,0.5008831586992555,0.7059638128406011,0.4991168413007445,0.7250868017116854,0.0010341230743241916,0.0014821054714469284,2.9161815742628185,25
2024-06-06,0.6006086412905566,0.7059638128406011,0.3993913587094434,0.7250868017116854,0.0008592858892152768,0.0014206830472693849,3.0422900805504414,25
2024-06-07,0.6317078088920067,0.7059638128406011,0.3682921911079933,0.7250868017116854,0.0008047617626008147,0.0014015286023436764,1.9989815505879758,25
2024-06-08,0.5340644103002934,0.7059638128406011,0.4659355896997066,0.7250868017116854,0.0009759510510263414,0.0014616686396801346,3.0450046466624348,25
2024-06-09,0.6188619737962482,0.7059638128406011,0.381138026203752,0.7250868017116854,0.0008272836099530575,0.0014094405453261944,3.1024818670715795,25
2024-06-10,0.6387689121893436,0.7059638128406011,0.3612310878106563,0.7250868017116854,0.0007923818920512977,0.001397179562653711,3.1188882348559566,25
2024-06-11,0.6434757906726173,0.7059638128406011,0.3565242093273828,0.7250868017116854,0.0007841295422084265,0.0013942805254243142,1.196960244061311,25
2024-06-12,0.38435375035826025,0.7059638128406011,0.6156462496417396,0.7250868017116854,0.001238411084411986,0.0015538776861536948,2.609409368847742,25
2024-06-13,0.5330631204650332,0.7059638128406011,0.46693687953496665,0.7250868017116854,0.000977706483940927,0.001462285349144836,1.9752436170379293,25
2024-06-14,0.4840842059889918,0.7059638128406011,0.5159157940110083,0.7250868017116854,0.0010635739977450471,0.001492452199006393,2.5875531448423237,25
2024-06-15,0.560861067376248,0.7059638128406011,0.4391389326237521,0.7250868017116854,0.0009289716299678531,0.0014451641756786436,3.0671857428912896,25
2024-06-16,0.6256233529423173,0.7059638128406011,0.3743766470576826,0.7250868017116854,0.0008154292970642571,0.0014052761102475787,3.073980876053257,25
2024-06-17,0.6382503677082727,0.7059638128406011,0.3617496322917273,0.7250868017116854,0.0007932910308030022,0.0013974989419963191,3.12750373229395,25
2024-06-18,0.6438593651177793,0.7059638128406011,0.3561406348822207,0.7250868017116854,0.0007834570383377745,0.001394044276156201,1.9842569102292855,25
2024-06-19,0.5375637984706376,0.7059638128406011,0.4624362015293625,0.7250868017116854,0.0009698160170520034,0.001459513313890019,2.996835220056147,25
2024-06-20,0.6158210046842411,0.7059638128406011,0.38417899531575905,0.7250868017116854,0.00083261514396451,0.001411313523925596,3.1328181953934076,25
2024-06-21,0.6401388642504202,0.7059638128406011,0.3598611357495798,0.7250868017116854,0.0007899800209272446,0.001396335788581008,2.658610315948206,25
2024-06-22,0.612051523505324,0.7059638128406011,0.3879484764946762,0.7250868017116854,0.0008392239212179925,0.0014136352040607487,3.1252159860902204,25
2024-06-23,0.6389603527882541,0.7059638128406011,0.36103964721174586,0.7250868017116854,0.0007920462485333175,0.0013970616515103854,2.5326666560669886,25
2024-06-24,0.6005583344633061,0.7059638128406011,0.399441665536694,0.7250868017116854,0.0008593740882747073,0.0014207140320006907,0.5960775624158339,25
2024-06-25,0.2761310200804814,0.7059638128406011,0.7238689799195187,0.7250868017116854,0.0014281274084211783,0.0016205336929440142,2.003849075380529,25
2024-06-26,0.36971269903619064,0.7059638128406011,0.6302873009638094,0.7250868017116854,0.0012640776211867454,0.0015628953298024587,2.326069652967575,25
2024-06-27,0.48191164885834203,0.7059638128406011,0.5180883511416581,0.7250868017116854,0.0010673827798830732,0.0014937903096092324,2.683878546002925,25
2024-06-28,0.5710566569089275,0.7059638128406011,0.4289433430910726,0.7250868017116854,0.0009110967612416043,0.0014388845587869127,2.0001192320796735,25
2024-06-29,0.5061840073239703,0.7059638128406011,0.4938159926760299,0.7250868017116854,0.0010248298977701326,0.0014788405990766185,2.8446229685934767,25
2024-06-30,0.5948452922407739,0.7059638128406011,0.40515470775922624,0.7250868017116854,0.0008693903097239346,0.0014242327806055451,1.4566824477893041,25
2024-07-01,0.4058482659430731,0.7059638128406011,0.5941517340569269,0.7250868017116854,0.001200729767917688,0.0015406388908183856,2.904720410740632,25
2024-07-02,0.5780186448203278,0.7059638128406011,0.42198135517967217,0.7250868017116854,0.0008988909852447944,0.0014345965657534222,2.597261891294864,25
2024-07-03,0.5891726665391426,0.7059638128406011,0.4108273334608574,0.7250868017116854,0.0008793356476082995,0.0014277266360674832,1.3437617612339414,25
2024-07-04,0.38051523810720755,0.7059638128406011,0.6194847618927923,0.7250868017116854,0.0012451402149907527,0.0015562418835641109,1.0968128060171385,25
2024-07-05,0.27589537177576573,0.7059638128406011,0.7241046282242343,0.7250868017116854,0.0014285404942927344,0.0016206788322780425,2.4196346880191846,25
2024-07-06,0.4653281391485957,0.7059638128406011,0.5346718608514043,0.7250868017116854,0.001096455764122949,0.0015040043425853266,1.7957618648660838,25
2024-07-07,0.4094235853956715,0.7059638128406011,0.5905764146043286,0.7250868017116854,0.0011944619609418872,0.0015384367978098442,1.311434435115617,25
2024-07-08,0.288408494497279,0.7059638128406011,0.7115915055027211,0.7250868017116854,0.001406605229598058,0.0016129718118494097,2.595625898476439,25
2024-07-09,0.5010959916516281,0.7059638128406011,0.49890400834837206,0.7250868017116854,0.0010337499468939693,0.0014819743844314546,2.0627145241977902,25
2024-07-10,0.4830146354558267,0.7059638128406011,0.5169853645441734,0.7250868017116854,0.0010654490978549082,0.0014931109635795874,2.9170078079797426,25
2024-07-11,0.597109936704034,0.7059638128406011,0.402890063295966,0.7250868017116854,0.0008654198921006574,0.0014228379520299466,2.931105970597855,25
2024-07-12,0.6232239837067172,0.7059638128406011,0.37677601629328294,0.7250868017116854,0.0008196359684969532,0.0014067539178361527,2.9536729898177914,25
2024-07-13,0.6299112708548888,0.7059638128406011,0.3700887291451111,0.7250868017116854,0.0008079115346371149,0.0014026351171330723,1.8293612098234484,25
2024-07-14,0.5032584359035316,0.7059638128406011,0.4967415640964684,0.7250868017116854,0.0010299588625133633,0.0014806425025026895,1.693126459724716,25
2024-07-15,0.40580199616514456,0.7059638128406011,0.5941980038348554,0.7250868017116854,0.0012008108822945817,0.0015406673890703134,0.8292693046492027,25
2024-07-16,0.27497460820040937,0.7059638128406011,0.7250253917995905,0.7250868017116854,0.0014301545705293437,0.0016212459444084947,2.6872504812833142,25
2024-07-17,0.5127489870319667,0.7059638128406011,0.48725101296803336,0.7250868017116854,0.0010133204817378634,0.001474797129364929,2.474897947897346,25
2024-07-18,0.5550957398275758,0.7059638128406011,0.44490426017242424,0.7250868017116854,0.0009390793453539657,0.0014487151276020179,3.0194660434715725,25
2024-07-19,0.6211312767006718,0.7059638128406011,0.3788687232993283,0.7250868017116854,0.0008233049837082236,0.00140804284754664,0.849876299326055,25
2024-07-20,0.29219001864351324,0.7059638128406011,0.7078099813564869,0.7250868017116854,0.0013999762667533304,0.0016106427142696111,2.7013988641492643,25
2024-07-21,0.5201998857634497,0.7059638128406011,0.47980011423655033,0.7250868017116854,0.0010002578742040265,0.0014702080088061986,2.703617686148231,25
2024-07-22,0.5836150017607276,0.7059638128406011,0.41638499823927233,0.7250868017116854,0.0008890794104910243,0.001431149685368286,2.8976383234354386,25
2024-07-23,0.6177504014056279,0.7059638128406011,0.38224959859437213,0.7250868017116854,0.0008292324585807723,0.0014101251794749257,1.700276656440021,25
2024-07-24,0.5314950688087936,0.706712045173429,0.4685049311912064,0.6837838190381501,0.0010253273254831928,0.0013123023186712636,2.788385702115846,26
2024-07-25,0.6083540615437288,0.706712045173429,0.39164593845627116,0.6837838190381501,0.0008881229262265224,0.0012454826998065573,3.0033498084691432,26
2024-07-26,0.6388244879923989,0.706712045173429,0.3611755120076012,0.6837838190381501,0.0008337263437524813,0.001218992341170622,1.3351291909560934,26
2024-07-27,0.44551063939441216,0.706712045173429,0.5544893606055878,0.6837838190381501,0.0011788113637853015,0.001387055403474009,2.8810442126432876,26
2024-07-28,0.5976958947031231,0.706712045173429,0.4023041052968769,0.6837838190381501,0.0009071498261993261,0.001254748689650346,3.0423380023361544,26
2024-07-29,0.6393939010573044,0.706712045173429,0.36060609894269546,0.6837838190381501,0.0008327097996668368,0.0012184973052272704,2.217780208834122,26
2024-07-30,0.583730066770221,0.706712045173429,0.416269933229779,0.6837838190381501,0.0009320812843753618,0.001266890291646418,2.7607284442610722,26
2024-07-31,0.6177035211472197,0.706712045173429,0.3822964788527801,0.6837838190381501,0.0008714321817268779,0.001237354472971075,1.9401880092018293,26
2024-08-01,0.5415694333943216,0.706712045173429,0.4584305666056785,0.6837838190381501,0.0010073436386444318,0.0013035438744351986,2.895431800593115,26
2024-08-02,0.6185959396940027,0.706712045173429,0.38140406030599716,0.6837838190381501,0.0008698390207131917,0.0012365786227414282,0.3280521472298856,26
2024-08-03,0.3167371258382282,0.706712045173429,0.6832628741617718,0.6837838190381501,0.0014086539265366084,0.0014990084331652526,2.4103382295083193,26
2024-08-04,0.5037870298857375,0.706712045173429,0.4962129701142624,0.6837838190381501,0.0010747879856898436,0.0013363911147177086,1.1098853634929071,26
2024-08-05,0.33844223088091774,0.706712045173429,0.6615577691190822,0.6837838190381501,0.001369915131246782,0.0014801384636956721,0.46292234077797517,26
2024-08-06,0.31621964254634727,0.706712045173429,0.6837803574536526,0.6837838190381501,0.0014095775106710447,0.0014994583224378273,1.758960870691776,26
2024-08-07,0.37348881146140944,0.706712045173429,0.6265111885385907,0.6837838190381501,0.0013073632598260925,0.0014496696912909147,2.305220556855324,26
2024-08-08,0.5053983672969817,0.706712045173429,0.49460163270301827,0.6837838190381501,0.0010719116748920648,0.0013349902512943082,-1.8125316675932024,26
2024-08-09,0.3162161809618707,0.706712045173429,0.6837838190381291,0.6837838190381501,0.0014095836887715698,0.0014994613318677864,2.1485667497607417,26
2024-08-10,0.4569801557752159,0.706712045173429,0.543019844224784,0.6837838190381501,0.001158338678662889,0.0013770840431184175,2.893449427938649,26
2024-08-11,0.6012688582768326,0.706712045173429,0.39873114172316737,0.6837838190381501,0.0009007714106978896,0.001251642429007091,1.188014267620726,26
2024-08-12,0.39858819820785363,0.706712045173429,0.6014118017921464,0.6837838190381501,0.0012625642073969164,0.001427848803500735,2.698810968387828,26
2024-08-13,0.5669160673633453,0.706712045173429,0.43308393263665457,0.6837838190381501,0.0009620968382048782,0.0012815080350227002,2.3505543547443897,26
2024-08-14,0.5725013249621669,0.706712045173429,0.42749867503783306,0.6837838190381501,0.0009521263487905469,0.0012766523275676007,1.5593251729661968,26
2024-08-15,0.4564652021975978,0.706712045173429,0.5435347978024022,0.6837838190381501,0.0011592578570309418,0.001377531733109726,2.106814993722057,26
2024-08-16,0.5023873386503416,0.706712045173429,0.4976126613496583,0.6837838190381501,0.0010772864952217746,0.001337607977332601,2.1412401139532635,26
2024-08-17,0.5218868949447037,0.706712045173429,0.47811310505529614,0.6837838190381501,0.00104247867516995,0.0013206554663347833,2.8558244354268782,26
2024-08-18,0.6113153576331587,0.706712045173429,0.3886846423668413,0.6837838190381501,0.0008828364064880897,0.0012429082102250499,2.767842126277739,26
2024-08-19,0.6243379649367964,0.706712045173429,0.37566203506320367,0.6837838190381501,0.0008595882292153191,0.0012315866247385636,2.864548990877828,26
2024-08-20,0.6330399349049107,0.706712045173429,0.36696006509508927,0.6837838190381501,0.0008440531833936132,0.001224021312002202,3.0000585251764917,26
2024-08-21,0.6433645095807169,0.706712045173429,0.3566354904192831,0.6837838190381501,0.0008256212612790625,0.0012150453402879125,1.2864223915384474,26
2024-08-22,0.43868074290204806,0.706712045173429,0.561319257097952,0.6837838190381501,0.0011910023954033037,0.0013929931742444257,2.557708141520965,26
2024-08-23,0.5615230148895974,0.706712045173429,0.43847698511040256,0.6837838190381501,0.0009717241690327303,0.0012861966433168003,0.5229667500841447,26
2024-08-24,0.31662173701079394,0.706712045173429,0.6833782629892061,0.6837838190381501,0.0014088598680812511,0.0014991087498256205,2.720997112635261,26
2024-08-25,0.5493968899597537,0.706712045173429,0.4506031100402462,0.6837838190381501,0.0009933707877121023,0.0012967388455664749,2.9060035909683943,26
2024-08-26,0.6209822601980346,0.706712045173429,0.3790177398019655,0.6837838190381501,0.0008655789141921844,0.0012345040050435574,1.8694302304376744,26
2024-08-27,0.5329717270518243,0.706712045173429,0.4670282729481757,0.6837838190381501,0.0010226913614466032,0.0013110185425315862,0.587036497533699,26
2024-08-28,0.31683417742864006,0.706712045173429,0.6831658225713599,0.6837838190381501,0.0014084807125722934,0.001498924058519544,2.611307955288872,26
2024-08-29,0.5346147602434578,0.706712045173429,0.46538523975654217,0.6837838190381501,0.0010197583997099875,0.0013095901234521736,2.959911243274215,26
2024-08-30,0.6222536030079203,0.706712045173429,0.3777463969920797,0.6837838190381501,0.0008633092843696951,0.0012333987258955994,3.0252599627922385,26
2024-08-31,0.6428335530811311,0.706712045173429,0.3571664469188689,0.6837838190381501,0.0008265691540235185,0.0012155069428886442,3.0480586563098386,26
2024-09-01,0.6476417771344055,0.706712045173429,0.3523582228655944,0.6837838190381501,0.0008179852324580179,0.0012113267723292413,1.5460344145947456,26
2024-09-02,0.4954417190997895,0.706712045173429,0.5045582809002104,0.6837838190381501,0.0010896846834028983,0.0013436463553366906,1.5968784858693819,26
2024-09-03,0.4184201226008742,0.706712045173429,0.5815798773991259,0.6837838190381501,0.001227166198120013,0.0014106073385512083,1.8027224719670105,26
2024-09-04,0.43040767599028285,0.706712045173429,0.569592324009717,0.6837838190381501,0.0012057693212870805,0.001400185607533173,2.8011660264068796,26
2024-09-05,0.5861873653267808,0.706712045173429,0.41381263467321905,0.6837838190381501,0.0009276945958116491,0.0012647539670974821,1.2309530258310364,26
2024-09-06,0.39838780705605237,0.706712045173429,0.6016121929439476,0.6837838190381501,0.0012629218826047312,0.001428023019424087,1.2450679055419784,26
2024-09-07,0.3276723166660882,0.706712045173429,0.6723276833339117,0.6837838190381501,0.0013891371268690117,0.0014895016043957113,2.7257911565133672,26
2024-09-08,0.5525437066458365,0.706712045173429,0.4474562933541636,0.6837838190381501,0.0009877533557395369,0.0012940030682147435,2.6135747154381637,26
2024-09-09,0.5964109641123504,0.706712045173429,0.4035890358876497,0.6837838190381501,0.0009094436655213863,0.001255865781734016,1.0059588174894452,26
2024-09-10,0.35386959284642516,0.706712045173429,0.6461304071535747,0.6837838190381501,0.001342380281096848,0.0014667262342357027,2.6588024193549167,26
2024-09-11,0.5502535865620085,0.706712045173429,0.4497464134379916,0.6837838190381501,0.0009918414866125983,0.0012959940512566829,2.9344431243963163,26
2024-09-12,0.6236931604540933,0.706712045173429,0.3763068395459066,0.6837838190381501,0.0008607393510397145,0.0012321472044214779,2.776126874038538,26
2024-09-13,0.6268453416611013,0.706712045173429,0.37315465833889855,0.6837838190381501,0.0008551119887444852,0.00122940676326619,0.9405138176050816,26
2024-09-14,0.3584365833467416,0.706712045173429,0.6415634166532583,0.6837838190381501,0.001334229019455762,0.0014627557871386104,2.6184236093027695,26
2024-09-15,0.5472475131879869,0.706712045173429,0.4527524868120131,0.6837838190381501,0.0009972076653978403,0.0012986074692834344,2.4942998653754955,26
2024-09-16,0.5843881974966958,0.706712045173429,0.4156118025033041,0.6837838190381501,0.0009309064119430436,0.0012663181264027507,2.4740435685313757,26
2024-09-17,0.5927610874432646,0.706712045173429,0.4072389125567354,0.6837838190381501,0.0009159593584249956,0.001259038909031853,1.3266644168568758,26
2024-09-18,0.41519569621980745,0.706712045173429,0.5848043037801924,0.6837838190381501,0.0012329215184491693,0.0014134105881668155,2.370703550169349,26
2024-09-19,0.5268954228853724,0.706712045173429,0.4731045771146275,0.6837838190381501,0.0010335380743812695,0.0013163011557178997,1.8035337961609212,26
2024-09-20,0.47464043582236626,0.706712045173429,0.5253595641776336,0.6837838190381501,0.0011268153083477041,0.0013617305608542897,2.9123795359788573,26
2024-09-21,0.6066128933394881,0.706712045173429,0.393387106660512,0.6837838190381501,0.0008912312617241272,0.0012469964354365306,3.037716655791056,26
2024-09-22,0.6406214774180273,0.706712045173429,0.3593785225819726,0.6837838190381501,0.00083051826857024,0.001217430075725139,3.070921117229557,26
2024-09-23,0.6482996276524796,0.706712045173429,0.3517003723475205,0.6837838190381501,0.0008168107966883219,0.0012107548506929636,3.04067225602207,26
2024-09-24,0.6482097342633881,0.706712045173429,0.35179026573661193,0.6837838190381501,0.0008169712800110425,0.0012108330021464735,2.6018256537669737,26
2024-09-25,0.6196877303005262,0.706712045173429,0.3803122696994738,0.6837838190381501,0.0008678899356152777,0.0012356294425659923,2.150579962234293,26
2024-09-26,0.5692539508258677,0.706712045173429,0.4307460491741323,0.6837838190381501,0.0009579233851718882,0.0012794755274870553,1.517819219603945,26
2024-09-27,0.44083307046995857,0.706712045173429,0.5591669295300414,0.6837838190381501,0.0011871606034389592,0.0013911219851663204,2.6922601567701854,26
2024-09-28,0.5766631864094415,0.706712045173429,0.4233368135905584,0.6837838190381501,0.0009446967958974449,0.0012730340912912854,3.020751237686638,26
2024-09-29,0.6343806403604493,0.706712045173429,0.3656193596395506,0.6837838190381501,0.0008416597013064851,0.0012228557304045107,3.0532449394519934,26
2024-09-30,0.6464506790709638,0.706712045173429,0.3535493209290363,0.6837838190381501,0.0008201116533355258,0.0012123622883540761,0.9707981108000371,26
2024-10-01,0.3832921959101241,0.706712045173429,0.6167078040898759,0.6837838190381501,0.0012898656415120254,0.0014411468315820135,1.3431357081474808,26
2024-10-02,0.33401590764078154,0.706712045173429,0.6659840923592184,0.6837838190381501,0.0013778151936625085,0.0014839866175857172,2.7273834537253423,26
2024-10-03,0.5548295954930199,0.706712045173429,0.4451704045069801,0.6837838190381501,0.0009836727702102472,0.0012920157637224421,3.0006059582586273,26
2024-10-04,0.629047722244088,0.706712045173429,0.370952277755912,0.6837838190381501,0.0008511802282476609,0.001227492059131858,2.2330279132330566,26
2024-10-05,0.5796879814578055,0.706712045173429,0.42031201854219447,0.6837838190381501,0.000939297062276489,0.0012704043970280187,3.02179786162629,26
2024-10-06,0.6350005246124759,0.706712045173429,0.364999475387524,0.6837838190381501,0.000840553057726621,0.001222316815854804,2.7950907600341797,26
2024-10-07,0.6306127200193992,0.706712045173429,0.3693872799806007,0.6837838190381501,0.0008483863395380868,0.0012261314824296488,2.966521549718529,26
2024-10-08,0.641034578981718,0.706712045173429,0.35896542101828194,0.6837838190381501,0.0008297807783572495,0.0012170709337684727,3.012321245713342,26
2024-10-09,0.6454586826417678,0.706712045173429,0.3545413173582322,0.6837838190381501,0.0008218826242006325,0.0012132247095354544,1.7926623603638359,26
2024-10-10,0.5331994575839711,0.706712045173429,0.46680054241602875,0.6837838190381501,0.0010222848422477252,0.0013108205583163312,2.861872211866942,26
2024-10-11,0.6147671785138389,0.706712045173429,0.3852328214861612,0.6837838190381501,0.0008766741828484338,0.0012399072685339231,1.1520851648203956,26
2024-10-12,0.392479454621327,0.706712045173429,0.607520545378673,0.6837838190381501,0.001273467586341465,0.0014331596188480245,2.6135886530357104,26
2024-10-13,0.5545380599837333,0.706712045173429,0.44546194001626666,0.6837838190381501,0.0009841931964709007,0.0012922692186653562,2.864624780620465,26
2024-10-14,0.6194074416025334,0.706712045173429,0.38059255839746664,0.6837838190381501,0.0008683903124355239,0.0012358731197637481,0.6080071316891829,26
2024-10-15,0.32033643967889064,0.706712045173429,0.6796635603211094,0.6837838190381501,0.0014022299994151082,0.001495879264144824,2.5143439047481166,26
2024-10-16,0.5196094378481314,0.706712045173429,0.4803905621518686,0.6837838190381501,0.0010465440956167267,0.0013226354404374692,2.7628722367889504,26
2024-10-17,0.6025918371051859,0.706712045173429,0.3974081628948139,0.6837838190381501,0.0008984096384646627,0.0012504922585724935,2.974071023661037,26
2024-10-18,0.6362908912186325,0.706712045173429,0.36370910878136753,0.6837838190381501,0.0008382494388323279,0.0012211949978117747,2.611078427808987,26
2024-10-19,0.6174052069495477,0.706712045173429,0.3825947930504522,0.6837838190381501,0.0008719647371199499,0.0012376138211654902,3.0570424329003654,26
2024-10-20,0.6437047381674211,0.706712045173429,0.35629526183257876,0.6837838190381501,0.0008250138662702556,0.0012147495525904484,2.917692308378715,26
2024-10-21,0.6401963240693257,0.706712045173429,0.35980367593067436,0.6837838190381501,0.000831277273981915,0.0012177996952544672,1.922289136947803,26
2024-10-22,0.5488233043917944,0.706712045173429,0.4511766956082055,0.6837838190381501,0.0009943947027203119,0.0012972375089976953,2.9920789453851535,26
2024-10-23,0.6101408137202355,0.685915486147647,0.3898591862797646,0.6725446930368665,0.00087398883298943,0.0009872017240704022,2.736107013601627,27
2024-10-24,0.6076879853972222,0.685915486147647,0.39231201460277776,0.6725446930368665,0.0008782935106364107,0.0009907072433564242,2.121830956593068,27
2024-10-25,0.5485932712249065,0.685915486147647,0.45140672877509364,0.6725446930368665,0.000981996436246342,0.001075163892152185,1.6469153695990777,27
2024-10-26,0.4610549192898389,0.685915486147647,0.5389450807101612,0.6725446930368665,0.0011355877341582142,0.0012002714580163958,2.6722172817728937,27
2024-10-27,0.5679428227427386,0.685915486147647,0.43205717725726145,0.6725446930368665,0.0009480422611097047,0.0010475100097400995,2.6054789489461285,27
2024-10-28,0.5865499550236035,0.685915486147647,0.41345004497639665,0.6725446930368665,0.0009153894246429668,0.0010209171738468773,1.7596408082692405,27
2024-10-29,0.48980040591990404,0.685915486147647,0.5101995940800961,0.6725446930368665,0.001085155502743423,0.0011591891462939038,1.2404189981071738,27
2024-10-30,0.35355957616578204,0.685915486147647,0.6464404238342181,0.6725446930368665,0.0013241519498855593,0.0013539010434804265,2.7547936501623433,27
2024-10-31,0.5533788746693858,0.685915486147647,0.44662112533061427,0.6725446930368665,0.0009735989050297949,0.0010683244305345584,1.5564379789134162,27
2024-11-01,0.4474604405874249,0.685915486147647,0.5525395594125752,0.6725446930368665,0.0011594372556379801,0.0012197003380678894,2.5650923463148776,27
2024-11-02,0.555330806930922,0.685915486147647,0.44466919306907804,0.6725446930368665,0.0009701737276536792,0.001065534779043818,2.9678369834949443,27
2024-11-03,0.612306768400746,0.685915486147647,0.38769323159925395,0.6725446930368665,0.0008701875939338932,0.00098410619723147,2.9249608576256407,27
2024-11-04,0.6198517339379228,0.685915486147647,0.38014826606207724,0.6725446930368665,0.0008569460695039292,0.0009733231261315515,2.602578007908705,27
2024-11-05,0.6003780174073745,0.685915486147647,0.3996219825926256,0.6725446930368665,0.0008911222512248341,0.0010011544619930456,1.8544663931905347,27
2024-11-06,0.5104454265942979,0.685915486147647,0.4895545734057022,0.6725446930368665,0.0010489329700660323,0.0011296838126122098,-0.28323967089892443,27
2024-11-07,0.32745535479751364,0.685915486147647,0.6725446452024865,0.6725446930368665,0.0013699358522957707,0.001391208526680328,2.7288724851711414,27
2024-11-08,0.5436065690632675,0.685915486147647,0.45639343093673257,0.6725446930368665,0.0009907467456305634,0.0010822907588950638,2.8987052429266758,27
2024-11-09,0.6049175231169625,0.685915486147647,0.39508247688303766,0.6725446930368665,0.0008831556016512672,0.000994666716941888,3.0244831951074187,27
2024-11-10,0.6237215051311986,0.685915486147647,0.3762784948688016,0.6725446930368665,0.0008501544744624582,0.0009677925484619916,0.7618830489113239,27
2024-11-11,0.34026784316427233,0.685915486147647,0.6597321568357277,0.6725446930368665,0.0013474645198425774,0.0013728972471463276,-0.6871925724946135,27
2024-11-12,0.32745530699478537,0.685915486147647,0.6725446930052148,0.6725446930368665,0.0013699359361338936,0.0013912085949987604,2.5906768683220682,27
2024-11-13,0.5274210615938772,0.685915486147647,0.47257893840612275,0.6725446930368665,0.0010191472201120752,0.001105422670760099,1.8558697259282178,27
2024-11-14,0.4797080562541391,0.685915486147647,0.520291943745861,0.6725446930368665,0.001102862309155054,0.0011736128734103441,1.3153199989185158,27
2024-11-15,0.37053390266160724,0.685915486147647,0.6294660973383928,0.6725446930368665,0.0012943793745943202,0.0013296417717082976,1.2991720168995287,27
2024-11-16,0.3342516106961344,0.685915486147647,0.6657483893038657,0.6725446930368665,0.0013580162429796371,0.0013814954921797763,2.6756022866829405,27
2024-11-17,0.5397330901980137,0.685915486147647,0.4602669098019864,0.6725446930368665,0.0009975435800515557,0.0010878266354742555,2.7877380935401397,27
2024-11-18,0.5968924113939729,0.685915486147647,0.40310758860602725,0.6725446930368665,0.0008972392921701581,0.0010061360006473467,2.8639153408829863,27
2024-11-19,0.6124384550791634,0.685915486147647,0.38756154492083666,0.6725446930368665,0.0008699564838888971,0.0009839179940104893,2.3948849262807363,27
2024-11-20,0.5789300525188124,0.685915486147647,0.42106994748118776,0.6725446930368665,0.0009287614267619778,0.0010318073429376109,2.2314614847510668,27
2024-11-21,0.5517492851139696,0.685915486147647,0.4482507148860305,0.6725446930368665,0.0009764584356182172,0.0010706533981028202,0.9394441222437311,27
2024-11-22,0.3379267492184068,0.685915486147647,0.6620732507815932,0.6725446930368665,0.00135157052489023,0.0013762430785282565,2.7380929761722346,27
2024-11-23,0.5471547360264226,0.685915486147647,0.4528452639735773,0.6725446930368665,0.0009845206856655853,0.0010772198097370373,2.644038567843069,27
2024-11-24,0.5869341077414113,0.685915486147647,0.4130658922585887,0.6725446930368665,0.0009147152770657454,0.0010203681526420832,3.020359211185297,27
2024-11-25,0.6205727219794894,0.685915486147647,0.3794272780205107,0.6725446930368665,0.0008556807128150707,0.000972292708527111,0.5996527345241534,27
2024-11-26,0.33386671237922977,0.685915486147647,0.6661332876207703,0.6725446930368665,0.00135869130170143,0.0013820455789756631,2.338917565679619,27
2024-11-27,0.49370920160234405,0.685915486147647,0.5062907983976559,0.6725446930368665,0.0010782974945590072,0.0011536027958260154,1.1032571221131018,27
2024-11-28,0.33935021950455496,0.685915486147647,0.6606497804954451,0.6725446930368665,0.001349073927116174,0.0013742086913294648,2.7436429030105476,27
2024-11-29,0.5487698017786502,0.685915486147647,0.4512301982213498,0.6725446930368665,0.0009816866711561585,0.001074911599215531,2.434903544881884,27
2024-11-30,0.5652331250090306,0.685915486147647,0.4347668749909695,0.6725446930368665,0.0009527972722710325,0.0010513826401951879,2.7930910521781245,27
2024-12-01,0.6024631012025611,0.685915486147647,0.39753689879743914,0.6725446930368665,0.0008874630236483613,0.000998174513747822,2.8320706699781164,27
2024-12-02,0.6113863895358801,0.685915486147647,0.38861361046412,0.6725446930368665,0.0008718028563353807,0.0009854215790830918,2.3392960404975924,27
2024-12-03,0.5761874213564896,0.685915486147647,0.4238125786435106,0.6725446930368665,0.0009335743528268801,0.0010357270410036204,3.008223776829868,27
2024-12-04,0.6180603935519154,0.685915486147647,0.38193960644808483,0.6725446930368665,0.0008600899190287872,0.0009758832638354679,1.5366997492781858,27
2024-12-05,0.4681023393010708,0.685915486147647,0.5318976606989293,0.6725446930368665,0.001123223770965794,0.0011901994662123698,2.1634056440221916,27
2024-12-06,0.5108088036448294,0.685915486147647,0.4891911963551707,0.6725446930368665,0.0010482953945844694,0.0011291644834578681,1.5981343326043191,27
2024-12-07,0.42605975054585815,0.685915486147647,0.5739402494541418,0.6725446930368665,0.0011969801017099328,0.0012502856550144642,2.86429050087267,27
2024-12-08,0.5798360749373251,0.685915486147647,0.42016392506267486,0.6725446930368665,0.000927171480037823,0.0010305124789506508,2.8961285450423024,27
2024-12-09,0.6114109861369478,0.685915486147647,0.38858901386305233,0.6725446930368665,0.0008717596894124914,0.0009853864262521317,1.17191612401832,27
2024-12-10,0.40752320419207266,0.685915486147647,0.5924767958079273,0.6725446930368665,0.001229496919876736,0.0012767776113123326,2.7709712581015857,27
2024-12-11,0.5673791072752046,0.685915486147647,0.43262089272479554,0.6725446930368665,0.0009490314784685289,0.0010483156574182225,0.9161075764367586,27
2024-12-12,0.33943043661609934,0.685915486147647,0.6605695633839007,0.6725446930368665,0.0013489332355859204,0.0013740940470924631,2.4999089701466537,27
2024-12-13,0.5186407242429197,0.685915486147647,0.4813592757570804,0.6725446930368665,0.0010345535025789168,0.0011179713035497558,2.698776896161612,27
2024-12-14,0.5835559243914267,0.685915486147647,0.4164440756085735,0.6725446930368665,0.000920643612540177,0.0010251961655828924,3.028908727220116,27
2024-12-15,0.6206048175391835,0.685915486147647,0.3793951824608166,0.6725446930368665,0.0008556243840489955,0.000972246838376947,1.4600813255702596,27
2024-12-16,0.45599692571834194,0.685915486147647,0.5440030742816582,0.6725446930368665,0.0011444613311448258,0.0012075002126125092,2.6275416624176375,27
2024-12-17,0.5620161864273078,0.685915486147647,0.4379838135726922,0.6725446930368665,0.0009584423570158302,0.001055980206251635,2.9995049477358675,27
2024-12-18,0.6151615567351013,0.685915486147647,0.3848384432648988,0.6725446930368665,0.0008651774261681221,0.0009800262070137696,0.42943783779753864,27
2024-12-19,0.3288327652563108,0.685915486147647,0.6711672347436892,0.6725446930368665,0.0013675200970373353,0.0013892399670046344,1.7852740188657876,27
2024-12-20,0.395510353274494,0.685915486147647,0.6044896467255061,0.6725446930368665,0.0012505691189172291,0.0012939460695271126,2.825854715601744,27
2024-12-21,0.5699476567092973,0.685915486147647,0.43005234329070285,0.6725446930368665,0.000944524134315768,0.0010446447524902933,2.941612232518902,27
2024-12-22,0.6132829180585883,0.685915486147647,0.3867170819414119,0.6725446930368665,0.0008684744501612624,0.0009827111091939163,2.180743841274487,27
2024-12-23,0.5609370576147698,0.685915486147647,0.43906294238523025,0.6725446930368665,0.0009603360030959887,0.0010575224694540622,2.9701105455326906,27
2024-12-24,0.6134364144550313,0.685915486147647,0.38656358554496884,0.6725446930368665,0.0008682050634547287,0.0009824917360836917,1.0030165909224844,27
2024-12-25,0.36759149621182297,0.685915486147647,0.6324085037881771,0.6725446930368665,0.001299540371648122,0.0013338469834878013,2.7408927803162713,27
2024-12-26,0.554183644067557,0.685915486147647,0.44581635593244295,0.6725446930368665,0.0009721867278199534,0.0010671742747655542,1.1411679522753855,27
2024-12-27,0.3728323930207619,0.685915486147647,0.6271676069792381,0.6725446930368665,0.0012903477852910163,0.0013263568282790507,2.409090470366853,27
2024-12-28,0.5157022274456502,0.685915486147647,0.48429777255434986,0.6725446930368665,0.0010397094199770692,0.0011221709277542285,2.7923797690982677,27
2024-12-29,0.5911172265979371,0.685915486147647,0.40888277340206314,0.6725446930368665,0.0009073743048360715,0.001014389746534452,2.358155310299358,27
2024-12-30,0.5721874532811028,0.685915486147647,0.4278125467188973,0.6725446930368665,0.0009405936705492752,0.0010414436927155166,2.781549795586119,27
2024-12-31,0.6030442439858419,0.685915486147647,0.3969557560141583,0.6725446930368665,0.0008864431412329431,0.0009973439593973156,2.8750639671550218,27
2025-01-01,0.614318170005444,0.685915486147647,0.385681829994556,0.6725446930368665,0.0008666575775502168,0.0009812315536817974,2.797707986479571,27
2025-01-02,0.6114186038346391,0.685915486147647,0.388581396165361,0.6725446930368665,0.0008717463203872242,0.0009853755392341037,1.893605264484151,27
2025-01-03,0.5207009664660687,0.685915486147647,0.47929903353393144,0.6725446930368665,0.0010309385588618302,0.0011150268582417152,2.64846901883201,27
2025-01-04,0.5793842582663842,0.685915486147647,0.4206157417336158,0.6725446930368665,0.0009279643575659898,0.0010311582037406289,3.024139111310858,27
2025-01-05,0.6196240827338504,0.685915486147647,0.3803759172661498,0.6725446930368665,0.0008573456040858662,0.0009736484793896149,3.0587276213183414,27
2025-01-06,0.6279959471283819,0.685915486147647,0.37200405287161814,0.6725446930368665,0.0008426525957253081,0.0009616836256655921,1.0670076791463434,27
2025-01-07,0.38672866152835295,0.685915486147647,0.613271338471647,0.6725446930368665,0.0012659730456765913,0.0013064966379836042,0.9625973382220534,27
2025-01-08,0.32846007178141845,0.685915486147647,0.6715399282185815,0.6725446930368665,0.0013681737419036805,0.0013897726109535615,2.1368433538959786,27
2025-01-09,0.45899077761998197,0.685915486147647,0.541009222380018,0.6725446930368665,0.001139209016962638,0.00120322147631359,1.6590732345383195,27
2025-01-10,0.4234625410404349,0.685915486147647,0.5765374589595651,0.6725446930368665,0.0012015362123793578,0.0012539975201807621,1.9094422884799405,27
2025-01-11,0.4468160866463127,0.685915486147647,0.5531839133536873,0.6725446930368665,0.0011605676614987093,0.001220621232182818,2.879073041767243,27
2025-01-12,0.5854171427403114,0.685915486147647,0.41458285725968863,0.6725446930368665,0.0009173773874308379,0.0010225361600878892,3.009231461708563,27
2025-01-13,0.6199338690902155,0.685915486147647,0.3800661309097846,0.6725446930368665,0.0008568019198355865,0.0009732057406799401,3.0634688119883475,27
2025-01-14,0.6283560266445897,0.685915486147647,0.37164397335541055,0.6725446930368665,0.0008420206331351298,0.000961169009262673,2.0488085523737465,27
2025-01-15,0.5473933352159553,0.685915486147647,0.45260666478404465,0.6725446930368665,0.0009841020076763304,0.0010768788098991405,1.2528748310966482,27
2025-01-16,0.37861862268760343,0.685915486147647,0.6213813773123966,0.6725446930368665,0.0012801985492242518,0.0013180872973460628,2.798039614029267,27
2025-01-17,0.5635753521860988,0.685915486147647,0.43642464781390145,0.6725446930368665,0.0009557063377750718,0.0010537518865660438,1.0129294443536374,27
2025-01-18,0.3483181993597473,0.685915486147647,0.6516818006402527,0.6725446930368665,0.0013333449654986341,0.0013613918846887064,2.7714906366622234,27
2025-01-19,0.5536929425191267,0.685915486147647,0.4463070574808732,0.6725446930368665,0.0009730477916208752,0.0010678755728244377,1.3053827870189247,27
2025-01-20,0.4016453948480967,0.685915486147647,0.5983546051519035,0.6725446930368665,0.0012398074826296664,0.001285178025569437,2.4203488654403014,27
2025-01-21,0.5221248098670986,0.685915486147647,0.47787519013290136,0.6725446930368665,0.0010284402435790576,0.0011129919377967103,1.4766431746567457,27
2025-01-22,0.5190156971648359,0.6885791811312426,0.4809843028351642,0.5805266018732249,0.001080905157824131,0.0008233118223517459,2.1664714796001587,28
2025-01-23,0.5714152655729124,0.6885791811312426,0.42858473442708767,0.5805266018732249,0.0009877954797007855,0.0008006123633788158,2.925178704911965,28
2025-01-24,0.6335214371499456,0.6885791811312426,0.3664785628500546,0.5805266018732249,0.0008774366399053064,0.0007737080102227058,2.9616974323010123,28
2025-01-25,0.643288169068417,0.6885791811312426,0.3567118309315832,0.5805266018732249,0.0008600816273986026,0.0007694770683043222,3.0065762198657,28
2025-01-26,0.6462593197084048,0.6885791811312426,0.3537406802915953,0.5805266018732249,0.0008548020286225997,0.0007681899677784252,2.282205565173996,28
2025-01-27,0.6107012104989765,0.6885791811312426,0.3892987895010235,0.5805266018732249,0.0009179869446809493,0.0007835937175740052,2.8071708385862655,28
2025-01-28,0.6336145788194144,0.6885791811312426,0.3663854211805857,0.5805266018732249,0.0008772711318110321,0.000773667661312037,2.873305482067004,28
2025-01-29,0.6398270449275026,0.6885791811312426,0.36017295507249747,0.5805266018732249,0.0008662318824946852,0.0007709764250323212,1.8405815262783398,28
2025-01-30,0.5728515306638512,0.6885791811312426,0.4271484693361489,0.5805266018732249,0.0009852433414919688,0.0007999901742750408,2.7797144735012536,28
2025-01-31,0.6263197739933942,0.6885791811312426,0.3736802260066058,0.5805266018732249,0.0008902336257568588,0.0007768277660208051,1.8110444835286332,28
2025-02-01,0.5669825674327219,0.6885791811312426,0.4330174325672782,0.5805266018732249,0.0009956720557946672,0.0008025326053317462,2.448825085967222,28
2025-02-02,0.6053311617690792,0.6885791811312426,0.3946688382309209,0.5805266018732249,0.0009275292015433509,0.0007859200191930879,1.4260214699548195,28
2025-02-03,0.5158946411227985,0.6885791811312426,0.48410535887720163,0.5805266018732249,0.001086450982500713,0.0008246638618003672,1.1549996972108116,28
2025-02-04,0.4468264199496911,0.6885791811312426,0.553173580050309,0.5805266018732249,0.001209177815946157,0.0008545841703159346,1.3577132691118456,28
2025-02-05,0.4528044930572866,0.6885791811312426,0.5471955069427135,0.5805266018732249,0.001198555490922752,0.0008519944729316689,2.524377807079026,28
2025-02-06,0.5886687524975702,0.6885791811312426,0.41133124750242983,0.5805266018732249,0.0009571372418522164,0.0007931381640583898,2.9579140410534985,28
2025-02-07,0.6373635280521094,0.6885791811312426,0.36263647194789084,0.5805266018732249,0.000870609433579324,0.0007720436189413745,2.9930252164135043,28
2025-02-08,0.6450458447486268,0.6885791811312426,0.3549541552513733,0.5805266018732249,0.0008569583185176221,0.0007687156443422023,3.0041740079376624,28
2025-02-09,0.6463807942301901,0.6885791811312426,0.35361920576980993,0.5805266018732249,0.0008545861738835746,0.0007681373450945503,2.9849124691255278,28
2025-02-10,0.6458846718382588,0.6885791811312426,0.35411532816174124,0.5805266018732249,0.000855467760932643,0.000768352264992239,2.8079886551921565,28
2025-02-11,0.6385882079009467,0.6885791811312426,0.3614117920990533,0.5805266018732249,0.0008684332366339083,0.0007715130884269402,2.4871688269144525,28
2025-02-12,0.6216822657989203,0.6885791811312426,0.37831773420107984,0.5805266018732249,0.0008984742295256379,0.000778836731556118,2.3195882009922135,28
2025-02-13,0.6071289398162976,0.6885791811312426,0.39287106018370255,0.5805266018732249,0.0009243346581976454,0.000785141222911648,2.6606349935351306,28
2025-02-14,0.6256852266519043,0.6885791811312426,0.3743147733480958,0.5805266018732249,0.0008913611828856117,0.000777102651516662,2.859558140452006,28
2025-02-15,0.6379557431483548,0.6885791811312426,0.3620442568516452,0.5805266018732249,0.00086955709602464,0.0007717870717466401,3.0008373103699952,28
2025-02-16,0.6453829422049504,0.6885791811312426,0.3546170577950497,0.5805266018732249,0.0008563593117020497,0.0007685696139432475,2.590415859492992,28
2025-02-17,0.6285083211023855,0.6885791811312426,0.37149167889761453,0.5805266018732249,0.000886344691915778,0.000775879688835818,2.953242746046576,28
2025-02-18,0.6423940931984027,0.6885791811312426,0.35760590680159743,0.5805266018732249,0.0008616703586728079,0.0007698643813900334,2.9728109734295525,28
2025-02-19,0.6449330883964366,0.6885791811312426,0.3550669116035634,0.5805266018732249,0.0008571586814067069,0.0007687644903206757,2.744633343445887,28
2025-02-20,0.6356115823017752,0.6885791811312426,0.3643884176982249,0.5805266018732249,0.0008737225555887339,0.0007728025607015965,2.4634366311877507,28
2025-02-21,0.6192443975102981,0.6885791811312426,0.38075560248970186,0.5805266018732249,0.0009028061877137835,0.0007798928145140542,1.9676715411606736,28
2025-02-22,0.5795601283174893,0.6885791811312426,0.42043987168251085,0.5805266018732249,0.0009733226429838516,0.0007970840141322946,2.902512357235721,28
2025-02-23,0.633534645706759,0.6885791811312426,0.3664653542932411,0.5805266018732249,0.0008774131689598066,0.0007737022882844803,2.9324342736948474,28
2025-02-24,0.642228383952659,0.6885791811312426,0.3577716160473411,0.5805266018732249,0.0008619648162691953,0.0007699361665275731,0.7203406781239613,28
2025-02-25,0.44222235063000265,0.6885791811312426,0.5577776493699974,0.5805266018732249,0.0012173586904864941,0.0008565786501524265,1.4878607448419343,28
2025-02-26,0.46745828684898116,0.6885791811312426,0.532541713151019,0.5805266018732249,0.0011725173851893514,0.0008456464589865565,0.7685337490336711,28
2025-02-27,0.4209880711084766,0.6885791811312426,0.5790119288915234,0.5805266018732249,0.0012550893349691948,0.0008657773262381692,2.717592231928115,28
2025-02-28,0.5978316950968731,0.6885791811312426,0.40216830490312705,0.5805266018732249,0.0009408552891924406,0.0007891687832805869,2.9187012190300585,28
2025-03-01,0.6368836408698457,0.6885791811312426,0.3631163591301545,0.5805266018732249,0.0008714621697725262,0.0007722515057567885,2.4078996831231927,28
2025-03-02,0.6161277934485041,0.6885791811312426,0.3838722065514959,0.5805266018732249,0.0009083442188814146,0.0007812429253677279,-0.9377782200846005,28
2025-03-03,0.4194734412986985,0.6885791811312426,0.5805265587013015,0.5805266018732249,0.0012577806352091984,0.0008664334628872058,-0.36966478808588443,28
2025-03-04,0.4194734909941814,0.6885791811312426,0.5805265090058187,0.5805266018732249,0.0012577805469068009,0.000866433441359155,2.6064739944129407,28
2025-03-05,0.5886391784251663,0.6885791811312426,0.41136082157483383,0.5805266018732249,0.0009571897930031319,0.0007931509755273311,1.2481546561055419,28
2025-03-06,0.4836251780476691,0.6885791811312426,0.516374821952331,0.5805266018732249,0.0011437905859297934,0.0008386429722282974,2.8157205840682007,28
2025-03-07,0.6149781058523612,0.6885791811312426,0.38502189414763893,0.5805266018732249,0.0009103871485399538,0.0007817409692870422,0.9189136469771353,28
2025-03-08,0.4541337807219372,0.6885791811312426,0.5458662192780628,0.5805266018732249,0.0011961935029934279,0.000851418626379423,2.7860863677899173,28
2025-03-09,0.6084414895644951,0.6885791811312426,0.391558510435505,0.5805266018732249,0.0009220023355575868,0.0007845726272139295,0.12034654821627488,28
2025-03-10,0.41967022547025057,0.6885791811312426,0.5803297745297495,0.5805266018732249,0.0012574309753708695,0.0008663482161120058,2.1669952502228798,28
2025-03-11,0.5467098449879044,0.6885791811312426,0.4532901550120957,0.5805266018732249,0.001031695087205566,0.0008113147355169026,0.9439722535727557,28
2025-03-12,0.43463383763904373,0.6885791811312426,0.5653661623609564,0.5805266018732249,0.0012308425432426269,0.000859865989047326,2.651015088478308,28
2025-03-13,0.5950235566155084,0.6885791811312426,0.40497644338449157,0.5805266018732249,0.000945845171864467,0.0007903852670453312,1.5356846311319512,28
2025-03-14,0.5256753509245053,0.6885791811312426,0.47432464907549465,0.5805266018732249,0.0010690715637422497,0.0008204268646720518,1.3717314642353298,28
2025-03-15,0.47680830636231364,0.6885791811312426,0.5231916936376864,0.5805266018732249,0.001155903434061907,0.0008415960366112018,2.8424514688090965,28
2025-03-16,0.615499472845367,0.6885791811312426,0.384500527154633,0.5805266018732249,0.0009094607090220437,0.0007815151134445777,2.0921534398817045,28
2025-03-17,0.5892354943045222,0.6885791811312426,0.4107645056954779,0.5805266018732249,0.0009561301794599951,0.000792892651876019,2.419565362053578,28
2025-03-18,0.6071874128978233,0.6885791811312426,0.3928125871021767,0.5805266018732249,0.0009242307550320687,0.0007851158924107404,2.4856487031738643,28
2025-03-19,0.6156041627617708,0.6885791811312426,0.3843958372382293,0.5805266018732249,0.0009092746809776973,0.0007814697618408436,0.7266200375256096,28
2025-03-20,0.43335368264819896,0.6885791811312426,0.5666463173518012,0.5805266018732249,0.0012331172188285104,0.0008604205513572171,1.642674900568688,28
2025-03-21,0.4851075162073854,0.6885791811312426,0.5148924837926147,0.5805266018732249,0.0011411566280711645,0.000838000824301077,2.856921913229117,28
2025-03-22,0.617680746744384,0.6885791811312426,0.3823192532556161,0.5805266018732249,0.0009055847081563698,0.0007805701870094238,2.9613038112185963,28
2025-03-23,0.6413085089308203,0.6885791811312426,0.35869149106917986,0.5805266018732249,0.0008635993910669867,0.0007703346557890846,2.143227801826452,28
2025-03-24,0.5989897013292169,0.6885791811312426,0.4010102986707831,0.5805266018732249,0.0009387975852396112,0.0007886671357334777,2.4373668109417976,28
2025-03-25,0.6103657612128037,0.6885791811312426,0.3896342387871964,0.5805266018732249,0.0009185830184068905,0.0007837390339867223,2.9782447649490456,28
2025-03-26,0.641023451273522,0.6885791811312426,0.35897654872647805,0.5805266018732249,0.0008641059250984394,0.0007704581425809292,2.903903131489176,28
2025-03-27,0.6420907705915082,0.6885791811312426,0.3579092294084918,0.5805266018732249,0.000862209348782003,0.0007699957805461703,2.981061307762062,28
2025-03-28,0.6451335061594748,0.6885791811312426,0.35486649384052527,0.5805266018732249,0.000856802548190103,0.0007686776694760058,1.2736964929183165,28
2025-03-29,0.5128260640152649,0.6885791811312426,0.48717393598473524,0.5805266018732249,0.0010919035534546714,0.0008259931674086744,2.1197078286156352,28
2025-03-30,0.5653068780205797,0.6885791811312426,0.43469312197942045,0.5805266018732249,0.0009986496297761183,0.0008032585128958328,2.908191276913733,28
2025-03-31,0.6319552127660638,0.6885791811312426,0.3680447872339363,0.5805266018732249,0.0008802197419157461,0.0007743864976077059,2.987471803976642,28
2025-04-01,0.644112202640647,0.6885791811312426,0.35588779735935316,0.5805266018732249,0.000858617357767077,0.000769120097496481,1.4219101788843078,28
2025-04-02,0.5289161268657552,0.6885791811312426,0.4710838731342448,0.5805266018732249,0.0010633129960326154,0.0008190229626409137,1.5200040376829527,28
2025-04-03,0.49992002666204244,0.6885791811312426,0.5000799733379577,0.5805266018732249,0.0011148363210578783,0.0008315840544007402,2.8483693474210887,28
2025-04-04,0.619290084628486,0.6885791811312426,0.3807099153715141,0.5805266018732249,0.0009027250042320304,0.0007798730228841534,2.8204919124178494,28
2025-04-05,0.6352757529766597,0.6885791811312426,0.36472424702334044,0.5805266018732249,0.0008743193077614018,0.0007729480417469365,2.9266763467408765,28
2025-04-06,0.6422298623153556,0.6885791811312426,0.3577701376846445,0.5805266018732249,0.0008619621892877209,0.0007699355261018139,0.02434994040943339,28
2025-04-07,0.4196906566185046,0.6885791811312426,0.5803093433814954,0.5805266018732249,0.0012573946718810972,0.000866339365351863,2.320453370402597,28
2025-04-08,0.5620943696355122,0.6885791811312426,0.4379056303644878,0.5805266018732249,0.0010043580124722983,0.0008046501694400075,1.1066304561757265,28
2025-04-09,0.45781317096807367,0.6885791811312426,0.5421868290319265,0.5805266018732249,0.0011896556555605834,0.000849824716916522,0.014707857481308761,28
2025-04-10,0.4194761488251734,0.6885791811312426,0.5805238511748267,0.5805266018732249,0.001257775824287453,0.000866432289988497,1.339703864487189,28
2025-04-11,0.4440299712508611,0.6885791811312426,0.555970028749139,0.5805266018732249,0.0012141467681366191,0.0008557955900744838,1.1171471069715482,28
2025-04-12,0.42901697488816554,0.6885791811312426,0.5709830251118346,0.5805266018732249,0.001240823002490311,0.0008622992103398605,2.1308626902520342,28
2025-04-13,0.5438309652339868,0.6885791811312426,0.4561690347660133,0.5805266018732249,0.0010368106173233949,0.000812561864354933,2.219291910748392,28
2025-04-14,0.5822613848095173,0.6885791811312426,0.4177386151904828,0.5805266018732249,0.00096852269850998,0.0007959138315758538,2.716728297172896,28
2025-04-15,0.6243536808640311,0.6885791811312426,0.375646319135969,0.5805266018732249,0.0008937272689684976,0.0007776794762864199,2.7459862355341773,28
2025-04-16,0.6327710047018089,0.6885791811312426,0.3672289952981912,0.5805266018732249,0.0008787701207631825,0.0007740330970714328,2.949672728759062,28
2025-04-17,0.6427097117436247,0.6885791811312426,0.35729028825637554,0.5805266018732249,0.000861109519218688,0.0007697276556414059,2.8646302496320124,28
2025-04-18,0.6405539289987277,0.6885791811312426,0.35944607100127246,0.5805266018732249,0.0008649402440008327,0.0007706615393251652,2.9232566765279073,28
2025-04-19,0.6427947280051154,0.6885791811312426,0.35720527199488483,0.5805266018732249,0.0008609584492754765,0.0007696908266521914,2.900857769723588,28
2025-04-20,0.642060861019588,0.6885791811312426,0.3579391389804121,0.5805266018732249,0.0008622624966928462,0.0007700087373532841,3.0052283605968975,28
2025-04-21,0.6460733185369908,0.6885791811312426,0.3539266814630094,0.5805266018732249,0.0008551325442930478,0.000768270543364975,1.9061395042107994,28
2025-04-22,0.5808086121655452,0.6885791811312426,0.41919138783445486,0.5805266018732249,0.0009711041745616774,0.0007965431717408724,0.20421382689711398,28
2025-04-23,0.34205038565587575,0.7114470696032857,0.6579496143441241,0.6579978900968907,0.00125949145298573,0.00041975005140320145,2.75950150984368,29
2025-04-24,0.5672845533155937,0.7114470696032857,0.4327154466844063,0.6579978900968907,0.0008960390427965492,0.00041511649907960543,2.9999475391676964,29
2025-04-25,0.6368689700367709,0.7114470696032857,0.3631310299632291,0.6579978900968907,0.0007837531219382088,0.0004136849976376413,2.878988265306895,29
2025-04-26,0.6424684877406055,0.7114470696032857,0.3575315122593944,0.6579978900968907,0.0007747173773884641,0.0004135698034886486,3.0683654174888444,29
2025-04-27,0.6539026276914813,0.7114470696032857,0.3460973723085186,0.6579978900968907,0.0007562665082836228,0.00041333457858343914,2.875770185689217,29
2025-04-28,0.6456439031067452,0.7114470696032857,0.35435609689325465,0.6579978900968907,0.0007695933214123298,0.00041350447834992285,2.7231415690355236,29
2025-04-29,0.6344507299734164,0.7114470696032857,0.36554927002658344,0.6579978900968907,0.0007876553507697234,0.00041373474604828865,2.8259211998188785,29
2025-04-30,0.6387334035719263,0.7114470696032857,0.3612665964280737,0.6579978900968907,0.0007807445511954819,0.00041364664222101524,3.0660652158198474,29
2025-05-01,0.653158817194657,0.7114470696032857,0.346841182805343,0.6579978900968907,0.0007574667691001908,0.00041334988036865084,2.083842847300084,29
2025-05-02,0.5812877627003461,0.7114470696032857,0.41871223729965373,0.6579978900968907,0.0008734425576651317,0.00041482842287848235,2.982027096299446,29
2025-05-03,0.6382757598626508,0.7114470696032857,0.36172424013734905,0.6579978900968907,0.0007814830347342432,0.00041365605693857125,2.865444640827688,29
2025-05-04,0.6419467163972438,0.7114470696032857,0.3580532836027561,0.6579978900968907,0.0007755593414338753,0.00041358053744986573,2.4830373454047105,29
2025-05-05,0.6157580446960529,0.7114470696032857,0.3842419553039471,0.6579978900968907,0.0008178190785688204,0.00041411929487674196,3.0021568361730697,29
2025-05-06,0.645728004594993,0.7114470696032857,0.354271995405007,0.6579978900968907,0.0007694576098016784,0.0004135027482010279,2.363282256698418,29
2025-05-07,0.6065285649896471,0.7114470696032857,0.3934714350103528,0.6579978900968907,0.0008327123647618811,0.0004143091651685522,2.9995534383888476,29
2025-05-08,0.6439259685252658,0.7114470696032857,0.3560740314747341,0.6579978900968907,0.000772365491962384,0.00041353981996729164,0.251502493258265,29
2025-05-09,0.34282390980582994,0.7114470696032857,0.65717609019417,0.6579978900968907,0.0012582432444967113,0.0004197341383440967,2.760831553592733,29
2025-05-10,0.5676407409038677,0.7114470696032857,0.43235925909613215,0.6579978900968907,0.000895464275449116,0.00041510917153314813,2.535600758798883,29
2025-05-11,0.6003581643272208,0.7114470696032857,0.39964183567277917,0.6579978900968907,0.0008426693228509077,0.0004144361036105478,2.952177692327735,29
2025-05-12,0.6399432986292634,0.7114470696032857,0.3600567013707365,0.6579978900968907,0.0007787921861443424,0.0004136217520717431,2.8287847758249445,29
2025-05-13,0.6400413732912803,0.7114470696032857,0.35995862670871975,0.6579978900968907,0.0007786339265156018,0.00041361973446454436,2.791330195102736,29
2025-05-14,0.6376855242523592,0.7114470696032857,0.36231447574764075,0.6579978900968907,0.0007824354771544867,0.00041366819935733463,2.991583688584787,29
2025-05-15,0.649063608718689,0.7114470696032857,0.35093639128131104,0.6579978900968907,0.0007640750628579818,0.00041343412763427046,3.0752936292718753,29
2025-05-16,0.6553445498322367,0.7114470696032857,0.34465545016776333,0.6579978900968907,0.0007539397292794656,0.0004133049151369241,3.075329214769414,29
2025-05-17,0.6563900534119507,0.7114470696032857,0.3436099465880492,0.6579978900968907,0.0007522526369525785,0.0004132834068746943,3.0479182349100076,29
2025-05-18,0.655234060571734,0.7114470696032857,0.34476593942826605,0.6579978900968907,0.0007541180219100772,0.0004133071881391735,1.751357761187943,29
2025-05-19,0.5409863228451479,0.7114470696032857,0.45901367715485203,0.6579978900968907,0.0009384755693955148,0.00041565751036652036,2.942499658248453,29
2025-05-20,0.628032654581635,0.7114470696032857,0.3719673454183648,0.6579978900968907,0.0007980119729918626,0.00041386677969333283,2.774170985481521,29
2025-05-21,0.6339965290343177,0.7114470696032857,0.36600347096568214,0.6579978900968907,0.0007883882788298343,0.00041374408994064127,1.8430581575947047,29
2025-05-22,0.5438228095700575,0.7114470696032857,0.45617719042994265,0.6579978900968907,0.0009338984308787682,0.0004155991577205093,2.5115855013599173,29
2025-05-23,0.5915944288559423,0.7114470696032857,0.40840557114405773,0.6579978900968907,0.0008568110538701613,0.00041461639253952446,1.0699095988362668,29
2025-05-24,0.3905099180797323,0.7114470696032857,0.6094900819202675,0.6579978900968907,0.0011812940230730032,0.0004187531343661639,2.7698443865533315,29
2025-05-25,0.5802244597786596,0.7114470696032857,0.41977554022134045,0.6579978900968907,0.0008751583720960571,0.00041485029731154314,2.8557760977802022,29
2025-05-26,0.6296029877017422,0.7114470696032857,0.3703970122982577,0.6579978900968907,0.0007954779817445783,0.00041383447455618116,3.0293701213473585,29
2025-05-27,0.6496767442770226,0.7114470696032857,0.3503232557229774,0.6579978900968907,0.0007630856675920526,0.0004134215141142148,3.055488176397822,29
2025-05-28,0.6544716534771016,0.7114470696032857,0.3455283465228983,0.6579978900968907,0.0007553482914027802,0.00041332287249648726,2.8123010724396336,29
2025-05-29,0.642029298549612,0.7114470696032857,0.3579707014503879,0.6579978900968907,0.0007754260815223004,0.00041357883855698476,2.216819110052446,29
2025-05-30,0.5914104072698437,0.7114470696032857,0.40858959273015627,0.6579978900968907,0.0008571080030164202,0.0004146201782602112,2.4453232715830926,29
2025-05-31,0.5983220523334299,0.7114470696032857,0.40167794766657006,0.6579978900968907,0.000845954925010676,0.0004144779908231229,2.941288603042533,29
2025-06-01,0.6388696178273601,0.7114470696032857,0.36113038217263993,0.6579978900968907,0.0007805247470479335,0.00041364384000016957,2.875609871646682,29
2025-06-02,0.6426604269875116,0.7114470696032857,0.35733957301248825,0.6579978900968907,0.000774407651783782,0.0004135658548846125,3.0695609016561805,29
2025-06-03,0.6539933350596921,0.7114470696032857,0.34600666494030785,0.6579978900968907,0.0007561201369964117,0.0004133327125373543,3.0405051195707755,29
2025-06-04,0.6544597571168134,0.7114470696032857,0.34554024288318663,0.6579978900968907,0.0007553674881406345,0.0004133231172302612,2.9731038841810795,29
2025-06-05,0.6510929012015774,0.7114470696032857,0.34890709879842274,0.6579978900968907,0.0007608004650154466,0.00041339238071373425,1.4504171721738923,29
2025-06-06,0.4926420696631839,0.7114470696032857,0.507357930336816,0.6579978900968907,0.001016486983441298,0.0004166520558610664,1.8503147301849323,29
2025-06-07,0.4832087816318054,0.7114470696032857,0.5167912183681945,0.6579978900968907,0.0010317091469631502,0.0004168461189294326,2.667651343871898,29
2025-06-08,0.5917549914100126,0.7114470696032857,0.40824500858998736,0.6579978900968907,0.0008565519597368724,0.00041461308942169285,3.025927474536758,29
2025-06-09,0.6428628308099906,0.7114470696032857,0.35713716919000926,0.6579978900968907,0.0007740810398619148,0.0004135616910017004,0.8609374736742779,29
2025-06-10,0.3825891421690967,0.7114470696032857,0.6174108578309032,0.6579978900968907,0.0011940754985584486,0.0004189160817999691,2.807723880139852,29
2025-06-11,0.5825172819368123,0.7114470696032857,0.4174827180631876,0.6579978900968907,0.000871458525826913,0.0004148031290175454,2.651042956601645,29
2025-06-12,0.6144084818671832,0.7114470696032857,0.38559151813281667,0.6579978900968907,0.0008199968205571861,0.0004141470582931299,1.886491300729523,29
2025-06-13,0.5413023695116714,0.7114470696032857,0.45869763048832857,0.6579978900968907,0.0009379655760446649,0.0004156510086053478,2.9782686988366054,29
2025-06-14,0.6306261225117511,0.7114470696032857,0.3693738774882488,0.6579978900968907,0.0007938269851363291,0.00041381342646776043,2.99168523459036,29
2025-06-15,0.647804903006208,0.7114470696032857,0.35219509699379214,0.6579978900968907,0.0007661061919542943,0.0004134600219239309,3.0762834302158395,29
2025-06-16,0.6551847672269115,0.7114470696032857,0.34481523277308845,0.6579978900968907,0.0007541975648455596,0.0004133082022095289,2.5533504384099466,29
2025-06-17,0.6247461298904643,0.7114470696032857,0.3752538701095357,0.6579978900968907,0.0008033153221247108,0.00041393439059037203,1.881117711919165,29
2025-06-18,0.5450354343065082,0.7114470696032857,0.45496456569349164,0.6579978900968907,0.0009319416611379751,0.0004155742114158539,2.9781527726215216,29
2025-06-19,0.6313135388605854,0.7114470696032857,0.3686864611394145,0.6579978900968907,0.0007927177255844236,0.0004137992848317311,3.0575144955324354,29
2025-06-20,0.6514676540020882,0.7114470696032857,0.3485323459979118,0.6579978900968907,0.0007601957396132884,0.00041338467124084376,2.6523265865388526,29
2025-06-21,0.6309932498643689,0.7114470696032857,0.369006750135631,0.6579978900968907,0.0007932345646573668,0.0004138058738667699,2.451705486113983,29
2025-06-22,0.6100814220185067,0.7114470696032857,0.3899185779814933,0.6579978900968907,0.0008269792445711157,0.00041423607524124445,2.9442193735953133,29
2025-06-23,0.6412760626852683,0.7114470696032857,0.35872393731473173,0.6579978900968907,0.0007766415517150884,0.0004135943342423229,0.7399406057967177,29
2025-06-24,0.3652103193148852,0.7114470696032857,0.6347896806851147,0.6579978900968907,0.0012221190891497267,0.00041927360164633254,2.7644928188720277,29
2025-06-25,0.5735473426366828,0.7114470696032857,0.42645265736331706,0.6579978900968907,0.0008859330005601177,0.0004149876600037563,2.709821734653645,29
2025-06-26,0.617092300637438,0.7114470696032857,0.3829076993625619,0.6579978900968907,0.0008156660367639715,0.00041409184635602357,3.0279758354321658,29
2025-06-27,0.6474270863169438,0.7114470696032857,0.3525729136830561,0.6579978900968907,0.0007667158614447065,0.00041346779442761716,3.075725559925604,29
2025-06-28,0.655094410868199,0.7114470696032857,0.344905589131801,0.6579978900968907,0.0007543433697211898,0.0004133100610345918,3.073161273518247,29
2025-06-29,0.6562416647476698,0.7114470696032857,0.3437583352523301,0.6579978900968907,0.0007524920865171919,0.0004132864595493721,2.9119934630399267,29
2025-06-30,0.6481191135992903,0.7114470696032857,0.3518808864007096,0.6579978900968907,0.0007655991613819427,0.0004134535579347465,2.7880804705288917,29
2025-07-01,0.6392090773393462,0.7114470696032857,0.36079092266065393,0.6579978900968907,0.0007799769731865931,0.0004136368565862992,2.578921802963979,29
2025-07-02,0.6226371075935845,0.7114470696032857,0.3773628924064155,0.6579978900968907,0.000806718577114255,0.00041397777772504056,1.4561123059011736,29
2025-07-03,0.47741623566696656,0.7114470696032857,0.5225837643330334,0.6579978900968907,0.001041056373639492,0.0004169652840858287,2.8447557489418935,29
2025-07-04,0.6072657015334155,0.7114470696032857,0.3927342984665845,0.6579978900968907,0.0008315228734975323,0.0004142940006809406,2.6012063708052766,29
2025-07-05,0.6163761109754174,0.7114470696032857,0.3836238890245825,0.6579978900968907,0.0008168217267893649,0.0004141065799211264,3.045748759764546,29
2025-07-06,0.6482844598166957,0.7114470696032857,0.3517155401833043,0.6579978900968907,0.0007653323480118548,0.00041345015640664886,2.931407723295038,29
2025-07-07,0.6476895639939546,0.7114470696032857,0.35231043600604545,0.6579978900968907,0.0007662923104578654,0.00041346239469602745,2.902714093905699,29
2025-07-08,0.6459746674310116,0.7114470696032857,0.35402533256898827,0.6579978900968907,0.0007690595786673395,0.0004134976738148064,2.993781065950359,29
2025-07-09,0.6506532026715396,0.7114470696032857,0.3493467973284604,0.6579978900968907,0.0007615099910549744,0.0004134014262602723,2.121709601974415,29
2025-07-10,0.5844609916007651,0.7114470696032857,0.41553900839923474,0.6579978900968907,0.0008683220300760784,0.0004147631427200694,1.0778055238662256,29
2025-07-11,0.38820225036324996,0.7114470696032857,0.61179774963675,0.6579978900968907,0.0011850178247210957,0.00041880060806529624,2.4735324911539003,29
2025-07-12,0.542967380780516,0.7114470696032857,0.45703261921948396,0.6579978900968907,0.0009352788061255808,0.0004156167557345967,2.968036618171175,29
2025-07-13,0.630223831625368,0.7114470696032857,0.369776168374632,0.6579978900968907,0.0007944761477711638,0.000413821702458436,2.7352034751412795,29
2025-07-14,0.6318275562642619,0.7114470696032857,0.368172443735738,0.6579978900968907,0.0007918882738030972,0.00041378871038576703,2.9341292440847333,29
2025-07-15,0.6447514741958557,0.7114470696032857,0.3552485258041444,0.6579978900968907,0.0007710334025260068,0.00041352283753626066,2.3664615069005053,29
2025-07-16,0.6065624593345565,0.7114470696032857,0.39343754066544334,0.6579978900968907,0.0008326576706519308,0.00041430846788881776,2.897420059801114,29
2025-07-17,0.6376671317839854,0.7114470696032857,0.3623328682160145,0.6579978900968907,0.0007824651564330388,0.00041366857773005424,2.987799313812608,29
2025-07-18,0.6488458944159323,0.7114470696032857,0.3511541055840677,0.6579978900968907,0.0007644263807639452,0.0004134386064867638,2.695913909055471,29
2025-07-19,0.6333702685617817,0.7114470696032857,0.3666297314382183,0.6579978900968907,0.0007893988532994531,0.0004137569734684731,3.0620627120386117,29
2025-07-20,0.6520519010031158,0.7114470696032857,0.34794809899688417,0.6579978900968907,0.0007592529607941223,0.00041337265202068144,3.013258153600266,29
2025-07-21,0.6527489570070416,0.7114470696032857,0.3472510429929583,0.6579978900968907,0.0007581281460576516,0.00041335831207616846,3.079614013101294,29
2025-07-22,0.6561655260724069,0.7114470696032857,0.34383447392759314,0.6579978900968907,0.0007526149488175517,0.0004132880258860401,2.1321417070404682,29
2025-07-23,0.5470783838410777,0.6966061264440805,0.45292161615892246,0.6610626133793568,0.0007859818922615897,0.000850160195161712,2.723674839139547,30
2025-07-24,0.5948173008089821,0.6966061264440805,0.405182699191018,0.6610626133793568,0.0007197163653203943,0.0007876237490911358,3.119718491556748,30
2025-07-25,0.6319488811453853,0.6966061264440805,0.3680511188546149,0.6610626133793568,0.0006681692826370356,0.0007389825729039193,3.0178101636629444,30
2025-07-26,0.6328857462530065,0.6966061264440805,0.3671142537469936,0.6610626133793568,0.0006668686394851965,0.0007377553097400408,3.1364897353542083,30
2025-07-27,0.6388221234710558,0.6966061264440805,0.3611778765289443,0.6610626133793568,0.0006586271392850076,0.0007299788464825955,2.796751747644776,30
2025-07-28,0.6195161266439375,0.6966061264440805,0.3804838733560627,0.6610626133793568,0.0006854293018645073,0.0007552690814962954,2.7688121102792334,30
2025-07-29,0.6149041370375952,0.6966061264440805,0.385095862962405,0.6610626133793568,0.0006918318534583939,0.0007613106395712091,3.149776346013864,30
2025-07-30,0.6368406677068513,0.6966061264440805,0.3631593322931488,0.6610626133793568,0.0006613780170185685,0.0007325744898153237,3.1706394513288743,30
2025-07-31,0.6413983398863548,0.6966061264440805,0.3586016601136453,0.6610626133793568,0.0006550505283783027,0.0007266040858228638,2.4822065135876867,30
2025-08-01,0.5983152954692111,0.6966061264440805,0.40168470453078875,0.6610626133793568,0.0007148605546635438,0.0007830414885724973,1.9599581274322662,30
2025-08-02,0.526039122651782,0.6966061264440805,0.4739608773482181,0.6610626133793568,0.0008151836269250112,0.0008777209507526637,2.9538117458194275,30
2025-08-03,0.6087699529007259,0.6966061264440805,0.391230047099274,0.6610626133793568,0.0007003474643065608,0.0007693462235313605,2.5881103813892303,30
2025-08-04,0.5960405285285563,0.6966061264440805,0.40395947147144395,0.6610626133793568,0.0007180183222783697,0.0007860213601142637,2.975411302679403,30
2025-08-05,0.6228199105265938,0.6966061264440805,0.3771800894734062,0.6610626133793568,0.0006808428097986772,0.0007509412308509719,2.908500526723046,30
2025-08-06,0.6248005746367545,0.6966061264440805,0.3751994253632457,0.6610626133793568,0.0006780931264391077,0.0007483466245595838,3.002955244912567,30
2025-08-07,0.6299063963839757,0.6966061264440805,0.3700936036160244,0.6610626133793568,0.0006710048392320065,0.0007416581622604547,2.1528175062631463,30
2025-08-08,0.558039922816516,0.6966061264440805,0.44196007718348407,0.6610626133793568,0.000770767070116982,0.0008358009315980058,2.9997302610497374,30
2025-08-09,0.6181745188361507,0.6966061264440805,0.3818254811638494,0.6610626133793568,0.0006872917839309485,0.0007570265445819352,3.1457413918978645,30
2025-08-10,0.6371922806360527,0.6966061264440805,0.36280771936394735,0.6610626133793568,0.0006608898697448948,0.0007321138881850121,1.9813178240772782,30
2025-08-11,0.5394785664843169,0.6966061264440805,0.4605214335156831,0.6610626133793568,0.0007965303395421898,0.0008601157115090311,3.0421162957643175,30
2025-08-12,0.6175306126345014,0.6966061264440805,0.3824693873654989,0.6610626133793568,0.0006881856821348262,0.0007578700409997748,2.808959249038021,30
2025-08-13,0.6157250777794946,0.6966061264440805,0.3842749222205055,0.6610626133793568,0.00069069219546407,0.000760235233598605,1.643436942854665,30
2025-08-14,0.47786243476590573,0.6966061264440805,0.5221375652340943,0.6610626133793568,0.0008820454075129095,0.0009408308626482272,1.111077111247349,30
2025-08-15,0.3473319743272268,0.6966061264440805,0.6526680256727732,0.6610626133793568,0.0010631614394095673,0.0011118215683083275,2.6503285850692437,30
2025-08-16,0.536554050096496,0.6966061264440805,0.463445949903504,0.6610626133793568,0.0008005894772943208,0.0008639467339323602,3.078734864872327,30
2025-08-17,0.6191842493931505,0.6966061264440805,0.3808157506068496,0.6610626133793568,0.0006858900298028451,0.000755703830022531,3.158136599680863,30
2025-08-18,0.637845499609733,0.6966061264440805,0.36215450039026703,0.6610626133793568,0.0006599829990621885,0.0007312581923352865,2.835340204176533,30
2025-08-19,0.6232900128115656,0.6966061264440805,0.3767099871884344,0.6610626133793568,0.0006801901852521604,0.0007503254119749057,1.3531304372629438,30
2025-08-20,0.44011111144665443,0.6966061264440805,0.5598888885533457,0.6610626133793568,0.000934432830314113,0.000990283882213679,2.663110997239461,30
2025-08-21,0.5600090481895279,0.6966061264440805,0.4399909518104721,0.6610626133793568,0.0007680338433917523,0.0008332214406812271,2.3862339457531525,30
2025-08-22,0.5652563067219585,0.6966061264440805,0.43474369327804163,0.6610626133793568,0.0007607503685031072,0.0008263477007417071,1.0877418218975583,30
2025-08-23,0.3576845735895617,0.6966061264440805,0.6423154264104384,0.6610626133793568,0.0010487989449302509,0.0010982599961868956,2.5282079215271893,30
2025-08-24,0.5230412103691342,0.6966061264440805,0.4769587896308657,0.6610626133793568,0.0008193444972404315,0.0008816481194379975,2.4865911607160607,30
2025-08-25,0.5654022412037755,0.6966061264440805,0.43459775879622453,0.6610626133793568,0.0007605478023032423,0.0008261565312633938,1.3891080453077698,30
2025-08-26,0.4155103155978139,0.6966061264440805,0.5844896844021863,0.6610626133793568,0.0009685686647805411,0.0010225101336790942,2.4316858588906687,30
2025-08-27,0.5227156070316702,0.6966061264440805,0.4772843929683299,0.6610626133793568,0.000819796407625611,0.0008820746493395329,2.9750546742454813,30
2025-08-28,0.6096843440655321,0.6966061264440805,0.3903156559344681,0.6610626133793568,0.0006990780943451835,0.0007681484005098676,2.850982478178725,30
2025-08-29,0.617038832631548,0.6966061264440805,0.38296116736845215,0.6610626133793568,0.0006888683912671374,0.0007585142569892985,1.0022962564701818,30
2025-08-30,0.37564043490681936,0.6966061264440805,0.6243595650931806,0.6610626133793568,0.001023887327797399,0.0010747383952743241,2.896150752626702,30
2025-08-31,0.5714419635437494,0.6966061264440805,0.4285580364562506,0.6610626133793568,0.000752164225349823,0.0008182446892195334,3.068107857962941,30
2025-09-01,0.6249574977861961,0.6966061264440805,0.37504250221380386,0.6610626133793568,0.0006778752752089885,0.0007481410602800487,3.0703081490108826,30
2025-09-02,0.6338622215129529,0.6966061264440805,0.36613777848704715,0.6610626133793568,0.0006655130026351049,0.0007364761585503741,2.255143924359298,30
2025-09-03,0.5710361666329208,0.6966061264440805,0.4289638333670792,0.6610626133793568,0.0007527275051055742,0.0008187762701233629,3.0374380191494548,30
2025-09-04,0.6223413225176517,0.6966061264440805,0.3776586774823484,0.6610626133793568,0.000681507213963516,0.0007515681657525609,2.983233843691901,30
2025-09-05,0.6291780940242759,0.6966061264440805,0.37082190597572395,0.6610626133793568,0.0006720159290209433,0.0007426122149313825,3.1586891111980266,30
2025-09-06,0.6396148342236413,0.6966061264440805,0.36038516577635876,0.6610626133793568,0.0006575266060935654,0.0007289404208881908,3.123177980959184,30
2025-09-07,0.6396403840944935,0.6966061264440805,0.3603596159055066,0.6610626133793568,0.0006574911347577,0.0007289069513789909,2.9444081336892127,30
2025-09-08,0.6291744675884026,0.6966061264440805,0.37082553241159766,0.6610626133793568,0.000672020963535683,0.0007426169654457605,3.040045821006345,30
2025-09-09,0.6328702502596361,0.6966061264440805,0.36712974974036405,0.6610626133793568,0.0006668901524868528,0.0007377756089930459,3.07877710144309,30
2025-09-10,0.6362863475191176,0.6966061264440805,0.3637136524808826,0.6610626133793568,0.0006621475836724424,0.0007333006314357831,2.0705899277889555,30
2025-09-11,0.5505377808256643,0.6966061264440805,0.4494622191743358,0.6610626133793568,0.0007811802287554252,0.000845628496356966,2.6836540065680516,30
2025-09-12,0.5899236658287119,0.6966061264440805,0.4100763341712881,0.6610626133793568,0.0007265094912954916,0.0007940342535489243,3.044511494865382,30
2025-09-13,0.6261777628891269,0.6966061264440805,0.37382223711087315,0.6610626133793568,0.0006761812185498572,0.0007465425522357096,3.1573081797724294,30
2025-09-14,0.6390590307213924,0.6966061264440805,0.3609409692786079,0.6610626133793568,0.000658298237333922,0.0007296685056029658,3.104352926281994,30
2025-09-15,0.6386282254708979,0.6966061264440805,0.3613717745291023,0.6610626133793568,0.0006588963306943635,0.0007302328466275553,3.1780816933164044,30
2025-09-16,0.6419765658720212,0.6966061264440805,0.3580234341279789,0.6610626133793568,0.000654247762966943,0.0007258466283758601,2.8223714646773863,30
2025-09-17,0.6219252873691432,0.6966061264440805,0.3780747126308568,0.6610626133793568,0.0006820847779111144,0.0007521131584185163,3.1497900263581644,30
2025-09-18,0.6380067116356625,0.6966061264440805,0.36199328836433753,0.6610626133793568,0.0006597591865076239,0.0007310470097654715,3.1444470895360577,30
2025-09-19,0.6400650479757151,0.6966061264440805,0.35993495202428516,0.6610626133793568,0.0006569015660811953,0.0007283506553506586,2.773644871083592,30
2025-09-20,0.6197782462369276,0.6966061264440805,0.3802217537630725,0.6610626133793568,0.0006850654145897358,0.0007549257132585513,3.1585323417269504,30
2025-09-21,0.6379599531428017,0.6966061264440805,0.3620400468571983,0.6610626133793568,0.0006598241018832289,0.0007311082618874895,3.133163562751217,30
2025-09-22,0.6398473753246303,0.6966061264440805,0.36015262467536974,0.6610626133793568,0.0006572037651033395,0.0007286357995238024,1.91655206679141,30
2025-09-23,0.5377435344686097,0.6966061264440805,0.46225646553139044,0.6610626133793568,0.0007989385135372557,0.0008623885476555645,2.981412874108172,30
2025-09-24,0.613053882369748,0.6966061264440805,0.3869461176302521,0.6610626133793568,0.0006944004317412638,0.0007637344136867896,2.836488640935017,30
2025-09-25,0.6167251542536101,0.6966061264440805,0.38327484574639,0.6610626133793568,0.000689303851999019,0.0007589251655773295,0.9540421215372523,30
2025-09-26,0.3686081075049553,0.6966061264440805,0.6313918924950446,0.6610626133793568,0.0010336439755931459,0.0010839505180297055,2.8589935147332075,30
2025-09-27,0.5655919914279053,0.6966061264440805,0.43440800857209483,0.6610626133793568,0.000760284416999796,0.0008259079645716497,3.109103142217128,30
2025-09-28,0.6262770929956903,0.6966061264440805,0.3737229070043096,0.6610626133793568,0.0006760433213810015,0.000746412432990305,1.9807357286009681,30
2025-09-29,0.5347667676958182,0.6966061264440805,0.4652332323041818,0.6610626133793568,0.0008030701552053823,0.0008662880164029703,2.2742057755356098,30
2025-09-30,0.5394296558582576,0.6966061264440805,0.4605703441417425,0.6610626133793568,0.0007965982262106958,0.0008601797828563327,3.0521964300053837,30
2025-10-01,0.618181096963875,0.6966061264440805,0.3818189030361251,0.6610626133793568,0.0006872826518845872,0.0007570179274461516,1.0027958207778949,30
2025-10-02,0.36616825857626895,0.6966061264440805,0.6338317414237311,0.6610626133793568,0.0010370289812138508,0.001087146641667193,2.3130175718045707,30
2025-10-03,0.48822345141916057,0.6966061264440805,0.5117765485808394,0.6610626133793568,0.0008676665935898983,0.000927258264015371,2.5560515297141526,30
2025-10-04,0.560279182890956,0.6966061264440805,0.4397208171090442,0.6610626133793568,0.0007676588843162826,0.0008328675729091745,3.1046296135556655,30
2025-10-05,0.6250633237504325,0.6966061264440805,0.3749366762495675,0.6610626133793568,0.0006777283604672374,0.0007480024316699823,2.947974400851582,30
2025-10-06,0.6265887870270037,0.6966061264440805,0.3734112129729965,0.6610626133793568,0.0006756106051805305,0.000746004123832541,2.890433750393311,30
2025-10-07,0.6232076794283843,0.6966061264440805,0.3767923205716158,0.6610626133793568,0.0006803044855104974,0.0007504332660592493,1.6262475212764547,30
2025-10-08,0.4872709579921213,0.6966061264440805,0.5127290420078787,0.6610626133793568,0.0008689884605014319,0.0009285059997751217,2.556605558341947,30
2025-10-09,0.5600807927669675,0.6966061264440805,0.43991920723303257,0.6610626133793568,0.0007679342587264482,0.0008331274575918972,2.5604829376737905,30
2025-10-10,0.5832002941833896,0.6966061264440805,0.41679970581661036,0.6610626133793568,0.0007358424421292576,0.0008028416541984365,-0.06686326379806606,30
2025-10-11,0.33894181370850074,0.6966061264440805,0.6610581862914992,0.6610626133793568,0.0010748011096843935,0.0011228124089134712,1.9075685328902516,30
2025-10-12,0.41338651627145495,0.6966061264440805,0.586613483728545,0.6610626133793568,0.0009715155314853646,0.0010252922425008518,1.4131457114769992,30
2025-10-13,0.3535237661552645,0.6966061264440805,0.6464762338447355,0.6610626133793568,0.001054571411339229,0.0011037105201252564,2.8768489753787274,30
2025-10-14,0.5644443118812351,0.6966061264440805,0.435555688118765,0.6610626133793568,0.0007618774668581883,0.0008274113878714471,2.3497209211794385,30
2025-10-15,0.5625720586829827,0.6966061264440805,0.43742794131701745,0.6610626133793568,0.0007644762598450084,0.000829863979354444,2.0036782864195377,30
2025-10-16,0.5176653718475293,0.6966061264440805,0.48233462815247086,0.6610626133793568,0.0008268056679596805,0.0008886902950285437,1.8071175707336387,30
2025-10-17,0.4675628746258534,0.6966061264440805,0.5324371253741467,0.6610626133793568,0.0008963385681434703,0.0009543229552250671,2.5452167076599195,30
2025-10-18,0.5564742443986337,0.6966061264440805,0.4435257556013662,0.6610626133793568,0.0007729402864355678,0.0008378519199773521,3.0471053704784414,30
2025-10-19,0.6203952543629334,0.6966061264440805,0.3796047456370667,0.6610626133793568,0.0006842088527169354,0.0007541174524548341,2.6405849061302042,30
2025-10-20,0.6034839115219267,0.6966061264440805,0.3965160884780734,0.6610626133793568,0.000707685560922505,0.0007762707677524699,2.4023359510054476,30
2025-10-21,0.5767612930882372,0.6966061264440805,0.4232387069117629,0.6610626133793568,0.0007447805026716316,0.0008112765385718318,2.3412625528261306,30
2025-10-22,0.6377041373286554,0.7433772989113232,0.3622958626713445,0.620441062387176,0.0006935080160274242,0.000400717823582197,2.8881170260609585,31
2025-10-23,0.6724826585010778,0.7433772989113232,0.3275173414989222,0.620441062387176,0.0006438259928830241,0.00040289071769321057,2.1061480923779112,31
2025-10-24,0.6185276330208909,0.7433772989113232,0.3814723669791092,0.620441062387176,0.0007209021477577223,0.0003995197130278815,2.9451929456509505,31
2025-10-25,0.6722476285557571,0.7433772989113232,0.32775237144424296,0.620441062387176,0.0006441617393119005,0.0004028760334810336,3.097303402550075,31
2025-10-26,0.6901377468390806,0.7433772989113232,0.3098622531609194,0.620441062387176,0.0006186052358315519,0.00040399377314772163,1.747109479556944,31
2025-10-27,0.584003838281538,0.7433772989113232,0.415996161718462,0.620441062387176,0.0007702202730512359,0.00039736273372714963,3.0295083595491956,31
2025-10-28,0.6709640391202069,0.7433772989113232,0.32903596087979314,0.620441062387176,0.0006459953804113477,0.0004027958373188207,2.9020200646461016,31
2025-10-29,0.6799610923631596,0.7433772989113232,0.3200389076368404,0.620441062387176,0.0006331428541354179,0.0004033579556421147,1.7814020792508538,31
2025-10-30,0.5832102669667929,0.7433772989113232,0.4167897330332071,0.620441062387176,0.0007713539098964439,0.00039731315294055063,2.195248194196798,31
2025-10-31,0.5956947252347128,0.7433772989113232,0.4043052747652871,0.620441062387176,0.0007535195425571366,0.00039809315752197216,2.6617118773122637,31
2025-11-01,0.646927613738054,0.7433772989113232,0.35307238626194615,0.620441062387176,0.0006803320407128713,0.00040129408838292545,3.10102970297578,31
2025-11-02,0.6860541924226523,0.7433772989113232,0.3139458075773477,0.620441062387176,0.0006244387007052954,0.0004037386406393706,3.1445199959329106,31
2025-11-03,0.694510439937619,0.7433772989113232,0.305489560062381,0.620441062387176,0.0006123587286022669,0.0004042669704764976,0.9204469144930856,31
2025-11-04,0.4507154436191566,0.7433772989113232,0.5492845563808433,0.620441062387176,0.0009606260723974527,0.00038903513502355693,0.9282565689028911,31
2025-11-05,0.3811830417363481,0.7433772989113232,0.6188169582636518,0.620441062387176,0.001059954789327485,0.00038469088628949674,1.9684469515140042,31
2025-11-06,0.48419106535122236,0.7433772989113232,0.5158089346487778,0.620441062387176,0.0009128053240704775,0.00039112662652095284,1.8104222481783006,31
2025-11-07,0.49745531476893523,0.7433772989113232,0.5025446852310648,0.620441062387176,0.0008938570153806372,0.0003919553509311677,2.1589133772068614,31
2025-11-08,0.5601639139691905,0.7433772989113232,0.4398360860308096,0.620441062387176,0.0008042762102850247,0.00039587326179450224,2.780399514508536,31
2025-11-09,0.6481937188375262,0.7433772989113232,0.3518062811624738,0.620441062387176,0.0006785233766827402,0.0004013731921579516,2.0479714072502753,31
2025-11-10,0.6026382960015721,0.7433772989113232,0.39736170399842785,0.620441062387176,0.0007436004739344359,0.00039852697826880365,2.7152859840119246,31
2025-11-11,0.6528925477172723,0.7433772989113232,0.34710745228272766,0.620441062387176,0.000671810977435156,0.0004016667658136813,1.4079748737644537,31
2025-11-12,0.511360228797249,0.7433772989113232,0.48863977120275104,0.620441062387176,0.0008739934999582768,0.00039282410281559887,2.645807147674798,31
2025-11-13,0.6241926754773567,0.7433772989113232,0.3758073245226434,0.620441062387176,0.0007128094885801242,0.00039987365382172,2.4755919917028053,31
2025-11-14,0.6383599969039223,0.7433772989113232,0.36164000309607763,0.620441062387176,0.0006925711036326125,0.0004007588004081433,0.2610998151169257,31
2025-11-15,0.38003330228992227,0.7433772989113232,0.6199666977100777,0.620441062387176,0.0010615972196026905,0.00038461905281331324,2.6612684205716928,31
2025-11-16,0.5918128082649152,0.7433772989113232,0.408187191735085,0.620441062387176,0.000759064960176528,0.00039785062292766626,2.5947384050221354,31
2025-11-17,0.6401222159587036,0.7433772989113232,0.35987778404129656,0.620441062387176,0.0006900537280419076,0.00040086890041462337,1.840495543675345,31
2025-11-18,0.5723972814018843,0.7433772989113232,0.4276027185981155,0.620441062387176,0.0007868005348267478,0.00039663757871069815,2.8560479615514374,31
2025-11-19,0.6568422487267542,0.7433772989113232,0.34315775127324577,0.620441062387176,0.000666168726697946,0.00040191353542246423,2.4776891161933112,31
2025-11-20,0.6478203036367194,0.7433772989113232,0.3521796963632806,0.620441062387176,0.0006790568100003474,0.0004013498619051564,0.49069537051391854,31
2025-11-21,0.38321723211672587,0.7433772989113232,0.6167827678832741,0.620441062387176,0.0010570488997316138,0.0003848179785334795,2.0369484768720514,31
2025-11-22,0.49693077657648543,0.7433772989113232,0.5030692234235145,0.620441062387176,0.0008946063312011671,0.0003919225788088648,2.9801741018240953,31
2025-11-23,0.6509708883170755,0.7433772989113232,0.3490291116829244,0.620441062387176,0.000674556117881849,0.0004015467042856663,1.9025340263149777,31
2025-11-24,0.5858857245332406,0.7433772989113232,0.4141142754667595,0.620441062387176,0.0007675319505660634,0.00039748031030648864,2.4606637574238888,31
2025-11-25,0.626071115014893,0.7433772989113232,0.37392888498510685,0.620441062387176,0.0007101260892246602,0.00039999101505708615,2.8218709870173813,31
2025-11-26,0.665797012691009,0.7433772989113232,0.334202987308991,0.620441062387176,0.0006533766127533266,0.00040247301159417894,1.1548440405429434,31
2025-11-27,0.47461459458828914,0.7433772989113232,0.5253854054117109,0.620441062387176,0.0009264855487960157,0.0003905283073221028,2.7871019914221375,31
2025-11-28,0.6292916622404995,0.7433772989113232,0.3707083377595005,0.620441062387176,0.0007055254543374827,0.00040019222856084815,3.075674647794878,31
2025-11-29,0.6817075626620609,0.7433772989113232,0.31829243733793916,0.620441062387176,0.0006306479754835319,0.0004034670716970708,3.1537902262357758,31
2025-11-30,0.6942023277134344,0.7433772989113232,0.3057976722865656,0.620441062387176,0.0006127988750323513,0.0004042477202262025,3.152138517375825,31
2025-12-01,0.6961240429927684,0.7433772989113232,0.3038759570072317,0.620441062387176,0.0006100536541122617,0.0004043677852454369,0.4546601123414542,31
2025-12-02,0.38923003582072097,0.7433772989113232,0.610769964179279,0.620441062387176,0.00104845946568542,0.000385193646771192,0.8259131446620089,31
2025-12-03,0.3798085288631625,0.7433772989113232,0.6201914711368376,0.620441062387176,0.0010619183138131513,0.000384605009408394,2.100365919343531,31
2025-12-04,0.507195297912049,0.7433772989113232,0.492804702087951,0.620441062387176,0.0008799432074433165,0.0003925638860643356,2.5048898685389815,31
2025-12-05,0.6079946928129084,0.7433772989113232,0.39200530718709165,0.620441062387176,0.0007359487236878095,0.00039886163548524773,1.3040887588075418,31
2025-12-06,0.4665711450619333,0.7433772989113232,0.5334288549380668,0.620441062387176,0.0009379758143139814,0.0003900257682974731,2.9565379122073967,31
2025-12-07,0.6429503221096626,0.7433772989113232,0.35704967789033737,0.620441062387176,0.0006860137050593324,0.00040104559496613327,2.9088406503775857,31
2025-12-08,0.6748401320164863,0.7433772989113232,0.3251598679835138,0.620441062387176,0.0006404582802347664,0.00040303800803638263,3.0608541291830895,31
2025-12-09,0.6888672025073762,0.7433772989113232,0.31113279749262385,0.620441062387176,0.0006204202418362925,0.0004039143920181315,1.9913214067794307,31
2025-12-10,0.6127130072916667,0.7433772989113232,0.3872869927083332,0.620441062387176,0.0007292084902357242,0.00039915642656316544,2.949859209466732,31
2025-12-11,0.6713662479634267,0.7433772989113232,0.32863375203657325,0.620441062387176,0.0006454208145546282,0.0004028209665421852,3.088055422032226,31
2025-12-12,0.6895572364775724,0.7433772989113232,0.3104427635224278,0.620441062387176,0.000619434510157246,0.00040395750399356046,1.758750523490094,31
2025-12-13,0.5849427811836149,0.7433772989113232,0.4150572188163852,0.620441062387176,0.0007688789691827589,0.0003974213970467424,3.074026200658399,31
2025-12-14,0.6738800464056061,0.7433772989113232,0.32611995359439394,0.620441062387176,0.0006418297876754161,0.00040297802376161693,1.8508580472748828,31
2025-12-15,0.5893095119723066,0.7433772989113232,0.4106904880276935,0.620441062387176,0.0007626409828564006,0.00039769422186203827,2.1991043246664486,31
2025-12-16,0.5983277949400365,0.7433772989113232,0.4016722050599635,0.620441062387176,0.0007497581351106272,0.0003982576665770934,2.539237793945133,31
2025-12-17,0.6370174994055529,0.7433772989113232,0.36298250059444725,0.620441062387176,0.0006944888960859046,0.0004006749237851611,2.242131936280304,31
2025-12-18,0.6197853977099613,0.7433772989113232,0.3802146022900387,0.620441062387176,0.0007191053984994593,0.00039959829571034725,2.968197424496488,31
2025-12-19,0.6738499727489526,0.7433772989113232,0.32615002725104736,0.620441062387176,0.0006418727486814854,0.0004029761448182566,1.3095801101845501,31
2025-12-20,0.50755550131067,0.7433772989113232,0.49244449868933005,0.620441062387176,0.0008794286479239145,0.00039258639086952126,3.001984733845352,31
2025-12-21,0.6547453943625027,0.7433772989113232,0.3452546056374974,0.620441062387176,0.0006691641377718522,0.00040178252805509677,3.128062236520047,31
2025-12-22,0.6886744937877866,0.7433772989113232,0.31132550621221344,0.620441062387176,0.000620695531311122,0.00040390235195352203,3.1672353187006643,31
2025-12-23,0.6958781126330142,0.7433772989113232,0.30412188736698575,0.620441062387176,0.0006104049721138584,0.00040435241999664496,2.7594854898659715,31
2025-12-24,0.6771581890971534,0.7433772989113232,0.3228418109028465,0.620441062387176,0.0006371468749533664,0.00040318283571765754,3.144273653910421,31
2025-12-25,0.6930670652397416,0.7433772989113232,0.30693293476025835,0.620441062387176,0.0006144206273803999,0.0004041767912430145,3.11285520614353,31
2025-12-26,0.6942794104344181,0.7433772989113232,0.305720589565582,0.620441062387176,0.0006126887603345964,0.00040425253620413493,3.173466985151487,31
2025-12-27,0.6970176155345387,0.7433772989113232,0.3029823844654614,0.620441062387176,0.0006087771621779275,0.000404423613913486,3.1427924761636103,31
2025-12-28,0.6961998963516385,0.7433772989113232,0.3038001036483615,0.620441062387176,0.000609945295589537,0.0004043725244152242,3.176473300459094,31
2025-12-29,0.6974381735595763,0.7433772989113232,0.30256182644042373,0.620441062387176,0.0006081763839492855,0.00040444988955791076,3.0387897866327487,31
2025-12-30,0.6917556722235407,0.7433772989113232,0.30824432777645927,0.620441062387176,0.0006162939868354181,0.00040409485796735853,2.673201606309915,31
2025-12-31,0.6710947036470674,0.7433772989113232,0.32890529635293264,0.620441062387176,0.0006458087227159035,0.00040280400098338616,2.8714866982818537,31
2026-01-01,0.6782792976453274,0.7433772989113232,0.32172070235467265,0.620441062387176,0.0006355453420000601,0.00040325288039120926,2.7615774797849877,31
2026-01-02,0.6734273132119265,0.7433772989113232,0.3265726867880734,0.620441062387176,0.0006424765288975808,0.0004029497378754652,2.708395501479212,31
2026-01-03,0.6689971773122823,0.7433772989113232,0.33100282268771775,0.620441062387176,0.0006488050939506034,0.00040267295163261144,3.0371455666112555,31
2026-01-04,0.6866949889136206,0.7433772989113232,0.3133050110863794,0.620441062387176,0.0006235233060748045,0.0004037786763532148,3.0114703733906283,31
2026-01-05,0.6886070608623182,0.7433772989113232,0.3113929391376819,0.620441062387176,0.000620791861018801,0.00040389813887597596,1.579901729693912,31
2026-01-06,0.5600041567303014,0.7433772989113232,0.43999584326969876,0.620441062387176,0.0008045044275424359,0.00039586328047408166,3.01017006029815,31
2026-01-07,0.6652664982924268,0.7433772989113232,0.3347335017075731,0.620441062387176,0.0006541344664297867,0.0004024398660901832,1.726614690785971,31
2026-01-08,0.5684989802226226,0.7433772989113232,0.43150101977737737,0.620441062387176,0.0007923693569988793,0.0003963940204629688,3.05680956978474,31
2026-01-09,0.6698901802485575,0.7433772989113232,0.3301098197514425,0.620441062387176,0.000647529415901858,0.00040272874471282123,3.047982551494659,31
2026-01-10,0.6873564159458178,0.7433772989113232,0.31264358405418236,0.620441062387176,0.0006225784401705385,0.0004038200010230017,3.1600642127011227,31
2026-01-11,0.6953683799231931,0.7433772989113232,0.30463162007680683,0.620441062387176,0.0006111331387248135,0.00040432057289199464,3.153001376042973,31
2026-01-12,0.6963562705889824,0.7433772989113232,0.30364372941101764,0.620441062387176,0.0006097219108691512,0.0004043822943723123,3.1314491791210477,31
2026-01-13,0.6956225930301185,0.7433772989113232,0.3043774069698814,0.620441062387176,0.0006107699886015539,0.0004043364556306609,0.5449905523318379,31
2026-01-14,0.3965020806655642,0.7433772989113232,0.6034979193344359,0.620441062387176,0.0010380711751443988,0.0003856479899371952,2.3382867571097963,31
2026-01-15,0.5520527600100372,0.7433772989113232,0.4479472399899628,0.620441062387176,0.0008158631986659478,0.0003953664927290784,2.498153493411402,31
2026-01-16,0.6200282066504813,0.7433772989113232,0.3799717933495187,0.620441062387176,0.0007187585396717639,0.0003996134659389588,3.107968437611956,31
2026-01-17,0.6818623374086429,0.7433772989113232,0.3181376625913571,0.620441062387176,0.0006304268756953776,0.00040347674172109844,3.115413552326709,31
2026-01-18,0.6925438447568956,0.7433772989113232,0.3074561552431045,0.620441062387176,0.0006151680616191071,0.00040414410144863535,2.956134161619171,31
2026-01-19,0.6869626707659409,0.7433772989113232,0.31303732923405925,0.620441062387176,0.000623140915511879,0.00040379540059280077,2.3217205147349778,31
2026-01-20,0.6438674676123185,0.7433772989113232,0.3561325323876816,0.620441062387176,0.000684703538909537,0.00040110289642676135,0.569431338754776,31
2026-01-21,0.40445274847185425,0.7788371437157584,0.5955472515281457,0.6084714485419515,0.0010547543356975806,0.0007225703115951884,2.4881815923580533,32
2026-01-22,0.6016755443480132,0.7788371437157584,0.3983244556519869,0.6084714485419515,0.0007692380947554341,0.0006239960909807043,3.0390778652281867,32
2026-01-23,0.7063028611584584,0.7788371437157584,0.29369713884154147,0.6084714485419515,0.0006177629366730445,0.0005717021552631998,3.144147876053567,32
2026-01-24,0.7305417183375958,0.7788371437157584,0.26945828166240404,0.6084714485419515,0.0005826701284472539,0.0005595872957997957,3.1384994240524557,32
2026-01-25,0.73446738353625,0.7788371437157584,0.2655326164637499,0.6084714485419515,0.000576986556633575,0.0005576252032048114,1.247923005235459,32
2026-01-26,0.566479871194377,0.7788371437157584,0.43352012880562296,0.6084714485419515,0.0008201917241924677,0.0006415872930256257,2.1750579339507428,32
2026-01-27,0.6140000243680291,0.7788371437157584,0.38599997563197075,0.6084714485419515,0.0007513954998858101,0.0006178361741868326,2.852885988164406,32
2026-01-28,0.6961873377568105,0.7788371437157584,0.3038126622431894,0.6084714485419515,0.0006324080173373211,0.0005767580101454677,3.131634180578278,32
2026-01-29,0.7282991318214229,0.7788371437157584,0.2717008681785771,0.6084714485419515,0.0005859169381731289,0.0005607081663209253,0.08664964195858205,32
2026-01-30,0.39528487961234227,0.7788371437157584,0.6047151203876576,0.6084714485419515,0.0010680260379798932,0.0007271525178432412,2.77818262397057,32
2026-01-31,0.6375121484746396,0.7788371437157584,0.3624878515253604,0.6084714485419515,0.0007173559380985867,0.0006060845442674623,-0.06577546747652452,32
2026-02-01,0.391628750330616,0.7788371437157584,0.608371249669384,0.6084714485419515,0.001073318756788994,0.0007289798932884118,2.0453236219585578,32
2026-02-02,0.5267893892649983,0.7788371437157584,0.4732106107350016,0.6084714485419515,0.000877651854775996,0.000661425052168126,2.072250486397017,32
2026-02-03,0.5834536378285645,0.7788371437157584,0.41654636217143537,0.6084714485419515,0.000795618467927434,0.0006331036093346805,1.0249039922428342,32
2026-02-04,0.4304172027785988,0.7788371437157584,0.5695827972214011,0.6084714485419515,0.0010171671273834695,0.0007095929788502714,1.4570299442951966,32
2026-02-05,0.4359151152093217,0.7788371437157584,0.5640848847906783,0.6084714485419515,0.001009208080782528,0.0007068450590144455,-4.408524206928371,32
2026-02-06,0.3915285514580485,0.7788371437157584,0.6084714485419515,0.6084714485419515,0.0010734638074895737,0.0007290299738367881,-1.623114680442264,32
2026-02-07,0.391528551461976,0.7788371437157584,0.6084714485380239,0.6084714485419515,0.0010734638074838883,0.000729029973834825,2.1410345125182118,32
2026-02-08,0.5437887263801864,0.7788371437157584,0.45621127361981345,0.6084714485419515,0.0008530419166150205,0.0006529285880568234,2.31988579998688,32
2026-02-09,0.6247087469404228,0.7788371437157584,0.3752912530595772,0.6084714485419515,0.00073589203381467,0.0006124838315397217,3.0329209364944543,32
2026-02-10,0.7103593111838759,0.7788371437157584,0.28964068881612415,0.6084714485419515,0.0006118900637880268,0.0005696746949083217,2.041545910193571,32
2026-02-11,0.6572804531972135,0.7788371437157584,0.3427195468027865,0.6084714485419515,0.0006887362586378897,0.0005962041183144658,1.833083027546512,32
2026-02-12,0.6085986737298829,0.7788371437157584,0.39140132627011714,0.6084714485419515,0.0007592152396361299,0.0006205358313286732,2.756676132918934,32
2026-02-13,0.6883924640728163,0.7788371437157584,0.31160753592718354,0.6084714485419515,0.000643693266409283,0.0005806539776211064,0.8661326087544433,32
2026-02-14,0.45805233645560556,0.7788371437157584,0.5419476635443943,0.6084714485419515,0.0009771610051045405,0.0006957806213502867,2.604450821219203,32
2026-02-15,0.6331647406386595,0.7788371437157584,0.3668352593613404,0.6084714485419515,0.0007236498971788406,0.000608257428680855,2.4550544397241767,32
2026-02-16,0.6697394456731354,0.7788371437157584,0.33026055432686463,0.6084714485419515,0.0006706985786793392,0.000589976970648803,3.1102283806081594,32
2026-02-17,0.7226629272325412,0.7788371437157584,0.2773370727674589,0.6084714485419515,0.0005940770064098082,0.0005635252061671795,2.344884244503472,32
2026-02-18,0.688689357833552,0.7788371437157584,0.31131064216644777,0.6084714485419515,0.0006432634306173425,0.0005805055867064568,2.516438420942664,32
2026-02-19,0.6912192993727805,0.7788371437157584,0.3087807006272195,0.6084714485419515,0.0006396006390759906,0.000579241092841426,2.992014908941573,32
2026-02-20,0.7206807929805666,0.7788371437157584,0.27931920701943325,0.6084714485419515,0.0005969467264907364,0.0005645158996525529,2.6440867676776114,32
2026-02-21,0.707844464073022,0.7788371437157584,0.2921555359269779,0.6084714485419515,0.0006155310260193865,0.0005709316444045282,3.145314522635137,32
2026-02-22,0.7308497116208487,0.7788371437157584,0.2691502883791512,0.6084714485419515,0.0005822242165413149,0.0005594333572161941,3.037426318552087,32
2026-02-23,0.730511351494546,0.7788371437157584,0.26948864850545373,0.6084714485419515,0.0005827140934841796,0.0005596024734970434,0.47725315111413336,32
2026-02-24,0.4270423626130826,0.7788371437157584,0.5729576373869173,0.6084714485419515,0.0010220527033834546,0.0007112797627615142,2.7299363730714474,32
2026-02-25,0.6403059031400962,0.7788371437157584,0.3596940968599038,0.6084714485419515,0.0007133112751925239,0.0006046881935691972,0.22951268920347778,32
2026-02-26,0.3922354894141066,0.7788371437157584,0.6077645105858933,0.6084714485419515,0.0010724404241529996,0.0007286766381195266,2.732415957280258,32
2026-02-27,0.631327656277887,0.7788371437157584,0.368672343722113,0.6084714485419515,0.0007263095329643531,0.0006091756245631399,1.861935131905783,32
2026-02-28,0.6002745719809419,0.7788371437157584,0.39972542801905814,0.6084714485419515,0.0007712663282489741,0.0006246963130750773,2.518730679940166,32
2026-03-01,0.6648284271296678,0.7788371437157584,0.33517157287033206,0.6084714485419515,0.0006778085834650357,0.0005924315541729586,2.3446034785998244,32
2026-03-02,0.6696380530597046,0.7788371437157584,0.3303619469402953,0.6084714485419515,0.0006708453715612274,0.0005900276478425856,0.5588225544506316,32
2026-03-03,0.4054494551185523,0.7788371437157584,0.5945505448814477,0.6084714485419515,0.0010533114685183998,0.0007220721461552196,2.758885638251742,32
2026-03-04,0.6379432354331116,0.7788371437157584,0.36205676456688823,0.6084714485419515,0.0007167318315007725,0.0006058690820499246,0.20682084396789713,32
2026-03-05,0.39209079817562803,0.7788371437157584,0.6079092018243719,0.6084714485419515,0.0010726498832936574,0.0007287489564638609,2.0261519280292286,32
2026-03-06,0.523488524717981,0.7788371437157584,0.47651147528201887,0.6084714485419515,0.0008824304992178515,0.0006630748622148334,1.1223683144270225,32
2026-03-07,0.42072562095169747,0.7788371437157584,0.5792743790483026,0.6084714485419515,0.001031197097883074,0.0007144369428599299,2.5414494401428533,32
2026-03-08,0.6154086259030019,0.7788371437157584,0.38459137409699806,0.6084714485419515,0.0007493562117342584,0.0006171321389466392,2.462224306834688,32
2026-03-09,0.6650216714350343,0.7788371437157584,0.3349783285649657,0.6084714485419515,0.0006775288111926807,0.0005923349684476371,1.1851877330927467,32
2026-03-10,0.5019441190846055,0.7788371437157584,0.49805588091539443,0.6084714485419515,0.0009136200895147849,0.0006738430038207655,2.2931623483814114,32
2026-03-11,0.6065604532662269,0.7788371437157584,0.393439546733773,0.6084714485419515,0.0007621660447563552,0.0006215545573474014,2.9969894853727728,32
2026-03-12,0.7044207394175693,0.7788371437157584,0.29557926058243067,0.6084714485419515,0.0006204878440040368,0.0005726428613458081,3.1223023254197244,32
2026-03-13,0.7292487370490177,0.7788371437157584,0.2707512629509823,0.6084714485419515,0.0005845421030090868,0.0005602335427116931,3.101852227101714,32
2026-03-14,0.7326895002199868,0.7788371437157584,0.2673104997800131,0.6084714485419515,0.0005795605742172717,0.0005585138097244866,3.1511374062486706,32
2026-03-15,0.7352364512392102,0.7788371437157584,0.26476354876078984,0.6084714485419515,0.0005758731007378324,0.0005572408143258166,2.157991400545751,32
2026-03-16,0.676776281506297,0.7788371437157584,0.3232237184937029,0.6084714485419515,0.0006605108672803959,0.0005864598792052684,1.7157609397785052,32
2026-03-17,0.5994336656530922,0.7788371437157584,0.4005663343469077,0.6084714485419515,0.0007724837353580491,0.0006251166077246348,2.8794556553872037,32
2026-03-18,0.6953316867359389,0.7788371437157584,0.3046683132640611,0.6084714485419515,0.0006336468118120716,0.0005771856743621,0.7893258974155797,32
2026-03-19,0.45392420029653446,0.7788371437157584,0.5460757997034655,0.6084714485419515,0.0009831371437336366,0.0006978439112588551,2.297739360288895,32
2026-03-20,0.5922006017387844,0.7788371437157584,0.40779939826121564,0.6084714485419515,0.0007829552597956284,0.0006287317762189268,2.9246781404029845,32
2026-03-21,0.6965800815261474,0.7788371437157584,0.3034199184738524,0.6084714485419515,0.0006318394106222213,0.0005765617122946457,2.8174368083626966,32
2026-03-22,0.712817679997691,0.7788371437157584,0.287182320002309,0.6084714485419515,0.0006083308670304754,0.0005684459739142386,1.854530790315863,32
2026-03-23,0.6380769044136442,0.7788371437157584,0.3619230955863557,0.6084714485419515,0.0007165383120746717,0.0006058022727568214,0.9824679639315214,32
2026-03-24,0.44686289369013116,0.7788371437157584,0.5531371063098688,0.6084714485419515,0.0009933594968912472,0.0007013732334761671,2.8983205368046443,32
2026-03-25,0.6627587108976837,0.7788371437157584,0.3372412891023163,0.6084714485419515,0.0006808050442722584,0.0005934660221387669,2.926524923074259,32
2026-03-26,0.7114099550970122,0.7788371437157584,0.2885900449029878,0.6084714485419515,0.0006103689545550858,0.0005691495710025344,0.8919812807312002,32
2026-03-27,0.4847410579727143,0.7788371437157584,0.5152589420272856,0.6084714485419515,0.0009385245983478171,0.0006824412915275924,1.2845937563950827,32
2026-03-28,0.42942827594588384,0.7788371437157584,0.5705717240541162,0.6084714485419515,0.001018598744571818,0.0007100872558497765,2.883621390691091,32
2026-03-29,0.6571305332425957,0.7788371437157584,0.3428694667574043,0.6084714485419515,0.0006889533068689218,0.0005962790500312349,3.0160633726080435,32
2026-03-30,0.7156275319886929,0.7788371437157584,0.28437246801130706,0.6084714485419515,0.000604262793464673,0.0005670415775876144,2.9274693239789844,32
2026-03-31,0.722300766396604,0.7788371437157584,0.27769923360339593,0.6084714485419515,0.0005946013404769303,0.0005637062183163126,2.0487716721645963,32
2026-04-01,0.6614295746714063,0.7788371437157584,0.3385704253285938,0.6084714485419515,0.0006827293188236247,0.0005941303397041565,3.0990009738940922,32
2026-04-02,0.7206874117487355,0.7788371437157584,0.2793125882512645,0.6084714485419515,0.0005969371438878266,0.0005645125915161341,2.4098216763172107,32
2026-04-03,0.6929128003017327,0.7788371437157584,0.30708719969826714,0.6084714485419515,0.0006371488253474762,0.0005783946616089726,3.132121435927635,32
2026-04-04,0.7277474027697296,0.7788371437157584,0.2722525972302703,0.6084714485419515,0.0005867157293789379,0.0005609839268435333,3.0889978097799533,32
2026-04-05,0.7318988187499956,0.7788371437157584,0.2681011812500044,0.6084714485419515,0.0005807053215053759,0.0005589090014127114,1.9862708782355978,32
2026-04-06,0.659328729508242,0.7788371437157584,0.34067127049175805,0.6084714485419515,0.0006857708433952428,0.0005951803662676206,3.0844263303840282,32
2026-04-07,0.7195910909794394,0.7788371437157584,0.2804089090205604,0.6084714485419515,0.0005985243885760648,0.0005650605452397222,0.4154773230602786,32
2026-04-08,0.410054390686027,0.7788371437157584,0.5899456093139729,0.6084714485419515,0.0010466451973168587,0.0007197705464211361,2.5283860836389094,32
2026-04-09,0.610413121499248,0.7788371437157584,0.389586878500752,0.6084714485419515,0.0007565883965526478,0.0006196289494749996,2.872456404173402,32
2026-04-10,0.6967861169498097,0.7788371437157584,0.30321388305019015,0.6084714485419515,0.0006315411165519052,0.0005764587334213555,2.6008107628139983,32
2026-04-11,0.6987171092805209,0.7788371437157584,0.301282890719479,0.6084714485419515,0.0006287454624637194,0.0005754936012561471,3.129211852975111,32
2026-04-12,0.7285785283913165,0.7788371437157584,0.27142147160868324,0.6084714485419515,0.0005855124288323844,0.0005605685207034026,1.043898455536112,32
2026-04-13,0.5266660925749004,0.7788371437157584,0.4733339074250995,0.6084714485419515,0.000877830350851041,0.0006614866772712321,0.6738573442922327,32
2026-04-14,0.3931025904863279,0.7788371437157584,0.606897409513672,0.6084714485419515,0.0010711851838283478,0.000728243251035602,2.771432531130238,32
2026-04-15,0.6361626621316093,0.7788371437157584,0.36383733786839056,0.6084714485419515,0.000719309657771678,0.000606759033055146,2.962684648771599,32
2026-04-16,0.7081563716723278,0.7788371437157584,0.29184362832767213,0.6084714485419515,0.0006150794505131959,0.0005707757494007651,3.1083312268671497,32
2026-04-17,0.7292822496260529,0.7788371437157584,0.2707177503739471,0.6084714485419515,0.0005844935836077372,0.0005602167927404368,1.7504830737219566,32
2026-04-18,0.6319347246275481,0.7788371437157584,0.36806527537245187,0.6084714485419515,0.0007254306509713395,0.0006088722048232375,2.426000950604224,32
2026-04-19,0.6666654797973529,0.7788371437157584,0.3333345202026471,0.6084714485419515,0.0006751489628150096,0.0005915133741312433,1.8155928246113855,32
2026-04-20,0.6107758204869416,0.7788371437157584,0.3892241795130583,0.6084714485419515,0.0007560633036283877,0.0006194476683514319,1.889991283821747,32
2026-04-21,0.5922260741535048,0.7788371437157584,0.407773925846495,0.6084714485419515,0.0007829183826596521,0.0006287190448132234,3.021370049624706,32
2026-04-22,0.7068722823648699,0.7862672916272205,0.2931277176351301,0.6173896440915767,0.0006123819065249505,0.00041817230472548635,1.5775077890567453,33
2026-04-23,0.595920421623101,0.7862672916272205,0.40407957837689895,0.6173896440915767,0.0007707265609665688,0.00046354881461192277,3.0437934620389426,33
2026-04-24,0.7093269984580328,0.7862672916272205,0.2906730015419673,0.6173896440915767,0.0006088786183865042,0.0004171683878166114,2.8969111957750036,33
2026-04-25,0.7243886311578333,0.7862672916272205,0.27561136884216664,0.6173896440915767,0.0005873831193142779,0.0004110085602973682,3.146587478069433,33
2026-04-26,0.7389069738700348,0.7862672916272205,0.2610930261299651,0.6173896440915767,0.0005666629151768776,0.0004050709246668296,2.8693046261357344,33
2026-04-27,0.7291877025690913,0.7862672916272205,0.27081229743090873,0.6173896440915767,0.0005805340162164916,0.00040904586125038706,2.531654241431652,33
2026-04-28,0.7076162637859342,0.7862672916272205,0.2923837362140657,0.6173896440915767,0.0006113201215094306,0.00041786803510727023,2.7738854475138255,33
2026-04-29,0.7171049080309297,0.7862672916272205,0.28289509196907037,0.6173896440915767,0.0005977782344758397,0.0004139874191670473,3.041522529808651,33
2026-04-30,0.7331046469667426,0.7862672916272205,0.2668953530332575,0.6173896440915767,0.0005749438548888271,0.0004074439298812656,3.0702918740141714,33
2026-05-01,0.7372626326182016,0.7862672916272205,0.26273736738179826,0.6173896440915767,0.000569009680127336,0.00040574341872480794,1.9925599663837432,33
2026-05-02,0.6646157270021607,0.7862672916272205,0.33538427299783935,0.6173896440915767,0.0006726887232136144,0.00043545416903459816,2.9955299203922823,33
2026-05-03,0.7201027878686669,0.7862672916272205,0.2798972121313332,0.6173896440915767,0.0005934997507995837,0.0004127613619996778,3.1497758325800276,33
2026-05-04,0.7383186374011834,0.7862672916272205,0.2616813625988165,0.6173896440915767,0.0005675025751765959,0.0004053115394290959,2.686983314360455,33
2026-05-05,0.7192726472788814,0.7862672916272205,0.28072735272111854,0.6173896440915767,0.0005946845027099226,0.0004131008685426748,2.7408712626610447,33
2026-05-06,0.717571294166485,0.7862672916272205,0.28242870583351515,0.6173896440915767,0.0005971126224487411,0.0004137966790122682,3.093882870827431,33
2026-05-07,0.7353956794579833,0.7862672916272205,0.26460432054201666,0.6173896440915767,0.0005716741504328188,0.0004065069554331227,2.491166280550179,33
2026-05-08,0.7067487892249462,0.7862672916272205,0.2932512107750537,0.6173896440915767,0.000612558151722004,0.0004182228103019334,3.1319980038940223,33
2026-05-09,0.735138016389656,0.7862672916272205,0.26486198361034397,0.6173896440915767,0.0005720418808280212,0.0004066123331229528,3.0889647840260386,33
2026-05-10,0.7384332956257696,0.7862672916272205,0.26156670437423035,0.6173896440915767,0.0005673389376586513,0.0004052646471099702,2.346962683258834,33
2026-05-11,0.6965811823141375,0.7862672916272205,0.30341881768586254,0.6173896440915767,0.0006270689959952974,0.0004223811048309772,3.02519150316269,33
2026-05-12,0.7283166248780161,0.7862672916272205,0.27168337512198404,0.6173896440915767,0.0005817771949791268,0.0004094021100342892,2.6547878727246106,33
2026-05-13,0.7152299613216169,0.7862672916272205,0.28477003867838313,0.6173896440915767,0.0006004541003352673,0.00041475422503513173,2.5970872504516453,33
2026-05-14,0.707980335830517,0.7862672916272205,0.29201966416948305,0.6173896440915767,0.0006108005301852892,0.0004177191388326163,2.0204114670571562,33
2026-05-15,0.6542900025314855,0.7862672916272205,0.3457099974685146,0.6173896440915767,0.0006874250813951466,0.00043967712965369693,1.7459253433271589,33
2026-05-16,0.5938286106839552,0.7862672916272205,0.4061713893160448,0.6173896440915767,0.0007737118438613505,0.000464404312474925,2.758346520963756,33
2026-05-17,0.6878567874821805,0.7862672916272205,0.3121432125178195,0.6173896440915767,0.0006395201121325096,0.00042594916205596463,2.949702823017615,33
2026-05-18,0.7226160490054923,0.7862672916272205,0.2773839509945078,0.6173896440915767,0.0005899128979984995,0.000411733501646008,3.0400838673068726,33
2026-05-19,0.7341065326344051,0.7862672916272205,0.26589346736559505,0.6173896440915767,0.0005735139888570008,0.0004070341839373956,3.1493080448879964,33
2026-05-20,0.7407820838060031,0.7862672916272205,0.2592179161939969,0.6173896440915767,0.0005639868015136569,0.000404304052043164,3.0391705528719335,33
2026-05-21,0.7373948592299393,0.7862672916272205,0.2626051407700607,0.6173896440915767,0.0005688209694673029,0.00040568934137887936,3.1559964457001053,33
2026-05-22,0.7415685756009035,0.7862672916272205,0.25843142439909655,0.6173896440915767,0.000562864338209237,0.00040398239675529143,1.6835577521788367,33
2026-05-23,0.6334458827262521,0.7862672916272205,0.36655411727374787,0.6173896440915767,0.000717172659320609,0.0004482018484109387,2.6920748705969815,33
