time,xi0,pstay0,xi1,pstay1,h,m,logscore,window
2018-01-31,0.10309076101261823,0.9344284400179113,0.896909238987382,0.8969092406831262,0.0030621679040908185,0.0012794167551962849,2.1210128981783645,0
2018-02-01,0.3326098990581695,0.9438302230434831,0.6673901009418305,0.8921714585939391,0.0023512059015792187,0.0014843925322446398,-0.1754634932186669,0
2018-02-02,0.08070309702329358,0.8547991415364491,0.9192969029767063,0.919296911327478,0.003131511777495789,0.0012594230899116122,1.7759230604302492,0
2018-02-03,0.1304427787000481,0.8609649782957378,0.8695572212999518,0.9181456003383903,0.002977446284850851,0.0013038439168136684,1.6373960107657195,0
2018-02-04,0.1532562490149773,0.9398925518442505,0.8467437509850227,0.8942629426392777,0.002906781694988215,0.0013242178553217686,0.19967464617541558,0
2018-02-05,0.08398243605023983,0.8715949133811294,0.9160175639497601,0.9160175779567842,0.003121354355463675,0.0012623517566492848,-3.348244559317643,0
2018-02-06,0.09365417570817139,0.9094988757518017,0.9063458242918286,0.9063458242918286,0.0030913970170188326,0.0012709892601214373,-0.33232944295330524,0
2018-02-07,0.08397769937585012,0.871572372367309,0.9160223006241499,0.9160223006470727,0.0031213690268474445,0.0012623475264856396,1.9810475979776758,0
2018-02-08,0.25067030002203733,0.9505139528497063,0.7493296999779627,0.8881861537263519,0.0026050329050595422,0.0014112150485433524,0.831413730628666,0
2018-02-09,0.09255661407523047,0.9053375624355009,0.9074433859247697,0.9076198673473185,0.00309479662236986,0.001270009064959996,1.447283367291234,0
2018-02-10,0.12707115681904022,0.9637700588162869,0.87292884318096,0.8779410253805903,0.0029878897933443907,0.0013008328353811666,2.020408516664257,0
2018-02-11,0.29863947100952337,0.9324716015925532,0.7013605289904766,0.8977937904005138,0.0024564385186992225,0.0014540546922491159,1.1625728985178871,0
2018-02-12,0.14285224257739487,0.9731278627094843,0.8571477574226052,0.8675015334404926,0.0029390081465911107,0.0013149263891629147,0.4577234862852183,0
2018-02-13,0.10775474225552437,0.9436959413609033,0.8922452577444756,0.8922456318759229,0.0030477215206786996,0.0012835819990515223,1.5226029144608881,0
2018-02-14,0.11174739358715993,0.9294677793327976,0.8882526064128401,0.8990940158451145,0.003035354511136391,0.00128714770087558,0.21490466995994595,0
2018-02-15,0.11060678415004162,0.9485951866228527,0.8893932158499585,0.8893932297488447,0.003038887486340163,0.0012861290611766297,1.2003559337883662,0
2018-02-16,0.10473058603700129,0.9367225556200837,0.8952694139629986,0.8958313845295116,0.0030570886549793307,0.0012808812274466535,2.131152383859035,0
2018-02-17,0.3376143036589602,0.9422489776106069,0.6623856963410397,0.8930317396512969,0.002335703245061985,0.0014888617966835288,0.4923295487243704,0
2018-02-18,0.10121210844146573,0.930126342192415,0.8987878915585342,0.8988146481802661,0.003067986900395858,0.0012777389941439603,1.2871430853750856,0
2018-02-19,0.10282324123758634,0.9320874433791578,0.8971767587624139,0.8979638663120352,0.0030629965284209074,0.0012791778423359896,1.2406516449965093,0
2018-02-20,0.11155113941714641,0.9489411927422159,0.8884488605828537,0.8891795849463974,0.0030359623978172576,0.0012869724329160534,2.131839162855756,0
2018-02-21,0.33143067258980596,0.9204432536405689,0.6685693274101941,0.902637064718774,0.002354858906331804,0.0014833394049815845,0.7192635463189447,0
2018-02-22,0.09397337515859529,0.9099771494489203,0.9060266248414047,0.9061950056844192,0.0030904083230603252,0.0012712743263513875,1.3255501040992266,0
2018-02-23,0.09585657462737407,0.9132350702404061,0.9041434253726259,0.9051419721624544,0.003084575264792617,0.0012729561480841502,1.8353539952496487,0
2018-02-24,0.18871697486547973,0.9215890110452625,0.8112830251345202,0.9022142941462414,0.002796940657504405,0.001355886629864059,1.3788892925432947,0
2018-02-25,0.11054098147028743,0.923856580363854,0.8894590185297127,0.9013556574516279,0.0030390913064701135,0.0012860702950295915,2.0985068108298854,0
2018-02-26,0.31485094689381266,0.9234707251062768,0.6851490531061875,0.9015038826245655,0.002406219303563203,0.0014685326128912866,0.8226537460892809,0
2018-02-27,0.09829554498889125,0.9213906582124777,0.9017044550111089,0.902288004006973,0.0030770207426609347,0.0012751343099982593,1.7572575044946084,0
2018-02-28,0.16975853980642197,0.9384574687746755,0.8302414601935779,0.8949849019720199,0.002855665429046639,0.0013389554929186076,1.6559624010313105,0
2018-03-01,0.17549436553721903,0.9357190588585096,0.824505634462781,0.8963084893422768,0.0028378984610553178,0.001344077964823111,1.2584894316936421,0
2018-03-02,0.09321961849555531,0.8949712827265688,0.9067803815044447,0.9105282189116936,0.0030927430218655825,0.0012706011717768817,2.109146551988423,0
2018-03-03,0.30447035175219583,0.9219249173145815,0.6955296482478042,0.9020889644426888,0.0024383759145336767,0.0014592620545688035,1.5752841952608727,0
2018-03-04,0.25817104227367266,0.9430497418389723,0.7418289577263274,0.8925996442028096,0.0025817980532571528,0.0014179137076815863,2.4150290056511086,0
2018-03-05,0.5552570877723155,0.9326911067408743,0.44474291222768453,0.8976960935918541,0.0016614502607941077,0.0016832312038383632,2.7530611307627386,0
2018-03-06,0.7707544589148525,0.9313361760610109,0.2292455410851474,0.8982931926218951,0.0009937692775510711,0.001875684615253026,-0.4688929515010609,0
2018-03-07,0.10086012215864144,0.9286091526215903,0.8991398778413584,0.8994536416268158,0.003069077152917369,0.0012774246471032443,0.9555932323455845,0
2018-03-08,0.10022309067119844,0.9277781693957825,0.8997769093288014,0.8997968401947573,0.0030710503122206865,0.0012768557358339935,1.2753271009634903,0
2018-03-09,0.12613192367194512,0.9671836376738527,0.873868076328055,0.8745531916740648,0.002990799039638135,0.001299994038033831,2.1570905968511003,0
2018-03-10,0.3620577524934328,0.9346593879180587,0.6379422475065671,0.8968027784344523,0.002259981696824504,0.0015106914138616544,1.0297568061227147,0
2018-03-11,0.11826205565953495,0.9460904006701736,0.8817379443404649,0.8908902698666442,0.0030151756627222054,0.0012929657251669897,0.8932983519250843,0
2018-03-12,0.09863190489592451,0.9237613000296422,0.9013680951040753,0.9013923415557789,0.0030759788931092177,0.0012754347016514305,1.6043903105785486,0
2018-03-13,0.12614242500595158,0.9417665844277242,0.8738575749940485,0.8932886052650685,0.0029907665120811316,0.0013000034164199485,2.1951967595447566,0
2018-03-14,0.378835040360751,0.9333311654284998,0.6211649596392489,0.8974090429780915,0.0022080080288063774,0.0015256746420431967,-0.31566769556647684,0
2018-03-15,0.09604250374219366,0.9167353904622346,0.9039574962578065,0.9039575013514096,0.003083999364068231,0.0012731221950862028,2.1293379785262605,0
2018-03-16,0.3107262080518853,0.9117665245538257,0.6892737919481149,0.90562228919531,0.002418996782515067,0.0014648489481806002,2.360395582127428,0
2018-03-17,0.5755106709016321,0.9402652472820711,0.42448932909836784,0.8940720832998056,0.0015987012232000298,0.0017013189937076386,0.5056708043914313,0
2018-03-18,0.11112481045371912,0.9382572893593114,0.8888751895462809,0.895084012824585,0.003037282928519721,0.0012865916929424685,1.656070922040836,0
2018-03-19,0.11460849007500054,0.8320089925279137,0.8853915099249995,0.9231199322567122,0.0030264924124777806,0.0012897028493516474,1.5978351676002427,0
2018-03-20,0.115374850930759,0.8871928937602057,0.884625149069241,0.9124993895442102,0.0030241186470754996,0.0012903872603042424,1.6051102024919681,0
2018-03-21,0.1339790286011322,0.934309315444729,0.8660209713988677,0.8969639805531576,0.0029664928259904777,0.0013070020219611705,2.200052566254553,0
2018-03-22,0.3823440812153634,0.9255241337745499,0.6176559187846365,0.9007046974644068,0.0021971374591161544,0.0015288084477118372,2.0866408985087754,0
2018-03-23,0.5325411490789135,0.9465264587873068,0.4674588509210864,0.8906357017830346,0.0017318273152909102,0.0016629443675217383,2.72693925672521,0
2018-03-24,0.7628702346293987,0.9366672970858451,0.23712976537060124,0.8958578903563773,0.0010181984755949303,0.0018686434812844343,2.312664461549467,0
2018-03-25,0.806688308414946,0.9330032435074318,0.193311691585054,0.8975565149118566,0.0008824273122252484,0.0019077759205199467,2.234223442942402,0
2018-03-26,0.8299572077883396,0.940878552629051,0.1700427922116603,0.8937548956838305,0.0008103269248662703,0.0019285565873119889,1.2206837119898037,0
2018-03-27,0.6923292720918854,0.9343909794639137,0.30767072790811456,0.8969264672111986,0.0012367646013348036,0.0018056457341989775,0.7716594765020078,0
2018-03-28,0.31735999136880955,0.9356382097096005,0.6826400086311905,0.8963465422712931,0.0023984468556693165,0.0014707733556253819,2.3862139604966988,0
2018-03-29,0.5806452732945511,0.9317274610777622,0.4193547267054488,0.8981222053547094,0.0015827932496685956,0.0017059045333897979,-0.7650410774746441,0
2018-03-30,0.08413438576947148,0.8723177856583924,0.9158656142305287,0.9158656201869211,0.0031208837061112034,0.001262487457802736,1.609763431716808,0
2018-03-31,0.10434783672726865,0.8950810293085618,0.8956521632727316,0.9104992066548933,0.0030582741959314153,0.0012805394069873874,2.080986910123022,0
2018-04-01,0.3189352624808801,0.9480725870929702,0.6810647375191198,0.8897126742670303,0.0023935670196861703,0.0014721801769606658,2.1258069879014134,0
2018-04-02,0.48892665533585156,0.9280686104469833,0.5110733446641484,0.8996774215545695,0.001866948616291018,0.0016239937387346067,1.6385425682542172,0
2018-04-03,0.4393806006469506,0.9225941753584368,0.5606193993530494,0.9018373485478972,0.002020442701255886,0.0015797458335445732,0.9769998722230093,0
2018-04-04,0.1197472023372087,0.8991941748324989,0.8802527976627912,0.9093856719428479,0.0030105754837596813,0.001294292059419023,0.5625239709751149,0
2018-04-05,0.10050676488679905,0.9285129115954991,0.8994932351132009,0.8994936312591663,0.0030701716517812453,0.0012771090756786203,2.145879067611358,0
2018-04-06,0.32992185764505405,0.9265446490273305,0.6700781423549458,0.9002977533686156,0.0023595329061930088,0.001481991933400973,1.7282344401674297,0
2018-04-07,0.36587840083627504,0.9711924795990357,0.6341215991637249,0.8699880675928768,0.0022481459074074,0.0015141035056356622,1.399403005596692,0
2018-04-08,0.2304047932424051,0.9393324532342204,0.769595206757595,0.8945471354737262,0.002667808383096226,0.0013931166100653839,2.152243765521281,0
2018-04-09,0.43949402794947007,0.9266889929391874,0.56050597205053,0.9002396542117652,0.0020200913070116578,0.0015798471316309567,1.2464352286864735,0
2018-04-10,0.23041128124125348,0.955687845038405,0.7695887187587465,0.8846302669209177,0.002667788285641514,0.0013931224042776518,2.2842280316377597,0
2018-04-11,0.5000058706035025,0.941646707039675,0.49999412939649734,0.8933520442095785,0.001832624580550035,0.0016338882110557864,2.3604152849943114,0
2018-04-12,0.6584349639921274,0.9113582635299906,0.3415650360078727,0.9057541525633532,0.0013417808668981903,0.0017753758743544997,-1.5798444439311974,0
2018-04-13,0.08169432093527981,0.8601256950064547,0.9183056790647203,0.9183056790869293,0.003128441563166741,0.0012603083184521096,2.108443686853736,0
2018-04-14,0.31411331275910476,0.9571980991543965,0.6858866872408953,0.8834975067140246,0.0024085043240725927,0.0014678738568013733,2.4082369159234305,0
2018-04-15,0.5660524974934403,0.9054285319282634,0.4339475025065598,0.9075927217942701,0.0016280043309184462,0.00169287221902771,1.18407777469194,0
2018-04-16,0.3315426941934136,0.9270306631330427,0.6684573058065865,0.9001015886846646,0.0023545118861885905,0.0014834394476858277,1.4682309913775924,0
2018-04-17,0.22670033339947232,0.947494672954062,0.7732996666005277,0.8900614841865815,0.0026792834379676,0.0013898082823097311,1.9796329416317895,0
2018-04-18,0.38501711186399057,0.9621216274284379,0.6149828881360093,0.8794423946373087,0.002188856731304199,0.0015311956409495868,1.619930242743597,0
2018-04-19,0.3359754373884887,0.9205425102150087,0.6640245626115114,0.9026007254379937,0.0023407801333055417,0.001487398180663842,2.3801582257675977,0
2018-04-20,0.5998892583155833,0.9447936938866959,0.4001107416844166,0.8916329794082292,0.00152317135450521,0.0017230906853455015,0.3908563096771547,0
2018-04-21,0.11031644676862949,0.9378039042467333,0.8896835532313705,0.8953070804701148,0.003039786790131566,0.0012858697706840463,2.164924099693185,0
2018-04-22,0.3697512008829841,0.9586335086097375,0.6302487991170158,0.8823755346066976,0.002236148536153415,0.0015175621723319858,2.4710927282355146,0
2018-04-23,0.638238556658008,0.9399177089754942,0.36176144334199206,0.8942501039782955,0.001404355436584568,0.0017573391462535311,2.6293655686618123,0
2018-04-24,0.7889101811793853,0.9337240629315836,0.21108981882061476,0.8972312113630384,0.0009375135583238951,0.0018918988765592364,-0.49365123633063446,0
2018-04-25,0.10383300556654494,0.9337278587844037,0.896166994433455,0.8972294871947537,0.003059868851409193,0.0012800796286956215,0.6883368781181325,0
2018-04-26,0.12295478795936558,0.9647114151719429,0.8770452120406345,0.8770463421083742,0.0030006401110783693,0.0012971566456184548,1.5325387657563818,0
2018-04-27,0.1200462032433524,0.9281882579870802,0.8799537967566475,0.8996280606145778,0.0030096493406852076,0.0012945590870124379,1.720207163188593,0
2018-04-28,0.15734937405342744,0.9195856147250014,0.8426506259465725,0.9029488473617995,0.0028941031764643404,0.0013278732868141343,1.605885473115702,0
2018-04-29,0.15892112067827152,0.9387107285383509,0.8410788793217285,0.8948589589042428,0.002889234659725328,0.001329276960549118,2.243079582457373,0
2018-04-30,0.42041914802460295,0.9242965573935665,0.5795808519753972,0.9011855539513209,0.0020791844014051773,0.0015628120017154388,2.155426709493842,0
2018-05-01,0.5762854166761454,0.9400875189701484,0.4237145833238546,0.894163275427081,0.0015963009163215672,0.0017020108929474932,2.292332817921115,0
2018-05-02,0.6168426730994949,0.9525807765435055,0.38315732690050514,0.9234959513678784,0.0013718224143019454,0.002076866965433068,2.634591151399377,1
2018-05-03,0.7818552431773409,0.9488848402749696,0.21814475682265916,0.9250891040636138,0.0009015616581355245,0.0021463011638472927,0.021288446044768428,1
2018-05-04,0.12755710048877644,0.9112594607141921,0.8724428995112236,0.9360975258386668,0.0027661552816880667,0.0018709847619509748,2.1856537209753837,1
2018-05-05,0.33542792788242404,0.9352554160744485,0.664572072117576,0.9299509727267862,0.0021737894420326208,0.001958452912207471,2.4707727983478587,1
2018-05-06,0.5893848347154294,0.9308720474056933,0.4106151652845706,0.9312586031562433,0.0014500721466134266,0.002065313221391111,2.1021033085638923,1
2018-05-07,0.6635234819203017,0.9525775739745742,0.3364765180796983,0.923497396029107,0.001238790178898218,0.002096509375343242,1.711632266874622,1
2018-05-08,0.6102830956192078,0.9397370893148276,0.38971690438079204,0.9284997103874765,0.0013905160143288518,0.002074106818105716,2.477784821540623,1
2018-05-09,0.7501512593422278,0.9459042522776291,0.24984874065777196,0.9262760112943021,0.000991913943941525,0.002132960721339851,2.9103859803968293,1
2018-05-10,0.8657597131588215,0.9499736182385023,0.1342402868411785,0.9246345858298637,0.000662442967499462,0.002181606593086932,1.5922610157166646,1
2018-05-11,0.8111340553584312,0.9599731263307771,0.1888659446415688,0.9198059273738114,0.0008181204842197633,0.002158621139551904,-0.5424060337794714,1
2018-05-12,0.07213750890496752,0.9352587500109377,0.9278624910950325,0.9299499382488211,0.0029240809332856774,0.0018476652359521362,2.1049092157637537,1
2018-05-13,0.23789407265757012,0.9265385195306036,0.7621059273424299,0.9324575677148487,0.0024517318587219143,0.0019174124929679428,1.9956252357804762,1
2018-05-14,0.3548111252554776,0.9502378201961976,0.6451888747445225,0.924522493723268,0.002118552705576712,0.00196660899856906,2.538727040481701,1
2018-05-15,0.6364526500312865,0.9539055965921935,0.3635473499687134,0.9228880200580958,0.0013159374640253241,0.0020851184763848577,2.0829942950626616,1
2018-05-16,0.6945685448985475,0.9546805279652762,0.3054314551014524,0.9225225570815855,0.0011503166889472647,0.0021095725562972545,2.2370916800773566,1
2018-05-17,0.7704419194489002,0.9613335106663381,0.22955808055109986,0.9190368290655156,0.0009340882072546047,0.0021414986510208305,1.1402212139781303,1
2018-05-18,0.5767561098673517,0.9504393733934567,0.42324389013264835,0.9244364979536501,0.0014860615738883868,0.0020599992905408343,2.247229481909768,1
2018-05-19,0.6849187706563951,0.944667107851824,0.315081229343605,0.9267457626457205,0.0011778170467302723,0.0021055121120591826,2.9107589070052873,1
2018-05-20,0.8432155272287208,0.9501107974878457,0.15678447277127902,0.9245764745332345,0.0007266917110125231,0.0021721204219533065,1.4782549970053316,1
2018-05-21,0.7574616811113565,0.9466129388218208,0.2425383188886434,0.9260010593704178,0.0009710802115166543,0.0021360368098788628,2.593230575136576,1
2018-05-22,0.8298716663089477,0.9379688993000166,0.17012833369105212,0.9290872582285192,0.0007647203357252257,0.0021665055752402456,0.04940575326710128,1
2018-05-23,0.26614438536751917,0.9479948193800596,0.7338556146324808,0.925452071699047,0.002371227234267629,0.0019292996953613186,0.991279168839492,1
2018-05-24,0.06374249570358803,0.905312687714351,0.936257504296412,0.9373185495047717,0.0029480035685010655,0.001844132771655388,2.0916701391330905,1
2018-05-25,0.22730117708163006,0.9397313446688337,0.7726988229183698,0.9285016525860006,0.0024819182510242973,0.0019129552009394988,1.9933737572962726,1
2018-05-26,0.3497155254432056,0.9623652713614878,0.6502844745567943,0.9184313287154048,0.0021330737646339877,0.0019644648656206554,2.2870842020944657,1
2018-05-27,0.5539339772494354,0.9511289956126581,0.4460660227505645,0.9241390396028349,0.0015511001017622017,0.002050396164647573,2.7961628094900073,1
2018-05-28,0.789225431940851,0.9600677120694658,0.21077456805914901,0.9197534831970142,0.000880557514882106,0.0021494024012179633,1.3163406520991061,1
2018-05-29,0.6553020004668547,0.9507105625640009,0.34469799953314534,0.9243201233670197,0.0012622200357728715,0.0020930499299553654,0.7893043721613202,1
2018-05-30,0.24755434347558525,0.952515265920332,0.7524456565244148,0.9235254794463184,0.0024242031165076896,0.0019214773539685125,2.26401930488863,1
2018-05-31,0.4727159347453548,0.9478146549870938,0.5272840652546453,0.9255246360965084,0.0017825538342002348,0.0020162211337673023,2.523418222041424,1
2018-06-01,0.7032695610371983,0.9626327331595894,0.29673043896280166,0.9182710776427653,0.0011255201161269528,0.00211323378089785,2.9215731571673538,1
2018-06-02,0.8499525003737171,0.949357168209634,0.15004749962628297,0.9248933738258089,0.0007074920097719276,0.002174955214053329,2.7618082441165765,1
2018-06-03,0.8687621477308117,0.9250430365899432,0.13123785226918816,0.9328519098628494,0.0006538863065717697,0.0021828699613121462,3.00924972368369,1
2018-06-04,0.9051251275506189,0.9450859882107395,0.09487487244938127,0.9265881373820697,0.0005502549227277373,0.002198170822055967,1.532348992853564,1
2018-06-05,0.8191747799589805,0.9278233978924495,0.18082522004101947,0.932111052851273,0.0007952053109110734,0.0021620045258420838,2.6969246878940507,1
2018-06-06,0.8753646341231673,0.9487623031568814,0.1246353658768326,0.9251395270628142,0.0006350698195853833,0.002185648163905911,3.0652092331755325,1
2018-06-07,0.908973086724354,0.9450434727343817,0.09102691327564613,0.9266042018201823,0.0005392885406455626,0.0021997899711949254,3.1056111945486635,1
2018-06-08,0.9313363283812046,0.9568771044554477,0.0686636716187954,0.9214441818443123,0.000475554950736574,0.00220920000436788,3.012926170724883,1
2018-06-09,0.9327185638528881,0.9536272117072703,0.06728143614711184,0.9230175009657019,0.0004716156757413863,0.0022097816231618347,2.9121312952494707,1
2018-06-10,0.9117833740180921,0.9339265306049109,0.08821662598190778,0.9303583116143479,0.0005312794387864471,0.0022009724874448226,-2.591788857230139,1
2018-06-11,0.06409006333826023,0.9121335517232857,0.9359099366617399,0.9359099462034394,0.002947013131752488,0.0018442790216052973,2.0283226973404584,1
2018-06-12,0.21115594152903194,0.9618590639669514,0.7888440584709682,0.9187308816364277,0.0025279269746117973,0.0019061615882572979,1.3404565444252252,1
2018-06-13,0.08553576680189391,0.9452693295914769,0.9144642331981061,0.9265186903063399,0.0028859008777555226,0.0018533029718941997,1.7012300367813389,1
2018-06-14,0.09720297314769635,0.9275394491249151,0.9027970268523036,0.9321882589298351,0.0028526536240198012,0.0018582123137702274,1.5003580115975996,1
2018-06-15,0.08183650129094278,0.9470104860388385,0.9181634987090572,0.9258448916371697,0.0028964424159786174,0.0018517463902631573,1.6881617194359266,1
2018-06-16,0.09940002554873115,0.9468225438503309,0.9005999744512689,0.9259188956937636,0.0028463928260698086,0.001859136792264611,2.083951449667369,1
2018-06-17,0.2715223754160718,0.9532543392097128,0.7284776245839282,0.9231894667543024,0.0023559015995310495,0.001931562652831315,2.3712832947910334,1
2018-06-18,0.5217274677704393,0.9368077232433158,0.47827253222956057,0.929462295461607,0.0016428819189165352,0.0020368442687626756,1.3713083307533278,1
2018-06-19,0.33538682537943504,0.9431281020031068,0.664613174620565,0.9273128131929158,0.0021739065726247295,0.00195843561704416,2.539555982100836,1
2018-06-20,0.627989428127412,0.9559506593396679,0.37201057187258807,0.9219069224198203,0.0013400561595480404,0.00208155731114381,2.868432665981291,1
2018-06-21,0.8220467729548895,0.9541211871971654,0.17795322704511038,0.922787095240371,0.0007870204438584746,0.0021632130066955614,2.953326098181972,1
2018-06-22,0.8928657370584256,0.9503666257996644,0.10713426294157422,0.9244675853730986,0.0005851931899043561,0.0021930123001841426,-2.041367386949537,1
2018-06-23,0.07140033035990771,0.9394396809080786,0.9285996696400922,0.9285999700874986,0.0029261816163209534,0.0018473550450294673,1.997728468923528,1
2018-06-24,0.2002908208171673,0.9514791560924194,0.7997091791828329,0.9239860590417929,0.002558889018802825,0.001901589748991076,2.309612731734025,1
2018-06-25,0.44668175186542325,0.9324098936242876,0.5533182481345768,0.930811404091811,0.0018567450909700053,0.0020052664372930597,2.446277216832253,1
2018-06-26,0.6539486392310768,0.9422820104865216,0.346051360768923,0.9276167619972943,0.0012660768882599366,0.0020924804608989968,1.9205885055989942,1
2018-06-27,0.6608914893225113,0.9443291067481264,0.33910851067748865,0.9268719109101606,0.0012462909233352925,0.0020954018821615194,2.864043476759856,1
2018-06-28,0.8139823749532901,0.9325430359575057,0.1860176250467098,0.9307721164800694,0.0008100030919023114,0.0021598196590816784,0.16140223063789683,1
2018-06-29,0.25662746266041925,0.9145187384665011,0.7433725373395808,0.9353866761872088,0.002398347542213379,0.001925295152560574,1.1321870344086749,1
2018-06-30,0.07253321221205598,0.9287976734359431,0.9274667877879441,0.9318433699319524,0.0029229533268349947,0.0018478317404913031,1.9169744797860482,1
2018-07-01,0.1625441639843236,0.9405060786701793,0.8374558360156766,0.9282377012012378,0.0026664543333515768,0.0018857066628797034,2.2718680171980297,1
2018-07-02,0.41187206148581657,0.9485894390477299,0.5881279385141833,0.9252104127555865,0.0019559440912288,0.0019906191716489025,1.4787928733371694,1
2018-07-03,0.27122793774166964,0.9477702486325744,0.7287720622583304,0.9255424752174798,0.0023567406575499554,0.0019314387589734385,2.11665534660588,1
2018-07-04,0.4592691557746741,0.9819038752789175,0.540730844225326,0.9006293380393506,0.001820874000273838,0.002010562981066317,2.557043987165635,1
2018-07-05,0.6939032486985576,0.9509173545497054,0.3060967513014425,0.9242308633842118,0.0011522126808414706,0.0021092926121188656,2.803182187078158,1
2018-07-06,0.8241758403014309,0.9375369913640696,0.17582415969856913,0.92922773054781,0.000780952832058356,0.0021641088783525345,2.9482990431116627,1
2018-07-07,0.9037301339592546,0.9610350157253418,0.09626986604074525,0.9192083618383654,0.0005542305438430796,0.0021975838348842393,2.502358382376951,1
2018-07-08,0.8982736945910723,0.9444883385237057,0.10172630540892758,0.9268125976827352,0.0005697809567391135,0.002195287867410084,3.0095080154591733,1
2018-07-09,0.9304020930958428,0.9616764580749178,0.06959790690415713,0.9188377603194859,0.00047821745596452077,0.0022088068956602294,2.999551396511103,1
2018-07-10,0.9397222474450504,0.9612675501974917,0.06027775255494963,0.9190748715669415,0.0004516556540317562,0.0022127286420219085,-1.121387868231805,1
2018-07-11,0.2494094902877072,0.9329338024869418,0.7505905097122929,0.930656272321493,0.0024189165261147482,0.0019222579649957794,2.3505223645625883,1
2018-07-12,0.517894082150883,0.9612086191071486,0.482105917849117,0.9191087935854949,0.001653806241852985,0.002035231251902318,1.3427128929466563,1
2018-07-13,0.3173985695075967,0.9512970222759748,0.6826014304924032,0.92406579647623,0.002225167993410558,0.001950866495935738,2.4824119931868265,1
2018-07-14,0.6087393572311274,0.9651624740136657,0.3912606427688726,0.9166830423447657,0.0013949153851009843,0.0020734572419098722,2.810465064134158,1
2018-07-15,0.8116543672891701,0.9585274091569036,0.1883456327108299,0.920589331962324,0.0008166376536181657,0.00215884007706569,2.77184900506807,1
2018-07-16,0.8757372284191295,0.9471588600335659,0.12426277158087051,0.9257862444666785,0.0006340079591978457,0.002185804944606082,-0.3772356050506358,1
2018-07-17,0.21734651716776876,0.8978541915696344,0.7826534828322314,0.9387285197693945,0.00251028583792356,0.0019087664665219995,0.5609242456239673,1
2018-07-18,0.06286513283286164,0.9062030388110767,0.9371348671671386,0.9371415684770361,0.0029505037217840042,0.0018437635937944624,2.088591725829588,1
2018-07-19,0.22140982282811245,0.9319283026376707,0.7785901771718875,0.9309527440781702,0.0024987067247019016,0.0019104762294285757,2.2893821242779673,1
2018-07-20,0.4666426859768173,0.9503104144579998,0.5333573140231826,0.9244915687206067,0.0017998611766159443,0.002013665624451771,2.1472798224342307,1
2018-07-21,0.560147224258813,0.911834081400188,0.439852775741187,0.9359744592526341,0.001533393604802462,0.0020530105826003517,2.682725177764974,1
2018-07-22,0.7572457050539829,0.9409737710495981,0.24275429494601714,0.9280763551722208,0.0009716957149054962,0.002135945931199661,2.962264874656275,1
2018-07-23,0.8700645219303493,0.9481090701947686,0.12993547806965067,0.9254058981510083,0.0006501746595268053,0.002183417975978772,0.6751474324056137,1
2018-07-24,0.5947356835433364,0.9009104254222032,0.40526431645666366,0.9381658221983434,0.0014348232436414536,0.0020675647583438786,-0.03433270263154509,1
2018-07-25,0.06383016594103225,0.9106028380235965,0.9361698340589679,0.9362370100544605,0.002947753741374323,0.0018441696616490347,1.8708702215942297,1
2018-07-26,0.13505829501765992,0.942620891800067,0.8649417049823401,0.9274956690695633,0.002744779525729651,0.0018741411240936678,1.6407539619004612,1
2018-07-27,0.11594977811413035,0.9491813845972399,0.8840502218858697,0.9249664735998568,0.002799232012984183,0.0018661006181282416,1.7891068124260627,1
2018-07-28,0.15812185554898472,0.9547683330880472,0.8418781444510153,0.9224806719513358,0.002679056396460231,0.0018838458383303772,2.279724877349989,1
2018-07-29,0.4087905572965735,0.9436537715806086,0.5912094427034265,0.9271212239209374,0.001964725594651979,0.0019893225324099087,2.628043133935087,1
2018-07-30,0.6817816482681295,0.9472138340584693,0.3182183517318704,0.9257644647742678,0.0011867573511751461,0.0021041920697239,2.7837703317995937,1
2018-07-31,0.8146572574061721,0.9344111510561639,0.18534274259382794,0.9302109063116256,0.0008080797519627813,0.0021601036369757118,-0.20441219537288435,1
2018-08-01,0.11820505312162918,0.8931459381090895,0.881794946878371,0.919310500358366,0.0027979251383145774,0.0009804985815725004,2.005170150894113,2
2018-08-02,0.26621454800225874,0.954553090069627,0.7337854519977413,0.9001226650061942,0.0023752333986622734,0.0012438259478594774,2.3570531128833236,2
2018-08-03,0.5057419560740604,0.9107189414069955,0.4942580439259397,0.9154710867707611,0.001690887134120227,0.001669975105195385,2.216989762258751,2
2018-08-04,0.5841123183168704,0.8737121038219879,0.41588768168312973,0.9228080745922065,0.0014668987646265074,0.0018094057619988516,0.5719500211944494,2
2018-08-05,0.10397718395941291,0.9369179581407312,0.8960228160405871,0.9077741562451198,0.0028385503789834666,0.000955185426376722,2.1803706791667494,2
2018-08-06,0.31816469242252193,0.9157783674613962,0.6818353075774781,0.9142049367063607,0.002226839110825242,0.0013362517393227138,2.2167441228132923,2
2018-08-07,0.5174442194560248,0.9527799825526656,0.48255578054397524,0.9010368676767933,0.0016574436576914698,0.001690794892456023,1.5477773616747585,2
2018-08-08,0.389923845447839,0.904510545536516,0.6100761545521611,0.9169179515462063,0.0020218327863890436,0.0014639202297015287,0.668525214209464,2
2018-08-09,0.08138288717524435,0.8951696730448939,0.9186171128247557,0.9189060022544486,0.002903061885668425,0.0009149873521242568,1.5768767401347814,2
2018-08-10,0.09566421108321951,0.9060202595380482,0.9043357889167806,0.9165761129356638,0.002862286054448853,0.0009403956099850875,1.140041381906075,2
2018-08-11,0.09897093144357329,0.9525675077990223,0.9010290685564267,0.9011437295598875,0.002852844569807253,0.0009462786782587936,1.8519164673210216,2
2018-08-12,0.18096152751956335,0.9274948061116957,0.8190384724804367,0.9109060356555896,0.002618719494503121,0.0010921501829376154,2.314828236962556,2
2018-08-13,0.44564330996292306,0.9298176827805573,0.554356690037077,0.910179396715297,0.001862627228494435,0.0015630521121088783,2.5426853075063547,2
2018-08-14,0.6674747956107481,0.9242143428674979,0.332525204389252,0.9118879635709789,0.0012285998803367628,0.0019577180146057457,2.5360442905761027,2
2018-08-15,0.7642948722704721,0.9152717853410753,0.2357051277295279,0.9143355577173721,0.0009517760596838845,0.0021299730162937826,2.78851353930979,2
2018-08-16,0.8784349103406593,0.9647968860833551,0.12156508965934082,0.8938695256345941,0.0006253555295295057,0.0023330423912494786,3.0855107041710195,2
2018-08-17,0.8950985839847301,0.9282766401286862,0.10490141601526984,0.9106644845149484,0.0005776934403881999,0.002362689146661338,0.5865477367445506,2
2018-08-18,0.6198609168542247,0.8701724474278549,0.38013908314577516,0.92338067033102,0.0013647136774170591,0.0018730069810212126,1.8102450539972104,2
2018-08-19,0.5901728652715765,0.9220853999316367,0.40982713472842347,0.9124995217501056,0.001449575647496817,0.0018201882315230429,2.632594710432706,2
2018-08-20,0.7627766321496255,0.9347926616369826,0.23722336785037446,0.9085255652667634,0.0009561174048666613,0.002127271877608483,1.1025075276653502,2
2018-08-21,0.5430998884095051,0.9319660611987833,0.4569001115904949,0.9094823119425282,0.0015841202130226237,0.0017364395299253905,1.7414327807860255,2
2018-08-22,0.4940599508943845,0.8931917713734385,0.5059400491056156,0.919301434586205,0.00172427185068613,0.0016491913598052944,2.245280946759528,2
2018-08-23,0.6079279838715725,0.9070874409677661,0.3920720161284274,0.916330709683661,0.0013988241042547985,0.0018517768037482273,2.2160504201561158,2
2018-08-24,0.7118463892646276,0.9510867307615621,0.2881536107353722,0.9018733251063079,0.0011017418845631196,0.0020366606182829995,2.0034126898657547,2
2018-08-25,0.7085797443099627,0.913286240261229,0.2914202556900373,0.9148390953231582,0.0011110816187606173,0.0020308488491583205,2.9128187606540337,2
2018-08-26,0.8188996555205632,0.9115622820204955,0.18110034447943685,0.9152657818595364,0.0007956262275004984,0.0022271217415935646,2.842146732896545,2
2018-08-27,0.8479628205624862,0.9092222423451649,0.15203717943751394,0.9158300889168218,0.000712508442565131,0.0022788287399359724,2.418463559889312,2
2018-08-28,0.8441267742829995,0.9188059998967915,0.1558732257170003,0.9134051393409429,0.0007234794628102842,0.0022720039347804187,1.2413794859576694,2
2018-08-29,0.6482351306731807,0.8521123012762756,0.3517648693268194,0.9260586680076955,0.0012836020392150247,0.0019234882491414454,2.7056758022299876,2
2018-08-30,0.7605824298498104,0.895081919026472,0.23941757015018952,0.9189237231137503,0.00096239161031502,0.0021233681178316043,2.753749701115925,2
2018-08-31,0.8047580027746057,0.8914009627209146,0.19524199722539431,0.9196524555597032,0.0008360680253285416,0.0022019619761640473,2.971812293796365,2
2018-09-01,0.8614581289632067,0.9202808342391035,0.1385418710367931,0.9130031257118456,0.0006739113739037852,0.002302838578097087,2.3271457176246555,2
2018-09-02,0.8237882065462356,0.896041871497108,0.1762117934537643,0.9187289629170475,0.0007816458278928956,0.0022358190840687077,2.857101091054533,2
2018-09-03,0.8626321279580597,0.921349180765052,0.13736787204194048,0.9127065732912133,0.0006705536399328287,0.0023049272688502546,3.0000931746868864,2
2018-09-04,0.8671920244070289,0.9071673267565601,0.13280797559297114,0.9163122114822307,0.0006575118771737557,0.0023130398938100032,2.856849910603349,2
2018-09-05,0.839337503559561,0.8818233790536595,0.160662496440439,0.9214263063651851,0.0007371765562906951,0.0022634832243553513,-0.9131645702153413,2
2018-09-06,0.0771907114036858,0.8726674864493013,0.9228092885963142,0.9229788766270297,0.0029150310806803025,0.000907528948149384,1.5461372364686519,2
2018-09-07,0.07470208769942309,0.8219059083667184,0.9252979123005769,0.9298335167348158,0.0029221363652468684,0.0009031013759436187,2.0302672586262487,2
2018-09-08,0.23138770852192136,0.9487803375538633,0.7686122914780786,0.9029599980736418,0.0024747058283090652,0.0011818646532556893,1.588159107229097,2
2018-09-09,0.16118023031313586,0.9216544872651609,0.8388197696868642,0.9126209799473708,0.0026752091077571712,0.0010569567860591956,2.2407798771459215,2
2018-09-10,0.40330576869317314,0.9306469437975012,0.5966942313068269,0.909913271326899,0.001983598811029313,0.0014877283415182085,2.601571505309783,2
2018-09-11,0.6699605972598065,0.9337840724663589,0.33003940274019355,0.9088723407140185,0.0012214933248666376,0.001962140566023047,2.8685853717083476,2
2018-09-12,0.8223362747863089,0.9347055367307534,0.1776637252136911,0.908555763892967,0.000785798114185833,0.002233235916234251,2.995470408171176,2
2018-09-13,0.873306361058921,0.9258966967689285,0.12669363894107905,0.9113906137779275,0.0006400240524080214,0.0023239180619196455,2.1884654720552694,2
2018-09-14,0.8493923409563259,0.9262627837490812,0.15060765904367399,0.9112806740722214,0.0007084200172865858,0.002281372035152721,3.0572738674622304,2
2018-09-15,0.8704715184977401,0.9122086106757803,0.12952848150226007,0.9151069285135638,0.0006481321126439128,0.0023188745231515684,3.073470213186377,2
2018-09-16,0.8780419994325436,0.9133170996968502,0.12195800056745637,0.9148313699439394,0.0006264793274172464,0.0023323433536998743,3.0094004019667655,2
2018-09-17,0.9021519256708083,0.938250634239235,0.09784807432919185,0.9072879210333551,0.0005575186679569152,0.0023752379219356204,0.5672195212160405,2
2018-09-18,0.6567100902568173,0.9169268159468273,0.34328990974318263,0.9139054702066959,0.0012593741995320785,0.0019385662601051842,2.7288564699609323,2
2018-09-19,0.7868250363028437,0.9163207792208933,0.21317496369715627,0.914064082043189,0.0008873502672655194,0.0021700569903755997,2.98219692911091,2
2018-09-20,0.8549165673473913,0.9185865613035237,0.14508343265260873,0.9134642418902417,0.0006926206199946853,0.0022912003234493977,2.670764543676901,2
2018-09-21,0.8644231919715506,0.9213879165732651,0.13557680802844918,0.9126957346705113,0.0006654310322959383,0.0023081137952950907,1.205411476477361,2
2018-09-22,0.710590468928453,0.9041151347338139,0.2894095310715471,0.9170064748994269,0.0011053327211515012,0.0020344261792380053,2.8492525449129307,2
2018-09-23,0.8548576965829009,0.9563731845548368,0.14514230341709905,0.8991399404086158,0.0006927889925698208,0.0022910955850109814,3.0537684779373877,2
2018-09-24,0.8849067991771516,0.925743908180482,0.11509320082284827,0.9114363138006302,0.0006068445894965719,0.002344556689326032,2.292875647161677,2
2018-09-25,0.8494894297643587,0.9139250265670837,0.15051057023564124,0.9146785405857213,0.0007081423430334642,0.0022815447682610654,1.846256552785172,2
2018-09-26,0.8213651399986382,0.9516358806343125,0.17863486000136175,0.901605789591074,0.0007885753926807989,0.002231508146227649,3.003580305242877,2
2018-09-27,0.8623685218563689,0.9143539626584921,0.13763147814363103,0.9145699683866775,0.0006713075758887138,0.0023044582806914116,1.5815326811538446,2
2018-09-28,0.7849356913694793,0.9288428358717531,0.2150643086305205,0.9104876611588049,0.0008927530386523953,0.0021666956099066527,2.8186578317655475,2
2018-09-29,0.862180748686348,0.9385310477681852,0.13781925131365214,0.9071840667736876,0.0006718446229176003,0.0023041242087836543,2.9526202236697303,2
2018-09-30,0.9034354426716055,0.9467329775498365,0.09656455732839439,0.9038780156703184,0.0005538473723564897,0.0023775214588916587,3.1050374063667077,2
2018-10-01,0.8929685319708021,0.9186065396308194,0.10703146802919782,0.9134588685439765,0.000583785996206747,0.002358899518250442,2.9557492671283336,2
2018-10-02,0.9027594711098668,0.9359759888894765,0.09724052889013321,0.9081107422124662,0.0005557808824600296,0.0023763188211069607,2.9063472960287315,2
2018-10-03,0.9054946713941577,0.9370939926091053,0.09450532860584229,0.9077106121721342,0.0005479572553497298,0.002381185083826867,2.953605958653244,2
2018-10-04,0.890915073733116,0.9198977952575349,0.10908492626688428,0.9131083463750881,0.0005896594448043372,0.002355246159728097,2.926128419513185,2
2018-10-05,0.9120728349060478,0.9467508193115322,0.08792716509395222,0.9038701935811413,0.000529141218697854,0.002392888457816408,3.0901070502595136,2
2018-10-06,0.9196640786363464,0.9437507897033579,0.08033592136365361,0.9051443828366104,0.0005074270488289269,0.002406394227969561,3.0100351711415523,2
2018-10-07,0.9174173549402991,0.9411837898887403,0.08258264505970095,0.9061736493039884,0.0005138536674757847,0.002402397026072941,3.1156585772785443,2
2018-10-08,0.9226601981208832,0.9448207715863013,0.0773398018791169,0.9046991728812878,0.0004988567786659782,0.002411724698515255,3.09768261509681,2
2018-10-09,0.9021751360965501,0.9228602186747777,0.09782486390344983,0.912279185131398,0.0005574522783298088,0.0023752792161801954,3.065786543974144,2
2018-10-10,0.8969459364561325,0.9240709697502983,0.10305406354386751,0.9119297628513504,0.0005724094625723703,0.002365975817298857,2.854459205249462,2
2018-10-11,0.8673377006120889,0.9014059132159714,0.13266229938791113,0.9176021415656552,0.0006570952263964345,0.002313299069962453,-0.5656934024344542,2
2018-10-12,0.13467106763534872,0.9449224286746644,0.8653289323646514,0.904656354357184,0.002750907657626547,0.0010097936767191858,2.2330087632743694,2
2018-10-13,0.3773417154935439,0.9315075084608119,0.622658284506456,0.9096332039734516,0.002057780609457044,0.0014415350499816927,2.5975414444966773,2
2018-10-14,0.6662334861230235,0.9472970789223486,0.3337665138769765,0.9036292218062547,0.0012321485940206985,0.001955509570083905,2.8701712756383895,2
2018-10-15,0.8162386960445793,0.929241331554711,0.1837613039554206,0.9103622392092516,0.0008032360418952177,0.0022223875625385493,0.8507496778359218,2
2018-10-16,0.6237644170874703,0.9897757913946806,0.37623558291252973,0.8593409103423415,0.0013535552812181753,0.001879951795180265,2.8683969580833684,2
2018-10-17,0.8167517851211396,0.9460819326788096,0.18324821487886034,0.9041613812686945,0.0008017687127631509,0.002223300412050739,2.986300503221156,2
2018-10-18,0.8858801807928912,0.9416111892448922,0.11411981920710892,0.9060059295073426,0.0006040604939052131,0.002346288456720222,2.927231213001309,2
2018-10-19,0.884248486903495,0.9201560164884736,0.1157515130965049,0.913037476380523,0.0006087275108088884,0.0023433854696191052,3.053448331166128,2
2018-10-20,0.8039758054978688,0.8335976840346653,0.1960241945021312,0.9284596285612603,0.0008383048884567033,0.002200570349573023,3.024222946738006,2
2018-10-21,0.8658394929924724,0.9224068730290973,0.13416050700752757,0.9124084092947043,0.0006613802668714404,0.0023106335715973453,3.073137279108061,2
2018-10-22,0.8955476342664104,0.9327906903724271,0.10445236573358965,0.9092079907391639,0.0005764090249386883,0.0023634880631639627,3.0758075972154777,2
2018-10-23,0.9397993116172635,0.9693095772738018,0.060200688382736574,0.8903968163883148,0.0004498299936673148,0.0024422173207698968,3.0977910677016958,2
2018-10-24,0.9057366715836617,0.9218771795624701,0.09426332841633839,0.9125583069058786,0.0005472650480946001,0.002381615632371029,3.1070859641202766,2
2018-10-25,0.9003400763407629,0.9254678652529257,0.09965992365923716,0.9115186074149301,0.0005627011561397124,0.002372014415818162,3.0702629619354234,2
2018-10-26,0.9015006462193019,0.9291362201502669,0.09849935378069812,0.9103954004381516,0.0005593815449301846,0.0023740792144971534,3.095013445207044,2
2018-10-27,0.9024725694241198,0.9291456598663788,0.0975274305758801,0.9103924246447785,0.0005566015186353311,0.0023758083871962717,3.0995637804550316,2
2018-10-28,0.8976159837087595,0.923789963242016,0.10238401629124042,0.9120114266034605,0.0005704929226935429,0.002367167914998159,3.0855792139662603,2
2018-10-29,0.8971532901992862,0.9250406870459328,0.10284670980071364,0.911645271450373,0.0005718163678126506,0.0023663447254903104,2.015552790661811,2
2018-10-30,0.8140586779960755,0.8862297559790366,0.1859413220039246,0.920630884236272,0.000809470426141859,0.0022185090383152655,3.033720849790212,2
2018-10-31,0.8723493547605973,0.9225029993381143,0.12765064523940273,0.9086802888669393,0.0006593428993862628,0.0026041589063645716,3.063662219896035,3
2018-11-01,0.8763234418513265,0.9105771223019226,0.12367655814867362,0.9116986519145855,0.0006475710445849852,0.002612325320362832,3.063266712655329,3
2018-11-02,0.911234755210723,0.9453927115927117,0.0887652447892771,0.9010585976678567,0.000544152653470727,0.0026840651266647393,3.097445864048863,3
2018-11-03,0.6804078439626637,0.6982319347855674,0.3195921560373362,0.9361347833774566,0.0012277442691912652,0.0022097352802985812,2.8691345451061365,3
2018-11-04,0.8561064876769794,0.9646920994830046,0.1438935123230206,0.8910139538328116,0.0007074553734808116,0.0025707811836083254,2.859396740813549,3
2018-11-05,0.8817100450691245,0.9287604765874781,0.11828995493087538,0.9068797040398184,0.0006316148876976046,0.0026233943359421632,3.02871345572426,3
2018-11-06,0.9055946136410197,0.9393284631363712,0.09440538635898019,0.9033896681818054,0.0005608612401331334,0.0026724751111428242,3.0839422349708516,3
2018-11-07,0.859404875191681,0.8835587365561085,0.14059512480831907,0.9171403807577175,0.0006976855062157841,0.002577559091932122,2.995798238548038,3
2018-11-08,0.8748071702433523,0.9150412964848673,0.12519282975664764,0.910624717814991,0.000652062489120541,0.002609209510013982,2.5616151126148683,3
2018-11-09,0.8565527379145266,0.910218925631558,0.14344726208547354,0.911782215225963,0.0007061335797736582,0.002571698190232346,2.6984797051400213,3
2018-11-10,0.8735355827101932,0.9287007586103314,0.12646441728980684,0.9068977208610456,0.0006558291244314838,0.0026065965048146173,3.075339387700917,3
2018-11-11,0.8965043669805774,0.9307228380544222,0.10349563301942269,0.9062779707338758,0.000587789994160572,0.0026537954204665305,3.0385116625019246,3
2018-11-12,0.8954761801594487,0.9243472906473009,0.10452381984055115,0.9081671428349481,0.0005908358290745146,0.002651682583214302,3.046288764882113,3
2018-11-13,0.874876526325709,0.903269125191582,0.12512347367429114,0.9133337915983959,0.000651857045483042,0.0026093520309172467,2.86168671596376,3
2018-11-14,0.844973910687853,0.8846427052238741,0.1550260893121469,0.9169500633444785,0.0007404295347718577,0.0025479046762532666,-2.0693326631480082,3
2018-11-15,0.0729434436944173,0.8087815794510975,0.9270565563055826,0.9270565571342979,0.003024593761628666,0.0009614471405222861,2.071098725043229,3
2018-11-16,0.24732629661137892,0.9226442396966611,0.752673703388621,0.9086414794558973,0.0025090968582517676,0.0013197892046506092,2.30648563876826,3
2018-11-17,0.502260707405827,0.9405390523189755,0.4977392925941729,0.9029461826621145,0.0017550175989137196,0.001843657930579308,2.731661405863509,3
2018-11-18,0.7547458899264043,0.9472504753788442,0.2452541100735958,0.9002847771525695,0.0010076420037137435,0.0023624936988490435,2.9000627717166947,3
2018-11-19,0.8672079948801162,0.9463130213267557,0.13279200511988365,0.900679085583835,0.0006745721971202607,0.0025935938451720274,-3.4788517931909384,3
2018-11-20,0.054832282666201874,0.5382878373219673,0.9451677173337979,0.945167717333799,0.0030781178329256343,0.0009242302311871602,0.1856147606408841,3
2018-11-21,0.07211856041524163,0.8006338570519824,0.9278814395847584,0.9278814406471179,0.0030270316065511486,0.0009597520749124495,1.4684087639087688,3
2018-11-22,0.10289458321156203,0.9444446970292696,0.897105416788438,0.9014419665175775,0.0029360728205611,0.0010229942076681587,1.3503023644021261,3
2018-11-23,0.10211117310829038,0.9498622332756812,0.8978888268917096,0.8991424827877743,0.002938388294719023,0.0010213843659390579,2.1463043139265188,3
2018-11-24,0.3035635013693747,0.9023537003510879,0.6964364986306254,0.9135288924659106,0.0023427980815928363,0.001435351920231272,-0.6520280226689141,3
2018-11-25,0.07846425541955057,0.8551872442299857,0.9215357445804495,0.9215357446085435,0.003008277507922525,0.0009727919432718443,1.7187378275779024,3
2018-11-26,0.09641798008819144,0.7275543607825747,0.9035820199118086,0.9340776693193478,0.0029552151383879727,0.0010096853341582516,1.1875587563319812,3
2018-11-27,0.08044162898392225,0.8676537560998772,0.9195583710160777,0.9197302210333965,0.003002433498743464,0.0009768552792751102,1.9715558679061176,3
2018-11-28,0.21753539986613532,0.9172599779823647,0.7824646001338647,0.9100672291653932,0.002597180558364755,0.0012585714228942357,-0.08068484268322695,3
2018-11-29,0.09646104522980495,0.938914623343974,0.903538954770195,0.9035389671018537,0.00295508785576233,0.001009773829394335,2.141322716659173,3
2018-11-30,0.31467454386493476,0.936258248199928,0.6853254561350653,0.9044706908050657,0.0023099385096316963,0.0014581841760171804,0.9072530880257867,3
2018-12-01,0.07860115095337233,0.8511152239976432,0.9213988490466276,0.9220897626538063,0.0030078729224325192,0.0009730732520550133,1.6114993311217891,3
2018-12-02,0.10727467120779918,0.9166372562329627,0.8927253287922009,0.9102253760283153,0.0029231267845832476,0.0010319949193056883,2.0576196744430435,3
2018-12-03,0.2844629535585544,0.9432288638427343,0.7155370464414457,0.9019228442418403,0.0023992832179718484,0.0013961019044526546,0.9615989111600349,3
2018-12-04,0.08877847478047689,0.9095394290997163,0.9112215252195229,0.9119397173946061,0.002977794087040219,0.0009939867946797782,2.0832424872365194,3
2018-12-05,0.286389811525474,0.9448763309642085,0.713610188474526,0.9012683518189545,0.002393585152809998,0.0014000614351610827,1.2567711623801272,3
2018-12-06,0.10242137225379466,0.905882286243004,0.8975786277462052,0.9127653825668122,0.0029374714599518527,0.001022021799036587,1.364817069745079,3
2018-12-07,0.09382667939688388,0.9263379641071647,0.9061733206031161,0.9075972017229346,0.0029628739153493783,0.0010043604296566463,1.6031190620875082,3
2018-12-08,0.09456717379954684,0.8768341667490449,0.9054328262004531,0.9182795067961862,0.002960685336272571,0.0010058820832383323,2.1158791107076755,3
2018-12-09,0.2974811535914495,0.9266597711732232,0.7025188464085506,0.9075034362644163,0.002360785452088299,0.0014228532082247313,1.5571811387538335,3
2018-12-10,0.23368613442753344,0.9383713525072329,0.7663138655724667,0.9037332218899026,0.0025494280936140643,0.0012917598210831103,1.5448384826169104,3
2018-12-11,0.1598165833923566,0.9382360161456502,0.8401834166076435,0.9037813103911554,0.0027678183061119804,0.0011399641201217169,1.9908883248517653,3
2018-12-12,0.2879105377215413,0.9183918397342857,0.7120894622784588,0.9097763333565195,0.002389088070115998,0.00140318639931299,2.1470832636417145,3
2018-12-13,0.4674206944163436,0.9234384052719304,0.5325793055836565,0.9084217662312766,0.0018581044511586475,0.001772064640527711,0.976766844751805,3
2018-12-14,0.12089246333747039,0.9182687412939408,0.8791075366625296,0.9098081891351772,0.0028828762325078454,0.0010599783342974162,1.9497351285925801,3
2018-12-15,0.24662182117189613,0.9449084977875943,0.7533781788281038,0.901255351323755,0.002511179889909109,0.0013183415670022436,2.3615746181418773,3
2018-12-16,0.5177144766105739,0.9336092047857568,0.48228552338942615,0.9053569071933811,0.0017092887190893102,0.0018754141237070161,2.753125029841436,3
2018-12-17,0.7476098863741335,0.9272178370107748,0.2523901136258665,0.9073397252851609,0.0010287725172034644,0.0023478298130381755,-0.6793762437212714,3
2018-12-18,0.08917049056421301,0.9140836209019307,0.910829509435787,0.9108603366074743,0.0029766354763392897,0.0009947923540726035,1.5743908631676398,3
2018-12-19,0.10757664949360086,0.9234379761602547,0.8924233505063991,0.9084218856409031,0.0029222342345005484,0.0010326154592294595,2.1378931580292138,3
2018-12-20,0.3245700187480664,0.9354692815347707,0.6754299812519337,0.9047389423664974,0.0022806729549336127,0.0014785185428189433,0.1749828197111044,3
2018-12-21,0.08959949273902533,0.9159362559435497,0.9104005072609747,0.910401826134019,0.0029753675501125194,0.0009956739173815313,1.3229914225505455,3
2018-12-22,0.08856865153409223,0.9088701165875083,0.9114313484659078,0.9120935748951601,0.0029784142234214896,0.0009935556255943215,1.7812368439277828,3
2018-12-23,0.15937713376269952,0.9353347584765582,0.8406228662373004,0.9047843088654425,0.002769117370620296,0.001139061088173692,2.217950634323826,3
2018-12-24,0.3924375895924124,0.9215196452765556,0.6075624104075876,0.9089483035096999,0.002079934470277643,0.0016179806803911438,2.0796407188529837,3
2018-12-25,0.5145921950808933,0.9194248652294996,0.48540780491910673,0.9095068597879542,0.0017185279504690243,0.0018689980983385797,0.4197789465113786,3
2018-12-26,0.09369366493211946,0.9294362431262818,0.9063063350678805,0.9066746284497911,0.002963267047708165,0.0010040870961432573,2.096482548484252,3
2018-12-27,0.28573691008372826,0.9207682756434682,0.7142630899162719,0.9091505571958078,0.0023955159031771173,0.0013987197777309288,1.0396480966158073,3
2018-12-28,0.0947189367046941,0.9283250339113213,0.9052810632953058,0.907010686558171,0.0029602367906237984,0.0010061939432164143,0.8989426592338335,3
2018-12-29,0.09655848083676265,0.9391178062964814,0.9034415191632374,0.9034658101648637,0.002954799876623996,0.0010099740513538498,2.00018695072719,3
2018-12-30,0.2501278913985408,0.9498760722622408,0.7498721086014591,0.8991362498376033,0.0025008129074912443,0.001325546245793644,2.4116332266480054,3
2018-12-31,0.5421129390192923,0.9392092113721721,0.4578870609807077,0.9034328086647531,0.001637087705118462,0.0019255509074265751,1.213692889987998,3
2019-01-01,0.303769369859286,0.9574401405700889,0.696230630140714,0.8953976449449568,0.002342189259771817,0.00143577496262552,1.747844047107292,3
2019-01-02,0.3250942190703112,0.9402158093292796,0.6749057809296889,0.9030655986879184,0.002279122625958361,0.0014795957302966558,2.083492674643438,3
2019-01-03,0.4814511545407315,0.9406533085515606,0.5185488454592686,0.9029037958214804,0.0018165914638797237,0.0018008960534650676,1.5895268583335462,3
2019-01-04,0.4070975870404581,0.9541947685132401,0.5929024129595418,0.8970883568633984,0.0020365680677431022,0.0016481057394653303,2.534591843458247,3
2019-01-05,0.6702631527316026,0.9442138727390368,0.32973684726839725,0.9015341790817833,0.0012577773492960958,0.0021888887949081054,2.735602004595294,3
2019-01-06,0.7925659559132856,0.9149691105365909,0.2074340440867145,0.9106425812095923,0.0008956453318896224,0.0024402107466235854,-0.18773741390163612,3
2019-01-07,0.12046573225937543,0.9200087886463211,0.8795342677406246,0.9093528165180308,0.0028841375592344605,0.0010591014379008133,2.085318865988991,3
2019-01-08,0.294027794673179,0.9094190340677225,0.705972205326821,0.9119674864705876,0.0023709979560113835,0.0014157568467290384,2.454161724836264,3
2019-01-09,0.5668779635616905,0.9186211011939717,0.43312203643830965,0.9097168604081647,0.0015637968029366676,0.001976440945433566,2.8046194626893715,3
2019-01-10,0.787689782512697,0.9428288318225528,0.21231021748730305,0.9020784966444186,0.0009100858367486124,0.0024301906212948264,-1.1307898173560142,3
2019-01-11,0.09290911824734724,0.9280551965522018,0.9070908817526526,0.9070914039435448,0.002965585820218918,0.0010024749188349744,2.1407282512063737,3
2019-01-12,0.3161382842273486,0.9507346169237652,0.6838617157726514,0.8987456647536801,0.0023056095958164597,0.0014611920390842277,2.4850820192824403,3
2019-01-13,0.603100253914396,0.9391909167594898,0.3968997460856041,0.9034394183938392,0.0014565893438617029,0.0020508746989553344,1.4804197590900365,3
2019-01-14,0.47600136975815777,0.9324038812506069,0.5239986302418422,0.9057469505409849,0.001832716353217831,0.0017896972050956553,1.1934347128672964,3
2019-01-15,0.22655832858993669,0.9144288448418574,0.7734416714100634,0.9107757407585676,0.0025705029668260404,0.0012771127808849172,1.8701144692582545,3
2019-01-16,0.29512582443458985,0.9348625804229298,0.7048741755654102,0.9049427019315885,0.0023677507998952426,0.0014180132053365309,2.4601057180458628,3
2019-01-17,0.5674289376962307,0.9131078451620143,0.43257106230376935,0.9110974060831692,0.0015621661625152632,0.0019775731508387983,2.746333642978848,3
2019-01-18,0.7753167973414306,0.937235982656501,0.2246832026585695,0.904132974183127,0.0009467268138646567,0.0024047651796786597,2.7869541182517192,3
2019-01-19,0.8589583066378755,0.9396549209742985,0.14104169336212447,0.9032710732193642,0.0006990082535320922,0.0025766414311950217,2.4899294940208043,3
2019-01-20,0.8685137657229969,0.9329089142468927,0.131486234277003,0.9055844890268325,0.0006707043752468738,0.0025962770941915813,0.30057641024696236,3
2019-01-21,0.49509319147500674,0.9292231827535471,0.5049068085249933,0.9067395249818737,0.001776226139674497,0.0018289292894866785,2.7110014306970664,3
2019-01-22,0.752418987965571,0.9523564631791103,0.24758101203442895,0.8979860638930175,0.0010145322708094062,0.0023577121114525677,2.849291924277831,3
2019-01-23,0.8562984076317947,0.9394068490824607,0.1437015923682053,0.9033612586876102,0.0007068869065642036,0.002571175562938664,2.8933540783837333,3
2019-01-24,0.8820658752560329,0.9282097681492206,0.11793412474396701,0.9070452083492002,0.0006305608414767489,0.0026241255369835667,3.0783563194369314,3
2019-01-25,0.9118165700002218,0.9439264529634438,0.08818342999977831,0.9016483938930085,0.0005424290461945545,0.0026852607070163735,3.0682738933254754,3
2019-01-26,0.9173599958806079,0.9415958441499606,0.08264000411939212,0.902550545591566,0.0005260066850315535,0.002696651979948844,3.0804881402354294,3
2019-01-27,0.9176129684440613,0.9400320342325202,0.08238703155593886,0.9031331634261316,0.0005252572493549511,0.0026971718172438494,2.9889250181842213,3
2019-01-28,0.9048465679109989,0.9289937916414424,0.09515343208900087,0.9068091492172361,0.0005630772612989392,0.0026709379402199145,1.3740300177963465,3
2019-01-29,0.823798176259253,0.9480985756147449,0.1762018237407469,0.8999210817608679,0.000803148159729384,0.002504390326891227,2.6942698480556,3
2019-01-30,0.8530917516350511,0.9373729079327375,0.1469082483649488,0.9039083665287816,0.0006511677296204058,0.0024115296080822737,2.9396571814133425,4
2019-01-31,0.8719754487369018,0.9184423714812084,0.12802455126309825,0.9171513904995395,0.0005997549683501208,0.00244691467307864,2.908553348219911,4
2019-02-01,0.8975239014660534,0.9399726248930617,0.10247609853394664,0.9016395509506909,0.0005301927548339798,0.0024947884371779925,3.041632930519159,4
2019-02-02,0.9276288251420272,0.9572457386601556,0.07237117485797273,0.8819419211847414,0.0004482184978779677,0.002551200307969998,3.1636317608402833,4
2019-02-03,0.9281676415353193,0.9469619316728803,0.07183235846468072,0.8947766416899653,0.00044675126881884853,0.0025522099647652175,2.619101108964835,4
2019-02-04,0.8937070646768912,0.9246098227051305,0.10629293532310889,0.9133644246180389,0.0005405853629269479,0.002487636288044453,3.128160816515158,4
2019-02-05,0.9016877019407533,0.9302923326780309,0.0983122980592466,0.9094606625678288,0.0005188553059864969,0.002502590741442591,3.147755782369156,4
2019-02-06,0.9018634075162609,0.9277348163123824,0.09813659248373888,0.9112718970336038,0.0005183768814956385,0.0025029199859319525,2.387145409972742,4
2019-02-07,0.8762200647548067,0.9286198042384217,0.1237799352451933,0.9106556541302404,0.0005881982303792013,0.002454868412903426,3.0811362941901783,4
2019-02-08,0.8600248799578353,0.8941865828720437,0.1399751200421646,0.9288123844946695,0.0006322918826070209,0.002424521195217286,-0.8447816585762371,4
2019-02-09,0.07790356661928287,0.904340784181293,0.922096433380717,0.924448804798138,0.0027595340028477838,0.0009589494187659642,2.1640909510000106,4
2019-02-10,0.2734170772534257,0.9218891218450862,0.7265829227465744,0.9150876964668442,0.002228171922458469,0.0013253108491650392,2.489475705832474,4
2019-02-11,0.5584166372674124,0.9269198197853462,0.4415833627325876,0.9118299360023194,0.0014531258781358088,0.0018593549984986112,2.40436641788126,4
2019-02-12,0.711445991916695,0.9479735896414814,0.28855400808330495,0.8936763373007158,0.0010367326909069762,0.002146107832512569,2.9757054885851724,4
2019-02-13,0.8259532703725795,0.9158126762779472,0.17404672962742054,0.9186437515210174,0.0007250505840474111,0.0023606763817148,3.0268206458058566,4
2019-02-14,0.8656147626603271,0.9170219785049636,0.13438523733967284,0.9179658772922366,0.0006170728544933161,0.002434995752274778,3.041229925835529,4
2019-02-15,0.8863799240613204,0.9256215104789953,0.11362007593867977,0.9127007697212929,0.0005605356544238358,0.0024739063841214505,3.1354581925709977,4
2019-02-16,0.9239742131310992,0.9543571551628213,0.07602578686890085,0.8859573186958208,0.00045817016975430034,0.002544352142441516,3.154720599245116,4
2019-02-17,0.8956159219630212,0.9153403161549702,0.10438407803697886,0.9189047597889033,0.000535387876640503,0.002491213185024646,3.029489515848316,4
2019-02-18,0.9071779400869229,0.9377574050347122,0.09282205991307713,0.9035813489442315,0.0005039059659690092,0.002512878580344047,-1.0513542749517706,4
2019-02-19,0.10688889654467452,0.9187374528868363,0.8931111034553255,0.9169796338321132,0.0026807752945917818,0.0010132633477502725,2.2031900431615266,4
2019-02-20,0.3140259250277738,0.9098878475651827,0.6859740749722261,0.921774069372427,0.002117772470208147,0.001401405414237364,2.5028782555614004,4
2019-02-21,0.6058787975172344,0.9476374360639338,0.39412120248276555,0.8940452948332885,0.0013239988360503009,0.0019482915884179287,2.629367451340746,4
2019-02-22,0.7579819951590876,0.9291828483095681,0.24201800484091227,0.9102578761795256,0.0009100755216295078,0.002233308950520429,2.7917611151087547,4
2019-02-23,0.837799075339457,0.9261192586516949,0.16220092466054312,0.9123694953477539,0.0006928017410433238,0.002382873548743398,0.7883519358206897,4
2019-02-24,0.5820104443763897,0.9312945147209944,0.4179895556236101,0.9087248054899698,0.001388937803729612,0.0019035660655137175,-0.2877272137157484,4
2019-02-25,0.08404934632500956,0.9204728580287647,0.9159506536749904,0.9159511437048361,0.0027428352319123508,0.0009704656389831999,2.043305526395502,4
2019-02-26,0.2351158011641967,0.929501269276364,0.7648841988358033,0.9100309122370848,0.0023322873844036592,0.0012535403088650514,2.3508752591597273,4
2019-02-27,0.5004831475573737,0.9451873422853242,0.4995168524426264,0.8966364356302332,0.0016107201079601696,0.0017507967915013638,2.783187068710536,4
2019-02-28,0.7350722337910092,0.9245187908817161,0.2649277662089909,0.9134235156222432,0.0009724309833344488,0.0021903796771536557,2.9830514828175856,4
2019-03-01,0.8324456239709253,0.9142202764571192,0.1675543760290748,0.9195154039326519,0.0007073760193517892,0.0023728420266527473,3.091915921771796,4
2019-03-02,0.9054325944072671,0.9521509294728748,0.09456740559273283,0.8887896023850295,0.000508658381314339,0.0025096080782817318,3.1396259761561063,4
2019-03-03,0.8959097157996015,0.9209771839516085,0.1040902842003983,0.9156462131956654,0.0005345879248656123,0.002491763708258886,2.961785199501899,4
2019-03-04,0.885594191731537,0.9181652593170411,0.1144058082684629,0.9173118801080985,0.0005626750189915301,0.002472434045870674,1.954062854422764,4
2019-03-05,0.8247172860587687,0.9150177739153431,0.17528271394123118,0.9190817898155089,0.0007284153525603692,0.0023583603423797694,1.0425619457292106,4
2019-03-06,0.6392547039017303,0.9421720992630039,0.36074529609826955,0.899607789003729,0.0012331858245255385,0.002010832764034026,2.9299014362187465,4
2019-03-07,0.8335781778544026,0.9520476121244403,0.1664218221455974,0.8889176909387982,0.0007042927624953313,0.002374964253701962,3.094987898239159,4
2019-03-08,0.8715184375479976,0.9175781390059463,0.12848156245200218,0.9176493555155124,0.0006009992567647575,0.002446058306312311,3.0360699249669514,4
2019-03-09,0.9157690658685027,0.9535583921006454,0.08423093413149724,0.8870047219423262,0.0004805128108547814,0.002528976992775338,2.6895074030528807,4
2019-03-10,0.903263932505711,0.9367042186257611,0.09673606749428898,0.9044703247236286,0.0005145634178930816,0.002505544348497897,3.1184155029712977,4
2019-03-11,0.9048543307641153,0.9311295700638849,0.09514566923588469,0.908846967687672,0.000510232935174305,0.002508524503572415,2.652833840437315,4
2019-03-12,0.8877941656858533,0.9275582658006307,0.11220583431414663,0.9113935446126076,0.0005566849957569562,0.002476556449494494,3.141722993190411,4
2019-03-13,0.8884446622397778,0.918083223276084,0.11155533776022236,0.9173592421817666,0.0005549138366994883,0.0024777753772667614,3.1046404331319595,4
2019-03-14,0.8785435934756173,0.9089388251119978,0.12145640652438278,0.9222481563199219,0.0005818719478754733,0.00245922233863965,3.1263762410663753,4
2019-03-15,0.927217640901713,0.9598938121356532,0.07278235909828709,0.8779089273929341,0.00044933817562815007,0.00255042981366528,2.988537099460815,4
2019-03-16,0.9131271532806744,0.9351806935589774,0.08687284671932566,0.9057196136122859,0.00048770664629181577,0.002524026465972731,2.4246589815260213,4
2019-03-17,0.8802761109314171,0.9239032545772516,0.11972388906858313,0.9138204179708046,0.0005771547898298164,0.0024624688026371484,3.002638147144605,4
2019-03-18,0.899448038755466,0.935781406216636,0.1005519612445341,0.9052320828171975,0.0005249536120792162,0.0024983939664703007,3.143274575742136,4
2019-03-19,0.8950583544064178,0.9216280429560622,0.10494164559358227,0.9152485438187792,0.0005369060387368523,0.0024901683915118157,3.117126200611204,4
2019-03-20,0.8830074304445862,0.9111504750640083,0.1169925695554138,0.9211321232445837,0.0005697181317211126,0.0024675868638927407,3.0720149427507732,4
2019-03-21,0.9001379990928187,0.9331401506951071,0.09986200090718128,0.9073286824368705,0.0005230749452564094,0.00249968684313796,2.6449598740086424,4
2019-03-22,0.8916574987067519,0.9337885731270168,0.10834250129324813,0.9068250519930539,0.0005461659459921812,0.0024837957252205225,3.144716784668183,4
2019-03-23,0.904960680673091,0.9336688485238094,0.09503931932690898,0.9069185710767552,0.0005099433552227314,0.002508723786499967,3.136046897142283,4
2019-03-24,0.9048468811642508,0.9302209652233832,0.09515311883574921,0.9095124876218273,0.0005102532196716987,0.002508510544199207,3.0979101167437504,4
2019-03-25,0.9070533375799836,0.933420701970636,0.09294666242001642,0.9071116376345607,0.0005042452478147609,0.002512645094931579,2.4991573902575603,4
2019-03-26,0.8980897497388896,0.9429890374165056,0.10191025026111038,0.8988248879039484,0.000528652035934904,0.0024958487474448002,3.1506678881045347,4
2019-03-27,0.8829641466260852,0.9095103260994971,0.11703585337391484,0.9219635137048674,0.0005698359824793678,0.0024675057568551368,1.9854337544122733,4
2019-03-28,0.8504734975156996,0.9382640684282308,0.14952650248430044,0.9031460017915895,0.0006582959916545354,0.0024066234135118694,3.029042447507303,4
2019-03-29,0.8856244283849329,0.929890313613496,0.11437557161506712,0.9097516129312996,0.0005625926917670485,0.0024724907045821495,2.608912790187762,4
2019-03-30,0.8869805514371578,0.9358838088320727,0.11301944856284223,0.9051483245976811,0.0005589002842413089,0.0024750318649326484,3.1338679113233376,4
2019-03-31,0.907510120053722,0.9378175319855533,0.09248987994627807,0.9035299499718584,0.0005030014681269393,0.002513501033121821,3.14950400612153,4
2019-04-01,0.8950108800701337,0.9192712712054869,0.1049891199298662,0.9166666375444085,0.0005370353032193476,0.0024900794321059314,3.0240673661517956,4
2019-04-02,0.913629474780521,0.94455495215124,0.08637052521947883,0.8972786215225195,0.0004863388462166013,0.00252496773710334,-5.257448608688157,4
2019-04-03,0.04688089459081785,0.7956365636895988,0.9531191054091821,0.9531191054091821,0.002843822024248417,0.0009008178325533999,2.061357169106466,4
2019-04-04,0.1929134177996673,0.9220794233907028,0.8070865822003327,0.9149699686817998,0.002446995409216379,0.001174459709854115,2.2335446828828056,4
2019-04-05,0.4143595459768175,0.9365170415510489,0.5856404540231825,0.9046261109092089,0.001844955244547054,0.0015894147685207864,2.071165476748755,4
2019-04-06,0.5114660610624706,0.9230005285108129,0.4885339389375293,0.9143942694193203,0.001580845524038398,0.0017713770362559375,2.7999865419060272,4
2019-04-07,0.7469151546035007,0.9293885589499905,0.2530848453964995,0.9101114170681643,0.0009401975505973092,0.002212571439732593,1.9063017551028774,4
2019-04-08,0.7281056286162716,0.9318021454380997,0.27189437138372824,0.9083461972696754,0.0009913918590992595,0.0021773253596869798,2.5935465393600543,4
2019-04-09,0.8029422794861646,0.9213760433335326,0.1970577205138355,0.9154030721342857,0.0007876925465349808,0.002317557420223579,2.387347632970752,4
2019-04-10,0.8344461995941438,0.9403156361728079,0.16555380040585624,0.901329733326926,0.0007019296600192384,0.0023765907893063694,2.4008795530928846,4
2019-04-11,0.8724243090810377,0.9577871728098947,0.12757569091896226,0.8811464597489592,0.000598532870528352,0.002447755766449598,-0.3844074373211799,4
2019-04-12,0.16970647680080173,0.8971601852360376,0.8302935231991981,0.9275986437129026,0.002510067615450526,0.0011309735688096677,2.3228679211696712,4
2019-04-13,0.44365425813377574,0.9423399878301392,0.5563457418662243,0.8994481858475837,0.0017652866364208913,0.0016443084309287802,2.6971518416292595,4
2019-04-14,0.7123979977379344,0.9431946222227789,0.28760200226206545,0.8986253491816799,0.0010341417663956216,0.002147891741017338,2.68135636685497,4
2019-04-15,0.8170074768799872,0.933521405306869,0.18299252312001285,0.9070334110448703,0.0007494038259187376,0.002343913378025844,1.9651882860493575,4
2019-04-16,0.7584496999315152,0.9001873621018364,0.24155030006848474,0.9263103340330315,0.0009088024910597844,0.0022341853553728367,1.6145907758988098,4
2019-04-17,0.7008268020036977,0.9524166706105592,0.2991731979963022,0.8884583393966414,0.001065632838442587,0.002126209148306109,2.9845041221529374,4
2019-04-18,0.8012899197790233,0.892125058641163,0.1987100802209767,0.9296255682616683,0.0007921905606603979,0.002314461159183211,2.9758391559696022,4
2019-04-19,0.8668401742404515,0.9282226259173864,0.1331598257595486,0.9109335641838251,0.0006137365166482131,0.002437291979977231,3.1260947252731595,4
2019-04-20,0.89125349430772,0.9271212869761816,0.10874650569227985,0.9116928193120798,0.0005472659705860236,0.0024830386848040484,3.1389474755842883,4
2019-04-21,0.9039395550616394,0.9328536953232488,0.09606044493836066,0.9075489570841976,0.0005127237728003888,0.002506810358428346,3.0827957197338516,4
2019-04-22,0.9017029680162124,0.9286641689471271,0.09829703198378748,0.9106244744245473,0.0005188137383649416,0.002502619347656165,2.7863460038216323,4
2019-04-23,0.8859665691170976,0.9215767073106778,0.11403343088290235,0.9152800808832243,0.0005616611233815159,0.00247313182226055,1.8032859036421207,4
2019-04-24,0.8327750385625167,0.9334278169386825,0.16722496143748336,0.9071061162584955,0.0007064792242757622,0.002373459297554274,2.112902248435017,4
2019-04-25,0.8111101839105375,0.9259696923656515,0.1888898160894626,0.912469373257221,0.0007654577905714314,0.0023328627826947985,-0.23270785378737546,4
2019-04-26,0.10783103479599246,0.9328000120203633,0.8921689652040076,0.9075900884797191,0.0026782152250147727,0.0010150287659879533,2.220827441060985,4
2019-04-27,0.3594054315567591,0.9537201834602379,0.6405945684432409,0.8867946366895417,0.0019943897756136844,0.0014864394401153684,2.602955836343685,4
2019-04-28,0.6517336573828355,0.9426217405090818,0.3482663426171643,0.8991788452143133,0.0011992296408915681,0.0020342163513492584,2.7996310790111365,4
2019-04-29,0.8138256476824738,0.9432133842970969,0.18617435231752608,0.8986070876977394,0.0007580656225505869,0.002337951132796317,3.070989659019599,4
2019-04-30,0.8981141585669665,0.9512606905733387,0.10188584143303347,0.8898806122291919,0.000528585574352969,0.0024958944857323474,2.3919303114344443,4
2019-05-01,0.8296441250321024,0.8976026718861604,0.17035587496789767,0.894772684503935,0.000654917606269564,0.0023283314913814307,3.1152137310165195,5
2019-05-02,0.8628452113954288,0.9068842064909708,0.13715478860457117,0.8893058870538851,0.0005643862842464632,0.0023501133304369344,2.8874618823186586,5
2019-05-03,0.865186966063568,0.908931627730059,0.13481303393643204,0.8879994520183756,0.0005580008505577289,0.0023516496573730682,-0.22677689428858572,5
2019-05-04,0.20749537771841983,0.8910079716842136,0.7925046222815803,0.8982632072104235,0.0023511910811913105,0.001920165814684211,2.0923764576434887,5
2019-05-05,0.3616024214602966,0.9026287480915,0.6383975785397035,0.8919002861791762,0.0019310530079022974,0.002021268977013648,2.5228699333549502,5
2019-05-06,0.618888774909234,0.9162875348776502,0.381111225090766,0.8829545766040532,0.0012295742765792924,0.002190063753204843,2.8531591705428676,5
2019-05-07,0.7906532956099458,0.9190167067616345,0.20934670439005423,0.8809269504394812,0.0007612349439463556,0.0023027512449455144,2.167405107651632,5
2019-05-08,0.7977416652675982,0.9288400739407073,0.20225833473240185,0.8727820411856395,0.0007419069941030442,0.002307401626723969,2.610051351804174,5
2019-05-09,0.8366818258857489,0.9207097394105968,0.1633181741142511,0.8796218395235249,0.0006357275796522128,0.0023329486314845396,0.7927126856860853,5
2019-05-10,0.5438961379105194,0.8971930332455258,0.4561038620894806,0.8949983218218702,0.001434043938633491,0.0021408642320934453,1.427032225389615,5
2019-05-11,0.35818028577492483,0.9002717851896304,0.641819714225075,0.8932718018305071,0.0019403829104313699,0.0020190238574440906,-1.79831968886286,5
2019-05-12,0.11255212317119045,0.9097776745328177,0.8874478768288095,0.8874478768288095,0.002610022258948774,0.0018578775308816116,1.3542236868003468,5
2019-05-13,0.1023286912958271,0.8918304029012684,0.8976713087041729,0.89784377534829,0.002637892579903528,0.0018511703663850292,-0.3563695941335132,5
2019-05-14,0.09344499700928191,0.8728454506027379,0.906555002990718,0.9065550029907233,0.002662110539893392,0.0018453421474812774,2.020928426391996,5
2019-05-15,0.230595339727589,0.8940336254602147,0.7694046602724108,0.8966984541395905,0.0022882155509002127,0.0019353207300735987,1.7073073367926197,5
2019-05-16,0.18248926091025633,0.8637462039622515,0.8175107390897437,0.9101275881718448,0.002419362687083678,0.0019037603511473252,1.4442597818177443,5
2019-05-17,0.11194056136756987,0.903227580908762,0.8880594386324302,0.8915446145711043,0.0026116894534705727,0.0018574763108542554,0.985444993234486,5
2019-05-18,0.11409682898421754,0.9120896829817051,0.8859031710157824,0.8859039969646079,0.002605811194865361,0.0018588909475222377,2.2096525117422217,5
2019-05-19,0.34715266282099366,0.9134940574549631,0.6528473371790064,0.8849389804362706,0.001970447882145182,0.002011789096939006,-0.8910503786860464,5
2019-05-20,0.099024396920468,0.8854786237852271,0.900975603079532,0.9009756030795332,0.0026469004697395287,0.001849002557552256,1.762638653425242,5
2019-05-21,0.1346649041489385,0.9019487292281861,0.8653350958510615,0.892300586937444,0.002549739815933167,0.00187238479823594,2.326122773865887,5
2019-05-22,0.40295343843924564,0.8974324683541146,0.5970465615607544,0.8948665849099783,0.0018183153141446628,0.0020483976434301715,1.2079569655998417,5
2019-05-23,0.14750878555120303,0.9261731678900399,0.8524912144487969,0.8751378921307587,0.0025147254582764283,0.001880811129666502,1.8154197393441125,5
2019-05-24,0.18517962937085167,0.896841488891532,0.8148203706291482,0.8951909867978266,0.002412028237931605,0.0019055253889586606,2.3307938360831573,5
2019-05-25,0.4498353696999609,0.9090122568562355,0.550164630300039,0.8879471872977448,0.0016904965851924623,0.0020791549105315297,2.7425078168414965,5
2019-05-26,0.6998886518558962,0.906229991661536,0.3001113481441039,0.8897151224389281,0.0010087202571728694,0.0022432043722755693,-0.24802008471691184,5
2019-05-27,0.10044775332612119,0.8884204095629462,0.8995522466738788,0.8995552634757371,0.0026430202361902716,0.0018499363619406814,2.208338678047258,5
2019-05-28,0.3155674671327121,0.8824737778597412,0.6844325328672878,0.9023760965977359,0.002056559062273279,0.001991067375923916,2.3547072502236035,5
2019-05-29,0.5207202151722558,0.8881257010457466,0.47927978482774425,0.8996998363236784,0.0014972328041425822,0.00212565948205836,2.721972680230562,5
2019-05-30,0.716744505488865,0.8986811171029846,0.2832554945111349,0.8941727372786374,0.0009627604277171488,0.00225426279027306,0.39250853203998015,5
2019-05-31,0.12917884451703174,0.8911895677218427,0.8708211554829682,0.8981709659937749,0.002564695598547028,0.00186878562480398,1.7361206363762298,5
2019-06-01,0.1613029431406015,0.9223374037349906,0.8386970568593983,0.8783309226829962,0.002477120346270108,0.0018898608974129698,2.376998160429002,5
2019-06-02,0.44145852878569486,0.8965923830664936,0.5585414712143052,0.8953269702473057,0.0017133353129947424,0.002073659216848758,2.147467221097138,5
2019-06-03,0.5436162151008406,0.9003003796177946,0.45638378489915943,0.8932554276992042,0.0014348071474560974,0.0021406805864885494,0.3918921865052243,5
2019-06-04,0.10692527148659205,0.9005768893622784,0.8930747285134081,0.8930967586442994,0.0026253617533706776,0.0018541859896940172,1.0946356196171407,5
2019-06-05,0.1141118844089705,0.9121078848684854,0.8858881155910293,0.8858916238713054,0.0026057701518567076,0.0018589008247544246,2.0519594344265757,5
2019-06-06,0.27416161383468945,0.910543039416176,0.7258383861653105,0.8869428067216106,0.0021694431438020467,0.0019639027337003544,2.542930875198977,5
2019-06-07,0.5764172404103279,0.9115797443638904,0.42358275958967195,0.8862492282643328,0.0013453747769505554,0.002162199962280299,1.5186148633362426,5
2019-06-08,0.4433731803318255,0.9148755478884764,0.5566268196681745,0.8839686765823477,0.001708115187492106,0.0020749153393553772,2.5047421872820435,5
2019-06-09,0.6441082122854627,0.9043643930611831,0.35589178771453733,0.8908611067509012,0.0011608116404169904,0.002206609167411715,0.7712514490037379,5
2019-06-10,0.18444076372804308,0.9107444840556286,0.8155592362719568,0.8868088940632337,0.0024140425249099266,0.001905040650226344,1.4694009472440832,5
2019-06-11,0.11339441190028134,0.9002189386727045,0.8866055880997187,0.893302046722033,0.002607726073233883,0.001858430121159368,2.170337068936494,5
2019-06-12,0.32401384566752295,0.9079242607757929,0.6759861543324771,0.8886471786523589,0.0020335316612816448,0.001996608690320494,1.8157631192368389,5
2019-06-13,0.32404384205452824,0.8962969255698298,0.6759561579454718,0.8954876799662511,0.0020334498818831287,0.0019966283696908264,2.551535948351961,5
2019-06-14,0.5899416021887102,0.8937066250806768,0.41005839781128967,0.8968704787450016,0.0013085001802815468,0.0021710727283205853,0.6298235618516794,5
2019-06-15,0.12715123218265106,0.9227076640497854,0.8728487678173489,0.8780321273350378,0.0025702231529958265,0.0018674553934660313,2.107541504647592,5
2019-06-16,0.3008575936137766,0.895747310066134,0.6991424063862235,0.8957849848125641,0.002096662512094115,0.001981416845395789,2.216887465937204,5
2019-06-17,0.4547267063916585,0.8712552986001862,0.5452732936083415,0.9072039025163537,0.001677160753411996,0.0020823639112075598,1.423134550618579,5
2019-06-18,0.24926990524393083,0.8778321881769023,0.7507300947560692,0.9044464628092025,0.002237304280040193,0.0019475723285923069,1.5869440177875653,5
2019-06-19,0.14780518191133152,0.8785163317203737,0.8521948180886686,0.904148072479116,0.0025139174354235727,0.001881005582876325,1.9013238306750715,5
2019-06-20,0.18752516204758232,0.820359132898457,0.8124748379524177,0.9235810113041408,0.002405633870735538,0.001907064194487639,1.848002715281776,5
2019-06-21,0.22899751468315538,0.8953386677943601,0.7710024853168446,0.8960046544367473,0.002292571584950694,0.0019342724641350738,1.2610504249178909,5
2019-06-22,0.11425004819272279,0.9106108895522881,0.8857499518072772,0.8868977483991155,0.0026053934997461023,0.0018589914682131377,1.3374982913134217,5
2019-06-23,0.08732350974140542,0.8561266408911029,0.9126764902585945,0.9128793117426242,0.002678798370173503,0.0018413260966511915,2.1770140944869847,5
2019-06-24,0.2951229950494916,0.8913219321851019,0.7048770049505084,0.8981035998322736,0.0021122966671520446,0.001977654616003405,2.1977807331291532,5
2019-06-25,0.4646528957334845,0.9000650983500283,0.5353471042665155,0.8933899680562186,0.0016500977419538416,0.002088876067355466,0.7211682580302223,5
2019-06-26,0.11433742431423388,0.9120232167952214,0.8856625756857659,0.8859491491018311,0.002605155301277141,0.0018590487920186064,0.4657469416836739,5
2019-06-27,0.07155069673015918,0.8001040341664339,0.9284493032698409,0.9284493040948368,0.0027217966000445313,0.0018309782161419859,-1.8469385631228854,5
2019-06-28,0.0949031653157318,0.876322797797455,0.9050968346842682,0.9050968346842682,0.0026581354120733844,0.0018462987904964898,0.02055199099697079,5
2019-06-29,0.11753798674780988,0.9169618825662729,0.8824620132521902,0.8824620132531528,0.0025964301547032062,0.0018611485466788113,1.673834989037877,5
2019-06-30,0.11771368228146482,0.8924945519992717,0.882286317718535,0.8975018882881979,0.002595951185730564,0.0018612638131431359,0.20934434942490343,5
2019-07-01,0.0813156915276554,0.8380560808991738,0.9186843084723445,0.9186843084847324,0.0026951762950667,0.0018373846193159445,1.8365783598754934,5
2019-07-02,0.13783835060522576,0.8873121436079527,0.8621616493947741,0.9000962642381922,0.0025410885355224215,0.0018744667632417133,2.0932012904816477,5
2019-07-03,0.3014930932332544,0.8933471706511934,0.6985069067667455,0.8970587479586187,0.0020949299567163122,0.001981833770019273,-0.16767771560992983,5
2019-07-04,0.11986845526508202,0.9200543090859213,0.8801315447349181,0.8801315447457867,0.002590076990977218,0.0018626774692451287,1.060003889840635,5
2019-07-05,0.09175701830218526,0.8686449518941496,0.9082429816978146,0.9082458894110966,0.002666712153956362,0.0018442347355091286,2.004903577542634,5
2019-07-06,0.24800729052376566,0.9338152934866308,0.7519927094762342,0.8680498485818431,0.0022407464750760415,0.001946743980076153,2.1751327507441753,5
2019-07-07,0.4281167046978677,0.9056114604131764,0.5718832953021322,0.8900984804708993,0.0017497105106491595,0.0020649062061247198,2.14347320793103,5
2019-07-08,0.5367173690663689,0.9042105200798481,0.463282630933631,0.8909542679247344,0.0014536168121577634,0.002136154543203485,0.36910355543761586,5
2019-07-09,0.08694953438695842,0.8555773415229005,0.9130504656130416,0.913070045462755,0.0026798178660199607,0.0018410807471197891,1.9974401645494035,5
2019-07-10,0.2089552473971898,0.8849561950373421,0.7910447526028102,0.9012226590019727,0.0023472111719153037,0.0019211235738983822,1.5076256149434357,5
2019-07-11,0.10525348213296322,0.8689463631493004,0.8947465178670369,0.9081270127630275,0.002629919252901665,0.0018530891988770854,1.0190352705380286,5
2019-07-12,0.09889197003717694,0.8851966507995798,0.901108029962823,0.9011091375390937,0.002647261480591842,0.0018489156778331139,1.5821278112323176,5
2019-07-13,0.13558199958928766,0.9333006106673031,0.8644180004107123,0.8685614335290364,0.0025472396801657156,0.0018729864660567339,1.5574101395060254,5
2019-07-14,0.1213194601466501,0.9146372436479118,0.8786805398533498,0.8841375740526584,0.002586121358444435,0.0018636294126379799,0.14849789371862177,5
2019-07-15,0.10431915829180251,0.8959402850620465,0.8956808417081975,0.8956808417141131,0.0026324663313996507,0.0018524762282257285,1.2950114635298826,5
2019-07-16,0.12089855885473544,0.9212581900645131,0.8791014411452647,0.8791909098037723,0.0025872687916028737,0.0018633532769688516,-1.7190625000427633,5
2019-07-17,0.10685979156589229,0.9005012740099267,0.8931402084341078,0.8931402084341078,0.0026255402595819505,0.0018541430310667468,2.0010810670945203,5
2019-07-18,0.2375424669273683,0.9008443697295037,0.7624575330726316,0.8929426986719683,0.0022692760784179707,0.0019398784486044855,0.1140952223009673,5
2019-07-19,0.0935642105571848,0.8731346866501011,0.9064357894428152,0.9064357895637042,0.0026617855506664875,0.0018454203584857382,2.04861482195274,5
2019-07-20,0.2525687779834753,0.9130914121224357,0.7474312220165247,0.8852178249669732,0.002228310743560513,0.0019497365805174098,1.7309358442973266,5
2019-07-21,0.23095173555442755,0.9030034760374549,0.7690482644455724,0.8916780694309504,0.002287243934613718,0.0019355545464148863,1.769642687323866,5
2019-07-22,0.23108969897709894,0.9110184285220134,0.7689103010229009,0.8866261253215029,0.0022868678148368414,0.0019356450584251045,1.7552237820194723,5
2019-07-23,0.21688068100205643,0.8996055702680932,0.7831193189979435,0.8936515005605828,0.0023256047546322636,0.0019263231181945281,1.387969644058034,5
2019-07-24,0.12547035531360154,0.9226060995669315,0.8745296446863984,0.8781142817519298,0.002574805455449709,0.0018663526407117059,2.21500094729007,5
2019-07-25,0.35733823534214104,0.9116448461726798,0.642661764657859,0.8862053049230703,0.0019426786239553058,0.0020184714235025386,2.5920259350446107,5
2019-07-26,0.6392089479308991,0.9198188276230264,0.36079105206910084,0.8803132861430072,0.001174169885007577,0.0022033949657288645,2.8834279582371964,5
2019-07-27,0.8147924388704479,0.9330657100860522,0.1852075611295521,0.868793146807882,0.0006954142505479323,0.0023185879235313937,0.178311982936602,5
2019-07-28,0.23751772288456918,0.9095135355017373,0.7624822771154307,0.8876208335168284,0.002269343536464496,0.0019398622150767048,2.465462012318162,5
2019-07-29,0.5296602620169806,0.9076646407446657,0.47033973798301953,0.8888125511272068,0.0014728579322309606,0.002131524671509979,2.876522861411732,5
2019-07-30,0.7408383795214906,0.8951628198367789,0.25916162047850944,0.8960988245515625,0.0008970647042255111,0.00227006976961883,3.049041004063501,5
2019-07-31,0.826461690042221,0.909144880741384,0.1735383099577788,0.8879193061441677,0.0006624495885657974,0.002678854833700415,-0.00165488102470146,6
2019-08-01,0.17600192411954907,0.8890608980746483,0.8239980758804512,0.9072924166419467,0.0024472938564450127,0.0021636631598737923,1.7147315369098475,6
2019-08-02,0.1544670889672412,0.8909809926210907,0.8455329110327586,0.90570994250705,0.0025063757920715146,0.0021466066586896477,2.267422487628658,6
2019-08-03,0.3789284229335515,0.8827388542400831,0.6210715770664486,0.9121808008038716,0.0018905259220726174,0.00232438953845228,1.8953193971106426,6
2019-08-04,0.389174262790262,0.8837494742159796,0.610825737209738,0.9114306986769675,0.0018624131168423696,0.0023325046774079553,2.4341332569836878,6
2019-08-05,0.5811003417454397,0.8845009961005362,0.41889965825456027,0.9108654440919273,0.0013357769451568247,0.0024845182577216277,0.32522127596297923,6
2019-08-06,0.07595992133795744,0.864361488900892,0.9240400786620425,0.9240826392197302,0.002721759345635266,0.0020844256580847213,1.7420513171612022,6
2019-08-07,0.21569724174280716,0.9545298828687472,0.7843027582571928,0.7964808975377651,0.0023383861717864917,0.002195103532054839,1.4259060248944646,6
2019-08-08,0.1731373319965165,0.9417434782394792,0.8268626680034836,0.8338466061378713,0.0024551530468560016,0.0021613942816310276,2.377222400463937,6
2019-08-09,0.4381751166348087,0.886784535588593,0.5618248833651912,0.9091076082880446,0.0017279614623627031,0.002371315428254775,2.6479422235242387,6
2019-08-10,0.6541038861391455,0.8842214874932266,0.3458961138608546,0.9110764271973845,0.001135446505417549,0.0025423401557111503,0.5219258251549792,6
2019-08-11,0.11093591059475592,0.8994396404224791,0.8890640894052441,0.898117246822159,0.0026258040577596432,0.0021121281223922435,2.040819355611286,6
2019-08-12,0.25184286254445565,0.8947379648777818,0.7481571374555444,0.9024685517310711,0.0022392156808484867,0.0022237323940658333,2.216055272203166,6
2019-08-13,0.42588472432404356,0.8870513367278534,0.5741152756759565,0.9088981716459765,0.001761684904304686,0.002361580917193069,1.046461363055611,6
2019-08-14,0.10866623832844688,0.9012286310079607,0.891333761671553,0.8963676749765143,0.002632030863322592,0.0021103304458637666,0.7141946325728376,6
2019-08-15,0.11095417294479493,0.9081533408623592,0.8890458270552052,0.8890458360724853,0.0026257539553003607,0.0021121425869466675,1.8589301528086593,6
2019-08-16,0.19058058725015053,0.9143176836334085,0.8094194127498493,0.8816831865710092,0.0024072962087701992,0.0021752100783057945,2.4301110249345714,6
2019-08-17,0.44213081585561465,0.8518808240436445,0.5578691841443852,0.9306541493075244,0.0017171074322284718,0.002374448509514353,2.175514345336261,6
2019-08-18,0.5368334085196851,0.888168599768954,0.4631665914803149,0.908011641944602,0.0014572474371589907,0.002449456972429988,2.7608870191299326,6
2019-08-19,0.7116752291013015,0.8801713870505029,0.28832477089869846,0.9140363413817119,0.000977459152559742,0.002587939096797148,0.3460536188426322,6
2019-08-20,0.13246002743125782,0.912095876967204,0.8675399725687422,0.8844384000939978,0.0025667527041134193,0.002129176134216476,2.1562589705372437,6
2019-08-21,0.3369667111579653,0.9111678142235009,0.6630332888420347,0.8855544019165363,0.0020056601976280865,0.0022911540861478177,0.8274254015538415,6
2019-08-22,0.11531140847091888,0.9118754321366064,0.8846885915290812,0.8847053025754683,0.0026137999387862818,0.002115593701960332,2.2914009873051597,6
2019-08-23,0.36290451975836063,0.8878093320142004,0.6370954802416393,0.9082983992993374,0.001934492465534342,0.002311697928716277,1.7782453725763538,6
2019-08-24,0.33700467393707556,0.8973207452526668,0.6629953260629246,0.9001210154428949,0.002005556036596747,0.0022911841542761447,1.674717603099976,6
2019-08-25,0.27038321525428016,0.9087472911557277,0.7296167847457199,0.8883735426965813,0.0021883470325859116,0.0022384171383749013,2.497534607457215,6
2019-08-26,0.5389851133755222,0.888683491528717,0.46101488662447776,0.9075978498837682,0.0014513431173444156,0.0024511612137748575,1.9431756428721085,6
2019-08-27,0.5110947559032322,0.8589303144058542,0.4889052440967677,0.9270696768381351,0.001527874348299397,0.002429070869832692,2.0194731614687704,6
2019-08-28,0.5402377425681041,0.8939019753082529,0.45976225743189597,0.9032070873043414,0.0014479058758945999,0.0024521533491292944,0.8656518126172268,6
2019-08-29,0.12394422604243027,0.9084278214281056,0.8760557739575696,0.8887360798310342,0.0025901158506246524,0.002122431258973867,1.812151694237405,6
2019-08-30,0.18851432299082405,0.9240733315705899,0.8114856770091761,0.8679910819474951,0.0024129651748172314,0.0021735735095307525,2.3714661314780647,6
2019-08-31,0.49755929331712107,0.931911989236943,0.5024407066828788,0.8546511419892869,0.00156501534958273,0.0024183502103990303,2.9041744993229877,6
2019-09-01,0.730913709044028,0.8925936836310164,0.26908629095597214,0.9043427622009294,0.0009246639643294638,0.0026031767874320393,2.709615509573479,6
2019-09-02,0.7956415696440654,0.8973054539419618,0.20435843035593487,0.9001352152522746,0.0007470311581887164,0.002654443993480436,-0.18148949591127694,6
2019-09-03,0.07994297628299403,0.8670695361392076,0.9200570237170059,0.922512441947857,0.0027108320642805182,0.0020875804062360785,1.956288006109311,6
2019-09-04,0.15276673513453337,0.8458786276584586,0.8472332648654664,0.9334740021373645,0.0025110407760959123,0.002145259906464431,2.3185301182733564,6
2019-09-05,0.40147233723188436,0.8877579013507207,0.5985276627681158,0.9083393184260826,0.001828669162385508,0.0023422452730425466,2.7691948193837823,6
2019-09-06,0.6264484261688749,0.8412096350199034,0.37355157383112514,0.9355349157048211,0.0012113371753647466,0.0025204358605356927,1.6427778567581692,6
2019-09-07,0.5130328031062545,0.8915622143412882,0.48696719689374546,0.9052212902926255,0.001522556372069579,0.0024306058852706786,2.5702568373596466,6
2019-09-08,0.676121255596111,0.8878591582310961,0.32387874440388886,0.9082587253953913,0.001075026903122149,0.0025597788444941573,2.8026648095577804,6
2019-09-09,0.776829333743214,0.8900424186741243,0.22317066625678628,0.9064895094639313,0.0007986581592384598,0.0026395439061730635,2.942165762973721,6
2019-09-10,0.7348378442369705,0.7988934577084366,0.2651621557630296,0.950215505703227,0.0009138951014177252,0.0026062848686451887,1.5660440691012023,6
2019-09-11,0.6225085989013209,0.9117970318364985,0.3774914010986789,0.8847999508976575,0.0012221485656476474,0.0025173153505350784,3.025963080357661,6
2019-09-12,0.7900275153197169,0.8974244282876165,0.20997248468028307,0.9000246365217175,0.0007624380276570661,0.0026499974247672854,1.9823630945759867,6
2019-09-13,0.7140538476948418,0.8673623993880974,0.2859461523051583,0.9223392253115967,0.0009709316549223645,0.00258982306342937,2.962853988280803,6
2019-09-14,0.8175600622664727,0.9035533080639782,0.18243993773352749,0.8940107260166096,0.0006868790006540255,0.002671804367624218,3.225870852461942,6
2019-09-15,0.8500372857325426,0.8925996654804706,0.14996271426745753,0.9043376244493634,0.0005977488133189401,0.0026975277036325436,3.077104799739116,6
2019-09-16,0.8511217403415362,0.891315144056286,0.14887825965846374,0.9054295672765924,0.0005947726234334216,0.0026983866375965893,3.1121333873311645,6
2019-09-17,0.8431925254112679,0.8816988123679067,0.15680747458873218,0.912940979172551,0.0006165336193818782,0.0026921063636641024,3.047960558159529,6
2019-09-18,0.8274179993724213,0.8703075501100374,0.17258200062757859,0.9205588023729712,0.000659825110442915,0.0026796122711782323,3.139634675098926,6
2019-09-19,0.8523663354138789,0.8960604045928942,0.14763366458612123,0.9012792167103264,0.000591356940372841,0.002699372409587648,3.107175870676546,6
2019-09-20,0.8801537357968133,0.9183592742097274,0.11984626420318664,0.8763466011626895,0.0005150963277744695,0.0027213812071560377,2.8822623496127355,6
2019-09-21,0.8515162066943013,0.890019592910015,0.14848379330569883,0.9065083235510333,0.0005936900450051284,0.0026986990716489265,2.1514986040503965,6
2019-09-22,0.784478609496537,0.8786783695343918,0.21552139050346286,0.9150835455151614,0.000777666068680227,0.002645602456425323,3.1732601450580247,6
2019-09-23,0.8453640886390676,0.8982519878942875,0.15463591136093238,0.8992492767210597,0.000610573973083466,0.0026938263336803315,0.2874866182483413,6
2019-09-24,0.36608970453378875,0.8995602689067744,0.6339102954662112,0.8980009721564608,0.001925752949808612,0.0023142207299130155,-0.9177345010876349,6
2019-09-25,0.026655143921198055,0.6676938273594237,0.9733448560788021,0.9733448560788022,0.002857022508576758,0.0020453741869011694,1.891860258129266,6
2019-09-26,0.08440354829062963,0.8478510485061767,0.9155964517093704,0.932569343312415,0.002698594718797596,0.0020911133681181687,1.607450370032586,6
2019-09-27,0.08957995393040373,0.8814669823521409,0.9104200460695961,0.9131088282276436,0.0026843934899740416,0.0020952133005439316,2.1661343744208357,6
2019-09-28,0.3086180250194155,0.9116126519243439,0.6913819749805845,0.8850219776404848,0.0020834418903770257,0.0022687007264972207,2.645923840025481,6
2019-09-29,0.613975264631872,0.902280718320744,0.386024735368128,0.8953129689664905,0.0012455650602976752,0.0025105565885087094,2.1965763351465526,6
2019-09-30,0.6702858099047768,0.9075212049977512,0.3297141900952231,0.88975321236827,0.0010910404697220398,0.00255515692444507,1.8641230440305516,6
2019-10-01,0.6154272928503586,0.885687844524078,0.38457270714964154,0.9099595037195316,0.001241580526832442,0.0025117066563338335,3.0336104812584237,6
2019-10-02,0.8098570160039202,0.9182348694616116,0.19014298399607987,0.8765175198285492,0.0007080189743710482,0.0026657032288521084,3.2000688887658253,6
2019-10-03,0.8626251931300831,0.9080524176308218,0.13737480686991677,0.8891593310855825,0.000563202322504221,0.002707497859239192,2.627022377027924,6
2019-10-04,0.846212536582649,0.9023787148642797,0.1537874634173509,0.8952137300939097,0.0006082454877452298,0.0026944983403733025,2.7813968518037875,6
2019-10-05,0.8494483485850164,0.9039004360728784,0.15055165141498372,0.8936503536253664,0.0005993650986818075,0.002697061240477237,3.17050500915378,6
2019-10-06,0.8580074095366491,0.8949876780602932,0.1419925904633509,0.9022459664410023,0.0005758754781044768,0.0027038403791251136,0.23711798626349267,6
2019-10-07,0.3742965641071107,0.8886802064907362,0.6257034358928892,0.9076005005028706,0.0019032348950736063,0.0023207209101577418,1.2163896199189033,6
2019-10-08,0.11614036771300607,0.8970785229612218,0.8838596322869938,0.9003455175739147,0.0026115256976622014,0.002116250272776605,2.2432669187980125,6
2019-10-09,0.332775229161452,0.8773194556733696,0.667224770838548,0.9160171512813019,0.002017160637681395,0.0022878342549472906,1.2321151236745398,6
2019-10-10,0.09187731777593086,0.8771593452041913,0.9081226822240691,0.9161259516761577,0.0026780907680298833,0.0020970329099755576,2.2160423475322264,6
2019-10-11,0.31075780654733753,0.890170230607621,0.6892421934526625,0.9063840346384783,0.0020775709011117646,0.0022703955240615708,1.456716509630039,6
2019-10-12,0.16779118854958627,0.9194677910224663,0.8322088114504136,0.8748039417170895,0.0024698205033826283,0.0021571599096756235,2.399149524892182,6
2019-10-13,0.4545527500040497,0.898346475499042,0.5454472499959503,0.8991600535106877,0.0016830228001838675,0.002384287207280722,2.7577664519136107,6
2019-10-14,0.682796919626094,0.8843903083760278,0.3172030803739059,0.910949102138807,0.0010567075661008791,0.002565066253040684,3.0694447757983467,6
2019-10-15,0.805902293979865,0.8921160950995741,0.19409770602013499,0.9047513559996262,0.0007188721477792947,0.002662570921573729,1.7061771347862633,6
2019-10-16,0.6917375994353856,0.8777220139281744,0.30826240056461446,0.9157424904507835,0.0010321724920466856,0.002572147649980836,2.010685564098729,6
2019-10-17,0.6712034359496052,0.8954505114493017,0.3287965640503947,0.9018309711672171,0.0010885223331408855,0.0025558837231230962,3.0144756210649373,6
2019-10-18,0.7485809874835219,0.8402106146128558,0.2514190125164782,0.9359618215870037,0.0008761801359438363,0.0026171700199547187,2.477026086614036,6
2019-10-19,0.798432122385933,0.9168184215324003,0.2015678776140672,0.8784330025423579,0.0007393729201392148,0.0026566542293986325,3.1678618029092585,6
2019-10-20,0.8462370264381999,0.8959982321200832,0.15376297356179994,0.9013357197188089,0.000608178277633642,0.0026945177373757516,1.1529825600319108,6
2019-10-21,0.652965639632974,0.8955706468230606,0.34703436036702606,0.9017227305942446,0.001138570041010962,0.0025414386162870943,3.0526204045926875,6
2019-10-22,0.7032026525080628,0.7931154442383344,0.2967973474919371,0.951793545620979,0.0010007098690291742,0.0025812284574226996,1.7346819025243587,6
2019-10-23,0.6363004019658897,0.9136996772663417,0.36369959803411034,0.8824616840202398,0.0011843020075781945,0.002528239042480642,0.005094072030856767,6
2019-10-24,0.10113110877728916,0.8986515439664384,0.8988688912227107,0.8988709984701406,0.0026527033111070244,0.002104362304236352,2.250105453981935,6
2019-10-25,0.340611456247669,0.8967184265163978,0.6593885437523309,0.9006775815217932,0.0019956598570448846,0.002294040878570362,-2.131692761760139,6
2019-10-26,0.0753694812226436,0.863393417277163,0.9246305187773565,0.9246305187773565,0.002723379182319616,0.002083958004515294,1.2150322893732552,6
2019-10-27,0.05849324751748142,0.8261010455768262,0.9415067524825186,0.9415168996822358,0.0027696779221180003,0.0020705913129135177,1.800957407729095,6
2019-10-28,0.10537398445561448,0.8793064430445164,0.8946260155443855,0.9146457929723182,0.0026410630918791327,0.0021077228414087845,1.8198767952218486,6
2019-10-29,0.14268582043789552,0.8920891422764673,0.8573141795621044,0.9047743211356184,0.002538698066255573,0.0021372753952181483,2.256287316990713,6
2019-10-30,0.3771589026793177,0.8600234098008941,0.6228410973206823,0.891024301814767,0.0018137578036183332,0.002305023973988408,1.5955810972271922,7
2019-10-31,0.2554993430158845,0.8664759549167812,0.7445006569841156,0.8805282197498862,0.0021362801355009355,0.002314805692718154,2.5581775159526083,7
2019-11-01,0.5333091106679063,0.8578284175717563,0.4666908893320937,0.8943195976942843,0.0013997996776722906,0.00229246912488028,2.835951046012311,7
2019-11-02,0.7170688751413292,0.8687430459629845,0.28293112485867067,0.8765290058859422,0.0009126475197791216,0.0022776944015877078,3.1757347634620188,7
2019-11-03,0.7954170852663222,0.8619647308865175,0.20458291473367776,0.8879973962746128,0.0007049441406762558,0.0022713950186494343,2.858480643477008,7
2019-11-04,0.7981521794444583,0.8626000124751966,0.2018478205555418,0.8869831084230658,0.0006976933251900994,0.0022711751105548806,2.1485953284964174,7
2019-11-05,0.7360854018997104,0.8599024332144547,0.2639145981002896,0.8912093803506531,0.0008622341626806524,0.0022761654274858637,2.8429852612918842,7
2019-11-06,0.7649089685324382,0.8501190550412021,0.23509103146756188,0.904913774627559,0.0007858220530727784,0.0022738479439903666,3.2461754941923253,7
2019-11-07,0.7991862830243508,0.8511270628761427,0.20081371697564926,0.9036097061015756,0.0006949518860176463,0.0022710919661609345,2.3866650167858583,7
2019-11-08,0.7566092699756529,0.855425593663632,0.2433907300243472,0.8977795970355318,0.0008078247953306817,0.0022745152595473913,0.1917329555921905,7
2019-11-09,0.17788897321491598,0.8891814506439274,0.8221110267850841,0.8312357152557465,0.00234202693708882,0.00232104575153478,2.463742962726954,7
2019-11-10,0.47458708569588176,0.8673713617107187,0.5254129143041182,0.878969150518072,0.001555473278735566,0.0022971905157278755,1.8243001917309403,7
2019-11-11,0.43104934524463345,0.8633728971508898,0.5689506547553664,0.8857329227720061,0.0016708929215585788,0.002300691053888633,1.2114024054403854,7
2019-11-12,0.13609344198619575,0.8610711070784229,0.8639065580138042,0.8894041655447125,0.002452827779671455,0.0023244062119192384,2.3229128523250413,7
2019-11-13,0.37081877860815304,0.8484110684702096,0.6291812213918468,0.9070714336821605,0.0018305656252193307,0.0023055337350836097,2.74241993855535,7
2019-11-14,0.619076473676696,0.8483923109114405,0.38092352632330395,0.9070947738730867,0.0011724281085896391,0.002285573224357009,2.4323958512015937,7
2019-11-15,0.6839984791009728,0.8637669945382103,0.3160015208990271,0.8850885069152691,0.001000318075732712,0.002280353340295385,1.8279794852577531,7
2019-11-16,0.6075795151704524,0.86661893667176,0.3924204848295476,0.8802810244553705,0.0012029068580459797,0.0022864976072387716,3.087266606989366,7
2019-11-17,0.7615966757374949,0.8625274261599766,0.23840332426250516,0.8870996035305833,0.0007946030377118666,0.0022741142602302113,3.2406617080484885,7
2019-11-18,0.8089130145848767,0.8615516303291946,0.1910869854151232,0.8886505923576016,0.0006691660323196638,0.0022703099137472314,0.19806849572247476,7
2019-11-19,0.1809855059124375,0.8435775783054672,0.8190144940875626,0.912841837128441,0.0023338179621232562,0.0023207967829213115,2.3115069673327917,7
2019-11-20,0.41442232371084686,0.8629942419441013,0.5855776762891532,0.8863476590235142,0.00171497156655018,0.002302027906071946,2.734635207987564,7
2019-11-21,0.6565067286359814,0.8677855935065414,0.3434932713640186,0.8782389285817189,0.0010731994736004173,0.002282563742594891,0.2762854016673195,7
2019-11-22,0.11043157526933134,0.8608980181379177,0.8895684247306685,0.8896739809214469,0.0025208579231619736,0.0023264694872015016,1.503791185964891,7
2019-11-23,0.13791551442074024,0.8759108008598365,0.8620844855792598,0.8626801427639116,0.002447997427349571,0.0023242597129502366,2.35598205997945,7
2019-11-24,0.4044405325164327,0.8634539326692597,0.5955594674835674,0.8856008013418035,0.0017414335399707416,0.0023028304658884776,0.9461376809047701,7
2019-11-25,0.10946681790143595,0.8601729737995045,0.890533182098564,0.8907949205537742,0.002523415514884903,0.002326547055994627,1.8610315313729604,7
2019-11-26,0.14189815165770475,0.8440164352333707,0.8581018483422953,0.9123375065831097,0.0024374393721743894,0.002323939499418621,2.3853861811728914,7
2019-11-27,0.4089769782964984,0.8561318427097657,0.5910230217035015,0.8967781358023048,0.0017294073110380927,0.0023024657248292783,1.1061722472285354,7
2019-11-28,0.12377318038471727,0.8668855448490506,0.8762268196152826,0.8798183142623927,0.002485489051008608,0.0023253967903332645,2.128871475487113,7
2019-11-29,0.3024197403334331,0.8666897513750583,0.6975802596665669,0.8801583490926117,0.002011893089882982,0.0023110331808784113,1.4144666037889841,7
2019-11-30,0.1597843337010319,0.8786527322385023,0.8402156662989682,0.8568498734774084,0.002390022724430384,0.002322501407727505,1.7980669659378299,7
2019-12-01,0.19370777697867225,0.8730370384629084,0.8062922230213277,0.8684638146591787,0.002300090945838236,0.0023197738819876095,1.9777629434510262,7
2019-12-02,0.29849952161497434,0.873900586915048,0.7015004783850257,0.8667597149251366,0.00202228568038889,0.0023113483758122836,2.2409582519418345,7
2019-12-03,0.39889787527306514,0.8008977008067127,0.601102124726935,0.9481189777477227,0.0017561272597895815,0.002303276108748932,2.7987878472080463,7
2019-12-04,0.666774948408439,0.8708547579248642,0.333225051591561,0.8726456621590049,0.001045978137507194,0.002281738153237612,2.5649548815270573,7
2019-12-05,0.7359256616023843,0.8732813497572669,0.26407433839761585,0.8679845884421671,0.0008626576388035398,0.0022761782709867164,1.7826314716626315,7
2019-12-06,0.6392065283270089,0.86555795622142,0.36079347167299125,0.882099575034688,0.0011190627825154547,0.0022839547199571208,2.5228420194467387,7
2019-12-07,0.7117160757234139,0.8677081569715648,0.2882839242765859,0.8783758715689322,0.0009268379435049998,0.002278124779426224,3.120117561626969,7
2019-12-08,0.7859326422481525,0.8575907010079947,0.21406735775184726,0.8946686411994618,0.0007300876786261682,0.0022721575904865233,3.265741877258614,7
2019-12-09,0.8174636642864661,0.8634928416562517,0.18253633571353398,0.885537292851225,0.0006464980054822003,0.002269622421119699,1.291577360000714,7
2019-12-10,0.6077269383344588,0.8556214354111493,0.3922730616655411,0.897503166853476,0.0012025160352424511,0.0022864857540648115,2.3550753395367967,7
2019-12-11,0.647633473397103,0.8483279140427472,0.3523665266028971,0.907174845384561,0.0010967227188344163,0.0022832771734769696,3.0118013345950616,7
2019-12-12,0.7749730907603899,0.8711179783421693,0.22502690923961016,0.8721505240598522,0.0007591417711523367,0.0022730387645623967,3.2240942954129186,7
2019-12-13,0.8130096675777115,0.8633558437089045,0.18699033242228846,0.8857607016109984,0.0006583056834318477,0.0022699805330769407,3.2183385084400724,7
2019-12-14,0.8205160213843341,0.8625305800553604,0.17948397861566578,0.8870945450388916,0.0006384061157446493,0.0022693770043297912,1.419385546538174,7
2019-12-15,0.6486264197009196,0.8641316086464916,0.35137358029908017,0.8844880774797176,0.0010940903907506146,0.0022831973382261713,3.1008922924869466,7
2019-12-16,0.7774760485635696,0.8661789635142175,0.22252395143643056,0.881039554941731,0.0007525063567209834,0.0022728375207859857,0.6477038448140002,7
2019-12-17,0.32231518162654255,0.8531417721827205,0.6776848183734574,0.9009326319869144,0.0019591498117266203,0.0023094335399519456,1.3117240728140067,7
2019-12-18,0.10497011984260093,0.8520701639948252,0.8950298801573989,0.9023684350901182,0.0025353363542226894,0.0023269086012422486,0.30285928134570334,7
2019-12-19,0.0897202538246347,0.8457735821755903,0.9102797461753653,0.910279746176909,0.002575764061751798,0.00232813472683786,1.9441315659665461,7
2019-12-20,0.17492074048713208,0.8547936171954568,0.825079259512868,0.8986650311916381,0.0023498957859511282,0.002321284404524713,2.443524461232664,7
2019-12-21,0.4573367321480165,0.8611579913501718,0.5426632678519836,0.8892684039560527,0.0016012044019417355,0.002298577485291638,2.7443780997602847,7
2019-12-22,0.6672087343531444,0.8615578214354389,0.3327912656468556,0.8886408396537332,0.001044828158877678,0.0022817032758131683,0.6014215890803907,7
2019-12-23,0.12777451730597064,0.8582424564297962,0.8722254826940294,0.8937080493752776,0.0024748814233077794,0.002325075073302438,1.8969110046381128,7
2019-12-24,0.17309844172040742,0.8467068869962009,0.8269015582795926,0.9091611773725302,0.0023547267391562437,0.002321430921691362,2.190889204826216,7
2019-12-25,0.3914081162262686,0.8820708086518837,0.6085918837737314,0.8491235657469448,0.0017759827934469275,0.0023038783032378156,2.6649409723421646,7
2019-12-26,0.6219941846125424,0.8584699016270861,0.3780058153874576,0.8933701423144127,0.0011646931773313205,0.002285338633439632,3.0962288869904855,7
2019-12-27,0.7598394462485683,0.8565501829717583,0.2401605537514317,0.8961788943090404,0.0007992615041923734,0.0022742555456717484,3.2038861677313233,7
2019-12-28,0.8087026999822956,0.8635133879997726,0.19129730001770445,0.8855037379171314,0.0006697235825784337,0.002270326823542836,3.1312005787794046,7
2019-12-29,0.8071890193381452,0.8541039870357509,0.19281098066185465,0.8996198727358293,0.0006737363949125992,0.0022704485270764393,3.0341001828521237,7
2019-12-30,0.8061718783155642,0.8578665699380728,0.19382812168443567,0.8942634375754851,0.0006764328659493292,0.0022705303076403253,1.6729732242666966,7
2019-12-31,0.6804763122578877,0.8644902304847666,0.3195236877421123,0.8838935218912155,0.0010096554388947393,0.0022806365309092067,2.842460492124609,7
2020-01-01,0.7777042085688151,0.8785624925706904,0.22229579143118514,0.8570468165758458,0.0007519014978617479,0.00227281917617745,3.2488533277991367,7
2020-01-02,0.8061698497555835,0.8550329300903946,0.19383015024441638,0.898330920710333,0.0006764382437220265,0.0022705304707413853,0.6485726807032839,7
2020-01-03,0.34483079307418607,0.8119086156323236,0.655169206925814,0.9411202903785544,0.0018994603953038387,0.0023076232310964943,1.1639032500411435,7
2020-01-04,0.10836112388067856,0.8587042613217115,0.8916388761193212,0.8930204966440132,0.0025263467325728002,0.002326635956430746,2.309459593168859,7
2020-01-05,0.341103874959591,0.8445907158548865,0.658896125040409,0.9116717976391756,0.001909340543485697,0.0023079228842008337,2.740986351009697,7
2020-01-06,0.6232779843262055,0.8627033425658938,0.37672201567379443,0.8868170017011564,0.0011612897892456907,0.002285235412881057,0.5383569335430982,7
2020-01-07,0.1079967871820523,0.8584893136727229,0.8920032128179478,0.8933412377389576,0.002527312596683022,0.0023266652499701838,1.5572319822256655,7
2020-01-08,0.09138765095582506,0.8460990819539271,0.9086123490441749,0.9098916802487013,0.0025713437579115823,0.002328000664132116,2.145467208364452,7
2020-01-09,0.26217220100927413,0.8510357198603733,0.7378277989907256,0.9037288335426443,0.002118590238193644,0.002314269179022103,1.5846865025233439,7
2020-01-10,0.1465140465467963,0.8540304684753705,0.8534859534532037,0.8997209717009694,0.002425202537372717,0.0023235683704615866,1.6310242869825826,7
2020-01-11,0.1384630144488537,0.87145552684692,0.8615369855511464,0.8715118957564109,0.0024465459932588225,0.0023242156926423026,2.144973372292767,7
2020-01-12,0.3224493534180949,0.867784520427074,0.6775506465819051,0.8782408276457434,0.0019587941191654967,0.0023094227522199333,2.3407234129727486,7
2020-01-13,0.5141459522943429,0.8675780254139489,0.4858540477056572,0.8786055518289766,0.0014506017091239064,0.002294009888513671,2.8422708717623335,7
2020-01-14,0.6975714044871228,0.8563083883143195,0.3024285955128772,0.8965257984569933,0.0009643358680659918,0.002279262044725728,-0.35197027206306286,7
2020-01-15,0.05990837562066188,0.8133849974187195,0.940091624379338,0.9400916582614599,0.0026547959535119727,0.0023305316729406024,2.1761886516518136,7
2020-01-16,0.24299244521534402,0.8472084444795978,0.7570075547846561,0.9085525549519436,0.002169436202600796,0.0023158112771276738,2.3132068409714273,7
2020-01-17,0.46535622170119884,0.8715950290026547,0.5346437782988014,0.8712467507871074,0.0015799445329463318,0.002297932699206744,2.0979073264159744,7
2020-01-18,0.5236686318660874,0.8674712407621077,0.47633136813391275,0.8787936033144546,0.001425356838403528,0.002293244242366488,2.993413344691103,7
2020-01-19,0.7225159358923228,0.8575709770319451,0.2774840641076772,0.8946975347239755,0.0008982072061940229,0.0022772564449132183,1.1977161296172794,7
2020-01-20,0.4606206840621608,0.8639781055402599,0.5393793159378393,0.8847413562718127,0.001592498562721832,0.002298313447726197,2.7571364811684225,7
2020-01-21,0.6777201104920356,0.8675585839574506,0.3222798895079644,0.8786398171909299,0.001016962207025868,0.0022808581361041503,2.957342343103341,7
2020-01-22,0.7708878702235126,0.8639609629509732,0.22911212977648726,0.8847695964586544,0.0007699718102507729,0.002273367226035964,2.8561671979263497,7
2020-01-23,0.8056004523216884,0.8768543861602269,0.19439954767831158,0.8607091826470846,0.0006779477332115328,0.0022705762516529657,0.5364724804151153,7
2020-01-24,0.3510792408219084,0.863480238180398,0.6489207591780917,0.8855578696763431,0.001882895611947302,0.0023071208409963257,2.71959816757877,7
2020-01-25,0.6268168797193366,0.8662790317735618,0.3731831202806634,0.8808675847412407,0.00115190808084466,0.0022849508772519187,2.75208180834633,7
2020-01-26,0.734011859924881,0.8647554587135083,0.265988140075119,0.8834512354316446,0.0008677311820724064,0.002276332145205608,1.6569446250621849,7
2020-01-27,0.591110652650088,0.8495303891041849,0.40888934734991195,0.9056647200390656,0.0012465662571893362,0.0022878217430602286,1.053605659153765,7
2020-01-28,0.20989108700086423,0.8571506167667742,0.7901089129991358,0.8953108693625457,0.002257188637257089,0.0023184727052679888,1.4895665933424305,7
2020-01-29,0.08637397003055788,0.8028257535568334,0.9136260299694422,0.9363890424339775,0.002569607067461993,0.0022175970673795425,2.237008195447537,8
2020-01-30,0.28334776564705033,0.8529989883843451,0.7166522343529498,0.9207704716841308,0.002057477814530989,0.00220426585562825,2.1226015406329317,8
2020-01-31,0.41456119934577385,0.8988393542110655,0.5854388006542263,0.8973909721151863,0.0017163244320829482,0.002195385313606013,2.219725920836538,8
2020-02-01,0.5555158598939174,0.9172981178432167,0.4444841401060827,0.8829403599115643,0.0013498437988118425,0.002185845484101192,2.9574605412315824,8
2020-02-02,0.7488511382549704,0.8868158378961611,0.2511488617450296,0.9048648568203973,0.0008471738147141325,0.0021727605276644253,3.0436197207228233,8
2020-02-03,0.8210066708111556,0.8921392945111686,0.17899332918884447,0.9017080711682134,0.0006595699915784787,0.0021678770319663145,3.0349635974274247,8
2020-02-04,0.8253015380768647,0.8757064583241299,0.17469846192313543,0.9107943315505592,0.0006484033686060446,0.002167586354798909,2.6762894088521163,8
2020-02-05,0.808494922695929,0.8770865918457688,0.19150507730407093,0.910101213391567,0.0006921004427305878,0.0021687238286835163,0.03478478616895164,8
2020-02-06,0.13471331768969025,0.8613886515556761,0.8652866823103097,0.9173686492484031,0.0024439254383715114,0.0022143254541299407,2.252828638476239,8
2020-02-07,0.34437272625206355,0.8761291225340159,0.6556272737479365,0.910583282811621,0.001898813655207388,0.0022001356784674075,2.665663796500512,8
2020-02-08,0.6193895049448375,0.8917582349835946,0.38061049505516265,0.9019416487776111,0.0011837729342957096,0.002181522507611676,2.842145267040559,8
2020-02-09,0.7833748840977183,0.9154117351535094,0.21662511590228173,0.8846270409197028,0.0007574123501359699,0.0021704239561177534,2.096439456365654,8
2020-02-10,0.7275696298844109,0.8725438589803772,0.27243037011558907,0.9123403938231321,0.0009025055617576108,0.0021742008628805225,1.3356246249350225,8
2020-02-11,0.512911341039161,0.8743767827269562,0.4870886589608391,0.9114513907264946,0.0014606151184318483,0.0021887289634017607,1.178130596603744,8
2020-02-12,0.17104939347334747,0.8510150252356347,0.8289506065266526,0.9215330055012917,0.0023494521344966457,0.002211866223860418,2.3630788605446784,8
2020-02-13,0.4064789301841547,0.8620730234112768,0.5935210698158453,0.9170776690271631,0.0017373382412849202,0.0021959323226195073,2.416971179550631,8
2020-02-14,0.5728532837719285,0.8757559733322174,0.42714671622807154,0.9107696623547479,0.001304766666709078,0.00218467208502942,2.759002721006837,8
2020-02-15,0.7305176046076426,0.8895592673283238,0.2694823953923574,0.9032661529588955,0.0008948408519274804,0.0021740013435731457,0.37685086491966113,8
2020-02-16,0.1433825089685523,0.8953028877057798,0.8566174910314477,0.8997205813808022,0.002421385659805637,0.0022137387221522723,2.354019556976544,8
2020-02-17,0.4020530741403795,0.8883103689998507,0.5979469258596205,0.9040011461105967,0.0017488454171225496,0.0021962318651242126,1.6236366417611792,8
2020-02-18,0.2738550865603704,0.8696079217488162,0.7261449134396296,0.9137255217288354,0.0020821586622524163,0.0022049083213663725,1.2699527004381221,8
2020-02-19,0.10744791419078338,0.9011037816844343,0.8925520858092165,0.8958351125032906,0.0025148151094722343,0.002216170780135822,1.2922080334136934,8
2020-02-20,0.1057744658662274,0.9032326771230007,0.8942255341337726,0.8943236334166017,0.0025191660516942467,0.002216284039333066,2.2620506586378655,8
2020-02-21,0.352347092772328,0.9122602822149627,0.6476529072276721,0.887325061047866,0.001878080396204231,0.0021995959723185195,2.6217769947947853,8
2020-02-22,0.6413425733055967,0.9233031884955738,0.35865742669440337,0.8771724191054128,0.001126695158480452,0.002180036721129307,2.993562365190443,8
2020-02-23,0.7842988014925099,0.8914640797390768,0.21570119850749003,0.9021211259991748,0.0007550101721086297,0.0021703614252699716,1.4672059162085136,8
2020-02-24,0.6314616958830315,0.8899645635027675,0.3685383041169684,0.9030249800034109,0.001152385349441925,0.0021807054601805926,1.0848938358668518,8
2020-02-25,0.2970810396390209,0.8944986031338115,0.7029189603609792,0.9002342110582926,0.0020217714712651024,0.002203336385883036,1.5529770969791628,8
2020-02-26,0.17780844868377885,0.9042528682500417,0.8221915513162213,0.8935818047419767,0.002331878681350926,0.002211408770136856,1.1295233813082661,8
2020-02-27,0.09194618624873485,0.8809213160843661,0.9080538137512653,0.9081132104452624,0.0025551193841751516,0.002217219939071201,2.2334520561324656,8
2020-02-28,0.32282496098663516,0.907166086741538,0.6771750390133648,0.8913977111876864,0.001954837588119887,0.0022015940339843,2.6142479570018176,8
2020-02-29,0.6102802964828323,0.9075606414659625,0.3897197035171678,0.8910941328607731,0.0012074567912149967,0.002182139020008737,2.0744056497625416,8
2020-03-01,0.6291484367317741,0.8997601393614849,0.3708515632682259,0.8967645773238665,0.001158399801956714,0.00218086202185665,2.93004520885599,8
2020-03-02,0.774622051325664,0.8922488022820635,0.22537794867433603,0.9016407202782971,0.0007801696467537021,0.002171016348962409,0.5156390099007682,8
2020-03-03,0.2796763720687983,0.8876707310272194,0.7203236279312017,0.904372885429667,0.0020670233923317516,0.0022045143360165213,2.164488786897495,8
2020-03-04,0.4276745488887166,0.8969605917186397,0.5723254511112833,0.8986433058336716,0.0016822298690247475,0.002194497800427021,2.7823147770054146,8
2020-03-05,0.7051621721726185,0.9186277324543092,0.29483782782738166,0.8817172076718262,0.0009607647633600972,0.00217571740249245,1.1765268879075363,8
2020-03-06,0.44763448538844025,0.9022879917767891,0.5523655146115597,0.8950003412253291,0.0016303342529541446,0.002193146909364647,2.7329417815337598,8
2020-03-07,0.7173008897656213,0.9321169047377883,0.2826991102343786,0.8673962278549413,0.000929204200276661,0.0021748958525288366,1.3684843499460562,8
2020-03-08,0.5202859748826925,0.8870478064784223,0.47971402511730743,0.9047319097326909,0.0014414411459561889,0.0021882298472373557,-0.3295208052614299,8
2020-03-09,0.09761223469551714,0.8910248779187449,0.9023877653044827,0.9023877666558017,0.00254038773813055,0.0022168364601855917,1.8240772432520742,8
2020-03-10,0.11971187688433207,0.8512206331371246,0.880288123115668,0.9214546827967427,0.002482928977334311,0.002215340753567741,2.3094417340626494,8
2020-03-11,0.3581414083339466,0.8777354603778743,0.6418585916660534,0.9097713397447136,0.0018630152436439702,0.0021992038122981266,2.710155888575889,8
2020-03-12,0.6248101160933355,0.8786391964935873,0.37518988390666447,0.9093075429175477,0.001169679395578494,0.0021811556399538947,-38.95786085457163,8
2020-03-13,0.046634354856962455,0.713378957669183,0.9533656451430376,0.9533656451430376,0.002672929496110279,0.0022202866496315167,-0.7872927018566904,8
2020-03-14,0.06621486135279141,0.8128064707494805,0.9337851386472086,0.9337851386472086,0.0026220204622753353,0.0022189614384404725,0.4425571785921632,8
2020-03-15,0.08251488982106665,0.8611133257430108,0.9174851101789333,0.9174851105370571,0.0025796406212107268,0.0022178582504230886,1.6806284141196473,8
2020-03-16,0.10058741497176589,0.8828530011304903,0.8994125850282343,0.9070754309032195,0.0025326523112581037,0.0022166350996028973,1.0654789251809877,8
2020-03-17,0.11507678776685629,0.9150694300559564,0.8849232122331437,0.8849271970034135,0.0024949801446242322,0.0022156544569937107,0.8855466128574622,8
2020-03-18,0.09940002346241933,0.8939194967956448,0.9005999765375806,0.9006004655240678,0.0025357395124915106,0.002216715462412545,2.228092971035745,8
2020-03-19,0.3458585110950888,0.9271566566768693,0.6541414889049112,0.8731106992306032,0.0018949506321643689,0.002200035120358664,-1.8057140437138268,8
2020-03-20,0.11498160912740377,0.9149650274827924,0.8850183908725963,0.8850183908725963,0.002495227607762014,0.0022156608986962363,2.254735944894026,8
2020-03-21,0.32813337479950777,0.8737473522357555,0.671866625200492,0.9117588356411881,0.001941035775859906,0.002201234759856584,2.665544361601943,8
2020-03-22,0.6265340448900847,0.9080886905947617,0.37346595510991526,0.8906848413208933,0.0011651971966376502,0.002181038964231819,0.39857476697841754,8
2020-03-23,0.0965964950858871,0.8876345005174273,0.9034035049141128,0.9043938477106689,0.00254302864681068,0.002216905205572651,-0.029752502366416356,8
2020-03-24,0.10408593217606467,0.9009906800523453,0.8959140678239353,0.8959140678253766,0.002523556215629697,0.0022163983195097885,1.6130567526642818,8
2020-03-25,0.12005510036742005,0.9141542745755846,0.8799448996325798,0.8857210155409777,0.0024820366010403563,0.002215317524158383,2.1210597408838736,8
2020-03-26,0.2990191748498327,0.9108611445706298,0.7009808251501672,0.8884776742514863,0.0020167323434443,0.002203205212643382,2.538693705720788,8
2020-03-27,0.5571886796062183,0.8842794937773737,0.44281132039378174,0.9062926323063264,0.0013454944840805968,0.002185732267448506,0.9580836554721879,8
2020-03-28,0.1559119698729082,0.9004076667041432,0.8440880301270919,0.8963189620419452,0.0023888092318786313,0.00221289072663123,1.5302685238135523,8
2020-03-29,0.11222557508294402,0.9029073097714475,0.8877744249170559,0.8945578009055013,0.0025023932578802934,0.0022158474274338556,1.3388866321890196,8
2020-03-30,0.0921261347764654,0.8809878661749463,0.9078738652235347,0.9080778730378007,0.0025546515205456663,0.002217207760131764,0.6604164311031018,8
2020-03-31,0.09739464151806007,0.8906644933912753,0.9026053584819399,0.9026053717130474,0.0025409534773283165,0.0022168511869197507,2.2546415630014813,8
2020-04-01,0.33574265829029554,0.9052380373056839,0.6642573417097046,0.8928542929092503,0.0019212517295769584,0.0022007197625739574,1.6491482987196973,8
2020-04-02,0.24666972196310855,0.9000277303350329,0.7533302780368912,0.8965809434661732,0.0021528402679817887,0.0022067482303291253,2.0517343866223774,8
2020-04-03,0.34831048336306436,0.8865130573444111,0.6516895166369358,0.9050377819166898,0.0018885755331840494,0.0021998691705610762,2.5840046440994002,8
2020-04-04,0.6071888127456431,0.89920999175318,0.392811187254357,0.8971398502863066,0.001215494619883807,0.002182348252024585,2.607783217512633,8
2020-04-05,0.7296433351712776,0.897825745875496,0.27035666482872245,0.8980708447494257,0.0008971139452192116,0.002174060514240733,2.781464833177052,8
2020-04-06,0.8009885594860372,0.8989214558065247,0.19901144051396297,0.8973354623043039,0.0007116169300246724,0.0021692318603083326,-0.46566936146406945,8
2020-04-07,0.09736156652977294,0.8904437513051316,0.9026384334702271,0.9027381350984155,0.002541039471832143,0.0022168534254392008,2.0444649429492388,8
2020-04-08,0.22892232645824345,0.8914669922126366,0.7710776735417567,0.902119352499258,0.002198983269228243,0.002207949376333186,1.9353378612434748,8
2020-04-09,0.28968855123475784,0.8971330305163328,0.7103114487652421,0.8985297734603224,0.00204099185029888,0.002203836710446401,2.391188256985659,8
2020-04-10,0.5367785168774023,0.919278753736471,0.4632214831225978,0.8811075725503199,0.0013985607038533557,0.0021871136298798116,0.5106522526751418,8
2020-04-11,0.10519988443302203,0.9023226515891727,0.8948001155669779,0.8949756841274447,0.0025206599553727364,0.0022163229270781614,2.2773966681366464,8
2020-04-12,0.3508586916068326,0.9030259274272818,0.6491413083931673,0.8944725658492881,0.0018819502217432278,0.002199696707500303,2.4746841786264357,8
2020-04-13,0.5709761855179023,0.8904029067136606,0.4290238144820979,0.9027626573043186,0.0013096471038989781,0.0021847991272800106,2.264607918626479,8
2020-04-14,0.6597770557439895,0.9121181328173811,0.34022294425601035,0.8874433944232024,0.0010787656702892859,0.0021787890729934594,3.0656162303260217,8
2020-04-15,0.8006597410892005,0.8958596026161353,0.19934025891079954,0.899361623610669,0.000712471855345483,0.0021692541147796045,0.45728306365003624,8
2020-04-16,0.3124724158446471,0.8835420951444989,0.6875275841553529,0.9066990602186136,0.001981754080608448,0.0022022946955673325,0.7481299762850477,8
2020-04-17,0.0838656272029123,0.8642394934707095,0.9161343727970879,0.9161422096289725,0.0025761287232128707,0.002217766832343839,2.174415973147999,8
2020-04-18,0.3058140513166814,0.9262900603583035,0.6941859486833185,0.8740510806637701,0.0019990657475438657,0.0022027453345325907,1.9415017920641442,8
2020-04-19,0.34713991785194953,0.8887901495157364,0.6528600821480504,0.903720235308143,0.0018916189897151923,0.0021999483945850055,2.203924465099328,8
2020-04-20,0.4809263868020223,0.8878393446438985,0.5190736131979777,0.9042751968808017,0.0015437756661503758,0.002190893709206938,1.0384910275586132,8
2020-04-21,0.13104228917268587,0.9059823726524945,0.8689577108273144,0.8922971905659919,0.0024534700620188333,0.0022145739098108205,2.3329655653334895,8
2020-04-22,0.39035112289615903,0.8963708347150093,0.609648877103841,0.8990294839922756,0.0017792703576205416,0.0021970238546853206,1.4605359952120378,8
2020-04-23,0.21377130329543031,0.9075645260044696,0.7862286967045696,0.8910911345320938,0.002238375733321054,0.002208974799524123,1.3771722349211077,8
2020-04-24,0.08353463377500614,0.8554776195278415,0.9164653662249937,0.9197960462993704,0.002576989301423319,0.002217789234021493,2.230856448897228,8
2020-04-25,0.3194296471518179,0.9137791094700728,0.6805703528481821,0.8860428556323533,0.001963665363241647,0.0022018238292601253,2.652084292664765,8
2020-04-26,0.6020801657485548,0.8888996107726023,0.3979198342514453,0.9036558943186106,0.0012287770538830045,0.002182694005908586,2.3970519539694957,8
2020-04-27,0.6861557677465331,0.8921329182824584,0.313844232253467,0.9017119896412061,0.0010101812514173025,0.0021770037583817795,2.8660596239051084,8
2020-04-28,0.7828446673839835,0.8878001136830138,0.21715533261601647,0.9042979452730237,0.0007587909094567261,0.002170459841252945,3.156508988411619,8
2020-04-29,0.8557190514792115,0.9021334677284011,0.14428094852078854,0.8683303566275551,0.0007496779564372933,0.0026494096565155795,-2.0422589944437846,9
2020-04-30,0.13077093700902787,0.8832543507974919,0.869229062990972,0.869229065022018,0.0031220591327630926,0.001049849077911157,2.0417820215093965,9
2020-05-01,0.3299504287408781,0.8871002656445457,0.6700495712591219,0.869057307840202,0.0024707572451464987,0.0014893283408837581,2.0738687261684676,9
2020-05-02,0.48216125562438517,0.871631217802118,0.5178387443756148,0.8697189059042537,0.0019727789534073692,0.0018251736703078874,2.5488725449458896,9
2020-05-03,0.6810372846991566,0.8792752528192626,0.3189627153008433,0.8694014844982804,0.00132178921967969,0.0022639833585983106,2.6885692706599023,9
2020-05-04,0.7630299159913674,0.8688472039788397,0.23697008400863262,0.8698303496562731,0.0010532869846662661,0.002444895865484294,2.953954960579128,9
2020-05-05,0.8476434235604468,0.9121064837930997,0.1523565764395533,0.8677888606223771,0.0007761335045834976,0.0026315912005343903,2.931104980003651,9
2020-05-06,0.8290731159905358,0.8685922855766894,0.17092688400946432,0.8698404492003194,0.000836966942766105,0.002590616775843186,1.778870174856012,9
2020-05-07,0.7581088028125572,0.8867424658814486,0.24189119718744273,0.8690735084424444,0.0010694040584113022,0.002434037683379181,-0.3031884762855841,9
2020-05-08,0.13020514335948488,0.833626746502339,0.8697948566405151,0.8710869578918508,0.003123908685042782,0.001048600683440754,2.023793969771754,9
2020-05-09,0.3182567511688764,0.8752859414996408,0.6817432488311236,0.869569307222755,0.0025090053607175976,0.0014635268451770554,1.65478323684783,9
2020-05-10,0.3040250034835423,0.884169193018209,0.6959749965164577,0.8691886768847354,0.0025555532941535543,0.001432125228830012,0.2647915098422774,9
2020-05-11,0.1314935569685836,0.8986676851276932,0.8685064430314164,0.8685066036305066,0.0031196969182716917,0.0010514435015361676,2.0120441182923168,9
2020-05-12,0.326082900224973,0.9172264560854816,0.673917099775027,0.8674881461190946,0.002483407448632864,0.001480794838930737,1.966789838486564,9
2020-05-13,0.4698890397714631,0.9299007747301758,0.5301109602285369,0.8666605975829103,0.002012937526988798,0.0017980956597597741,0.8716868265636564,9
2020-05-14,0.15534760713620951,0.9028819758553688,0.8446523928637905,0.8682915369566703,0.0030417161696281486,0.0011040762314192879,1.4076559165362375,9
2020-05-15,0.14232702646306056,0.8654547276438597,0.8576729735369394,0.8699633612119506,0.0030842821491075707,0.0010753469925405457,1.396320378439665,9
2020-05-16,0.13852479425533662,0.9375911058229415,0.8614752057446633,0.8660856771729813,0.0030967118315868803,0.0010669575635196562,2.1908262749879244,9
2020-05-17,0.3948879186415855,0.8679488585966358,0.6051120813584145,0.8698658642704101,0.0022583330613285203,0.0016326095590087368,1.8076823117920418,9
2020-05-18,0.43845467225805235,0.8792489428423368,0.5615453277419479,0.8694026074604336,0.0021157940356439343,0.0017287373510971433,2.654344661980536,9
2020-05-19,0.684445330674436,0.8830226746438956,0.31555466932556386,0.8692392476980804,0.0013106301552587708,0.0022715030360528996,2.918846380214472,9
2020-05-20,0.8148065484606661,0.9027242369406383,0.1851934515393338,0.8682997406776037,0.0008836997175072542,0.0025591383313072554,1.793105891582738,9
2020-05-21,0.7600185669593138,0.9057556121036603,0.23998143304068636,0.8681398829137581,0.0010631494426996224,0.002438251479349692,0.27164078104894873,9
2020-05-22,0.22241619231305676,0.8678295719372207,0.7775838076869435,0.8698705640315679,0.0028224340510287754,0.0012520596012223282,2.3018840684329542,9
2020-05-23,0.5027849069876982,0.8964459779757218,0.49721509301230177,0.8686166889711182,0.0019052885372896182,0.001870678692045541,2.732711476668798,9
2020-05-24,0.7193997095032275,0.8820443276141731,0.2806002904967725,0.8692820488904521,0.0011961714840826203,0.0023486280679112168,0.6434556124165924,9
2020-05-25,0.31137820970409164,0.8928456489891988,0.6886217902959085,0.8687905695327813,0.0025315033280622007,0.0014483496986396008,2.4029234424055264,9
2020-05-26,0.601604616720931,0.9274220483257518,0.3983953832790691,0.8668330648312553,0.0015818458877278523,0.0020887192785693544,2.6449591671915074,9
2020-05-27,0.7507167864930543,0.8934209239064271,0.2492832135069456,0.8687631483667932,0.0010936131117668655,0.0024177275810903865,1.2760799007862844,9
2020-05-28,0.5941198356791325,0.88637956742559,0.40588016432086765,0.8690898926352996,0.0016063473389604573,0.0020722044957111403,1.0841227969840386,9
2020-05-29,0.3381265778546145,0.868098604040958,0.6618734221453855,0.8698599591642063,0.0024440136015817567,0.001507368591690786,2.1999172736724066,9
2020-05-30,0.5202546588109429,0.8739651388975991,0.47974534118905704,0.8696238160274192,0.0018481159437145163,0.0019092247973138987,1.9830601043127325,9
2020-05-31,0.5730377059005143,0.8694665492406173,0.4269622940994857,0.869805739563337,0.0016753568165016827,0.0020256878650257216,1.6665568239506763,9
2020-06-01,0.5101167780849716,0.8675150977562169,0.48988322191502837,0.8698829360624446,0.0018812941629621613,0.0018868560870073567,0.34814911514311897,9
2020-06-02,0.1334045139503353,0.9270269963672101,0.8665954860496646,0.866860031635665,0.003113450055145391,0.0010556599294354978,1.0588201307809517,9
2020-06-03,0.1294401984246262,0.8476402457132652,0.8705598015753737,0.8706172142842087,0.003126409248358239,0.001046912871943379,2.1077689219124602,9
2020-06-04,0.36679328189385346,0.896123968465404,0.6332067181061466,0.8686324642502236,0.002350241564796947,0.001570620193818476,2.307786807037809,9
2020-06-05,0.5707190190410916,0.870925846215422,0.42928098095890843,0.8697473426908521,0.0016829464576554667,0.0020205718022062863,2.208504187033512,9
2020-06-06,0.6895093647726482,0.9291656694168638,0.31049063522735176,0.8667123451252691,0.0012940486317179788,0.0022826765657863054,2.9235430328470393,9
2020-06-07,0.8108958257919128,0.8963198501842732,0.18910417420808734,0.8686228733371977,0.0008965096652280049,0.0025505095236865,2.9848925282299583,9
2020-06-08,0.838576258720272,0.8865728580173922,0.1614237412797279,0.8690811718295323,0.0008058365453038564,0.0026115849695386014,3.0523433635273056,9
2020-06-09,0.859827507049572,0.8990132684256514,0.14017249295042802,0.8684892809669831,0.0007362185185721726,0.0026584747515728986,3.063998769980881,9
2020-06-10,0.8699206309467121,0.9037606271118915,0.130079369053288,0.8682456130042552,0.0007031524092674645,0.002680744708247846,2.963903200310448,9
2020-06-11,0.841564828507089,0.8745222580261302,0.158435171492911,0.8696008863377769,0.0007960464058580527,0.0026181790944448985,-0.5167468599532543,9
2020-06-12,0.1403623708573857,0.9073689228987403,0.8596376291426143,0.8680528502684566,0.003090704721652737,0.0010710120814005001,2.0276706885791422,9
2020-06-13,0.34065017834006994,0.8873885190570198,0.65934982165993,0.8690442223208497,0.002435758939668044,0.001512936785844421,2.525399939728616,9
2020-06-14,0.62482123411177,0.8944745524678849,0.37517876588822996,0.8687125732972667,0.0015058427570139572,0.002139945545947218,2.4953076419761806,9
2020-06-15,0.7387181612430037,0.8925513388900027,0.2612818387569964,0.8688045462409332,0.0011329078012604378,0.0023912532340794215,2.8747411426347265,9
2020-06-16,0.8151815525574179,0.8890305700999818,0.18481844744258205,0.8689690954409051,0.0008824713477453978,0.002559965758481706,2.9852848898775584,9
2020-06-17,0.8465854259920835,0.8938916125521621,0.15341457400791628,0.8687406116628124,0.0007795994302019563,0.0026292567835342847,2.870876608117548,9
2020-06-18,0.8465714067087848,0.8903301153145043,0.15342859329121517,0.8689089197190036,0.000779645356314814,0.0026292258507096358,2.9145056800591367,9
2020-06-19,0.8938277755615391,0.9383360928799912,0.10617222443846075,0.8660264065128598,0.0006248261936729797,0.0027334945882869434,2.751017425406409,9
2020-06-20,0.8445160323691848,0.8777732580437201,0.1554839676308153,0.8694652444640952,0.0007863785866499284,0.0026246907733678566,3.020188894753668,9
2020-06-21,0.8481433643288768,0.8862597774447346,0.15185663567112326,0.869095290533589,0.0007744957299981448,0.002632694294023229,2.8628554230531345,9
2020-06-22,0.8403740441343469,0.8836442087654677,0.15962595586565298,0.8692118887271748,0.0007999472604600974,0.002615551690217979,0.7404821329133956,9
2020-06-23,0.5804518785891691,0.8807911887927936,0.41954812141083075,0.8693364077213612,0.0016510880263851519,0.0020420468541989052,2.651551514811337,9
2020-06-24,0.7666926809397452,0.9214818231108279,0.2333073190602549,0.867224574702857,0.0010412909577722986,0.0024529775671994587,1.0773907494545374,9
2020-06-25,0.5479272992937423,0.888840959400235,0.45207270070625777,0.8689778218126856,0.001757546662094954,0.001970283049537271,2.6909571616845325,9
2020-06-26,0.724389406876437,0.8769224592236339,0.27561059312356284,0.8695010507118056,0.001179831670104751,0.002359637577499617,2.70259626844505,9
2020-06-27,0.8033780152361919,0.8966455880943046,0.19662198476380824,0.8686068874445311,0.000921134557495861,0.0025339218629114447,2.343502715265474,9
2020-06-28,0.7940942515649682,0.8851320871352509,0.20590574843503182,0.8691458552584012,0.0009515431411709581,0.0025134377177800067,2.887432432793775,9
2020-06-29,0.8238537719221787,0.8804986584781972,0.17614622807782127,0.8693490231956913,0.0008540640973454237,0.002579100562680788,2.9918262886768217,9
2020-06-30,0.8430126576359139,0.8874413862858936,0.15698734236408618,0.8690418190726813,0.0007913034874956906,0.0026213736546524466,2.963877645305051,9
2020-07-01,0.8596475206892545,0.9012531762412423,0.14035247931074551,0.868375661414569,0.0007368081633509389,0.002658077620963268,2.96952066050794,9
2020-07-02,0.8211424046314056,0.8556917239155886,0.17885759536859444,0.8703303875302826,0.0008629456960085906,0.0025731180707674085,2.434595985375635,9
2020-07-03,0.8070934986280129,0.882968012282181,0.19290650137198695,0.8692416475795325,0.0009089644102827636,0.0025421198851497116,2.9659729162357324,9
2020-07-04,0.8729823337266903,0.9256103240664508,0.12701766627330952,0.8669556054503609,0.0006931217607899759,0.0026875001973269996,3.058593787891503,9
2020-07-05,0.850650933084825,0.880454291711495,0.14934906691517502,0.8693509341062752,0.0007662810553919874,0.0026382271149935767,2.9505737745299,9
2020-07-06,0.8419380403355549,0.8809994577917659,0.15806195966444517,0.869327409091777,0.0007948238096468584,0.0026190025670719285,1.9972219973054068,9
2020-07-07,0.763998849045913,0.8581208793570722,0.23600115095408697,0.8702411372580614,0.0010501136168414383,0.002447033766233909,2.7404003654030884,9
2020-07-08,0.8255670978715538,0.903129042642137,0.17443290212844625,0.868278662646577,0.0008484517357955133,0.002582880927912752,2.578496948583793,9
2020-07-09,0.7861678976871304,0.8466757130445447,0.21383210231286973,0.8706506966772307,0.0009775049211300036,0.0024959486272616823,2.0258041791714487,9
2020-07-10,0.7357414205315905,0.8649631261049195,0.2642585794684095,0.8699823904235892,0.001142656209560661,0.0023846852094171556,2.952190124173726,9
2020-07-11,0.8193247891319149,0.8891333632531878,0.18067521086808505,0.8689643589731175,0.0008688996008089996,0.0025691075960285773,2.924405973086517,9
2020-07-12,0.8267189006148433,0.8748394751594756,0.17328109938515668,0.8695877899182455,0.0008446787462144588,0.002585422321187277,3.0315223375742177,9
2020-07-13,0.8486081129001162,0.8910032820423275,0.15139188709988372,0.8688774931200077,0.0007729732406597305,0.0026337197377462743,2.933370949229442,9
2020-07-14,0.8761554688797427,0.9182985967197981,0.1238445311202572,0.8674229659210058,0.0006827259449737381,0.0026945015561830278,3.0831820509401955,9
2020-07-15,0.8512123951768811,0.879657260897058,0.14878760482311876,0.8693851548688497,0.0007644417242011909,0.0026394659521060643,2.8963451469805133,9
2020-07-16,0.853488117911951,0.8951702882900624,0.14651188208804897,0.8686789235477865,0.0007569865005694775,0.002644487216803762,2.8945412467937914,9
2020-07-17,0.846909796534415,0.8876327611392882,0.15309020346558505,0.8690331109557542,0.0007785368162787833,0.0026299724903856,3.0598229243780177,9
2020-07-18,0.8607784849939738,0.8975929366159976,0.13922151500602617,0.8685601312316608,0.0007331030595947607,0.002660573035299175,3.0699852630868665,9
2020-07-19,0.846432155710635,0.8788047539568277,0.1535678442893651,0.8694215333055465,0.0007801015319597102,0.002628918600573073,3.0546039564184495,9
2020-07-20,0.8638209022871496,0.9010399102781367,0.1361790977128505,0.8683865811615722,0.000723135864693548,0.002667285971947593,2.9462627465105586,9
2020-07-21,0.8272777269259703,0.8621564682706924,0.1727222730740296,0.8700898827485659,0.0008428481799806141,0.002586655342585255,2.311449218489569,9
2020-07-22,0.8056702079282053,0.8859610773136585,0.19432979207179482,0.8691087279927,0.0009136264460207809,0.0025389794677186375,2.7777209863510395,9
2020-07-23,0.7800527787192085,0.8355994792631355,0.21994722128079155,0.8710228980012551,0.0009975338098321082,0.002482455933040783,2.9590882855226366,9
2020-07-24,0.8379153856465834,0.8958697138582444,0.16208461435341653,0.8686448885606151,0.0008080014619422243,0.0026101267872286776,2.9034221779089435,9
2020-07-25,0.8445401151089179,0.8893482941939298,0.1554598848910822,0.8689544425528828,0.0007862996938949227,0.0026247439106894567,2.76514934144822,9
2020-07-26,0.8313084980894325,0.8787648523281395,0.1686915019105673,0.8694232303771783,0.0008296443565898911,0.0025955490310103383,2.332841940975969,9
2020-07-27,0.777601449925435,0.8510917148353934,0.22239855007456502,0.8704958952574617,0.0010055625606503861,0.0024770472026427685,-1.1666293445250038,9
2020-07-28,0.12712970190698672,0.7705107918574561,0.8728702980930133,0.8728704699208335,0.003133962100997353,0.001041814880690143,2.090464462624181,9
2020-07-29,0.3449450507175883,0.8219202747542986,0.6550549492824116,0.8585122899078763,0.0024522871972387813,0.0014314629985812712,2.3485887614110412,10
2020-07-30,0.5790191634684619,0.8698518611708722,0.42098083653153806,0.8509118312882882,0.0016757893877501777,0.002013671241085723,2.8108253300169754,10
2020-07-31,0.7638994658466978,0.8877294153569691,0.2361005341533022,0.8473511482961104,0.0010620038050753956,0.002473520622362177,2.6181258739871414,10
2020-08-01,0.8199969382915024,0.9019190383999441,0.1800030617084976,0.8440941275689218,0.0008756817296754062,0.00261305083549511,0.9979806498250047,10
2020-08-02,0.5981578647378158,0.8491853582379889,0.40184213526218404,0.8544719660317855,0.0016122702858513598,0.002061274581322272,0.4527972411412009,10
2020-08-03,0.15012205975356882,0.8555517137864717,0.849877940246431,0.8534285221470416,0.0030980596870160636,0.0009468833505561008,2.149169254303014,10
2020-08-04,0.41417611521753395,0.8900968864099116,0.585823884782466,0.8468376639236941,0.002222696479039344,0.001603660154069903,2.5785150619807937,10
2020-08-05,0.6885211675261169,0.9107193760870351,0.3114788324738832,0.8418239190734731,0.0013123038801192964,0.002286033565068876,0.8044756658868484,10
2020-08-06,0.3685223471816297,0.880829473683392,0.6314776528183703,0.8487880528666358,0.0023741045570387174,0.0014901063751427178,2.5651474021747407,10
2020-08-07,0.6316232849449388,0.8620615401462988,0.36837671505506114,0.8523144847796487,0.0015011915953463658,0.0021445125065011183,2.398690894443211,10
2020-08-08,0.7521753977083103,0.9151414813265691,0.24782460229168968,0.8405949744116482,0.0011009391912325532,0.0024443595629625083,2.8355749058932433,10
2020-08-09,0.786371370107991,0.8535037533286257,0.21362862989200904,0.8537689419708541,0.0009873703248952793,0.002529414577195279,2.8903180165080387,10
2020-08-10,0.8359356099957245,0.894091624967371,0.16406439000427547,0.84594547303663,0.0008227359420709289,0.002652694800954233,2.758481185703666,10
2020-08-11,0.847592639992691,0.897268140884631,0.1524073600073089,0.845211438638205,0.0007840111119443615,0.0026816891176157207,0.3391458458869756,10
2020-08-12,0.468067301909818,0.8832174011350893,0.531932698090182,0.8483003970310324,0.002043936290626939,0.0017377027131630885,2.4633803968032315,10
2020-08-13,0.6758578618413141,0.8909683351997871,0.32414213815868587,0.8466458504313888,0.0013543465703906245,0.0022545363573665766,2.603276341706883,10
2020-08-14,0.8020356286841066,0.9186570754327246,0.19796437131589323,0.8395699278838911,0.0009353426387762367,0.0025683759999197216,3.0065750998442056,10
2020-08-15,0.8453717237951046,0.8935534792541807,0.15462827620489555,0.8460676215371415,0.0007913891588261803,0.0026761650735386104,3.018150285699346,10
2020-08-16,0.8723151752999806,0.9098604806351184,0.12768482470001957,0.8420553499536602,0.0007018769112066267,0.002743181025722751,3.0788756387669864,10
2020-08-17,0.8677566315947247,0.8967435880272768,0.1322433684052753,0.8453342223743439,0.0007170220570348452,0.0027318426436700486,1.4595438031121524,10
2020-08-18,0.7577178468749918,0.8856284576077498,0.24228215312500825,0.8477978130475049,0.001082533044920481,0.00245814519500264,1.6450452793782955,10
2020-08-19,0.6737236215516738,0.8779491602997223,0.3262763784483264,0.8493634808860537,0.001361432139634745,0.0022492279006837306,2.006743923212476,10
2020-08-20,0.7062246404930156,0.911518006741467,0.29377535950698436,0.8416066677593101,0.0012535243034519105,0.0023300670883028315,2.832612103336044,10
2020-08-21,0.7845938403629666,0.8658854193537945,0.21540615963703336,0.8516359677596516,0.0009932740677838104,0.0025249933601000276,1.4133742689093554,10
2020-08-22,0.6704335634070682,0.8996715429352471,0.32956643659293194,0.844640619742534,0.001372354854981568,0.0022410445994737118,2.7274485779947955,10
2020-08-23,0.7754205710339542,0.8771865496680039,0.22457942896604566,0.8495135767595536,0.0010237407978268083,0.0025021768557403658,2.9652479996066194,10
2020-08-24,0.8256025245679177,0.8818297135968104,0.17439747543208245,0.848584982948279,0.0008570612025475112,0.0026269935073089403,2.9801253654573316,10
2020-08-25,0.8437637336597091,0.8866009075184602,0.15623626634029086,0.8475921004946095,0.0007967309821796284,0.00267216554920125,0.7941622671171983,10
2020-08-26,0.6157805232345624,0.9099630422063011,0.38421947676543755,0.8420278337397689,0.0015537787440100472,0.0021051070962085586,2.776459045569534,10
2020-08-27,0.7686624716961653,0.8837361916802147,0.2313375283038347,0.848193136405312,0.001046185476010299,0.00248536755935178,2.527029289174483,10
2020-08-28,0.7759944851435918,0.8612734036216447,0.22400551485640813,0.8524520485242396,0.0010218347155418568,0.00250360434176688,2.59567904369336,10
2020-08-29,0.8462259461573195,0.9274057157582858,0.15377405384268059,0.8368056500006222,0.0007885513765622509,0.002678289765134654,2.990345516512812,10
2020-08-30,0.8492543482914671,0.8869538303939011,0.15074565170853294,0.8475170057679343,0.000778490754898815,0.002685822254154468,2.6807822790766602,10
2020-08-31,0.8079803767522206,0.8546411557366251,0.1920196232477795,0.8535804508571015,0.0009155967992998849,0.0025831622626302504,2.9871826265251045,10
2020-09-01,0.9138662106027254,0.9643057283045386,0.08613378939727448,0.8191826738123682,0.0005638173550372365,0.002846530152858388,2.2970114500678562,10
2020-09-02,0.8160906789044704,0.853688869772681,0.1839093210955296,0.8537383608670508,0.0008886572360294876,0.002603334868249681,0.07737750615372208,10
2020-09-03,0.2913272714112535,0.9062132922103014,0.7086727285887465,0.8430135582417235,0.002630058886405451,0.0012981004806587666,-0.043265838461373496,10
2020-09-04,0.14788551299865424,0.8631995803232021,0.8521144870013456,0.8521144891293602,0.0031054703583649444,0.0009413204288807606,2.007337934719487,10
2020-09-05,0.3526979230626736,0.8768147266724597,0.6473020769373264,0.8495864234707156,0.0024265793246299417,0.0014507465756045774,1.4922671937974303,10
2020-09-06,0.26845909520278777,0.8492387092677498,0.7315409047972122,0.8544633993995148,0.002705868331947677,0.0012412208858879295,2.3322119929781793,10
2020-09-07,0.5402100792009157,0.8771344853776138,0.45978992079908443,0.8495237902332449,0.001804578267785902,0.0019171421184113874,2.675676886348806,10
2020-09-08,0.7257575998394111,0.8763536304277307,0.27424240016058865,0.84967645823202,0.001188665914119996,0.002378651059414919,1.7463653939624129,10
2020-09-09,0.6824454935957811,0.8978027037432275,0.31755450640421895,0.8450856568751393,0.0013324756124616828,0.0022709216528653438,2.8068113172280085,10
2020-09-10,0.7965347771654849,0.8889815078421182,0.20346522283451507,0.8470809497126494,0.0009536136595642943,0.00255469383294578,2.914157920832893,10
2020-09-11,0.8584188074979868,0.9129989572077674,0.14158119250201323,0.8411984219103075,0.0007480449137400358,0.002708616845258228,3.0609646021520414,10
2020-09-12,0.8431585986187482,0.875059405540079,0.15684140138125174,0.8499274059679852,0.0007987412626533457,0.0026706604079255437,3.0503049534036353,10
2020-09-13,0.8466464380942477,0.8826762302246177,0.15335356190575244,0.8484117791681137,0.0007871544716740601,0.002679335647008173,2.720059490687356,10
2020-09-14,0.831852685375101,0.8799331342290955,0.168147314624899,0.8489685921226852,0.0008362990818921239,0.0026425394175172735,1.6458415845154222,10
2020-09-15,0.7429242709205156,0.8794127892613046,0.25707572907948445,0.8490727850490569,0.001131660790190544,0.0024213494051752594,2.8689979865498287,10
2020-09-16,0.8221740966437143,0.8928695664268878,0.1778259033562855,0.8462219603934626,0.000868449733715415,0.002618466041486916,2.691111237666187,10
2020-09-17,0.8282522282666114,0.8847725218417524,0.17174777173338845,0.8479774348843269,0.0008482593331714831,0.002633584066664027,2.9823795082826576,10
2020-09-18,0.8578951384942518,0.9009768724853051,0.14210486150574816,0.8443247547028312,0.0007497846563146157,0.0027073143329610096,3.032011391678235,10
2020-09-19,0.8680329978624355,0.9020269800758317,0.1319670021375647,0.8440675614230579,0.0007161038747552043,0.002732530044413003,2.8695349722006385,10
2020-09-20,0.8992292775447377,0.9366400582453442,0.10077072245526245,0.8334829676685711,0.0006124532008711824,0.002810123978031118,2.602500979168701,10
2020-09-21,0.8335653257043586,0.8682820568595537,0.1664346742956415,0.8512009809374405,0.0008306098566752085,0.0026467992363602075,0.215172402848538,10
2020-09-22,0.3820382109738332,0.8763101936671298,0.6179617890261668,0.8496849226428222,0.002329282664710503,0.0015237241349706208,2.5715848219159785,10
2020-09-23,0.6487520960078359,0.8757098490674244,0.3512479039921641,0.8498016096237349,0.001444332147221243,0.002187116683733369,1.5981732080369442,10
2020-09-24,0.5894389270207148,0.9066871829760741,0.4105610729792851,0.8428912313802709,0.0016412079782436358,0.0020395881276383406,0.8538701239789538,10
2020-09-25,0.25788376018234205,0.8672415958633248,0.742116239817658,0.8513907690112721,0.0027409240460743137,0.0012149170492791268,2.3399047524866585,10
2020-09-26,0.5533828376683965,0.9091650603276599,0.44661716233160365,0.8422410817500031,0.001760866241036647,0.0019499064786653133,2.7774077823336487,10
2020-09-27,0.7543664928603436,0.8901250475344168,0.24563350713965643,0.8468314893658915,0.0010936627390807677,0.0024498094337005983,2.9768161369032233,10
2020-09-28,0.8295176007256713,0.8909313980517205,0.17048239927432873,0.8466540118715399,0.0008440559483509581,0.0026367314043462885,2.983329513330974,10
2020-09-29,0.8112061411390696,0.8516614879585903,0.18879385886093042,0.8540712672600571,0.000904882045202122,0.002591185647157183,2.9337210311095894,10
2020-09-30,0.8380949287593427,0.8864753761433993,0.16190507124065737,0.8476187545495355,0.0008155627793259044,0.002658065634864906,2.899804337854382,10
2020-10-01,0.8210431031190422,0.8631644620366947,0.1789568968809579,0.8521206849505005,0.0008722066292713408,0.0026156529420606495,2.460898647910582,10
2020-10-02,0.8288557893599582,0.9020040978274445,0.17114421064004184,0.8440731955912312,0.0008462543927344615,0.002635085293088734,2.971720208017043,10
2020-10-03,0.8910744119261811,0.9358572583342628,0.10892558807381901,0.8337837218374518,0.0006395491748031015,0.002789840530520231,3.059778999780255,10
2020-10-04,0.8416920870205862,0.8660716187555383,0.15830791297941382,0.8516024469117847,0.0008036130483820992,0.0026670127805559713,2.962722662445816,10
2020-10-05,0.8382713159086519,0.8773085507711241,0.16172868409134822,0.8494896269211513,0.0008149768263609666,0.002658504359382508,2.969169591195492,10
2020-10-06,0.8548462672755178,0.8952830790563415,0.14515373272448223,0.8456727915767122,0.0007599136036804911,0.0026997309315629626,2.416286031257266,10
2020-10-07,0.8026400588305735,0.8617497054394033,0.19735994116942635,0.8523690047284534,0.0009333350075364412,0.0025698793879242966,2.9998624984101827,10
2020-10-08,0.8890268444200013,0.9392237799290525,0.11097315557999862,0.8324618455106185,0.0006463524483876999,0.002784747653460174,2.483713410907729,10
2020-10-09,0.7984332659514569,0.8386260440241777,0.20156673404854292,0.8561129048545507,0.0009473078912273988,0.0025594159092424936,2.7532378823702075,10
2020-10-10,0.8202633059661978,0.8806719875605402,0.17973669403380216,0.8488198711296467,0.0008747969235289517,0.002613713366921255,2.5279082503929438,10
2020-10-11,0.7958313034683342,0.8602456345402354,0.20416869653166592,0.8526302991428358,0.0009559502130902745,0.0025529440957362576,2.9943031726695986,10
2020-10-12,0.8233871390095007,0.8722949267631231,0.1766128609904993,0.8504549324632029,0.0008644202735381063,0.0026214832194890797,2.8031824892031327,10
2020-10-13,0.808667059786904,0.8578917409463258,0.19133294021309588,0.853033788181455,0.0009133159119868365,0.0025848702367333334,2.7460768862191967,10
2020-10-14,0.8260013455835101,0.8849790301465948,0.17399865441648987,0.8479342206661625,0.0008557363918640429,0.0026279854874977485,3.005141738009519,10
2020-10-15,0.8515231605498337,0.8939236525272345,0.14847683945016613,0.8459836665988678,0.0007709534841153469,0.002691465429224075,3.0288682754840814,10
2020-10-16,0.8904649828409116,0.9267200394872748,0.10953501715908856,0.8370344962268735,0.0006415740769795931,0.0027883247087469643,2.5708643308127224,10
2020-10-17,0.8938903474946348,0.9354648058594771,0.10610965250536511,0.8339330567823983,0.0006301928270903985,0.002796844555352572,3.0944548837827015,10
2020-10-18,0.8914843994595513,0.9156574625177631,0.10851560054044877,0.8404473024088114,0.0006381869388276587,0.0027908602849836656,2.9812668924703654,10
2020-10-19,0.8565471837216576,0.8829213190415414,0.1434528162783424,0.8483613993932345,0.000754262840275102,0.0027039615898066956,2.451473234019612,10
2020-10-20,0.8352537671273903,0.8922211488038799,0.16474623287260978,0.8463673743439597,0.0008250009823533254,0.0026509988657080342,2.7843059029993626,10
2020-10-21,0.8302783146271014,0.878022590886865,0.1697216853728984,0.8493489793008361,0.000841528956943247,0.0026386235140648533,-0.6285825446771733,10
2020-10-22,0.14790568609213992,0.8461598665580153,0.8520943139078602,0.8549530766639428,0.0031054035162356958,0.0009413706050457631,2.1619191011326038,10
2020-10-23,0.415668996467946,0.8870807860148006,0.584331003532054,0.8474899347579175,0.00221774498938355,0.0016073733701913084,2.5735768674257598,10
2020-10-24,0.6826409060290961,0.9037480849239501,0.31735909397090395,0.8436398975441713,0.0013318268343746086,0.002271407698622505,2.777795839896169,10
2020-10-25,0.7786192819022052,0.8716350573867274,0.2213807180977948,0.8505791837022109,0.0010131171943491295,0.0025101329505472546,2.878790002493152,10
2020-10-26,0.8218716888822729,0.8820390522467171,0.17812831111772714,0.8485422660735877,0.0008694542630106673,0.002617713868214787,3.0380532736260175,10
2020-10-27,0.8521545993684847,0.8941590455353092,0.1478454006315153,0.8459301257519022,0.0007688557560875295,0.0026930359954030324,0.5196482616866083,10
2020-10-28,0.7034491917995025,0.9232538826844752,0.2965508082004975,0.8156611908810094,0.0014041541342903793,0.0024353358178455338,1.636977079302239,11
2020-10-29,0.6300318380270967,0.8536201758447043,0.36996816197290316,0.8198993510060028,0.001665452141809322,0.0021777030031210126,2.629575368830003,11
2020-10-30,0.7492944687118677,0.8626957394269292,0.25070553128813233,0.8194663759295803,0.0012409199392097701,0.0025962139634863137,2.822323616080468,11
2020-10-31,0.8546773759090999,0.9243149106338197,0.14532262409090008,0.8155721729389381,0.0008655030524983002,0.0029660188339974652,2.777146097732558,11
2020-11-01,0.8238905243829879,0.8621429031547149,0.176109475617012,0.8194934489054266,0.000975206651812763,0.002857983024919322,2.8321712770777845,11
2020-11-02,0.8238091460329278,0.8692487576941799,0.1761908539670721,0.8191380041438123,0.0009754965984987048,0.002857697455741105,2.67458659772656,11
2020-11-03,0.9048159568777567,0.9641156889371204,0.09518404312224323,0.8108684868751643,0.0006867929611704569,0.0031419628455630717,2.088886077410657,11
2020-11-04,0.8819077510974107,0.932357416373434,0.11809224890258925,0.8148561928524479,0.0007684528847410265,0.0030615744192275893,2.928114058526302,11
2020-11-05,0.8789920513131296,0.9079008837447513,0.12100794868687037,0.816834316858522,0.0007788454306924149,0.0030513427791082153,-1.525556642861382,11
2020-11-06,0.18003615788714042,0.8500113813860488,0.8199638421128596,0.8200651201542418,0.0032641209707134607,0.0005985987759688428,2.202798549818199,11
2020-11-07,0.47381379826720826,0.8755166200855532,0.5261862017327916,0.8188101043436701,0.0022210024094071914,0.001629509814098526,0.9712325873887231,11
2020-11-08,0.225104607266661,0.8416796426042338,0.7748953927333391,0.8204352414941184,0.003104234104324957,0.0007567509140166129,1.5135655177090985,11
2020-11-09,0.27393761263110855,0.8936194679656345,0.7260623873688915,0.817772780490097,0.002930935462635484,0.0009281134594782947,2.1710293717816485,11
2020-11-10,0.5427897614123884,0.9300745599338076,0.45721023858761145,0.8150673119640109,0.001975780802438002,0.0018715571042871122,2.6626403010460105,11
2020-11-11,0.7504111970138082,0.895725145328787,0.2495888029861918,0.8176419477975762,0.0012369431314616416,0.0026001327352879145,2.1890778223239744,11
2020-11-12,0.7720773482147413,0.8871167129789655,0.2279226517852589,0.8181624891739644,0.0011597812060107518,0.0026761626005898896,1.6557794263431158,11
2020-11-13,0.7427635104715955,0.9170663239154339,0.2572364895284045,0.8161583094466995,0.001264176875065544,0.0025732958240024845,2.863191562791474,11
2020-11-14,0.7938442077092982,0.8572838031723645,0.20615579229070186,0.8197274366907706,0.0010822489757905949,0.0027525458668225607,2.5011632069949674,11
2020-11-15,0.7660134056342428,0.8350357478568597,0.2339865943657572,0.8207187971869621,0.0011813785226375902,0.002654883291066085,2.734845182459581,11
2020-11-16,0.8448201998388255,0.9153127237645856,0.15517980016117472,0.8162928668946325,0.0009006299282424073,0.0029314284832734046,0.720980493871174,11
2020-11-17,0.6461343375807306,0.913574525053371,0.35386566241926953,0.8164236967779375,0.001608153472586866,0.0022342091569244244,0.6231788786643209,11
2020-11-18,0.28605152735947637,0.8025660622522099,0.7139484726405236,0.8219829172328315,0.002887936492506018,0.0009706230541236856,2.356287665980081,11
2020-11-19,0.5844890571329071,0.8875451354517739,0.4155109428670929,0.8181374465578045,0.00182747568566402,0.0020178863626503477,2.7103671047115516,11
2020-11-20,0.751745386622402,0.8740322971419988,0.24825461337759808,0.818889051839925,0.0012321918768089136,0.0026048146123452626,0.8530407630115868,11
2020-11-21,0.4945202457746087,0.8267933816616289,0.5054797542253913,0.821057657341095,0.002147399676619527,0.001702171931161674,2.623937691703201,11
2020-11-22,0.6786202551454622,0.8311513579463088,0.3213797448545377,0.8208801957688899,0.0014925370848592279,0.0023482072507137464,2.508478236143234,11
2020-11-23,0.7702442006694719,0.8856835858175962,0.2297557993305282,0.8182456423982682,0.00116631023338325,0.0026697298031976386,2.7709161766184236,11
2020-11-24,0.7773081490131473,0.8374915761806875,0.2226918509868528,0.8206151172181892,0.0011411504767053979,0.0026945182871368914,1.174231357346492,11
2020-11-25,0.6289233285202965,0.8729300481691353,0.3710766714797036,0.8189471469998949,0.00166939639507772,0.0021738130723388278,2.0589873593071335,11
2020-11-26,0.6528329344544935,0.8419068223964596,0.3471670655455065,0.8204253704055361,0.0015843154981806746,0.0022577155662216364,-0.2693279682485312,11
2020-11-27,0.176550538079279,0.7580119295739607,0.8234494619207211,0.8234757674255854,0.0032764846288989,0.0005863671986098614,2.1909339657791906,11
2020-11-28,0.4519301593940855,0.8406487539127188,0.5480698406059146,0.8204798849864939,0.00229877808644786,0.0015527167510200712,1.5820469668714818,11
2020-11-29,0.46705331482304946,0.9004502027808539,0.5329466851769505,0.8173393606397121,0.0022450308048445294,0.0016057862352834066,2.1213393896382575,11
2020-11-30,0.6272170274209836,0.8963956015903431,0.37278297257901627,0.8175997847950995,0.0016754676268398326,0.0021678253986840913,0.09361200496498367,11
2020-12-01,0.18170394600662465,0.8273858336619592,0.8182960539933753,0.821033749499771,0.003258205141597952,0.0006044513016389839,1.444680791913991,11
2020-12-02,0.20414653472444333,0.8472493370093578,0.7958534652755567,0.820189709504595,0.0031785921314119725,0.0006832058059078312,2.035472169452152,11
2020-12-03,0.4351806007965603,0.8652126455824514,0.5648193992034396,0.8193419076025393,0.0023582989865551696,0.0014939399672605942,2.4557686842637714,11
2020-12-04,0.6713067675000131,0.8837756276981299,0.3286932324999869,0.8183549039317846,0.0015185678308791226,0.0023225430948877125,1.0500554995993387,11
2020-12-05,0.4757366253076445,0.9255710853942113,0.5242633746923554,0.8154652451594406,0.0022141680108252347,0.0016362573106671395,2.3021772809141545,11
2020-12-06,0.6531276465569601,0.8731186913060941,0.3468723534430398,0.8189372360363371,0.0015832666950214124,0.002258749756431314,2.6799130413700007,11
2020-12-07,0.7877402322399131,0.8936233897524701,0.21225976776008676,0.8177725390144056,0.001103992142632213,0.0027311260757189185,2.694684494938185,11
2020-12-08,0.8084264013609538,0.8709694554771037,0.19157359863904616,0.8190493914299163,0.001030301561407606,0.0028037170327975744,0.4359942854616812,11
2020-12-09,0.4642624776899524,0.9070685570468614,0.5357375223100478,0.8168925699850127,0.002254949787661403,0.0015959927574598057,2.4975257014188377,11
2020-12-10,0.7008144526327874,0.8981855390152071,0.29918554736721253,0.8174859888794868,0.001413533670097723,0.002426090111854958,2.392844228807884,11
2020-12-11,0.7824207370887035,0.9047867353840822,0.21757926291129642,0.8170498315820702,0.0011229401386695424,0.002712459147012008,2.5484200489805797,11
2020-12-12,0.7706265677924485,0.8410175506279429,0.2293734322075516,0.8204639419175018,0.0011649483828893349,0.002671071588389951,1.2273768853939946,11
2020-12-13,0.605133960756343,0.8313448299778139,0.394866039243657,0.8208722301256074,0.001754035458435523,0.0020903325127351155,2.4812588553948802,11
2020-12-14,0.7242472573666765,0.8621007554014237,0.2757527426333234,0.8194955090506593,0.001330108090081336,0.00250831943680716,2.8337412361469916,11
2020-12-15,0.7740637601910141,0.842265230850721,0.22593623980898575,0.8204097730413632,0.001152706211163202,0.002683133226502615,2.868665872836426,11
2020-12-16,0.8004760406645633,0.8553840837963698,0.19952395933543665,0.8198170481368559,0.0010586244707884664,0.002775817991235331,-0.9163063641805045,11
2020-12-17,0.17962867492488602,0.8394318370853884,0.8203713250751141,0.8205322733146094,0.0032655663474833317,0.0005971688554238537,1.1324719453736738,11
2020-12-18,0.17934848417712895,0.7386061330468134,0.820651515822871,0.8240635102059236,0.0032665602055550135,0.0005961856228869225,2.1596921461386405,11
2020-12-19,0.42053478788779153,0.7776318464235503,0.5794652121122085,0.8228462134133248,0.002410338395412907,0.001442545551502817,1.6935360153779706,11
2020-12-20,0.4416053058990685,0.8115430942102445,0.5583946941009315,0.8216512889064698,0.0023354690984401017,0.0015164852481006712,2.2633142355562352,11
2020-12-21,0.6415052202896329,0.9017186284502097,0.35849477971036703,0.8172558934771383,0.0016246262438490676,0.0022179648705790925,1.8289068663934338,11
2020-12-22,0.6110713988814893,0.8320537548704066,0.38892860111851063,0.8208429774407513,0.0017329122341491368,0.002111167898619169,1.652498739997997,11
2020-12-23,0.6359568554694199,0.9435707617295113,0.36404314453057995,0.8137085749127011,0.001644369473477589,0.0021984948029138748,2.169308101180834,11
2020-12-24,0.7666007603220415,0.962812394331606,0.2333992396779583,0.8110914330017267,0.0011792866418524983,0.0026569444092307127,2.641305732078127,11
2020-12-25,0.7296615977694004,0.7925925903986301,0.2703384022305996,0.8223377509852675,0.0013108300069582422,0.0025273191921259736,1.3238350123900982,11
2020-12-26,0.5950154340589847,0.8442990468673798,0.4049845659410151,0.8203206942922946,0.001790031459737486,0.0020548250423625533,0.3217962659319802,11
2020-12-27,0.1893900086269002,0.8552886183644653,0.8106099913730999,0.8198215245203124,0.0032309409411733613,0.0006314228804996044,2.2050161531433026,11
2020-12-28,0.4123291178863954,0.7267953379517199,0.5876708821136045,0.824406706985412,0.0024394924205871785,0.001413750590222766,2.160867629111661,11
2020-12-29,0.5980413337091288,0.8810938454744193,0.4019586662908713,0.8185057918798793,0.001779267282613109,0.0020654433908031313,2.7157479773134865,11
2020-12-30,0.8020744918742478,0.927388125250662,0.19792550812575216,0.8153075132860225,0.0010529301637664601,0.0027814272029978177,0.07802471693015156,11
2020-12-31,0.35815933425368673,0.9222280605781576,0.6418406657463132,0.8157461576346482,0.002631911298607761,0.001223660466931528,2.456739853634637,11
2021-01-01,0.660976616583977,0.9174509162540897,0.339023383416023,0.8161284429995328,0.0015553334799793175,0.002286293002501139,2.6935845104271934,11
2021-01-02,0.8189080559562383,0.9253125670378191,0.18109194404376172,0.8154873894569317,0.000992958618227894,0.002840498774955221,-0.8032097346003795,11
2021-01-03,0.1892933557549305,0.9547143563641505,0.8107066442450696,0.8123248514692386,0.003231283799777395,0.0006310837106688046,1.605329156808653,11
2021-01-04,0.2516630680901917,0.7203225104910312,0.7483369319098083,0.8245906376254887,0.0030099906840424665,0.0008499486481371914,1.3473163256981329,11
2021-01-05,0.21177026144403266,0.8668352555304131,0.7882297385559673,0.819260584959921,0.003151544842548979,0.0007099586384812734,1.0413918875461532,11
2021-01-06,0.1841373852238507,0.8709760964208437,0.8158626147761494,0.8190490474244319,0.0032495733403702654,0.0006129906150680471,0.9402915444240715,11
2021-01-07,0.18419718167188817,0.9112821999874008,0.8158028183281117,0.816592532751134,0.0032493612308926896,0.0006132004500243189,1.0637096823104464,11
2021-01-08,0.18272744396578333,0.8590101188991575,0.8172725560342166,0.8196451078463145,0.003254574647096547,0.0006080429137924304,1.5952042758322373,11
2021-01-09,0.26621449588667706,0.8491717654353381,0.733785504113323,0.8201031985060365,0.0029583471804683755,0.0009010118519825773,2.1993337859027937,11
2021-01-10,0.5179382200273591,0.8728811779722853,0.48206177997264105,0.8189497124308145,0.0020641458796852256,0.0017843492136688254,0.8397584081609885,11
2021-01-11,0.21613023810517884,0.8222998557904255,0.7838697618948209,0.8212368407222548,0.003136075970483814,0.0007252584688568881,0.7245251373946677,11
2021-01-12,0.1788465076531698,0.8236702665801015,0.8211534923468303,0.8211825907238247,0.0032683407499499665,0.0005944241098638009,1.427303612585948,11
2021-01-13,0.20426954067244055,0.8970646278177978,0.7957304593275595,0.8175574628762368,0.0031781557449945324,0.000683637452745834,0.31690709077999996,11
2021-01-14,0.18145914290667017,0.8804176541386654,0.8185408570933299,0.8185433564374839,0.003259073489587478,0.000603592249814669,1.4554418451202773,11
2021-01-15,0.2325133253379788,0.9054675016150997,0.7674866746620213,0.8170032811950839,0.0030779458138990366,0.0007827492480907488,1.1064064209141449,11
2021-01-16,0.17760342195100148,0.7265903242076671,0.8223965780489985,0.8244125761441925,0.0032727500315890014,0.0005900619304615544,2.01258068806776,11
2021-01-17,0.40117831594715003,0.8752109778728319,0.5988216840528499,0.8188264286115093,0.002479107583104838,0.00137462070685828,2.47726861911229,11
2021-01-18,0.6598222824715202,0.8856005742567884,0.34017771752847986,0.8182504301236018,0.0015594416635761582,0.0022822422661119375,2.6388692837899943,11
2021-01-19,0.7558692062661553,0.8583135663902405,0.24413079373384483,0.819678431034846,0.0012175060428508072,0.0026192857313334242,2.6576631940532334,11
2021-01-20,0.7047891341836888,0.7687586772628922,0.29521086581631123,0.8231357628919047,0.0013993839427944021,0.0024400378822794656,2.1274681573979772,11
2021-01-21,0.6944406394077706,0.8338004993680846,0.30555936059222955,0.8207704615117953,0.0014362234100147348,0.002403723418460097,-1.6738121470388148,11
2021-01-22,0.18250474913341813,0.898040916309267,0.8174952508665819,0.8174952509195965,0.0032553645798998362,0.0006072614432879947,1.1792599612076926,11
2021-01-23,0.18728622044954008,0.8656186092054456,0.81271377955046,0.819321641947222,0.0032384036977087085,0.0006240403633988427,1.7071360299126463,11
2021-01-24,0.28670096336265244,0.8615422853035264,0.7132990366373475,0.8195227550511387,0.0028856311835767905,0.0009729020251963884,2.3640730567356103,11
2021-01-25,0.5858733455122507,0.8865320368642582,0.41412665448774943,0.8181965274965911,0.0018225516774544783,0.0020227440440190644,2.7099728593156684,11
2021-01-26,0.7378390723366468,0.8561829772906837,0.2621609276633532,0.819779487923572,0.0012817122505537335,0.002556015211280095,2.8454918332102657,11
2021-01-27,0.8142418008681931,0.8947997932486125,0.18575819913180702,0.8466741913597572,0.001055127465423287,0.0028865836711047393,-0.5036594755178243,12
2021-01-28,0.16398940532349876,0.9069474704802006,0.8360105946765013,0.8521466941863066,0.0033410297153845265,0.0015982485709116697,0.45927338939053686,12
2021-01-29,0.16457253755950263,0.8668347926203062,0.8354274624404973,0.8354442333025134,0.003338981255001676,0.0015994039218689981,2.0122927062659732,12
2021-01-30,0.3822180829097003,0.8089154037993126,0.6177819170902997,0.8160073213776332,0.002574237046285414,0.002030621703451241,2.4421163190451614,12
2021-01-31,0.6542703226459942,0.9207700043609537,0.3457296773540057,0.8589763649053531,0.001617800304665824,0.0025696346343375776,1.360822250688427,12
2021-02-01,0.5524516838706315,0.9327164031012444,0.4475483161293686,0.8655547589625814,0.0019758256520091525,0.002367902926639221,2.5438168133796806,12
2021-02-02,0.7448822329653723,0.9150097804724006,0.25511776703462774,0.8560413372402299,0.0012991127812965566,0.002749162622792297,0.3337595826705386,12
2021-02-03,0.32907721252052347,0.8672219531261078,0.6709227874794766,0.8355892302825845,0.0027609931850535114,0.0019253345118218467,1.1787287489853604,12
2021-02-04,0.21214632151375035,0.8955597810805531,0.7878536784862497,0.8470042449901104,0.0031718523432884478,0.001693661130511679,2.087918367695326,12
2021-02-05,0.4470874851069568,0.9433816728328811,0.5529125148930432,0.8721394114432407,0.0023462325761660877,0.002159146455304343,2.1281507269432507,12
2021-02-06,0.6013138367940828,0.8883459196398402,0.39868616320591704,0.8439306646944702,0.0018040215966507816,0.002464712760964478,1.8010781179612743,12
2021-02-07,0.5922897736408178,0.8341856699140973,0.40771022635918225,0.8240104069931241,0.0018357524866744845,0.002446833523015695,2.521866651702635,12
2021-02-08,0.7675210509135235,0.9317310430823992,0.23247894908647637,0.8649835368621535,0.0012194806363138553,0.00279401656564483,-3.1401413574003465,12
2021-02-09,0.18574515580362766,0.8031283990972092,0.8142548441963724,0.8142548441968995,0.0032646030584174163,0.0016413529057309419,2.161920871434935,12
2021-02-10,0.4559912420317694,0.8990753270911933,0.5440087579682306,0.8485513808126395,0.0023149348676002332,0.0021767873323674937,1.5941745300504757,12
2021-02-11,0.43404580986466174,0.8448873492131498,0.5659541901353382,0.8276017229929151,0.0023920744102436777,0.002133307184130427,0.8950970977313903,12
2021-02-12,0.19559975196786666,0.8990755835140991,0.8044002480321332,0.8485514949138586,0.003229983225623949,0.0016608776659988098,2.1315874573582327,12
2021-02-13,0.44843814980300745,0.8956184430533191,0.5515618501969926,0.8470297849625543,0.0023414848776587512,0.0021618225065552672,2.4320767141040163,12
2021-02-14,0.6748936037232466,0.9079086222928072,0.3251063962767535,0.8525990524016415,0.0015452726541932587,0.002610495224894442,1.796185469161209,12
2021-02-15,0.6643604754100312,0.8815318232924821,0.33563952458996876,0.8411405435388993,0.0015823158215702321,0.002589626099284554,2.3855781292220177,12
2021-02-16,0.7655591546857554,0.9114094105167885,0.23444084531424453,0.8542733347954611,0.0012263817744493763,0.00279012949073286,2.4538859887812263,12
2021-02-17,0.7649140743630778,0.8474582268431716,0.23508592563692216,0.828485315003074,0.0012286508931727707,0.002788851402981329,0.1788197588274687,12
2021-02-18,0.30876337772879503,0.8539617322774504,0.6912366222712049,0.8307597021251006,0.0028323774520756196,0.0018850870224453803,2.2063756953155065,12
2021-02-19,0.5531345476304496,0.933584625805682,0.44686545236955044,0.8660628198454893,0.0019734247661349494,0.0023692558741353793,0.310391167930663,12
2021-02-20,0.17836060181647434,0.8435288820704225,0.8216393981835257,0.8271382162186163,0.003290544973784526,0.0016267220021524151,2.1702484328366145,12
2021-02-21,0.4532846039364334,0.9081127684487661,0.5467153960635668,0.8526955293763836,0.0023244490712416967,0.002171424711813332,1.96509550619807,12
2021-02-22,0.42272596680299435,0.5625651259820835,0.5772740331970057,0.7530990836438789,0.0024318628760518226,0.002110879352653072,0.7786110098407435,12
2021-02-23,0.18650845173493286,0.8311023374663759,0.8134915482650673,0.82299996727807,0.0032619215777528973,0.0016428652122551053,0.19638131351862984,12
2021-02-24,0.18395558705133205,0.8090395798715871,0.8160444129486679,0.8160452231900623,0.003270889847225765,0.0016378072606036218,2.0132941789142875,12
2021-02-25,0.40306970933888003,0.9429253120935795,0.5969302906611199,0.8718408991848059,0.0025009508720498083,0.0020719347111523858,1.3112044455603038,12
2021-02-26,0.2963785115341603,0.8508078993031063,0.7036214884658397,0.8296495592254635,0.0028758971671664344,0.0018605490769659533,1.7381634716361234,12
2021-02-27,0.3725909354530689,0.8895292426738539,0.6274090645469311,0.8444260160807124,0.0026080719507586437,0.0020115475838200125,2.3195675991348486,12
2021-02-28,0.5996145005895023,0.8786842833487779,0.40038549941049767,0.8400042724065239,0.0018099969417067691,0.002461345892200302,2.4821209149396437,12
2021-03-01,0.7166302906531572,0.8626022235725817,0.2833697093468427,0.8338753523954181,0.001398483472808712,0.0026931874827100105,-0.41331992826814745,12
2021-03-02,0.1373038158472778,0.9302492634097628,0.8626961841527223,0.864135003489136,0.0034347695289954896,0.0015453768216845726,1.7620153704526724,12
2021-03-03,0.2566232331197039,0.9210745286569411,0.7433767668802959,0.8591354379588847,0.003015586816447039,0.001781782553458741,1.3836550156581557,12
2021-03-04,0.22343378941608646,0.9157178668725393,0.7765662105839135,0.8563948542537059,0.003132196336437247,0.0017160248175822985,1.3939512152858027,12
2021-03-05,0.20787768740907991,0.8692880102682712,0.7921223125909201,0.8363673516198421,0.0031868489787173883,0.0016852037512161805,2.2089867377586234,12
2021-03-06,0.4627169885833979,0.8052667807069244,0.5372830114166021,0.8148992898180356,0.0022912926981931915,0.0021901129508762993,2.5364507464939203,12
2021-03-07,0.6742004907165448,0.8630328543650827,0.3257995092834552,0.8340336376157585,0.001547710238010347,0.0026091219707225963,1.3044329543863744,12
2021-03-08,0.557904305159903,0.8951575307803948,0.442095694840097,0.8468293618984977,0.001956654637354932,0.002378706121588074,2.3723828383113807,12
2021-03-09,0.7165314518320335,0.9083201048472792,0.2834685481679666,0.8527936577805375,0.0013988311080660677,0.002692991654869333,0.8414572120651854,12
2021-03-10,0.465511430170192,0.8902025224180067,0.5344885698298081,0.8447093568525409,0.0022814696453513604,0.0021956495351416914,2.123584108997726,12
2021-03-11,0.6134840375303239,0.895107593296472,0.3865159624696763,0.8468076809471159,0.0017612270780681288,0.002488825393062913,1.9594566283288335,12
2021-03-12,0.6654404818493814,0.8978908534754962,0.3345595181506186,0.8480263007621346,0.0015785176681655565,0.002591765899481805,2.5746428931750365,12
2021-03-13,0.7877410116535266,0.910220426889109,0.21225898834647336,0.8536998977824782,0.0011483534307101069,0.002834078063802096,-0.11880351354399421,12
2021-03-14,0.24613126259976859,0.8716457442190123,0.7538687374002314,0.8372644954092868,0.0030524507869066405,0.0017609949731535574,1.881382859908714,12
2021-03-15,0.3573003489009668,0.6215805670696528,0.6426996510990333,0.7671137737830156,0.0026618096896822885,0.0019812525791532295,0.8539700444913723,12
2021-03-16,0.15008370345279493,0.9163026464126021,0.8499162965472049,0.8566882978524496,0.0033898776720252518,0.0015706974170280436,2.121110857335379,12
2021-03-17,0.41520694787882095,0.8978293778006157,0.5847930521211792,0.8479991556309786,0.0024582911517274054,0.0020959820357567397,1.6083788773021,12
2021-03-18,0.4299290761000662,0.911668267501981,0.5700709238999336,0.8543988499386872,0.002406544561235382,0.002125150762649449,2.174396081502034,12
2021-03-19,0.5862719630922493,0.8630170148790538,0.4137280369077508,0.8340278102932479,0.0018569122763301515,0.0024349105272541203,2.641433942808451,12
2021-03-20,0.7516277664741509,0.8886304569782651,0.24837223352584928,0.8440494710271303,0.0012753857573803919,0.002762527444895887,2.802263484470807,12
2021-03-21,0.8133350361079534,0.882942932906131,0.18666496389204668,0.8417099268315398,0.0010583174245466288,0.002884787111989788,2.5188765382485636,12
2021-03-22,0.8934170705721957,0.9747361938305148,0.10658292942780435,0.8987866124976692,0.0007765674087817477,0.003043452418879938,-0.24415083813506921,12
2021-03-23,0.4614302041749362,0.9458483447284368,0.5385697958250637,0.8737824290297593,0.002295815996762671,0.0021875634646596224,2.5338952089659768,12
2021-03-24,0.6920292052592384,0.8934847516618659,0.30797079474076156,0.8461066637717626,0.001485007883775391,0.0026444457294569784,1.2563141450584248,12
2021-03-25,0.5515673607067116,0.8989591962270085,0.4484326392932883,0.8484997249159321,0.001978934845090426,0.0023661508307149335,2.110600393762419,12
2021-03-26,0.6511494022254107,0.8921082882313509,0.3488505977745892,0.8455173920169301,0.001628775620639574,0.0025634512025650906,0.4626248273386919,12
2021-03-27,0.23668964735613784,0.9120748132111507,0.763310352643862,0.8545964668585613,0.003085623552053856,0.0017422884456509587,2.041188322888968,12
2021-03-28,0.4503827544445578,0.8937549864009126,0.5496172455554421,0.8462229214924856,0.002334649405793406,0.002165675321912616,2.4540378394285627,12
2021-03-29,0.6734447433829255,0.8958627415503224,0.3265552566170745,0.8471362453958314,0.0015503680939057307,0.0026076246201192765,1.8487208572122502,12
2021-03-30,0.6806377768006489,0.8945668036897328,0.3193622231993512,0.8465733121517295,0.0015250710365528033,0.002621876066930406,2.47199627222321,12
2021-03-31,0.738588800932297,0.8508590320031649,0.26141119906770316,0.829667448209352,0.0013212492422991127,0.0027366935424099044,2.7932732967205265,12
2021-04-01,0.8275600907966392,0.9046510397339946,0.17243990920336086,0.8510781127783449,0.0010082735550311643,0.0029129709947146613,2.85736811106699,12
2021-04-02,0.8499822701496595,0.8969733604106699,0.15001772985034045,0.8476222588353632,0.0009293889020769895,0.0029573957148406405,2.883454810420809,12
2021-04-03,0.8502855433741185,0.8895199836017124,0.14971445662588123,0.8444221271513586,0.0009283219134802463,0.002957996585429809,1.626319869633478,12
2021-04-04,0.7683146001717276,0.8899013813157663,0.23168539982827238,0.8445824901066337,0.0012166892501995243,0.002795588812621667,2.6361975037779195,12
2021-04-05,0.8399742997561274,0.9201330917592823,0.1600257002438727,0.858644980915072,0.0009645989587931162,0.0029375670765641447,2.8302755505901085,12
2021-04-06,0.8612328954029645,0.9064845468892883,0.1387671045970356,0.8519299122184889,0.0008898059962672711,0.002979686406135687,2.634889707243512,12
2021-04-07,0.8856834311079418,0.9355684716612879,0.11431656889205818,0.8672409760182583,0.0008037786172102796,0.003028129877598578,1.4941789911436978,12
2021-04-08,0.8065272620379362,0.9165310158729875,0.19347273796206366,0.856803263698679,0.0010822666724839007,0.002871298973616625,2.0581008856178142,12
2021-04-09,0.8132733750865938,0.9249361559755572,0.18672662491340625,0.8611892963136155,0.0010585343451127043,0.0028846649439536907,2.851981098214482,12
2021-04-10,0.8253916587005724,0.8743612007509876,0.1746083412994276,0.8383102981016156,0.0010159022211509413,0.0029086747134538936,2.205571438424892,12
2021-04-11,0.8136871959799117,0.8976063014764321,0.18631280402008826,0.8479007423429678,0.0010570785421479257,0.002885484840944009,2.853230603025793,12
2021-04-12,0.7801621345530336,0.8242665694142182,0.2198378654469664,0.8207954608215366,0.0011750138165077765,0.0028190621508188993,2.81363115674423,12
2021-04-13,0.822605360114336,0.8835710778280715,0.17739463988566395,0.8419647611991259,0.0010257045221543188,0.0029031542627906406,0.166459995671979,12
2021-04-14,0.41323849372529153,0.8376163014346241,0.5867615062747085,0.8251470466033274,0.0024652099131138904,0.0020920819677270196,2.350184810341619,12
2021-04-15,0.6010027595947437,0.831064193753401,0.3989972404052564,0.822987531471096,0.0018051154334565197,0.0024640964284795477,2.6680117626505853,12
2021-04-16,0.7803159429597704,0.9164195507836902,0.2196840570402295,0.85674712383395,0.0011744727657120426,0.0028193668890566376,1.854201900541596,12
2021-04-17,0.7534956090271683,0.9030987013185838,0.24650439097283194,0.8503652329481698,0.0012688156660920953,0.0027662281727043113,2.1525494986331486,12
2021-04-18,0.8232930763705798,0.9717485949050906,0.17670692362942003,0.8954568147937735,0.0010232851167121032,0.002904516824463558,-0.4140538160122098,12
2021-04-19,0.1677424293210633,0.9525147513791553,0.8322575706789366,0.8785003512705047,0.0033278458306107705,0.0016056843798084273,2.060016798563911,12
2021-04-20,0.4024233866018078,0.8971422540468279,0.5975766133981921,0.8476964615404774,0.0025032225216887714,0.002070654161824266,2.400617981020414,12
2021-04-21,0.6426497852865578,0.8950887686157166,0.35735021471344214,0.8467995097013409,0.0016586657680775314,0.002546611041858959,0.9203317980348861,12
2021-04-22,0.37741564847915837,0.8534819548783147,0.6225843515208416,0.8305899247154839,0.0025911154400739935,0.0020211067137554935,1.3532331012158014,12
2021-04-23,0.2992968227888518,0.7477784175053469,0.7007031772111483,0.7986087707215989,0.0028656424959206048,0.001866331082304908,2.0344772982315487,12
2021-04-24,0.4652156619235032,0.824857896044915,0.5347843380764966,0.8209842900990797,0.0022825093361563834,0.0021950635340498956,2.291727241703118,12
2021-04-25,0.644783524753905,0.8921803913724718,0.3552164752460949,0.8455481406648064,0.0016511622141492759,0.002550838587146428,1.8234395365973546,12
2021-04-26,0.6297997478973487,0.8577802167120288,0.3702002521026513,0.8321227688565774,0.0017038537290627524,0.002521151459824749,-0.3156997730302047,12
2021-04-27,0.14587684444143667,0.9115577602099179,0.8541231555585633,0.8543452373217438,0.0034046552294006768,0.001562362431777653,1.983278813994803,12
2021-04-28,0.37529662625697896,0.8133474200615973,0.624703373743021,0.806826029412401,0.0026083533032850346,0.0025308020567764156,2.3776773890370557,13
2021-04-29,0.6005279732457013,0.8428484583774076,0.3994720267542987,0.8170622338367075,0.0018233305385466734,0.002541663435895413,2.0683294349440016,13
2021-04-30,0.6678309937636477,0.8787579802936859,0.3321690062363523,0.8311505950666386,0.0015887521183540535,0.0025449090037591784,0.10508027311936341,13
2021-05-01,0.2033055454944426,0.8330306725514779,0.7966944545055575,0.813546242246877,0.0032078119477070826,0.0025225080943319187,2.1955016682895914,13
2021-05-02,0.4758876451825197,0.8708099723812577,0.5241123548174803,0.8278361232694857,0.0022577527573412522,0.002535652878862789,2.012263531711355,13
2021-05-03,0.5852491635622564,0.8766216194435811,0.4147508364377436,0.8302468842370556,0.0018765834061431807,0.0025409266426085213,2.5498473289045847,13
2021-05-04,0.7603752197685436,0.9168426522732277,0.23962478023145636,0.8493160975436164,0.001266197788958735,0.002549371783640185,-0.030612164607831893,13
2021-05-05,0.2560458355716581,0.7969426806967381,0.743954164428342,0.8015067751844815,0.003023990669647451,0.0025250514005503164,1.0733061790356264,13
2021-05-06,0.19008608908725116,0.8560508695129322,0.809913910912749,0.821994745722483,0.003253887106973822,0.002521870609675786,2.028866792962491,13
2021-05-07,0.41367652269741173,0.9434632978442753,0.5863234773025885,0.8656545524697871,0.0024745837855836986,0.002532652858680151,2.3464398138634825,13
2021-05-08,0.5909567810685147,0.8050404450849971,0.4090432189314853,0.804103709156525,0.001856690037241503,0.002541201882260686,2.2091526217200186,13
2021-05-09,0.6640542362355397,0.8417135390357958,0.33594576376446017,0.8166495572678527,0.0016019156561139774,0.002544726876378146,2.5967462466312345,13
2021-05-10,0.7538587438802072,0.8619296822649573,0.24614125611979273,0.824276450310787,0.0012889103634927523,0.002549057538238338,0.9935472721165526,13
2021-05-11,0.5577939536436706,0.8789567080367691,0.44220604635632943,0.8312351583215439,0.0019722759795329785,0.0025396026641849837,2.510995714450493,13
2021-05-12,0.7421637480425286,0.9143948128806432,0.2578362519574716,0.848002133915777,0.0013296721902780245,0.0025484935679682746,-0.977068326921928,13
2021-05-13,0.257476633898956,0.580559752476161,0.7425233661010441,0.742541800185298,0.0030190037576245843,0.0025251203982421715,1.669149607118451,13
2021-05-14,0.33786208042025623,0.72553841122978,0.6621379195797438,0.7804237541231783,0.0027388278838096553,0.0025289968427157795,2.2960041729858887,13
2021-05-15,0.5899595011034642,0.9015346574831459,0.41004049889653565,0.8414761976409462,0.0018601659636299824,0.002541153790216958,0.5154386574097418,13
2021-05-16,0.232979890768166,0.8134884571359986,0.767020109231834,0.8068727904571377,0.0031043848337897135,0.0025239390865913667,1.9090127560307102,13
2021-05-17,0.3987612156680488,0.829239274773792,0.6012387843319513,0.8122194912932046,0.002526569685598262,0.0025319335946590096,0.9511225926887981,13
2021-05-18,0.28833237152780333,0.5057384974822416,0.7116676284721966,0.7234566970526773,0.002911459004926244,0.0025266083610362665,2.080196570976934,13
2021-05-19,0.5037587209616314,0.9297986634951212,0.4962412790383684,0.8567388333212023,0.0021606107328732433,0.0025369969116741118,-1.0285059506539056,13
2021-05-20,0.2511607261438427,0.6053780464598404,0.7488392738561572,0.7488392974036782,0.003041017255694654,0.0025248158248800433,0.7878818453107022,13
2021-05-21,0.1724909131813476,0.8732549477056917,0.8275090868186525,0.8288420771753402,0.003315213419535513,0.0025210221137682023,0.49719997715212,13
2021-05-22,0.1421387940785113,0.9316947100738333,0.8578612059214888,0.8579006906715069,0.0034210028412166456,0.0025195584370773312,2.0582605958475746,13
2021-05-23,0.38398667347039095,0.7922559353650226,0.6160133265296092,0.8000275029631815,0.00257806496200937,0.0025312211187702672,0.5155753057837495,13
2021-05-24,0.16725208850984166,0.8855383010109484,0.8327479114901584,0.8340860054879197,0.0033334728445099586,0.00252076948081255,0.3240701013835685,13
2021-05-25,0.16215147613776135,0.8938922781332423,0.8378485238622387,0.8378569735625329,0.0033512505435415374,0.0025205235128979908,2.065149614882615,13
2021-05-26,0.4037934406183301,0.8414714052499412,0.5962065593816699,0.8165617314608877,0.002509030338880418,0.0025321762647123915,2.0997278489273685,13
2021-05-27,0.5675286740538992,0.8802132836117211,0.4324713259461008,0.8317718616845391,0.0019383465199137107,0.002540072103676451,2.243056023450975,13
2021-05-28,0.677190828729066,0.8716498347230961,0.3228091712709341,0.8281803541661883,0.0015561292821892007,0.0025453603650701585,-0.11319525505506478,13
2021-05-29,0.18958531477007262,0.8368523618975975,0.8104146852299274,0.8149006727008719,0.00325563250825953,0.002521846460729448,1.8027382114766854,13
2021-05-30,0.3366373617515923,0.8372782410713747,0.6633626382484076,0.8150527034076485,0.0027430965251638165,0.002528937782847105,1.9500820509815986,13
2021-05-31,0.4886255664982862,0.8992182885719582,0.5113744335017137,0.8403607286944512,0.002213355925965215,0.002536267142349858,1.3019482318209086,13
2021-06-01,0.3814691598348395,0.8604706320106751,0.6185308401651605,0.8237048606869324,0.002586839518763914,0.0025310997161751194,2.1180645840477883,13
2021-06-02,0.5615906300409174,0.8858080347388594,0.4384093699590827,0.8342050005205027,0.0019590430182799684,0.002539785752117876,2.1045247724300817,13
2021-06-03,0.6581555493066803,0.8867559018935537,0.34184445069331987,0.8346245641415466,0.0016224749816843597,0.002544442422744604,1.4820254583581631,13
2021-06-04,0.5874607555327535,0.8875008253957567,0.4125392444672465,0.8349558484082374,0.0018688751084553587,0.0025410332926781905,0.5439565547700935,13
2021-06-05,0.21596518095606917,0.8890562654547539,0.7840348190439308,0.8356520691097593,0.0031636879903931083,0.0025231185826236034,1.4819724019018339,13
2021-06-06,0.24927067824841867,0.859718734457897,0.7507293217515815,0.8234116899313725,0.0030476048385225983,0.0025247246806986514,2.2347553536527935,13
2021-06-07,0.5227249720192092,0.9009163837189587,0.47727502798079074,0.8411768204458179,0.0020945056389587062,0.0025379115252301583,0.729712142630794,13
2021-06-08,0.16730145883925923,0.9771548672330297,0.8326985411607406,0.8972450819717956,0.0033333007689244267,0.002520771861608439,2.0924279733202624,13
2021-06-09,0.41025279108017687,0.7993620718052469,0.5897472089198231,0.8022770832033721,0.0024865168802591566,0.0025324877553426547,-0.15477037474442445,13
2021-06-10,0.170322168709611,0.875287442991851,0.829677831290389,0.8296873921846059,0.003322772372074413,0.002520917529942572,2.002037695430485,13
2021-06-11,0.3883785090542087,0.8328808637907782,0.6116214909457912,0.8134935034108666,0.0025627576324996943,0.0025314329071911145,2.389364225994489,13
2021-06-12,0.5869086257547592,0.801633800135483,0.4130913742452409,0.8030046564113046,0.001870799505338952,0.002541006667206551,1.170623820022614,13
2021-06-13,0.42522479720796424,0.865071155692452,0.5747752027920359,0.8255195101147501,0.002434333360066841,0.002533209753576471,0.38080147714256796,13
2021-06-14,0.1835597157967945,0.8435536569970002,0.8164402842032056,0.8173195133068698,0.003276634160677693,0.002521555886989412,1.6474473724312113,13
2021-06-15,0.28667855959074595,0.8147158374334917,0.713321440409254,0.80728052040987,0.0029172232099951728,0.0025265286089117068,2.26923988987401,13
2021-06-16,0.5692265850439536,0.9715943865628156,0.43077341495604626,0.8903967329304767,0.0019324286095489637,0.002540153982399017,0.8424402376805705,13
2021-06-17,0.3037095936439619,0.7973756146112659,0.696290406356038,0.8016442765341071,0.0028578631511963926,0.002527349900086819,2.2723437729978277,13
2021-06-18,0.5617993401517879,0.8916750089089733,0.43820065984821216,0.8368382977561006,0.0019583155786647185,0.002539795816789914,0.5347840332949795,13
2021-06-19,0.23657316348494573,0.7544833202436051,0.7634268365150542,0.78864092880063,0.003091860822512109,0.0025241123657453414,2.211703175291826,13
2021-06-20,0.5057111294638225,0.8913285060529142,0.49428887053617754,0.8366803049860293,0.002153805795748876,0.0025370910630842995,2.5532194465915516,13
2021-06-21,0.6990371886041974,0.8700919970643933,0.3009628113958026,0.8275429279013651,0.0014799858206349253,0.0025464138667258837,-1.1279263039198424,13
2021-06-22,0.170241531249517,0.8754639790692994,0.8297584687504829,0.8297612112993454,0.0033230534262699333,0.0025209136413451945,1.9804038725365487,13
2021-06-23,0.38165226520427076,0.8342532257707566,0.6183477347957294,0.8139776199650778,0.002586201322239,0.0025311085461042692,1.6613182972979559,13
2021-06-24,0.42278086371628276,0.8952288444407998,0.5772191362837172,0.8384775931449213,0.002442851460626602,0.0025330918992522407,1.8814124510984758,13
2021-06-25,0.5146490348379023,0.862974106179568,0.48535096516209775,0.8246878249687729,0.002122653562766979,0.0025375220775949153,0.04294141951714059,13
2021-06-26,0.15573432632236056,0.9078922370180778,0.8442656736776394,0.8446278539981508,0.0033736169083738304,0.0025202140573184705,2.1174319882717856,13
2021-06-27,0.417556089023702,0.8537965569991967,0.5824439109762982,0.8211344140351272,0.0024610619218184767,0.0025328399438317092,0.5734908977583755,13
2021-06-28,0.17556453687981668,0.8715629036302819,0.8244354631201833,0.8281446605313176,0.0033045005964974774,0.002521170333777115,2.134030457283707,13
2021-06-29,0.43909223675246234,0.8762744514840379,0.5609077632475377,0.8301009411488345,0.002385999701956232,0.002533878486061164,1.3806327225604385,13
2021-06-30,0.3672373349665717,0.8999127516147181,0.6327626650334283,0.8406934032791924,0.0026364432038714436,0.0025304134118595075,1.9022581317446168,13
2021-07-01,0.4970854773877959,0.9203674494316841,0.5029145226122042,0.85125403938002,0.0021838696987214433,0.0025366751064308463,1.1124450833363082,13
2021-07-02,0.31125151517567295,0.9336898138374157,0.688748484824327,0.8591471290687922,0.0028315764964037824,0.0025277135957718863,2.3157122091361386,13
2021-07-03,0.5728077181074721,0.8797593021305152,0.42719228189252784,0.8315775581637765,0.0019199469042811875,0.002540326676139913,2.2163758465973564,13
2021-07-04,0.6564206385600743,0.8407352499993491,0.34357936143992573,0.8162951835062998,0.0016285218519664299,0.002544358759774913,2.326782938142229,13
2021-07-05,0.7509917801470931,0.902723758901085,0.24900821985290691,0.8420554117008264,0.0012989029005914558,0.00254891928403686,1.0023191190241163,13
2021-07-06,0.5443314597577649,0.8456297578084255,0.45566854024223524,0.8180808184614552,0.002019198245027825,0.0025389534594808566,2.5799728138355595,13
2021-07-07,0.7300353379120547,0.889371405527159,0.26996466208794545,0.8357938759936764,0.0013719446418395881,0.002547908697068646,2.6863998873126937,13
2021-07-08,0.8349374987087809,0.9255908967997633,0.16506250129121913,0.8542341724998198,0.0010063178418082792,0.002552967416265811,1.5033016621277098,13
2021-07-09,0.7823355720420794,0.9428425198572622,0.21766442795792068,0.8652191837911981,0.0011896570089682246,0.002550430782375568,1.8607951748556883,13
2021-07-10,0.7284191061585716,0.859476135836563,0.2715808938414284,0.823317298100507,0.001377577868053893,0.0025478307571812657,2.616561127176036,13
2021-07-11,0.792344673566513,0.8810265349482739,0.20765532643348694,0.8321210781908943,0.0011547712091193431,0.002550913453405825,2.5154349831497624,13
2021-07-12,0.8154291068744409,0.8905191824134804,0.18457089312555908,0.8363125226917439,0.0010743125449904133,0.0025520266589398547,1.506960104157044,13
2021-07-13,0.7154702385486315,0.8697141393651471,0.28452976145136866,0.8273890197895994,0.001422709947410595,0.0025472063211862163,2.4299741843341374,13
2021-07-14,0.777682271734464,0.8889399568248155,0.222317728265536,0.8355997967648222,0.0012058756576834803,0.0025502063852857696,2.789660588515649,13
2021-07-15,0.80092222696379,0.8604579567530566,0.19907777303621,0.823699910730741,0.0011248749378115883,0.0025513270905864706,1.4788015684510836,13
2021-07-16,0.7160336846774186,0.895402428920746,0.28396631532258154,0.83855856523203,0.0014207461081040607,0.002547233492368646,2.630511013337354,13
2021-07-17,0.8013237344319251,0.895775570292389,0.1986762655680751,0.8387329159590097,0.0011234755205517468,0.0025513464525664473,2.8131598464784178,13
2021-07-18,0.45893481710190404,0.47324078232388345,0.541065182898096,0.7149744484732803,0.0023168402501961938,0.0025348353590309166,2.5016094002729434,13
2021-07-19,0.5465133706278668,0.6692345836651746,0.45348662937213324,0.7652723201571591,0.002011593398464467,0.002539058678232513,1.884796989377858,13
2021-07-20,0.5638088266163278,0.8034224359400312,0.4361911733836721,0.8035804927621661,0.001951311701101329,0.0025398927206828114,1.4042518881310513,13
2021-07-21,0.48592841763758177,0.9060189458887895,0.5140715823624182,0.8436848812553485,0.002222756585695995,0.002536137077167067,0.5067146620673343,13
2021-07-22,0.16555669295523737,0.9033880990802373,0.8344433070447628,0.8423810110545664,0.0033393819843894547,0.0025206877233923623,2.134703888830413,13
2021-07-23,0.4282378967711199,0.8429342392678116,0.5717621032288801,0.8170934942401087,0.00242383148460405,0.002533355054917142,1.7452863660030056,13
2021-07-24,0.4819792434211813,0.8777964513709932,0.5180207565788186,0.830742648146484,0.0022365210624744935,0.0025359466352994275,2.2254963535210566,13
2021-07-25,0.6207414294440491,0.847847679414187,0.379258570555951,0.8189006577612975,0.0017528784186243258,0.0025426381936900578,2.082669441047554,13
2021-07-26,0.7060344927823367,0.9208691674116465,0.29396550721766324,0.8515345008561294,0.0014555973653054982,0.00254675129921255,0.2794743592032667,13
2021-07-27,0.28124321346935477,0.7465307490519092,0.7187567865306453,0.786345916397184,0.002936167594670411,0.0025262664990604064,1.4867189599088984,13
2021-07-28,0.2657473628803725,0.8038652407030937,0.7342526371196275,0.8039716780341936,0.002808265043340574,0.0015743994229157716,2.0883199351190522,14
2021-07-29,0.506126575190563,0.9791163303222108,0.4938734248094369,0.8526441535348548,0.0020146489215508018,0.0017650985251422666,2.6040017948245593,14
2021-07-30,0.7737232312546886,0.969141621191048,0.22627676874531155,0.8453914674568016,0.00113108838762463,0.001977389935783841,1.1836937173179265,14
2021-07-31,0.6159053444783668,0.8630712096249037,0.38409465552163324,0.813375083879604,0.0016521882256264888,0.001852188887680351,2.7076768554869846,14
2021-08-01,0.7461426838714527,0.8592211533149277,0.25385731612854734,0.812683786374268,0.001222159025085429,0.001955509567783836,0.7558805668487448,14
2021-08-02,0.4474968906834762,0.8068873794767839,0.5525031093165238,0.8044004796383002,0.002208222544204492,0.0017185860663823287,2.217675218043827,14
2021-08-03,0.5828414265655719,0.8192706202762323,0.41715857343442814,0.8062052418272031,0.001761358204698287,0.001825958418741448,1.8939641164812706,14
2021-08-04,0.5928707366961878,0.8304517429353543,0.40712926330381216,0.8079078166662818,0.0017282437149829999,0.0018339149321998224,1.5002001802590652,14
2021-08-05,0.5556705527919966,0.938737874193266,0.44432944720800344,0.8316760060512708,0.001851069583484579,0.0018044030555071098,1.957226417188663,14
2021-08-06,0.5723104760535372,0.7944387720371038,0.4276895239464628,0.8026609882744679,0.0017961288600264324,0.0018176039408773418,1.2126047040809311,14
2021-08-07,0.39990861369279984,0.774376960173514,0.6000913863072,0.7999921642729753,0.0023653383249414386,0.0016808330443493038,1.5413835632481578,14
2021-08-08,0.38681620889868545,0.8398846055786177,0.6131837911013146,0.8094055462418783,0.0024085632478995076,0.0016704464979577563,2.3121878776824576,14
2021-08-09,0.5725438073066014,0.8143471814389287,0.42745619269339863,0.8054781319095669,0.0017953584580913688,0.00181778904864957,0.9350556143310669,14
2021-08-10,0.329579725684084,0.8959423594742143,0.670420274315916,0.8199694795984582,0.0025975284874761536,0.0016250393021410836,2.1263966389540467,14
2021-08-11,0.49422819991496014,0.7935042294219196,0.5057718000850397,0.8025331537678836,0.002053933324021789,0.001755659233527967,2.590265244981593,14
2021-08-12,0.7332366045392585,0.9185132958564853,0.26676339546074157,0.8255175335916556,0.001264774415761561,0.0019452708382437065,1.7997946985503217,14
2021-08-13,0.6381151733753897,0.7907222570117369,0.36188482662461036,0.8021547600020785,0.0015788553523652892,0.0018698085245472899,0.2095144120234772,14
2021-08-14,0.20352036112745994,0.8336509868144816,0.7964796388725401,0.8084091194988678,0.0030136967134047226,0.0015250331185066616,2.1078227825152265,14
2021-08-15,0.4332148715527566,0.824343503490582,0.5667851284472433,0.8069685236649738,0.002255375855376372,0.0017072557678925603,2.5196717684805057,14
2021-08-16,0.6467200229898342,0.8419141142791154,0.35327997701016584,0.8097358381105315,0.001550443514727514,0.0018766349763044872,2.0480659998035273,14
2021-08-17,0.6596359127833757,0.8378739728246896,0.3403640872166242,0.809081225442668,0.0015077971367520517,0.0018868814887396236,1.8068794610214687,14
2021-08-18,0.6383851248294738,0.8569584566161246,0.3616148751705262,0.8122839607506143,0.001577964017241263,0.001870022684080653,2.7211075738850825,14
2021-08-19,0.7187603553278809,0.8157152627737514,0.28123964467211915,0.8056788666097703,0.001312574199105798,0.0019337864519621906,1.521377265139885,14
2021-08-20,0.6355476528521421,0.8670975629804384,0.3644523471478579,0.8141135756376655,0.0015873328765706614,0.0018677716435124207,0.706163326387108,14
2021-08-21,0.3158396609040863,0.9072259910909026,0.6841603390959137,0.8226081089086521,0.0026428904551753273,0.0016141389501809554,2.365817895558306,14
2021-08-22,0.5388031514094515,0.7859540362614662,0.46119684859054855,0.8015134639814346,0.0019067610251653367,0.0017910217058070593,2.6238462354562726,14
2021-08-23,0.7125460307861258,0.860011619558671,0.2874539692138744,0.8128245738405065,0.0013330934780248966,0.0019288564661299403,2.79008659456846,14
2021-08-24,0.6216452871321483,0.6753779982781601,0.3783547128678518,0.7884400195750793,0.001633236023533002,0.001856742533981077,1.4744283286491953,14
2021-08-25,0.535560929229488,0.8560216690753287,0.4644390707705121,0.8121197797848182,0.0019174658949439915,0.0017884495663404404,2.233801622778426,14
2021-08-26,0.7187228338151407,0.9704070593573835,0.2812771661848593,0.8461868236468565,0.0013126980927464752,0.0019337566851669468,1.2106448321340548,14
2021-08-27,0.3902542535615279,0.5226493274357381,0.6097457464384721,0.7729219734557253,0.0023972124728116337,0.0016731739885103613,1.5529770254427673,14
2021-08-28,0.3880655731978658,0.8637950466475389,0.6119344268021344,0.8135066486292708,0.002404438447718961,0.0016714376512605642,2.444603935583151,14
2021-08-29,0.6173431803326831,0.8450973753171086,0.3826568196673169,0.8102600055045484,0.0016474407682064702,0.001853329560386331,2.713621581987893,14
2021-08-30,0.7372334018994599,0.8468158811002512,0.26276659810054015,0.8105461763866819,0.001251577162952395,0.0019484416018927197,1.178126009798042,14
2021-08-31,0.5482057892013052,0.8163999942480925,0.45179421079869486,0.8057797092063518,0.0018757161891974632,0.001798481063745023,2.6483393259280836,14
2021-09-01,0.7307001198758108,0.8760617046904311,0.2692998801241891,0.8158198100305645,0.0012731497684873377,0.0019432585787663495,1.9090053364928654,14
2021-09-02,0.6967388341505877,0.851530977837555,0.30326116584941215,0.8113433546793479,0.001385287552066392,0.0019163162045235207,2.625277116990504,14
2021-09-03,0.8248543711854597,0.9325338986735068,0.17514562881454027,0.8296278701438115,0.0009622514423933753,0.0020179536034442246,2.8138917827471155,14
2021-09-04,0.8919346637382477,0.9451888510545898,0.10806533626175235,0.8339983922512713,0.0007407448052783495,0.0020711701500996816,2.936447101862437,14
2021-09-05,0.8772225055106778,0.9045964123818266,0.12277749448932221,0.8219713798171202,0.0007893264839878156,0.002059498611039177,1.5510398325746833,14
2021-09-06,0.7424580592403953,0.8362677994992594,0.2575419407596048,0.808824169364772,0.0012343255390277314,0.0019525864589075262,2.5599440573600027,14
2021-09-07,0.8191999871306157,0.9123419545053884,0.18080001286938427,0.8238893561751821,0.0009809225928350722,0.0020134678330128316,-1.7104296755807067,14
2021-09-08,0.18194746418914387,0.8870942480047465,0.818052535810856,0.8180532551913813,0.0030849147589660994,0.0015079187763843782,2.0541079629900905,14
2021-09-09,0.41821278828390196,0.8931466649128733,0.5817872117160979,0.819350756889898,0.0023049062435675756,0.0016953542237307215,2.5011358923804914,14
2021-09-10,0.6479290895410126,0.8573369575752504,0.3520709104589873,0.8123505192954515,0.0015464513628196553,0.0018775941603521669,1.3089831646332353,14
2021-09-11,0.5492819632512475,0.9943111242370457,0.45071803674875244,0.8744983068152989,0.0018721629614408455,0.001799334820703418,2.6199648635409316,14
2021-09-12,0.7224337909924001,0.869114239561192,0.2775662090075998,0.8144897318459386,0.0013004447403780074,0.0019367006843393508,2.275960422778278,14
2021-09-13,0.7439616422357459,0.8621942025263071,0.25603835776425404,0.8132163654694734,0.001229360757617613,0.0019537792905362705,1.9284709312219765,14
2021-09-14,0.7220411485741572,0.8743819733622077,0.27795885142584276,0.8154931820792017,0.0013017412223148071,0.0019363891908622927,1.0656698175926282,14
2021-09-15,0.5311191756353374,0.863250641306177,0.4688808243646625,0.813407649399845,0.00193213124529031,0.0017849258072991517,2.159441551037953,14
2021-09-16,0.685952928054405,0.943561824349389,0.31404707194559506,0.8333918609867224,0.0014209015537662902,0.0019077594637410147,2.6633978053746206,14
2021-09-17,0.7920240923083346,0.8934402548925299,0.20797590769166538,0.8194151339891426,0.0010706586349340202,0.0019919084864495227,2.611810553604978,14
2021-09-18,0.8081719266271924,0.875819746147251,0.19182807337280755,0.8157725551282773,0.0010173378628334385,0.0020047189848196338,2.4582585716087295,14
2021-09-19,0.787694167511383,0.8562147583289659,0.21230583248861695,0.8121535566384324,0.00108495615791056,0.0019884734441114127,2.2458871382806183,14
2021-09-20,0.7699974179401999,0.8636053578822056,0.23000258205980018,0.8134721208749929,0.0011433910345470645,0.0019744341508500774,-0.898132431176305,14
2021-09-21,0.197933262250662,0.7905404635304424,0.8020667377493379,0.8021301435060376,0.0030321413143381765,0.0015206007271629327,1.2323677307976553,14
2021-09-22,0.20586328927086076,0.7961396149248805,0.7941367107291392,0.8028945926357595,0.003005962030180862,0.0015268918245454812,0.96653179583282,14
2021-09-23,0.18973395774341736,0.8549261300719097,0.8102660422565826,0.8119287606858684,0.00305920947715765,0.0015140960049226607,1.8416946595991937,14
2021-09-24,0.348690114133569,0.8665127539092895,0.651309885866431,0.8140052913314645,0.0025344363357115247,0.0016402000720158664,1.2309650250802908,14
2021-09-25,0.24755254905893026,0.8582067305909982,0.7524474509410698,0.8125039574650407,0.002868332574488539,0.0015599650022868785,2.291314746913697,14
2021-09-26,0.5291481731797673,0.8727570101900842,0.4708518268202328,0.8151803247956417,0.00193863890169176,0.0017833621596145158,2.5774787028699717,14
2021-09-27,0.638156704127294,0.7711982314038761,0.3618432958727059,0.7995827508251486,0.0015787182246864864,0.0018698414719765903,2.4178456131524615,14
2021-09-28,0.7450657320412746,0.8899835659593146,0.2549342679587256,0.8186657510598696,0.0012257150877190784,0.001954655193792082,1.6622423348140105,14
2021-09-29,0.6897605056482439,0.8842191713317038,0.31023949435175613,0.8174556661890129,0.0014083293235501258,0.001910780114411364,2.7642482726906357,14
2021-09-30,0.7532146188070736,0.8358379908534774,0.24678538119292626,0.808755681472586,0.0011988076718235433,0.001961119918322329,0.4242894655515297,14
2021-10-01,0.3699559676846853,0.832930253063214,0.6300440323153147,0.808295604690229,0.002464227465265111,0.0016570708286062694,0.26631719928230346,14
2021-10-02,0.18620561774511926,0.8657640980330004,0.8137943822548807,0.8138671824504977,0.003070857473392041,0.0015112968807240296,2.1734597267012865,14
2021-10-03,0.450620627604516,0.8498810222741112,0.549379372395484,0.8110623532956518,0.0021979092246080753,0.001721064208400971,2.508395339723299,14
2021-10-04,0.6645083418215764,0.861294243974904,0.3354916581784237,0.8130542659786235,0.00149170903455488,0.0018907469138498788,2.3088993913009084,14
2021-10-05,0.717448981637211,0.8551891280583069,0.2825510183627889,0.811974521204619,0.0013169042702972753,0.0019327461049908747,1.0183965063406384,14
2021-10-06,0.5134341553402846,0.8647512435275533,0.4865658446597154,0.8136812425922629,0.0019905216803068407,0.0017708958191786652,0.4917886749834083,14
2021-10-07,0.1999691452588203,0.8229152598661283,0.8000308547411797,0.8067521295391762,0.0030254202905943455,0.0015222158462831045,1.7431044070855894,14
2021-10-08,0.3156242954462434,0.8453006845133685,0.6843757045537565,0.8102937425909914,0.0026436014689229545,0.0016139680951429238,2.390852458952534,14
2021-10-09,0.55937790377632,0.8147250235434343,0.4406220962236801,0.8055334727213942,0.0018388288994456382,0.001807344193792548,2.3385214610373075,14
2021-10-10,0.6773615266277058,0.8554095613998022,0.32263847337229434,0.8120129222628074,0.0014492694119865167,0.001900943680782109,2.697797988742897,14
2021-10-11,0.7675815310263644,0.863632417075877,0.23241846897363555,0.8134770441030117,0.0011513682911629647,0.001972517564714689,0.8788797901559812,14
2021-10-12,0.5300148252377768,0.847952907455817,0.46998517476222323,0.8107367821078705,0.0019357774782521565,0.0017840496973088814,2.1806693785278695,14
2021-10-13,0.5641375408645634,0.740895520981519,0.43586245913543675,0.7958347095686827,0.0018231138220185653,0.0018111201381054058,2.323182535749263,14
2021-10-14,0.6944569711674925,0.8809221019921568,0.3055430288325075,0.8167842244367265,0.001392822051547595,0.0019145059430699697,2.779064347496124,14
2021-10-15,0.7843862490175868,0.8696984172940145,0.21561375098241325,0.8145995020479037,0.0010958789739031172,0.0019858491860445743,-0.19493278253192114,14
2021-10-16,0.22850807189572162,0.8757552501816699,0.7714919281042784,0.8157599707182661,0.0029312046992158816,0.001544856521555565,2.200405192541932,14
2021-10-17,0.4482387529789598,0.7537240372282343,0.5517612470210402,0.7973894558540229,0.0022057732151894915,0.0017191746051014832,2.504456665756165,14
2021-10-18,0.673765566983858,0.8779674549781221,0.3262344330161419,0.816194470134818,0.0014611428458195662,0.001898090912154015,2.7200967225762045,14
2021-10-19,0.7390826884816372,0.8282801453982681,0.2609173115183627,0.8075712562639734,0.0012454708914712957,0.001949908689198612,1.5351898439432148,14
2021-10-20,0.6666065732013379,0.8862441266403751,0.3333934267986621,0.817875348019121,0.0014847809489003342,0.001892411495560329,2.080588590624987,14
2021-10-21,0.688769383180353,0.8556285738410213,0.3112306168196469,0.8120511180184697,0.0014116019099179586,0.0019099938310925741,0.34825076131530475,14
2021-10-22,0.25276774180076056,0.853550617517888,0.7472322581992394,0.8116904046657903,0.00285111541687479,0.00156410235078822,1.825856624945576,14
2021-10-23,0.3845520581542783,0.8868081845189677,0.6154479418457218,0.8179932749822432,0.002416038379972887,0.0016686502880853872,2.441244017366059,14
2021-10-24,0.6124068160395554,0.8393483508075379,0.3875931839604445,0.8093187677164116,0.001663739682712531,0.0018494134137698437,2.6309748785101554,14
2021-10-25,0.7914872877396694,0.9294216629886667,0.20851271226033055,0.8286586935596318,0.0010724311786993472,0.00199148262537638,1.6369985038538954,14
2021-10-26,0.7690735966236233,0.948264309865969,0.2309264033763767,0.8351875666889318,0.0011464414926472327,0.001973701259290962,0.8321627097862184,14
2021-10-27,0.5692883285203606,0.8471414056171532,0.4307116714796394,0.7441614718268003,0.0018386723651714807,0.0015894075031705514,1.6653467262460382,15
2021-10-28,0.5590202293136787,0.8258438209524365,0.4409797706863212,0.7492246095283547,0.0018733124483286821,0.0015761838150876424,1.7288462654516514,15
2021-10-29,0.5184009262037198,0.7424778810967473,0.4815990737962803,0.7649329737706535,0.002010340812387245,0.001523872575815462,2.0205001599986616,15
2021-10-30,0.6057692801472359,0.8228585675884742,0.39423071985276403,0.7498891758219866,0.0017155987352409942,0.0016363892001303505,2.5913928296017814,15
2021-10-31,0.7274202306570777,0.8387032675552883,0.27257976934292205,0.7462397104160187,0.0013051602098093787,0.0017930563877131007,2.7468532591779966,15
2021-11-01,0.8764789399780327,0.9502928844431469,0.12352106002196733,0.7016338257098702,0.000802183635858907,0.001985020434653609,2.8501654871325,15
2021-11-02,0.7578254384730071,0.7828273824680736,0.24217456152699277,0.7579676708417944,0.0012025683153951993,0.0018322134874022259,1.8819183027686202,15
2021-11-03,0.7176875105172754,0.8425677860089553,0.2823124894827247,0.7453005544545599,0.0013379992715638921,0.001780522183208801,2.786563803306324,15
2021-11-04,0.7666963815866694,0.832341911254969,0.23330361841333053,0.7477420694123297,0.0011726357974271874,0.0018436378593697234,1.9912337655938217,15
2021-11-05,0.7425715327415054,0.8558220090546587,0.25742846725849444,0.7419104851123232,0.001254037746239543,0.001812568868921309,2.7349685240385946,15
2021-11-06,0.7727001737939954,0.8355969453102852,0.22729982620600475,0.7469798991139661,0.0011523775306632182,0.0018513697943526473,2.811500641646445,15
2021-11-07,0.8196564132692409,0.8736364807980047,0.18034358673075906,0.7368652232873792,0.0009939315426865448,0.0019118420056030943,2.227633996882567,15
2021-11-08,0.754134500035236,0.8207548043518963,0.24586549996476387,0.750351550558692,0.0012150222785794601,0.0018274601423427486,-0.09318363537555885,15
2021-11-09,0.26506534952098626,0.7605087595033416,0.7349346504790139,0.7619378691266375,0.0028648395379979375,0.0011976164130218382,2.2640519611574494,15
2021-11-10,0.5658014670440351,0.8633996810214023,0.4341985329559651,0.7398401725002189,0.0018504355524708203,0.001584916976966711,1.4351159657429338,15
2021-11-11,0.4999723024740248,0.8234011770435165,0.5000276975259752,0.749769127470299,0.0020725075818678685,0.0015001394225712672,2.5951182129910175,15
2021-11-12,0.7164284216597988,0.8626974702106471,0.2835715783402011,0.7400364772471872,0.0013422475261885285,0.0017789006758601865,2.510091216823202,15
2021-11-13,0.7351372244991926,0.8180881510210454,0.2648627755008074,0.7509307778863771,0.0012791221641878995,0.00180299465549293,2.8037770723600866,15
2021-11-14,0.7671562185527652,0.8271727423185101,0.23284378144723478,0.7489254956043371,0.0011710841990006293,0.0018442300566680007,2.769300400164019,15
2021-11-15,0.7494309985896375,0.8016998120050817,0.25056900141036254,0.7543352032438093,0.0012308927660257252,0.0018214027762458542,2.268665527555325,15
2021-11-16,0.6990079227013156,0.7855136569926355,0.3009920772986845,0.757467342346149,0.0014010249788625857,0.001756465827906467,0.3940023038763292,15
2021-11-17,0.34302981948205935,0.871890198797703,0.6569701805179406,0.7373884529413123,0.002601888726737807,0.0012980223218042194,2.3998958204910923,15
2021-11-18,0.6305966394743927,0.8644480937429301,0.3694033605256073,0.7395453186780048,0.0016318376162518314,0.0016683629129915366,0.5042526708216958,15
2021-11-19,0.25893678173041595,0.6715037868120979,0.7410632182695839,0.7753841503825848,0.002885508507238652,0.0011897237868184678,2.0591463797948677,15
2021-11-20,0.4810288736032401,0.8072110434765108,0.5189711263967599,0.7532186285571002,0.0021364098110704588,0.0014757432817115242,1.9076336163322642,15
2021-11-21,0.5564128844080584,0.80895832392292,0.4435871155919417,0.7528588485276259,0.0018821084358646573,0.0015728259671488492,2.4443731976938072,15
2021-11-22,0.6890927598350529,0.8309411646967698,0.3109072401649471,0.7480659572865602,0.0014344786811103917,0.001743696666020168,0.7938491718540971,15
2021-11-23,0.40759760837491,0.7704081715539176,0.59240239162509,0.7602160150508376,0.0023841056456766286,0.0013811754237889116,2.149097304120094,15
2021-11-24,0.5767189724833739,0.8173349874940159,0.4232810275166262,0.7510930143021056,0.00181360439891218,0.0015989769975866255,2.5476912148825734,15
2021-11-25,0.6718455302335558,0.7878823307052476,0.32815446976644436,0.757021785347898,0.001492669957193388,0.0017214849615991498,1.811615386173921,15
2021-11-26,0.6952652173370331,0.8845430979089353,0.30473478266296694,0.7334326611380126,0.001413652883461457,0.0017516458152315507,-0.472067027672727,15
2021-11-27,0.21371951875802256,0.5845422513384768,0.7862804812419774,0.78635761041543,0.003038002638080685,0.0011314911023192096,2.1319886923753373,15
2021-11-28,0.4926602610149072,0.8369892559769923,0.5073397389850929,0.7466497148035887,0.002097173571565593,0.0014907226694255878,1.1806429374532827,15
2021-11-29,0.3811367980415208,0.8159646053166482,0.6188632019584792,0.751386696685665,0.0024733579629995744,0.0013470980843294286,2.3841687755282654,15
2021-11-30,0.6321358795766872,0.8486139195129249,0.36786412042331273,0.7437880760372533,0.0016266445490869018,0.0016703452108431387,2.4299028424684903,15
2021-12-01,0.6623218692328156,0.7708551781785697,0.33767813076718434,0.7601368501952173,0.001524801882513355,0.0017092199922074244,2.7504564756691368,15
2021-12-02,0.7396691873176203,0.8197410811384092,0.26033081268237956,0.7505726354123639,0.001263830696094686,0.0018088311069634443,2.6303174653368484,15
2021-12-03,0.7675345977611098,0.8376197551297251,0.23246540223889034,0.7464993515113928,0.0011698074577434377,0.001844717349255216,0.29297866558672614,15
2021-12-04,0.3807039637551025,0.8188761887226768,0.6192960362448975,0.7507603931649718,0.002474817893808031,0.00134654066221264,0.3480909134342038,15
2021-12-05,0.25677731198491366,0.8504723141150224,0.7432226880150864,0.7433120285353318,0.0028927914211836834,0.0011869427312633737,2.3065845153756515,15
2021-12-06,0.5693253352348371,0.8576473959707364,0.4306746647651629,0.7414212078536828,0.0018385475200433246,0.0015894551619669225,2.1703005493050473,15
2021-12-07,0.5990865410309724,0.7525548038021034,0.4009134589690277,0.7632803294299647,0.001738144227417622,0.0016277828888906407,2.69155570893311,15
2021-12-08,0.812065788221488,0.925664160477934,0.18793421177851186,0.7168119451817486,0.001019545334791301,0.0019020664808476965,2.859342953249299,15
2021-12-09,0.7744125909657288,0.8140386844764437,0.22558740903427116,0.7517961986688422,0.0011465993934042192,0.001853575116885184,0.305864691316198,15
2021-12-10,0.3941752958247954,0.817668218433711,0.6058247041752046,0.7510213071002925,0.0024293793982270687,0.0013638896076956543,2.3404462701042097,15
2021-12-11,0.5488914596800379,0.7362719374977837,0.451108540319962,0.7659258915637399,0.0019074821516990156,0.001563139561462615,1.468288097803023,15
2021-12-12,0.5150662672241334,0.842827534686842,0.4849337327758666,0.7452366789795806,0.002021589971170529,0.0015195780623596293,2.4070998452554364,15
2021-12-13,0.6830967624515231,0.8455306012939465,0.31690323754847693,0.744566169897263,0.0014547089834239522,0.0017359747695376974,0.08863824081157246,15
2021-12-14,0.26139654354082953,0.8287459563296986,0.7386034564591706,0.7485687252099361,0.0028772128252443773,0.0011928915710679611,1.7822539399539694,15
2021-12-15,0.41742024926583876,0.8287665304288602,0.5825797507341614,0.748564040040188,0.002350973285339936,0.0013938254320014875,2.4325134423460635,15
2021-12-16,0.6509334001444782,0.8443865029369939,0.3490665998555215,0.744851269491499,0.0015632250977510023,0.0016945534448811164,2.0106219788106237,15
2021-12-17,0.6726834332332284,0.8357147202935244,0.32731656676677157,0.7469520671755495,0.001489842937862934,0.001722564048165064,1.7944304660717114,15
2021-12-18,0.6755991540790628,0.8672322857761832,0.32440084592093715,0.7387517771065558,0.0014800055051217673,0.0017263190355513427,2.6465909137976293,15
2021-12-19,0.6999731466914798,0.7790697394822068,0.3000268533085199,0.7586589429899209,0.0013977683012762515,0.001757708883774856,2.775000195605978,15
2021-12-20,0.7748876457961523,0.8468147272096105,0.22511235420384756,0.74424386179789,0.0011449964341414887,0.0018541869123863135,2.845402899008065,15
2021-12-21,0.7415127868499064,0.7878936029686394,0.25848721315009365,0.7570196549988883,0.001257610117307513,0.0018112053716324967,1.0327619806440018,15
2021-12-22,0.5523800930777063,0.8170756516266716,0.44761990692229364,0.7511487403963256,0.0018957131823640946,0.0015676323696209508,2.542519411492861,15
2021-12-23,0.7066784624302156,0.8394579477044051,0.2933215375697844,0.7460579293869026,0.0013751443983938373,0.0017663442701342674,1.2919897115896966,15
2021-12-24,0.5320797806419387,0.7503847715344718,0.46792021935806133,0.7636406260860246,0.001964196096056577,0.00154148877729361,2.628325901712871,15
2021-12-25,0.6604987149814534,0.7786260387073617,0.3395012850185466,0.7587399209933542,0.001530952997036317,0.0017068720578271887,2.709504216679156,15
2021-12-26,0.6021579746740781,0.6671352180855207,0.39784202532592194,0.7759738705756348,0.0017277821799054746,0.0016317384097369286,2.6920908258155007,15
2021-12-27,0.7206951834972071,0.8206996601622967,0.27930481650279293,0.7503636055153229,0.0013278511494762267,0.0017843955904033992,2.795699012908734,15
2021-12-28,0.6557629611797852,0.7089286168158809,0.34423703882021467,0.7701016008621875,0.0015469308387589537,0.0017007731557957435,0.2942324297691197,15
2021-12-29,0.2673387476314308,0.8057518717177629,0.7326612523685692,0.7535169196910868,0.002857172332318926,0.0012005441902954769,1.848956153336731,15
2021-12-30,0.4551813316273986,0.8718841572373319,0.5448186683726014,0.737390251389051,0.002223599896283356,0.001442455734920391,2.424209818044052,15
2021-12-31,0.707835778208257,0.9010148451351763,0.29216422179174295,0.7276059914100319,0.0013712395709430407,0.0017678347098499542,2.417512251704105,15
2022-01-01,0.7910296882106967,0.892764591187333,0.20897031178930323,0.7306329049629994,0.0010905285157223029,0.0018749753104738693,2.207935144538276,15
2022-01-02,0.7618372662419289,0.842833879462026,0.23816273375807107,0.7452351175133866,0.0011890315562897524,0.0018373800871779714,2.784853478414174,15
2022-01-03,0.759684609359245,0.8135936274622748,0.24031539064075508,0.751890299468274,0.0011962950845281083,0.001834607805512869,2.307088253389025,15
2022-01-04,0.6788951020590259,0.7553717834853382,0.32110489794097397,0.7628088680435232,0.0014688851793803052,0.0017305636953610338,2.5450841454775213,15
2022-01-05,0.740865528145665,0.8341761287225795,0.25913447185433497,0.747314245600434,0.0012597940656447707,0.001810371804772501,0.35799042130808223,15
2022-01-06,0.3724422106736715,0.8430496873909791,0.6275577893263286,0.7451819722830939,0.0025026843005770444,0.0013359008306753912,2.3506419557004112,15
2022-01-07,0.5824824179653681,0.7936954156294194,0.41751758203463174,0.7559102464884188,0.0017941607551636935,0.0016063994039933677,1.2775748889025507,15
2022-01-08,0.4405234914136168,0.7640642037737171,0.5594765085863832,0.7613262043997181,0.0022730433940894644,0.0014235787545704122,2.5110651722525676,15
2022-01-09,0.6502425748554103,0.8174590676919737,0.34975742514458963,0.7510663272645879,0.001565555838691827,0.0016936637711490521,2.740230349798166,15
2022-01-10,0.7232930157172733,0.8054064636858731,0.27670698428272666,0.7535872451092828,0.0013190858377720074,0.0017877411875074406,2.786562433367541,15
2022-01-11,0.7664430710541044,0.8306163341113846,0.23355692894589558,0.7481407213928042,0.0011734905266355053,0.0018433116354597931,2.354230349933595,15
2022-01-12,0.8315177678925301,0.9181183065366599,0.16848223210746993,0.7204528514093947,0.0009539062253791289,0.001927117554720995,2.1199429611854548,15
2022-01-13,0.7285125195143751,0.7943872609917105,0.2714874804856248,0.7557761927004248,0.0013014747106284944,0.001794463083037581,1.6411188547091202,15
2022-01-14,0.6222673880299805,0.7847159135600917,0.3777326119700197,0.7576164705139543,0.0016599385943123547,0.0016576361542362892,2.6261541718271864,15
2022-01-15,0.6860187233352705,0.7805383301159784,0.3139812766647293,0.7583899491599007,0.0014448503962830339,0.0017397377931060703,2.771553258992949,15
2022-01-16,0.7468474769140149,0.8197244808851426,0.25315252308598524,0.750576246622628,0.0012396100167659729,0.0018180756088601287,2.8122067483120445,15
2022-01-17,0.7931985893310732,0.8520502939948017,0.2068014106689269,0.7429035086648293,0.0010832099503576011,0.0018777685121484178,2.1534060880282326,15
2022-01-18,0.801475511853377,0.8920125698092017,0.1985244881466232,0.730897462927969,0.0010552808258159443,0.001888427879526766,2.85540422993432,15
2022-01-19,0.8182056899243003,0.8629011212692569,0.18179431007569957,0.7399796430997708,0.0009988268758194532,0.0019099737033378022,2.5141250730474085,15
2022-01-20,0.8207698727007083,0.8774765490162524,0.17923012729929166,0.735690073424457,0.000990174271022277,0.001913275965279401,2.012333731600938,15
2022-01-21,0.6726807743149621,0.7454088347767284,0.327319225685038,0.764457585961768,0.0014898519088493447,0.001722560623898792,-0.8936123845611592,15
2022-01-22,0.22227898701170884,0.6539680190359487,0.7777210129882909,0.777722031029455,0.003009136557851556,0.0011425143439206004,1.467090980276267,15
2022-01-23,0.3007898661683402,0.830755290495301,0.6992101338316599,0.7481087545085704,0.0027443539435396177,0.0012436239413431338,1.6634537248024341,15
2022-01-24,0.39134456946410007,0.7949986364285049,0.6086554305359001,0.75565741084992,0.0024389274235850945,0.0013602440797660504,2.4114091542615057,15
2022-01-25,0.5809063638782695,0.7656175261174167,0.41909363612173034,0.7610566378096255,0.0017994777651671751,0.0016043696955507357,2.639660605459657,15
2022-01-26,0.686187633062806,0.7598236253406178,0.3138123669371941,0.6468626529908698,0.00131239310264347,0.0010778229915457494,2.8008824686487057,16
2022-01-27,0.7590369224538341,0.815705695805087,0.24096307754616592,0.6220008634787277,0.0010856563817290448,0.0012718295560812662,2.884108616078281,16
2022-01-28,0.8125352894225438,0.8539632959132166,0.18746471057745628,0.6008762889081962,0.0009190996900719924,0.0014143022482738955,2.4916762275579405,16
2022-01-29,0.7007667548993081,0.7398567778595472,0.29923324510069194,0.6545906938659263,0.0012670229502801547,0.0011166489755064504,2.7939265047562243,16
2022-01-30,0.8098536246761949,0.866317299582761,0.19014637532380507,0.5929822497457544,0.0009274494947246076,0.0014071606471817754,2.911011787595305,16
2022-01-31,0.6680435977637709,0.6936693694363427,0.33195640223622924,0.6708538464187953,0.0013688530365492059,0.0010295032071717036,2.674267676601133,16
2022-02-01,0.7161776753205682,0.779617682110143,0.28382232467943186,0.6386711222210917,0.0012190609671473823,0.0011576901407978598,2.806809172775811,16
2022-02-02,0.6887803944584424,0.7337433766276755,0.3112196055415575,0.6568631913106853,0.0013043246628916963,0.0010847278321451923,0.6097982291166418,16
2022-02-03,0.43252875779964417,0.7741107837019267,0.5674712422003558,0.6410088395912238,0.0021012956597851137,0.0004022983932260588,2.5843238054689346,16
2022-02-04,0.6256326542230976,0.7402521378003573,0.37436734577690245,0.6544423018344079,0.001500807618356103,0.0009165576791670182,-0.6298142313249049,16
2022-02-05,0.35143749648819106,0.7555341112467945,0.6485625035118089,0.6485649473292143,0.0023533044602072734,0.00018634244976527872,2.416950928551815,16
2022-02-06,0.6186431267124168,0.7803536795380663,0.38135687328758316,0.6383550273784931,0.0015225519193531017,0.000897943712834484,2.3598638024764815,16
2022-02-07,0.6259715731016409,0.7125265155792996,0.37402842689835913,0.6644519903435272,0.001499753229884217,0.0009174602615783509,1.5337828433864564,16
2022-02-08,0.6098443658904815,0.8059571320913479,0.3901556341095186,0.626761321769979,0.0015499237291227998,0.0008745115369889415,2.743564977317227,16
2022-02-09,0.7079973025855588,0.7787750941594187,0.2920026974144412,0.6390319203326406,0.0012445204045600092,0.0011359048080347564,2.8408798537194833,16
2022-02-10,0.7391159006455931,0.787855293420057,0.26088409935440693,0.6350817959784232,0.0011476662099901924,0.0012187774393707096,2.3636644132579114,16
2022-02-11,0.7686015454359837,0.840396905461964,0.2313984545640163,0.6088775024814163,0.001055881780853878,0.0012973013164972686,1.6739628036556418,16
2022-02-12,0.6505940448571776,0.7567107599169168,0.3494059551428224,0.6481004006354191,0.0014231475010651152,0.000983032914319323,2.756347555364012,16
2022-02-13,0.6823351274482773,0.741930257937345,0.3176648725517228,0.6538104710797421,0.001324381576748265,0.0010675632980693083,2.832357222111829,16
2022-02-14,0.7025407732866755,0.7537649879485967,0.2974592267133246,0.6492600433413154,0.0012615020084087226,0.001121373403371609,2.750886014285,16
2022-02-15,0.7353862281947531,0.7890780814812246,0.2646137718052468,0.6345390852648863,0.0011592752473066593,0.0012088448656273156,0.9879495715963207,16
2022-02-16,0.5598704915310966,0.7695891992952539,0.4401295084689034,0.6428933911873852,0.0017053651744826119,0.0007414249995355254,2.549469723649939,16
2022-02-17,0.6748966615310785,0.7701759996577996,0.3251033384689214,0.6426505429011694,0.0013475284764999647,0.0010477537538709542,-0.15701004974213406,16
2022-02-18,0.36799464609627,0.7942280918524813,0.6320053539037299,0.6322238313414577,0.00230185708066812,0.00023043616352440798,2.269609497687533,16
2022-02-19,0.6055698819758468,0.788852127893248,0.3944301180241532,0.63463956932995,0.0015632207007977143,0.0008631280637063219,2.76432742682352,16
2022-02-20,0.6850842615995096,0.7530678231454989,0.3149157384004903,0.6495328648632746,0.0013158266662558259,0.0010748845784357515,1.0694326281224626,16
2022-02-21,0.5195118131275314,0.7606921808490568,0.48048818687246847,0.6465149876363651,0.0018308731374641928,0.0006339449045102783,1.2962782928211287,16
2022-02-22,0.455459165988754,0.7441841900512974,0.544540834011246,0.652956747100856,0.002030017492805826,0.00046336487381020786,1.8682736613197575,16
2022-02-23,0.5580002434749182,0.7626348111991101,0.44199975652508194,0.6457336818977076,0.0017111818076565816,0.0007364443002968437,1.995651310077657,16
2022-02-24,0.6240231099815707,0.7830166848593717,0.37597689001842916,0.6372039074723909,0.0015058149444816228,0.0009122712660615943,2.092767530209842,16
2022-02-25,0.5888396203690596,0.6923056082419695,0.41116037963094043,0.6713056379625512,0.0016152623427351687,0.0008185733315291678,2.0275841588719032,16
2022-02-26,0.6277314745133584,0.7622362080166495,0.3722685254866416,0.6458944171047785,0.0014942780889104052,0.000922147094211348,2.689601255042351,16
2022-02-27,0.6784428354791323,0.746577796188432,0.3215571645208676,0.6520436077308235,0.0013364936467885264,0.0010571976486660624,1.2516299151451507,16
2022-02-28,0.5656774035042712,0.7849790058089441,0.4343225964957288,0.636348099065886,0.0016873048599503817,0.0007568895160996981,-1.6572815968467114,16
2022-03-01,0.35988775092252845,0.7762361619947717,0.6401122490774716,0.6401122491242917,0.0023270478029320386,0.00020884651049066325,1.9622369531631778,16
2022-03-02,0.5286658113605487,0.7482691921214484,0.47133418863945137,0.6513942366238676,0.0018024079360466905,0.000658323121014482,2.576583660641405,16
2022-03-03,0.6886649665376635,0.7914032186645445,0.31133503346233643,0.6334997687129589,0.0013046838662045357,0.001084420433479413,1.3528303949058338,16
2022-03-04,0.5439166871551874,0.7213750060036138,0.4560833128448126,0.6613405060133108,0.0017549812920830813,0.0006989380678974109,0.14850956502194346,16
2022-03-05,0.3613378305224423,0.7794288919280925,0.6386621694775578,0.6387520620777782,0.0023225420092001098,0.00021270824975859573,2.4740904858011343,16
2022-03-06,0.6139637404540966,0.7618115146803786,0.3860362595459033,0.6460654329919439,0.0015371090230155615,0.0008854819351054178,1.9213417092545817,16
2022-03-07,0.6265562966249151,0.7722941198372668,0.3734437033750849,0.6417697012283536,0.0014979341307446144,0.0009190174518118016,2.6932937853815404,16
2022-03-08,0.6697011272293925,0.7367823627023329,0.3302988727706076,0.6557386589003448,0.0013636953918427694,0.001033917410795785,2.5984862920857124,16
2022-03-09,0.7126059141193144,0.7800138344737596,0.28739408588068566,0.6385010926707687,0.0012301773292877991,0.0011481781040190654,-0.296665171740756,16
2022-03-10,0.3715789104599144,0.8007242857010685,0.6284210895400857,0.6292322693228521,0.0022907193250305546,0.00023998149775334245,0.9230285477937248,16
2022-03-11,0.4907816370465592,0.9471673549182679,0.5092183629534408,0.5128438206256727,0.0019202045493308918,0.0005574329329239591,2.2706268419402056,16
2022-03-12,0.6040524665869711,0.739863418728816,0.3959475334130289,0.6545882027785921,0.001567940981283696,0.0008590870009996024,2.7609275041813377,16
2022-03-13,0.7042985334782274,0.7748590317494826,0.29570146652177265,0.6406939887746871,0.0012560316198162458,0.0011260545336735095,1.6502937226332963,16
2022-03-14,0.6237243112113212,0.7633126485971733,0.3762756887886789,0.6454598432766266,0.0015067445097218016,0.0009114755284039156,0.8888326068429601,16
2022-03-15,0.425823338469582,0.7044434614702755,0.5741766615304179,0.6672326124565382,0.002122137751966353,0.0003844410417148768,2.4875387899881414,16
2022-03-16,0.699661115846446,0.8451191252063817,0.30033888415355414,0.6061642206133205,0.001270463798992107,0.0011137045235281925,0.9973087153890496,16
2022-03-17,0.5760365361246811,0.8278279124149227,0.42396346387531886,0.615765535609452,0.0016550853100104226,0.0007844771528227688,2.7036087404099582,16
2022-03-18,0.6322446367869511,0.7038257056898058,0.36775536321304886,0.6674428122500597,0.0014802372154317435,0.0009341661971457805,2.346027896432458,16
2022-03-19,0.6503413053160993,0.7384158938061883,0.34965869468390054,0.6551300196996606,0.0014239338710325894,0.00098235983802034,2.745155867059197,16
2022-03-20,0.6583514219085845,0.7154495147437828,0.34164857809141563,0.663432186877462,0.0013990108752958666,0.0010036917578596068,2.1404603291125825,16
2022-03-21,0.6635592502028188,0.769334674778553,0.3364407497971812,0.6429985690363299,0.0013828065427545929,0.0010175608413400517,2.745579765952336,16
2022-03-22,0.7898492162091476,0.8565598629172978,0.21015078379085228,0.5992688767090982,0.0009897332950793366,0.0013538864616035834,1.7656593987883282,16
2022-03-23,0.7010536033851945,0.7900986259407677,0.2989463966148055,0.6340841056870151,0.001266130249020408,0.0011174128880957733,2.797150736769821,16
2022-03-24,0.7328401179387121,0.7844034779706881,0.2671598820612878,0.6365997729811701,0.0011672001969361874,0.001202064262716397,1.962359687342329,16
2022-03-25,0.6836552482322434,0.7775833812830794,0.31634475176775656,0.6395402725447589,0.0013202735639182652,0.0010710789411210132,2.7792375885056813,16
2022-03-26,0.6547890854267132,0.7037463052967335,0.34521091457328684,0.6674698060490435,0.0014100949832539745,0.0009942048202608374,2.8048940896110914,16
2022-03-27,0.7189886685407809,0.7780752803644025,0.28101133145921897,0.6393307161992721,0.0012103122095042946,0.00116517615942817,0.6217832405008071,16
2022-03-28,0.48411981847049357,0.7830957187432693,0.5158801815295064,0.6371695644085175,0.0019409166262644149,0.0005396916955514974,2.5753352769810784,16
2022-03-29,0.6313075792552874,0.734059071642553,0.3686924207447127,0.6567468374857865,0.0014831525135546944,0.0009316706983700214,2.775598455969788,16
2022-03-30,0.786379762504729,0.8572567890419688,0.2136202374952711,0.5988329558156623,0.0010005348745240725,0.0013446468821974433,2.8084228623788854,16
2022-03-31,0.6955713706909005,0.7293238142354471,0.3044286293090994,0.6584810093884221,0.0012831913050448333,0.0011028130321480327,1.4000479459609825,16
2022-04-01,0.5821474867305862,0.7592889965247605,0.41785251326941375,0.6470761497190607,0.001636077978029484,0.0008007513614390564,2.531284069968261,16
2022-04-02,0.6849928209562811,0.7756828334593797,0.3150071790437188,0.6403463456554394,0.0013161112181232337,0.0010746410608228826,2.7396367133808464,16
2022-04-03,0.6974243422903564,0.7527980649031203,0.30257565770964356,0.6496382642218679,0.0012774247875400203,0.0011077477220701641,2.741625344719798,16
2022-04-04,0.728043665135573,0.7826592720189536,0.27195633486442694,0.6373590859479138,0.0011821292483465862,0.001189290722465387,2.862928528019068,16
2022-04-05,0.6918121819265342,0.7327993058269163,0.30818781807346585,0.657210506423031,0.001294889892636606,0.001092801852852919,2.1814616612438713,16
2022-04-06,0.6270681548086455,0.7108066313217818,0.3729318451913546,0.6650484369154003,0.0014963417147185081,0.0009203805927371976,0.600949398147944,16
2022-04-07,0.4119376316879926,0.8181663865643602,0.5880623683120073,0.620764782860978,0.0021652959153991153,0.00034746170682550364,2.542999484941275,16
2022-04-08,0.6048212979336187,0.7250375878766654,0.3951787020663813,0.6600307618169694,0.0015655493531010769,0.0008611344928765607,1.5809608589439808,16
2022-04-09,0.5675468322459358,0.7652451923574108,0.4324531677540641,0.644675605748989,0.0016814905713525372,0.0007618680334036565,2.629971973255566,16
2022-04-10,0.6824379566450541,0.767960753728537,0.31756204335494587,0.6435646834441857,0.0013240615889919588,0.001067837144792693,2.6566748412847128,16
2022-04-11,0.7339883269484532,0.7981475329578056,0.26601167305154677,0.6304286814661467,0.0011636263259457715,0.001205122083694621,-0.020653892552035202,16
2022-04-12,0.3547262266181799,0.7485353720548312,0.6452737733818199,0.6512917286406308,0.0023430858279467454,0.0001951007401966217,2.351132876061711,16
2022-04-13,0.6047669638765836,0.7725563464036748,0.39523303612341637,0.6416601838567215,0.0015657183720599562,0.0008609897946395458,2.075118767905364,16
2022-04-14,0.6392265486993252,0.763530871512159,0.36077345130067473,0.6453715482841338,0.001458515259789493,0.0009527598822089064,1.6217259681270166,16
2022-04-15,0.663813240231544,0.858303468485425,0.3361867597684559,0.5981746261890293,0.0013820162344162282,0.001018237247840529,2.5896156552707588,16
2022-04-16,0.765289473509885,0.8394882834719959,0.2347105264901149,0.60939132764957,0.0010661923832298898,0.0012884808640090104,2.882720695107986,16
2022-04-17,0.7203587938149986,0.7564932130954055,0.27964120618500143,0.648186424916905,0.0012060478775642032,0.0011688249705511923,2.335175545505839,16
2022-04-18,0.6829582513637293,0.7538666853824193,0.31704174863627077,0.649220194482191,0.0013224425140472371,0.0010692227532421363,2.007823197204019,16
2022-04-19,0.6643534471212059,0.7706771891806207,0.33564655287879414,0.642442721957486,0.0013803353385782296,0.0010196758848358633,2.550923023685269,16
2022-04-20,0.6827970905669823,0.7513103807413655,0.3172029094330177,0.6502178855924569,0.0013229440213896955,0.001068793562336143,2.8125089710741693,16
2022-04-21,0.6986654940969432,0.7505841517878558,0.30133450590305666,0.6504998307350608,0.0012735622490701295,0.0011110530610799994,2.0760285009692057,16
2022-04-22,0.6720858447095828,0.7709504081204622,0.3279141552904171,0.6423292732706004,0.001356274927192042,0.0010402682050119946,2.32899628162524,16
2022-04-23,0.6229354714747384,0.6995618096944363,0.3770645285252616,0.6688850084730193,0.0015091985900395242,0.0009093747517382427,2.7383864622701166,16
2022-04-24,0.6851411556152884,0.75163808764515,0.3148588443847117,0.6500904445904698,0.0013156496191208144,0.0010750360941558929,2.8194677329260873,16
2022-04-25,0.7294147102334937,0.7830457487974356,0.2705852897665063,0.6371912793606562,0.0011778618774720005,0.0011929419831913925,2.2332331297495154,16
2022-04-26,0.5657519826934281,0.6226162631696133,0.434248017306572,0.6927832702913395,0.0016870729050516803,0.0007570881295988156,0.5713881952745307,16
2022-04-27,0.45863708603972525,0.7376904576604699,0.5413629139602749,0.5463856802417338,0.0020066295782548323,0.0005576784338611608,1.8514651307289876,17
2022-04-28,0.5984671038950617,0.7423127500086755,0.40153289610493825,0.5413966585663045,0.0015738672487629625,0.0009091776857347574,2.5968986477450215,17
2022-04-29,0.7111313348530356,0.766745854802912,0.2888686651469645,0.5138633043817414,0.0012250010239261218,0.0011923886407359376,1.6855826918305081,17
2022-04-30,0.611869826774885,0.7042459800487182,0.38813017322511506,0.5806324578110278,0.0015323739534423703,0.0009428689284134283,2.0165276328372435,17
2022-05-01,0.6274058565387972,0.7203732985301673,0.37259414346120295,0.5645081197238498,0.0014842733433109883,0.0009819227948353775,2.3969891028852692,17
2022-05-02,0.6505486982816484,0.7126184388994462,0.3494513017183517,0.5723481209718253,0.0014126158669423414,0.0010400983688902783,2.8126510619865863,17
2022-05-03,0.733654504735155,0.773552594600377,0.26634549526484497,0.5058191301421846,0.0011552385013911014,0.0012490065078063506,2.1007259355767816,17
2022-05-04,0.7129137454209165,0.7708586405966268,0.28708625457908343,0.5090234568333395,0.001219480477903722,0.0011968691949885296,0.5921073093034382,17
2022-05-05,0.4142823074402635,0.6187728373849152,0.5857176925597364,0.6561521227991315,0.0021438523232542553,0.000446181119236919,0.40475031037365217,17
2022-05-06,0.3940279994938774,0.6774204641199727,0.6059720005061227,0.6060067786873901,0.0022065058872553123,0.0003952666289181261,2.333827513931546,17
2022-05-07,0.4902546121942423,0.5960861404469595,0.5097453878057578,0.6738941050100675,0.0019087975721298965,0.0006371573394628486,2.339301084040638,17
2022-05-08,0.6370674614043637,0.7295731914766315,0.36293253859563646,0.5549895392614717,0.0014543588158609855,0.0010062097607832637,0.9995511757994379,17
2022-05-09,0.4742898912410204,0.6759011812442505,0.5257101087589797,0.6073937998806469,0.001958197724334892,0.0005970258458286721,-0.5274267900349312,17
2022-05-10,0.060965758231459034,0.11811470190366584,0.939034241768541,0.9390342449089463,0.003236038738786293,-0.00044197225888779077,1.951862446760416,17
2022-05-11,0.47487139094351294,0.7219436706984864,0.525128609056487,0.5629003533648683,0.0019563984275304007,0.0005984875971287566,0.5018858990613903,17
2022-05-12,0.52014887638001,0.7943103358118314,0.47985112361998994,0.48016760670256475,0.0018162861211008722,0.0007123043762563364,2.640442312572199,17
2022-05-13,0.7282768552294465,0.7917815924267055,0.2717231447705535,0.4833877401857513,0.00117189563799373,0.0012354883819626528,2.81744552956349,17
2022-05-14,0.6680251351799458,0.699145778011031,0.3319748648200541,0.5855907298122398,0.00135849886651117,0.0010840299551790175,2.1060993093203346,17
2022-05-15,0.7675254102355116,0.8323175149320728,0.23247458976448848,0.4281231589660069,0.0010503158072984935,0.0013341498706283,1.3655747093970403,17
2022-05-16,0.6428314614407287,0.7364139755639715,0.35716853855927144,0.5477518266956493,0.0014365115981364116,0.0010206990795408267,0.959869431119473,17
2022-05-17,0.5696054461551322,0.771802080612287,0.4303945538448678,0.5079043876327765,0.0016632119282064017,0.0008366263748001301,2.412698084600317,17
2022-05-18,0.6583306200973881,0.7293683554832643,0.3416693799026118,0.5552041216996801,0.0013885190823753185,0.0010596602608096604,0.4476268507493373,17
2022-05-19,0.4596805899049083,0.7289084929487673,0.5403194100950918,0.5556854185582062,0.002003400935321868,0.0005603015532282664,1.0322728646086978,17
2022-05-20,0.4030755465384736,0.6553766308108195,0.5969244534615263,0.6256463853959117,0.0021785193427507764,0.00041801000023598486,1.5225398785787803,17
2022-05-21,0.5225794154457006,0.7353825479191854,0.4774205845542993,0.5488520826102261,0.0018087640246968744,0.0007184141706791883,2.6618122186359905,17
2022-05-22,0.6641837801636652,0.7283668154241931,0.33581621983633486,0.5562515527505209,0.0013703942200365543,0.00107437370657723,1.825863316543723,17
2022-05-23,0.6475132894714065,0.7384440056392404,0.35248671052859337,0.5455768590292409,0.001422014827671882,0.0010324680764659839,0.9751785193150482,17
2022-05-24,0.5407772844803345,0.7413385126466487,0.4592227155196656,0.5424537231835906,0.0017524424075476663,0.0007641592649692077,2.363505095864591,17
2022-05-25,0.641298529486791,0.7206773073726003,0.3587014705132089,0.564197409276564,0.001441258094736273,0.0010168456549096458,2.783005538904252,17
2022-05-26,0.6919132453530471,0.7348929920861345,0.30808675464695295,0.5493731798263783,0.0012845214306232851,0.0011440789559823076,2.711555042134874,17
2022-05-27,0.7345275560735007,0.7731821416747682,0.2654724439264994,0.5062613896209528,0.0011525342119369701,0.0012512011502513888,1.9597495535922103,17
2022-05-28,0.6378261142516405,0.7044820927388664,0.3621738857483595,0.5804013205438391,0.001452009804037829,0.0010081168327577912,2.5784511856715024,17
2022-05-29,0.7223146236364064,0.7728538666374032,0.2776853763635937,0.5066528611517369,0.0011903630759485825,0.001220500756439935,2.704452433733493,17
2022-05-30,0.7020324908639651,0.7370404005908369,0.29796750913603487,0.5470820211404583,0.0012531816646714042,0.0011695163211573073,-0.13042774275277025,17
2022-05-31,0.47055526964986033,0.7519132890992707,0.5294447303501397,0.5308174854098059,0.001969753419783575,0.0005876378995532033,2.6334352327326442,17
2022-06-01,0.644779831145345,0.7185113116357276,0.3552201688546551,0.5664055561158364,0.0014304787172526373,0.0010255968154064858,0.2892104001483138,17
2022-06-02,0.37777689305949014,0.6555136544267962,0.6222231069405099,0.6255274215177045,0.0022567724187572435,0.0003544152306174049,2.115507266589243,17
2022-06-03,0.6324776087331336,0.7653644875890012,0.3675223912668663,0.5154749814691525,0.0014685701913862345,0.000994671967933831,1.762936709887675,17
2022-06-04,0.6873797390837273,0.7932331851024059,0.31262026091627265,0.48154263542234127,0.0012985614870297333,0.0011326828045230496,2.8383686600251843,17
2022-06-05,0.7413187052991278,0.7759781879701638,0.25868129470087203,0.5029104403035339,0.0011314981977091259,0.0012682724766288156,2.8861457542707747,17
2022-06-06,0.7253323103628349,0.7530466525540842,0.27466768963716515,0.5295486814719131,0.0011810161381878063,0.0012280864997802946,0.7700749491842496,17
2022-06-07,0.5941001954351414,0.77013474020317,0.4058998045648586,0.5098798630028561,0.0015873862069665362,0.0008982003213590304,2.6998448946329114,17
2022-06-08,0.6724766316171538,0.7252834856200696,0.32752336838284624,0.5594579187655029,0.0013447138818679935,0.0010952199535169665,1.5807989334930033,17
2022-06-09,0.6115660167459498,0.7260533857628032,0.3884339832540502,0.5586598608862164,0.0015333145396503086,0.0009421052225974646,2.7090746543922344,17
2022-06-10,0.6886075804474732,0.7385254024004775,0.311392419552527,0.545489387318335,0.0012947589455294289,0.0011357693043132634,1.395874642244191,17
2022-06-11,0.6028338070107089,0.7303747047593436,0.397166192989291,0.554148706604016,0.0015603486852706298,0.00092015453392405,1.946722737154207,17
2022-06-12,0.6172715553692139,0.7184244700437383,0.38272844463078604,0.5664938171597562,0.001515650178392366,0.0009564475833321107,0.5724932335793959,17
2022-06-13,0.5262273691780361,0.7880539958049344,0.4737726308219639,0.4880847976135078,0.0017974741011564507,0.0007275842546672485,-3.750613116266508,17
2022-06-14,0.30517286987940456,0.5679239492199998,0.6948271301205955,0.6948271301205955,0.0024813042037799666,0.00017190606540213774,2.2900450656376616,17
2022-06-15,0.44586586232770975,0.5702367055254168,0.5541341376722901,0.6931505454150093,0.00204614314326543,0.0005255746291907787,2.2498350031463694,17
2022-06-16,0.7020710528392544,0.8037056494192781,0.2979289471607457,0.4679561039201548,0.0012530622339958781,0.0011696132567486262,-0.8321094024851019,17
2022-06-17,0.43244184310517725,0.7173751278503974,0.5675581568948227,0.5675586724132548,0.0020876742048121606,0.0004918298525953941,2.5556265383872683,17
2022-06-18,0.8156943676682251,0.8834648859828532,0.18430563233177494,0.3443343990418781,0.0009010767329542147,0.001455235119424067,-0.5431861116226042,17
2022-06-19,0.4250125606977924,0.7083931426253561,0.5749874393022074,0.5765518162824514,0.00211065784615486,0.0004731544118838361,0.5360093529011184,17
2022-06-20,0.4579133198022476,0.7412302060205326,0.5420866801977523,0.5425710540400651,0.0020088689320239255,0.0005558590584873555,2.6164426402209826,17
2022-06-21,0.721881985835118,0.7956759624746912,0.27811801416488213,0.4784170698133471,0.0011917031123749918,0.0012194132083882536,2.8570516425459633,17
2022-06-22,0.6889471817489111,0.7197966416787634,0.31105281825108894,0.5650967821314133,0.001293707219947919,0.0011366229808358126,1.3917329936822094,17
2022-06-23,0.6933948473662525,0.8138898717436479,0.3066051526337476,0.4542557758103204,0.0012799329223241243,0.0011478033494080088,0.5005088792350144,17
2022-06-24,0.5112809318122251,0.7464083221961776,0.48871906818777505,0.5369200270846497,0.001843730236706698,0.0006900124826483575,2.607881574817931,17
2022-06-25,0.6467089028052753,0.7156323429439934,0.3532910971947246,0.5693205680482163,0.0014245055430633891,0.0010304460405991592,2.762306247406234,17
2022-06-26,0.7108722604042282,0.7533935675972742,0.28912773959577187,0.5291594501404139,0.0012258034352709913,0.0011917373894786464,2.3003033789130893,17
2022-06-27,0.6953236695920764,0.7485865594287521,0.3046763304079237,0.5345171881503432,0.001273959335424502,0.001152651947582942,2.4735310712476775,17
2022-06-28,0.607508912932262,0.6552179557391262,0.39249108706773805,0.6257841000791503,0.0015458750925022302,0.0009319066330731456,1.9978757053618468,17
2022-06-29,0.6524040355847711,0.7474214723369292,0.3475959644152289,0.5358043227820822,0.0014068708692870295,0.0010447622435290952,2.6597896943381336,17
2022-06-30,0.7635348028482165,0.8078814578644422,0.23646519715178352,0.46239877212100206,0.0010626783583734,0.001324118437230311,1.0364193627319063,17
2022-07-01,0.6383910656146591,0.7690713582997304,0.3616089343853408,0.5111343612439905,0.001450260544121697,0.0010095369854867388,2.7999742053658077,17
2022-07-02,0.7094016338631706,0.7517828202877569,0.2905983661368296,0.5309632707571713,0.0012303582775632573,0.0011880405857672856,2.787690826529934,17
2022-07-03,0.7149901160239586,0.7493771796298814,0.28500988397604154,0.5336412263378688,0.0012130494176740346,0.0012020886945264377,2.870389334358681,17
2022-07-04,0.709200865833895,0.7404230763262853,0.2907991341661051,0.5434442810147251,0.001230980096608953,0.001187535902916115,0.7015412199925843,17
2022-07-05,0.546423776074675,0.7436176777792223,0.45357622392532504,0.539976107018901,0.0017349659096448074,0.0007783531955826942,2.6992553346333996,17
2022-07-06,0.6882512533611973,0.7471502221248515,0.31174874663880275,0.5361033550733124,0.0012958624683318688,0.0011348735831643337,2.5029156960117924,17
2022-07-07,0.743009646296853,0.788645344102927,0.25699035370314705,0.4873435571652416,0.0011262603103947637,0.001272523098239103,0.44315258626578613,17
2022-07-08,0.5307270907140287,0.7446813597654136,0.4692729092859713,0.538814185158644,0.001783547839767528,0.0007388954793799368,2.6599572716082225,17
2022-07-09,0.6885759302151593,0.7512669134477057,0.3114240697848408,0.5315391890793305,0.0012948569643933996,0.0011356897431921925,2.6425326086973877,17
2022-07-10,0.6933458269056234,0.7356823546007235,0.3066541730943766,0.548532602051259,0.0012800847386998382,0.0011476801236836478,1.2703017899731752,17
2022-07-11,0.6006350722085984,0.740037646389637,0.39936492779140154,0.543860558580718,0.0015671556210225504,0.0009146274400291621,1.0329895037243193,17
2022-07-12,0.5202006621766821,0.7342976293371021,0.47979933782331785,0.5500059270287512,0.0018161258538299324,0.00071243455337472,1.5668131767647537,17
2022-07-13,0.5887866647039026,0.7554071754664872,0.41121333529609755,0.526892220155634,0.0016038353680018342,0.0008848433747928783,1.2218178468609429,17
2022-07-14,0.5330452596089068,0.7151356915553928,0.46695474039109325,0.5698211536362796,0.0017763732012680113,0.0007447228020447261,2.334111762093648,17
2022-07-15,0.6824267199277132,0.7641417662545227,0.3175732800722868,0.5168958152230698,0.0013139004582712322,0.0011202320979111422,2.663548923382229,17
2022-07-16,0.636283727392407,0.6778406572441839,0.3637162726075929,0.6056222593822078,0.001456785478690906,0.001004239640753989,2.4934753020088882,17
2022-07-17,0.6720556760406134,0.7276905207570693,0.32794432395938655,0.5569571846457535,0.0013460174690921474,0.0010941617717867816,2.3473304361533263,17
2022-07-18,0.5804869634286425,0.6375538325315075,0.4195130365713575,0.6408082761682312,0.0016295281391736894,0.0008639799090380041,0.3633660081011557,17
2022-07-19,0.45414373786912526,0.7353722161435865,0.5458562621308747,0.5488630875279485,0.002020532021025624,0.0005463832302661253,1.1522605400207722,17
2022-07-20,0.5224411862137345,0.7612828967123996,0.4775588137862655,0.5201970676480532,0.0018091918221719108,0.0007180666954205249,2.650372922670697,17
2022-07-21,0.7030416366722985,0.7674357294066689,0.29695836332770154,0.5130558131641149,0.0012500562230061902,0.0011720530725795057,2.7858742007827635,17
2022-07-22,0.7233622966762324,0.7584344501914037,0.27663770332376747,0.5234576718199526,0.0011871180421766617,0.0012231343561158498,2.2756725268450992,17
2022-07-23,0.6363940073681308,0.6886734484527057,0.3636059926318692,0.5955706941629758,0.0014564440210712514,0.0010045168582610599,2.624496650026657,17
2022-07-24,0.6880041242653488,0.738402952989239,0.3119958757346511,0.54562096785875,0.0012966278108139018,0.001134252359669985,2.805044087361253,17
2022-07-25,0.7383776530034108,0.7739792403334926,0.26162234699658904,0.5053091399787686,0.001140608364751998,0.001260879373935121,0.35153787823238436,17
2022-07-26,0.5301276561365147,0.7698575337196482,0.46987234386348536,0.5102072943128397,0.0017854030543674384,0.0007373886440896678,2.3511751580227913,17
2022-07-27,0.6679882001931775,0.7572272072922734,0.3320117998068226,0.554493457601116,0.0014302428557917844,0.0007333948330647405,-0.07958017512446691,18
2022-07-28,0.45624389004661114,0.7661177732545318,0.5437561099533889,0.5452868088124982,0.0021111657198796324,6.157102152501979e-05,1.4066302859855944,18
2022-07-29,0.5054133683680513,0.7220150859935669,0.49458663163194877,0.5885234596762308,0.0019531280241784194,0.000217576282372239,2.6228540949514776,18
2022-07-30,0.7016025878172539,0.7756616402513308,0.29839741218274607,0.5350929136328861,0.0013220633946480704,0.0008400467945769488,2.524959276624188,18
2022-07-31,0.7036556827078926,0.7522992816192848,0.29634431729210753,0.5594826497718627,0.0013154552873991155,0.0008465608682440372,2.6081221031727093,18
2022-08-01,0.7250663091960375,0.7697683835167078,0.27493369080396257,0.5414266750309129,0.0012465378205350523,0.0009144926520296904,2.8269454451843217,18
2022-08-02,0.7221471157185305,0.7559962186176277,0.2778528842814694,0.5557471904443047,0.0012559347923813084,0.0009052306147767267,2.5686860465862376,18
2022-08-03,0.7352060602503204,0.7785021388004387,0.2647939397496796,0.5319936380391957,0.0012138963231019,0.0009466641242956371,2.6825922251282726,18
2022-08-04,0.742633171778677,0.7797728626375902,0.25736682822132295,0.5305971264920977,0.0011899859373068866,0.0009702289151146081,2.7325134713765444,18
2022-08-05,0.7010008676158264,0.735578825783332,0.2989991323841737,0.5758451924649012,0.0013240000799064923,0.0008381376525606946,2.0614480792186907,18
2022-08-06,0.7912939056390829,0.8566679823187884,0.20870609436091714,0.4316657232557952,0.0010333030904550466,0.0011246200280176618,2.685032844513597,18
2022-08-07,0.7194025411402253,0.7486446464426627,0.2805974588597747,0.5631322789426129,0.0012647695042413483,0.0008965226095747179,2.7999395020470526,18
2022-08-08,0.7182553308230095,0.7534187800196366,0.28174466917699054,0.5583561630075365,0.0012684622984985379,0.0008928827327467827,2.03135766104372,18
2022-08-09,0.6678326136703728,0.7360590808086331,0.33216738632962717,0.5753868556884422,0.0014307435190331987,0.0007329011870692355,1.9081709298820462,18
2022-08-10,0.6601650164209591,0.7541598561870986,0.33983498357904074,0.5576082350727876,0.0014554165438711286,0.0007085733814914286,1.8091995039557354,18
2022-08-11,0.6245593423450759,0.7239434372326026,0.37544065765492396,0.5867515931978944,0.0015699740413359497,0.0005956034525542905,2.746688037007959,18
2022-08-12,0.7135197292813618,0.7635468951258814,0.2864802707186382,0.5479769767238544,0.0012837056067095394,0.0008778575834266382,2.458557932507007,18
2022-08-13,0.7249203741962362,0.7728738267131532,0.27507962580376355,0.5381051030557393,0.0012470075937749262,0.0009140296284531155,2.8363466075335193,18
2022-08-14,0.72854088498389,0.7620423331652654,0.27145911501611003,0.5495407090956163,0.001235352832643374,0.0009255168101176359,2.789368531672505,18
2022-08-15,0.7571141984910598,0.7914511299599274,0.24288580150894026,0.5174612224281544,0.0011433634173762866,0.0010161744168104383,2.703247116447211,18
2022-08-16,0.7357817679856098,0.7692564500322475,0.2642182320143901,0.541970867896138,0.0012120429647547385,0.0009484907337794402,2.702180181052203,18
2022-08-17,0.7202303649263213,0.7567862955566002,0.2797696350736786,0.5549430910485889,0.0012621047776788681,0.0008991491346080155,2.128840679528838,18
2022-08-18,0.7087180753337416,0.7735719762036742,0.2912819246662583,0.5373534831318062,0.0012991610683413832,0.0008626228625760424,2.767521026083891,18
2022-08-19,0.7404812367436138,0.7783219278113293,0.25951876325638634,0.5321911831240297,0.0011969138588057363,0.000963401240753765,-0.952160217624304,18
2022-08-20,0.4203755110837471,0.7315903490458951,0.5796244889162531,0.5796262083201011,0.0022264210855385976,-5.2232419294253e-05,2.4463420162653042,18
2022-08-21,0.6564816234970716,0.7585170511768473,0.3435183765029283,0.5531743914657414,0.001467268655415894,0.0006968866869502071,2.4223023301822515,18
2022-08-22,0.715351581198888,0.7749555263544452,0.284648418801112,0.5358586082298542,0.001277809158380439,0.0008836696958586414,2.6028823180675658,18
2022-08-23,0.7128577535804655,0.7560446214404789,0.28714224641953456,0.555697987683414,0.0012858363876068393,0.0008757572623449762,2.7226868173112733,18
2022-08-24,0.7089944356805298,0.747415251538612,0.29100556431947006,0.5643505428210465,0.0012982715381227668,0.0008634997005954875,2.76520948288915,18
2022-08-25,0.7590569054193274,0.7966465618133822,0.24094309458067284,0.5114343183704804,0.0011371084366010853,0.0010223382507871335,2.8219820034894063,18
2022-08-26,0.7732146895592868,0.8022504428035058,0.22678531044071323,0.5047998197266006,0.0010915219797801644,0.0010672581662138124,-0.09311401232242655,18
2022-08-27,0.4315960616265448,0.7293164382636121,0.568403938373455,0.5817618096578806,0.0021903690298553957,-1.6631778936933967e-05,2.4178444370220626,18
2022-08-28,0.6646555281147303,0.7687510928844963,0.33534447188526967,0.542507143685083,0.0014409669840235609,0.0007228209080473241,2.299497026232155,18
2022-08-29,0.6262427570007254,0.6923197331873852,0.3737572429992746,0.6146352449720954,0.0015645584072601123,0.0006009446022153011,1.882198035223347,18
2022-08-30,0.6968723529294003,0.7987445357215585,0.3031276470705998,0.5089670723195788,0.0013372878425918424,0.0008250386726130749,2.1385669637244415,18
2022-08-31,0.702079207339608,0.7718352806457328,0.29792079266039195,0.5392198582511286,0.0013205293508951003,0.0008415590162935112,2.7332664979021812,18
2022-09-01,0.6037517681212391,0.6413641327260792,0.3962482318787608,0.6550426951134063,0.001636908398228415,0.0005295850371632105,2.72303462295094,18
2022-09-02,0.7010730736364932,0.7549822332253587,0.2989269263635069,0.5567761666401748,0.001323767679359085,0.0008383667483224033,2.7040705069762883,18
2022-09-03,0.6109177341346198,0.6505577642817109,0.3890822658653803,0.6481115777672323,0.0016138577126812307,0.0005523212636863275,2.6411012061380337,18
2022-09-04,0.6915019860455817,0.7489144050626934,0.3084980139544184,0.5628643312179299,0.0013545720346074797,0.000807999535425604,2.7608213152000203,18
2022-09-05,0.716467413015407,0.7565529345169048,0.28353258698459305,0.5551808080475424,0.001274217435031615,0.0008872100147625692,2.7057219886823374,18
2022-09-06,0.6942968921272469,0.7333911715714027,0.30570310787275295,0.5779246452558426,0.0013455768755653694,0.0008168672327695384,0.6280897257575886,18
2022-09-07,0.5163929267876786,0.7624955443761737,0.4836070732123215,0.5490704943394857,0.0019178315138677505,0.0002524123012545941,2.1549442381831443,18
2022-09-08,0.6694705020354179,0.7760892533034518,0.330529497964582,0.5346283054883787,0.0014254729192040307,0.0007380978906005821,2.7887770645347825,18
2022-09-09,0.7054405472539901,0.7476772438255663,0.2945594527460099,0.5640913173371574,0.0013097104394725707,0.0008522238988190329,-0.7783246533691281,18
2022-09-10,0.4109085072062929,0.7213799960597839,0.5890914927937071,0.5891048568916271,0.0022568369575320245,-8.226939466520931e-05,2.322122377733846,18
2022-09-11,0.622787107651241,0.7376960066668863,0.3772128923487588,0.5738196275975863,0.0015756753525264936,0.000589980494061895,2.7459177003979494,18
2022-09-12,0.7106414474511619,0.7609497086239538,0.28935855254883824,0.5506714371291584,0.0012929702147947088,0.0008687253509311725,1.9708629744238444,18
2022-09-13,0.6486365044025473,0.7222532590028923,0.3513634955974527,0.5883051482240136,0.0014925111084844866,0.0006719956388345897,-0.6078659295991617,18
2022-09-14,0.2709466870792023,0.5305446003513777,0.7290533129207978,0.7290546707178178,0.0027062999230604494,-0.0005263412254630847,2.350996638775529,18
2022-09-15,0.6555953192637803,0.7977029764989478,0.34440468073621955,0.5101944094622748,0.0014701204897639747,0.0006940746147496299,1.8369792657205684,18
2022-09-16,0.5078788129672176,0.6028537995480422,0.4921211870327825,0.6826044649942111,0.0019452024531045897,0.00022539866204612682,2.6348709834539314,18
2022-09-17,0.7002566460854188,0.7733515168421263,0.2997433539145811,0.5375910224583086,0.0013263954071632681,0.0008357763813423929,2.4536799149868975,18
2022-09-18,0.6914094885820345,0.7419652258456311,0.3085905114179655,0.5696952357580595,0.0013548697268579274,0.0008077060588336004,1.3772975459418015,18
2022-09-19,0.6114487200444518,0.749608981410237,0.3885512799555483,0.562173366546262,0.0016121496548926054,0.0005540059794530478,2.707167580989094,18
2022-09-20,0.7012429967204827,0.754679005877095,0.2987570032795174,0.5570832237665168,0.0013232207686267427,0.0008389058814583794,1.335521616484542,18
2022-09-21,0.6176251090875519,0.7563114028015366,0.38237489091244825,0.5554266589722201,0.0015922812353055017,0.0005736024693214907,2.2321819937117726,18
2022-09-22,0.6639498182846284,0.7454155044162741,0.3360501817153716,0.5663221775407086,0.0014432378426385314,0.0007205818270180774,0.845816311181955,18
2022-09-23,0.5135598128401246,0.7266135634638895,0.4864401871598754,0.5842817136272263,0.001926939492786668,0.0002434233777295437,2.5988537000538887,18
2022-09-24,0.668249542897964,0.7433684864932917,0.33175045710203593,0.5683277294219982,0.0014294018777044797,0.000734224023005789,2.18840657157625,18
2022-09-25,0.6784877560571578,0.7517842559588489,0.32151224394284217,0.5599995387866139,0.001396455116340831,0.0007667078965191065,2.704527873383201,18
2022-09-26,0.6841925114841588,0.7286350982016694,0.31580748851584123,0.5823989161785181,0.001378096191144438,0.0007848079839888327,2.3375256918867757,18
2022-09-27,0.7229686486208552,0.7816315274444386,0.27703135137914486,0.5285431535526633,0.0012532902705394162,0.00090783718005049,2.7794751372805946,18
2022-09-28,0.7184042871889705,0.7541104977203568,0.28159571281102935,0.5576581052284094,0.0012679828192894505,0.0008933553425348041,2.5043764240091853,18
2022-09-29,0.6904858850569991,0.7358431526994601,0.3095141149430008,0.5755930112799365,0.0013578422271567474,0.0008047756431822362,2.79857273074552,18
2022-09-30,0.7980505144054214,0.8353225780156155,0.20194948559457845,0.46245415814470126,0.0010115436957661029,0.0011460574430364754,2.8297835291069333,18
2022-10-01,0.847300396446491,0.8695967388405897,0.15269960355350898,0.411389193316152,0.0008529086067219384,0.0013023178093613625,2.847573470292194,18
2022-10-02,0.7629478526509418,0.7812108161355199,0.23705214734905827,0.5290092583944461,0.0011245804306098015,0.001034683475071242,2.4966035767604233,18
2022-10-03,0.6925908541917816,0.7320254677510027,0.3074091458082184,0.5792159097192516,0.0013510676270893512,0.0008114543038098777,1.7687475329606788,18
2022-10-04,0.6649084748845464,0.758210610593131,0.33509152511545365,0.5534882767921319,0.0014401530403181616,0.0007236234593078366,1.5646235197430005,18
2022-10-05,0.6534936783909838,0.7738728162485394,0.3465063216090162,0.5370290442212676,0.001476882812875777,0.0006874065140546337,2.633943090975161,18
2022-10-06,0.7707908961194725,0.8206013525716769,0.2292091038805275,0.48202308328095406,0.0010993266056549605,0.0010595679376263528,2.6932015933354245,18
2022-10-07,0.8074180352217186,0.8378016685351969,0.1925819647782814,0.4590328290127183,0.0009813744402690757,0.0011757787778630228,2.2577602840556112,18
2022-10-08,0.7849936707940071,0.8234572651755518,0.215006329205993,0.47832254479425784,0.001053591922652857,0.001104630599332261,2.8024292050613955,18
2022-10-09,0.7250415538042003,0.7520814224033314,0.2749584461957996,0.5597014008371032,0.0012466175096093014,0.000914414107951275,2.8352177786644437,18
2022-10-10,0.728357264437308,0.7618953186262293,0.2716427355626919,0.5496930880257155,0.0012359439306225363,0.0009249342175776223,2.526186488345489,18
2022-10-11,0.7078366819989836,0.7519959569792268,0.29216331800101647,0.5597871746115646,0.0013019980280426337,0.0008598263717082926,2.7475434825084513,18
2022-10-12,0.6010868870945446,0.6378920338975024,0.3989131129054554,0.6576229956161177,0.0016454802285423243,0.0005211298842128688,2.7037524458588678,18
2022-10-13,0.650548352546438,0.7051334918232337,0.34945164745356205,0.6036281946994022,0.0014863596606075557,0.0006780615638468117,2.6465232418376337,18
2022-10-14,0.73319133153355,0.7831698555332156,0.26680866846645007,0.5268328903602042,0.001220382225251285,0.0009402717790903167,2.644720938398749,18
2022-10-15,0.7482788286629496,0.7869238703532362,0.2517211713370504,0.5226194875220526,0.0011718099139968582,0.0009881414943192727,2.7872389359837206,18
2022-10-16,0.7135576659119532,0.7457232059790264,0.2864423340880468,0.5660196032729845,0.0012835834952413915,0.0008779779490305275,2.742334142536075,18
2022-10-17,0.7498628879630354,0.7872806881932891,0.2501371120369646,0.5222160242176186,0.0011667099672194809,0.0009931674086210642,2.6300183161407604,18
2022-10-18,0.7153294744714859,0.7514164880269106,0.284670525528514,0.5603681183371096,0.0012778803169235348,0.0008835995554810623,2.6258400347700626,18
2022-10-19,0.8923556951531701,0.9237381243507828,0.10764430484682995,0.3075703049961328,0.000707741601516956,0.0014452695726754744,2.7547035508524758,18
2022-10-20,0.7434322441092165,0.7574985274819189,0.25656775589078357,0.5542164501938506,0.0011874133868486905,0.0009727642173308862,2.7917021225707805,18
2022-10-21,0.6954838336974677,0.7280613810580875,0.3045161663025324,0.5829343959385412,0.001341756761092686,0.0008206331691917669,2.772107903944659,18
2022-10-22,0.7450672723830372,0.7840153646481495,0.2549327276169627,0.525888871088375,0.0011821495019811745,0.0009779518463450174,2.853482199541373,18
2022-10-23,0.7121957878560259,0.742713898948156,0.28780421214397395,0.5689663759015323,0.0012879671275692185,0.0008736569729166851,2.4845071139933914,18
2022-10-24,0.7312656354533207,0.7783107504017057,0.2687343645466793,0.5322034315485132,0.0012265814332852315,0.0009341619172499149,2.6237912668312378,18
2022-10-25,0.6892224818779286,0.7290976328049773,0.31077751812207144,0.5819665495343315,0.0013619083015441577,0.0008007671088386825,1.3775695354697102,18
2022-10-26,0.6525264223898587,0.7712379833976107,0.34747357761014136,0.5202911838119696,0.001532845854733281,0.0007777680642355979,1.6302015745793748,19
2022-10-27,0.7319607411484694,0.8434927278808898,0.2680392588515307,0.45157118509022176,0.001267502325344585,0.000951583423859859,2.004501808668118,19
2022-10-28,0.6815978105360955,0.7439775024018829,0.31840218946390453,0.542017591129295,0.0014357423861450641,0.0008413810449268545,2.542282605717507,19
2022-10-29,0.714814356682254,0.7606166929604745,0.285185643317746,0.5289697801137047,0.0013247834658644464,0.0009140643133692438,2.733528881610746,19
2022-10-30,0.7166000322895696,0.7510172584846253,0.28339996771043047,0.5365747386726274,0.0013188181684163798,0.0009179716654144096,2.6806974998161115,19
2022-10-31,0.7218094834735376,0.7582295784864487,0.27819051652646243,0.5308813811375921,0.0013014150985126106,0.0009293708017718077,2.748361793700127,19
2022-11-01,0.6681384987395954,0.6999512114130783,0.3318615012604047,0.5738290646403638,0.001480699823421748,0.0008119298561111874,2.768448320870661,19
2022-11-02,0.7101897371357899,0.7493696750378301,0.2898102628642101,0.5378584768606189,0.0013402325080094047,0.000903944884863326,2.4257316785274425,19
2022-11-03,0.8893021618490123,0.9307789947807958,0.11069783815098766,0.32491025143374497,0.0007417384258057742,0.0012958723414241262,2.9499314512345185,19
2022-11-04,0.7226884057678084,0.7334293739698784,0.2773115942321917,0.5499743211261737,0.001298478881421182,0.0009312940283701841,0.8528729720534072,19
2022-11-05,0.21724195822471257,0.251196410025068,0.7827580417752873,0.8079110067457704,0.0029858035151360328,-0.00017470596537917996,2.2487518836706215,19
2022-11-06,0.5956279598884177,0.7502164148789976,0.40437204011158245,0.53719949447006,0.0017228731473944024,0.0006532648661681574,2.37363659353903,19
2022-11-07,0.6885387731723238,0.7576131789184842,0.3114612268276762,0.5313727565389298,0.0014125571726516164,0.0008565690132459486,2.3401679871407186,19
2022-11-08,0.7429711913190169,0.7985812575217129,0.257028808680983,0.49649580080239886,0.001230718092690781,0.0009756761005004737,-0.9426454760503327,19
2022-11-09,0.5185663347845263,0.8145832237718232,0.4814336652154737,0.48143650893483286,0.0019801911655349482,0.00048464135066515697,-2.3398398432950946,19
2022-11-10,0.544490284453946,0.8398875317795507,0.455509715546054,0.4555097155460636,0.0018936343326841684,0.000541367218087328,-0.4746213197878839,19
2022-11-11,0.5866270007143223,0.8753989695031069,0.41337299928567783,0.4133745672844972,0.0017529313639422074,0.0006335692864708859,1.4006575143793216,19
2022-11-12,0.743456078125014,0.900103078441255,0.256543921874986,0.378442778581152,0.0012290981332288857,0.0009767371126156222,2.711186557272728,19
2022-11-13,0.825132987500886,0.8575789147503269,0.17486701249911402,0.4355001861760398,0.0009561914246939568,0.0011554596295079377,1.8936692571880696,19
2022-11-14,0.7448248207359816,0.7909488812611876,0.25517517926401845,0.5033668220976002,0.001224525285697223,0.000979732146662321,2.4792910271079083,19
2022-11-15,0.7286065280174772,0.7673260581456408,0.2713934719825229,0.5235212671172462,0.0012787080085062987,0.0009442438536245865,2.6507685361875923,19
2022-11-16,0.7392283480421776,0.7749099414629455,0.26077165195782237,0.5172221277008353,0.0012432224907652403,0.0009674861435606018,2.622208159680748,19
2022-11-17,0.8101299510756761,0.8461060867113986,0.18987004892432396,0.4486736139641887,0.0010063257957890926,0.0011226305171990834,2.8902988971454877,19
2022-11-18,0.8762115073122575,0.8956089432377276,0.12378849268774274,0.38523702188115355,0.000785490516928026,0.0012672278353519145,2.9342235570206383,19
2022-11-19,0.3756086313573985,0.38110743569022076,0.6243913686426015,0.74644810052884,0.002457393499423059,0.00017182637320239475,2.472733325828964,19
2022-11-20,0.6514703947716757,0.7505439137816182,0.3485296052283245,0.5369441812121628,0.0015363730174394858,0.0007754573020474631,1.8701012481233428,19
2022-11-21,0.6776486341620678,0.7708407430704862,0.32235136583793234,0.5206210261773018,0.001448933793859847,0.000832739597220137,1.7575466132753848,19
2022-11-22,0.6856778387598641,0.7812340580864384,0.31432216124013584,0.5118488666233754,0.001422113738008279,0.0008503088180112635,2.1718439209098155,19
2022-11-23,0.6844656654725142,0.7460971195419476,0.31553433452748586,0.5403903089259109,0.0014261628156665232,0.0008476563834066697,2.182131076353385,19
2022-11-24,0.8080712534703126,0.8702047382862775,0.1919287465296874,0.42005443728673403,0.001013205002342783,0.001118125748098951,2.8879758067179018,19
2022-11-25,0.7361503130548802,0.7563580663153844,0.2638496869451198,0.5323704874396776,0.0012535057422060284,0.000960750896546286,2.797784779188219,19
2022-11-26,0.708039157114348,0.7379696685255918,0.29196084288565205,0.5465777367293363,0.0013474166835760512,0.0008992390619184144,2.764081006112956,19
2022-11-27,0.7174337910377815,0.752057217881728,0.2825662089622184,0.5357612631306177,0.0013160328710278288,0.0009197960667427667,2.8088481262426317,19
2022-11-28,0.7230472347675776,0.7552279631035206,0.27695276523242235,0.5332656472136484,0.0012972801386904697,0.0009320792052636631,2.5435554150962276,19
2022-11-29,0.7321368819585707,0.7727883089037714,0.2678631180414292,0.5189998561872511,0.0012669138749332304,0.0009519688489346974,2.6354752737384337,19
2022-11-30,0.7044930717813609,0.7392816344098379,0.2955069282186392,0.5455883894158331,0.0013592625536863927,0.000891479643734386,1.0385379181594303,19
2022-12-01,0.606116964967118,0.7581187566612962,0.393883035032882,0.5309697922722411,0.0016878447031700718,0.0006762165351488568,2.493529607957135,19
2022-12-02,0.6921191253992017,0.7522979955720042,0.30788087460079827,0.535572569297235,0.0014005973787398446,0.0008644034130321095,2.761385634880616,19
2022-12-03,0.7199722552240222,0.7565082131727909,0.28002774477597786,0.5322513281096006,0.0013075527059232496,0.0009253506440629995,2.6486387496552073,19
2022-12-04,0.7326857712301534,0.7700105036147776,0.2673142287698466,0.521309049669856,0.001265080146264136,0.0009531699089755592,2.6663590649212856,19
2022-12-05,0.7282647255981757,0.762669041804874,0.2717352744018243,0.5273151029471519,0.001279849888636175,0.000943495933690737,2.6801364538395434,19
2022-12-06,0.7206972075745375,0.7555412387293148,0.2793027924254626,0.5330178020819325,0.0013051308697541127,0.0009269369590901124,2.788740840588082,19
2022-12-07,0.7178668615481263,0.7499781322160045,0.2821331384518737,0.5373851035268179,0.0013145861307636046,0.0009207436962771368,2.5604602924673983,19
2022-12-08,0.724744250660189,0.7653622877380496,0.2752557493398112,0.5251277671595318,0.0012916108882659637,0.0009357925552649224,2.3012197032602737,19
2022-12-09,0.7076378050657524,0.7561237722795487,0.29236219493424764,0.5325563207609919,0.001348757425611154,0.00089836083759733,2.7469892355021726,19
2022-12-10,0.7609207912134099,0.7970161880344563,0.23907920878659006,0.4979203001691376,0.0011707487315243121,0.0010149527785095907,2.845253781212643,19
2022-12-11,0.7477937134452647,0.7743717176256639,0.2522062865547354,0.5176742711046786,0.001214606417104931,0.000986228572413992,2.8274731217167433,19
2022-12-12,0.7320726958770911,0.7603632047292712,0.2679273041229088,0.5291734317348631,0.00126712830753456,0.0009518283992271955,2.803987027142894,19
2022-12-13,0.7512992484567407,0.7822852267892421,0.24870075154325944,0.5109446824256159,0.0012028945544128903,0.000993899259822375,1.6963053386707785,19
2022-12-14,0.7999532135419827,0.8740081546119888,0.20004678645801738,0.4151831346164015,0.0010403313073330878,0.0011003621409875874,2.8824685496452265,19
2022-12-15,0.7792529175407726,0.8008960603484813,0.22074708245922725,0.49437375962154156,0.0011094981702745614,0.0010550664872952223,1.9349971321779393,19
2022-12-16,0.6958039023558343,0.7506711772589738,0.3041960976441657,0.5368449029010222,0.0013882886367102788,0.0008724663113090946,0.9157686916286962,19
2022-12-17,0.6355411294499703,0.8199401594139799,0.3644588705500297,0.4761789468747679,0.0015895759276249013,0.0007406014485107026,2.658244464899595,19
2022-12-18,0.7415336007086731,0.789984929077728,0.2584663992913268,0.5042213231858063,0.0012355209292833143,0.00097253041570284,2.832894693046867,19
2022-12-19,0.7305591591031392,0.7593781324438121,0.2694408408968608,0.5299633462231048,0.0012721847136320434,0.0009485165317273501,2.219840369281331,19
2022-12-20,0.7063543571281722,0.7587258283915812,0.2936456428718279,0.5304851214840587,0.0013530448546909587,0.0008955524423304501,1.9661078956745677,19
2022-12-21,0.6819799124260818,0.7509406157287275,0.31802008757391825,0.5366345924154159,0.001434466045805697,0.0008422171467334667,2.717706178488452,19
2022-12-22,0.7079223108220966,0.7472034927787686,0.2920776891779034,0.5395370141934478,0.0013478070162032281,0.0008989833830049947,2.8064414961806943,19
2022-12-23,0.6902702794920424,0.7226852824272594,0.3097297205079576,0.5578502127126151,0.0014067732713623075,0.0008603578339767984,2.777092935692913,19
2022-12-24,0.692275980834921,0.7278528195099497,0.307724019165079,0.5540898816586218,0.001400073416678156,0.0008647466385345705,2.7893008010510787,19
2022-12-25,0.7340811934315358,0.7700911683102011,0.2659188065684642,0.5212422824703039,0.0012604183083323695,0.0009562233223559648,2.8228255454539295,19
2022-12-26,0.7174400378721811,0.7471210622870851,0.28255996212781875,0.5396006821027673,0.0013160120025061785,0.0009198097358442916,2.8113778434583327,19
2022-12-27,0.7342303057256276,0.7665076300381498,0.2657696942743723,0.5241920002770556,0.0012599201516549266,0.0009565496045904829,2.646449764923831,19
2022-12-28,0.7062960744450087,0.741022197997731,0.29370392555499136,0.5442702921380194,0.0013532395508549183,0.0008954249102298135,2.653357317603648,19
2022-12-29,0.6885690333531084,0.7262741581950124,0.3114309666468915,0.5552440014027124,0.0014124560921820483,0.0008566352275005371,2.7695231968678113,19
2022-12-30,0.7434396098475676,0.7807053661357062,0.25656039015243237,0.5123024206479313,0.0012291531521723793,0.0009767010773148671,2.819818713626602,19
2022-12-31,0.7445124159591707,0.7737487154233745,0.2554875840408292,0.5181966445279746,0.0012255690038980019,0.0009790485536073504,2.7978934194187897,19
2023-01-01,0.6932742947668192,0.7218069128295251,0.3067257052331806,0.5584844215848552,0.001396738629524111,0.0008669311136808623,2.77999491554107,19
2023-01-02,0.6747809758891167,0.7091073090146384,0.3252190241108835,0.5674995204426592,0.001458512520218063,0.0008264646890723479,2.764463510542361,19
2023-01-03,0.7106766969335139,0.7490558258052737,0.28932330306648624,0.5381023226625535,0.0013386057757459075,0.0009050104330254642,2.8010437075004884,19
2023-01-04,0.7388021554666717,0.7723811429212913,0.2611978445333283,0.5193396260950939,0.0012446463414007398,0.0009665535640793596,2.7316203243460437,19
2023-01-05,0.6923142075936077,0.7230420618612499,0.3076857924063924,0.5575921999432498,0.0013999457234502991,0.0008648302849724356,2.783499281644262,19
2023-01-06,0.7402380353329763,0.7766640362699633,0.2597619646670236,0.5157430297308492,0.0012398492577908092,0.0009696955054875486,2.7847724393741684,19
2023-01-07,0.747636629262816,0.7780750925620541,0.25236337073718407,0.5145469709533148,0.0012151312267881863,0.0009858848463760491,2.8332352321288674,19
2023-01-08,0.7188182150193699,0.746684655195842,0.28118178498063007,0.5399375054858454,0.0013114079783137602,0.0009228254142086081,2.781677290998912,19
2023-01-09,0.713312284396177,0.7457317091895191,0.28668771560382306,0.5406715421550483,0.001329801323371694,0.0009107775320552438,2.772709079965429,19
2023-01-10,0.7414464815927594,0.7754524267883351,0.25855351840724056,0.516765598852989,0.0012358119843030775,0.0009723397847425781,2.6293616756729583,19
2023-01-11,0.7370323528811008,0.7715550235694442,0.26296764711889925,0.5200276324997226,0.001250558989227348,0.0009626809448175293,2.2989002175419526,19
2023-01-12,0.7345216293315355,0.7816132125976589,0.26547837066846447,0.511523099536258,0.0012589468925948927,0.0009571870685748066,0.32405730875349636,19
2023-01-13,0.5135998193232744,0.7456063840320034,0.4864001806767256,0.5407679296893232,0.0019967730063047617,0.00047377379764188167,0.94427072070154,19
2023-01-14,0.5132379686241711,0.7618581722409038,0.48676203137582885,0.5279700993625444,0.0019979811178816257,0.0004729820087730673,0.8204483567095492,19
2023-01-15,0.46632209145090564,0.7220601151100784,0.5336779085490942,0.5583017480589855,0.0021546086206962124,0.0003703223499455051,2.5125903141998687,19
2023-01-16,0.6699776452614667,0.7510966011025142,0.3300223547385333,0.5365127624006943,0.001474556720534763,0.0008159542113155447,2.5775029402110095,19
2023-01-17,0.7376880141475445,0.7844184256052723,0.2623119858524555,0.5090998149600447,0.0012483685257239962,0.0009641156395514884,2.8289520601846263,19
2023-01-18,0.7579639951957319,0.787795733143208,0.24203600480426818,0.5061512181871699,0.0011806275577527583,0.0010084828223095499,2.1695699316066337,19
2023-01-19,0.7192667428021383,0.7687280620905268,0.2807332571978616,0.5223682422906679,0.0013099095946164016,0.000923806866798392,2.5176189359563383,19
2023-01-20,0.6324382038780287,0.6698593541679683,0.3675617961219713,0.5937362163470307,0.001599939253428134,0.0007338117368016703,0.16584816540173164,19
2023-01-21,0.5691516099329615,0.8584863312886511,0.4308483900670383,0.43442490397207384,0.0018112872713304472,0.000595330256027795,2.6554936044566833,19
2023-01-22,0.6670664693413095,0.7223114525047046,0.33293353065869064,0.5581203030840544,0.0014842805927248086,0.0008095840793952432,2.7381575961036986,19
2023-01-23,0.6982828247320896,0.7383806053160306,0.3017171752679104,0.5462682352606311,0.0013800078951695493,0.0008778906013520269,2.725773800728217,19
2023-01-24,0.6926840972674139,0.7287183328069188,0.3073159027325862,0.5534550987630019,0.0013987101378120678,0.0008656396644406384,2.512899306715631,19
2023-01-25,0.7764099644068431,0.8242655845131606,0.223590035593157,0.5452912691668353,0.0011720057731269779,0.0013291311418944986,2.361021873678627,20
2023-01-26,0.7506980433117159,0.7932818692209124,0.2493019566882841,0.5410567680591848,0.001262199767286144,0.0013100099437883172,2.78145448411106,20
2023-01-27,0.7838755758091599,0.8197246925259523,0.21612442419084002,0.5446368613883219,0.001145817265825171,0.00133468309711711,2.846950020798881,20
2023-01-28,0.7571100607935213,0.7829652001374343,0.2428899392064786,0.5397517957876221,0.0012397073325343835,0.00131477837225682,2.806407802354224,20
2023-01-29,0.7721639533864672,0.8046897384991648,0.2278360466135329,0.5425564581241827,0.0011869002645894253,0.0013259735086090954,1.7426547949004005,20
2023-01-30,0.7169982427964006,0.7912106106042784,0.2830017572035994,0.5407910480048229,0.0013804130711110485,0.0012849483951234745,0.9979688417559595,20
2023-01-31,0.6111761676548105,0.779515618891354,0.3888238323451896,0.539325400078172,0.0017516111718423578,0.0012062516359313729,2.5191289159751484,20
2023-02-01,0.7194587571269145,0.7824006022298627,0.28054124287308546,0.5396816783360041,0.001371782037956487,0.0012867782071310171,2.151211438890231,20
2023-02-02,0.7256772086015209,0.7892938570678009,0.2743227913984792,0.5405468522024486,0.001349968820442355,0.0012914026862634674,2.66395082507266,20
2023-02-03,0.7694142865817579,0.8123283758248764,0.23058571341824197,0.5435975991376942,0.001196545751466536,0.0013239286624264894,2.8176133509602255,20
2023-02-04,0.783778323464935,0.8153853849952161,0.21622167653506486,0.5440232739468512,0.0011461584162746486,0.00133461077341429,2.8143974030616095,20
2023-02-05,0.7782698050348673,0.8071937993910117,0.2217301949651326,0.5428943257870391,0.0011654816715904817,0.001330514250568596,2.4341745992181396,20
2023-02-06,0.7436219026851983,0.7819621391105216,0.25637809731480166,0.5396273150446494,0.0012870217976891684,0.0013047476265057522,2.6803066178225707,20
2023-02-07,0.7614941939087067,0.799324516565362,0.2385058060912932,0.5418432896657602,0.0012243283981878705,0.0013180387228743091,2.3121078252589733,20
2023-02-08,0.7451594191613944,0.7925096979625724,0.2548405808386056,0.5409574808607016,0.0012816284272905403,0.0013058910322055477,2.5304309682236283,20
2023-02-09,0.743205300747829,0.7840254102479747,0.25679469925217113,0.5398838162570616,0.001288483172509908,0.0013044378119202772,0.5123508933984569,20
2023-02-10,0.5559972406514628,0.7875669374809722,0.4440027593485372,0.5403282156298472,0.0019451605135403223,0.0011652166937886216,2.5297422051941076,20
2023-02-11,0.6884073122494726,0.7529944048416735,0.3115926877505275,0.5361930128268259,0.0014807043225481878,0.0012636861625191793,2.6606735667082324,20
2023-02-12,0.7376464788762748,0.7817612920357946,0.2623535211237251,0.5396024388337696,0.0013079826369490836,0.0013003038798873607,2.7722811439527653,20
2023-02-13,0.7641823610013618,0.7999058995107674,0.23581763899863822,0.5419198800437627,0.0012148986682412471,0.0013200378335331748,2.8326213438364767,20
2023-02-14,0.7810594191626851,0.8126714156848285,0.21894058083731502,0.5436451016984792,0.0011556960271195927,0.0013325888043983335,2.4746944840310845,20
2023-02-15,0.7631143058669669,0.8019143223853256,0.2368856941330331,0.5421857427990283,0.0012186452634902816,0.0013192435524004061,-0.5963326711428736,20
2023-02-16,0.46536168231398195,0.7422654510358433,0.534638317686018,0.5349902151340592,0.002263072627788408,0.0010978136996668106,2.0028076834267603,20
2023-02-17,0.6326256109776248,0.7594638008492282,0.36737438902237507,0.5369350659004622,0.0016763727426383247,0.0012222029549139347,1.5728979609621505,20
2023-02-18,0.6510586977776472,0.7874647186462221,0.34894130222235276,0.5403153145281211,0.001611714411129432,0.0012359110984286744,2.7357144166769034,20
2023-02-19,0.764746032029943,0.8169955116910427,0.23525396797005704,0.5442496449406611,0.0012129213847911911,0.001320457019068333,2.649440727729193,20
2023-02-20,0.7715390013900804,0.8082222163444689,0.2284609986099196,0.5430340434274684,0.0011890925186795905,0.0013255087502238485,2.5361248188574934,20
2023-02-21,0.7049398067589782,0.7349539130115684,0.29506019324102184,0.534188983794866,0.0014227117570813923,0.00127598089154919,2.43134428470015,20
2023-02-22,0.7515300154024708,0.8075549492847841,0.2484699845975292,0.5429433264716107,0.0012592813314651343,0.001310628656917814,2.674383122417019,20
2023-02-23,0.7732702785658818,0.8116116419750945,0.2267297214341181,0.5434985616586603,0.001183019412018914,0.0013267962500467024,2.668463908123271,20
2023-02-24,0.76680752422541,0.8006972323810563,0.23319247577459,0.5420243943008897,0.0012056899397090944,0.0013219900900713916,1.65344516234925,20
2023-02-25,0.7009147660578305,0.7811773879957145,0.29908523394216946,0.5395302109947903,0.001436830793777955,0.0012729875873792162,2.7742217884302884,20
2023-02-26,0.7488216751297402,0.787982094868037,0.2511783248702598,0.5403806589954214,0.0012687817882917536,0.0013086145440593376,2.5619703700381202,20
2023-02-27,0.7468153011120654,0.7859635893656337,0.2531846988879345,0.540126369057295,0.0012758198461592005,0.0013071224628210232,2.807124088034246,20
2023-02-28,0.7522010614502848,0.7838050779947755,0.24779893854971533,0.5398563417480671,0.0012569273999939678,0.0013111276940909274,2.493022785004155,20
2023-03-01,0.7554847481295103,0.7985838049557954,0.24451525187048972,0.5417459470954981,0.0012454086998090047,0.001313569675119097,2.4328080171574973,20
2023-03-02,0.6518227081805048,0.6789796733495884,0.34817729181949536,0.5284546983123665,0.0016090344591518644,0.0012364792704534007,2.6743606358983274,20
2023-03-03,0.7373978326707694,0.7873943440634041,0.2626021673292307,0.5403064351104104,0.0013088548475568243,0.0013001189690307886,0.5813360678617441,20
2023-03-04,0.5700956464320921,0.81791744101579,0.4299043535679078,0.5443799489349118,0.0018957083108281855,0.0011757012627523866,2.6551153030730767,20
2023-03-05,0.7349497389835178,0.8012526704848411,0.2650502610164821,0.5420979371301918,0.0013174423599645884,0.0012982983938896605,2.802168522876716,20
2023-03-06,0.745458244678187,0.7780245229821755,0.2545417553218129,0.5391425535213307,0.001280580193214233,0.0013061132599373705,2.8138401159728033,20
2023-03-07,0.7096966302949159,0.7360784135859844,0.29030336970508397,0.5343112880435072,0.0014060257496495661,0.0012795184010511171,2.615135790428735,20
2023-03-08,0.7738877096386546,0.8230192430346007,0.22611229036134536,0.5451103614000156,0.0011808535392161799,0.0013272554153426646,2.224526311769694,20
2023-03-09,0.8017506312075241,0.8624070834185829,0.19824936879247596,0.551396362997833,0.001083113374099462,0.00134797624912106,-0.2267931227703588,20
2023-03-10,0.48569810111670425,0.7613029987564905,0.5143018988832959,0.5371484715022226,0.002191741658407644,0.0011129372951095028,2.5280515788727236,20
2023-03-11,0.7437836659104567,0.8471873805974752,0.25621633408954325,0.548813857767465,0.0012864543573950526,0.0013048679250499573,2.540343363530268,20
2023-03-12,0.8081172870416986,0.8593399333477902,0.1918827129583014,0.5508576573597818,0.0010607797021228806,0.001352710943468819,-0.34052052710967273,20
2023-03-13,0.4790926423973888,0.7889184666454874,0.5209073576026113,0.5404992159876457,0.0022149106734793995,0.0011080250100924892,0.1708538856560926,20
2023-03-14,0.4777970640608965,0.6121014335138861,0.5222029359391036,0.5222437244031081,0.002219454981132431,0.001107061526658385,2.054660459464379,20
2023-03-15,0.6069771689947212,0.6970573117095847,0.3930228310052788,0.5302392138195601,0.0017663399823337374,0.001203128964353076,2.4194249471291793,20
2023-03-16,0.7044143254003096,0.771640980894776,0.29558567459969054,0.5383693928864642,0.0014245550414680216,0.0012755901065462712,2.138089405236077,20
2023-03-17,0.7298983366287922,0.8003172824428494,0.27010166337120767,0.541974174577092,0.0013351618326030955,0.0012945418148000863,-0.5169696069116776,20
2023-03-18,0.4692799630148396,0.7033851127898478,0.5307200369851605,0.5308776520391519,0.0022493291049055526,0.0011007276095702963,2.235341650217853,20
2023-03-19,0.6668762569396455,0.7769232454037687,0.33312374306035464,0.5390080649263264,0.0015562303504315668,0.0012476741511066064,1.1229951939575569,20
2023-03-20,0.5858406132159637,0.730769850090244,0.41415938678403635,0.5337367594688076,0.0018404802967594415,0.0011874103306176698,2.4680633018701004,20
2023-03-21,0.7110557469388064,0.7814720133237317,0.28894425306119353,0.5395666384287483,0.0014012582294510997,0.001280529136052251,2.6591190344597293,20
2023-03-22,0.7596585410789694,0.8036792356158776,0.2403414589210306,0.5424210317005789,0.0012307676177445138,0.0013166736019530946,1.7336023640096359,20
2023-03-23,0.7298885659038629,0.8166599162074958,0.27011143409613714,0.5442023374239043,0.0013351961066408256,0.0012945345485998547,1.4387176455511186,20
2023-03-24,0.670859938020876,0.7813087372238149,0.32914006197912404,0.5395464466812132,0.0015422565450742764,0.001250636697345926,1.5527359608787048,20
2023-03-25,0.6808233272931757,0.8218400983858737,0.3191766727068242,0.5449401147811189,0.0015073072693410619,0.0012580461763723979,2.761846945186142,20
2023-03-26,0.7531233742726027,0.796716227580628,0.24687662572739716,0.5415016824120665,0.0012536920605844357,0.0013118135909605606,2.4185466722977527,20
2023-03-27,0.7506081008855534,0.795741023936553,0.24939189911444673,0.5413747895701025,0.0012625152720525969,0.0013099430562561708,1.576547267425414,20
2023-03-28,0.7157022173796598,0.8200652321622878,0.2842977826203402,0.5446854931651262,0.0013849592879638755,0.001283984579208963,2.780061629544404,20
2023-03-29,0.7665610469484284,0.8057646523284032,0.23343895305157145,0.5427010935882961,0.001206554550017312,0.0013218067921830542,1.2778409745145094,20
2023-03-30,0.692972321033152,0.8163101406042972,0.30702767896684796,0.5441531015623342,0.001464691247746805,0.0012670810250417519,2.534331626528096,20
2023-03-31,0.7953800293050994,0.8573340129792141,0.20461997069490068,0.5505105728344344,0.0011054608436620746,0.0013432386201986158,2.5549168816965215,20
2023-04-01,0.7666440199759883,0.800193783068973,0.2333559800240118,0.5419578663624335,0.0012062634914095517,0.0013218684967788166,2.828996127733147,20
2023-04-02,0.7613145826570096,0.7904889352534102,0.23868541734299054,0.5406989157645473,0.00122495845010605,0.001317905151278741,2.6247985629921944,20
2023-04-03,0.757659697663184,0.7939699957852301,0.24234030233681608,0.5411454772143985,0.0012377792833623389,0.0013151871210015133,2.641222615361691,20
2023-04-04,0.7547906441338283,0.7907322521947999,0.24520935586617162,0.5407299528657965,0.0012478435177038514,0.0013130534904295663,2.7512778294672158,20
2023-04-05,0.7680513296412569,0.8021882802990338,0.2319486703587431,0.5422221627339694,0.0012013268306639052,0.0013229150715099221,2.8340799749584735,20
2023-04-06,0.7482913418554404,0.775686764659266,0.2517086581445595,0.5388576213121996,0.0012706421179756878,0.0013082201508297275,2.7698156431996486,20
2023-04-07,0.7513017217696205,0.7837991817375378,0.24869827823037963,0.5398556067848377,0.0012600821520535105,0.0013104588816698285,2.786518161047051,20
2023-04-08,0.7657137073063618,0.7990101357153688,0.2342862926936382,0.5418019420775098,0.001209526907030197,0.0013211766506584584,2.833642925025581,20
2023-04-09,0.7716596525159246,0.8019642471633409,0.22834034748407533,0.5421923769991738,0.0011886692895282079,0.001325598474911104,2.654239705435073,20
2023-04-10,0.7559837403711552,0.7890760323904474,0.24401625962884488,0.5405192032570872,0.0012436583058112161,0.0013139407609461982,0.8821789126919,20
2023-04-11,0.6215566553658396,0.7809249935749772,0.37844334463416046,0.5394990327181385,0.001715199493694006,0.0012139712987767515,2.3914573369240246,20
2023-04-12,0.7219605832370748,0.7928751770083763,0.27803941676292526,0.541004441146695,0.0013630060837871152,0.0012886387414918145,2.6147976835293294,20
2023-04-13,0.6880068589908432,0.7203171431746757,0.31199314100915687,0.5326257180040784,0.0014821090258617265,0.0012633883572302556,2.556244654449468,20
2023-04-14,0.7458506564848841,0.7968262642488984,0.2541493435151158,0.5415160284009042,0.001279203672638052,0.0013064050850354369,2.8152866615759753,20
2023-04-15,0.7755976430115272,0.8099412169563062,0.22440235698847258,0.5432688482729802,0.0011748552995599231,0.0013285270424081839,2.8080885467759886,20
2023-04-16,0.7738320189325124,0.8036985590588582,0.2261679810674876,0.5424236165152051,0.0011810488954296908,0.0013272139998054561,2.833406993531568,20
2023-04-17,0.7561228556134406,0.7836131654655114,0.24387714438655939,0.5398324273804689,0.0012431703092267554,0.0013140442168527982,1.8414190206340937,20
2023-04-18,0.6972295045761783,0.7641965064765267,0.30277049542382184,0.5374864814724722,0.0014497579373046027,0.0012702469670030473,1.9004866382194834,20
2023-04-19,0.7080664617012299,0.7953461386680725,0.29193353829877,0.5413235339707698,0.0014117440653433678,0.0012783060927015768,0.4660289996901201,20
2023-04-20,0.5234231879906333,0.7931244256205494,0.4765768120093667,0.541036501721495,0.0020594178860716033,0.0011409923306325389,2.1999688615052957,20
2023-04-21,0.6656982459372515,0.7615483260982239,0.33430175406274854,0.537177021381759,0.0015603625293696315,0.0012467980990347014,1.4694591178487735,20
2023-04-22,0.6149037895335299,0.7213509718238855,0.38509621046647013,0.5327344625030547,0.0017385357914252953,0.001209023758486674,2.359104371049122,20
2023-04-23,0.7111580394110081,0.7829360741485504,0.28884196058899203,0.5397481754458352,0.001400899407018949,0.0012806052079497381,2.683957778104249,20
2023-04-24,0.7653545345023525,0.8093693668282294,0.23464546549764753,0.543190559727047,0.0012107868381685029,0.00132090954442729,2.8090677262938164,20
2023-04-25,0.765027040925917,0.7954059541942778,0.234972959074083,0.5413312932806494,0.0012119356426026652,0.001320665997104227,2.029913657503169,20
2023-04-26,0.7565927814756387,0.8121041090586947,0.24340721852436134,0.5406923871466238,0.0013147450527497423,0.001177368131746114,2.765146391570543,21
2023-04-27,0.7766821572722861,0.810418495736972,0.22331784272771388,0.5402249630615046,0.0012425104878384574,0.0011825703606833271,1.5113726881260563,21
2023-04-28,0.7157521077995503,0.8064987569187332,0.28424789220044955,0.5391499108510609,0.001461594062459362,0.0011667922663452343,2.7078065017338613,21
2023-04-29,0.7863767011145667,0.8311675792165248,0.21362329888543324,0.5462142662826078,0.001207652184995997,0.0011850808038658283,2.7578594429775203,21
2023-04-30,0.7958193092419009,0.8274022017847321,0.204180690758099,0.5450869718166601,0.0011736997457111264,0.001187526007228044,2.7854440131519596,21
2023-05-01,0.7802693475436426,0.8076875669536446,0.21973065245635737,0.5394742315726654,0.0012296121655837476,0.001183499278795161,0.9629250171551307,21
2023-05-02,0.6636183034856585,0.8060343182253298,0.33638169651434147,0.5390236093306426,0.0016490489590653525,0.0011532919969414433,2.340137545747964,21
2023-05-03,0.7639086880377657,0.8393041380059107,0.23609131196223432,0.5487188526185656,0.0012884395464509576,0.0011792626167318443,2.647190221059136,21
2023-05-04,0.7687543324732041,0.8041921519710468,0.23124566752679576,0.5385248420722853,0.0012710162567949072,0.0011805174168787803,2.714598120534032,21
2023-05-05,0.7849352179623688,0.8195445480182078,0.21506478203763135,0.5427942556624248,0.0012128352719790454,0.0011847075256991608,2.26247730473165,21
2023-05-06,0.7892711243114124,0.8406244650314396,0.2107288756885876,0.5491346222693168,0.0011972448150692448,0.001185830327009981,2.2199346751741773,21
2023-05-07,0.7682530841621938,0.8163936379306086,0.2317469158378061,0.5418962851292831,0.0012728185754206929,0.0011803876165059532,2.739457322641932,21
2023-05-08,0.7897407760567338,0.8242384112481025,0.21025922394326632,0.544154389146429,0.0011955561056357779,0.0011859519453183177,1.3983524417433135,21
2023-05-09,0.7183307522087787,0.8164096263884397,0.28166924779122116,0.541900812009409,0.0014523221510632965,0.0011674600172350707,2.7179497120102543,21
2023-05-10,0.7661169880104517,0.8063785146887303,0.23388301198954825,0.5391171900499591,0.0012804992510595495,0.0011798344653615003,2.774254228991656,21
2023-05-11,0.7846758098797826,0.8176592467522725,0.21532419012021728,0.5422555506177794,0.0012137680158765018,0.001184640350877631,2.1306983440934677,21
2023-05-12,0.7405840075668504,0.7885443189985635,0.2594159924331496,0.5344211596366106,0.0013723071219387227,0.0011732225919483317,2.6687830281002403,21
2023-05-13,0.7863060945368044,0.8280694326697232,0.21369390546319572,0.5452853316755453,0.0012079060624297473,0.0011850625199935115,2.7896658039869418,21
2023-05-14,0.7845446285479671,0.8138064803580581,0.21545537145203292,0.5411676677151713,0.0012142396996598294,0.0011846063809162297,2.7873012029886013,21
2023-05-15,0.7766159563347056,0.8052788026576824,0.2233840436652945,0.5388186300796878,0.0012427485239903501,0.0011825532176701925,2.67217029655614,21
2023-05-16,0.832872057218084,0.8744978002593978,0.1671279427819161,0.5608904653773846,0.0010404704249671378,0.0011971209732277912,2.7436440363828956,21
2023-05-17,0.7682231286752297,0.7899528365716648,0.23177687132477037,0.5347813398525313,0.0012729262851732834,0.0011803798594057482,2.6134622584466447,21
2023-05-18,0.7720331324396862,0.808416033363362,0.22796686756031395,0.5396737040622936,0.001259226805266388,0.001181366476015193,2.29296098976963,21
2023-05-19,0.7582383143754837,0.8051809473690763,0.2417616856245162,0.5387921241106333,0.0013088282779636514,0.0011777942494590463,2.769013816243053,21
2023-05-20,0.7810209633205901,0.8149663611513838,0.2189790366794097,0.5414933709229656,0.0012269096093896537,0.0011836939128835506,2.7416866898526244,21
2023-05-21,0.7794841400778348,0.8103851360677381,0.22051585992216508,0.5402157438604633,0.001232435506051885,0.0011832959459966862,2.6027244211587988,21
2023-05-22,0.7736751818744029,0.8086762459655633,0.2263248181255969,0.539745093995476,0.0012533225524322662,0.0011817916916700784,2.7781031570253614,21
2023-05-23,0.7765522517534817,0.8071463224047006,0.22344774824651836,0.5393263894769267,0.0012429775840896466,0.0011825367210991078,2.624034914237283,21
2023-05-24,0.7789190601353355,0.8144090450630429,0.2210809398646646,0.5413366806581682,0.0012344673423482634,0.0011831496161525707,1.6272518322126264,21
2023-05-25,0.7321854555912636,0.8170470265941141,0.26781454440873653,0.5420815257174585,0.0014025054252320734,0.0011710477513479894,2.7301510126127218,21
2023-05-26,0.762109189685379,0.7988679661189926,0.23789081031462103,0.5371025331991596,0.0012949099298151104,0.001178796629012962,2.7119890341034085,21
2023-05-27,0.7972954290502222,0.834932640882858,0.20270457094977767,0.5473611937461796,0.0011683921148427456,0.0011879082547034945,2.784958264735039,21
2023-05-28,0.7838507790431823,0.811455376504648,0.21614922095681752,0.5405121212291771,0.0012167345482020082,0.0011844267056486453,0.9979498232133219,21
2023-05-29,0.6735263682349861,0.8119235369099368,0.32647363176501376,0.5406421639479269,0.0016134230573117065,0.0011558577322670442,2.5288171632842937,21
2023-05-30,0.7684471461536417,0.8283049728697819,0.23155285384635826,0.5453554971920229,0.0012721207944365839,0.0011804378696804543,2.767123545406717,21
2023-05-31,0.7623942809040024,0.792310970851168,0.23760571909599748,0.5353882620048345,0.0012938848388925747,0.0011788704545913312,2.3925718902791706,21
2023-06-01,0.7510269672813833,0.7940500611332842,0.24897303271861676,0.5358390550428321,0.0013347578186220128,0.001175926840590351,2.508924495388528,21
2023-06-02,0.7488770831586655,0.7887952387634446,0.2511229168413344,0.5344851974624475,0.0013424880661487462,0.0011753701189924242,2.5412089555951294,21
2023-06-03,0.7852845219512246,0.8308412546466298,0.21471547804877533,0.5461158020526207,0.0012115792927342452,0.0011847979794463105,2.728164143145872,21
2023-06-04,0.773068965065578,0.8029163410223581,0.22693103493442207,0.5381814484026823,0.0012555023025086448,0.0011816347092602209,2.7781233967513623,21
2023-06-05,0.7862336980033156,0.8181581168234852,0.21376630199668448,0.5423976838499786,0.0012081663759397343,0.0011850437726045788,0.4418201479086872,21
2023-06-06,0.6055158964250424,0.856040151105958,0.3944841035749576,0.5542043183697346,0.0018579644307043608,0.0011382461325804946,0.8077495341134597,21
2023-06-07,0.5365978196227446,0.8251526705566745,0.4634021803772554,0.544422545557768,0.002105768594778073,0.0011203995047376408,1.6666085456258466,21
2023-06-08,0.6580276932619615,0.8505347200882666,0.3419723067380384,0.5523459210258578,0.0016691508132661817,0.0011518442847488499,2.6541889161498515,21
2023-06-09,0.76444245598612,0.8188151840110093,0.23555754401388,0.5425853420479937,0.0012865202985677608,0.0011794008382024761,2.763765956516925,21
2023-06-10,0.7831653201644841,0.8165730936720457,0.21683467983551585,0.5419471123441691,0.0012191992268224604,0.0011842492031692191,2.1762838331117282,21
2023-06-11,0.7701264471730146,0.8227961599968017,0.2298735528269855,0.5437335406048566,0.001266082598342079,0.0011808727317909403,2.778508132420568,21
2023-06-12,0.802863345053625,0.8374471278136968,0.19713665494637495,0.5481386165399388,0.0011483717570317797,0.001189350090131637,2.8026773286282327,21
2023-06-13,0.7865214786373269,0.8131044815854821,0.21347852136267317,0.5409712838030237,0.001207131613864305,0.0011851182946184522,2.786339168244087,21
2023-06-14,0.7834699605564229,0.8126746361363858,0.21653003944357707,0.5408513087305067,0.0012181038428702808,0.0011843280910888057,1.7682825348873081,21
2023-06-15,0.7286557684477359,0.7969908581640828,0.27134423155226406,0.5366076717990167,0.0014151969629505998,0.0011701337239146215,2.453560373920031,21
2023-06-16,0.7766063176043663,0.829620681750893,0.22339368239563365,0.5457488133386991,0.0012427831816003425,0.0011825507216801528,1.9622873370419207,21
2023-06-17,0.7581859206335286,0.823573855488851,0.2418140793664713,0.5439601439711459,0.0013090166679864752,0.0011777806818776895,2.735866365223061,21
2023-06-18,0.7792720177783087,0.814112097257078,0.22072798222169127,0.5412533383323712,0.0012331982260811592,0.0011832410160289265,2.730071693427681,21
2023-06-19,0.7793239658296318,0.8108821278599285,0.22067603417036813,0.5403532173800758,0.001233011438462903,0.0011832544681968067,2.560043538599162,21
2023-06-20,0.7828939346972114,0.8208182659188871,0.21710606530278873,0.5431606384717459,0.0012201750372874487,0.0011841789267532032,0.3844729005479106,21
2023-06-21,0.5877616777164938,0.825609766817877,0.4122383222835064,0.5445570187263526,0.0019218021599040618,0.0011336486024601893,0.6023624318605459,21
2023-06-22,0.4931642126562752,0.8190174670962922,0.5068357873437249,0.5426432182523947,0.0022619396113595144,0.0011091521882806397,2.498184213697545,21
2023-06-23,0.7337868663776053,0.8326515559666753,0.26621313362239474,0.5466639147724601,0.0013967473037566692,0.0011714624434527813,2.2896305392658114,21
2023-06-24,0.7578675276723859,0.8147973136261832,0.2421324723276142,0.5414458053392828,0.0013101615004524087,0.0011776982326720685,2.7509834255742676,21
2023-06-25,0.7794099935379006,0.813820903605237,0.22059000646209942,0.5411717084590264,0.0012327021119268031,0.001183276745436174,2.769970903970168,21
2023-06-26,0.7818593922104528,0.812477243650008,0.21814060778954714,0.5407962834889002,0.0012238949025057734,0.001183911027595167,2.7173112966485804,21
2023-06-27,0.7790052486738843,0.8104966381098407,0.22099475132611562,0.5402465630652908,0.0012341574375255636,0.0011831719350396197,2.628690861556706,21
2023-06-28,0.78281050307018,0.8182435725278592,0.21718949692982015,0.5424220607768697,0.001220475029232661,0.0011841573217800665,2.384190263893741,21
2023-06-29,0.7755299985189782,0.8188789139136209,0.2244700014810218,0.5426035708142548,0.0012466532604407112,0.0011822720042949856,2.66687632133058,21
2023-06-30,0.7854354457262968,0.8205341984526503,0.21456455427370322,0.5430787551801756,0.001211036621774699,0.001184837061796999,2.7905454420070592,21
2023-07-01,0.7829346338589127,0.8121200966630653,0.21706536614108746,0.5406968355855188,0.0012200286968509744,0.001184189465973479,2.7848275863016196,21
2023-07-02,0.8144174343086645,0.8480249752553268,0.18558256569133538,0.5515169660579701,0.0011068271154122365,0.0011923420704735917,2.8124590094561404,21
2023-07-03,0.7872905924501311,0.8119726535827556,0.212709407549869,0.5406558213612246,0.0012043661400039825,0.001185317459897328,2.515101963207952,21
2023-07-04,0.7818935276636421,0.8197520682223122,0.2181064723363579,0.5428538137247417,0.0012237721629525056,0.0011839198671153275,2.6356292469168876,21
2023-07-05,0.7815881353030383,0.8161280827012413,0.21841186469696172,0.5418211409744559,0.001224870250665433,0.0011838407844702709,2.6588742220483526,21
2023-07-06,0.7741481267600967,0.8069205007498261,0.22585187323990324,0.5392647971413501,0.0012516220029647267,0.00118191416275106,2.433194094241823,21
2023-07-07,0.7733195406273938,0.8160945839171467,0.22668045937260634,0.5418116676633284,0.0012546013177645195,0.0011816995968630928,2.668920589491128,21
2023-07-08,0.7881413803744606,0.8239593334816251,0.21185861962553942,0.5440727480111096,0.0012013069934936455,0.0011855377750332576,2.7805127585228058,21
2023-07-09,0.7808492688925546,0.8096626322983459,0.21915073110744543,0.5400163717115313,0.0012275269645054313,0.0011836494518843179,2.7653161885867643,21
2023-07-10,0.7842533960637823,0.8150821060357311,0.2157466039362177,0.5415259574667228,0.0012152868733467008,0.001184530965031136,2.7466937203316375,21
2023-07-11,0.7881255563412078,0.8194294893555055,0.21187444365879227,0.5427612564441674,0.0012013638913826194,0.0011855336773328351,2.7546108959807225,21
2023-07-12,0.7910861980603745,0.8218692616838105,0.20891380193962572,0.5434644561947803,0.001190718421268405,0.0011863003480437658,2.713621092299492,21
2023-07-13,0.7644641970137049,0.7927607661092673,0.23553580298629495,0.5355045916307708,0.001286442125230954,0.0011794064681336382,1.723091335129864,21
2023-07-14,0.7279710373966027,0.8082660865970909,0.27202896260339743,0.5396325986758239,0.001417659019480287,0.0011699564099092255,1.4345122909430312,21
2023-07-15,0.6914081948537307,0.8121896400159131,0.30859180514626905,0.5407161888469907,0.001549126290528333,0.0011604883069960901,2.7107560910441126,21
2023-07-16,0.7726934030345151,0.8193314314841753,0.22730659696548483,0.5427331457517034,0.0012568526961945134,0.0011815374558818436,2.77368826858861,21
2023-07-17,0.7841580381839217,0.8160266668701114,0.2158419618160782,0.5417924650252783,0.0012156297480853664,0.0011845062717043236,2.7660364061008944,21
2023-07-18,0.7855941889226783,0.8160330780922057,0.21440581107732165,0.541794277483285,0.001210465834811822,0.001184878169019949,2.652046564298505,21
2023-07-19,0.7830392764160059,0.8165437184649537,0.21696072358399404,0.5419387898317073,0.001219652437565028,0.0011842165636067794,2.7869759486028483,21
2023-07-20,0.785553627556956,0.8155272754992466,0.21444637244304404,0.5416514332985027,0.0012106116797949748,0.0011848676654825257,2.766242611605017,21
2023-07-21,0.7861054362907078,0.8163754515498357,0.21389456370929225,0.5418911363048924,0.001208627561784857,0.0011850105586909353,2.784264171601206,21
2023-07-22,0.7864265375185977,0.8160973126379915,0.21357346248140238,0.54181243928489,0.0012074729900995427,0.0011850937092136998,2.728656732217387,21
2023-07-23,0.7873295916875303,0.8187626446050852,0.21267040831246978,0.5425703177862481,0.0012042259118980375,0.0011853275589150068,2.6839390033572665,21
2023-07-24,0.7836327270681855,0.8158110134929938,0.21636727293181443,0.541731527461908,0.0012175185894659094,0.0011843702401663114,1.8122826489738657,21
2023-07-25,0.7479961822338593,0.819327069959383,0.2520038177661406,0.5427318956836856,0.0013456554842148773,0.0011751420059674983,2.7609809641291574,21
2023-07-26,0.766616822925293,0.7973673004235904,0.23338317707470696,0.49586829616159606,0.0011504396540399546,0.0007348880060339005,2.8252788444689165,22
2023-07-27,0.7740079202302242,0.801233794581294,0.22599207976977587,0.4985306943101506,0.0011260584790249344,0.0007333096383564855,2.8057987827465705,22
2023-07-28,0.7684184932359753,0.7941406826941126,0.2315815067640245,0.4936755420859245,0.0011444964450741482,0.0007345032596198812,2.834452794128208,22
2023-07-29,0.7717165486761525,0.798022658921497,0.22828345132384742,0.49631686061794406,0.0011336170772300556,0.0007337989603947005,2.8489179465913606,22
2023-07-30,0.7735198768629921,0.7992961246312013,0.22648012313700788,0.4971916282908697,0.0011276683985532588,0.0007334138599414863,2.8316397660307393,22
2023-07-31,0.7728723749636629,0.798747885893066,0.22712762503633704,0.49681452289009914,0.0011298043274603662,0.0007335521338711616,2.8450048632981253,22
2023-08-01,0.7746151976331626,0.800523067961554,0.22538480236683756,0.49803839571835334,0.0011240552394963454,0.0007331799543617446,2.7575570673274155,22
2023-08-02,0.768348420839025,0.7953309789529134,0.23165157916097495,0.4944814302702297,0.0011447275944166842,0.0007345182235693278,2.6490603490906666,22
2023-08-03,0.7723846302679797,0.8045326440932069,0.22761536973202037,0.5008332467400449,0.0011314132617036904,0.0007336562916748999,2.8490478796077623,22
2023-08-04,0.7748313580403379,0.8007393848872998,0.22516864195966202,0.4981880917798684,0.001123342186326568,0.0007331337933404851,2.817857124643441,22
2023-08-05,0.7736341789897736,0.7998329615424677,0.22636582101022637,0.49756164233963635,0.0011272913475831219,0.0007333894507401285,2.8504245729667934,22
2023-08-06,0.7719540094209304,0.7971632760219993,0.22804599057906957,0.49572887259417775,0.0011328337602227764,0.0007337482506896663,2.84901448668816,22
2023-08-07,0.773124813157586,0.798795662779852,0.226875186842414,0.4968473554299887,0.001128971603983768,0.000733498225734197,2.8375843720761975,22
2023-08-08,0.7690674186691753,0.7941953177449321,0.23093258133082462,0.4937124562193009,0.001142355820587789,0.0007343646816947697,2.3651345772596732,22
2023-08-09,0.7660542737249887,0.8081601645244584,0.23394572627501134,0.5033993845941436,0.0011522953472385704,0.0007350081383279409,2.7807555267886994,22
2023-08-10,0.7705666246508941,0.7985038237345654,0.22943337534910585,0.4966468933591083,0.0011374103569556377,0.0007340445264910553,2.8072097930987225,22
2023-08-11,0.773603293634328,0.8006928828754418,0.22639670636567188,0.4981559010438663,0.001127393229792798,0.0007333960463029696,2.8476499578640206,22
2023-08-12,0.7723314344957364,0.7976802158527639,0.22766856550426354,0.4960823371201259,0.0011315887397758857,0.0007336676516237708,2.8501901983637303,22
2023-08-13,0.7715068630296615,0.7968205094732361,0.22849313697033835,0.49549487388778624,0.0011343087719024403,0.0007338437387318248,2.818042946404523,22
2023-08-14,0.7718540839509198,0.7981965021767689,0.22814591604908022,0.49643603214588033,0.0011331633865799319,0.0007337695897582118,2.835007469203489,22
2023-08-15,0.7815738001114785,0.8091306375004642,0.21842619988852152,0.5040921376120053,0.0011011007397259194,0.0007316939458871397,2.7609530508991407,22
2023-08-16,0.7735833492534583,0.8003754926078802,0.2264166507465416,0.497936340461476,0.001127459020765992,0.0007334003054223956,2.582837990066696,22
2023-08-17,0.7661745326719532,0.7983300895806604,0.23382546732804696,0.49652766023379435,0.0011518986464549427,0.0007349824570485617,-0.35417460441118376,22
2023-08-18,0.5078399332119501,0.7964962677480978,0.49216006678804985,0.4952737939925351,0.0020040695227283444,0.0007901497704965452,2.0478956653589977,22
2023-08-19,0.6859472432861982,0.8013652901434654,0.31405275671380195,0.4986219225952914,0.0014165458442321297,0.0007521149821918354,2.7758315849012956,22
2023-08-20,0.7628036164023245,0.8014055840902499,0.2371963835976756,0.49864988662332926,0.0011630183602007059,0.0007357023156925149,2.8351878110343796,22
2023-08-21,0.7727714937957257,0.8000186594134768,0.22722850620427432,0.4976898081137836,0.001130137106407847,0.0007335736770288504,2.8429593273999147,22
2023-08-22,0.7776161775355844,0.8041118984563762,0.22238382246441546,0.5005379469610197,0.0011141558395914176,0.0007325390955713459,2.8036779840715758,22
2023-08-23,0.7724714399236606,0.7984619555747273,0.2275285600763394,0.49661815232962564,0.00113112690076909,0.0007336377534864604,2.4892519451400914,22
2023-08-24,0.7662920548152864,0.8022547704398174,0.23370794518471366,0.4992402199888871,0.0011515109736232405,0.0007349573602131709,2.6407843455599895,22
2023-08-25,0.7684197479488637,0.8003345076463911,0.23158025205113636,0.4979080075229825,0.0011444923061254026,0.0007345029916761397,2.8279147234894855,22
2023-08-26,0.7756554247811511,0.8028349512684686,0.22434457521884882,0.49964464778036144,0.0011206238188985406,0.000732957814016432,2.8479241214317765,22
2023-08-27,0.7716722235744977,0.7966288269750237,0.22832777642550234,0.4953641457910009,0.0011337632934220116,0.00073380842601325,2.8427596832315336,22
2023-08-28,0.7741994735575758,0.8002681407551507,0.22580052644242435,0.4978621373187696,0.0011254265977905574,0.0007332687321732871,2.851711369947026,22
2023-08-29,0.7736115216855329,0.7989935260046583,0.22638847831446704,0.4969833905484214,0.001127366087737098,0.0007333942892039174,0.1400691723428169,22
2023-08-30,0.552130902002398,0.8047404958515711,0.44786909799760194,0.5009793046071984,0.0018579669020260127,0.0007806914410149931,2.4428195557562886,22
2023-08-31,0.7260224320553049,0.8001623644208128,0.2739775679446952,0.4977890525564003,0.001284349173969487,0.0007435569318767256,0.5505742563542326,22
2023-09-01,0.5849003749293422,0.7958211926734459,0.41509962507065773,0.49481434891432763,0.0017498701250773117,0.0007736935251792328,2.6402358364537735,22
2023-09-02,0.7352821770402116,0.7894910937634456,0.2647178229597884,0.4905605018303614,0.0012538038833053427,0.0007415795147785181,2.8159717738119077,22
2023-09-03,0.7684891887406595,0.7993867525553855,0.23151081125934037,0.49725404118250566,0.001144263240272101,0.0007344881626058753,2.8366065522306045,22
2023-09-04,0.773417613691169,0.7999558299349333,0.2265823863088309,0.4976464341669092,0.0011280057363536608,0.0007334356982258893,2.792046748018214,22
2023-09-05,0.7695561642338459,0.7959354467011232,0.2304438357661542,0.49489202822891887,0.0011407435849035924,0.0007342603101556154,2.8457722138964217,22
2023-09-06,0.7744896107854854,0.8008095727232164,0.22551038921451466,0.4982366896007189,0.0011244695156376865,0.0007332067734134907,2.848201296580232,22
2023-09-07,0.771687898411431,0.79679502672428,0.22831210158856902,0.4954774892395674,0.0011337115864911882,0.0007338050786542662,2.5103846361687117,22
2023-09-08,0.7651853054905561,0.8001948317680728,0.23481469450944414,0.4978114823436658,0.0011551618314672655,0.0007351937063589578,2.6593244419120943,22
2023-09-09,0.7725752156846055,0.8049519100243271,0.2274247843153946,0.5011279864661968,0.0011307845733662435,0.0007336155921888862,2.8490074948173127,22
2023-09-10,0.7727525864185507,0.7982760326586235,0.22724741358144926,0.4964905769034121,0.001130199476592433,0.0007335777146962989,2.838691519877625,22
2023-09-11,0.772961550289498,0.7987688650996673,0.22703844971050205,0.4968289391950031,0.0011295101628332371,0.0007335330904942295,1.9425597773674599,22
2023-09-12,0.7447763494792724,0.8028913387584097,0.25522365052072765,0.4996840017829307,0.0012224852743774512,0.0007395520357340165,1.9540229767377568,22
2023-09-13,0.7354777838451614,0.7989919034596766,0.2645222161548386,0.4969822746054523,0.0012531586314648404,0.0007415377429758104,2.608097310637467,22
2023-09-14,0.7637821594023139,0.8013252949644183,0.23621784059768614,0.498594170139701,0.0011597904195407844,0.0007354933479873928,2.6767882273045718,22
2023-09-15,0.7664373483194111,0.7971738534710037,0.23356265168058885,0.495736098288091,0.0011510316908023264,0.000734926332808012,2.8290077586745648,22
2023-09-16,0.7744554529788842,0.8016806287143577,0.2255445470211158,0.49884088210433003,0.0011245821927575114,0.0007332140678077661,2.8206215322085573,22
2023-09-17,0.7747717973360699,0.8011468978153093,0.22522820266393004,0.49847043249305023,0.0011235386605542926,0.0007331465125195978,2.8433792505650253,22
2023-09-18,0.7740329663307067,0.7996253635837994,0.2259670336692931,0.49741846733592665,0.0011259758588946982,0.0007333042897656311,2.750275598774855,22
2023-09-19,0.7712287057095046,0.7990455603558917,0.22877129429049525,0.49701918197263906,0.0011352263355905593,0.0007339031391841879,2.5431486981002154,22
2023-09-20,0.7657420100007094,0.7997293727418904,0.23425798999929065,0.49749018583540405,0.0011533254183185718,0.0007350748221975882,2.8284569937058937,22
2023-09-21,0.7751817156454605,0.8026391482296233,0.22481828435453965,0.49950805869500736,0.0011221864538494275,0.0007330589745285217,2.299582677943354,22
2023-09-22,0.759107036549638,0.8006387640113763,0.24089296345036196,0.49811844470932126,0.0011752123461962662,0.0007364917197438688,2.8394194962895236,22
2023-09-23,0.7684536089205599,0.7952886722396146,0.2315463910794401,0.4944527265328845,0.0011443806082001514,0.0007344957606709118,2.8461429568575185,22
2023-09-24,0.7744130601682024,0.8008613286587959,0.22558693983179748,0.4982725334986727,0.001124722034869144,0.0007332231207858794,2.6889595854269346,22
2023-09-25,0.7693426751389739,0.7985450730974898,0.23065732486102608,0.4966752139946365,0.0011414478260530362,0.0007343059007185486,2.84737235821789,22
2023-09-26,0.7739402992753263,0.8001508573375731,0.22605970072467382,0.49778110364538963,0.001126281541776641,0.0007333240788008638,2.8293141183776656,22
2023-09-27,0.7708240734625044,0.7963499732121285,0.22917592653749563,0.49517413147214445,0.0011365611048972787,0.0007339895483374646,2.8222603375147264,22
2023-09-28,0.7716627918226044,0.7979670779194715,0.2283372081773956,0.4962787754610171,0.0011337944061503029,0.0007338104401623967,2.0938397861618703,22
2023-09-29,0.7483226792457849,0.7983713772991317,0.2516773207542151,0.4965559888539898,0.0012107869261725255,0.0007387947175651454,2.798180934548853,22
2023-09-30,0.7707994411229013,0.8008404171431102,0.22920055887709873,0.4982580502525505,0.0011366423601380648,0.0007339948085697476,2.8451548096839105,22
2023-10-01,0.773269160107757,0.7992292595006986,0.2267308398922428,0.4971455937493279,0.0011284954434908794,0.0007334674004654873,1.5065515453010343,22
2023-10-02,0.7142201880097334,0.7960363556031389,0.28577981199026636,0.49496066153135315,0.001323281441594529,0.0007460772992530373,2.5567165072304534,22
2023-10-03,0.7543206740383416,0.7953422211694147,0.2456793259616585,0.4944890584978447,0.0011910012194016883,0.0007375138467121044,2.8019907674444666,22
2023-10-04,0.7703240051563843,0.7992757859350985,0.2296759948436157,0.4971776245173006,0.0011382106912139213,0.0007340963378462908,2.667375900637738,22
2023-10-05,0.7664091455196604,0.7963944788309836,0.23359085448033975,0.4952044450506713,0.0011511247239872967,0.0007349323555115029,2.6068405907101404,22
2023-10-06,0.7671518704936083,0.799949915952597,0.23284812950639167,0.49764235201324253,0.0011486746810420603,0.000734773746709085,2.4634956631401064,22
2023-10-07,0.765253880790103,0.8030992834391374,0.23474611920989677,0.49982920420368765,0.0011549356206523398,0.000735179062114428,2.8443139991058395,22
2023-10-08,0.7734638703813845,0.8002359593588078,0.22653612961861558,0.4978398989246492,0.0011278531483804848,0.000733425820116904,2.846322628912493,22
2023-10-09,0.7736073710792912,0.7992271002145709,0.22639262892070877,0.49714410734084413,0.001127379779434318,0.0007333951755652334,2.6444495621801556,22
2023-10-10,0.7682481695718936,0.7987731663622748,0.2317518304281063,0.49683189503798536,0.0011450582954550348,0.0007345396322117975,2.7890688139966198,22
2023-10-11,0.7724520718318606,0.8001831679052059,0.22754792816813946,0.4978034241487147,0.0011311907907227013,0.0007336418895394454,2.2533058581851844,22
2023-10-12,0.7511736722444956,0.7931067606810737,0.2488263277555045,0.4929783501551035,0.001201382298296878,0.0007381858884546559,2.8145762370602005,22
2023-10-13,0.767373311543559,0.795810044021694,0.23262668845644094,0.4948067708851376,0.0011479442086485372,0.000734726458007384,2.834715257131912,22
2023-10-14,0.7722558878612729,0.7987935155825463,0.22774411213872697,0.49684587973842104,0.0011318379471319195,0.000733683784595785,2.850152982895321,22
2023-10-15,0.7745813268016273,0.800432474554438,0.22541867319837264,0.4979757394072803,0.0011241669699654964,0.0007331871874725393,2.7485985958533874,22
2023-10-16,0.7715842662869375,0.7994355920551032,0.2284157337130623,0.4972876843596346,0.0011340534400689022,0.0007338272092782984,0.5766505678629418,22
2023-10-17,0.6176242854425578,0.8029207120949265,0.38237571455744235,0.49970450541221917,0.0016419235472874235,0.0007667053391898226,2.7057111924456363,22
2023-10-18,0.7524499896997247,0.8033435296278985,0.24755001030027515,0.49999990297088603,0.0011971720840283954,0.0007379133310610317,2.8109927454446604,22
2023-10-19,0.7722550723430249,0.8015828589204907,0.22774492765697504,0.4987729663016463,0.0011318406373000208,0.0007336839587495797,2.6762711755614093,22
2023-10-20,0.7737827026668787,0.8046984297868328,0.22621729733312146,0.5009497352086195,0.0011268014092213339,0.0007333577335320332,1.5511980062282205,22
2023-10-21,0.719787435061577,0.8002499232449041,0.28021256493842295,0.49784954809398546,0.0013049166685363308,0.0007448884145128849,2.7556099506485423,22
2023-10-22,0.7629532792494111,0.797056504335159,0.2370467207505889,0.4956559502723504,0.0011625246641813588,0.0007356703552148476,2.840399122944781,22
2023-10-23,0.772254931980559,0.7992369777731317,0.22774506801944097,0.4971509069487656,0.0011318411003167948,0.0007336839887239625,-0.7849246530000766,22
2023-10-24,0.5040987227325033,0.7975586577200057,0.4959012772674967,0.49599915921935184,0.0020164106457070006,0.0007909487054112875,1.9314240398832698,22
2023-10-25,0.6047596822766659,0.7683373160199195,0.3952403177233342,0.5433722258089368,0.001453031511683431,0.0009670302652212354,2.421410409474116,23
2023-10-26,0.6957567076298502,0.7698414327196917,0.3042432923701497,0.5434657464591145,0.0011868313195072737,0.0009198264603898944,2.7631934347868943,23
2023-10-27,0.7301967188721425,0.7721013059736513,0.26980328112785756,0.5436070608757937,0.0010860802965077286,0.0009019610459682632,2.8074149454346204,23
2023-10-28,0.7360559435959678,0.771615584115118,0.26394405640403207,0.5435766054345119,0.0010689396205357787,0.000898921631226375,2.9015117494380074,23
2023-10-29,0.7400286753905021,0.7721066057716885,0.25997132460949784,0.5436073934308704,0.001057317712654207,0.0008968608159903977,2.674343046080174,23
2023-10-30,0.7315369889896278,0.7700477547020125,0.2684630110103722,0.54347860794126,0.001082159449069326,0.0009012657941311672,2.920972661374748,23
2023-10-31,0.7400963102140061,0.7721320458887792,0.2599036897859939,0.5436089898387657,0.001057119852335128,0.0008968257310961818,2.925677279680081,23
2023-11-01,0.7413159687489165,0.7722170598654519,0.25868403125108347,0.5436143255063993,0.0010535518374729961,0.0008961930453219014,2.232009240473045,23
2023-11-02,0.7158662598695307,0.7734947209829851,0.2841337401304692,0.5436946829642726,0.0011280027879120003,0.0009093948295153329,2.5224979518269244,23
2023-11-03,0.7185711703798116,0.7659804775872369,0.2814288296201884,0.5432265285386035,0.0011200898197137358,0.0009079916840024113,2.8732674160846416,23
2023-11-04,0.7391700618531809,0.7745302571504332,0.2608299381468191,0.543760045956672,0.0010598295183363168,0.0008973062132512857,2.7830289160800867,23
2023-11-05,0.736192226989532,0.7713852796215765,0.2638077730104681,0.5435621808443171,0.0010685409345512298,0.0008988509355669668,2.939090107981361,23
2023-11-06,0.7401973775803729,0.7710580749089284,0.25980262241962715,0.5435417045779715,0.001056824187755373,0.0008967733034017789,2.926404312937949,23
2023-11-07,0.7394006942095233,0.7700077664165941,0.2605993057904767,0.543476114566205,0.0010591548217417542,0.000897186575002735,2.770317803435901,23
2023-11-08,0.7339801319715133,0.7692965324262816,0.2660198680284865,0.5434318175668813,0.0010750122373909552,0.0008999984379286497,2.788560597750565,23
2023-11-09,0.7394554129207271,0.7757049029188123,0.2605445870792729,0.543834445858256,0.0010589947465048594,0.0008971581902137349,2.136088710534708,23
2023-11-10,0.7106762196483033,0.7740132897203008,0.2893237803516967,0.5437273886780097,0.0011431857646639948,0.0009120871114302501,2.4433986198933755,23
2023-11-11,0.7050098580276745,0.7551854501676417,0.29499014197232554,0.5425717358810467,0.0011597621585210597,0.000915026480349243,2.7247077500267314,23
2023-11-12,0.7297944133251217,0.771758029700109,0.27020558667487826,0.5435855322742827,0.0010872572073409078,0.0009021697379826496,2.931563159552158,23
2023-11-13,0.7396293899111693,0.7715294546454536,0.2603706100888306,0.5435712097246672,0.0010584857906480334,0.0008970679413746096,2.6183046883784344,23
2023-11-14,0.7313092984732114,0.7719468087422681,0.26869070152678864,0.5435973687631698,0.0010828255385819964,0.0009013839063294194,1.8805187771151395,23
2023-11-15,0.6892410829693165,0.7691663852094228,0.3107589170306836,0.5434237220344041,0.0012058920965889958,0.0009232063760919341,0.24850427852105317,23
2023-11-16,0.4647148480013873,0.7682217336689321,0.5352851519986127,0.543365056768809,0.00186270610667072,0.0010396771347107596,1.091331422901564,23
2023-11-17,0.4877962801552823,0.7722286886362163,0.5122037198447177,0.5436150554624725,0.0017951864821077591,0.0010277038705915039,2.5594104210071884,23
2023-11-18,0.6866411913693913,0.7736566725586251,0.3133588086306087,0.5437048914662066,0.00121349780060859,0.0009245550440861809,2.895630653678152,23
2023-11-19,0.7326217326455644,0.770882334143602,0.26737826735443554,0.5435307152632775,0.0010789861220825304,0.0009007030941129179,2.1868460709668285,23
2023-11-20,0.70975325291815,0.7713401589893416,0.2902467470818503,0.5435593560072617,0.0011458858159024694,0.0009125658912719747,2.9143393052534177,23
2023-11-21,0.7389787316109329,0.7741482926579938,0.2610212683890671,0.5437359118565038,0.001060389239703771,0.0008974054639177592,0.8777660468326003,23
2023-11-22,0.5891606509831122,0.7753189706046338,0.41083934901688773,0.5438099713817128,0.0014986640408341833,0.0009751221080686358,1.3371452892455165,23
2023-11-23,0.5782809143854006,0.7779558606665711,0.42171908561459925,0.5439777900273473,0.0015304909330855145,0.000980765863575824,2.780016660967999,23
2023-11-24,0.7164418414956395,0.7749166253219057,0.2835581585043603,0.5437844875947212,0.0011263189768603897,0.0009090962522526378,2.7689233951760013,23
2023-11-25,0.7353361914603609,0.7745705395405414,0.264663808539639,0.5437625928416815,0.0010710451967084606,0.0008992949955116828,2.9356175137714096,23
2023-11-26,0.7407526429294289,0.7719107411330769,0.259247357070571,0.5435951067864322,0.0010551998028337656,0.0008964852650064057,2.8137526249139175,23
2023-11-27,0.7395468346310986,0.7737344345591471,0.2604531653689014,0.5437097949615163,0.001058727299559933,0.0008971107661077602,2.854821002876592,23
2023-11-28,0.7387733921021408,0.7716579977829752,0.2612266078978592,0.5435792630250298,0.001060989944041515,0.0008975119817523759,2.5925933792401707,23
2023-11-29,0.7344316747254416,0.777077766645976,0.26556832527455826,0.5439217499397713,0.0010736912862524442,0.0008997642046012777,2.9376746256113195,23
2023-11-30,0.7397417833070837,0.7708290912107658,0.2602582166929162,0.5435273870695905,0.0010581569926933123,0.0008970096384146558,2.9137000655306737,23
2023-12-01,0.74093682675288,0.7721732749636945,0.25906317324711997,0.5436115772938344,0.0010546609875691784,0.0008963897214738395,2.022450692725358,23
2023-12-02,0.7023887015852665,0.7714595516254026,0.2976112984147335,0.5435668315900524,0.0011674300927859312,0.0009163861792697255,2.401453552038485,23
2023-12-03,0.7158340342775176,0.7728138650970302,0.2841659657224824,0.5436518216526725,0.001128097060909055,0.0009094115462217315,2.697388590009953,23
2023-12-04,0.7298671605817745,0.7713535981788099,0.2701328394182256,0.5435601973448313,0.0010870443914041718,0.0009021320010644182,0.5965011008943994,23
2023-12-05,0.533194841007415,0.7675157388103819,0.4668051589925849,0.5433213208561561,0.001662382197114975,0.0010041538171939304,0.9023836827351608,23
2023-12-06,0.4822982646696208,0.7753239395670928,0.5177017353303791,0.5438102863074012,0.0018112697363616896,0.001030555911621829,2.610324135935175,23
2023-12-07,0.6828222032623135,0.76403720071339,0.3171777967376864,0.543107156568032,0.0012246698341070975,0.00092653610630838,2.700031426169948,23
2023-12-08,0.7192921661181789,0.7643491248973355,0.28070783388182097,0.5431262718558225,0.0011179806119876463,0.0009076176746104995,2.318530377522741,23
2023-12-09,0.7132196682145233,0.7706090328887987,0.2867803317854767,0.5435136370339175,0.0011357451458241384,0.0009107677227002074,2.7260460032891642,23
2023-12-10,0.7288411581136772,0.7692104893471143,0.27115884188632267,0.5434264650836295,0.0010900458744461778,0.000902664229673788,2.9316721684316636,23
2023-12-11,0.7383011770863956,0.7701539051959448,0.26169882291360447,0.5434852281694588,0.0010623713712802159,0.0008977569386106376,0.07383779452347117,23
2023-12-12,0.4677210612438151,0.7679511832772492,0.532278938756185,0.5433482854599797,0.001853912110990791,0.0010381176913924074,2.640969963309405,23
2023-12-13,0.6854398839469243,0.7682268173942782,0.31456011605307554,0.5433653720367245,0.0012170120953958767,0.0009251782104027989,1.4084345191165855,23
2023-12-14,0.6287529107576184,0.7719067784300478,0.3712470892423817,0.5435948582811375,0.0013828428143898247,0.0009545840157961271,2.8402211381160636,23
2023-12-15,0.7248884117932054,0.7731729561306812,0.2751115882067945,0.543674415940934,0.0011016092926501393,0.0009047146776432152,1.9894818430514631,23
2023-12-16,0.6956107418738523,0.7702533162047142,0.3043892581261477,0.5434914300113279,0.0011872583272788582,0.0009199021786788326,2.8725321992000725,23
2023-12-17,0.7364101307008395,0.7748639498206974,0.2635898692991604,0.5437811536054987,0.0010679034749441704,0.0008987379001768462,2.3847752747175726,23
2023-12-18,0.7187874304446962,0.7689389901218568,0.2812125695553037,0.5434095850116918,0.0011194571705117381,0.000907879501237579,1.8276076562452968,23
2023-12-19,0.6823809966588256,0.7714569307337418,0.3176190033411744,0.5435666674577416,0.0012259605354353327,0.0009267649778601755,2.762817621193778,23
2023-12-20,0.7236878935921301,0.7667072094719757,0.2763121064078699,0.5432713457558337,0.001105121303367408,0.0009053374345590606,1.6608823001657755,23
2023-12-21,0.6719551077415179,0.7741618656216631,0.328044892258482,0.5437367689604145,0.0012564602947675813,0.0009321733043822313,2.841382612987609,23
2023-12-22,0.73154590218416,0.7741568158203399,0.26845409781584006,0.543736450071924,0.0010821333742655754,0.0009012611704998619,2.9264933320909927,23
2023-12-23,0.7388660065434791,0.7706060493032609,0.26113399345652094,0.5435134506719809,0.0010607190078909417,0.0008974639389290361,2.8816833394642436,23
2023-12-24,0.7407399620495771,0.7730881063157198,0.25926003795042296,0.5436690748620221,0.0010552368997480378,0.0008964918430871211,2.5464628684895265,23
2023-12-25,0.734005883775549,0.778027964722152,0.2659941162244509,0.5439823986958674,0.0010749369026120637,0.0008999850794355888,2.7413604356554666,23
2023-12-26,0.7303873385908747,0.7671314199578934,0.2696126614091252,0.5432975511955528,0.0010855226546211312,0.0009018621638788196,1.8879369699865458,23
2023-12-27,0.6924675167092322,0.7732543476420645,0.30753248329076777,0.5436795406458647,0.0011964535056813016,0.0009215326955735971,2.252727097653441,23
2023-12-28,0.7130334776748207,0.7824750677491303,0.2869665223251793,0.5442687279416184,0.0011362898288015356,0.0009108643071969362,2.411218905688729,23
2023-12-29,0.7183539109270576,0.7723878975103425,0.28164608907294253,0.543625051876653,0.0011207253925089428,0.0009081043851897939,2.5117211894931994,23
2023-12-30,0.7246306844252386,0.7732548973299077,0.2753693155747613,0.543679575260594,0.0011023632515289948,0.0009048483711604483,2.9034689119242842,23
2023-12-31,0.7304911995273052,0.7628907322119801,0.2695088004726949,0.5430370473771607,0.0010852188182159115,0.0009018082870476396,2.9340885639598597,23
2024-01-01,0.7416561032700972,0.7736145439319947,0.2583438967299028,0.5437022354247893,0.0010525568006113809,0.0008960166039108563,0.8369721943493287,23
2024-01-02,0.5810141807097872,0.7710866715285998,0.41898581929021284,0.5435434933213386,0.0015224952149143162,0.0009793480087654314,2.3007488475165294,23
2024-01-03,0.6838056053948658,0.7719475575879221,0.3161943946051342,0.5435974157296066,0.001221792999093819,0.0009260259762007689,0.5412085213255888,23
2024-01-04,0.49784412474792905,0.768545268678032,0.5021558752520712,0.543385130402003,0.001765793645582398,0.0010224916508152415,1.5671723096545342,23
2024-01-05,0.5748353794633404,0.7712573190830989,0.4251646205366595,0.5435541707184831,0.0015405702694025773,0.0009825532006604069,2.7773728567147384,23
2024-01-06,0.7138748626180711,0.7725155414083207,0.28612513738192885,0.5436330699247499,0.0011338284358415132,0.0009104278470984323,2.866372754883923,23
2024-01-07,0.7361525410635127,0.7720385523917817,0.2638474589364873,0.5436031235857284,0.0010686570325013506,0.0008988715222476751,2.930067196441326,23
2024-01-08,0.7425365870481083,0.7739466169866062,0.2574634129518917,0.5437231807299521,0.0010499810140946176,0.0008955598616794144,-0.11347040489808413,23
2024-01-09,0.45902287669386255,0.7664673879949345,0.5409771233061375,0.5432565454385854,0.0018793566656967564,0.001042629788400956,2.192981533383633,23
2024-01-10,0.6422668386610177,0.7644841333946106,0.35773316133898225,0.5431345508117753,0.0013433096490992336,0.0009475737996623469,2.533045890690951,23
2024-01-11,0.7048822352723088,0.7642857587622852,0.2951177647276913,0.5431223872572879,0.0011601355063714483,0.0009150926833884407,2.757614747657845,23
2024-01-12,0.7283297221402285,0.7686763931485837,0.2716702778597714,0.5433932715239066,0.0010915420367187078,0.0009029295320150536,-0.37655535851278166,23
2024-01-13,0.4566907025844251,0.7694478259441571,0.543309297415575,0.5434412324513599,0.0018861789021254293,0.0010438395806009464,2.6668199254214056,23
2024-01-14,0.6887971141719316,0.7727174552653948,0.3112028858280683,0.5436457597350572,0.0012071908799446479,0.000923436680504431,2.121719900981637,23
2024-01-15,0.6963505668275477,0.7720542157972383,0.3036494331724524,0.5436041062692855,0.0011850940455270396,0.000919518401818127,2.597601690808283,23
2024-01-16,0.7214585127073239,0.7697545462455693,0.2785414872926762,0.5434603326231175,0.0011116431595817404,0.0009064939037927819,2.6230495544036216,23
2024-01-17,0.7290468850736128,0.772703126777471,0.2709531149263871,0.5436448589630049,0.0010894440377507116,0.0009025575108527314,2.715258629746808,23
2024-01-18,0.7305508740373229,0.7689804898242519,0.2694491259626771,0.5434121643033346,0.0010850442454698633,0.0009017773314871324,1.3264386955300893,23
2024-01-19,0.640068548005698,0.7699015857237245,0.35993145199430204,0.5434694953844483,0.0013497404572930022,0.0009487141411477255,2.7707761732584806,23
2024-01-20,0.7221280746680729,0.7716792816306951,0.27787192533192695,0.5435805967759152,0.0011096844156821162,0.0009061465751631368,2.926440429181254,23
2024-01-21,0.7380820200009397,0.7709989634813804,0.2619179799990602,0.5435380076012297,0.0010630124977545018,0.0008978706241761722,2.917211641291398,23
2024-01-22,0.7409303004775222,0.7722850438959628,0.2590696995224778,0.5436185933396205,0.0010546800796738774,0.0008963931069144852,0.4305903282779098,23
2024-01-23,0.5168715095255153,0.7708372846746124,0.4831284904744848,0.5435278992044982,0.0017101329214419833,0.0010126213835839116,2.7177607078278525,23
2024-01-24,0.6927470025298768,0.7649662899418627,0.30725299747012325,0.5458866753866164,0.0011652739841253026,0.0010907783569537952,2.8320672642504756,24
2024-01-25,0.725520665888343,0.7649909204527872,0.27447933411165715,0.5460665676642792,0.0010708421882715926,0.0011186747284230758,2.900180081783794,24
2024-01-26,0.7317800581680625,0.7648228119712822,0.26821994183193754,0.5448387874803321,0.0010528066257257428,0.0011240026141188899,0.5471449346803123,24
2024-01-27,0.5232033651001227,0.7650579757595483,0.47679663489987745,0.546556320297636,0.0016537605928525702,0.0009464657655213932,2.7283252110680416,24
2024-01-28,0.6968272050520542,0.7647213869099806,0.30317279494794575,0.5440980589915432,0.001153517651991666,0.0010942513542804477,2.8964371748239413,24
2024-01-29,0.7281255449063079,0.7648350380838412,0.2718744550936923,0.5449280789473859,0.0010633366009586143,0.0011208919560769662,1.8130007912858788,24
2024-01-30,0.6790868029431855,0.7648343923853247,0.32091319705681454,0.5449233631828464,0.0012046330909571436,0.0010791510329696912,2.825799760782639,24
2024-01-31,0.7234027367062206,0.7642057395989841,0.2765972632937793,0.5403326475316658,0.0010769446918473746,0.0011168719839888056,2.8019580062457368,24
2024-02-01,0.7283959603758229,0.7646781556518456,0.271604039624177,0.5437823397649736,0.001062557436793744,0.0011211221290150998,2.8370321901091358,24
2024-02-02,0.7303537720489921,0.7648261856852755,0.2696462279510079,0.5448634268306178,0.0010569162744936708,0.0011227885842143327,2.9563721769860614,24
2024-02-03,0.7340107293685534,0.7646401709148318,0.26598927063144656,0.5435049401386454,0.0010463792452318924,0.0011259013225956964,2.9180569421535982,24
2024-02-04,0.7333295316306254,0.7647469422979737,0.26667046836937447,0.5442846930238999,0.0010483420261016545,0.0011253214989448146,2.7747980439552378,24
2024-02-05,0.7288549342349154,0.764842562881244,0.2711450657650846,0.5449830352698531,0.001061234967891184,0.0011215127995705364,2.9600940167970666,24
2024-02-06,0.7339603072578958,0.7648596735694474,0.26603969274210426,0.5451080012793882,0.001046524529874513,0.001125858404173249,2.805172984748394,24
2024-02-07,0.7301031688998475,0.7648329811024035,0.2698968311001526,0.5449130560879114,0.0010576383529568192,0.0011225752751782498,2.0056860540850505,24
2024-02-08,0.6932251502226142,0.7645960488532179,0.30677484977738567,0.543182725137711,0.0011638962931987435,0.0010911853479425014,2.146768815898622,24
2024-02-09,0.6927551473262449,0.7647501685178543,0.3072448526737553,0.5443082546054445,0.0011652505164585145,0.0010907852896626152,1.0540791020616713,24
2024-02-10,0.5812444544610482,0.7646952497894716,0.4187555455389518,0.5439071782049807,0.0014865381575264707,0.00099586932995008,2.6238864921777454,24
2024-02-11,0.6997895624966691,0.7647239547391445,0.30021043750333093,0.5441168120790361,0.0011449821639855772,0.0010967728613453093,2.853041832322859,24
2024-02-12,0.7271627127123005,0.7650063757475044,0.2728372872876995,0.5461794480364146,0.0010661108657263156,0.001120072410081975,1.2528307532961764,24
2024-02-13,0.6248462494706477,0.7649526063984194,0.3751537505293524,0.545786736234328,0.0013609136251387505,0.001032982418499609,2.75280492684476,24
2024-02-14,0.7128875304301339,0.7645299721811978,0.2871124695698663,0.5427001904768192,0.0011072426265485175,0.0011079216235379333,0.7923922827093024,24
2024-02-15,0.5527219470592877,0.764704120986062,0.4472780529407123,0.5439719648304218,0.00156871508781524,0.0009715914683936218,2.794058600002783,24
2024-02-16,0.7047476193878844,0.7647761464399976,0.29525238061211573,0.5444979762952851,0.0011306964067118023,0.0011009930730223002,2.926113204778863,24
2024-02-17,0.7301054053022696,0.7645983462113246,0.26989459469773036,0.5431995021683115,0.0010576319090716219,0.0011225771787650425,2.779122831946118,24
2024-02-18,0.7285525155981292,0.7647727294639081,0.27144748440187083,0.5444730213790643,0.0010621063448781848,0.0011212553860937835,2.8623439081638278,24
2024-02-19,0.7311460917713027,0.764859518837017,0.2688539082286973,0.5451068712054968,0.0010546333137272438,0.0011234629929630362,2.8600646436276556,24
2024-02-20,0.731238880843271,0.764587665494487,0.26876111915672907,0.5431215037000474,0.0010543659546649394,0.0011235419734050944,2.8502717944891973,24
2024-02-21,0.7311169890374632,0.764759384183925,0.26888301096253664,0.544375558176078,0.0010547171692850829,0.001123438221222841,2.7239264238254344,24
2024-02-22,0.7268330261807041,0.7649625908325609,0.2731669738192958,0.5458596585321456,0.001067060810521917,0.0011197917866480537,2.7937958407458927,24
2024-02-23,0.7285905115081104,0.7647698254510387,0.2714094884918895,0.5444518127660559,0.0010619968649873014,0.0011212877275506284,2.758310440490983,24
2024-02-24,0.7276497415983375,0.7646634489338696,0.2723502584016624,0.543674937265258,0.0010647075610527243,0.001120486960587744,2.642738184233867,24
2024-02-25,0.7237104361362986,0.7647919825161931,0.2762895638637014,0.5446136309463592,0.0010760581012883232,0.0011171338923848387,2.9498757859708578,24
2024-02-26,0.7330861783655171,0.7648504380858905,0.2669138216344829,0.545040550874188,0.0010490432160729544,0.0011251143608837604,0.3247163127138597,24
2024-02-27,0.492089582181936,0.7644628001466636,0.5079104178180639,0.5422096706945357,0.0017434006385622465,0.0009199822553746376,1.114329987143787,24
2024-02-28,0.4955419512448966,0.7649360818743173,0.5044580487551035,0.5456660481458118,0.0017334542952104049,0.0009229208517950627,-0.009183345444798374,24
2024-02-29,0.45301923909260183,0.7651164241172624,0.5469807609073982,0.5469832157849441,0.0018559618637909048,0.0008867262597805185,2.254380973510476,24
2024-03-01,0.644294513726841,0.7650538370749944,0.3557054862731591,0.5465260923339663,0.0013048788256878531,0.0010495364423262848,2.454170394542786,24
2024-03-02,0.7011026419072326,0.7645607487460577,0.2988973580927675,0.5429249392530477,0.0011411987631575055,0.0010978905316711772,2.8079756343197393,24
2024-03-03,0.7256117885136667,0.7648562933813776,0.27438821148633324,0.5450833144021844,0.0010705796315910166,0.0011187522904147727,2.6566872424498933,24
2024-03-04,0.7239071465718527,0.7648130912189888,0.2760928534281472,0.5447677937494496,0.0010754913090875542,0.0011173013288817016,-0.2734389306429661,24
2024-03-05,0.4546227039070413,0.7649243230134546,0.5453772960929587,0.5455801667429327,0.0018513423429660776,0.0008880911011048549,0.7238592966662197,24
2024-03-06,0.45308641245364967,0.7652532927056198,0.5469135875463502,0.5479828940255882,0.0018557683399807456,0.0008867834365755607,1.6217345521260176,24
2024-03-07,0.5650167054023488,0.7646315921300701,0.43498329459765106,0.5434422904785129,0.0015332924876187847,0.000982056552571478,2.555497124901765,24
2024-03-08,0.6926381558497992,0.7650759422305182,0.30736184415020096,0.5466875434060409,0.0011655876049242169,0.0010906857085553716,2.455520960573756,24
2024-03-09,0.7099371181535801,0.7646520824591294,0.2900628818464199,0.5435919288117319,0.0011157437527725216,0.0011054102839920899,2.9421865773223064,24
2024-03-10,0.7312103081271145,0.7647270191690136,0.2687896918728855,0.5441391919079089,0.0010544482830529744,0.0011235176528067204,2.9338901780577835,24
2024-03-11,0.7335508954617709,0.7649296181730969,0.26644910453822906,0.5456188401623696,0.0010477041956765067,0.0011255099199826448,0.5679887775759935,24
2024-03-12,0.5275804944163383,0.7651290971963873,0.47241950558366175,0.5470757781168442,0.0016411497967008086,0.000950191501763896,2.565695321539283,24
2024-03-13,0.6864979380282284,0.764905534488617,0.3135020619717715,0.5454429444022784,0.0011832794352253254,0.0010854592620828081,2.223802538348868,24
2024-03-14,0.6960401355067938,0.7647022071497065,0.3039598644932063,0.5439579880065681,0.0011557854459548797,0.001093581414391013,2.1236738175209644,24
2024-03-15,0.6914639355442351,0.7643433548023761,0.30853606445576476,0.541337465719072,0.0011689708940723783,0.0010896862326813287,1.5894709071947004,24
2024-03-16,0.6451591933671423,0.7646986088121621,0.35484080663285766,0.5439317092284598,0.001302387477509761,0.001050272442576972,0.37468385591728315,24
2024-03-17,0.45851253613168497,0.7650075790726607,0.541487463868315,0.5461882367429893,0.0018401358695661978,0.0008914020585497084,1.2296784914310126,24
2024-03-18,0.5048825705797446,0.7643752774758956,0.4951174294202554,0.5415705641846015,0.0017065437001325796,0.0009308714242979913,2.633630134615322,24
2024-03-19,0.6875084071260482,0.764805704549093,0.31249159287395184,0.5447138467029403,0.001180367970964087,0.0010863193557806867,-0.484772601955507,24
2024-03-20,0.453323213487764,0.7650749193843862,0.546676786512236,0.5466800727526859,0.0018550861254665436,0.0008869849974917057,0.070613090875152,24
2024-03-21,0.4548859400705043,0.7648607833016229,0.5451140599294957,0.5451161061064352,0.0018505839692874856,0.0008883151631427111,1.3972408766974007,24
2024-03-22,0.5249618127333298,0.7647706759188012,0.4750381872666703,0.5444580239078229,0.0016486943934235045,0.0009479625255219059,1.5955441150605782,24
2024-03-23,0.5846088394006707,0.7644209869877476,0.4153911605993294,0.5419043400861588,0.001476844863746975,0.0009987330358170385,2.6020540144879654,24
2024-03-24,0.6990671626017269,0.7647404757273444,0.300932837398273,0.5442374667377512,0.0011470636275588038,0.0010961579671359477,0.7757244385440271,24
2024-03-25,0.5409905349973172,0.7647619201611485,0.45900946500268286,0.5443940788834132,0.0016025144189516609,0.0009616058947590716,1.231364456312487,24
2024-03-26,0.53586577555092,0.7646679108770924,0.4641342244490799,0.5437075225745205,0.0016172792832650931,0.0009572437887703777,2.775773940819789,24
2024-03-27,0.7013269911530473,0.7647638562960576,0.29867300884695264,0.5444082188425861,0.0011405523411332906,0.0010980814938419802,2.6745200958187927,24
2024-03-28,0.7205926727826624,0.7648795567561268,0.27940732721733763,0.5452532166964386,0.001085041470548577,0.0011144801065167455,2.2732761112961186,24
2024-03-29,0.7064835896423471,0.7642635207846536,0.29351641035765275,0.5407545365907462,0.0011256945094005823,0.0011024707006694883,2.619321138295807,24
2024-03-30,0.7191537495467948,0.7648457015027094,0.28084625045320527,0.5450059577960419,0.0010891875081043747,0.0011132553201184568,2.911751400761728,24
2024-03-31,0.7313577711165344,0.7648458675071027,0.2686422288834656,0.5450071701887902,0.0010540233885308632,0.0011236431707351204,2.2811052768619233,24
2024-04-01,0.7090185176888534,0.7644753033501632,0.2909814823111465,0.5423009734882218,0.001118390545888488,0.001104628387274729,2.2201239710381238,24
2024-04-02,0.7002794307266436,0.764458080391066,0.29972056927335644,0.542175205511998,0.0011435706975743466,0.0010971898286511882,0.1269460343385409,24
2024-04-03,0.45786607736138046,0.7648393684789646,0.5421339226386194,0.5449597053773405,0.0018419982966592326,0.0008908518041030589,2.6116140148469102,24
2024-04-04,0.6785563464676764,0.7646853370141306,0.3214436535323237,0.5438347851402079,0.0012061614887273937,0.001078699517656092,1.442165904993043,24
2024-04-05,0.6262426177031766,0.7645339598643851,0.3737573822968234,0.5427293107462607,0.0013568903941882573,0.0010341709828201877,2.739003256515695,24
2024-04-06,0.7122697053960227,0.7649450999218402,0.2877302946039773,0.5457319120629133,0.0011090227885013535,0.0011073957416288505,2.511017394938132,24
2024-04-07,0.7159281537116545,0.7647748435664188,0.2840718462883453,0.5444884611241865,0.0010984815589984067,0.001110509749120102,2.9399980124282883,24
2024-04-08,0.7318835377235383,0.7648704316258512,0.26811646227646163,0.5451865718651216,0.0010525084633966266,0.0011240906941143258,1.51847692826822,24
2024-04-09,0.6555741247834346,0.7647870878986835,0.3444258752165654,0.5445778843218602,0.0012723794921299049,0.00105913745081356,1.0993368765060412,24
2024-04-10,0.563622988199588,0.7649489382945094,0.43637701180041205,0.5457599459216911,0.00153730795674938,0.000980870244761268,2.237580897123427,24
2024-04-11,0.6697171316616546,0.7646354389538123,0.3302828683383454,0.5434703832665981,0.0012316297504873547,0.0010711757319557106,2.783048557007291,24
2024-04-12,0.7204205043255235,0.7647041185378358,0.27957949567447654,0.5439719469509217,0.0010855375478227474,0.0011143335597244902,0.6840382754640574,24
2024-04-13,0.5343722284782678,0.7649542988910434,0.4656277715217322,0.5457990975081561,0.00162158231122231,0.0009559725075135389,1.1993859718797153,24
2024-04-14,0.5234047031747032,0.7647462088326559,0.4765952968252968,0.5442793364170739,0.0016531805252862598,0.000946637140984001,2.430690400258599,24
2024-04-15,0.6764335847280458,0.7648772783813579,0.32356641527195407,0.5452365767095153,0.0012122777721452747,0.001076892659833034,1.227215049345567,24
2024-04-16,0.5941246441136392,0.7647941833018206,0.4058753558863608,0.5446297038561866,0.0014494283251986135,0.0010068327230628197,2.8009418761870872,24
2024-04-17,0.7110590440243145,0.7644996649875311,0.2889409559756855,0.5424788722068616,0.0011125111099545206,0.0011063652477539582,0.906443515445776,24
2024-04-18,0.5650519582245022,0.7648802242045659,0.43494804177549784,0.5452580913720322,0.0015331909199049693,0.0009820865591597368,1.466458253823891,24
2024-04-19,0.5794876215128245,0.7655168403535487,0.42051237848717543,0.5499078676414357,0.0014915998482257884,0.0009943739443413042,2.8111047480716493,24
2024-04-20,0.709325895065774,0.764894614714698,0.29067410493422596,0.5453631919477097,0.0011175048896849057,0.0011048900215447236,2.517479398955834,24
2024-04-21,0.7157083501362729,0.7647541752418028,0.2842916498637271,0.5443375163639481,0.0010991148881415718,0.0011103226561448051,2.9485231301372483,24
2024-04-22,0.7320883355627286,0.7648895015965255,0.26791166443727155,0.5453258484242868,0.0010519183661046219,0.0011242650144683147,1.7405448147768137,24
2024-04-23,0.675132584174684,0.7645917165568759,0.3248674158253161,0.5431510875048808,0.0012160263234367544,0.0010757852708200527,2.7640980047845938,24
2024-04-24,0.5548576940377872,0.7105187215141073,0.4451423059622129,0.7449511848349215,0.0009288448349336387,0.0014385397268850504,1.1896190928632395,25
2024-04-25,0.2840563100343881,0.721616788116471,0.7159436899656118,0.7693427335757443,0.0013997851628966785,0.0016260630964727882,2.722415171699655,25
2024-04-26,0.5190218484657063,0.6998726972503102,0.4809781515342937,0.7205794233309737,0.0009911696208109123,0.0014633551780262382,2.6493801952816582,25
2024-04-27,0.5747974970665323,0.6977814139909019,0.42520250293346773,0.715688969412284,0.0008941655062963959,0.001424731898440499,2.9887691148991835,25
2024-04-28,0.6201615728295943,0.704491366446233,0.37983842717040583,0.731263241872651,0.0008152668323644995,0.0013933183797222343,2.963566048643655,25
2024-04-29,0.6312532484485239,0.7126416490081116,0.36874675155147607,0.7497004845627867,0.0007959755296135107,0.001385637664226298,2.670344461801412,25
2024-04-30,0.6095436120998057,0.7144321114055354,0.39045638790019443,0.7536759678298849,0.0008337341114346133,0.0014006710591833377,0.4955245288761091,25
2024-05-01,0.23351117503298888,0.7205320670625747,0.766488824967011,0.7670074024466613,0.0014876784850294854,0.0016610643726538972,1.44674637048995,25
2024-05-02,0.2567432421861822,0.7106335216354157,0.743256757813818,0.7452089860931068,0.001447280369911383,0.0016449767314068325,2.2859229152603713,25
2024-05-03,0.41917773968542543,0.7066548867121775,0.5808222603145745,0.7362105127355723,0.0011648094446027192,0.0015324947940620554,0.7016194791209713,25
2024-05-04,0.27123983494145565,0.7034093660547074,0.7287601650585444,0.7287751467196593,0.001422072061407082,0.0016349381936385911,2.4378756911184287,25
2024-05-05,0.46361822756843224,0.7005014645199711,0.5363817724315678,0.7220434459061756,0.0010875237569719191,0.0015017208374790278,2.9775910352120634,25
2024-05-06,0.5965520669780124,0.7106895517717934,0.40344793302198767,0.7453347700574691,0.0008563294980366908,0.0014096673880845197,2.591187719162389,25
2024-05-07,0.5891057709360302,0.6919424890023477,0.4108942290639698,0.7018692058772715,0.0008692803047470858,0.001414823766918694,2.5838424257512624,25
2024-05-08,0.5875955916848831,0.7028437793688703,0.41240440831511693,0.7274709234536013,0.0008719068443276995,0.0014158695293061308,1.9402734694119406,25
2024-05-09,0.49513914742008636,0.7117974499600636,0.5048608525799138,0.7478164777981774,0.0010327051195951299,0.0014798933674133171,1.5254441189634411,25
2024-05-10,0.37214965231753205,0.6935823008446943,0.627850347682468,0.7057742700539335,0.001246593119253154,0.001565060600329808,1.465723663963666,25
2024-05-11,0.2811488393856878,0.7092884207687655,0.718851160614312,0.7421814224031166,0.0014048410522781766,0.001628076449155708,2.7397491040551363,25
2024-05-12,0.5199812097325223,0.7029849052360442,0.4800187902674778,0.7277965873228059,0.00098950114028217,0.0014626908436910675,2.8651346690528103,25
2024-05-13,0.5972703048840433,0.7060702205720725,0.4027296951159567,0.7348772633406127,0.0008550803157346023,0.0014091700258099496,1.9609758045603214,25
2024-05-14,0.5028228714071433,0.7074514684990126,0.4971771285928567,0.7380225568334783,0.0010193420631190813,0.0014745725755040077,1.9568801892023173,25
2024-05-15,0.463557380732621,0.7015837238070629,0.5364426192673789,0.7245563987281917,0.0010876295759517528,0.00150176297243237,0.21848665800916955,25
2024-05-16,0.3302023927696712,0.6787342835701206,0.6697976072303287,0.6697977536623236,0.0013195392468286103,0.001594108056953174,2.30863380860322,25
2024-05-17,0.46071190445458987,0.7019886085343462,0.5392880955454101,0.7254942314390572,0.0010925781513636823,0.0015037333955219793,1.8594632770958204,25
2024-05-18,0.427625575593095,0.6942374756643896,0.5723744244069048,0.7073293781110842,0.0011501181043714758,0.0015266448732392333,2.941111835219017,25
2024-05-19,0.5833891989258393,0.6992376785881279,0.4166108010741607,0.7190978488037388,0.0008792226908747001,0.0014187823539465526,2.740428458709287,25
2024-05-20,0.6013062480705558,0.7036773311906654,0.39869375192944423,0.7293921956774809,0.0008480608652615509,0.0014063752333513188,-0.0021854591165345605,25
2024-05-21,0.2790892130209518,0.7000152144918846,0.7209107869790483,0.7209115202396424,0.0014084225944715016,0.0016295026903007767,2.350405018394347,25
2024-05-22,0.4228986286367216,0.7325127166458217,0.5771013713632784,0.7921817286956142,0.0011583385833201256,0.001529918168995767,2.289161567173093,25
2024-05-23,0.4881115164196647,0.7083242714000791,0.5118884835803352,0.7400020473268405,0.001044927090241404,0.001484759830892698,2.1122459768971202,25
2024-05-24,0.4834896293866969,0.705969467748211,0.5165103706133033,0.7346472328442599,0.00105296513125392,0.0014879603752084728,2.696668152743632,25
2024-05-25,0.5693958975397669,0.7168028898888211,0.43060410246023306,0.7588968404509756,0.0009035600121374234,0.0014284723746871412,2.9031593583583795,25
2024-05-26,0.6121550903937569,0.7060057072767355,0.3878449096062431,0.7347299813135291,0.00082919211008339,0.0013988626740043283,2.671684345195177,25
2024-05-27,0.6028462291650253,0.7048270433733684,0.3971537708349748,0.7320332697541405,0.0008453824733365905,0.0014053088339124862,2.752796043780156,25
2024-05-28,0.6077007830680043,0.7083158572660039,0.3922992169319957,0.7399829941473977,0.0008369392392324088,0.0014019471734502173,2.4939575052249108,25
2024-05-29,0.5833198290453437,0.6964293104092846,0.41668017095465637,0.7125101074785685,0.0008793433402841782,0.001418830390900966,2.717028203377613,25
2024-05-30,0.6005708209894095,0.7105280574597164,0.3994291790105904,0.7449721542732318,0.0008493399463664318,0.0014068844987114282,2.8362877205507795,25
2024-05-31,0.6055089117073178,0.677776542214295,0.3944910882926822,0.6674332926547629,0.0008407514322743293,0.0014034649910373447,2.4852125908484703,25
2024-06-01,0.5842651345436576,0.7239475276172771,0.41573486545634236,0.7743236619861099,0.0008776992466678005,0.0014181757898434932,3.0759650347215364,25
2024-06-02,0.6281061880537451,0.7046096549813157,0.3718938119462549,0.7315346921134415,0.000801449096450161,0.0013878169269789492,3.1596168568192016,25
2024-06-03,0.641975282701967,0.7055106699224764,0.358024717298033,0.7335987153859803,0.0007773270169834387,0.0013782129163822632,2.649457317642582,25
2024-06-04,0.6052621952758706,0.6942093738252064,0.39473780472412956,0.7072627370298672,0.0008411805313755841,0.0014036358361632954,1.852503753845541,25
2024-06-05,0.49449262268005145,0.6960744426160912,0.5055073773199485,0.7116736240781214,0.001033829512765036,0.0014803410700652787,2.9173806401904425,25
2024-06-06,0.6006542743944476,0.7261756417820965,0.39934572560555226,0.7790374068588245,0.0008491948012431816,0.0014068267092589336,3.053969296228868,25
2024-06-07,0.6279633090464254,0.6998855292692262,0.3720366909535744,0.720609331009649,0.0008016976004471127,0.0013879158672151465,1.9872133077965084,25
2024-06-08,0.5307176972867389,0.6924381776033226,0.46928230271326116,0.7030515622028615,0.0009708286351283352,0.0014552560872879087,3.0538854886275915,25
2024-06-09,0.6218171106530387,0.7208230484768304,0.3781828893469613,0.7676349306630248,0.0008123874298849471,0.0013921719600601826,3.116139999443446,25
2024-06-10,0.6370686836614556,0.7032554299416178,0.3629313163385443,0.7284204216149135,0.0007858609312315374,0.0013816106168359696,3.1299211152424493,25
2024-06-11,0.6426628811397418,0.7068553016802814,0.3573371188602583,0.7366668961535062,0.0007761310938792817,0.0013777367711939761,1.1827096014321858,25
2024-06-12,0.39257415356828496,0.6920464203206339,0.607425846431715,0.702117247912028,0.0012110743770452738,0.001550917130159648,2.618321194166426,25
2024-06-13,0.5341398230519554,0.6999634570120389,0.46586017694804466,0.7207909313417858,0.0009648769763462663,0.0014528863484588104,1.964757994203692,25
2024-06-14,0.48662726108253207,0.6923395586850517,0.513372738917468,0.7028164600841127,0.001047508398592133,0.0014857876416004313,2.592160448904666,25
2024-06-15,0.5576381563258402,0.7153681376462874,0.44236184367415965,0.7557431813088037,0.00092400907456429,0.0014366143244016537,3.075421396673045,25
2024-06-16,0.6246518462319081,0.7088842635052723,0.3753481537680919,0.7412687960896999,0.0008074570956793392,0.0013902089746434122,3.0825471387866648,25
2024-06-17,0.6339412556337048,0.6999655085181156,0.36605874436629515,0.7207957114931665,0.0007913003696834799,0.0013837762846521267,3.1361988538762064,25
2024-06-18,0.6444743719444657,0.7107043257613692,0.3555256280555344,0.7453679322847492,0.0007729804101662538,0.001376482357886861,1.9712413435306422,25
2024-06-19,0.5323292970240061,0.7027027551507073,0.4676707029759938,0.7271453401274441,0.0009680257904641097,0.0014541400936814825,3.0030992388412545,25
2024-06-20,0.6070328487564295,0.685691107969177,0.39296715124357046,0.6868208619184154,0.0008381009386143025,0.0014024097017095566,3.1370298944933372,25
2024-06-21,0.6365881841095269,0.7049106390481763,0.3634118158904732,0.7322248958280707,0.0007866966497910267,0.001381943351084706,2.658100495730038,25
2024-06-22,0.6092454344240713,0.7083762375003253,0.3907545655759288,0.7401197077805796,0.0008342527151399441,0.00140087753996886,3.134630444635182,25
2024-06-23,0.6361359322917586,0.7035840233229442,0.3638640677082414,0.7291773972975192,0.0007874832377055387,0.001382256524464828,2.52990148235295,25
2024-06-24,0.5963711752731817,0.7044296163153445,0.4036288247268184,0.7311214929093436,0.0008566441105882631,0.0014097926511888615,0.6030934745323246,25
2024-06-25,0.23129837275493148,0.7218367182289985,0.7687016272450685,0.7698149018453619,0.0014915262878670232,0.0016625966843920364,2.012343608124741,25
2024-06-26,0.37798209139069794,0.6859797733173328,0.6220179086093021,0.6875211394831507,0.0012364503958741185,0.0015610217781799865,2.3290130346909863,25
2024-06-27,0.47063196314502537,0.7198844580777394,0.5293680368549747,0.7656079840936777,0.0010753261170879898,0.0014968639962425604,2.6753577249598886,25
2024-06-28,0.5624909967712135,0.7329809343984589,0.4375090032287865,0.7931372103197357,0.0009155690309805921,0.0014332538504670872,1.9907067319106528,25
2024-06-29,0.48615142414524093,0.7224839663155698,0.5138485758547591,0.7712018721288272,0.001048335938952112,0.0014861171471019763,2.8306191221280823,25
2024-06-30,0.5860272038445975,0.7105808249119194,0.4139727961554024,0.7450906612987084,0.0008746346193521442,0.00141695559972528,1.449136698803282,25
2024-07-01,0.39096835580653444,0.7046092877881268,0.6090316441934656,0.731533849644182,0.00121386691586925,0.0015520291060391956,2.897485955424607,25
2024-07-02,0.57028073688532,0.7060519105740465,0.4297192631146799,0.7348354655291511,0.0009020210942655944,0.0014278596449692608,2.5937630690729248,25
2024-07-03,0.5830622192741891,0.7008921790063037,0.4169377807258108,0.7229516886360715,0.0008797913800348816,0.0014190087793996189,1.339047263358768,25
2024-07-04,0.3627492814063867,0.7081958381738516,0.6372507185936133,0.7397111564924739,0.0012629404758449415,0.0015715701284665267,1.1223640219545121,25
2024-07-05,0.24494282838980572,0.7154325769337542,0.7550571716101943,0.7558852124682364,0.0014678001099177565,0.0016531482308464302,2.396782749101506,25
2024-07-06,0.4435185913586622,0.7048838205390578,0.5564814086413377,0.7321634258863946,0.001122478922980648,0.0015156393465125576,1.7966746305814336,25
2024-07-07,0.39374673352263967,0.7029404576405957,0.6062532664773603,0.7276940361281802,0.0012090352176733021,0.0015501051470711534,1.332815257822049,25
2024-07-08,0.2692134163762594,0.7095294531213285,0.7307865836237406,0.7427250512377569,0.0014255958383989724,0.0016363414391904528,2.5777125067992586,25
2024-07-09,0.4790623194423752,0.7171696219171773,0.5209376805576248,0.7597000014437819,0.0010606647591030684,0.0014910261796245907,2.051495500838105,25
2024-07-10,0.4619208181384812,0.7090070320762762,0.5380791818615187,0.7415461625956483,0.0010904757272887095,0.0015028962522098122,2.905094788280579,25
2024-07-11,0.5880535242774108,0.7045372332577622,0.41194647572258924,0.7313685108081723,0.0008711103973299881,0.001415552422127706,2.9322243759695703,25
2024-07-12,0.6232127800893372,0.7170390368612909,0.3767872199106627,0.7594141514600594,0.000809960002761706,0.0013912054929334041,2.958935340152511,25
2024-07-13,0.6280179435240179,0.7053918947190997,0.37198205647598215,0.7333269973807751,0.0008016025767905418,0.0013878780341687186,1.8088662249433365,25
2024-07-14,0.4885898362214069,0.7128748512945287,0.5114101637785932,0.7502198478423693,0.001044095230967734,0.001484428606067931,1.690576382625986,25
2024-07-15,0.38953021120448256,0.7049675760141174,0.6104697887955174,0.7323553805224667,0.0012163678978487603,0.0015530249861848,0.8536735464665034,25
2024-07-16,0.2711004651577141,0.7034818053974086,0.7288995348422859,0.7289420095812984,0.0014223144142463749,0.0016350347038228434,2.689958151806663,25
2024-07-17,0.4813580269273068,0.8013137752718932,0.5186419730726931,0.9071579186582719,0.0010566722482741849,0.0014894364580478473,2.4572840891825107,25
2024-07-18,0.5391309275413536,0.7024929137124282,0.46086907245864633,0.7266605936866882,0.0009561965765562705,0.0014494301300378414,3.0150497780502934,25
2024-07-19,0.6118545129546991,0.694993013111133,0.38814548704530094,0.7091190130847747,0.0008297148883149141,0.0013990708165675637,0.8683803983520735,25
2024-07-20,0.2986451251994989,0.6975315613064947,0.7013548748005011,0.7151025473270003,0.0013744161048860727,0.0016159606969295868,2.7179330830999375,25
2024-07-21,0.5199641512902519,0.7060530899007031,0.48003584870974814,0.7348381577609165,0.000989530807611004,0.0014627026562472928,2.7036388563972222,25
2024-07-22,0.5801178614034859,0.7037165673342194,0.41988213859651424,0.7294824984996476,0.0008849122580041224,0.0014210476755862783,2.9031266769016515,25
2024-07-23,0.6147913938127452,0.7049037922981408,0.38520860618725483,0.7322092031290913,0.0008246069251160288,0.0013970370980302478,1.686648693614685,25
2024-07-24,0.5201222601562538,0.6918723902122536,0.47987773984374615,0.6745536327759131,0.0010236472647019417,0.00130915082315767,2.793073326532937,26
2024-07-25,0.5991080111181414,0.6997316713505223,0.4008919888818588,0.688833305671836,0.0008848184395857512,0.001228451385589066,3.0119844401214864,26
2024-07-26,0.635414775606985,0.7094517666234851,0.364585224393015,0.7062933873314797,0.0008209997061439345,0.0011913569041350726,1.304870380426677,26
2024-07-27,0.42454335607730564,0.7030503509675382,0.5754566439226944,0.6948210953790733,0.0011916235280042809,0.0014068034213625855,2.876317122125791,26
2024-07-28,0.5880792917433643,0.7137234684757222,0.41192070825663574,0.7138879209382611,0.0009042037835175909,0.0012397193857005787,3.0542647314474465,26
2024-07-29,0.634128398005002,0.7052606704534559,0.365871601994998,0.6987942021408454,0.0008232609017581429,0.0011926711911769338,2.2056004962178126,26
2024-07-30,0.5711124129983514,0.6721745782536827,0.42888758700164853,0.6382607720711467,0.0009340262225827933,0.0012570543803716798,2.7628984007751,26
2024-07-31,0.6060871110126904,0.694241803674928,0.3939128889873098,0.6788726301881317,0.0008725510408006601,0.001221320866104647,1.9232553111618842,26
2024-08-01,0.5271930623081988,0.6972252941245931,0.47280693769180127,0.6842940916179476,0.0010112198430752713,0.0013019266118300327,2.895635585150188,26
2024-08-02,0.6048499355767031,0.6890063521505386,0.3951500644232969,0.6693143335073025,0.0008747256731203335,0.001222584883482997,0.3532589720366742,26
2024-08-03,0.29120181661058475,0.7110590037160253,0.7087981833894154,0.7091567979784846,0.0014259343132079641,0.001543037958712094,2.3969592598823515,26
2024-08-04,0.4853204352582714,0.7006197652215658,0.5146795647417286,0.6904382325032821,0.0010848123470007806,0.0013447077136274892,1.1333964198210877,26
2024-08-05,0.33284222276678804,0.6972387179808427,0.6671577772332119,0.6843184408770661,0.0013527668306114163,0.0015004941161074281,0.4534246283990147,26
2024-08-06,0.27193336194573053,0.7217812908488763,0.7280666380542695,0.7280688037087975,0.0014597902103498216,0.0015627244646366902,1.7861982532398635,26
2024-08-07,0.340000676527463,0.7091431828568063,0.6599993234725371,0.7057428186847278,0.001340188153471991,0.0014931803514687146,2.2899331733734054,26
2024-08-08,0.4931934679261283,0.6834590436331693,0.5068065320738717,0.6591300285072508,0.0010709755154419255,0.0013366638664712865,-1.8369626013714715,26
2024-08-09,0.2995649162884321,0.7061755326595853,0.7004350837115678,0.7004350837115716,0.0014112395753386507,0.0015344934119791253,2.1426689447520504,26
2024-08-10,0.42826113111484587,0.7159415464349775,0.5717388688851541,0.7178109217157845,0.0011850900372634926,0.0014030049849245896,2.8802749933343734,26
2024-08-11,0.5865517017222921,0.6986604168248515,0.4134482982777079,0.6868949428741113,0.0009068888311753957,0.0012412801185420683,1.1906974075230778,26
2024-08-12,0.3965859638177627,0.6885904605471109,0.6034140361822373,0.6685527394809164,0.0012407539689038513,0.0014353673813649233,2.7067762575891896,26
2024-08-13,0.5599336133032762,0.7062406412013218,0.4400663866967237,0.7005517794828966,0.0009536747098036452,0.0012684757169684534,2.3332227069488716,26
2024-08-14,0.5608922929695221,0.7353753021278588,0.43910770703047786,0.7515153461192399,0.00095198969071816,0.0012674962376455078,1.546916041356139,26
2024-08-15,0.44188883657329375,0.6972985644145968,0.5581111634267062,0.684426990223726,0.0011611409268726723,0.0013890816107405802,2.0972179852782715,26
2024-08-16,0.49262179008931795,0.690491770049681,0.5073782099106819,0.6720317774150799,0.0010719802419013776,0.0013372479475155154,2.121703173434147,26
2024-08-17,0.5173420980525691,0.6741615973234961,0.48265790194743097,0.6419484983939017,0.0010285335624325865,0.0013119913040720718,2.863997184670425,26
2024-08-18,0.6069430072008238,0.7098969518608197,0.3930569927991761,0.7070872235696034,0.0008710465962631952,0.0012204464002654497,2.7761096923806328,26
2024-08-19,0.6207610799673927,0.7094187269716405,0.3792389200326073,0.7062344509669445,0.000846757780003611,0.001206328528535874,2.8695339869167578,26
2024-08-20,0.632780572099917,0.7155233561978764,0.3672194279000831,0.7170723889760265,0.0008256301075442574,0.0011940482597134253,3.0200454200278037,26
2024-08-21,0.6407669401776498,0.7059387773855598,0.3592330598223503,0.7000106489716565,0.0008115916297396405,0.0011858886182054286,1.2557111092164934,26
2024-08-22,0.424056023716619,0.6968655783054992,0.5759439762833811,0.6836414614596279,0.001192479947093957,0.0014073013269586896,2.5543642184666187,26
2024-08-23,0.5491873116466699,0.707676825891722,0.4508126883533302,0.7031230926471214,0.0009725627681929049,0.0012794551719849559,0.5456500193038818,26
2024-08-24,0.3337697783588679,0.6874450468250923,0.6662302216411322,0.6664535470170848,0.001351136956406081,0.0014995464361311937,2.7615483848342173,26
2024-08-25,0.5512551865161699,0.7087915308675811,0.4487448134838299,0.7051150962584511,0.0009689282210515952,0.001277342432194567,2.921815257036778,26
2024-08-26,0.6150341166820014,0.698983570603618,0.3849658833179984,0.687479945757596,0.0008568244390590488,0.0012121797448689325,1.8499607453972597,26
2024-08-27,0.5202093383296802,0.6981409187101296,0.4797906616703198,0.6859540006244477,0.001023494219451372,0.0013090618557232351,0.6048609619862293,26
2024-08-28,0.29232962075120184,0.7104700956733464,0.7076703792487982,0.7081084359221397,0.0014239526657786033,0.0015418856855650138,2.597449625757328,26
2024-08-29,0.5276780918687274,0.6708636372585588,0.4723219081312725,0.6358251097726989,0.0010103673664014407,0.0013014310589959813,2.971532686881189,26
2024-08-30,0.615257457362544,0.7013552361551909,0.38474254263745594,0.6917659387441534,0.0008564318597768125,0.00121195155855575,3.04008889100475,26
2024-08-31,0.639271717212874,0.7070104456386219,0.36072828278712604,0.7019306889276016,0.0008142199502869767,0.001187416281750152,3.066408758638138,26
2024-09-01,0.6466543503428714,0.7096754524527359,0.35334564965712867,0.7066923220036282,0.0008012426254023203,0.0011798734739131586,1.518242673931741,26
2024-09-02,0.4807017214365571,0.70213025127645,0.5192982785634429,0.6931636345152545,0.0010929296626147776,0.0013494266357515889,1.5891641902173725,26
2024-09-03,0.38830804689851883,0.7101622020765285,0.6116919531014811,0.7075599508632089,0.0012553007102617626,0.0014438248972014813,1.8065705624528814,26
2024-09-04,0.4350841243723703,0.6773925022088589,0.5649158756276297,0.6479336021271742,0.0011730994671156595,0.0013960339589900225,2.8204904037867284,26
2024-09-05,0.5818698661888222,0.6990693485734878,0.4181301338111779,0.6876351888060728,0.0009151180713528565,0.001246063531875975,1.2165554515204287,26
2024-09-06,0.35750955572038834,0.7212932518284471,0.6424904442796118,0.7272155749600112,0.0013094214860975084,0.0014752915970273279,1.3008425895197528,26
2024-09-07,0.3157883253505404,0.7016720964892255,0.6842116746494595,0.6923375526670673,0.0013827331321697141,0.0015179180174198046,2.7269485613619855,26
2024-09-08,0.5434221255008038,0.6919851252702308,0.4565778744991963,0.6747593878429383,0.0009826957523764645,0.0012853454404673586,2.6052501321758403,26
2024-09-09,0.59150587397493,0.7300597901687611,0.40849412602506996,0.7424231652468105,0.0008981808562020993,0.0012362184598310082,1.0018938094366157,26
2024-09-10,0.3833009113494936,0.6739060139860038,0.6166990886505065,0.6414744417576403,0.0012640996546925498,0.001448940668308489,2.7002864725883433,26
2024-09-11,0.5575032971246912,0.6673848706970307,0.44249670287530884,0.6293521738233522,0.0009579463357142786,0.0012709587616485038,2.961305897176247,26
2024-09-12,0.6088323656660044,0.6732302621067116,0.3911676343339956,0.6402206489013441,0.0008677255864307862,0.0012185160499978537,2.7681969034591787,26
2024-09-13,0.619340692084853,0.7089441224542633,0.3806593079151468,0.7053875232590312,0.0008492544953474924,0.0012077797333652804,0.940854153930889,26
2024-09-14,0.3643644098138314,0.6875079719422116,0.6356355901861686,0.6665689325706775,0.0012973759367572557,0.0014682880189994044,2.637597794706137,26
2024-09-15,0.5445026854030963,0.6973569426156385,0.4554973145969037,0.6845328688071374,0.0009807965481428576,0.001284241436576628,2.4948674990267254,26
2024-09-16,0.5766728504238244,0.7019407824758905,0.42332714957617557,0.692822071688784,0.0009242527877945638,0.0012513733028683767,2.470365678394259,26
2024-09-17,0.5870196147550668,0.7241965476644922,0.4129803852449331,0.7322801292771142,0.0009060663801350517,0.0012408020535985044,1.3072309099757367,26
2024-09-18,0.40274496822781475,0.6958460911413189,0.5972550317721854,0.6817902646337183,0.0012299306889189648,0.0014290747502786712,2.357882086644641,26
2024-09-19,0.510408093352644,0.7073301284245472,0.4895919066473561,0.702502866356136,0.0010407204115030677,0.0013190757499698137,1.7861594990304765,26
2024-09-20,0.44634095174131083,0.7108969609512058,0.5536590482586893,0.7088684280761364,0.0011533167672580786,0.00138453290181936,2.90047343848721,26
2024-09-21,0.5940979039970191,0.7067127285613956,0.4059020960029809,0.7013975866050082,0.0008936248107992832,0.0012335701927398406,3.0456590249308495,26
2024-09-22,0.6364641831786775,0.7088989689804392,0.36353581682132274,0.7053069157145725,0.0008191550540865346,0.001190284728460543,3.087355942652113,26
2024-09-23,0.6446664838873324,0.7054557313799638,0.35533351611266767,0.6991442394955629,0.0008047369438942762,0.0011819044694151308,3.058673556331879,26
2024-09-24,0.6392032358973504,0.6958516199288856,0.3607967641026496,0.6818003099910913,0.0008143403274386128,0.0011874862488464879,2.589620877029149,26
2024-09-25,0.6063241501846641,0.6918257432206179,0.3936758498153359,0.674468488910748,0.0008721343872843529,0.0012210786840955242,2.1363640161917288,26
2024-09-26,0.5543518193868785,0.7287192587991655,0.4456481806131215,0.7401144248780768,0.0009634854871438707,0.0012741786143162866,1.5049563600833378,26
2024-09-27,0.42573603995501086,0.6948447144052617,0.5742639600449893,0.6799697572885594,0.0011895275492790243,0.001405584860837987,2.6856459019427703,26
2024-09-28,0.5642864873694229,0.6696540525040748,0.435713512630577,0.6335759667062959,0.000946023884484503,0.0012640284022988175,3.0300042358313113,26
2024-09-29,0.6283707385907817,0.7055577765911981,0.37162926140921826,0.6993273212975798,0.0008333816779091159,0.0011985537696266005,3.0695504982538973,26
2024-09-30,0.6460957906053654,0.7118974892730473,0.35390420939463474,0.7106477958867159,0.0008022244757025867,0.0011804441522458486,0.9495402277958793,26
2024-10-01,0.36954151548793684,0.7003114016478673,0.6304584845120632,0.6898811798671646,0.0012882785108003889,0.0014629985900701898,1.3562681166921233,26
2024-10-02,0.2949902488463334,0.7178746408432308,0.7050097511536665,0.7212180507322482,0.001419277706269437,0.0015391673320868026,2.6950798805895464,26
2024-10-03,0.5319918381203602,0.7046669260110219,0.4680081618796398,0.6977281325433426,0.0010027856047183207,0.0012970237210637458,2.9982502870182044,26
2024-10-04,0.6181479906194606,0.7012378390318492,0.38185200938053926,0.6915540942070975,0.00085135098706283,0.0012089983118591515,2.2086424111581064,26
2024-10-05,0.5654342518031812,0.7037779325075838,0.4345657481968187,0.6961302862770513,0.0009440065107347026,0.0012628557357971058,3.02932173966802,26
2024-10-06,0.6264973967605146,0.7011611598457637,0.37350260323948525,0.6914157079522713,0.0008366746110327378,0.0012004677557599884,2.792322590201092,26
2024-10-07,0.6175546368602332,0.6910104537595227,0.38244536313976696,0.6729796537512681,0.0008523939638320869,0.0012096045391098364,2.9741290102087716,26
2024-10-08,0.6277729421503362,0.6914410504577082,0.37222705784966376,0.6737661501073902,0.0008344324766257367,0.0011991645359475758,3.0209636866907217,26
2024-10-09,0.6314781865886261,0.6904304472498867,0.3685218134113739,0.6719196772235546,0.0008279194346904796,0.0011953789019745766,1.774534754516214,26
2024-10-10,0.5117298597306423,0.7132706060189531,0.4882701402693578,0.7130852178658534,0.0010383973508247013,0.0013177253063517867,2.859142415855395,26
2024-10-11,0.6045641105814927,0.7051258664763316,0.3954358894185072,0.6985522395505062,0.0008752280785933933,0.0012228769097798369,1.1459265762091246,26
2024-10-12,0.3761975922586537,0.6990315069021266,0.6238024077413462,0.6875667041141643,0.0012765820929475477,0.0014561981020673664,2.604327071942175,26
2024-10-13,0.5417500797923029,0.6970622401343661,0.4582499202076972,0.6839982993362476,0.000985634553909107,0.0012870537631283678,2.8700957950247803,26
2024-10-14,0.610901997116295,0.7020550646817634,0.389098002883705,0.6930281030677178,0.0008640876941608323,0.0012164015155156365,0.6259801135576478,26
2024-10-15,0.2912287003522749,0.7125862041106623,0.7087712996477251,0.7118710005091371,0.0014258870762269586,0.0015430104916967435,2.4919727873786606,26
2024-10-16,0.5101274107443623,0.6763601301602936,0.4898725892556378,0.6460227457205543,0.0010412137226665792,0.001319362522309733,2.7618886639344553,26
2024-10-17,0.5975799560454358,0.7191860542631412,0.402420043954564,0.7235230270053301,0.0008875043398482682,0.0012300125935720179,2.9894895575448746,26
2024-10-18,0.6246141874020293,0.6902682761319433,0.37538581259797066,0.6716231874244515,0.0008399848817698011,0.0012023918235089556,2.598165283270981,26
2024-10-19,0.6012312829831166,0.6847890027221343,0.39876871701688343,0.6615766618963828,0.0008810863039267205,0.0012262820469017446,3.0635849955516132,26
2024-10-20,0.6360077879014086,0.7031383914941152,0.36399221209859145,0.6949795825384237,0.0008199573074782476,0.0011907510257576632,2.9214428397794334,26
2024-10-21,0.6348476270526476,0.7058254417726968,0.36515237294735253,0.6998074195643503,0.0008219966407682919,0.0011919363576288423,1.9027002841532537,26
2024-10-22,0.5366516490011144,0.6974447180518376,0.4633483509988856,0.6846920498660081,0.0009945955625097528,0.0012922628102326977,3.000977970252957,26
2024-10-23,0.5834842270792626,0.6587182517024869,0.41651577292073744,0.6715927985066338,0.0008749885300575578,0.0009526441729299712,2.7402776596685046,27
2024-10-24,0.5841829739974672,0.6720911190734534,0.4158170260025328,0.6996428907499607,0.0008738032234291796,0.0009514381096559707,2.057591383305705,27
2024-10-25,0.5118146626789227,0.6622848011519746,0.4881853373210773,0.6791507296124489,0.0009965484403973944,0.0010763485174284748,1.622947517501639,27
2024-10-26,0.4847400938328251,0.612191711219169,0.515259906167175,0.5694543975970853,0.0010424620908761493,0.0011230802342975428,2.7028265886624285,27
2024-10-27,0.5569082711988588,0.6835160892813202,0.4430917288011411,0.7229211526646057,0.0009200680100659813,0.000998515265200638,2.588059023110103,27
2024-10-28,0.5624794383898851,0.6730764777499191,0.43752056161011477,0.701676969497464,0.0009106182632360502,0.0009888992225858427,1.6976549430184862,27
2024-10-29,0.4704452179095391,0.6399312924450914,0.5295547820904609,0.631006373538268,0.0010667018946606919,0.0011477537239520878,1.2521452808743683,27
2024-10-30,0.2927871600409799,0.6841981697017563,0.7072128399590202,0.7242887772540881,0.0013678548513491944,0.001454398166085786,2.7213965829648616,27
2024-10-31,0.5231001384228198,0.6431671992538416,0.4768998615771803,0.6380789047782618,0.0009774089922065443,0.001056869364863039,1.5312531250421204,27
2024-11-01,0.3847718425719468,0.6835846134654981,0.6152281574280531,0.7230586661939402,0.0012119526176748348,0.0012956291690700557,2.534013427232557,27
2024-11-02,0.5087599109655876,0.6893838784003203,0.4912400890344123,0.7346000911999068,0.0010017289742668964,0.001081621132958729,2.9721342195207643,27
2024-11-03,0.5852007605683398,0.6680113279382948,0.4147992394316602,0.6911711182863246,0.0008720767144826902,0.0009496813720276257,2.944886396960203,27
2024-11-04,0.5974250073391997,0.6685750811774178,0.4025749926608005,0.6923464530260326,0.0008513397909948639,0.0009285818656132966,2.597642952544047,27
2024-11-05,0.5811475487079132,0.6949954346617735,0.4188524512920868,0.7455797952942246,0.0008789522907906772,0.0009566773670570759,1.7845190719633952,27
2024-11-06,0.4330149925471749,0.7212307129467758,0.5669850074528251,0.7942002989742919,0.0011301665144744799,0.001212359690677631,-0.18713807786971137,27
2024-11-07,0.36195997040646133,0.643149375839356,0.6380400295935387,0.6380400320821835,0.0012506205149101588,0.0013350033122872798,2.812763443766034,27
2024-11-08,0.5448029115899015,0.6345166844102258,0.45519708841009854,0.619109081153916,0.0009406003380487911,0.0010194095679339423,2.9339190774346324,27
2024-11-09,0.575845200798272,0.6264247297253767,0.42415479920172794,0.6012040767820453,0.000887946663625021,0.0009658294175537307,3.0436999507739224,27
2024-11-10,0.6014637033297277,0.6691571195406512,0.39853629667027235,0.693558351986481,0.0008444884468323212,0.0009216109255173546,0.8015760770212137,27
2024-11-11,0.3104124869200396,0.6701582349273014,0.6895875130799602,0.6956391012009417,0.0013379860884911753,0.00142397619371315,-0.7230989968622532,27
2024-11-12,0.28940995500404176,0.6774223438044129,0.7105900449959581,0.7105900449970288,0.0013735778210606133,0.0014602273480938946,2.5801044152626704,27
2024-11-13,0.4885687179270287,0.6820646515800027,0.5114312820729712,0.7200023198715839,0.0010359696909167993,0.0011164718861393333,1.8124061089689445,27
2024-11-14,0.434605725610511,0.6642912649422671,0.565394274389489,0.6833789887163283,0.0011274695253252855,0.0012096140260078572,1.3516737387832896,27
2024-11-15,0.37966104470280965,0.6448717001095999,0.6203389552971903,0.6417919914953794,0.001220616087011501,0.0013044505970437822,1.279514722996219,27
2024-11-16,0.3218468957597971,0.6635259604219935,0.6781531042402027,0.6817683082484711,0.001318607775890753,0.0014042399770626778,2.700205308446234,27
2024-11-17,0.5181810696973201,0.672891207458917,0.48181893030267986,0.7012948804953875,0.000985751512812739,0.0010653598611751406,2.803540687526316,27
2024-11-18,0.5772674576577326,0.6824269886806974,0.4227325423422673,0.7207320653435519,0.0008855341057348425,0.0009633745491032222,2.8693304367250985,27
2024-11-19,0.5881161047766813,0.663428185803955,0.4118838952233186,0.6815623450848841,0.0008671312742791205,0.0009446493790568591,2.3464947645553322,27
2024-11-20,0.5464889364653328,0.6613479415684947,0.4535110635346672,0.6771705517680262,0.0009377406640451993,0.0010164994260380273,2.175517199256954,27
2024-11-21,0.5274685693745578,0.6267424586088266,0.4725314306254423,0.601909542857616,0.0009700002077716094,0.0010493292899108164,0.97854792600357,27
2024-11-22,0.34124128121167596,0.6547284875355468,0.6587587187883241,0.6630773756456728,0.0012857376173048979,0.0013707645435317244,2.7823465531567493,27
2024-11-23,0.5296684431309031,0.690594597454702,0.47033155686909695,0.7369849998522322,0.000966269216329501,0.0010455322256578783,2.6499024253791257,27
2024-11-24,0.5637631175945673,0.6682169453387956,0.43623688240543257,0.6915999686977968,0.0009084408757822367,0.000986683544342362,3.0469782459203527,27
2024-11-25,0.5990620243453041,0.6675680321707812,0.40093797565469586,0.6902458829406091,0.0008485627264102122,0.0009257563131299314,0.635404659680187,27
2024-11-26,0.29407376498129456,0.6767124842523845,0.7059262350187054,0.7091407643729876,0.0013656745687200375,0.001452177437913348,2.3208060205769954,27
2024-11-27,0.477001833822287,0.6439703054722128,0.5229981661777129,0.6398294875792613,0.001055584000156257,0.0011364367600441684,1.122765380766532,27
2024-11-28,0.3831443098275618,0.6354491908297923,0.6168556901724384,0.6211632675441187,0.0012147115149556953,0.001298438351363524,2.8438220185862373,27
2024-11-29,0.5510211954742958,0.6314412104874674,0.44897880452570416,0.6123200579007599,0.0009300533961897268,0.0010086765777412325,2.406684312273906,27
2024-11-30,0.544431654846657,0.6426244773346641,0.4555683451533432,0.6368948127358276,0.0009412300259236914,0.0010200503709365556,2.8088921118465473,27
2024-12-01,0.5798707058521071,0.667031452931761,0.4201292941478928,0.6891247382609328,0.0008811182146580209,0.0009588812455071077,2.830421223073258,27
2024-12-02,0.5915810751184136,0.6816387890082677,0.4084189248815864,0.7191437151445446,0.0008612534106647056,0.0009386687108552717,2.3148966424191895,27
2024-12-03,0.5485509348355372,0.6503809339345566,0.4514490651644629,0.6537302143740418,0.000934243276764267,0.0010129403398502243,3.029500759261831,27
2024-12-04,0.5928633634932552,0.6607126084303259,0.4071366365067449,0.6758255861731244,0.0008590781600053336,0.0009364554332360337,1.4799878346714217,27
2024-12-05,0.4299356800390699,0.658017356248233,0.5700643199609301,0.6701013937564102,0.001135387254812188,0.0012176746990568276,2.137263307330566,27
2024-12-06,0.4860349615601639,0.6483329208338204,0.513965038439836,0.649303956685703,0.0010402663250994783,0.0011208452442461455,1.5672196537786478,27
2024-12-07,0.39135609809012173,0.6616493839971122,0.6086439019098784,0.6778080960448757,0.0012007912159315247,0.001284264498171029,2.871772861175793,27
2024-12-08,0.5541357384513866,0.6811203105572555,0.44586426154861314,0.7180970477621597,0.0009247706778708696,0.001003300760256961,2.902114247627898,27
2024-12-09,0.5884589343439143,0.6707980567690355,0.4115410656560858,0.6969664272433035,0.0008665497124788019,0.0009440576424215932,1.1557260924622512,27
2024-12-10,0.3501906472719283,0.6783242000175065,0.6498093527280717,0.7124275259726685,0.0012705692203103562,0.0013553176035171785,2.748210746896423,27
2024-12-11,0.5322075081734049,0.6670587396926381,0.4677924918265951,0.689181783889241,0.0009619629197629222,0.0010411497045786757,0.9781113942533386,27
2024-12-12,0.3489303763752838,0.651292387773022,0.6510696236247162,0.6556954448662106,0.0012727052987226305,0.001357492878146854,2.5281667222845354,27
2024-12-13,0.5066082953113429,0.6628005181663494,0.4933917046886571,0.6802391713221065,0.0010053778521036752,0.0010853349019253479,2.6969613395930416,27
2024-12-14,0.5591619145803168,0.6466189782073931,0.44083808541968317,0.6455889524270944,0.0009162454295228141,0.0009946253925668465,3.057408861839681,27
2024-12-15,0.5961604887321312,0.6603938855103769,0.4038395112678688,0.6751502328560958,0.0008534849317803644,0.0009307644719497851,1.4082387250088806,27
2024-12-16,0.4007638452820155,0.6724584555604314,0.5992361547179845,0.7004017425099283,0.001184843080747931,0.0012680263752060266,2.589218243906812,27
2024-12-17,0.5245092147515912,0.6619485409964686,0.4754907852484087,0.678440427019878,0.0009750192351935852,0.001054437246500698,3.0109006018690536,27
2024-12-18,0.5882006074830606,0.6616557797656217,0.41179939251693953,0.6778216188040933,0.0008669879274722664,0.0009445035242300799,0.4773471484926286,27
2024-12-19,0.3772789123924856,0.6363242736203413,0.6227210876075144,0.623089046660734,0.0012246540589645276,0.0013085622463669358,1.7243130151776898,27
2024-12-20,0.3487644190925161,0.6884010334706746,0.6512355809074839,0.7326577110972242,0.001272986584977304,0.0013577793266142237,2.8158621435006905,27
2024-12-21,0.5374484036093573,0.6831744106720282,0.4625515963906427,0.7222350867426863,0.0009530741524118747,0.0010321037233464161,2.9587337124335673,27
2024-12-22,0.5892828234769634,0.6673480452768022,0.41071717652303663,0.6897863956179043,0.0008651520984015651,0.0009426355790116082,2.1451705570503763,27
2024-12-23,0.5276579857357991,0.6706425280214502,0.4723420142642009,0.6966439595304977,0.0009696789582794765,0.0010490023501979729,2.988336666340804,27
2024-12-24,0.5919723646484559,0.6748565122178654,0.40802763535154407,0.7053392810219181,0.0008605896352667056,0.000937993330514565,1.0122173736035158,27
2024-12-25,0.20710113482668244,0.7423786299263614,0.7928988651733175,0.8297801647403051,0.0015130363139898722,0.0016022954453633288,2.5696480031653013,27
2024-12-26,0.470155072370636,0.664248486522416,0.5298449276293641,0.683289023797348,0.0010671938814921554,0.0011482545259870868,1.249528681186424,27
2024-12-27,0.37860882577913313,0.6441890903095963,0.6213911742208669,0.6403060506354744,0.001222399716079835,0.001306266766198868,2.4204555486624115,27
2024-12-28,0.5105986929820929,0.6421594528901516,0.4894013070179072,0.6358795516998769,0.000998610602280984,0.0010784473265329387,2.8091819711646773,27
2024-12-29,0.5708737353020295,0.6635248139594581,0.4291262646979705,0.6817658934549591,0.0008963796084512242,0.0009744103526487778,2.3363602332057836,27
2024-12-30,0.5454260562365159,0.6483750045073561,0.4545739437634839,0.6493950523229659,0.0009395434217212296,0.001018333997003908,2.7910391044013334,27
2024-12-31,0.5650692228955904,0.6015961150084254,0.4349307771044095,0.5457119146767816,0.0009062254389181083,0.0009844291578191434,2.8658656179788617,27
2025-01-01,0.5573660262652493,0.561326339984827,0.4426339737347508,0.4562342602224584,0.0009192915783974938,0.0009977251628621841,2.7645000150464436,27
2025-01-02,0.5752736338815061,0.6572761693928969,0.424726366118494,0.6685221245686266,0.0008889162025918494,0.0009668159633959885,1.8300446305451916,27
2025-01-03,0.47126736720673823,0.6690948440616649,0.5287326327932618,0.6934287602179905,0.0010653078100929239,0.0011463346635637503,2.6133540234489274,27
2025-01-04,0.5425978019442372,0.6854666685920707,0.45740219805576277,0.7268252771565206,0.0009443404083889782,0.0010232156695273674,3.0393647821501837,27
2025-01-05,0.5934168851604192,0.6628170662467355,0.4065831148395806,0.6802740778231237,0.0008581391728967892,0.000935500034168449,3.085549395239482,27
2025-01-06,0.6094343195010925,0.6745746819945799,0.39056568049890744,0.7047604913552415,0.0008309666104678158,0.0009078533443603078,1.0534009941407327,27
2025-01-07,0.36417805001416864,0.6578880493394468,0.6358219499858314,0.6698260325769597,0.001246860833577158,0.0013311748240550335,0.9827369256862868,27
2025-01-08,0.33827409677416315,0.6542661487128626,0.6617259032258368,0.6620866403797889,0.0012907666314797897,0.0013758860146739003,2.1258594783503133,27
2025-01-09,0.43563536903167566,0.6706162635600977,0.5643646309683245,0.6965894922777441,0.0011257238207914313,0.0012078368230131402,1.6389775899689023,27
2025-01-10,0.3834087818828519,0.6695236848506191,0.616591218117148,0.6943207833547785,0.0012142631986383821,0.001297981862719961,1.8839950610529541,27
2025-01-11,0.39352912813035223,0.6737773914750694,0.6064708718696478,0.7031209468101675,0.0011971075140310057,0.0012805137671745251,2.8666580365150587,27
2025-01-12,0.5538492174396792,0.6659363447354977,0.4461507825603208,0.6868325116974495,0.0009252566616338056,0.0010037953062226707,3.031380276007072,27
2025-01-13,0.6007693105699582,0.677643254195246,0.3992306894300417,0.7110405308653194,0.0008456664388708372,0.0009228094733512992,3.0992646849874417,27
2025-01-14,0.6152722629117955,0.6821170000647833,0.3847277370882045,0.7201077940226536,0.0008210625292693467,0.0008977768360281749,1.9764452758546465,27
2025-01-15,0.5063143074372901,0.6815105449244266,0.49368569256270967,0.7188849612813493,0.0010058764175547462,0.0010858423359742984,1.2827162058851385,27
2025-01-16,0.3023895083493452,0.688512619051751,0.6976104916506548,0.7328785201198375,0.001351582459854188,0.0014378241543267995,2.7472031921746254,27
2025-01-17,0.5233053386919625,0.6568548697666406,0.47669466130803767,0.6676234828453571,0.0009770609785928073,0.0010565151815357427,1.0751588989456766,27
2025-01-18,0.43573674500260956,0.6121739952962031,0.5642632549973905,0.5694147435547975,0.0011255519429935823,0.0012076618443016436,2.9234702226388425,27
2025-01-19,0.5677979588249935,0.671086251191217,0.43220204117500627,0.697563651567846,0.0009015968802502737,0.0009797192577063033,1.233569126359714,27
2025-01-20,0.3420862640891485,0.6863937192725907,0.6579137359108516,0.7286732518978367,0.0012843054652318094,0.0013693060715311647,2.3758015954265086,27
2025-01-21,0.46170108642432167,0.6903208932365779,0.5382989135756785,0.7364466086078518,0.0010815287076474257,0.0011628464214260862,1.5032040406252583,27
2025-01-22,0.4825438648706191,0.6643549469226978,0.5174561351293809,0.5853500816774042,0.0010828072994371965,0.0008456335019104614,2.1454524998434454,28
2025-01-23,0.5351134390496133,0.6731359601568393,0.4648865609503868,0.6104633513952034,0.00099347521456992,0.0008040839238531353,2.9343131396649476,28
2025-01-24,0.6080982556867305,0.665099911498359,0.39190174431326963,0.5874869327141837,0.0008694455479025128,0.0007463986870365273,2.9806909665871455,28
2025-01-25,0.6204826150962451,0.6689594255610893,0.37951738490375486,0.5985409765338235,0.0008483990310659884,0.0007366104223223491,3.0343812898061278,28
2025-01-26,0.6263326271334344,0.6746727657377849,0.37366737286656554,0.6148375717636043,0.0008384572005672894,0.000731986730090263,2.2613692352609918,28
2025-01-27,0.5832375061535289,0.6720370908748339,0.41676249384647107,0.6073311705076322,0.0009116944041317686,0.0007660479550670478,2.8206935254682906,28
2025-01-28,0.6110464253616279,0.6766970347795034,0.3889535746383722,0.6205872071528609,0.0008644353180290307,0.0007440685329893153,2.8949898102662663,28
2025-01-29,0.6193816836313346,0.6766488612182755,0.3806183163686654,0.6204505459670031,0.0008502700094468158,0.0007374805689528187,1.7794523494640975,28
2025-01-30,0.5307483237238958,0.6761846513709028,0.4692516762761042,0.6191332205315365,0.0010008930369297315,0.0008075339936470733,2.7681972622853954,28
2025-01-31,0.598352689287404,0.6723182215179698,0.40164731071259596,0.6081328348530011,0.0008860074508663684,0.0007541013207014479,1.7749264376743334,28
2025-02-01,0.5370513911725985,0.6642375061317844,0.4629486088274016,0.5850131345702535,0.0009901819641456005,0.0008025522185984729,2.4384384212057304,28
2025-02-02,0.5770629908068365,0.6711294432636306,0.42293700919316346,0.60474141902892,0.0009221873796067183,0.0007709281259904422,1.4027861957957106,28
2025-02-03,0.4538308088838673,0.6836702359595276,0.5461691911161327,0.6402700059516963,0.001131598269321522,0.000868327529389623,1.2329035466471678,28
2025-02-04,0.39221837920973446,0.6780728428726721,0.6077816207902653,0.6244865100816395,0.0012362903780616047,0.0009170243373061267,1.4044074069660897,28
2025-02-05,0.48845012406128435,0.6432851008696638,0.5115498759387157,0.524817889188835,0.001072770897113025,0.0008409653534405162,2.5683028492524484,28
2025-02-06,0.5911915729832506,0.626945014313279,0.40880842701674935,0.4783838905198062,0.0008981771874839778,0.0007597612744960879,3.008696175039866,28
2025-02-07,0.6217053858430303,0.676151143212394,0.3782946141569698,0.6190381017461607,0.0008463209910980382,0.0007356439771992296,3.0284069213543683,28
2025-02-08,0.6256366854529805,0.6728080269170221,0.37436331454701943,0.60952899736145,0.0008396399241733784,0.0007325367836835622,3.034089226577397,28
2025-02-09,0.6255833408711398,0.670833064326475,0.3744166591288603,0.6038952833489392,0.0008397305810209206,0.0007325789458068389,3.0153602118069234,28
2025-02-10,0.6285959371723009,0.6810602528220269,0.3714040628276991,0.6329274410307614,0.0008346107961948277,0.0007301978706863877,2.814051557905081,28
2025-02-11,0.6168312935729015,0.6732497548741825,0.38316870642709866,0.6107875011043525,0.0008546042649474089,0.0007394963286857907,2.479947710307531,28
2025-02-12,0.5960495360508258,0.6799596742175084,0.4039504639491742,0.6298220804315225,0.0008899214800680686,0.0007559216710975793,2.2798124438861818,28
2025-02-13,0.5746503192599874,0.6760006217838207,0.42534968074001234,0.6186107709441118,0.0009262874622910965,0.0007728350367145266,2.6603625276709475,28
2025-02-14,0.5999199344545649,0.687330409685909,0.40008006554543496,0.6505109470225388,0.0008833440362136368,0.0007528626122579249,2.866381324866617,28
2025-02-15,0.6137363367515594,0.6669609171468442,0.38626366324844064,0.5928207845086101,0.0008598639724756925,0.0007419424993470662,3.0268584874245548,28
2025-02-16,0.6251985312485235,0.6749474361564,0.37480146875147646,0.6156185605806662,0.0008403845484992998,0.0007328830889866496,2.5913664454113143,28
2025-02-17,0.6047179686870616,0.6711117207683263,0.3952820313129384,0.6046908295295675,0.0008751901207652728,0.0007490703749994292,2.979529044987374,28
2025-02-18,0.6227880466267152,0.6777074780640571,0.3772119533732849,0.6234516968999316,0.000844481059702296,0.0007347882712239796,3.0037134066779094,28
2025-02-19,0.6286691116673406,0.6839323747747498,0.3713308883326595,0.6410057017579013,0.0008344864389770493,0.0007301400355328616,2.744458959674811,28
2025-02-20,0.6154082391757456,0.684296599159522,0.3845917608242543,0.6420273454162606,0.0008570226684851234,0.0007406210726213819,2.434724558347839,28
2025-02-21,0.5934916291776591,0.6581158513781777,0.4065083708223408,0.5674267086143585,0.0008942684354282707,0.0007579433719188211,1.9340818368823085,28
2025-02-22,0.5300838553275304,0.6927246913738496,0.46991614467246956,0.6654688483755057,0.0010020221936752139,0.0008080591716028125,2.8958791363360517,28
2025-02-23,0.6034553298267498,0.6418127769345552,0.3965446701732502,0.5206025388121758,0.0008773358878418648,0.0007500683308075951,2.951821640250385,28
2025-02-24,0.6197059512040329,0.6720655591608872,0.380294048795967,0.6074123602646164,0.0008497189329590838,0.0007372242765815429,0.7404272937087034,28
2025-02-25,0.38066907963575136,0.6821524455650334,0.6193309203642485,0.6360038783025775,0.0012559144703371303,0.0009261525931775317,1.5280445469335875,28
2025-02-26,0.34073568635233964,0.7087306539412136,0.6592643136476602,0.7086785920867578,0.0013237663566825761,0.0009577148735885075,0.9565406962071947,28
2025-02-27,0.35743204061254935,0.6846915500745515,0.6425679593874507,0.6431344365787051,0.0012953973812433934,0.0009445185240756645,2.6838616883810804,28
2025-02-28,0.5610688755039721,0.6720549704773592,0.4389311244960278,0.6073821622786265,0.0009493675682645587,0.0007835694447116384,2.9315448080222506,28
2025-03-01,0.6153953470117879,0.6860422533673469,0.3846046529882122,0.6469146517463028,0.0008570445780049072,0.0007406312622411585,2.374145095937278,28
2025-03-02,0.5873778451353414,0.6740297578899922,0.41262215486465853,0.6130082918657408,0.0009046582826416923,0.000762775542452046,-0.9455420786510984,28
2025-03-03,0.42122055119972257,0.6620660283465322,0.5787794488002774,0.5787794528836476,0.001187010351963135,0.0008941018003111153,-0.4617136359391557,28
2025-03-04,0.3829363312035109,0.675455917129197,0.6170636687964891,0.6170636862088754,0.0012520620633698965,0.0009243606184951905,2.5929059275927187,28
2025-03-05,0.5538773503495042,0.6781309477692191,0.44612264965049575,0.6246510313798558,0.0009615886471285311,0.0007892534328440016,1.248869271577087,28
2025-03-06,0.4311449932269539,0.6754334801636589,0.5688550067730461,0.6169999379998651,0.0011701466577036118,0.0008862577881591085,2.8063334240227604,28
2025-03-07,0.583859162981402,0.6774621541569182,0.41614083701859794,0.6227565849356634,0.000910637957466971,0.0007655566142240225,0.9442756748130178,28
2025-03-08,0.3843048443302352,0.6847232442060518,0.615695155669765,0.6432232450753,0.0012497367472796203,0.0009232789825133641,2.7554569584066813,28
2025-03-09,0.571934883564101,0.6745410236896991,0.4280651164358992,0.6144628917424805,0.0009309020522481775,0.0007749812440819622,0.16870549970014537,28
2025-03-10,0.37762654362702686,0.6773524856853467,0.6223734563729733,0.6224457713619611,0.0012610841939812308,0.0009285573318378888,2.1511160432108722,28
2025-03-11,0.4870282987564453,0.6896461207409946,0.5129717012435546,0.6569530805886176,0.0010751869838201001,0.0008420891259345854,1.0405873706756186,28
2025-03-12,0.381582907855382,0.678899652324121,0.618417092144618,0.6268263295308094,0.0012543617372842522,0.0009254303279217159,2.6247798668947637,28
2025-03-13,0.5555103168532411,0.6807191263587742,0.44448968314675885,0.6319654873697609,0.0009588136347051786,0.0007879627800230182,1.5198468409396606,28
2025-03-14,0.4694056978026353,0.679609987753149,0.5305943021973647,0.6288343370191495,0.0011051325992715694,0.0008560175559311901,1.4045232682100122,28
2025-03-15,0.42972670293056736,0.6725877024451159,0.5702732970694327,0.6089010628266255,0.001172556635882558,0.0008873787666775386,2.8362309990631585,28
2025-03-16,0.5867621187276278,0.6713968280811317,0.41323788127237215,0.6055045745821603,0.0009057046538304786,0.0007632621960504211,2.062928314737082,28
2025-03-17,0.5538040068219766,0.675765307759314,0.4461959931780234,0.6179425531034545,0.0009617132847570029,0.0007893114015962618,2.3853059436870265,28
2025-03-18,0.5753851222569328,0.6703321440267079,0.42461487774306705,0.6024646704748206,0.0009250387423026901,0.0007722542681814894,2.4748228095627907,28
2025-03-19,0.5862230815954297,0.6803467356207238,0.4137769184045703,0.6309147945137557,0.0009066206981617437,0.0007636882365072794,0.7752719958622685,28
2025-03-20,0.429640490962411,0.6613629812716606,0.5703595090375891,0.5767599424436404,0.0011727031283514354,0.0008874469062992938,1.6148572664080982,28
2025-03-21,0.4491399293341388,0.6731504363711199,0.5508600706658613,0.6105045897879987,0.0011395691990745004,0.0008720350744677956,2.8657311942983807,28
2025-03-22,0.5915048230349739,0.6765646832531783,0.40849517696502613,0.6202117253408077,0.0008976448457558192,0.0007595136900771765,2.985961300574871,28
2025-03-23,0.6195244589389003,0.6718396872063812,0.3804755410610998,0.6067681239393083,0.0008500273699835962,0.0007373677231883437,2.092007108204106,28
2025-03-24,0.5652492488737688,0.6735367890625268,0.4347507511262312,0.6116049542674256,0.0009422635277304014,0.0007802653899927296,2.404110402621651,28
2025-03-25,0.5864850936031403,0.6458324135051895,0.4135149063968597,0.5321206542198448,0.0009061754327512391,0.0007634811492607808,3.004182100746798,28
2025-03-26,0.6167774004606308,0.6615991530448959,0.3832225995393691,0.5774384093204598,0.0008546958534061698,0.0007395389243527711,2.926209208141974,28
2025-03-27,0.6190600291829285,0.6673044199154992,0.38093997081707165,0.5938045760886068,0.0008508166449309938,0.0007377347959809099,3.004152208332254,28
2025-03-28,0.6225865023660287,0.6681262267493144,0.37741349763397103,0.5961572294667998,0.0008448235748636105,0.000734947566388952,1.2431943203949656,28
2025-03-29,0.46544352972057235,0.6749998083861387,0.5345564702794275,0.6157674453522103,0.0011118653523176647,0.0008591491470572924,2.097869346708233,28
2025-03-30,0.5305602590552274,0.6676379067186905,0.4694397409447726,0.5947594492070993,0.001001212622522613,0.0008076826349049243,2.922238891843229,28
2025-03-31,0.6088490085638663,0.6804552752494017,0.3911509914361338,0.6312210984605777,0.000868169691398599,0.0007458053121470122,3.0126164172653156,28
2025-04-01,0.6186818766707929,0.6587502251076943,0.3813181233292073,0.5692506872446372,0.0008514592958547246,0.0007380336775595785,1.3749679952938134,28
2025-04-02,0.48786423004912316,0.6690382091809396,0.5121357699508768,0.5987662904955996,0.0010737664984465578,0.0008414284283155137,1.5188433940256454,28
2025-04-03,0.4575899637817855,0.6717760967060841,0.5424100362182147,0.6065867237114652,0.001125210543440574,0.000865356394426102,2.846541989597253,28
2025-04-04,0.5904944405487134,0.685473164399591,0.40950555945128664,0.6453230796223214,0.0008993619041187598,0.0007603122692294002,2.82106624055929,28
2025-04-05,0.6089535547153361,0.6587905083326121,0.3910464452846639,0.569366503494247,0.000867992021844062,0.0007457226816796946,2.9489293070875284,28
2025-04-06,0.6239921334625078,0.6846054656845877,0.3760078665374921,0.6428931986067722,0.0008424347686866904,0.0007338365933617767,0.03293144140978754,28
2025-04-07,0.32728558269594554,0.6953994508447279,0.6727144173040546,0.6728192736290456,0.0013466193355566925,0.0009683454739020592,2.2724645275569566,28
2025-04-08,0.49549066061828795,0.6825649693725487,0.504509339381712,0.6371644470963875,0.0010608069802754859,0.0008354007026361433,1.1839400898609744,28
2025-04-09,0.3864760201967483,0.6840207251538252,0.6135239798032518,0.6412535828755249,0.0012460475778820056,0.0009215629434822183,0.08905288978386355,28
2025-04-10,0.3849115685222285,0.6747611493178289,0.6150884314777715,0.6150889062007391,0.0012487058280118543,0.0009227994440242625,1.364992038533499,28
2025-04-11,0.41775587081012383,0.6689053317102371,0.5822441291898762,0.5983862646262338,0.0011928975366571404,0.0008968401905404363,1.149299859174271,28
2025-04-12,0.39055799829040017,0.6747441155691125,0.6094420017096,0.6150404697265522,0.001239111638920423,0.0009183366577441409,2.1028582717341333,28
2025-04-13,0.49994082618127333,0.6747232947160368,0.5000591738187266,0.6149812630846581,0.0010532448242978121,0.0008318834114213102,2.196519654411222,28
2025-04-14,0.5416781061773637,0.6779799378072725,0.45832189382263633,0.6242234264392195,0.0009823195573596644,0.0007988953874515257,2.7005958228828453,28
2025-04-15,0.5963922238555154,0.6612089783302578,0.4036077761444847,0.5763174959029912,0.0008893391093049238,0.00075565081987018,2.7543006831518677,28
2025-04-16,0.6081056069671444,0.6659207285074363,0.39189439303285545,0.5898402717540793,0.0008694330548749786,0.0007463928767821326,2.967774709964504,28
2025-04-17,0.6186009390888704,0.6644290117845635,0.3813990609111296,0.5855625687000229,0.0008515968451274121,0.0007380976484482601,2.8721301304324705,28
2025-04-18,0.6172133898926464,0.6695337301917957,0.38278661010735354,0.6001830964536862,0.000853954912606118,0.0007391943300276198,2.947713154774715,28
2025-04-19,0.6233028044360753,0.6782232608295619,0.37669719556392456,0.6249123843869286,0.0008436062523526155,0.0007343814204911238,2.9163572005422367,28
2025-04-20,0.6212948898534099,0.6744700115723993,0.3787051101465901,0.614260906497845,0.0008470186094619486,0.0007359684221929226,3.036021526888227,28
2025-04-21,0.6251493275032897,0.6708013737679537,0.37485067249671034,0.6038047956772618,0.0008404681681443729,0.0007329219783040017,1.8453699071863865,28
2025-04-22,0.548476941135849,0.6657488184122622,0.4515230588641509,0.5893474923692417,0.0009707659106414818,0.0007935217710922868,0.25126116717670055,28
2025-04-23,0.28287527217513253,0.6958361251648071,0.7171247278248676,0.7171303829923659,0.001259621254412666,0.0005424807695481469,2.744966276445753,29
2025-04-24,0.5455259220567116,0.6942421933269588,0.4544740779432884,0.638581826426937,0.0008597292707580514,0.0003858884128235123,3.0492580110753535,29
2025-04-25,0.6187091465258023,0.6948467422298272,0.38129085347419767,0.6695237785557946,0.0007482973006773115,0.0003422565634544367,2.892920156828343,29
2025-04-26,0.6499841259561474,0.6920420640249247,0.35001587404385265,0.5181334381769632,0.0007006754914297277,0.00032361041604257886,3.1513983676532895,29
2025-04-27,0.640048837826036,0.695142711210856,0.35995116217396406,0.6841844647860017,0.0007158038388089032,0.0003295338363110377,2.91684791289836,29
2025-04-28,0.6177801996199708,0.6961455302172506,0.3822198003800292,0.7311531730548767,0.0007497117796182431,0.00034281040173856736,2.701409792404314,29
2025-04-29,0.6021128652950204,0.6954142854387815,0.3978871347049796,0.6973295009062571,0.0007735678562853009,0.00035215126880530753,2.8477445004630084,29
2025-04-30,0.6128285341559344,0.6951770213073947,0.3871714658440656,0.6858617518752118,0.0007572515182862539,0.0003457625854284803,3.115361397848521,29
2025-05-01,0.6302913641005247,0.695368818474638,0.3697086358994754,0.6951499242934431,0.0007306613619665321,0.0003353512436048914,1.985121948744494,29
2025-05-02,0.528426030792511,0.6953889721030859,0.47157396920748895,0.6961171057445316,0.0008857657623910043,0.000396083370551595,2.9931733453735756,29
2025-05-03,0.6270577982063388,0.693466992916326,0.3729422017936611,0.5972444780313759,0.0007355850374803209,0.0003372790960744103,2.9083703089751194,29
2025-05-04,0.6171248293405447,0.6957810640897593,0.3828751706594553,0.7145898474263774,0.000750709691458082,0.0003432011335971365,2.4672176879656957,29
2025-05-05,0.5793992100607559,0.6956130089607159,0.42060078993924416,0.7067533047497688,0.0008081527980817138,0.000365693153451578,3.0286405954354523,29
2025-05-06,0.6200574330830652,0.6952104456743061,0.37994256691693484,0.6874911868953432,0.0007462443050287478,0.0003414527148074331,2.292172475567243,29
2025-05-07,0.5873247856933961,0.6939304210561301,0.4126752143066037,0.6221572907412951,0.0007960849638708095,0.00036096792407455544,3.0427004173590335,29
2025-05-08,0.6292742906031769,0.6944289248336459,0.37072570939682303,0.6482732982932002,0.0007322100369060843,0.0003359576229760585,0.26598895356969376,29
2025-05-09,0.268809882752479,0.6961505305721005,0.7311901172475208,0.7313762196697733,0.0012810347674190677,0.000550866556824653,2.7293697912136587,29
2025-05-10,0.5378192156404791,0.6943479696344068,0.4621807843595209,0.6440857097768289,0.0008714636165518488,0.0003904831523409923,2.4956046380837935,29
2025-05-11,0.5702217428518409,0.6947688957583295,0.42977825714815915,0.6656121772903094,0.0008221267623329356,0.0003711647607735283,2.9925243084859776,29
2025-05-12,0.6154388892966189,0.6952881429536741,0.3845611107033811,0.6912614062586957,0.0007532768182631338,0.0003442062913033664,2.856535072313721,29
2025-05-13,0.6164803905893856,0.6951572419935437,0.38351960941061436,0.684895394163759,0.0007516909579037653,0.00034358534807691856,2.784680467813302,29
2025-05-14,0.6104303097362166,0.6952102401496886,0.3895696902637833,0.6874811813733709,0.0007609032097219227,0.00034719240718604114,3.037204780924002,29
2025-05-15,0.6265039160745279,0.6952233036961573,0.37349608392547207,0.688116811778518,0.0007364284201630875,0.0003376093206841992,3.1282311213267735,29
2025-05-16,0.6398997199757087,0.6944481163365506,0.36010028002429123,0.6492628055538953,0.0007160308982861955,0.0003296227403956953,3.138169796401362,29
2025-05-17,0.6435491009502393,0.6942895412825026,0.35645089904976085,0.6410499615539949,0.0007104740369730121,0.0003274469789131122,3.1113362334129033,29
2025-05-18,0.6365897794224437,0.6952088920792521,0.36341022057755634,0.6874155492394762,0.0007210708902347106,0.000331596127448375,1.6371399643400808,29
2025-05-19,0.47511993384187096,0.6954422235539487,0.524880066158129,0.6986644927007675,0.0009669289062826376,0.000427864473522618,2.947286166514294,29
2025-05-20,0.5967847220993767,0.6949460067674147,0.4032152779006234,0.6744785315154999,0.000781680785194729,0.0003553279085750868,2.760864395523082,29
2025-05-21,0.6020735796262757,0.6953932212974511,0.39792642037372417,0.6963208102020975,0.0007736276749161991,0.0003521746909268861,1.7452645067792942,29
2025-05-22,0.49856657026772017,0.6945896380290604,0.50143342973228,0.6565206555189822,0.0009312296229104129,0.0004138855853803471,2.464740447596783,29
2025-05-23,0.5250335124874138,0.6965248534668057,0.4749664875125862,0.7477430994842708,0.0008909312251729805,0.0003981059904722621,1.1444099766789075,29
2025-05-24,0.33772954959819057,0.6951918863078113,0.6622704504018095,0.6865869757991795,0.0011761083384906335,0.0005097766411480214,2.7614301890327693,29
2025-05-25,0.5484575013626287,0.6948228710708259,0.4515424986373713,0.6683267089716167,0.0008552655934265473,0.00038414060480306493,2.8621589789925523,29
2025-05-26,0.600263075134884,0.6953133665631669,0.39973692486511603,0.6924800585079788,0.000776384452555588,0.00035325411397531725,3.0664819207473366,29
2025-05-27,0.6219228619906597,0.6957770502376172,0.3780771380093403,0.7144041220904496,0.0007434038700466747,0.0003403405458138509,3.106278502033789,29
2025-05-28,0.6301816160902013,0.6955530331000084,0.3698183839097989,0.7039268964982863,0.0007308284728289196,0.00033541667538505317,2.837088952039214,29
2025-05-29,0.6169103112622101,0.69531230583337,0.3830896887377898,0.6924288631991822,0.0007510363313645269,0.0003433290293075091,2.173096033966954,29
2025-05-30,0.5521194338723528,0.6952614039311771,0.44788056612764715,0.6899666878509194,0.0008496898581018048,0.00038195736009332293,2.4238662496843615,29
2025-05-31,0.575239791181231,0.6943481775536076,0.42476020881876897,0.6440964926755244,0.0008144860965282057,0.00036817299960936745,2.969255988466342,29
2025-06-01,0.6106552250461628,0.6957011328526448,0.38934477495383724,0.7108779844953057,0.0007605607393143842,0.00034705831264462733,2.8809053416243637,29
2025-06-02,0.611618898013342,0.6957074034889323,0.388381101986658,0.7111701952289066,0.0007590933889350118,0.0003464837706775298,3.114293724833749,29
2025-06-03,0.6362350165880466,0.6945376690359457,0.3637649834119533,0.6538635124140618,0.0007216110812957304,0.0003318076371032781,3.098951671036982,29
2025-06-04,0.6574300385904845,0.6922120695011483,0.3425699614095155,0.5276894904290264,0.0006893376410865257,0.00031917116181685244,3.041120303824974,29
2025-06-05,0.6492580312081463,0.6933070438466407,0.35074196879185376,0.5885258304547359,0.0007017811098122694,0.00032404331383988544,1.3522233694636565,29
2025-06-06,0.44342607451454996,0.6951376709635873,0.5565739254854499,0.6839376697447931,0.0010151845912233415,0.0004467603571916738,1.805099170261934,29
2025-06-07,0.4025106893508742,0.6956270041929218,0.5974893106491258,0.7074106095996788,0.0010774795123521359,0.0004711541159429462,2.617433232572251,29
2025-06-08,0.5272171279467763,0.6958561139119702,0.47278287205322383,0.7180493384151482,0.0008876064439373822,0.0003968041186089484,3.036251012490473,29
2025-06-09,0.6007479733066257,0.6962877043311944,0.39925202669337434,0.7374499615535609,0.0007756461191076851,0.0003529650176128345,0.9113702277932235,29
2025-06-10,0.3733394799832218,0.6943104140601344,0.6266605200167782,0.6421357187459976,0.0011218928411048862,0.0004885459953289214,2.8636049087877877,29
2025-06-11,0.5633716534043903,0.6951598277158947,0.4366283465956097,0.6850218139607902,0.0008325569327408159,0.00037524878512615973,2.6636527771553355,29
2025-06-12,0.590018482444926,0.6950831765306166,0.4099815175550739,0.6812629025896467,0.0007919834111376778,0.00035936194166859633,1.8248290608249795,29
2025-06-13,0.49933719012675537,0.6949354794560383,0.5006628098732446,0.6739548431769232,0.0009300562890574919,0.0004134261417051856,3.0077411064492607,29
2025-06-14,0.5939548449929352,0.6961094291743739,0.40604515500706484,0.7295394354644998,0.0007859897061866613,0.0003570150817290026,3.0291677774674994,29
2025-06-15,0.6186784697654916,0.695748220719796,0.3813215302345084,0.7130680603203283,0.0007483440112484561,0.00034227485294352,3.124815254128248,29
2025-06-16,0.63398765645608,0.6950693464388895,0.36601234354392004,0.6805822049795196,0.0007250330945368049,0.00033314751354992817,2.5073359951190315,29
2025-06-17,0.5892542367965001,0.6954436027060313,0.41074576320349987,0.6987303089491125,0.0007931470889860442,0.00035981758503843964,1.8230758545861687,29
2025-06-18,0.49113510157949697,0.6952302539106626,0.5088648984205031,0.6884547049865892,0.0009425446402826692,0.00041831622812324096,2.9929984954743616,29
2025-06-19,0.5935025376702054,0.695848357479254,0.40649746232979467,0.7176929582825754,0.0007866784127810128,0.00035728474742243235,3.0983075792313035,29
2025-06-20,0.6245280329066285,0.6955503008839022,0.37547196709337144,0.703797770832149,0.0007394370470299975,0.0003387873425242875,2.65516738212669,29
2025-06-21,0.5972058341455091,0.6957645439036868,0.4027941658544909,0.7138249843094182,0.0007810395771689446,0.000355076841510228,2.42990674551685,29
2025-06-22,0.5684961914256024,0.6956655964755872,0.4315038085743975,0.7092187507001957,0.0008247541465579499,0.0003721935347918147,2.9730208659450565,29
2025-06-23,0.6020066265607981,0.6966209034864368,0.39799337343920194,0.7518363914767073,0.0007737296215226844,0.0003522146083545332,0.8056020907544745,29
2025-06-24,0.3784442817912528,0.6940588362570856,0.6215557182087472,0.6289576795735119,0.001114120795586319,0.00048550251172782566,2.8355795212047994,29
2025-06-25,0.5504895841670946,0.6958214512659823,0.4495104158329054,0.7164546389737875,0.0008521715026603956,0.000382929076731254,2.6985559283014013,29
2025-06-26,0.5890085556242759,0.6950906646439925,0.41099144437572394,0.6816311418811271,0.000793521175081351,0.000359964060190048,3.076827059017188,29
2025-06-27,0.6255889843169475,0.6951487406564943,0.37441101568305246,0.6844795624466405,0.0007378215637424871,0.0003381548031348473,3.1305104323650332,29
2025-06-28,0.6477117040305351,0.6934162062021566,0.35228829596946487,0.5944822486355689,0.0007041356879865079,0.00032496523433434693,3.137192161969521,29
2025-06-29,0.6401174767957449,0.6949560463399173,0.3598825232042549,0.6749775606753774,0.0007156993232908607,0.0003294929137470358,2.9312049335971904,29
2025-06-30,0.6257886525000961,0.6951712769930088,0.374211347499904,0.6855812638290487,0.0007375175340718444,0.0003380357609342045,2.811540168138598,29
2025-07-01,0.6333632752981451,0.6933970548331995,0.366636724701855,0.5934391297062402,0.0007259838274109803,0.00033351976968963153,2.5843789841601446,29
2025-07-02,0.6003276123098421,0.6951514596798821,0.3996723876901578,0.6846125913666453,0.0007762861846036636,0.00035321563690195905,1.3733584239308447,29
2025-07-03,0.4343989575855717,0.6945605250999218,0.5656010424144285,0.6550332925410828,0.001028928754240719,0.00045214232565424933,2.8511979828074994,29
2025-07-04,0.5719452651125392,0.6954241395700477,0.42805473488746065,0.6978007438641308,0.0008195024656724668,0.0003701371965440401,2.5963180497817393,29
2025-07-05,0.574246447809604,0.6959881379386762,0.425753552190396,0.7240740239860325,0.0008159985992712594,0.0003687652310760324,3.078255768561913,29
2025-07-06,0.6218054691147925,0.6952848876206019,0.37819453088520755,0.6911039377914272,0.0007435826208776336,0.0003404105354639928,2.947423755962962,29
2025-07-07,0.6203451249221662,0.6955140017892902,0.3796548750778338,0.7020792330618917,0.0007458062450954308,0.00034128119288995225,2.9371552226936646,29
2025-07-08,0.6304647101334563,0.6942865473365306,0.3695352898665437,0.6408941074085974,0.0007303974117875391,0.000335247894674143,3.0322165662218454,29
2025-07-09,0.6387085613081296,0.6940666451825739,0.3612914386918704,0.6293696492127046,0.000717844656861836,0.0003303329093713795,2.0243413489880733,29
2025-07-10,0.5582136979593862,0.6943309287577112,0.44178630204061364,0.6432014706820864,0.0008404105825143405,0.00037832395893356506,1.0797789909744768,29
2025-07-11,0.3425441940375451,0.695065067728744,0.6574558059624548,0.6803714602241897,0.0011687781790813236,0.0005069061494135077,2.441135937796104,29
2025-07-12,0.4557165645277287,0.6969166504246203,0.5442834354722712,0.7641625723412475,0.0009964717130881338,0.00043943276520843683,2.950870930779262,29
2025-07-13,0.5787887437790551,0.6961108726851782,0.4212112562209448,0.7296040760218866,0.0008090823193606894,0.0003660571135399902,2.7021958183623993,29
2025-07-14,0.5828181701294203,0.6962557154294793,0.4171818298705797,0.7360413643757009,0.0008029469427864279,0.0003636547689475192,2.9340731234657915,29
2025-07-15,0.5942245039942926,0.697584223175288,0.4057754960057074,0.7904231002164028,0.0007855791093326447,0.0003568543109920804,2.3308326402967077,29
2025-07-16,0.4857236685380944,0.7029398326098187,0.5142763314619055,0.9277470395280719,0.0009507839638749955,0.00042154252531151305,2.8307890196526757,29
2025-07-17,0.5770101432100568,0.6957991893822888,0.42298985678994316,0.7154276376034115,0.0008117904888422705,0.0003671175154651208,2.986727299322846,29
2025-07-18,0.6260683748925029,0.694234719071439,0.37393162510749695,0.6381915576890178,0.0007370916078425818,0.0003378689904020341,2.706968169375119,29
2025-07-19,0.6061690352206333,0.6953438997923848,0.39383096477936674,0.6939517300029383,0.0007673916915064394,0.0003497329796892757,3.112621014349873,29
2025-07-20,0.6455984742066807,0.6932852028802471,0.3544015257933193,0.5873310452415758,0.0007073534808583769,0.0003262251422712485,3.078736757727368,29
2025-07-21,0.6318627434790588,0.6957230329164712,0.3681372565209413,0.711897775004371,0.0007282686564827236,0.00033441438698449436,3.134870677520704,29
2025-07-22,0.6335564543727571,0.6955399201855448,0.3664435456272429,0.7033068834769233,0.0007256896774738544,0.0003334045962964683,2.0363997406860834,29
2025-07-23,0.49756058367199485,0.6911132430670424,0.5024394163280053,0.7190778185816668,0.0008173129833078862,0.0008809828143896253,2.7083985535345123,30
2025-07-24,0.5629391117665761,0.6887716853785038,0.4370608882334238,0.6974954952862304,0.0007295556004672158,0.0007695750008894657,3.134354573554566,30
2025-07-25,0.6056035412363072,0.6970465302075639,0.3943964587636928,0.7697059181899849,0.0006722738922124773,0.0006968729847997452,3.0339609603504583,30
2025-07-26,0.6002817401566012,0.7208543440915014,0.3997182598433989,0.9095848781075299,0.0006794195749454899,0.0007059415618915257,3.142502001326512,30
2025-07-27,0.6215400972204682,0.6868602623689424,0.3784599027795318,0.6792706112292692,0.0006508745940160077,0.0006697164104830253,2.7765034595879245,30
2025-07-28,0.600594168996912,0.687002458771951,0.399405831003088,0.680644199244424,0.0006790000753906167,0.0007054091697593095,2.7755949881571382,30
2025-07-29,0.6227133421377311,0.6729009136845386,0.37728665786226884,0.5344617349585072,0.0006492991252127041,0.0006677171508676459,3.202706915722728,30
2025-07-30,0.6359940411143096,0.6776658605255033,0.3640059588856902,0.5855287984029731,0.0006314648430568186,0.0006450862707016996,3.2158250617173243,30
2025-07-31,0.6364554388899717,0.6797227154934828,0.3635445611100285,0.6071990402380415,0.0006308452263747788,0.0006443000291199689,2.475138712997644,30
2025-08-01,0.5865253362972126,0.6850113509264665,0.4134746637027873,0.6611652081318111,0.0006978897959081042,0.000729383063562877,1.926977692362906,30
2025-08-02,0.45899475073752977,0.6967508088929537,0.5410052492624703,0.7673283863648761,0.0008690681334689175,0.0009467006463485446,2.927473994385666,30
2025-08-03,0.5722465035987199,0.6904211492364007,0.42775349640128024,0.7127876897452555,0.0007170603005831988,0.0007537148063633931,2.544283856390542,30
2025-08-04,0.5656812691441813,0.6873946534955556,0.43431873085581874,0.6844182028796145,0.0007258742692387021,0.0007649022472099953,2.9667712330835627,30
2025-08-05,0.595523165823916,0.6926646234512253,0.404476834176084,0.7328955578817485,0.0006858088632088087,0.0007140503764707631,2.9177997762610737,30
2025-08-06,0.603160994379558,0.6902314729058214,0.39683900562044194,0.7110505678405101,0.000675553566389635,0.0007010351893126464,3.0024122766106727,30
2025-08-07,0.609470609924593,0.6901944269841113,0.3905293900754072,0.710710629853807,0.0006670814029302199,0.0006902833340417231,2.091174346628494,30
2025-08-08,0.5390632940512642,0.6831586868178603,0.4609367059487358,0.6425970974942838,0.0007616069092864094,0.0008102604174125052,3.0223294601465573,30
2025-08-09,0.6063208138422439,0.6849133669123199,0.3936791861577561,0.6601934488740695,0.0006713107841713142,0.0006956507215423748,3.1804878619401302,30
2025-08-10,0.6219969513155411,0.6910159964076595,0.37800304868445883,0.7181986030807699,0.0006502611174529709,0.0006689379115277255,1.9135597307739898,30
2025-08-11,0.496644756677065,0.6887270947108186,0.5033552433229349,0.6970763662104017,0.0008185421185660788,0.0008825434228343723,3.0424485244365544,30
2025-08-12,0.5850102330577239,0.6947781411666933,0.4149897669422761,0.7510691718327142,0.0006999240024964881,0.0007319648644087795,2.781810765137757,30
2025-08-13,0.5928732116223545,0.6867718965476867,0.4071267883776455,0.6784156180150747,0.0006893668721460763,0.0007185660119871277,1.5966327802378415,30
2025-08-14,0.48649535834760593,0.6790890587968376,0.513504641652394,0.6005559283651961,0.0008321633426036381,0.0008998384325138716,1.078392093230975,30
2025-08-15,0.3411911597663518,0.6853358023948337,0.6588088402336482,0.6643744060018835,0.0010271064589970219,0.0011474430135303135,2.6689262276160353,30
2025-08-16,0.5049277399902345,0.6914626462213928,0.4950722600097654,0.7222242239375325,0.000807425314662982,0.0008684288643229977,3.087432299585743,30
2025-08-17,0.6002910889001026,0.6875015980780571,0.3997089110998973,0.6854435734333179,0.0006794070223553925,0.0007059256312319829,3.183138313194047,30
2025-08-18,0.622842135400189,0.6883419891170399,0.377157864599811,0.6934443432091384,0.0006491261772327934,0.0006674976816293171,2.8486546192315503,30
2025-08-19,0.6184481032468606,0.6796055014947808,0.3815518967531394,0.6059725803775945,0.0006550265788609738,0.0006749853007134226,1.3105179778174672,30
2025-08-20,0.34218918891638206,0.697020670798827,0.6578108110836178,0.7694986432939502,0.0010257679006640543,0.0011457423290907151,2.5901370592669903,30
2025-08-21,0.4791452605572074,0.6937382451055799,0.5208547394427927,0.7422230204506992,0.0008420273300781917,0.0009123633141180591,2.3563461334007467,30
2025-08-22,0.5265004348078182,0.6853578475715782,0.47349956519218184,0.6645919770620663,0.0007784701785882459,0.0008316680679120366,1.1529436762376712,30
2025-08-23,0.27914615785630703,0.6926291163126675,0.720853842143693,0.7325837535555024,0.0011103099592439962,0.0012531703555624172,2.4870476892418125,30
2025-08-24,0.46967485115984725,0.6880686393542875,0.5303251488401528,0.6908531355107824,0.0008547363582395663,0.0009285012975609548,2.46503392825666,30
2025-08-25,0.49397660385294667,0.699151451670102,0.5060233961470533,0.7861703969266205,0.0008221230299153529,0.0008870900695834284,1.4552576815178317,30
2025-08-26,0.34123984771808114,0.6907960087897635,0.6587601522819189,0.716204086851275,0.0010270411587705217,0.001147360047174171,2.385717588405719,30
2025-08-27,0.46379619904758473,0.6886099930622297,0.5362038009524153,0.6959742672995779,0.0008626250851945861,0.0009385187726746159,2.9569158629009915,30
2025-08-28,0.584092329647725,0.6864078801526043,0.4159076703522749,0.6748823482967401,0.0007011563906864187,0.0007335290111537836,2.832763227873521,30
2025-08-29,0.5937566602813206,0.6887094362416255,0.40624333971867943,0.6969103041555602,0.0006881806983572334,0.000717060577614352,1.0220160371701121,30
2025-08-30,0.432567245527185,0.6776859696155212,0.567432754472815,0.585742063288734,0.0009045287224931592,0.0009917342477090592,2.9973330812052867,30
2025-08-31,0.5767967295062415,0.6881423493292331,0.4232032704937586,0.6915529353375232,0.0007109513774347298,0.0007459610264288648,3.1171035513640577,30
2025-09-01,0.609209912303351,0.6947569016234542,0.3907900876966489,0.750890370986675,0.0006674314562317163,0.0006907275739598383,3.0830325058103405,30
2025-09-02,0.6163923175984416,0.6901634552818597,0.3836076824015584,0.710426264946254,0.0006577870938921926,0.0006784884475536825,2.196116008208037,30
2025-09-03,0.5537608232393569,0.6831659481974244,0.44623917676064306,0.6426706448735712,0.0007418770847394463,0.0007852151978515605,3.0497104200494403,30
2025-09-04,0.6113771915725916,0.6837669225494297,0.3886228084274085,0.6487372070782809,0.0006645213169375394,0.0006870344372119293,3.010379628634859,30
2025-09-05,0.6282338130560591,0.6767370983429976,0.3717661869439409,0.5756528420130252,0.0006418859623905693,0.0006583100318573741,3.2038407790706396,30
2025-09-06,0.6301742467317414,0.686383030301094,0.36982575326825845,0.6746404954907864,0.000639280209535294,0.0006550034497217665,3.1596167733203737,30
2025-09-07,0.6268296930741496,0.688636519137803,0.3731703069258504,0.696224094611586,0.0006437715012972102,0.0006607027124764623,2.942769419156561,30
2025-09-08,0.6123047012237324,0.6882239766211723,0.3876952987762676,0.692326982085113,0.0006632758842956558,0.0006854539210203685,3.047524680496569,30
2025-09-09,0.6105127754211201,0.6949633725067251,0.3894872245788799,0.752625159341978,0.0006656820249885017,0.0006885074393763454,3.1015994681586188,30
2025-09-10,0.6272798412886238,0.6810117111686516,0.37272015871137615,0.620609730363059,0.0006431670157602177,0.0006599356406290658,2.002310446520997,30
2025-09-11,0.5106038805811159,0.689351985937408,0.4893961194188842,0.7029228701976727,0.0007998069910216666,0.0008587564775198755,2.647390744286511,30
2025-09-12,0.5758344087110161,0.6815688140868066,0.42416559128898385,0.6263593864886294,0.0007122433549148888,0.0007476008623016865,3.058732269794983,30
2025-09-13,0.6125005215617891,0.686309979106131,0.387499478438211,0.6739290414472912,0.0006630129418744091,0.000685120234772948,3.1904797567178056,30
2025-09-14,0.6269248144228164,0.6864684685412176,0.37307518557718355,0.6754716814866829,0.0006436437668454517,0.0006605406216221557,3.1374783298806053,30
2025-09-15,0.627679932783535,0.685213384272244,0.372320067216465,0.6631651034571273,0.0006426297483469082,0.0006592538675768554,3.2126445878367407,30
2025-09-16,0.6342791100260744,0.6809651228533337,0.3657208899739255,0.6201275888915876,0.0006337678340256435,0.0006480085867649696,2.81041908069958,30
2025-09-17,0.6054400507680648,0.6874722855964998,0.3945599492319353,0.6851626895138162,0.0006724934163981227,0.0006971515795635898,3.1802745264581542,30
2025-09-18,0.6283723419343477,0.6828218597550766,0.37162765806565223,0.6391791828680836,0.0006416999366489077,0.0006580739727124749,3.1720971462649548,30
2025-09-19,0.6275318058671091,0.6873579467957062,0.37246819413289095,0.6840658930942168,0.0006428286623693315,0.0006595062821900395,2.784182084794558,30
2025-09-20,0.6211599367056225,0.6762196475363279,0.37884006329437747,0.570130168268664,0.0006513850833526306,0.0006703642202911137,3.2025804671512033,30
2025-09-21,0.6346415942174413,0.6789109476503828,0.36535840578255885,0.5986831079197483,0.0006332810533126984,0.0006473908981695623,3.1755777350680594,30
2025-09-22,0.6285624816350982,0.6884260786614349,0.3714375183649018,0.6942392742801993,0.0006414446042992455,0.0006577499665144532,1.8784179176430114,30
2025-09-23,0.5066760316614916,0.6879075667405335,0.49332396833850833,0.6893211866164761,0.000805078836739404,0.0008654497003966774,2.9916460660026925,30
2025-09-24,0.6052747504714736,0.6809729601256224,0.3947252495285265,0.6202087106527517,0.0006727153705437347,0.000697433258352496,2.828713913637707,30
2025-09-25,0.6118972831963798,0.6800987193937833,0.3881027168036203,0.6111257407658816,0.0006638229538385137,0.0006861481787978188,0.9361130542035675,30
2025-09-26,0.31064616682073515,0.690446765851476,0.6893538331792648,0.7130218620629003,0.001068070655914263,0.0011994929904359725,2.819808122225232,30
2025-09-27,0.611072538615702,0.6663497768904265,0.3889274613842981,0.46390521657479256,0.000664930394865177,0.0006875535789055804,3.19692912998527,30
2025-09-28,0.6274776510915772,0.6857793150549856,0.37252234890842284,0.6687396348983577,0.0006429013847332514,0.000659598564248208,1.9064145137093207,30
2025-09-29,0.49747434923708433,0.6889041485217761,0.5025256507629157,0.6987388338832582,0.0008174287191130695,0.0008811297615620653,2.228325052675418,30
2025-09-30,0.49478029882795815,0.6884412409292601,0.5052197011720418,0.6943824987660662,0.0008210444002275014,0.0008857205389057485,3.0507353051259622,30
2025-10-01,0.6367059018364619,0.6650927916073343,0.36329409816353797,0.45052440051636033,0.0006305088761213926,0.0006438732295262101,0.9334540305525196,30
2025-10-02,0.38862169027818244,0.6816691165864138,0.6113783097218175,0.627391410021161,0.0009634861586720694,0.0010666193570259756,2.291805456028568,30
2025-10-03,0.5061417874885085,0.6807568796472696,0.49385821251149153,0.6179700548932444,0.0008057958769627269,0.0008663600753610871,2.545042135643005,30
2025-10-04,0.5564328642992273,0.6841745989458481,0.44356713570077266,0.6528289694047926,0.0007382900272548299,0.0007806619253821626,3.144070002869139,30
2025-10-05,0.6113265268749624,0.6897536175316776,0.3886734731250377,0.7066493109106535,0.000664589347857396,0.0006871207720277935,2.9473392241802916,30
2025-10-06,0.6004473437713904,0.6969371491512254,0.3995526562286097,0.7688283555701106,0.0006791972183264227,0.0007056593662354121,2.8743729871324906,30
2025-10-07,0.6046049012155921,0.6861096067707663,0.39539509878440793,0.6719739447988768,0.0006736147975491571,0.0006985747101891679,1.5939193636177063,30
2025-10-08,0.4852942402166249,0.6815089251959247,0.5147057597833752,0.6257427162400802,0.0008337752901135614,0.000901885189279861,2.5365673588961046,30
2025-10-09,0.5452115830004336,0.6855682671293065,0.4547884169995663,0.6666655634842596,0.0007533536568260907,0.0007997834695741683,2.5583455982123864,30
2025-10-10,0.5807613105255673,0.6809039336875586,0.4192386894744328,0.6194940402034306,0.0007056286160406254,0.0007392052104801126,-0.10999624843632916,30
2025-10-11,0.3149068324995673,0.687465165933314,0.6850931675004327,0.6850944477646188,0.0010623569595551695,0.0011922326335394827,1.9059236263171324,30
2025-10-12,0.3378139225169162,0.6929953402168589,0.6621860774830839,0.7357895671613818,0.0010316359722283436,0.0011531979705260815,1.5187874473328182,30
2025-10-13,0.3474829592698901,0.6847937723027722,0.65251704073011,0.6590057580483607,0.0010186677904666032,0.0011367215175575604,2.9060280409105004,30
2025-10-14,0.5572876864701914,0.6849453486717831,0.44271231352980855,0.6605107597075325,0.0007371424701665471,0.0007792052717716561,2.336836976776401,30
2025-10-15,0.5449534451654144,0.6864777272406634,0.45504655483458567,0.6755616958667027,0.0007537001766277477,0.0008002233475068678,1.9768873610570492,30
2025-10-16,0.6234102840432794,0.6610953635073248,0.37658971595672064,0.4086933385010898,0.0006483632467322232,0.0006665295319949569,1.6889014196010974,30
2025-10-17,0.4756312233165295,0.6875731977584029,0.5243687766834705,0.686129159924747,0.0008467431318956506,0.0009183513841611119,2.5585422774714424,30
2025-10-18,0.5280782892414454,0.6927015403228594,0.4719217107585548,0.7332195178313807,0.0007763522569091774,0.0008289793363422831,3.051498134231585,30
2025-10-19,0.5972836434992652,0.6906234378216318,0.4027163565007347,0.7146340741618716,0.0006834451034708613,0.00071105044707127,2.6051081961744478,30
2025-10-20,0.5795631069512112,0.6870923052246998,0.42043689304878884,0.6815106602028758,0.0007072373080703929,0.0007412470007167169,2.353180900917534,30
2025-10-21,0.5471871044169694,0.68702897209195,0.4528128955830306,0.680900004390848,0.0007507017379511863,0.0007964170964245529,2.3228438979940504,30
2025-10-22,0.6173883480656874,0.7430520208108741,0.38261165193431274,0.6604553584515372,0.0006901143074374028,0.00038137543204097183,2.896851785275417,31
2025-10-23,0.6632804565804469,0.7433873159385131,0.33671954341955307,0.6422178012432068,0.0006270786937731282,0.000364318242688114,2.061163383284742,31
2025-10-24,0.5883031671871239,0.7429029985479548,0.41169683281287583,0.6684096363206793,0.0007300642783393455,0.00039218581869924026,2.9340192728603847,31
2025-10-25,0.6547294769010136,0.7430237856815018,0.3452705230989863,0.6619698207368143,0.0006388240306794832,0.0003674964727643726,3.105777323625463,31
2025-10-26,0.6797936590603876,0.7430266775317879,0.3202063409396124,0.6618148659493793,0.0006043966593486613,0.00035818061182655013,1.6947702743017108,31
2025-10-27,0.5469966214495223,0.7430372204703599,0.4530033785504777,0.66124963728589,0.0007868005119647354,0.0004075386450339063,3.027137811533686,31
2025-10-28,0.6685630938117006,0.7441882906100299,0.33143690618829924,0.5969681930826138,0.0006198226315805931,0.00036235479087794116,2.923630127640799,31
2025-10-29,0.6826346814589087,0.7440171471388188,0.3173653185410912,0.606813864139677,0.0006004943094950955,0.0003571246599739195,1.7481441538303544,31
2025-10-30,0.5738958046957844,0.7436205212567026,0.4261041953042157,0.6292725881531891,0.0007498534347819736,0.00039754075047386143,2.184778136780418,31
2025-10-31,0.548452015586971,0.7420095104044233,0.451547984413029,0.7139454255148567,0.0007848014764762448,0.0004069977038091745,2.627462264936855,31
2025-11-01,0.6128664547287281,0.7428239506826796,0.38713354527127186,0.672589368164757,0.0006963253725938411,0.0003830561303871184,3.0971381890489393,31
2025-11-02,0.6719602764838841,0.7430919241922597,0.328039723516116,0.6583092501529331,0.0006151563656250608,0.0003610921252480314,3.1598825851205663,31
2025-11-03,0.6873868271925114,0.7432068048803784,0.3126131728074886,0.6520933691144144,0.0005939668884584445,0.00035535838136450753,0.9021703039532195,31
2025-11-04,0.446353708183686,0.7439281059063876,0.553646291816314,0.6119010269519547,0.0009250357048583644,0.00044494562597588026,0.9142148623114322,31
2025-11-05,0.24895595369120976,0.7411816586171697,0.7510440463087901,0.7525248277752243,0.0011961576130874799,0.0005183144683580992,2.0145248450532733,31
2025-11-06,0.4117448754189974,0.7432180223873541,0.5882551245810026,0.6514834952691774,0.0009725710298717937,0.00045780904482617824,1.8421483860441077,31
2025-11-07,0.456387628229989,0.7434619474328782,0.5436123717700109,0.638097330880222,0.0009112540267691982,0.00044121621628605994,2.135513563247731,31
2025-11-08,0.5274417210580659,0.7434852255553924,0.47255827894193425,0.6368077648905807,0.0008136598047469407,0.00041480681486851033,2.777008732943014,31
2025-11-09,0.6276241819097702,0.7430774809286065,0.37237581809022996,0.6590868263343524,0.0006760548149722684,0.000377570974984771,2.007010677755879,31
2025-11-10,0.5777620267982948,0.7434629573643337,0.4222379732017052,0.6380414251875878,0.0007445430115202457,0.0003961037521615804,2.695671857909584,31
2025-11-11,0.610594964193471,0.7415815579990035,0.38940503580652897,0.7343432659812563,0.0006994453856118092,0.00038390039850699884,1.4290041857613622,31
2025-11-12,0.4648966426949394,0.7431999901928993,0.5351033573050608,0.6524636185848999,0.0008995667982104533,0.0004380535838502855,2.630704378170359,31
2025-11-13,0.598900405410234,0.7433072441188542,0.4010995945897661,0.6466145052704575,0.000715508461299413,0.00038824703478106863,2.468600329103587,31
2025-11-14,0.6064364387154761,0.7424948947435961,0.3935635612845238,0.6896822010705426,0.000705157337757217,0.0003854460402045039,0.3127677285702958,31
2025-11-15,0.31993064756738315,0.7426756170331366,0.6800693524326168,0.6803566244393617,0.0010986765155839796,0.0004919345779610903,2.61827455407713,31
2025-11-16,0.5255711997997491,0.7422442143971356,0.4744288002002509,0.7023587990931053,0.0008162290210999832,0.00041550205063614544,2.570104628987573,31
2025-11-17,0.5834931676653236,0.7418996414871941,0.4165068323346763,0.719273135419841,0.0007366710340840529,0.00039397360041783615,1.844146360991959,31
2025-11-18,0.48280839980491264,0.7416367247055367,0.5171916001950874,0.7317677695848345,0.0008749647298527053,0.0004313961378850614,2.7938644461978046,31
2025-11-19,0.700724588775167,0.7474644616787297,0.29927541122483314,0.4019720375105955,0.000575646460421439,0.00035040099909941817,2.4935708548264266,31
2025-11-20,0.6616018144641118,0.7438609429434728,0.3383981855358883,0.6157214570169611,0.0006293844214871716,0.0003649421607725229,0.42760199486238926,31
2025-11-21,0.3029779002479396,0.7422860839770681,0.6970220997520604,0.7002628731275632,0.001121960608880594,0.0004982355789487853,2.053396527819322,31
2025-11-22,0.373665016093317,0.741414492794901,0.6263349839066831,0.7420437763048493,0.0010248734368299482,0.00047196257561980955,2.878957357686226,31
2025-11-23,0.5979469750703695,0.7430030426030968,0.40205302492963035,0.6630802490886517,0.00071681804505661,0.00038860140598710274,1.877570236071198,31
2025-11-24,0.539067460360684,0.7432578679397774,0.46093253963931596,0.6493130245792441,0.0007976914857852964,0.00041048575743468283,2.424780152910175,31
2025-11-25,0.5804754306471349,0.7425943869108403,0.4195245693528651,0.6845672105535389,0.00074081603151994,0.00039509523360058303,2.8105448549760847,31
2025-11-26,0.6522689808320987,0.7436537373095236,0.3477310191679013,0.6274124236240394,0.0006422036812416634,0.0003684109905040826,1.1365942881565956,31
2025-11-27,0.4281039046079578,0.7431579201128249,0.5718960953920422,0.654745097128589,0.0009501019004647973,0.0004517287171285463,2.75817798121644,31
2025-11-28,0.5971589145480345,0.7429994894371823,0.40284108545196545,0.6632702729421426,0.0007179004849956646,0.00038889431250166526,3.0794687270631123,31
2025-11-29,0.6655780612616204,0.7428743410499931,0.3344219387383796,0.6699281395342833,0.000623922778133738,0.0003634642684565273,3.172925253417517,31
2025-11-30,0.6914266308866457,0.7437163051900899,0.3085733691133543,0.6238978408428721,0.0005884179166018681,0.0003538568662066877,3.18292854396592,31
2025-12-01,0.6885960046075545,0.7427797474851787,0.3114039953924454,0.6749144613021614,0.0005923059935131638,0.00035490895402727897,0.45515974796724956,31
2025-12-02,0.35547601241288546,0.7432107515403918,0.6445239875871146,0.6518788556769921,0.0010498557583360107,0.0004787230686535337,0.8672397318238436,31
2025-12-03,0.43715828967408327,0.7447697978322629,0.5628417103259167,0.5629385415615763,0.0009376656692300676,0.00044836338122342177,2.0699418531541705,31
2025-12-04,0.480619059559542,0.7426623807868219,0.5193809404404581,0.6810448207458003,0.0008779718264328341,0.0004322098723664726,2.5000849361246615,31
2025-12-05,0.592853243638878,0.7435532663346139,0.4071467563611219,0.6330267475559584,0.0007238145330119402,0.000390494645246563,1.2981954490450547,31
2025-12-06,0.4945399758939292,0.7446583202384418,0.5054600241060708,0.5695226568231246,0.000858851185233206,0.00042703574301034225,3.0162502759374856,31
2025-12-07,0.6500529514987248,0.7436371669530113,0.3499470485012751,0.628340891454127,0.0006452475394921953,0.00036923464479180585,2.9216787277346574,31
2025-12-08,0.6660152173693104,0.7428758770634283,0.33398478263068976,0.6698468415428095,0.0006233223144474122,0.00036330178617478105,3.0728608092108325,31
2025-12-09,0.6842431345712506,0.7434690547152019,0.3157568654287493,0.6377038182765752,0.0005982849817616899,0.00035652682975451295,1.9398667242795502,31
2025-12-10,0.5940059933229038,0.7434432681187777,0.40599400667709623,0.639130640460805,0.0007222311758617885,0.0003900661909812606,2.9622084337482253,31
2025-12-11,0.6695269627756061,0.7439217860700688,0.33047303722439386,0.6122611411197685,0.0006184986910495227,0.0003619965398417442,3.108660419867899,31
2025-12-12,0.6899107756854529,0.7438172649430602,0.31008922431454705,0.6181980342698338,0.0005905000573745672,0.00035442027961337264,1.7255847190573488,31
2025-12-13,0.5620722629418845,0.7431308168778251,0.4379277370581155,0.6562110306586667,0.0007660935550907115,0.0004019353271678659,3.0844577130977626,31
2025-12-14,0.6585296511225875,0.7428508368154129,0.34147034887741246,0.671170861192005,0.0006336042422012353,0.0003660840231435323,1.829972776305931,31
2025-12-15,0.555333314560368,0.7429174630213446,0.4446666854396321,0.6676418155668167,0.0007753497602470243,0.0004044400610383024,2.188227071131474,31
2025-12-16,0.5430935059967432,0.7421222950445033,0.45690649400325684,0.7084122125734685,0.0007921615766412585,0.00040898935587502423,2.4996952923754368,31
2025-12-17,0.5919445067261667,0.7426032091669826,0.4080554932738334,0.684111396544731,0.0007250627266223662,0.0003908324047894061,2.228798309102523,31
2025-12-18,0.5810455778979643,0.7428723373989005,0.4189544221020358,0.6700341728689932,0.0007400329088366981,0.0003948833211404424,2.96449424591944,31
2025-12-19,0.6449019443134648,0.7421080805093598,0.3550980556865352,0.7091131256711127,0.0006523227725977014,0.0003711491723164816,1.3026125425751867,31
2025-12-20,0.4523132794509359,0.7430469833712885,0.5476867205490641,0.6607258039584397,0.0009168501842723824,0.0004427305711689162,2.9744251730447107,31
2025-12-21,0.6277150334436195,0.7430183361721701,0.37228496655638066,0.6622617256856622,0.000675930025160153,0.0003775372072659623,3.1328748220923397,31
2025-12-22,0.6773890720154414,0.7431398061811886,0.3226109279845586,0.655725165233226,0.0006076995319191503,0.00035907434928748817,3.190229601151536,31
2025-12-23,0.6860214697552376,0.7427337990422559,0.31397853024476235,0.6773219750114273,0.000595842307772991,0.0003558658577279964,2.768743098706961,31
2025-12-24,0.678441736315787,0.7440895061373974,0.32155826368421325,0.6026617509336994,0.0006062536222865121,0.00035868309478040433,3.173555900544035,31
2025-12-25,0.6828113509875937,0.7424153834382641,0.31718864901240634,0.6937360366428101,0.0006002516410391923,0.00035705899540323,3.1366798395386506,31
2025-12-26,0.6908121505304178,0.7435039681997848,0.3091878494695821,0.6357679677473924,0.0005892619515193887,0.0003540852564055476,3.201538571062697,31
2025-12-27,0.6862315648444068,0.7423665234463215,0.3137684351555931,0.6962119993376045,0.0005955537266794383,0.00035578776953736746,3.1597869289508163,31
2025-12-28,0.6918830762492503,0.7434491731208024,0.3081169237507497,0.6388041292760458,0.0005877909545491858,0.0003536872144902782,3.204500087613705,31
2025-12-29,0.6883822632902727,0.7426100856248048,0.3116177367097273,0.6837558620696702,0.0005925995831093602,0.0003549883974488039,3.060978836016204,31
2025-12-30,0.6880785243517249,0.7434852866621966,0.31192147564827505,0.6368043769831611,0.000593016791110182,0.0003551012912067139,2.6572030879829955,31
2025-12-31,0.675353684077075,0.7443678904507209,0.32464631592292503,0.5865467677516297,0.0006104952818189464,0.00035983086274034195,2.8961082105171574,31
2026-01-01,0.7033926971319492,0.7458815038958659,0.29660730286805076,0.4963350854085943,0.0005719816051509545,0.0003494093159772329,2.769095720006883,31
2026-01-02,0.67373045858091,0.7433518650815316,0.3262695414190901,0.6441675055948467,0.0006127248965095133,0.00036043418356273497,2.698217988264805,31
2026-01-03,0.666797851581091,0.7437582757778228,0.33320214841890905,0.6215325821400441,0.0006222473129245313,0.0003630108965125622,3.052647152502823,31
2026-01-04,0.6782603551759049,0.7429311002005771,0.321739644824095,0.6669170674914686,0.0006065027622642139,0.0003587505105638173,3.018611694078077,31
2026-01-05,0.6800917803573002,0.7430871309018588,0.31990821964269966,0.6585674023905088,0.0006039871682786773,0.0003580698060349634,1.5274543457517937,31
2026-01-06,0.5634712387102058,0.7444433862418364,0.43652876128979423,0.5821407912273513,0.0007641720064178408,0.00040141535553543065,3.0448047748200127,31
2026-01-07,0.6591804229008218,0.7431216240798786,0.3408195770991783,0.6567075454453365,0.0006327103640912947,0.00036584214414066925,1.6988738804198935,31
2026-01-08,0.5400971448533718,0.743112379816452,0.4599028551466282,0.6572064828631192,0.000796277179915389,0.00041010304406774683,3.0615299059830154,31
2026-01-09,0.6554667950852721,0.7431072401912727,0.34453320491472805,0.6574837268722898,0.000637811276117973,0.00036722242617359213,3.0666271602124167,31
2026-01-10,0.6715463336855146,0.7423355538992322,0.32845366631448525,0.697775355110636,0.0006157249449313571,0.00036124597960167837,3.179531819484776,31
2026-01-11,0.6883387577824921,0.7432073309972451,0.31166124221750796,0.652064776687263,0.0005926593411584524,0.0003550045675858519,3.1745075417100024,31
2026-01-12,0.6870088195834548,0.7427101334122338,0.312991180416545,0.6785582001217944,0.0005944861098887557,0.0003554988793188,3.1484287536445947,31
2026-01-13,0.6934515748714369,0.7436812909115418,0.3065484251285631,0.6258663772555868,0.0005856365032245888,0.00035310423456487927,0.5380966872724915,31
2026-01-14,0.4453111696273091,0.7447457761981534,0.5546888303726907,0.5643594309721801,0.0009264676392077009,0.00044533311694413787,2.3389080970990586,31
2026-01-15,0.6160001301148577,0.7455323012965304,0.3839998698851422,0.5173752858633431,0.0006920211005036996,0.0003818914052053496,2.5309446623074208,31
2026-01-16,0.6351528821335518,0.7435009260347611,0.3648471178664482,0.6359368296907902,0.000665713704047626,0.00037477270596959495,3.153616435984109,31
2026-01-17,0.6759341708043622,0.7427044999261615,0.32406582919563776,0.6788520989496201,0.0006096979421857573,0.00035961510730123466,3.142974886112781,31
2026-01-18,0.689848931661188,0.7434954960157921,0.310151068338812,0.6362381481395494,0.0005905850047652786,0.00035444326581440745,2.9795591620786936,31
2026-01-19,0.6800556646172399,0.7430310574349844,0.3199443353827601,0.6615801081317227,0.0006040367758497683,0.00035808322954146085,2.312404181428345,31
2026-01-20,0.623629786411245,0.7427973251376266,0.3763702135887552,0.6739909299981456,0.0006815413448947813,0.0003790556128140971,0.6015438054417721,31
2026-01-21,0.23065031125791347,0.7787253721410667,0.7693496887420864,0.781527219911595,0.0012356301833514498,0.0009524066857703906,2.393151459389947,32
2026-01-22,0.40554762237438186,0.7787190968997214,0.5944523776256181,0.7807002986825445,0.0009955607066963585,0.0007922963080017667,2.8830840386768117,32
2026-01-23,0.6224465983158539,0.7780831066592028,0.3775534016841461,0.685698312089244,0.0006977672233841208,0.0005937353538399805,3.1076653534762246,32
2026-01-24,0.7065818907776726,0.777811193784665,0.29341810922232725,0.639002396325237,0.0005822316585588689,0.0005167133952189881,3.155091512854998,32
2026-01-25,0.7235215377885051,0.7778941161940878,0.27647846221149464,0.6535699254986357,0.0005589685028308107,0.000501205933927228,1.213249222798324,32
2026-01-26,0.5080571873975198,0.7780284488353604,0.4919428126024802,0.6765689963672976,0.0008548290650059113,0.0006984535549258078,2.14838235723835,32
2026-01-27,0.5753960387818507,0.7777093704224478,0.4246039612181493,0.6207662351892806,0.0007623724276713591,0.0006368079592055243,2.8361578147237028,32
2026-01-28,0.6543763959427514,0.7783417070293865,0.3456236040572485,0.7269230939202983,0.0006539222498694109,0.0005645051048013668,3.1320481878105144,32
2026-01-29,0.7120907179674252,0.7778946998244737,0.2879092820325748,0.6536714935673135,0.0005746664589557431,0.000511670319389046,0.1083210902767453,32
2026-01-30,0.29546911607248283,0.7782161894599405,0.7045308839275171,0.7073329111383511,0.001146663860061234,0.0008930680758219488,2.7028296449093334,32
2026-01-31,0.5455190789212636,0.7782750021808724,0.4544809210787365,0.716613427026683,0.0008033946065318083,0.0006641589304658607,0.10163891535103342,32
2026-02-01,0.22538856791784945,0.7786737703168891,0.7746114320821507,0.7746611558976648,0.0012428518211073868,0.0009572235677940268,2.0767901611983715,32
2026-02-02,0.39273127990233836,0.7781409478955921,0.6072687200976615,0.6952069584977102,0.0010131545569704266,0.0008040290751993393,2.0729991333158635,32
2026-02-03,0.5023817371653561,0.7778084850803927,0.497618262834644,0.6385220910184839,0.0008626211441331717,0.0007036491664242238,1.1527603422805288,32
2026-02-04,0.3525348139304143,0.7780183104791736,0.6474651860695857,0.6748606372137412,0.0010683331477051505,0.0008408270757554634,1.5392614089851988,32
2026-02-05,0.29189140785429674,0.7784723461070964,0.7081085921457033,0.7464281153715618,0.0011515745869549654,0.0008963433017857045,-4.522792327131276,32
2026-02-06,0.192292886839524,0.7789336628167921,0.807707113160476,0.807707113160476,0.0012882739192055337,0.0009875211290666062,-1.4896964724297423,32
2026-02-07,0.5317974557936073,0.7769010459621423,0.4682025442063929,0.46820254420650537,0.0008222344048808371,0.0006767204401228315,2.1319406785297805,32
2026-02-08,0.5670276767476807,0.7779466630528976,0.4329723232523195,0.6626583335352246,0.00077386265132423,0.0006444688065795778,2.3023819265820795,32
2026-02-09,0.6195447983860678,0.777726575135484,0.3804552016139322,0.6238727882329916,0.0007017517972267586,0.0005963918171097767,3.06312375520925,32
2026-02-10,0.7227304859569823,0.7772129641379806,0.2772695140430177,0.527910508769492,0.0005600548621441765,0.0005019301051953351,2.015321675446506,32
2026-02-11,0.6510762127180385,0.7777439403123113,0.34892378728196155,0.6269981896268447,0.0006584540347568702,0.0005675262695033364,1.806164870946825,32
2026-02-12,0.5555297043970544,0.7781729967177499,0.4444702956029457,0.7004061141071116,0.0007896498115070652,0.0006549946670681134,2.741653555421908,32
2026-02-13,0.6531342805260266,0.7780213086800248,0.3468657194739734,0.6753663290874329,0.0006556279148464501,0.000565642203864437,0.9163039943072269,32
2026-02-14,0.40985153536618496,0.777807666955789,0.590148464633815,0.6383769681159729,0.0009896523758007097,0.0007883562752442477,2.577303391408562,32
2026-02-15,0.5644525674942681,0.7782735784228305,0.435547432505732,0.7163908519996076,0.0007773983950571661,0.0006468261996848657,2.432995245098474,32
2026-02-16,0.6350480546452999,0.7777699646884172,0.3649519453546999,0.6316625416226824,0.00068046351203837,0.0005821993049409847,3.1138457052286777,32
2026-02-17,0.7072322660619679,0.7778878323215689,0.2927677339380322,0.6524754823236106,0.0005813385094210905,0.0005161180068062383,2.333731617921276,32
2026-02-18,0.6569690747154602,0.7781768247561309,0.3430309252845397,0.7010237555362409,0.0006503619915637644,0.000562131627615919,2.5075508232281902,32
2026-02-19,0.6907099105785562,0.7773842361847142,0.30929008942144376,0.5604919444932914,0.000604028154884283,0.0005312434570558128,3.009510422192541,32
2026-02-20,0.7069724082756342,0.7781093469797803,0.2930275917243659,0.6900317569147814,0.0005816953677131022,0.000516355894559174,2.624293555030775,32
2026-02-21,0.6808007399307179,0.7782052829092168,0.3191992600692822,0.7055926159385558,0.0006176358963725625,0.0005403148432633609,3.157494965144742,32
2026-02-22,0.720235379816909,0.7778231058536292,0.27976462018309095,0.6411113759322725,0.0005634814092418432,0.000504214259160366,3.0612048142341846,32
2026-02-23,0.7223546142561025,0.777871011533901,0.2776453857438977,0.6495380521223387,0.0005605710501053607,0.0005022741983070945,0.4688136499633573,32
2026-02-24,0.3638737225344709,0.777969410084946,0.6361262774655291,0.6665565879040928,0.0010527682476740823,0.0008304468307506077,2.6995244282130866,32
2026-02-25,0.5941751252427412,0.777931810690432,0.4058248747572588,0.6601011492075902,0.0007365872766602879,0.0006196165763980404,0.3268198695792517,32
2026-02-26,0.4030007274073771,0.7775809640118115,0.5969992725926229,0.597288127962661,0.0009990570216348,0.0007946278722362368,2.7714553307912784,32
2026-02-27,0.6366852022953298,0.7776197565677374,0.3633147977046703,0.6044325811107337,0.0006782154404025558,0.0005807005721872565,1.832082358194508,32
2026-02-28,0.5624309813875894,0.7780309487947313,0.4375690186124107,0.6769895388134641,0.0007801741182011696,0.0006486768680179916,2.490192731614505,32
2026-03-01,0.6338269913151332,0.7778479305482631,0.36617300868486685,0.645489173203,0.0006821402288877043,0.0005833171317950652,2.332432323300255,32
2026-03-02,0.6415744360028738,0.7778821930329576,0.35842556399712616,0.6514919494657705,0.0006715016956780649,0.0005762247054577064,0.6222744203444177,32
2026-03-03,0.4150161599421556,0.7775562881291449,0.5849838400578442,0.5927222293769457,0.0009825624352307665,0.0007836283009454253,2.7976872933031545,32
2026-03-04,0.6364857720056762,0.77771770463961,0.36351422799432376,0.6222723281921939,0.0006784892910664687,0.0005808831413692016,0.18629482046219548,32
2026-03-05,0.7465586711252286,0.7756549939135869,0.2534413288747716,0.2534625030100966,0.0005273309194654225,0.00048011650666443485,1.9158758699359477,32
2026-03-06,0.6589109800086911,0.7776170588831302,0.3410890199913087,0.6039371198219331,0.0006476953659659658,0.0005603539033724452,0.8105835867007665,32
2026-03-07,0.40319573800681147,0.7778144219685583,0.5968042619931886,0.6395744578349295,0.0009987893162516392,0.0007944493490757321,2.5465611249862605,32
2026-03-08,0.5850042918491887,0.7779225596169849,0.4149957081508114,0.6585036795037871,0.0007491796203400354,0.0006280120490883953,2.454253472499448,32
2026-03-09,0.630881807361176,0.7780096631190047,0.36911819263882395,0.6733998748616182,0.0006861844310854892,0.0005860133111271314,1.199867087709204,32
2026-03-10,0.45285690198956385,0.7777902572551886,0.5471430980104363,0.6352828911297022,0.0009306137113928558,0.0007489868563995976,2.267655660361268,32
2026-03-11,0.588109161797761,0.7775484814418261,0.41189083820223904,0.5912744140755116,0.0007449163824156844,0.000625169684633419,3.0067914991679965,32
2026-03-12,0.7092904857721324,0.777354967542926,0.29070951422786767,0.5549518054186376,0.0005785119871923474,0.0005142338021079406,3.1569108931323093,32
2026-03-13,0.739330957204104,0.7772007450809528,0.26066904279589603,0.5255742763768319,0.000537257050657264,0.00048673314358656645,3.1354761403735627,32
2026-03-14,0.7379181498660682,0.7774292172783673,0.2620818501339319,0.5689774671505407,0.0005391973096653363,0.00048802650318805613,3.186909093996385,32
2026-03-15,0.7270975081667337,0.7780948999036726,0.27290249183326626,0.6876499211092042,0.00055405757421314,0.0004979322988753645,2.1109002603932705,32
2026-03-16,0.6639958584088232,0.777663442582955,0.33600414159117675,0.6124261328805218,0.0006407127777320454,0.0005556989329995132,1.6681274715147838,32
2026-03-17,0.5314869836601318,0.7781755632732611,0.4685130163398682,0.7008202992512528,0.0008226606796906691,0.0006770046629634232,2.8535160907631907,32
2026-03-18,0.6626585124584389,0.7779116666505835,0.3373414875415612,0.6566181298716823,0.0006425492341268927,0.0005569232111999985,0.834121669971979,32
2026-03-19,0.43447689891230346,0.7776561527821544,0.5655231010876965,0.611096259542448,0.0009558465423465325,0.0007658128968761656,2.2946099450638697,32
2026-03-20,0.5684717981706396,0.7777765458356094,0.43152820182936025,0.6328382917385182,0.0007718798011635482,0.000643146780385477,2.9249461341408862,32
2026-03-21,0.678221648446161,0.7778940926395893,0.32177835155383905,0.6535658260648874,0.0006211775997069239,0.0005426758819165924,2.8265642411781187,32
2026-03-22,0.6963879559582072,0.777972697141862,0.30361204404179265,0.6671180650362588,0.0005962307204254182,0.0005260454698202176,1.82903771278498,32
2026-03-23,0.6655364418995098,0.7770798448881434,0.3344635581004902,0.502419566382103,0.0006385972298653165,0.0005542886002556687,0.8883768751994428,32
2026-03-24,0.3448865355241464,0.7782685763435129,0.6551134644758536,0.7156080521797972,0.0010788318044096517,0.0008478287199607976,2.8209372617431483,32
2026-03-25,0.5824571904454064,0.7782883541211948,0.4175428095545936,0.7186956271809656,0.0007526769848100795,0.0006303438023061619,2.881011074218671,32
2026-03-26,0.7058766095805843,0.7772262333154577,0.29412339041941565,0.5304462360537635,0.0005832002082364916,0.0005173590474487342,0.8606249882768396,32
2026-03-27,0.38942820095235103,0.7782321540580791,0.610571799047649,0.7098694898958455,0.001017688869683736,0.0008070528908035135,1.406575320906844,32
2026-03-28,0.34648720301676783,0.7780463869628917,0.6535127969832322,0.6795802608426352,0.0010766346045218659,0.0008463633830994728,2.8241505957169486,32
2026-03-29,0.5870240866006089,0.7782244772208068,0.412975913399391,0.7086513411017106,0.0007464062803858499,0.0006261630206579373,2.9911433905398446,32
2026-03-30,0.6929864045990608,0.7777732015584234,0.3070135954009391,0.6322410157141528,0.0006009019424492086,0.0005291594323484901,2.922328500539415,32
2026-03-31,0.6978608795435401,0.7782683181053391,0.30213912045645985,0.7155676042438188,0.0005942080040728234,0.0005246970765821141,2.0023702776983248,32
2026-04-01,0.6240844953829354,0.7779166365569133,0.3759155046170646,0.6574790191252525,0.0006955181572697642,0.0005922359350296942,3.1023124287232156,32
2026-04-02,0.7163758319643223,0.7774906622375722,0.28362416803567747,0.5805047235857411,0.0005687817333423775,0.0005077474962395924,2.404348384586259,32
2026-04-03,0.6777119821588024,0.7779099174037423,0.32228801784119765,0.6563148823874548,0.0006218774908885944,0.0005431424577677819,3.154605485577942,32
2026-04-04,0.7177931942277253,0.7778974075121853,0.2822068057722747,0.6541425264199334,0.0005668352700635977,0.0005064499668151561,3.1060627000809036,32
2026-04-05,0.7239937562445993,0.7778523049982498,0.27600624375540067,0.6462581422275172,0.0005583200000491332,0.0005007736398289833,1.9324228646159114,32
2026-04-06,0.6264614012848451,0.7779551841730716,0.37353859871515505,0.6641212273443104,0.000692254318700564,0.0005900599879013717,3.0918029025075864,32
2026-04-07,0.7022523989439433,0.7779586647932158,0.2977476010560567,0.6647178840584603,0.0005881772568007472,0.0005206768442201164,0.45392647584001455,32
2026-04-08,0.33546293462877547,0.7780360828802522,0.6645370653712245,0.6778523061984978,0.0010917672801187155,0.0008564555895774141,2.4962467673400566,32
2026-04-09,0.574819944704101,0.7776761684337997,0.425180055295899,0.6147437548653727,0.000763163440447097,0.0006373353466183437,2.8591730695632234,32
2026-04-10,0.6906945513598073,0.7775036551191475,0.3093054486401927,0.5829317442175652,0.0006040492470167708,0.0005312575177083205,2.5830297825661783,32
2026-04-11,0.6992555835402254,0.7774736773901828,0.3007444164597747,0.5773263064551886,0.0005922927006951365,0.0005234202897501201,3.1620437303912388,32
2026-04-12,0.7268886163704057,0.7776856448051994,0.2731113836295944,0.6164662773589022,0.000554344448739475,0.0004981235296279093,0.9962579222928494,32
2026-04-13,0.47732110084471446,0.7779254121432211,0.5226788991552855,0.6589966327027277,0.0008970273655877767,0.0007265910168323642,0.7572982130242982,32
2026-04-14,0.46542844015180224,0.7772509480683539,0.5345715598481978,0.5351652013640298,0.0009133546560184432,0.0007374781961952775,2.872620584095232,32
2026-04-15,0.6875962608724202,0.7771745960226316,0.3124037391275798,0.5205713602713058,0.0006083039835589906,0.0005340938589716926,3.0213230334162007,32
2026-04-16,0.7333253115460744,0.7771254177760222,0.2666746884539256,0.511153178411641,0.0005455047962026411,0.0004922310336851242,3.1566522302713356,32
2026-04-17,0.735392990474415,0.777543918291096,0.2646070095255849,0.590427420963792,0.0005426651933256016,0.0004903381695112411,1.6806987681931682,32
2026-04-18,0.5961811116054777,0.7779909602567429,0.4038188883945223,0.6702291110347499,0.0007338328659181773,0.0006177801889070825,2.4150614202082945,32
2026-04-19,0.6410320586588707,0.7778165471336245,0.3589679413411293,0.6399508422292512,0.0006722464734714971,0.0005767212267643356,1.797906309186445,32
2026-04-20,0.5462300863495421,0.7781941805414259,0.45376991365045805,0.7038149601216427,0.0008024183842253724,0.0006635080361370041,1.878518427267077,32
2026-04-21,0.5836960466659329,0.7773627639618165,0.41630395333406706,0.5564288996086361,0.0007509759421020411,0.0006292096868860717,3.0434752146181965,32
2026-04-22,0.7058554222829854,0.7845801826174063,0.2941445777170145,0.6164359742753808,0.0005906254159855045,0.0003846082661784887,1.5367443605128233,33
2026-04-23,0.5962639554328799,0.7851093624733448,0.40373604456712003,0.5932051018357581,0.0007415879490011583,0.0004637812274932982,3.0665365256033956,33
2026-04-24,0.7111085940235531,0.7848602323427218,0.288891405976447,0.6042059137466552,0.0005833888432642122,0.00038081317907043077,2.914690193964348,33
2026-04-25,0.7088744541093148,0.7824962485839159,0.29112554589068523,0.7017443181105908,0.0005864665142885112,0.0003824272050350963,3.1547896989715225,33
2026-04-26,0.7453761125673818,0.7862783133873018,0.2546238874326182,0.5403774627143837,0.0005361824858095545,0.0003560570461523826,2.875271453454565,33
2026-04-27,0.7240468500978045,0.7839132831582855,0.27595314990219555,0.6449053286884678,0.0005655654632385642,0.0003714661005332953,2.5325591751155185,33
2026-04-28,0.6716295457234553,0.7807874524660994,0.32837045427654465,0.7624590324033341,0.0006377729969687698,0.00040933431537463116,2.7649366068796466,33
2026-04-29,0.6951332973348212,0.783434503310716,0.30486670266517885,0.6647047423905146,0.0006053957245001595,0.00039235432897090177,3.0460519549264826,33
2026-04-30,0.7239217532110827,0.7841481439669316,0.27607824678891724,0.6349913459638497,0.0005657377940506184,0.0003715564751879804,3.07768852759157,33
2026-05-01,0.7243408249509762,0.7830702783370768,0.2756591750490238,0.6793720408938907,0.0005651604896653462,0.00037125372213973364,1.9598888867273088,33
2026-05-02,0.6570274003354523,0.7849383363565745,0.3429725996645478,0.6007688472113762,0.0006578876927834755,0.00041988344958321746,3.002685636951794,33
2026-05-03,0.7159640716395267,0.7845040745404082,0.28403592836047337,0.6197331247442265,0.0005767000934632371,0.0003773054010243516,3.1691879899227735,33
2026-05-04,0.7350160424934116,0.7843684472886041,0.2649839575065884,0.6255792232983259,0.000550454473443796,0.0003635415470059668,2.6778976267668644,33
2026-05-05,0.7260502283921564,0.7858375577071168,0.27394977160784345,0.5604942049334238,0.0005628056496590988,0.0003700187853658232,2.7405623307988387,33
2026-05-06,0.7231657675606454,0.7853532579640994,0.2768342324393546,0.5823349418961474,0.0005667792234655831,0.00037210262740563897,3.1148600947210796,33
2026-05-07,0.729120916031682,0.7835891462005832,0.2708790839683181,0.658372190653819,0.0005585755240951839,0.00036780040613720573,2.4902468154199333,33
2026-05-08,0.709351421772611,0.7852682419657818,0.2906485782273892,0.5861346966359845,0.0005858094611781711,0.0003820826258133746,3.1546115445462974,33
2026-05-09,0.7365363655068534,0.7849103518403483,0.2634636344931465,0.6020016063192773,0.0005483600900635942,0.0003624432089821325,3.1053812902362274,33
2026-05-10,0.7388627410769365,0.7848546904603095,0.2611372589230635,0.604449370586381,0.0005451552912229795,0.0003607625485410617,2.323744647371083,33
2026-05-11,0.6896123953059988,0.7843555555412438,0.31038760469400123,0.6261329005208569,0.000613001019607923,0.00039634283442040603,3.0409047653350236,33
2026-05-12,0.716266557499853,0.7832465784521927,0.283733442500147,0.6723166438574254,0.0005762833978563604,0.0003770868739619239,2.6564154932526156,33
2026-05-13,0.6984293645501871,0.7832385721896833,0.3015706354498129,0.6726388633801323,0.0006008552259592292,0.0003899731271343563,2.5952771353086934,33
2026-05-14,0.6930878547762552,0.7837656415949302,0.30691214522374466,0.6510712026057273,0.0006082134189070566,0.000393832032931033,1.9908168100201091,33
2026-05-15,0.6385464815671154,0.7844605612325906,0.36145351843288465,0.621612898380676,0.0006833451437230047,0.000433234754285699,1.7360566302279874,33
2026-05-16,0.5707285893227324,0.784101653444236,0.42927141067726765,0.6369638565845754,0.0007767611819137181,0.00048222892795124917,2.757122848551637,33
2026-05-17,0.6790782908262006,0.7845416403627041,0.3209217091737996,0.6181071649880097,0.0006275121421603444,0.00040395306421690987,2.9622002296013776,33
2026-05-18,0.7151904830372434,0.7840508660846263,0.2848095169627567,0.6391130665870961,0.000577765765889494,0.0003778642702706765,3.0555166672552825,33
2026-05-19,0.7168703768907605,0.7822774640480654,0.2831296231092395,0.7100202205832308,0.0005754515937724894,0.0003766506523230363,3.1586834529728405,33
2026-05-20,0.7308162590591494,0.7837100125791054,0.2691837409408506,0.6533807009151484,0.0005562400449871151,0.0003665756271303456,3.0438583440275075,33
2026-05-21,0.7245023988771642,0.7831356426312288,0.27549760112283594,0.6767660279655237,0.0005649379087853344,0.0003711369951118433,3.1663400521930396,33
2026-05-22,0.7342087993476715,0.7840028163181861,0.26579120065232853,0.6411409766822789,0.0005515665233979127,0.00036412472954915466,1.6633263385311206,33
2026-05-23,0.6120375949072577,0.7838918651356485,0.38796240509274227,0.6458030345906766,0.0007198604916111884,0.00045238576228242753,2.6779085951628887,33
