time,xi0,pstay0,xi1,pstay1,h,m,logscore,window
2018-01-31,0.0523310460583754,0.607690437186214,0.9476689539416248,0.9494686474390772,0.0027987465730715823,0.0033010880530157933,2.3253154722232185,0
2018-02-01,0.15612026573808277,0.6862644882068154,0.8438797342619172,0.919339843517494,0.0025329885050178204,0.0030635316139795417,-0.621147774756279,0
2018-02-02,0.0649143814607219,0.6357847453545418,0.9350856185392782,0.9404870601335843,0.0027665322554923603,0.0032722868696308033,1.8426806606475317,0
2018-02-03,0.07466535804366287,0.6315448349736267,0.9253346419563371,0.9419508104039458,0.002741567855934755,0.003249968489347015,1.745283119718896,0
2018-02-04,0.06773753106426218,0.6295934724713281,0.9322624689357377,0.9426107543706326,0.002759304545014744,0.003265825144908782,-0.38974938667356185,0
2018-02-05,0.04426032287685774,0.5763506450913566,0.9557396771231421,0.9577644018179037,0.002819407379029691,0.003319560609851322,-2.6758229098685007,0
2018-02-06,0.02297891194259508,0.46034114209807436,0.9770210880574048,0.9780651308533495,0.0028738838715486525,0.0033682702563330273,-0.7657798040820072,0
2018-02-07,0.018631790798707443,0.42810110766579756,0.9813682092012925,0.9817778951694749,0.002885011117399494,0.003378220101048962,2.1350563840654857,0
2018-02-08,0.028628776426481324,0.4290122057196011,0.9713712235735186,0.9816812318877444,0.0028594217216930456,0.0033553386465572594,0.7176081034099563,0
2018-02-09,0.018250986658574126,0.4212857431768283,0.9817490133414258,0.9824868852496665,0.002885985845304747,0.0033790916990413112,1.4258499565710185,0
2018-02-10,0.02060254528333786,0.44155340669935,0.9793974547166621,0.9803036919302973,0.0028799666380113264,0.003373709368440814,2.130869557593802,0
2018-02-11,0.03105156009906687,0.4412246320590792,0.9689484399009333,0.9803409523596698,0.002853219937644431,0.0033497932935466997,1.2189627270896333,0
2018-02-12,0.023776171158872515,0.46130612324969167,0.9762238288411276,0.977944109337059,0.0028718431203442808,0.003366445461224324,0.06288589707395545,0
2018-02-13,0.020202791249344335,0.44167414874568567,0.9797972087506556,0.9802899921828615,0.0028809898793558785,0.003374624339620855,1.4678126828286102,0
2018-02-14,0.0210772347228941,0.44067922551452304,0.9789227652771058,0.980402624509245,0.002878751584032231,0.003372622882452605,-0.2370544519566384,0
2018-02-15,0.01982742042399106,0.4391075045648946,0.9801725795760091,0.9805793793319679,0.002881950706029398,0.0033754835016500547,1.032807692218978,0
2018-02-16,0.03204248782138681,0.5231624351809515,0.9679575121786133,0.9687175546422955,0.0028506833666966163,0.0033475252231075624,2.304154235939971,0
2018-02-17,0.08897052630724722,0.5836333585811563,0.9110294736927528,0.9559774018977225,0.0027049420357087703,0.003217226313974673,0.35722757659053167,0
2018-02-18,0.03976148009851881,0.5532561695339729,0.9602385199014812,0.962940478584392,0.002830923983512576,0.00332985772041352,1.0045440684087983,0
2018-02-19,0.04114405879987213,0.5623232652193783,0.9588559412001278,0.9609926364879673,0.002827384737686369,0.0033266932253532967,1.0648276377239068,0
2018-02-20,0.03957730666034382,0.556776260758829,0.9604226933396562,0.9621966060553867,0.0028313954452685837,0.0033302792630965938,2.3010967229906893,0
2018-02-21,0.08627104071404573,0.5573548935150137,0.9137289592859543,0.9620728484697322,0.002711853749020076,0.003223404992133442,0.5203746716522173,0
2018-02-22,0.039237711700084506,0.5469987495612759,0.9607622882999157,0.9642255755946258,0.002832264766416445,0.0033310565400596816,1.0588503421818525,0
2018-02-23,0.043373814625267564,0.5716625389254472,0.9566261853747325,0.958873684826974,0.002821676771600624,0.003321589681310516,2.0040854434602764,0
2018-02-24,0.053817002918077686,0.5768993599195503,0.9461829970819223,0.9576325000253306,0.0027949424942958065,0.0032976869423682544,1.3344687181170043,0
2018-02-25,0.05946673480862592,0.6216671748380623,0.940533265191374,0.9452058735491222,0.0027804788583788874,0.003284755636076811,2.2763700566270675,0
2018-02-26,0.13811754864668666,0.6470400635122731,0.8618824513533133,0.936393094209755,0.002579093553848648,0.00310473686996284,0.7275333186890339,0
2018-02-27,0.05932660102281222,0.6170835452879171,0.9406733989771879,0.946646398972758,0.002780837612908961,0.003285076379245026,1.8985329398348865,0
2018-02-28,0.07856381457243443,0.6537851597294952,0.9214361854275658,0.9337850948949619,0.0027315867690319217,0.003241045564080109,1.7170832077119242,0
2018-03-01,0.08849567531014581,0.6700296701519293,0.9115043246898542,0.9269784001271454,0.0027061578410107054,0.0032183131697415086,1.19021095297143,0
2018-03-02,0.08067289136540039,0.6749269091350645,0.9193271086345995,0.924767984669599,0.0027261869044014246,0.003236218234477504,2.3796848849082037,0
2018-03-03,0.19107647240209796,0.6750924449396088,0.808923527597902,0.9246919018565262,0.0024434557860660766,0.002983522611089405,1.6966171382616722,0
2018-03-04,0.12634461883815118,0.705694192888768,0.8736553811618489,0.908906909807059,0.0026092422497472215,0.003131683168344985,2.527817324725667,0
2018-03-05,0.31771605660523516,0.7347554839201809,0.682283943394765,0.8900546484185198,0.0021189888321107896,0.002693665449072311,2.7423446174334583,0
2018-03-06,0.4795605648872631,0.7419349100309693,0.5204394351127368,0.8846748808984368,0.0017040777246952726,0.002323230010943964,-0.15885945197902018,0
2018-03-07,0.1275447654331981,0.7074674007384976,0.872455234566802,0.9078759227474099,0.002606168921975732,0.0031289362303458306,0.3904144137508444,0
2018-03-08,0.076633324272178,0.6647039678825503,0.923366675727822,0.9292961812344368,0.0027365293582079114,0.003245464138598138,0.9469085933139062,0
2018-03-09,0.08033591092578965,0.6756019586261085,0.9196640890742103,0.9244571509809726,0.002727049677801194,0.003236989527233205,2.365307546089025,0
2018-03-10,0.19990681849908645,0.6832724836856164,0.8000931815009136,0.9208162589507083,0.0024208367499318757,0.0029633114024423825,0.9823601128653675,0
2018-03-11,0.08927084673965775,0.669578833447473,0.9107291532603422,0.9271780234510386,0.0027041730960722238,0.0032165389299408263,0.5128909039379709,0
2018-03-12,0.0678646565788766,0.6495865617082942,0.9321353434211235,0.9354226470974175,0.0027589790815820588,0.0032655341755320434,1.5631420796888476,0
2018-03-13,0.07014957244772034,0.6402606949857845,0.9298504275522796,0.9388961365968238,0.002753129270592068,0.003260304379229739,2.4206925729438327,0
2018-03-14,0.1873545004126133,0.6487847738049893,0.8126454995873867,0.9357300267905792,0.002452989416656722,0.0029920415922971184,-0.7225952677582145,0
2018-03-15,0.05038344350243999,0.5841452978361927,0.9496165564975599,0.9558487711479797,0.0028037324388732543,0.003305545794670212,2.360134626390403,0
2018-03-16,0.12178324162325552,0.5842136450202429,0.8782167583767443,0.9558315675616733,0.0026209228578459635,0.0031421234099386266,2.322647472541311,0
2018-03-17,0.16814221070220375,0.6143402418238181,0.8318577892977963,0.9474883259368388,0.002502198352665374,0.003036015360896807,0.8098705756386227,0
2018-03-18,0.06653735594095063,0.6253556105605251,0.9334626440590496,0.9440150394318217,0.0027623771937724537,0.003268572148204439,1.761067969141178,0
2018-03-19,0.06967878335553938,0.6377991475668406,0.9303212166444607,0.9397769747278389,0.002754334582991668,0.0032613819379648445,1.6738974137836193,0
2018-03-20,0.064810477876868,0.62759255838859,0.9351895221231319,0.9432786751620458,0.00276679826354333,0.003272524687830608,1.6903134930263268,0
2018-03-21,0.06706029026756402,0.6351757625642696,0.9329397097324359,0.9406998523256053,0.0027610383964160414,0.0032673752376113784,2.397135214647708,0
2018-03-22,0.19446390247895248,0.6773766135439259,0.8055360975210474,0.923632730235182,0.002434778940385525,0.002975769341250541,2.0448502908766506,0
2018-03-23,0.19020136769579526,0.6861495814498281,0.8097986323042049,0.9193971467969769,0.0024456973326436597,0.002985525581710581,2.568673391627955,0
2018-03-24,0.32807345357252504,0.6857900918594158,0.671926546427475,0.9195761089308727,0.0020924444112985097,0.002669959072352,2.065041975073765,0
2018-03-25,0.37095835441106473,0.7959408845717689,0.6290416455889354,0.8313966121580326,0.001982525022355116,0.002571802593643855,1.9928421191192949,0
2018-03-26,0.37358713930789567,0.791354171541792,0.6264128606921043,0.8370075067902859,0.001975786489585898,0.002565785737740991,1.4990451897919577,0
2018-03-27,0.25345390545974333,0.7807183258356131,0.7465460945402568,0.8491244850113719,0.00228365775418488,0.002840750934810067,1.3196089129733857,0
2018-03-28,0.2188233239892557,0.8052457238378862,0.7811766760107444,0.8192264922631701,0.0023723791473385125,0.002920014635233592,2.426174036330127,0
2018-03-29,0.4290096077284159,0.8233014753890099,0.5709903922715841,0.7921703511732917,0.0018337016700935493,0.002438932830654803,-1.1032283333381718,0
2018-03-30,0.11633362768876003,0.7104485284527096,0.88366637231124,0.9061104865029812,0.002634877744273614,0.003154596679170212,1.509027270724874,0
2018-03-31,0.11129705758832376,0.7114722949381453,0.8887029424116762,0.9054947322060699,0.002647774668123491,0.0031661245590570474,2.312147125704024,0
2018-04-01,0.20977219546731013,0.7100282028539537,0.7902278045326897,0.9063618806920826,0.002395565503719608,0.0029407311785082033,2.11525474046673,0
2018-04-02,0.23338221105935586,0.710665819990116,0.7666177889406443,0.9059802037006439,0.0023350817161810413,0.0028866917392779525,1.7586584775108611,0
2018-04-03,0.14478815694298425,0.701897176533195,0.8552118430570157,0.9110679677339177,0.0025620104885297353,0.0030894689456257615,1.2676898982631681,0
2018-04-04,0.08960331441879911,0.6819532133660977,0.9103966855812009,0.9214570338198218,0.0027033218456084915,0.003215777966150991,-0.05434326487075905,0
2018-04-05,0.06082595656376554,0.6303027746144636,0.9391740434362345,0.9423718565665997,0.002776999123243491,0.003281644601221669,2.3992696582607067,0
2018-04-06,0.16607031518033444,0.6366007501186226,0.8339296848196655,0.9402005684338461,0.0025075049213888656,0.0030407575886903034,1.7932757062518507,0
2018-04-07,0.10910021341023288,0.6425195146063732,0.8908997865897671,0.9380748874168023,0.0026533999472772678,0.003171152773756756,1.6583085866846625,0
2018-04-08,0.07232042288054323,0.6331538624326135,0.9276795771194568,0.9414001818117742,0.0027475714377293617,0.0032553356599341015,2.1921046939817117,0
2018-04-09,0.152040485810598,0.7184965654812159,0.8479595141894021,0.9011343530689995,0.002543437139464649,0.003072869558658341,1.47538373106325,0
2018-04-10,0.12148651275362074,0.7184427591949074,0.8785134872463793,0.9011686776403348,0.0026216827027409294,0.0031428025734764903,2.354086307187613,0
2018-04-11,0.23743624555564974,0.7187357841840828,0.7625637544443503,0.9009815716835191,0.002324695563242812,0.002877412721653177,2.194461915110717,0
2018-04-12,0.2582083799727233,0.7182739207617359,0.7417916200272767,0.9012762897833291,0.002271476105574572,0.002829868725286981,-1.2470503782984603,0
2018-04-13,0.05950036982430438,0.6106803290871791,0.9404996301756957,0.9485886733353411,0.0027803927498186685,0.003284678651062605,2.397576558666617,0
2018-04-14,0.16044782086521786,0.6268371046129457,0.8395521791347822,0.9435285695385718,0.002521905108365409,0.003053626552655179,2.4152665393732464,0
2018-04-15,0.25705688572414315,0.6796368274360348,0.7429431142758568,0.9225672844007938,0.002274426421453133,0.0028325043060737675,1.5139305584113925,0
2018-04-16,0.11000953489185847,0.667459585245918,0.8899904651081416,0.9281078561092467,0.0026510715282880857,0.003169071486569313,1.6151355509594751,0
2018-04-17,0.08886607961487639,0.663875622276827,0.9111339203851236,0.9296488942626646,0.0027052094605207,0.003217465375260473,2.035141784884893,0
2018-04-18,0.12035214173250805,0.672882526287312,0.879647858267492,0.9257001828849234,0.002624587521226866,0.0031453989620142697,1.815290971312629,0
2018-04-19,0.09523471991572068,0.6667647281889236,0.9047652800842793,0.9284096941449062,0.002688903015336711,0.00320288860595784,2.293005477017809,0
2018-04-20,0.17204143001909228,0.6768190749970516,0.8279585699809078,0.923892876451293,0.0024922114938836113,0.003027090689733464,0.8504254236975224,0
2018-04-21,0.07276633030665527,0.6476210542437949,0.927233669693345,0.9361731692782205,0.0027464298149906478,0.003254315051236842,2.42446882071665,0
2018-04-22,0.19024668269704675,0.6498131210732235,0.8097533173029532,0.9353354850025208,0.00244558126023215,0.002985421863132047,2.4803661871985443,0
2018-04-23,0.4101988201164751,0.7991853307397969,0.5898011798835249,0.8272767305535741,0.001881929895898678,0.002481987627042617,2.4331485135154405,0
2018-04-24,0.5009408754240429,0.7965013718922401,0.49905912457595725,0.8306940164479469,0.0016492457761284555,0.0022742939995520255,0.02193184907969381,0
2018-04-25,0.143174400810878,0.7321864008587163,0.8568255991891222,0.8919037416838925,0.002566143273032268,0.003093162567770713,0.02027313461636296,0
2018-04-26,0.08537774740761143,0.6837753729451442,0.9146222525923886,0.9205703693243399,0.0027141409039747807,0.0032254495934662805,1.5659829812346187,0
2018-04-27,0.08557145564075859,0.6782170205299866,0.9144285443592415,0.9232386082630252,0.0027136449413297688,0.0032250062272070443,1.765014068409129,0
2018-04-28,0.09425081378150152,0.6740721235441597,0.9057491862184986,0.9251594174492535,0.002691422263943936,0.003205140605137643,1.7108118427186585,0
2018-04-29,0.086912576442818,0.671377675360042,0.913087423557182,0.9263776787998834,0.0027102111796444587,0.003221936622453893,2.4257106221986886,0
2018-04-30,0.21127728778769408,0.6724194721354652,0.7887227122123059,0.925909432113711,0.002391709954844423,0.0029372862699410655,2.0829351663159428,0
2018-05-01,0.22104606765570828,0.7038087895375384,0.7789539323442918,0.9099878297523474,0.00236668499385452,0.0029149271408683555,2.1181272595954814,0
2018-05-02,0.19854568679867513,0.857100461315602,0.801454313201325,0.9534516934225107,0.0023671213507878387,0.0033649449464294785,2.318834429322108,1
2018-05-03,0.28718663053259097,0.8565761067037192,0.712813369467409,0.9538950691853365,0.0021583184406574777,0.003144212955810353,1.0384506804236184,1
2018-05-04,0.07318754380896102,0.846783838431499,0.9268124561910388,0.9612715456870874,0.0026622490696905387,0.0036771094076461647,2.3224471454281685,1
2018-05-05,0.20466520451917752,0.8666208869144771,0.7953347954808225,0.9443701357775817,0.002352709325374134,0.0033497062398997928,2.4704522934229534,1
2018-05-06,0.41278309958518467,0.8984284850731026,0.5872169004148154,0.8916377575993597,0.0018622961155238993,0.0028314550195689225,1.93950647604259,1
2018-05-07,0.41657639379984546,0.9074314145268628,0.5834236062001545,0.8660263789116417,0.0018533525358275069,0.002822009030528919,1.6697805449982115,1
2018-05-08,0.34174942848239687,0.9088462675233508,0.6582505715176032,0.8613388017913188,0.002029741675128683,0.0030083417150735337,2.2768110042763396,1
2018-05-09,0.4992088129833356,0.9175875501774233,0.5007911870166645,0.8273993313444014,0.0016584829659659062,0.002616239353360344,2.8346081858314474,1
2018-05-10,0.7155227693847523,0.9173052061390224,0.28447723061524777,0.8286456224950342,0.0011479552179505417,0.002077578457121327,1.4089090110385067,1
2018-05-11,0.568390651505427,0.9142995997305206,0.43160934849457305,0.8412528003132048,0.0014952683715388473,0.0024439640560946483,-0.03275247499184042,1
2018-05-12,0.17152161527791987,0.8884937001379836,0.8284783847220801,0.9131541178781509,0.0024307599633442995,0.0034322397748703395,2.4995404199350912,1
2018-05-13,0.38659604390036506,0.8891857641437543,0.6134039560996349,0.9118411208950339,0.0019240333652731426,0.0028966655271094955,1.9538982470897228,1
2018-05-14,0.3599264579066286,0.9031758532532939,0.6400735420933715,0.8789825242296927,0.001986899462219982,0.002963077622439354,2.8089530903436497,1
2018-05-15,0.6280639836297255,0.9033036362640136,0.37193601637027457,0.8786169197905511,0.0013544386746482285,0.0022953666604462897,1.859899141479989,1
2018-05-16,0.5627420090957845,0.9013671292046507,0.4372579909042154,0.8840124447085376,0.0015085969395039417,0.0024580301978893333,2.0070269848573172,1
2018-05-17,0.5460631192224671,0.9017171736121369,0.4539368807775329,0.8830597675861983,0.0015479502313303067,0.0024995636519340686,1.2893495339593115,1
2018-05-18,0.32957061500268714,0.899454013666662,0.6704293849973129,0.8890503607463229,0.002058444145542341,0.003038669164551339,2.0482495521613022,1
2018-05-19,0.33623967780314307,0.8977886515287163,0.663760322196857,0.8932136282170009,0.0020427270313068515,0.003022061991325302,2.8322953465582357,1
2018-05-20,0.6136114692075856,0.8981863584075228,0.3863885307924145,0.8922375232594884,0.0013885508147042864,0.0023313560367262485,1.4085826686636485,1
2018-05-21,0.3839397610291023,0.896327634211649,0.6160602389708977,0.8967051846895403,0.0019302952054596684,0.002903280152147575,2.314646595541169,1
2018-05-22,0.5666194602060171,0.9265366506830317,0.43338053979398294,0.7815379550591722,0.0014994477269411122,0.0024483746429500818,0.7555804027314458,1
2018-05-23,0.2812259543652611,0.9111233955033347,0.7187740456347387,0.8533581195796541,0.002172362485858584,0.003159056118128211,0.6616064857002942,1
2018-05-24,0.12672069935237582,0.8927545492418565,0.873279300647624,0.9046564598344005,0.0025362410673786676,0.0035438021628283276,2.445318227599505,1
2018-05-25,0.3347864389336497,0.8925360855765422,0.6652135610663503,0.9051170969064465,0.002046151955538321,0.003025680819092651,1.9828131619557796,1
2018-05-26,0.3376967826981023,0.8927901592330768,0.6623032173018978,0.9045811072940352,0.0020392929695140474,0.003018433536454935,2.288910932172506,1
2018-05-27,0.44767231852886535,0.8937047555254668,0.5523276814711346,0.9026197128425894,0.001780029881464077,0.0027445745507451392,2.9879664609220336,1
2018-05-28,0.6965108039478282,0.8996035543697675,0.30348919605217184,0.8886666036475078,0.001192849073375954,0.0021249216915195475,1.230129088913967,1
2018-05-29,0.46845128903298655,0.8970345504717905,0.5315487109670135,0.8950340530091893,0.0017310274114003391,0.0026928311539672484,1.1238562211157173,1
2018-05-30,0.184357260182327,0.8862836244321428,0.8156427398176729,0.9171845184743526,0.0024005346098566922,0.0034002766962829213,2.314564166343371,1
2018-05-31,0.3368585122525555,0.8910656952537013,0.6631414877474445,0.9081453343762614,0.0020412685837654467,0.003020520981560192,2.4222184423318844,1
2018-06-01,0.47065843006557867,0.8909775570952525,0.5293415699344213,0.9083229410857361,0.0017258220572948964,0.0026873349733854655,2.9461650040373613,1
2018-06-02,0.7007268188375121,0.9025641074894608,0.29927318116248786,0.8807138156234903,0.0011828939843356436,0.00211442305150198,2.5053613822937426,1
2018-06-03,0.7740659883914485,0.9267151923354184,0.2259340116085517,0.7804835271584794,0.001009686184530933,0.0019317952476443387,3.078151049716241,1
2018-06-04,0.8587854504542203,0.9265691957272038,0.1412145495457798,0.781346199243086,0.0008095180961779796,0.0017208284560290327,1.2427124138438934,1
2018-06-05,0.7316367328374613,0.9234719777100848,0.2683632671625387,0.7987309531619257,0.0011099010421393117,0.002037451772094627,2.4383965768266265,1
2018-06-06,0.7739689895715121,0.9227904924272543,0.2260310104284879,0.8023312200212159,0.001009915314247038,0.0019320367922591665,3.2430823001990943,1
2018-06-07,0.8632408651278898,0.9226105944117434,0.13675913487211022,0.8032686700582227,0.0007989887497692757,0.0017097336672268633,3.3886313332564613,1
2018-06-08,0.9009347117651616,0.9303512271586585,0.09906528823483846,0.7576469453270739,0.0007098981729497131,0.0016158691679124962,3.1693134168114705,1
2018-06-09,0.9340337819169413,0.9526254733214622,0.06596621808305872,0.544758139424709,0.0006316529629487247,0.0015334464935310528,2.9566759394646307,1
2018-06-10,0.9383296376917217,0.9531039064184633,0.061670362308278326,0.5385494216792579,0.0006214966924768675,0.0015227490352613577,-2.7567588180096507,1
2018-06-11,0.4759340520964509,0.8731902190801187,0.524065947903549,0.9367600929223472,0.0017133797073578339,0.0026741977198367645,2.4185835310023074,1
2018-06-12,0.5380873630841323,0.8723792678091297,0.4619126369158676,0.9377683317600629,0.001566767546129825,0.0025194247280344315,0.7801340088125267,1
2018-06-13,0.1808362754135979,0.864578568859036,0.819163724586402,0.946496150536545,0.002408826021817183,0.0034090445855246487,1.610517335454117,1
2018-06-14,0.101726751845174,0.8606908619094891,0.898273248154826,0.9502655340792914,0.0025950770196450355,0.003606041615098326,1.454607259123311,1
2018-06-15,0.057928073588020344,0.8550251504792631,0.9420719264119797,0.9551754860585298,0.0026981607746680465,0.0037151082498941943,1.678223921165903,1
2018-06-16,0.05669469676825055,0.8519010121203104,0.9433053032317494,0.9576205689353273,0.0027010632830123736,0.0037181795813708593,2.2202935672113853,1
2018-06-17,0.1149535034908842,0.8512940619241551,0.8850464965091157,0.9580758002033457,0.002563942105653876,0.0035731046099492557,2.3559786743141973,1
2018-06-18,0.24694347904450634,0.8511575248170714,0.7530565209554937,0.9581773512864344,0.002253127423461606,0.003244425685532827,1.6205118614285716,1
2018-06-19,0.10103325004720567,0.8467194296980753,0.8989667499527942,0.9613149048397357,0.0025967094179557676,0.0036077685600733587,2.443313399980754,1
2018-06-20,0.261668271148016,0.8468945341457842,0.7383317288519841,0.9611968827638182,0.002218439563751651,0.0032077582885541005,2.7292985948481414,1
2018-06-21,0.5421377701877379,0.8964058357748362,0.457862229812262,0.896521976728947,0.0015572114616818648,0.0025093384813730637,2.9259457355813803,1
2018-06-22,0.7222109524635905,0.8975118138533432,0.27778904753640954,0.8938865111288804,0.0011321610282575534,0.0020609236709420563,-1.4784511440338026,1
2018-06-23,0.17441719609235978,0.8621821679677677,0.8255828039076402,0.9488608186323254,0.002423941633339896,0.0034250292546497006,2.1753276173830454,1
2018-06-24,0.213312397377116,0.8651163418220204,0.786687602622884,0.9459465083801933,0.002332343601405277,0.0033281731648624837,2.5617852374674137,1
2018-06-25,0.43001831179877886,0.8745031281462851,0.5699816882012211,0.9350833112593987,0.001821658628741228,0.002788536222223197,2.3830746031273122,1
2018-06-26,0.5036332682251361,0.8785879993994063,0.496366731774864,0.9294913193555484,0.0016480465166201692,0.002605221659146037,1.7578915745589716,1
2018-06-27,0.3849133075193036,0.8771372001747578,0.6150866924806964,0.9315450723286262,0.0019280002068292194,0.0029008558452111835,2.7945339007247445,1
2018-06-28,0.5961025025959862,0.8771288933686276,0.4038974974040138,0.9315566109329495,0.0014298736012687337,0.002374956532062394,0.7398933759101265,1
2018-06-29,0.2264742874817989,0.8742756714019279,0.7735257125182011,0.9353778218613571,0.0023013431580130306,0.0032953976766881042,1.0395154396940858,1
2018-06-30,0.07384085369544743,0.8610210192866726,0.9261591463045525,0.9499588160682071,0.002660711502837202,0.003675482547803966,2.0537229931126944,1
2018-07-01,0.09058364428678403,0.8589917125929817,0.9094163557132161,0.9518068125542218,0.0026213054869165687,0.0036337899694077053,2.407012521859116,1
2018-07-02,0.25117754362685746,0.8590554508159791,0.7488224563731424,0.9517501011473922,0.002243153321183895,0.003233882098514193,1.6272095789679277,1
2018-07-03,0.16948162003622086,0.8973580161436536,0.8305183799637791,0.8942580244836827,0.00243556355228579,0.003437319732185612,2.101725138543372,1
2018-07-04,0.2565597729947341,0.8977192422289795,0.743440227005266,0.8933828385579823,0.002230474188861144,0.003220479373404381,2.4379178745660712,1
2018-07-05,0.4323436534759862,0.897025591768238,0.5676563465240138,0.8950554435501463,0.0018161756151447673,0.002782745700646392,2.7245692712523204,1
2018-07-06,0.6358631257333872,0.8980704798904521,0.3641368742666129,0.8925230837323505,0.0013360293534052663,0.0022759453852528493,2.898147720935718,1
2018-07-07,0.7559236614336754,0.9006228230722415,0.2440763385663245,0.8860059626837757,0.0010525397915106228,0.0019769729248571765,2.0865876764320777,1
2018-07-08,0.6983549684166961,0.8985489178264222,0.3016450315833039,0.89133787143658,0.0011884945567010724,0.0021203293882667276,3.063152016894894,1
2018-07-09,0.813615850969867,0.910924801789185,0.18638414903013303,0.8540764344441268,0.0009162521412780554,0.0018333089327665,3.077812933133634,1
2018-07-10,0.8888330981463631,0.9379048998955789,0.1111669018536369,0.7008449395226208,0.0007385026329556823,0.0016460043757663227,-0.2948640635634854,1
2018-07-11,0.5532050570516918,0.9186063872180742,0.4467949429483081,0.8228091080839918,0.0015310994863969348,0.0024817789343135627,2.7555543439615025,1
2018-07-12,0.7252210154027346,0.9178257227245047,0.2747789845972653,0.8263393991590604,0.0011250525631939638,0.002053428069513888,1.0233826737912173,1
2018-07-13,0.5078076153210077,0.919462108186859,0.4921923846789924,0.8188384407312137,0.0016381998022933447,0.002594826779475387,2.8790378455503567,1
2018-07-14,0.7343373985031199,0.9210137468339267,0.26566260149688026,0.811359281652356,0.001103522928919381,0.0020307266258668636,3.108072591678261,1
2018-07-15,0.841774047255744,0.9217291204892397,0.15822595274425594,0.8077853936322243,0.0008497183650798899,0.001763189928425986,2.6343234671870346,1
2018-07-16,0.8463367968408407,0.9205000646320715,0.1536632031591592,0.8138760551554134,0.0008389363169207577,0.0017518278562707271,0.0192221348409769,1
2018-07-17,0.4262276364327181,0.9017778820918837,0.5737723635672819,0.8828935459025856,0.0018305966658811157,0.002797975689856272,-0.08501667124291312,1
2018-07-18,0.09617681995527244,0.8696432678923194,0.9038231800447275,0.941022614616449,0.0026081405525155846,0.003619861949835915,2.391309462169927,1
2018-07-19,0.2507321611874899,0.8695188763824535,0.7492678388125101,0.9411653650930101,0.002244202510259854,0.0032349911813859145,2.4383613174495835,1
2018-07-20,0.38956874706942257,0.8690934498497487,0.6104312529305773,0.9416502707752621,0.001917025501768646,0.002889262958269575,2.0285389743927125,1
2018-07-21,0.3778158456135338,0.8795872130154271,0.6221841543864662,0.9280311304977461,0.0019447312033714901,0.0029185298097337948,2.589590876615627,1
2018-07-22,0.5366977721162633,0.8795456172740027,0.4633022278837366,0.9280926784451401,0.0015700459471477584,0.002522885061008828,3.050982022728059,1
2018-07-23,0.722939444953986,0.8848116103748926,0.277060555046014,0.919737913673115,0.001130440654797642,0.002059109592810863,0.9017287455364292,1
2018-07-24,0.35603607193067166,0.8775494840287026,0.6439639280693285,0.9309692669157675,0.001996069222866501,0.0029727653875349907,0.0951821847724264,1
2018-07-25,0.07107226910881893,0.8520518044401553,0.9289277308911809,0.9575064986828803,0.002667227338972772,0.0036823768244357486,1.944450518662285,1
2018-07-26,0.08029034948505834,0.8509965286224533,0.9197096505149418,0.9582966935563306,0.0026455323103370546,0.003659422136168415,1.6484993977831452,1
2018-07-27,0.06594094748182226,0.8568218881850245,0.9340590525181779,0.9536879160326637,0.002679303601733001,0.003695154743865782,1.9072342175850028,1
2018-07-28,0.0955826680430619,0.8812873697177082,0.9044173319569381,0.9254571387761408,0.0026095390556965486,0.0036213414956167683,2.443768644791075,1
2018-07-29,0.294755097061003,0.8815146689625618,0.7052449029389971,0.925104204040332,0.002140485619719135,0.003125366104543004,2.7498258465906753,1
2018-07-30,0.5449830914095569,0.8820657135269251,0.45501690859044325,0.9242397266245886,0.0015504984024798717,0.002502253116633174,2.807721076939915,1
2018-07-31,0.6868513876872954,0.883409120894044,0.3131486123127047,0.9220784586424386,0.0012156565936265829,0.0021489753860041917,0.22826413143133972,1
2018-08-01,0.21211152928614307,0.5148656549836386,0.7878884707138569,0.8084937847221518,0.0022919988910930366,0.0026898104595532105,2.086109934430585,2
2018-08-02,0.26198121833126675,0.5099743497524868,0.7380187816687332,0.8118325718424627,0.002165589883921334,0.0026321178818987847,2.5142449303802006,2
2018-08-03,0.37113728037004845,0.5413245493009449,0.6288627196299517,0.7895961804915453,0.0018888793558761584,0.0025058388794384815,2.062464010159293,2
2018-08-04,0.5046708855853246,0.7133801738567396,0.4953291144146755,0.6212975307062778,0.001550328403906638,0.002351358311464877,0.577193597070921,2
2018-08-05,0.3153080498958858,0.6356807188745078,0.6846919501041142,0.7086689560644409,0.0020304103939953176,0.002570425851528944,2.80569363940002,2
2018-08-06,0.5443799649247109,0.6704917622035685,0.4556200350752891,0.6722639986307524,0.0014496438158210592,0.0023054202038239728,2.2731313109155895,2
2018-08-07,0.5667751392582403,0.6952825831682741,0.4332248607417596,0.6436974843048437,0.0013928577393035146,0.002279511974615796,1.3683708000366224,2
2018-08-08,0.42757718370483944,0.6679806589251553,0.5724228162951606,0.6750295111845385,0.0017457917386323543,0.002440545440311471,0.28848828926865444,2
2018-08-09,0.2290061787519408,0.550554470290703,0.7709938212480592,0.7826545450919629,0.0022491753097964745,0.0026702656038520268,1.4382749892718876,2
2018-08-10,0.20320801032251531,0.5128846813287165,0.7967919896774847,0.8098516064147694,0.0023145667091091725,0.0027001106432728633,0.7057280231096558,2
2018-08-11,0.1801521424937076,0.491425299799849,0.8198478575062924,0.8240812730864581,0.0023730056085167223,0.0027267832067191704,1.885832760303811,2
2018-08-12,0.20089340096884367,0.482863613683186,0.7991065990311562,0.8295227942210883,0.0023204335324945313,0.002702788337528296,2.629325682674968,2
2018-08-13,0.3238082200953707,0.4836631015154058,0.6761917799046293,0.8290201623200216,0.002008862401256213,0.002560592288523049,2.552105889287207,2
2018-08-14,0.34566948411828907,0.4876015677567767,0.654330515881711,0.8265276278183263,0.00195344305103653,0.002535301722321104,2.2906770283726297,2
2018-08-15,0.3615790844710094,0.541477944422697,0.6384209155289906,0.7894823410067302,0.0019131106487352064,0.0025168964370391026,2.466395781105543,2
2018-08-16,0.3848417717914683,0.5381815050638582,0.6151582282085318,0.7919175550291706,0.0018541362279057552,0.002489984611030486,2.916784505153958,2
2018-08-17,0.4440819915678344,0.5420748499717569,0.5559180084321657,0.7890388724485359,0.0017039467950535952,0.002421451579340218,1.2641247064871193,2
2018-08-18,0.23810934095939656,0.5255526770612158,0.7618906590406036,0.8010341515960403,0.002226100823477143,0.0026597344595314905,1.8142067506310189,2
2018-08-19,0.31966465584454856,0.616900009979917,0.6803353441554514,0.7266957279671817,0.0020193663906653268,0.002565385839613579,2.4101270659870107,2
2018-08-20,0.48705954233767396,0.6661841830379397,0.512940457662326,0.6769941245515316,0.0015949815971168491,0.002371732286265371,1.3171805248869783,2
2018-08-21,0.5213023489313906,0.7725597629010236,0.4786976510686093,0.5374880457366502,0.0015081589135387677,0.0023321179269954356,1.5501120751033213,2
2018-08-22,0.5454441707528712,0.7663545313504571,0.4545558292471287,0.5471160792158217,0.0014469454044445979,0.0023041890596448727,2.1152158805561134,2
2018-08-23,0.6186102721366397,0.7561068266043641,0.38138972786336034,0.56255868380788,0.0012614174073867469,0.002219545640634676,1.9130473918937487,2
2018-08-24,0.5957470073910477,0.7388657062817819,0.4042529926089522,0.5873141761928621,0.001319393550054864,0.0022459953880067766,1.682900455131404,2
2018-08-25,0.5345872037011803,0.7192991257117898,0.4654127962988197,0.6136680905069928,0.0014744743008319597,0.0023167491222142317,2.9876436848915464,2
2018-08-26,0.6550457483073531,0.7238276244185238,0.34495425169264693,0.6077257645503265,0.0011690222705017309,0.0021773946551642658,2.8071995025879652,2
2018-08-27,0.6628051367397158,0.7219215651295934,0.33719486326028425,0.6102381551419958,0.0011493451164260227,0.002168418077843323,2.0069246266158673,2
2018-08-28,0.6549687699767356,0.7674234332804699,0.3450312300232644,0.5454727206986772,0.0011692174802429216,0.002177483708823952,1.179967997532483,2
2018-08-29,0.5248929815017003,0.7428577143987481,0.47510701849829984,0.581714486259651,0.0014990546778720644,0.0023279640440986796,2.6955173262326957,2
2018-08-30,0.6590553903484643,0.7473917709147312,0.34094460965153567,0.5752590491892492,0.0011588541768712002,0.002172756034205271,2.7169877941106364,2
2018-08-31,0.729235244802483,0.7867367611066411,0.270764755197517,0.5146710894142973,0.0009808773740068312,0.0020915673045301926,3.1051851784284836,2
2018-09-01,0.7939770337870706,0.8232157737989887,0.20602296621292931,0.4502690295394515,0.0008166798682973535,0.0020166696911702994,1.8681494257544045,2
2018-09-02,0.7420859169173522,0.8121893861350936,0.25791408308264785,0.4706492536060565,0.0009482865148101445,0.002076700791161164,2.775165648508867,2
2018-09-03,0.7906330062507457,0.8279055780951123,0.2093669937492543,0.441346917044248,0.0008251612337184528,0.002020538284939621,3.197261232803909,2
2018-09-04,0.8418789552712289,0.8595957065060008,0.15812104472877098,0.3768290859912304,0.0006951842519181024,0.0019612535580855227,2.7612400085664768,2
2018-09-05,0.8325056605918061,0.8533453105498733,0.16749433940819394,0.3901601375343827,0.0007189586085964531,0.0019720972096407014,-1.1201336488077738,2
2018-09-06,0.3474336530074123,0.6357560948708569,0.6525663469925878,0.7085944343891863,0.0019489707427173843,0.0025332608142549003,1.144066314197937,2
2018-09-07,0.2755192301596831,0.5964156857853485,0.724480769840317,0.7451916568577803,0.0021312727674546532,0.0026164562081716688,2.287910054731595,2
2018-09-08,0.41594702220579993,0.6249944464688675,0.5840529777942001,0.7190564845713656,0.0017752774635148975,0.002453999985712982,1.3688233521942865,2
2018-09-09,0.3033312502957235,0.5968174367715492,0.6966687497042766,0.7448400065896008,0.002060771339104442,0.00258428141097225,2.603589156403272,2
2018-09-10,0.4423991055948787,0.5966422646058521,0.5576008944051213,0.7449933869215406,0.0017082134802614993,0.0024233984539154827,2.876447232628463,2
2018-09-11,0.5021485343347397,0.5969925401175543,0.4978514656652603,0.7446866042907789,0.0015567238237913946,0.0023542763353824603,2.9858427370747385,2
2018-09-12,0.5340603296138089,0.6099781071900147,0.465939670386191,0.7330771850325812,0.0014758102333203517,0.0023173586452488,2.954831180191461,2
2018-09-13,0.5391062037871344,0.6126331364113415,0.46089379621286575,0.7306456613624206,0.0014630159747283952,0.0023115212419452503,1.8198131867141287,2
2018-09-14,0.403696874551857,0.5974904627879122,0.596303125448143,0.7442499408107062,0.0018063346358635217,0.002468171772390132,2.94457674186041,2
2018-09-15,0.5066710630795814,0.602003727935036,0.4933289369204186,0.7402613782049134,0.0015452569431203818,0.0023490443729258653,3.045496862698868,2
2018-09-16,0.7379701181606179,0.7990505565114937,0.2620298818393822,0.4938826831239039,0.0009587247265137161,0.002081462221278926,3.148387048940144,2
2018-09-17,0.867696223852216,0.8874784681646214,0.13230377614778407,0.3134767247777051,0.0006297003031227476,0.0019313864223372726,0.5073034138057182,2
2018-09-18,0.7161012538151925,0.8321283096008889,0.28389874618480737,0.4331802256764372,0.0010141863073888481,0.0021067615800401352,2.7628505567972237,2
2018-09-19,0.8459246289221998,0.8787551505043243,0.15407537107780023,0.333996722632764,0.0006849227619398176,0.001956573253360504,3.2799123414893403,2
2018-09-20,0.8703253030160918,0.8810822634068828,0.12967469698390818,0.32858618922350796,0.0006230317018765484,0.001928344928461417,2.4015917576852637,2
2018-09-21,0.8471981323025313,0.8691210883613248,0.15280186769746879,0.3559117738946709,0.0006816926252605686,0.001955099979833644,0.8418579527243266,2
2018-09-22,0.6945779560133295,0.8121047708910648,0.30542204398667067,0.4708024799306905,0.0010687702477467772,0.002131661164408704,3.0421894680469896,2
2018-09-23,0.7776674459153924,0.813422102283027,0.22233255408460736,0.4684115773618285,0.0008580451461586895,0.0020355377086537663,3.3298179282077562,2
2018-09-24,0.8223207534857333,0.8404579312661822,0.17767924651426661,0.41669240422233683,0.0007447912665550763,0.00198387978850516,1.9352312160925735,2
2018-09-25,0.7718360987199413,0.8251667825317228,0.22816390128005876,0.44657606588317034,0.0008728347583013586,0.0020422837994625363,1.4979049140596778,2
2018-09-26,0.6968221639897509,0.8014085812966298,0.30317783601024895,0.48979462369415844,0.0010630789048514397,0.0021290649151552692,3.134634377545403,2
2018-09-27,0.7659118336466162,0.7999913188154276,0.2340881663533837,0.49225591168063315,0.0008878599379397086,0.0020491373838608454,1.22062197258442,2
2018-09-28,0.6812143991869165,0.813364982606982,0.31878560081308355,0.4685154870113727,0.0011026601360908197,0.0021471210169706385,2.829072983593898,2
2018-09-29,0.7726333220128876,0.817455611772243,0.2273666779871124,0.46101862322767856,0.0008708128255339689,0.0020413615184614532,3.070033889029107,2
2018-09-30,0.7925146340751472,0.8179769451960985,0.20748536592485267,0.4600550605015216,0.0008203889163027459,0.002018361492554214,3.358234411564273,2
2018-10-01,0.8135986721962474,0.8307161884093758,0.18640132780375265,0.4359254276866075,0.0007669134413032856,0.0019939700730394506,3.056468727358787,2
2018-10-02,0.8730826003141848,0.8882404670958004,0.12691739968581522,0.3116532123908978,0.0006160378582872878,0.0019251551033084547,2.968985028994471,2
2018-10-03,0.875199039574115,0.8864809861050836,0.12480096042588498,0.3158561776623696,0.0006106695277758571,0.0019227066654157715,3.074541981318579,2
2018-10-04,0.8741146630322718,0.8843293856398061,0.12588533696772822,0.3209595348961803,0.0006134200413179482,0.001923961144419848,2.907156912516711,2
2018-10-05,0.8826897248110833,0.8940766468216315,0.11731027518891674,0.29751951169174856,0.0005916693709041238,0.0019140409418471399,3.3456164446738557,2
2018-10-06,0.9159898663431937,0.9214379932035381,0.08401013365680639,0.22724536824269345,0.0005072015938685876,0.0018755171203028286,3.2148410193255628,2
2018-10-07,0.9183541219816823,0.9226595723815396,0.08164587801831769,0.22395276993260818,0.0005012044068654586,0.001872781991918631,3.4700337328431643,2
2018-10-08,0.9750643161434542,0.976076358150462,0.024935683856545692,0.06873384361718794,0.00035734845735455365,0.001807175862361352,3.4141768748043697,2
2018-10-09,0.9773338636435385,0.9776366054398621,0.022666136356461655,0.06399235454638363,0.0003515911490812823,0.0018045502986593102,3.4321535192563246,2
2018-10-10,0.9788863998532796,0.9791355961588952,0.021113600146720445,0.059440740331489175,0.0003476527218888907,0.001802754221371546,2.924294871605256,2
2018-10-11,0.9747147852984169,0.9751634491159344,0.025285214701583125,0.07150891137104871,0.0003582351336832997,0.0018075802229219663,-1.2118818880163769,2
2018-10-12,0.7430903368462369,0.8185851807452833,0.25690966315376296,0.45892854288761925,0.0009457391657279294,0.002075538811292141,3.261679538593432,2
2018-10-13,0.7960249295174127,0.8201606517164747,0.2039750704825874,0.4559988571320562,0.0008114858316864156,0.0020143005489977064,3.3659617508298125,2
2018-10-14,0.8048666379199474,0.8220376082246924,0.19513336208005247,0.45248629693820314,0.000789060656246362,0.002004071871851765,3.287886105590046,2
2018-10-15,0.8109368424499367,0.8282037562792655,0.1890631575500634,0.44077441349500723,0.0007736647093922209,0.0019970494549702853,0.6672083101846986,2
2018-10-16,0.5877954820243677,0.7635854959113739,0.41220451797563235,0.5513443224675455,0.0013395565178878465,0.0022551942421298343,3.1623351459573668,2
2018-10-17,0.7154749459451902,0.7642765117651128,0.2845250540548096,0.5502930530742646,0.0010157746666050568,0.0021074861346968322,3.185467999920236,2
2018-10-18,0.7315616078438252,0.7641220163734078,0.2684383921561747,0.5505283169660049,0.0009749774686505872,0.0020888760128260557,2.9430620003190313,2
2018-10-19,0.7252338965151224,0.763584080692786,0.27476610348487773,0.5513464728484614,0.0009910251871134948,0.0020961963307224774,3.2307002325919543,2
2018-10-20,0.7334227053303374,0.7635939096417257,0.2665772946696625,0.5513315378411413,0.0009702575160472679,0.002086722971302859,3.2898136345642457,2
2018-10-21,0.7385321297732679,0.7662159218204945,0.2614678702267322,0.5473287236168959,0.0009572993931731419,0.0020808120488149235,3.3156200883043936,2
2018-10-22,0.8955219786071258,0.9096840641303622,0.10447802139287414,0.25824939873031716,0.0005591199522778111,0.0018991957360160064,3.4070898395849496,2
2018-10-23,0.9058682119318077,0.9109491499613063,0.09413178806819238,0.25497148931607416,0.0005328760824539868,0.0018872265242373865,3.3895266321915005,2
2018-10-24,0.9061691083154421,0.9108238642937971,0.0938308916845578,0.25529674805543157,0.0005321128356147315,0.0018868784272608225,3.4556984624335465,2
2018-10-25,0.906347756816554,0.9107267030346974,0.09365224318344614,0.25554889565037614,0.0005316596798251421,0.001886671754776583,3.3933164925642734,2
2018-10-26,0.9949957881980778,0.9951965634200102,0.005004211801922384,0.012030836089200773,0.0003067865289463042,0.0017841178080342458,3.516967187963051,2
2018-10-27,0.9956075870102236,0.9956161480380878,0.004392412989776303,0.010878780678057516,0.0003052345079557283,0.0017834100384219928,3.5248469054009504,2
2018-10-28,0.9959975689039106,0.9960042626623196,0.004002431096089492,0.009822304164058913,0.0003042451951411003,0.0017829588813942244,3.503196932511805,2
2018-10-29,0.9983982730532609,0.9984003784247205,0.0016017269467390272,0.0035720425927847975,0.00029815503835626096,0.0017801815869451577,1.5227064115753557,2
2018-10-30,0.9730124193454723,0.9731413318525446,0.026987580654527606,0.07765512977449103,0.00036255362511470815,0.0018095496332354662,3.5123664352234534,2
2018-10-31,0.977293222858977,0.9776930084995961,0.02270677714102287,0.08850359946629596,0.0004059381100690787,0.0020084617000236463,3.453745506444605,3
2018-11-01,0.9760843838327269,0.9765295948319989,0.023915616167273068,0.09347318065390627,0.0004090011673311273,0.0020099678085402357,3.437887590537289,3
2018-11-02,0.9746969975922415,0.9752026381939631,0.02530300240775852,0.09913695584105182,0.0004125166368418579,0.0020116963713903914,3.5122096205406934,3
2018-11-03,0.974826259470802,0.9753204704615069,0.02517374052919793,0.09863428237059314,0.0004121891030740591,0.0020115353223078064,3.407246182860205,3
2018-11-04,0.9748453507302776,0.9753852736951353,0.025154649269722405,0.09835780650086377,0.00041214072815651975,0.002011511536255351,2.839317590047598,3
2018-11-05,0.9665112035580438,0.9677511711005605,0.03348879644195615,0.13073139613192913,0.00043325833064034014,0.002021895160345937,3.388925414890766,3
2018-11-06,0.96646795831552,0.967453494054809,0.033532041684479916,0.13198289937516408,0.00043336790767745966,0.002021949040165047,3.4242400042920496,3
2018-11-07,0.965046225716545,0.9660506243005375,0.03495377428345505,0.13786711323453074,0.0004369703641989717,0.0020237203955971034,3.2286732415492008,3
2018-11-08,0.9612357382889024,0.9626287846783509,0.03876426171109768,0.15211600459295133,0.00044662553514532283,0.002028467932235569,2.3496207999225205,3
2018-11-09,0.9726060233470687,0.9748480498369524,0.027393976652931407,0.1006492648508405,0.0004178149022623716,0.002014301543832907,2.6386268672790134,3
2018-11-10,0.9677027053319323,0.969218511711376,0.0322972946680679,0.12454831942459423,0.0004302392394005367,0.0020204106525411633,3.5026278112089195,3
2018-11-11,0.9691504649788065,0.9699394037450755,0.03084953502119351,0.1215025481547116,0.000426570822256528,0.0020186068696662037,3.387524166151753,3
2018-11-12,0.9701854022090487,0.9709901885592583,0.02981459779095121,0.11705422143465778,0.0004239484344444151,0.0020173174276952254,3.4110964434552904,3
2018-11-13,0.9700295198541297,0.9707959011180844,0.029970480145870178,0.11787745275977911,0.0004243434189863366,0.002017511643581072,2.9744680198978366,3
2018-11-14,0.9669329826775062,0.9681957894188041,0.03306701732249383,0.12886028967933555,0.0004321896045401031,0.0020213696601675455,-3.344776067133844,3
2018-11-15,0.41411406562441433,0.6133410879277675,0.5858859343755856,0.8177956703052783,0.0018324771964952902,0.0027101340539580424,2.6964698663385214,3
2018-11-16,0.4661217013243727,0.6127766231370381,0.5338782986756272,0.8182048519270213,0.0017007825428374758,0.0026453370534025803,2.6687895749340576,3
2018-11-17,0.47616534221463175,0.6123756270319223,0.5238346577853683,0.81849496716947,0.0016753488905629432,0.0026328235484991943,3.0410747804311513,3
2018-11-18,0.5181982246244091,0.6137821316175994,0.48180177537559116,0.8174753050528227,0.001568905036787965,0.0025804542248758916,2.8344213141234307,3
2018-11-19,0.508808467228388,0.6157314883015564,0.491191532771612,0.8160524464388587,0.0015926840855959691,0.0025921530476932892,-2.322671899842966,3
2018-11-20,0.08424336502751788,0.38590758143123016,0.915756634972482,0.9289702493878848,0.002667586066658947,0.003121124318793802,-0.37403581657924534,3
2018-11-21,0.05420958503307923,0.32488510340360865,0.9457904149669208,0.9468095923845342,0.0027436035518308825,0.003158543802159854,1.443911125121136,3
2018-11-22,0.05161633287189424,0.3124705018396584,0.9483836671281058,0.9500394492198436,0.0027501671133639866,0.0031617747692951064,1.185986078629823,3
2018-11-23,0.04795005686279821,0.29954672264641163,0.9520499431372018,0.95327256349822,0.0027594464793127675,0.003166342631021573,2.277647917581631,3
2018-11-24,0.08359907610189757,0.2997883376745431,0.9164009238981023,0.9532132937506638,0.0026692168339699784,0.003121927046879965,-0.864935296864413,3
2018-11-25,0.047159238506216374,0.29759572762846825,0.9528407614937838,0.9537495431295622,0.0027614480397112773,0.003167327922062034,1.8175981251998077,3
2018-11-26,0.04837795445757204,0.2926187224138908,0.951622045542428,0.9549534313678365,0.0027583634701573057,0.00316580950775394,0.9271916406942882,3
2018-11-27,0.04235186324177074,0.2776528918735328,0.9576481367582292,0.9584646097469808,0.002773615459489056,0.003173317494429401,2.0930162173889264,3
2018-11-28,0.05183631885785357,0.27622168681011483,0.9481636811421464,0.9587920248396137,0.002749610326224186,0.003161500685848271,-0.2609940840907275,3
2018-11-29,0.034087793698254765,0.24136081129861597,0.9659122063017452,0.9663400361387398,0.002794531570995817,0.0031836138078763514,2.2542181686974585,3
2018-11-30,0.07881570638457192,0.31601505117075945,0.9211842936154281,0.9491299213354563,0.0026813240372689003,0.003127886710418963,0.8903321748913259,3
2018-12-01,0.06152914683287733,0.349092976602092,0.9384708531671226,0.9401406576084891,0.0027250775144991523,0.003149424263391671,1.6611061605764457,3
2018-12-02,0.06463993552499063,0.3539766361997013,0.9353600644750094,0.9387328078256011,0.0027172039617263275,0.0031455484906537283,2.1538388080007658,3
2018-12-03,0.09837029474181595,0.3712725827888686,0.9016297052581842,0.9335681993402638,0.0026318289040472742,0.00310352339038734,0.8872229707353453,3
2018-12-04,0.06156377392101864,0.3475386728956329,0.9384362260789814,0.9405842065869505,0.0027249898718726454,0.0031493811210449884,2.2280781284243565,3
2018-12-05,0.13746475358311455,0.44546097549956043,0.8625352464168855,0.9078272103855732,0.0025328723312054513,0.003054815087516784,1.3017955986489667,3
2018-12-06,0.0952197979303215,0.4366474194687872,0.9047802020696784,0.9112249944493649,0.0026398032896649483,0.0031074486359959287,1.1659709818970696,3
2018-12-07,0.0960888090749239,0.44680543198229206,0.9039111909250761,0.9072999824471719,0.0026376036936356117,0.0031063659235276223,1.5442530617488341,3
2018-12-08,0.09496133687731009,0.4362427330148472,0.9050386631226899,0.9113786088757257,0.0026404574924520758,0.00310777065603722,2.318193696488433,3
2018-12-09,0.24141661869145925,0.5635282668766383,0.7585833813085407,0.850597026969235,0.0022697244831987977,0.002925300085142391,1.613569419831635,3
2018-12-10,0.16741690934313835,0.5443992604559883,0.8325830906568615,0.8616097225765926,0.002457053704316729,0.0030174973008629848,1.5752163307683842,3
2018-12-11,0.18052262598302554,0.5848608689009321,0.8194773740169745,0.837329903172898,0.0024238780062080007,0.003001168715320398,2.031920583504186,3
2018-12-12,0.2532363991271575,0.6090068032889593,0.7467636008728425,0.8209137883633615,0.0022398013010345996,0.0029105736645091613,2.0935667446054738,3
2018-12-13,0.2867488387797421,0.6042807977582034,0.7132511612202578,0.8242522394076094,0.002154958209755103,0.0028688200731074825,1.1276405730811194,3
2018-12-14,0.21731398095511953,0.6339826482442821,0.7826860190448804,0.8021652028910868,0.002330741837753289,0.0029553298799940525,1.9987433800372885,3
2018-12-15,0.279242184633084,0.6304187435764138,0.720757815366916,0.8049596968661781,0.0021739630302036873,0.0028781727127028846,2.637398273381539,3
2018-12-16,0.4755240231697019,0.6739136200598055,0.524475976830298,0.7677948180925731,0.0016769729211086805,0.0026336225763717606,3.0385198821825052,3
2018-12-17,0.642600229750949,0.7396861842407605,0.35739977024905106,0.6959601721753861,0.0012538379030312366,0.0024254601228215385,-0.599903519186497,3
2018-12-18,0.20899585475553878,0.6079689885964329,0.791004145244461,0.8216523439081329,0.0023517992826335276,0.0029656935433431063,1.4805193557329086,3
2018-12-19,0.1755569529237853,0.5782786704367423,0.8244430470762149,0.8415407713851615,0.002436448130922837,0.003007355513002072,2.428491892154672,3
2018-12-20,0.32819292289319074,0.5989972889848976,0.6718070771068093,0.8279104813637325,0.0020500298353231987,0.0028171843410620466,-0.16976072291068517,3
2018-12-21,0.12139893902943735,0.4963255205791279,0.8786010609705626,0.8860867531244522,0.0025735389741932354,0.0030748316981653507,1.050043038706606,3
2018-12-22,0.10429041803249829,0.46522297935023316,0.8957095819675018,0.8998300518560931,0.0026168440900749042,0.0030961474305500605,1.8568408020201284,3
2018-12-23,0.11276796279559669,0.4594248277646282,0.8872320372044034,0.9022324687839984,0.0025953858287078827,0.003085585145506138,2.352448456379629,3
2018-12-24,0.20877091925522134,0.4825482205839272,0.7912290807447788,0.8923587452229644,0.0023523687068010965,0.002965973793455285,1.9851852617351953,3
2018-12-25,0.1669991702589479,0.48013234181500203,0.833000829741052,0.8934276936568649,0.0024581111566634602,0.0030180177675080467,0.5920456812341296,3
2018-12-26,0.09139324277640307,0.4329975799851643,0.9086067572235971,0.9126029462896351,0.0026494888401171744,0.0031122161916268837,2.2726402309202074,3
2018-12-27,0.1526383404844573,0.4318477720001805,0.8473616595155429,0.9130335753199207,0.002494463406422352,0.0030359101150902947,0.950678115784376,3
2018-12-28,0.10903238011357166,0.4741563656144161,0.8909676198864285,0.8960336018335603,0.002604841319053222,0.003090239357332236,0.6119231083659122,3
2018-12-29,0.09022859772344792,0.4348885073373805,0.909771402276552,0.9118911482210275,0.0026524367118808743,0.0031136672382881584,2.101445284530062,3
2018-12-30,0.12622515205299062,0.43389227735281194,0.8737748479470094,0.9122667172559051,0.0025613226916916896,0.003068818655584986,2.48747106013096,3
2018-12-31,0.27087520343877514,0.5265318976336847,0.7291247965612249,0.8712102572724321,0.002195145760160037,0.0028885972451354485,1.4694305353290422,3
2019-01-01,0.17318816856792282,0.5523157707265177,0.8268118314320771,0.8571481229643563,0.0024424444541805233,0.0030103068127325205,1.8091878159271855,3
2019-01-02,0.17239938159746274,0.5523074260900063,0.8276006184025372,0.8571528958983629,0.0024444411798370154,0.0030112895728421686,2.0215311376943164,3
2019-01-03,0.1973032384876095,0.5454101429652107,0.8026967615123906,0.861047335151526,0.0023813989298959565,0.0029802615284593467,1.7186205177315137,3
2019-01-04,0.16904091286490702,0.5416956770896261,0.8309590871350929,0.863103455088906,0.0024529427447480988,0.0030154739334153817,2.3890555886106446,3
2019-01-05,0.3295448284977625,0.6153234004796032,0.6704551715022375,0.8163512472460348,0.002046606983000517,0.0028154999840050224,2.54822257013328,3
2019-01-06,0.42316370639304113,0.6168511192011527,0.5768362936069588,0.8152301054201399,0.0018095621397731696,0.0026988589869410672,0.7052793692298502,3
2019-01-07,0.20247018761438637,0.6107466360395373,0.7975298123856135,0.8196686940765089,0.0023683189436825972,0.0029738239582654358,2.2713459752567267,3
2019-01-08,0.43358928617109904,0.7326049863806889,0.566410713828901,0.7047967275049069,0.0017831626825630963,0.0026858696193303735,2.9204201838963137,3
2019-01-09,0.6208367931056458,0.7378957605985659,0.37916320689435445,0.6982229881776597,0.0013089606075142105,0.0024525754761233155,3.2040786067736646,3
2019-01-10,0.678153287794002,0.7377006781251849,0.321846712205998,0.6984683614441501,0.0011637855097951998,0.0023811640980021306,-1.1571470137993631,3
2019-01-11,0.19308467873509083,0.5789695445010855,0.8069153212649093,0.841103840203814,0.0023920780336542714,0.002985517487799706,2.597038599853479,3
2019-01-12,0.36927883333137645,0.5948805404713031,0.6307211666686238,0.8307080265340256,0.001946003023527194,0.002765994862331583,2.843232295081053,3
2019-01-13,0.46518341883229664,0.6035305169578602,0.5348165811677035,0.8247764405979046,0.0017031585527177789,0.002646506071958068,1.4679168173503427,3
2019-01-14,0.27041213272342524,0.6027703020037477,0.7295878672765747,0.8253059800332332,0.0021963181123595653,0.00288917419105879,1.4337552501267987,3
2019-01-15,0.18067161469303133,0.5747922888588632,0.8193283853069685,0.8437279247037623,0.0024235008544065432,0.003000983088317842,1.879510016511514,3
2019-01-16,0.1981668338384433,0.5675277196357452,0.8018331661615568,0.8481919340845454,0.00237921276835303,0.0029791855636000617,2.5606504556906415,3
2019-01-17,0.3919104296532167,0.6298902090882125,0.6080895703467833,0.8053706191464806,0.001888699077835922,0.0027377978574168126,2.7423840833532163,3
2019-01-18,0.48101255937574605,0.6306176109769547,0.518987440624254,0.804804849359554,0.0016630741027196148,0.00262678433658629,2.6324081423240373,3
2019-01-19,0.49149624546125914,0.6294324665975446,0.5085037545387407,0.8057257765091025,0.0016365256260200427,0.0026137225735593113,2.0685067300783118,3
2019-01-20,0.39884415491578284,0.6216716985934413,0.6011558450842173,0.8116463262160803,0.00187114233937097,0.0027291590374888715,1.2023025934445866,3
2019-01-21,0.4306686567165813,0.7980612129554421,0.5693313432834187,0.6099498978331533,0.001790558279612295,0.002689508470161403,2.9559834396664617,3
2019-01-22,0.6914220082911653,0.7980748514328051,0.3085779917088346,0.6099266414405611,0.0011301761424637488,0.0023646324237998045,2.8472897844178653,3
2019-01-23,0.7306473631549794,0.7943490907717481,0.26935263684502064,0.616218134790837,0.0010308160141132082,0.002315761035845117,2.9219331261068824,3
2019-01-24,0.7708008448431862,0.8193838377266299,0.22919915515681372,0.5714459179301572,0.000929099938287385,0.0022657332824155083,3.320614748773528,3
2019-01-25,0.857415614130605,0.8803945109378584,0.14258438586939495,0.43259167700425916,0.0007096719221793014,0.0021578187968194526,3.3501097566920173,3
2019-01-26,0.8874320163789047,0.8996438927835085,0.11256798362109538,0.37778765510767265,0.0006336235721511636,0.0021204209646169484,3.394533808072393,3
2019-01-27,0.8922845758158395,0.9014031433661307,0.10771542418416045,0.3724703675178226,0.000621329059987648,0.002114375096692006,3.1629124610812753,3
2019-01-28,0.8926614104624432,0.9033126833229806,0.10733858953755689,0.36663797614313304,0.0006203743034204314,0.0021139055934262514,1.005288831497797,3
2019-01-29,0.7949896929694089,0.8758376651827944,0.20501030703059114,0.44470159058113723,0.0008678227684028543,0.0022355960768998943,2.592638628446695,3
2019-01-30,0.8523597769097924,0.8727080073104871,0.14764022309020775,0.30311983875668724,0.0006999278130346597,0.001974166733894706,2.890352986046103,4
2019-01-31,0.934421011163471,0.94019339020511,0.06557898883652903,0.14551734137271807,0.0004945240897067466,0.001906636725821727,2.9883929348257494,4
2019-02-01,0.9348474146463567,0.9372749964316167,0.06515258535364314,0.15279425579450068,0.0004934567548262263,0.001906285828946929,3.134228955709032,4
2019-02-02,0.9367137383525872,0.9387790130085052,0.06328626164741284,0.14904794051104314,0.000488785138140268,0.0019047499898129613,3.470189467379725,4
2019-02-03,0.9385614565018878,0.9399851365036848,0.061438543498112334,0.14603763802932077,0.0004841600885940625,0.001903229461604074,2.363109523640516,4
2019-02-04,0.9273708660444653,0.931799752111962,0.07262913395553469,0.16635755141611772,0.0005121713437266155,0.0019124384464652446,3.485866942457241,4
2019-02-05,0.9300968154260516,0.9319262071006353,0.06990318457394841,0.16604568569643277,0.0005053480139806121,0.0019101952023144685,3.4813131826099064,4
2019-02-06,0.9293307388497848,0.931124045117288,0.07066926115021523,0.1680228369511799,0.0005072655829191618,0.0019108256237046696,2.030360945226645,4
2019-02-07,0.9108981570878235,0.9190759889557456,0.08910184291217652,0.1973671033427695,0.0005534040026933561,0.0019259942036865786,3.3882888208972735,4
2019-02-08,0.9559710071780707,0.9574643251481807,0.044028992821929305,0.10194147332738251,0.00044058176795657025,0.0018889027565721314,-1.4159201173953702,4
2019-02-09,0.618022731556428,0.7508035205204221,0.38197726844357205,0.524131480063992,0.0012864359462603696,0.0021670078812212395,3.2294687792860555,4
2019-02-10,0.7210678124491168,0.7557271265305371,0.27893218755088306,0.5166601910141209,0.0010285397566855612,0.002082209800765215,3.251964104477424,4
2019-02-11,0.732220980678578,0.7568525049423885,0.26777901932142206,0.5149370787143086,0.0010006252900965238,0.002073031611484678,2.3042993577105557,4
2019-02-12,0.6964581318009321,0.753518347429801,0.303541868199068,0.5200254183579096,0.0010901329691841255,0.00210246165229974,3.2735276499224994,4
2019-02-13,0.7279632254560315,0.7543078609386501,0.2720367745439685,0.5188250779238888,0.001011281740820239,0.0020765354126054663,3.1946759820525625,4
2019-02-14,0.735782763131359,0.7608413046827968,0.26421723686864085,0.5087829916820299,0.000991710724200058,0.0020701005417782803,3.1627126751361945,4
2019-02-15,0.7352090244542429,0.7603083296492145,0.26479097554575703,0.5096095219651982,0.0009931467005538663,0.0020705726840492297,3.3447395100429955,4
2019-02-16,0.7397796306271756,0.760949917724757,0.26022036937282456,0.5086143952198224,0.000981707190291609,0.002066811430948864,3.277594956294429,4
2019-02-17,0.7485637739671845,0.7703402568159875,0.25143622603281557,0.4938300594745832,0.0009597217780330657,0.0020595827647453884,2.9693292592742995,4
2019-02-18,0.7382283595540738,0.7666870363151428,0.26177164044592605,0.49963092977358875,0.0009855897816123808,0.002068088006289737,0.01452310229953313,4
2019-02-19,0.6002577275794032,0.8053532323594386,0.3997422724205969,0.4349164419559763,0.0013308958761061344,0.002181627096650981,3.043355715686407,4
2019-02-20,0.7649108844532241,0.8034401864831082,0.23508911554677592,0.43829594235100705,0.0009188070987984137,0.0020461303652886662,3.0823962958131506,4
2019-02-21,0.779658748632525,0.8014714113535785,0.22034125136747512,0.4417539688935975,0.0008818948133235633,0.002033994021055668,2.7101638336646365,4
2019-02-22,0.7768374081202519,0.8052383992522125,0.22316259187974802,0.4351198409629634,0.0008889563417729725,0.0020363157646816703,2.6606974761533744,4
2019-02-23,0.766491865909966,0.7976552839285929,0.23350813409003407,0.4483995829311939,0.000914850089820619,0.0020448293406147384,0.80934196282232,4
2019-02-24,0.5713231042341381,0.741669278564368,0.428676895765862,0.5377059425564832,0.0014033087542396593,0.0022054380393679044,-0.5369796408579435,4
2019-02-25,0.24957483314898304,0.5362650493757685,0.7504251668510169,0.7647058121564715,0.002208451685626138,0.002470211821305916,2.156893562828037,4
2019-02-26,0.3243086244937081,0.5302969076552693,0.675691375506292,0.7695461842159365,0.0020214503340850814,0.0024087117283724813,2.5749573498528577,4
2019-02-27,0.40323201650887097,0.5300094042298101,0.596767983491129,0.7697774023090541,0.0018239574133891553,0.002343763920209433,2.9623553152340945,4
2019-02-28,0.45417967227388967,0.5320570989736525,0.5458203277261102,0.7681266855558558,0.001696464730656665,0.0023018379653246285,2.974703053295524,4
2019-03-01,0.5504774073571305,0.6222874352263236,0.4495225926428694,0.6853987258972468,0.0014554772776096386,0.0022225924252505178,3.114248873865765,4
2019-03-02,0.5715138248002837,0.623155607035146,0.42848617519971643,0.6844976529298631,0.0014028314534802653,0.002205281091187821,3.1555107808732945,4
2019-03-03,0.5780971026928458,0.6252592940484825,0.42190289730715425,0.6823050548847187,0.0013863559922300311,0.0021998635659303154,2.803063771029237,4
2019-03-04,0.561981895137128,0.6264873169245353,0.43801810486287207,0.6810190895448621,0.0014266861738108023,0.0022131251273269084,1.7152277946999632,4
2019-03-05,0.44623748614801484,0.6190598198996783,0.5537625138519853,0.6887293652049008,0.0017163396863359708,0.0023083737662795527,1.3942544279073255,4
2019-03-06,0.3645839136756164,0.6238261506237097,0.6354160863243837,0.6838001838813025,0.0019206690435743497,0.002375568300439286,2.9046355075521015,4
2019-03-07,0.8536681446033242,0.8966332291247873,0.14633185539667593,0.25005700363533817,0.0006966529692335009,0.001973090049127408,3.4537824020992516,4
2019-03-08,0.9055589541671974,0.9105508199109053,0.09444104583280252,0.21769958313964133,0.0005667684246976293,0.0019303879520820577,3.277590653641409,4
2019-03-09,0.9079985081724057,0.9117452635093101,0.09200149182759423,0.21487360913785605,0.0005606620443754173,0.0019283803890327751,2.311368259826783,4
2019-03-10,0.8865862211550319,0.8970915230434665,0.11341377884496792,0.24900859345494822,0.0006142582741228547,0.0019460010344970417,3.411562380412179,4
2019-03-11,0.8925203260352649,0.8970979318643226,0.10747967396473519,0.24899392401559248,0.0005994049183651546,0.001941117728096492,2.4255188265658023,4
2019-03-12,0.8786274973152131,0.8901853226466356,0.12137250268478698,0.26468137083481696,0.0006341792756259908,0.0019525504447032319,3.4793035572657685,4
2019-03-13,0.8851500520217728,0.8900325817804156,0.11484994797822738,0.26502492845688586,0.0006178530687816197,0.0019471828899010613,3.4038553462652357,4
2019-03-14,0.8872331325997412,0.8921062872037786,0.11276686740025876,0.26034919514914817,0.0006126390253429648,0.0019454686767341955,3.474802350436792,4
2019-03-15,0.9105396167061617,0.9141589894824506,0.08946038329383826,0.2091399908112963,0.0005543014571437979,0.0019262892545115911,2.9174384217861293,4
2019-03-16,0.9690671864416471,0.9706215258523749,0.030932813558352847,0.06853319399909498,0.00040780009427640964,0.0018781256204561843,1.900650403480916,4
2019-03-17,0.9462908912602866,0.9488441353028766,0.053709108739713275,0.12378153058420474,0.0004648123805238412,0.0018968687384638308,3.206899516927737,4
2019-03-18,0.9460922645530738,0.9474352340252195,0.0539077354469261,0.12733638460249244,0.0004653095681573373,0.0018970321927825914,3.5244463459650994,4
2019-03-19,0.9472832043954916,0.9482648924629189,0.052716795604508516,0.12524365665690945,0.0004623284951226042,0.0018960521419960745,3.3927428519652927,4
2019-03-20,0.960571224537577,0.9613641790982782,0.03942877546242306,0.09203038666297587,0.00042906676998025,0.0018851171357701754,3.2791121283885336,4
2019-03-21,0.9574552436859662,0.9581772095527635,0.042544756314033615,0.10013044816726574,0.0004368665161235647,0.0018876813454603927,2.438305261466815,4
2019-03-22,0.9563696138367741,0.9580736574138008,0.04363038616322587,0.1003935411948047,0.0004395839999616715,0.001888574734319907,3.5427667879490445,4
2019-03-23,0.9574512285827896,0.9580723657570802,0.04254877141721032,0.10039682282803615,0.00043687656649311923,0.0018876846495777682,3.50817784548039,4
2019-03-24,0.9575825599685062,0.9582057942278668,0.04241744003149386,0.10005782207864138,0.0004365478254999412,0.001887576574070273,3.412269746910329,4
2019-03-25,0.9571794201789551,0.9578658064610325,0.04282057982104487,0.10092159735038231,0.0004375569412138892,0.0018879083267363216,2.193166443371966,4
2019-03-26,0.9511049100130153,0.9535093348119037,0.048895089986984816,0.11197796596364316,0.0004527622696866737,0.0018929071757577396,3.5364931430945354,4
2019-03-27,0.9749930308344478,0.9753755488110324,0.025006969165552208,0.056549368862329495,0.000392966752967232,0.0018732491117937873,1.3543795182764882,4
2019-03-28,0.9392493026736245,0.943013583680196,0.06075069732637549,0.13845677631478337,0.0004824383298896957,0.0019026634177472784,3.3256724574023884,4
2019-03-29,0.9408125744723239,0.9423115916955835,0.05918742552767586,0.14021675520244525,0.00047852527697680064,0.0019013769667433835,2.2090409471058625,4
2019-03-30,0.9222236128250364,0.9275256433357142,0.07777638717496345,0.17685753418713654,0.0005250554168605973,0.0019166742351981701,3.5055258861981033,4
2019-03-31,0.9288430883977021,0.9307992792496256,0.0711569116022978,0.16882252774464282,0.0005084862220452964,0.001911226922067598,3.5108592430539143,4
2019-04-01,0.9374681045642457,0.9390307948891459,0.0625318954357544,0.14841996525044698,0.0004868968739186999,0.0019041292051412881,3.090584438310438,4
2019-04-02,0.9318290686478151,0.9340600084381235,0.06817093135218508,0.1607731540879608,0.0005010120019945501,0.001908769692753054,-4.437431870116314,4
2019-04-03,0.19837819926298889,0.34022810365528305,0.8016218007370112,0.8900467213552322,0.002336553221312161,0.00251234266580361,2.3843776777741508,4
2019-04-04,0.19928232179783129,0.33921707295644454,0.8007176782021687,0.8905441633422919,0.0023342910040551504,0.002511598643335118,2.2923850529113645,4
2019-04-05,0.19009108726158652,0.34046863043559944,0.8099089127384135,0.8899281931376594,0.002357288465067102,0.002519162313904763,1.9457416665414287,4
2019-04-06,0.1399074985673684,0.3356351581869043,0.8600925014326316,0.8922964236638592,0.002482851203528852,0.002560459501065943,2.5044837811163907,4
2019-04-07,0.205081597568322,0.34175400713940873,0.794918402431678,0.8892935662206198,0.0023197805311683498,0.002506826290796671,1.8482054933086558,4
2019-04-08,0.13327091153826193,0.3353715049702545,0.866729088461738,0.8924247824519581,0.0024994561384858996,0.002565920895593195,2.114005735898854,4
2019-04-09,0.14709899003250523,0.33578359933029667,0.8529010099674947,0.8922241182718498,0.0024648578140904634,0.0025545414633820814,2.0402845196818493,4
2019-04-10,0.14199764762293732,0.3335476420948815,0.8580023523770626,0.8933104101304828,0.0024776215770743316,0.0025587394710922286,2.0145814541488214,4
2019-04-11,0.13372442463929357,0.3297216428772321,0.8662755753607065,0.8951551580531085,0.0024983214373346494,0.0025655476896129003,1.305373922515825,4
2019-04-12,0.09957756693357049,0.3118755938346756,0.9004224330664294,0.9035306360905976,0.002583756952459748,0.0025936478954836275,2.369638766684575,4
2019-04-13,0.5986720008342421,0.7806791981775454,0.40132799916575784,0.4770669722150475,0.00133486440494974,0.0021829320263279,3.1459099200261127,4
2019-04-14,0.748463653683128,0.7853032818756845,0.25153634631687205,0.46940112300404024,0.0009599723648925054,0.002059665155945717,2.4852552242781965,4
2019-04-15,0.7361471887055161,0.7796122679606315,0.2638528112944839,0.47882081342296373,0.0009907986249100473,0.002069800647897953,1.6368877197990845,4
2019-04-16,0.689411663540336,0.7832910912724046,0.3105883364596641,0.47274991588823384,0.0011077687486006032,0.002108260347174997,1.3304147648397886,4
2019-04-17,0.5954336015861719,0.7483438452741845,0.404566398413828,0.5278231332376127,0.0013429689942719828,0.0021855969768292496,3.183560510231763,4
2019-04-18,0.7385218393117472,0.7753512973345341,0.26147816068825275,0.48576980801688374,0.0009848552474668426,0.0020678464952938918,3.0100168248082557,4
2019-04-19,0.7560246113012062,0.7834040116410027,0.24397538869879373,0.4725625183131961,0.0009410483230114368,0.0020534430763775513,3.3696675763308575,4
2019-04-20,0.7758420550003025,0.793437345743569,0.22415794499969757,0.4556579457895642,0.0008914476068594852,0.0020371348628202375,3.3464503954287848,4
2019-04-21,0.7952335955888856,0.8108906717536145,0.2047664044111145,0.4250258430516361,0.0008429123608956769,0.002021177134370207,3.2457636895033235,4
2019-04-22,0.9066847126659017,0.9148165558695128,0.0933152873340983,0.20757273154619474,0.0005639505706612201,0.001929461540467644,2.5051727093191087,4
2019-04-23,0.8963641575349828,0.9046657132910052,0.10363584246501731,0.23151173643905457,0.0005897835940158876,0.0019379545539794092,1.251407144918809,4
2019-04-24,0.8302142226574785,0.8677346095412402,0.16978577734252143,0.31373423358056696,0.000755357774521815,0.0019923908012151694,1.7363510416838195,4
2019-04-25,0.8195782233416884,0.860853896784703,0.18042177665831166,0.32818247198960393,0.0007819792714062851,0.002001143400736634,-0.18028104408811552,4
2019-04-26,0.5490917124877344,0.7549336454603489,0.45090828751226564,0.5178716593026993,0.0014589451022031517,0.0022237327442643385,3.1202959656703735,4
2019-04-27,0.7477325107489626,0.789852883315102,0.2522674892510374,0.46175515578057247,0.0009618023114632006,0.0020602668296677337,3.2580196003565742,4
2019-04-28,0.7685149263902595,0.7890439699706435,0.23148507360974035,0.46312216871193895,0.0009097866045689313,0.002043164519316243,3.018077105362335,4
2019-04-29,0.7677718078792728,0.791135109027763,0.23222819212072718,0.4595815305621731,0.0009116465444769969,0.0020437760480057944,3.3613882361967695,4
2019-04-30,0.7743479923902871,0.7913064108310794,0.22565200760971305,0.45929051268778703,0.0008951870872868395,0.0020383643600491476,1.8977439587070366,4
2019-05-01,0.7656251167223469,0.8645697634533992,0.234374883277653,0.6653750482624364,0.0010691703646740327,0.0021427891669820497,3.0846712913016514,5
2019-05-02,0.8136266312070075,0.8631344847899683,0.18637336879299243,0.6688932008781275,0.0009614524221205716,0.0020758691164247892,2.6061873209328645,5
2019-05-03,0.8027521781299104,0.8643239601437508,0.19724782187008968,0.6659811071262793,0.0009858560558592658,0.0020910294495416638,0.4202354398887922,5
2019-05-04,0.47267364200457834,0.8369185982094576,0.5273263579954217,0.7252665222780659,0.0017263748701041538,0.0025511997704683598,2.0592052130918566,5
2019-05-05,0.533284365175735,0.8370927573907517,0.46671563482426515,0.724936181153079,0.001590428730040738,0.0024667009228284153,2.688084725377226,5
2019-05-06,0.7813469063884038,0.9027449114987341,0.21865309361159638,0.5501765328626554,0.0010338908217762178,0.002120871046885249,3.02022806615209,5
2019-05-07,0.8609143854390359,0.9022545566429327,0.13908561456096405,0.5519662686312276,0.000855327437596787,0.00200994413597531,1.7639542415282792,5
2019-05-08,0.8020115624267053,0.891240042076209,0.1979884375732946,0.5898107348843716,0.0009875180734725722,0.002092061959470445,2.2571028163300926,5
2019-05-09,0.8011162490838852,0.8851872533496321,0.19888375091611496,0.608816480904154,0.000989527245611974,0.002093310137050036,0.9450355172450835,5
2019-05-10,0.5921339752291204,0.8586748074007922,0.40786602477087963,0.6795131529061774,0.0014584189950924329,0.002384657284782242,1.3854217916585274,5
2019-05-11,0.46708274571122665,0.847392800733066,0.5329172542887733,0.7044153700600062,0.0017389141887137816,0.0025589941716789933,-1.8860142336037948,5
2019-05-12,0.09878287880332715,0.5962559883629239,0.9012171211966727,0.9300707228724897,0.0025646732070345865,0.0030724497569519322,1.2121913878033144,5
2019-05-13,0.06838196861564115,0.574442485867291,0.9316180313843588,0.937289980793426,0.0026328110252672693,0.0031148323873457467,-0.540572664151679,5
2019-05-14,0.044941404295201416,0.49868433553451935,0.9550585957047986,0.9569243792140857,0.002685346108241584,0.0031475114343769775,2.0882253368778017,5
2019-05-15,0.06344676979941892,0.4987904706283149,0.936553230200581,0.956901655142848,0.002643871989351753,0.003121712665141924,1.8841789085419336,5
2019-05-16,0.0519445748988676,0.49324686282978203,0.9480554251011325,0.9580734543567576,0.002669650799063589,0.003137748148032998,1.5087476335969787,5
2019-05-17,0.0432988527303543,0.48278187022646446,0.9567011472696456,0.9602040877783196,0.0026890273210545207,0.0031498013544960105,0.7717741884599983,5
2019-05-18,0.03686160973036041,0.4600158266392661,0.9631383902696395,0.9644977440988886,0.002703454079930902,0.003158775667736619,2.203706156723938,5
2019-05-19,0.07592990115389056,0.46139051112265433,0.9240700988461094,0.9642509658976499,0.002615894115209832,0.0031043096354599936,-0.7276175923301784,5
2019-05-20,0.028376559275735732,0.4038093864368817,0.9716234407242642,0.9733963120831517,0.0027224700146760397,0.0031706048779500976,1.8430325458406787,5
2019-05-21,0.030306484043243237,0.4046685519382497,0.9696935159567568,0.9732761142834923,0.002718144864813069,0.0031679143240290423,2.2625282694739024,5
2019-05-22,0.09593173872626118,0.4976321999832567,0.9040682612737386,0.9571490304465138,0.002571063644172136,0.0030764245989991354,1.554996576392077,5
2019-05-23,0.05266254587270272,0.5049404674112735,0.9473374541272972,0.9555651624318999,0.0026680416919166237,0.003136747207658854,1.936836930956046,5
2019-05-24,0.08115802683845731,0.5948616507900136,0.9188419731615427,0.9305579210588069,0.002604176375099135,0.0030970209813646586,2.2631661243288823,5
2019-05-25,0.16392962703869357,0.597146218041278,0.8360703729613065,0.9297577286924052,0.0024186471487986764,0.002981627129117034,2.4386743358427125,5
2019-05-26,0.26845920321475397,0.6053541891865584,0.7315407967852461,0.926798972813087,0.0021843102384740895,0.0028358999661820742,0.4316855975999777,5
2019-05-27,0.07201042356546034,0.5687690582878985,0.9279895764345397,0.9390348377733344,0.002624678727172306,0.003109773872186517,2.2835305137677158,5
2019-05-28,0.17124986253842558,0.6091954279050181,0.8287501374615744,0.9253676893309044,0.002402237852370792,0.002971421815076585,2.229604859930962,5
2019-05-29,0.21575489671330889,0.6084889594390726,0.7842451032866912,0.9256332182340476,0.0023024693252805795,0.002909376290700734,2.429617634551553,5
2019-05-30,0.43604055911930617,0.7817044977579537,0.5639594408806939,0.8081292189380593,0.0018085337077825552,0.0026022708207272868,1.047293027160413,5
2019-05-31,0.22867019781041142,0.7636412913094232,0.7713298021895885,0.8279915571255437,0.002273515191459196,0.0028913707629239682,1.723048238218797,5
2019-06-01,0.20381799696712688,0.7471521661209076,0.796182003032873,0.8438748623603919,0.002329229456025478,0.002926017805933898,2.6674825474702533,5
2019-06-02,0.48515936970933105,0.7708958533518853,0.514840630290669,0.8203490723122778,0.0016983713153817387,0.002533793121152883,1.9706394053007887,5
2019-06-03,0.44188904030962145,0.7768368938989156,0.5581109596903785,0.8137614357045668,0.001795417377952317,0.0025941173142985637,0.3777375291272099,5
2019-06-04,0.16255704094117218,0.7149014490429961,0.8374429590588276,0.8699453357137803,0.00242172396270592,0.0029835406839710094,0.7813688732230288,5
2019-06-05,0.1073982054688679,0.6645485992850443,0.8926017945311321,0.900826050482124,0.002545362948888782,0.003060438925580986,2.1014293905789403,5
2019-06-06,0.214425506366967,0.7374003764284115,0.785574493633033,0.8523974784572229,0.0023054495787295914,0.002911229625332831,2.6183319374039407,5
2019-06-07,0.44528576206573595,0.7385835916255533,0.5547142379342642,0.85139518460862,0.0017877995232637085,0.0025893818638843746,1.6028197385669005,5
2019-06-08,0.26997722504872756,0.7270768861342732,0.7300227749512725,0.8607929605520551,0.002180906787844276,0.0028337836559163016,2.3225326611046095,5
2019-06-09,0.37770992870525383,0.7263182640684035,0.6222900712947462,0.8613861003176414,0.0019393439488076263,0.0026835909369413834,1.2927506768039738,5
2019-06-10,0.20246541248113503,0.7331912538237817,0.7975345875188652,0.8558949454153284,0.002332261643731571,0.002927903476066546,1.4664141376358988,5
2019-06-11,0.15508918317576137,0.7203838071235397,0.8449108168242386,0.865919377392162,0.002438463919893264,0.002993951801715543,2.2979268188537048,5
2019-06-12,0.30174839966472744,0.7193608167015063,0.6982516003352727,0.8666821636227775,0.0021096728027415928,0.0027894907073626536,1.816415698671644,5
2019-06-13,0.2288306253712506,0.7155266587239871,0.7711693746287496,0.8694938176846568,0.0022731555332764905,0.002891147107053995,2.4746141567745816,5
2019-06-14,0.4468688195423378,0.7778548287590312,0.5531311804576621,0.8126015168002794,0.0017842491724460092,0.0025871748858857296,0.9264006083268814,5
2019-06-15,0.25904892143159797,0.7994861872684002,0.740951078568402,0.7855647772742081,0.0022054081735172685,0.0028490190633490625,2.1836956779846406,5
2019-06-16,0.3976325936778943,0.8006014561873466,0.6023674063221056,0.7840362372964496,0.0018946675611409434,0.002655816276880803,2.136628199957343,5
2019-06-17,0.45494747535534763,0.7948846658416434,0.5450525246446523,0.7917232740176292,0.0017661308774055066,0.002575912240087042,1.477230938131009,5
2019-06-18,0.3124377123926392,0.7909533671656345,0.6875622876073608,0.7968023250164267,0.0020857054682178336,0.0027745884828004924,1.5602019895486938,5
2019-06-19,0.2521660009776504,0.7767093330407815,0.7478339990223495,0.8139061325815087,0.0022208395241295168,0.0028586147061054373,1.8991049340018853,5
2019-06-20,0.2949292874963877,0.7903197240950848,0.7050707125036123,0.7976057426720293,0.0021249622293138754,0.002798997393473708,1.8242047857960868,5
2019-06-21,0.32878293168093753,0.8124982567360748,0.6712170683190625,0.7668005513668908,0.0020490557294621397,0.002751801224671544,1.0967419716113413,5
2019-06-22,0.20297452995048504,0.7660816768945623,0.797025470049515,0.8254681825882686,0.0023311203186471754,0.0029271937033197,1.1573627922514729,5
2019-06-23,0.15490693062828406,0.7297396251876827,0.845093069371716,0.8586858801789821,0.002438872454670061,0.002994205884317359,2.394389104668033,5
2019-06-24,0.33758586267215424,0.729833826673753,0.6624141373278458,0.8586106109556737,0.002029317104473567,0.002739528849657782,2.1151201672013156,5
2019-06-25,0.38332958242605875,0.7672315438843994,0.6166704175739414,0.8242627268887737,0.0019267420847403718,0.002675756444318641,0.7730704660648882,5
2019-06-26,0.15828919991311488,0.7156837065400441,0.8417108000868851,0.8693800966176259,0.0024312907858246345,0.0029894905824363847,0.15234277554807554,5
2019-06-27,0.08669162132922734,0.6255623494065623,0.9133083786707729,0.9189122710163837,0.0025917738753989247,0.0030893064659569414,-1.761001449215014,5
2019-06-28,0.042753201874378186,0.48130327385433913,0.9572467981256219,0.9604968279740942,0.00269025020693138,0.0031505620593041935,-0.18758806959178403,5
2019-06-29,0.031740972813819136,0.43184900222793193,0.9682590271861808,0.9692326143516438,0.00271493002601888,0.0031659144691894322,1.7494650293202856,5
2019-06-30,0.033588328703074516,0.4297826895701189,0.9664116712969255,0.9695571697061179,0.0027107898972117063,0.0031633390265011453,-0.06862367881434654,5
2019-07-01,0.026358184056285434,0.3964448533021928,0.9736418159437146,0.9744086031620529,0.0027269933751503956,0.003173418742745391,1.9155224338652386,5
2019-07-02,0.031230548228355956,0.40497575751941933,0.9687694517716442,0.9732330279189334,0.00271607394161274,0.0031666260642178724,2.107225616136561,5
2019-07-03,0.042384483386854424,0.4165743709896749,0.9576155166131456,0.9715637075462206,0.002691076560025933,0.003151076098498402,-0.1208522820830378,5
2019-07-04,0.024039727458704415,0.37797305732160347,0.9759602725412955,0.9768118653887283,0.002732189225451364,0.003176650958111731,0.8958514868021472,5
2019-07-05,0.022261859159083505,0.36516743572842386,0.9777381408409165,0.9783709928064712,0.0027361735591380737,0.0031791295265021684,2.061365049921662,5
2019-07-06,0.031222529638801406,0.3768668585415666,0.9687774703611985,0.9769498945470885,0.0027160919121137096,0.0031666372431238743,2.1011305906522164,5
2019-07-07,0.03976343898578929,0.4052353544543408,0.9602365610142106,0.9731965742864633,0.002696950696011265,0.0031547301587028596,2.060260348936139,5
2019-07-08,0.05918808569229705,0.5039697958039219,0.940811914307703,0.9557787124200787,0.002653416645635743,0.003127649797726503,0.8856058345159904,5
2019-07-09,0.05567558251616627,0.5429254816064373,0.9443244174838338,0.9463676871212257,0.0026612888917885457,0.0031325466617661644,2.073318560629157,5
2019-07-10,0.07987985936641287,0.5480303009012223,0.920120140633587,0.944994685255477,0.0026070411274904063,0.0030988029049720312,1.6180612185033845,5
2019-07-11,0.08411260629101988,0.6111788561269204,0.91588739370898,0.9246166109913476,0.002597554261953008,0.0030929019320291608,0.7641905569213103,5
2019-07-12,0.06656933333860077,0.5759938644318086,0.9334306666613993,0.9368037503667878,0.002636873586622012,0.003117359425204525,1.6224258979166406,5
2019-07-13,0.06473831698940119,0.5630542655576043,0.9352616830105989,0.9407410573918824,0.0026409773315123177,0.0031199120885522357,1.5846385811425554,5
2019-07-14,0.09568237539342897,0.6440556108483911,0.9043176246065711,0.9108519008793047,0.0025716225561776642,0.003076772242339548,-0.18621805245344292,5
2019-07-15,0.07310013012168715,0.5958983938867124,0.9268998698783126,0.9301960227580328,0.0026222364053212492,0.0031082546864146052,1.2185698576718957,5
2019-07-16,0.0642137088032484,0.5682164406822913,0.9357862911967516,0.9392020482315024,0.0026421531013335275,0.0031206434572750145,-1.622567467868241,5
2019-07-17,0.03566287269160445,0.4486615306646691,0.9643371273083955,0.9664784646987846,0.002706140598940938,0.0031604468554918314,2.069283343761801,5
2019-07-18,0.04637441908040723,0.44878110094970364,0.9536255809195929,0.9664581287511403,0.002682134491284507,0.0031455136344553545,0.06334742824807438,5
2019-07-19,0.03136731955007863,0.4289635805886166,0.9686326804499213,0.9696850118826916,0.0027157674226842466,0.003166435388072281,2.093321960383394,5
2019-07-20,0.046615008539568736,0.42997881115840975,0.9533849914604313,0.9695264916489436,0.0026815952907708962,0.0031451782229804564,1.9170070375813653,5
2019-07-21,0.037901118724968076,0.4321495770935365,0.962098881275032,0.9691851563645333,0.002701124406278033,0.0031573264635766946,1.9099980217235617,5
2019-07-22,0.04104497601613216,0.4508165949880849,0.958955023983868,0.9661102634271321,0.0026940785912737252,0.0031529435375142944,1.8994722859933757,5
2019-07-23,0.042565981253856536,0.45719389310812175,0.9574340187461433,0.9649995361502018,0.0026906697963165567,0.0031508230680145468,1.4963087496730836,5
2019-07-24,0.03728558675569481,0.4553583974027171,0.9627144132443052,0.9653225013893676,0.002702503893272385,0.0031581845913034048,2.192247914285012,5
2019-07-25,0.08599615796195012,0.5069813647033664,0.9140038420380499,0.9551129199736578,0.0025933326308166414,0.0030902760279426108,2.2853589754886148,5
2019-07-26,0.14485602899147215,0.5294593321091794,0.8551439710085279,0.949825903227334,0.002461402216152042,0.0030082180848260837,2.3850360644566853,5
2019-07-27,0.32208687741863135,0.7158160128567455,0.6779131225813687,0.8692841965440473,0.002064069947850302,0.002761136352835279,1.32513708335966,5
2019-07-28,0.1640895706379567,0.7010612203818826,0.8359104293620433,0.8794672933436933,0.0024182886158473477,0.002981404147949379,2.457592834444308,5
2019-07-29,0.5040753174465067,0.8474150811259903,0.4959246825534934,0.7043687937142589,0.0016559446179125054,0.0025074219494825647,3.0268060705088535,5
2019-07-30,0.7366494851320206,0.8509607746454126,0.2633505148679796,0.6968295203637866,0.0011341888825704494,0.002183184782657319,3.084170309000375,5
2019-07-31,0.7811034687566728,0.8331360990567805,0.21889653124332722,0.632251268445697,0.0009970976133877273,0.0024558717796079248,0.4781606973186876,6
2019-08-01,0.45206552370607067,0.7929126967067807,0.5479344762939293,0.7053538826579826,0.0017760299837141992,0.002817390520769888,1.524719424926942,6
2019-08-02,0.38033233418390866,0.7827838810060698,0.6196676658160913,0.7208154059643876,0.0019458094425174998,0.002896204811843814,2.541964070202883,6
2019-08-03,0.6329657842918448,0.8272742879423399,0.3670342157081552,0.6442251542406724,0.001347816683365072,0.0026186327924696377,1.6670675404328117,6
2019-08-04,0.5612561587797436,0.8114311407974925,0.43874384122025645,0.6742143931565125,0.0015175716920742797,0.002697421193425472,2.3759927937974528,6
2019-08-05,0.6435840190348336,0.8078177799290671,0.3564159809651664,0.6806032240501152,0.0013226795529962248,0.002606966384642245,0.09946187047209709,6
2019-08-06,0.24064286714298086,0.703886966637052,0.759357132857019,0.8126637907988532,0.0022763934418547384,0.0030496836462392063,1.6216399216759938,6
2019-08-07,0.23828207763468012,0.7157656667345064,0.7617179223653198,0.8014661626216881,0.0022819799953993827,0.0030522774797591004,1.4175275340133946,6
2019-08-08,0.18693013556312912,0.6784425214381791,0.8130698644368708,0.8342611525175883,0.0024034954936252005,0.003108698599976935,2.569794752635734,6
2019-08-09,0.4049609256304903,0.6784654025204844,0.5950390743695096,0.8342430657989481,0.0018875194306714473,0.0028691450228125175,2.6432630826562242,6
2019-08-10,0.4966479848921549,0.6790436966827146,0.503352015107845,0.8337851929454441,0.0016705051181683623,0.0027684071269445444,0.8776867437970489,6
2019-08-11,0.21752525199217473,0.6789485672523033,0.7824747480078251,0.8338606124641159,0.002331098203502972,0.0030750833037975498,2.08665666002436,6
2019-08-12,0.29153779762386633,0.6913932290572509,0.7084622023761338,0.8236515088551503,0.002155952810559431,0.0029937646512547666,2.1974297480698572,6
2019-08-13,0.3656421073517243,0.6912452917233592,0.6343578926482757,0.8237770496174429,0.0019805770143959695,0.0029123451761745543,1.1035153328747216,6
2019-08-14,0.18918123184094768,0.6662678296490782,0.8108187681590524,0.8435735300763315,0.002398168796662213,0.003106225287993218,0.3132948651299664,6
2019-08-15,0.10991793726943416,0.5778688804958483,0.8900820627305658,0.8961927194761912,0.0025857196209335695,0.0031933130142110457,1.9214486456641606,6
2019-08-16,0.16176031897211457,0.6342437467945167,0.8382396810278855,0.8653856172110594,0.0024630531906362756,0.0031363530408890974,2.546597305258036,6
2019-08-17,0.36257536046358196,0.6487598257741989,0.6374246395364179,0.8559481272516805,0.0019878350627827164,0.0029157146552609044,2.0415405240703532,6
2019-08-18,0.3503435126492884,0.6796067825905763,0.6496564873507115,0.8333379693531444,0.0020167838654587184,0.002929153963068483,2.532531596760793,6
2019-08-19,0.45341037052463995,0.6772301287721387,0.54658962947536,0.83521628666568,0.0017728468563927785,0.002815912918152263,0.9977534596739701,6
2019-08-20,0.17598986531787308,0.6349039286119708,0.824010134682127,0.8649714766776128,0.002429382930198834,0.0031207188328604965,2.2348022393584563,6
2019-08-21,0.30035785921655367,0.6690261942878247,0.6996421407834464,0.8415169183242122,0.0021350798840114563,0.002984073922231192,0.6737318836333364,6
2019-08-22,0.13574683612439578,0.6120175404405055,0.8642531638756042,0.8785551244665507,0.00252460559284173,0.0031649344300990843,2.540765509225032,6
2019-08-23,0.3245674962647018,0.6141715864659886,0.6754325037352981,0.8773416396193924,0.002077786124261705,0.00295747444444668,1.7744055015717572,6
2019-08-24,0.2216380726505862,0.6333525784646504,0.7783619273494139,0.8659424579222633,0.002321365854770138,0.003070564488355686,1.770933158516942,6
2019-08-25,0.26888837349460776,0.7332094642387814,0.7311116265053921,0.7835490081139864,0.0022095524563412764,0.0030186499005775864,2.609196330723227,6
2019-08-26,0.513517660850215,0.7487922320633876,0.4864823391497851,0.7658793235925968,0.0016305740324314665,0.0027498721703904305,1.7722684582516186,6
2019-08-27,0.4159856335899662,0.7361709699964613,0.5840143664100339,0.7803181919044755,0.0018614260974321186,0.002857032016993159,1.9014869427954728,6
2019-08-28,0.39602057857244055,0.7342159962659881,0.6039794214275594,0.7824573940798207,0.0019086792727627086,0.0028789679112136723,1.116361969066044,6
2019-08-29,0.2235522482363031,0.6993308553513238,0.7764477517636971,0.816760711524112,0.0023168362428171983,0.003068461356001134,1.787372262870196,6
2019-08-30,0.27866804056914607,0.739073893429167,0.7213319594308539,0.777094778702631,0.0021864091195933594,0.0030079048391554873,2.5764647366342146,6
2019-08-31,0.497447947945004,0.7392600453578956,0.5025520520549959,0.7768861361134405,0.0016686115944552669,0.0027675281959878197,3.1523017921792134,6
2019-09-01,0.7484358046082178,0.8346531166319456,0.2515641953917822,0.629069863028042,0.0010744435459430286,0.0024917642138918643,2.4364642706414186,6
2019-09-02,0.7426068738754276,0.8279574113561917,0.2573931261245725,0.6428553428716675,0.0010882442031367023,0.002498168544251132,0.14018528626037785,6
2019-09-03,0.34410044634902726,0.7602635639836981,0.6558995536509727,0.7517444414891751,0.002031559032224658,0.002936013310155379,1.9555905065061956,6
2019-09-04,0.39642105562639907,0.7633943892249577,0.6035789443736009,0.7477067772515359,0.0019077314354743844,0.0028785279012920532,2.8150110775156705,6
2019-09-05,0.6060432167210158,0.7635225046205135,0.3939567832789842,0.7475398443340383,0.0014115507363536668,0.002648213006191059,3.2578567285343945,6
2019-09-06,0.7118078409108319,0.777965294574033,0.28819215908916795,0.7278165835063143,0.0011611630586480575,0.002532007886472449,1.4775089436034143,6
2019-09-07,0.5391484485428892,0.7732891351263995,0.46085155145711076,0.7344040798543697,0.0015699037879641235,0.0027217112538729746,2.401262960592655,6
2019-09-08,0.6467879075504057,0.8138909541879836,0.3532120924495942,0.6697730575013693,0.0013150947582639479,0.0026034462260696683,2.712821617664646,6
2019-09-09,0.7363594109277525,0.828101318159132,0.2636405890722476,0.6425659296882883,0.0011030356919259205,0.0025050327219980242,2.881382401009596,6
2019-09-10,0.7712044644100291,0.8293286239922374,0.228795535589971,0.6400856036832773,0.0010205353653904498,0.0024667479586139816,1.4060621096414072,6
2019-09-11,0.6258866452761692,0.8149020665952302,0.37411335472383067,0.6679253513822635,0.0013645753667781064,0.0026264107447209013,3.229755568841425,6
2019-09-12,0.7596283111446227,0.8207366654883494,0.2403716888553773,0.6570049961130171,0.001047943782354272,0.0024794668453532115,1.6465083403801437,6
2019-09-13,0.788703190388269,0.9060087094187005,0.21129680961173108,0.430823767737407,0.000979103684523262,0.002447521855719926,3.0697993385816678,6
2019-09-14,0.897260658503757,0.9215766730926117,0.1027393414962429,0.3715521660615049,0.0007220559744050431,0.0023282481980546805,3.5634435044232546,6
2019-09-15,0.9146177903783006,0.921968727278452,0.0853822096216994,0.3699702789850008,0.0006809542659100635,0.002309177666646815,3.167055115900685,6
2019-09-16,0.9120217420331315,0.9209928601777729,0.08797825796686846,0.37389947416520686,0.0006871017576745452,0.002312029982447647,3.241579670534156,6
2019-09-17,0.9318224972118386,0.9387405070322782,0.06817750278816141,0.2980473288510004,0.0006402127822726501,0.0022902746068323467,3.127099993757382,6
2019-09-18,0.9404332692313889,0.945758617287966,0.059566730768611256,0.26548676854705666,0.0006198218364974791,0.0022808138272846818,3.3724224031035295,6
2019-09-19,0.944170668934563,0.947728321690241,0.055829331065437096,0.25609456594619134,0.0006109713415325364,0.00227670749226699,3.138751246303668,6
2019-09-20,0.9414193942079229,0.9457751091785189,0.058580605792077044,0.2654085833144095,0.0006174866081055198,0.0022797303575344367,2.7593021482577087,6
2019-09-21,0.9582156906052235,0.9626317638771642,0.041784309394776564,0.18177099340423877,0.0005777111793165809,0.0022612760241632465,1.8049334425153838,6
2019-09-22,0.9424867934712982,0.9521960144165411,0.05751320652870187,0.23439559241602764,0.0006149589125962991,0.0022785575905517313,3.490853909266477,6
2019-09-23,0.9721067008212674,0.9735898215889601,0.027893299178732754,0.12440690002313765,0.000544815264776275,0.0022460137706684412,0.2304998011006243,6
2019-09-24,0.8974754186393951,0.9306084737146865,0.10252458136060498,0.3339624804706754,0.0007215474265979254,0.0023280122379927626,-2.602326182749385,6
2019-09-25,0.291482492215994,0.6289505052680401,0.708517507784006,0.8686564562837007,0.002156083691787162,0.0029938254161049425,1.8285481968609691,6
2019-09-26,0.21785798129048456,0.6222787659814644,0.7821420187095153,0.8726566819632434,0.0023303108530228125,0.0030747177293132624,1.4362402424319503,6
2019-09-27,0.13556835870407802,0.6003545489496036,0.8644316412959221,0.8849077350383387,0.002525027895661638,0.0031651305258177994,2.321889100127038,6
2019-09-28,0.25063742825632884,0.5990424352624091,0.7493625717436713,0.8856001357783597,0.0022527422427367915,0.0030387024776338412,2.778542392620793,6
2019-09-29,0.403986760558972,0.599146567695431,0.596013239441028,0.8855453454578074,0.0018898250752627092,0.002870215352042434,2.002026626867707,6
2019-09-30,0.2974473136587723,0.5968406262440621,0.7025526863412277,0.8867522192461069,0.0021419677935954314,0.0029872717806605034,1.8506006310178489,6
2019-10-01,0.19695003071225997,0.5888754727425995,0.8030499692877401,0.890819682213333,0.0023797856429535317,0.0030976895965006595,2.6636275867818604,6
2019-10-02,0.3596498721644928,0.5929372131053877,0.6403501278355074,0.8887649066351248,0.00199475877429384,0.0029189289314958487,2.8941251282046085,6
2019-10-03,0.4454915910586446,0.592982367612676,0.5545084089413554,0.8887418387327001,0.0017915898079386302,0.002824613395489749,2.231344733738223,6
2019-10-04,0.3747257865512572,0.607776085363658,0.6252742134487428,0.8809073254493128,0.001959078601202104,0.002902364806679999,2.343848041701586,6
2019-10-05,0.6877855558926799,0.8808348546514272,0.31221444410732024,0.51314644405597,0.0012180359016695096,0.0025584015178764527,3.1900785252088557,6
2019-10-06,0.855191047727449,0.8951521044611455,0.14480895227255094,0.4682582178560649,0.0008216738437164279,0.0023744706868520917,0.5813643712319112,6
2019-10-07,0.7501374639497702,0.9052485528985198,0.24986253605023,0.4335457890392189,0.0010704146582311408,0.0024898945762032694,0.6178399508280998,6
2019-10-08,0.5328674238189259,0.8480305401565826,0.46713257618107396,0.5994529488137151,0.0015847716519763343,0.002728612306428068,2.9395135536068047,6
2019-10-09,0.7534568854334376,0.8476107595356757,0.24654311456656258,0.600426810258487,0.001062555499622219,0.002486247479890481,0.5223368940206596,6
2019-10-10,0.43597988647629504,0.795535918778451,0.5640201135237051,0.7011766744222877,0.0018141028522775252,0.0028350640426526067,2.9506726306088744,6
2019-10-11,0.6898113082629088,0.8124308170134863,0.31018869173709096,0.6724185395755585,0.0012132399797045203,0.002556175794497714,0.9979469475815698,6
2019-10-12,0.4488958045740547,0.7851652694794727,0.5511041954259452,0.7172728425020314,0.001783532396776734,0.002820873136947384,3.0698824922199943,6
2019-10-13,0.6743539298940517,0.7855411757978104,0.3256460701059483,0.7167085479236048,0.0012498347154749276,0.0025731590392985963,3.1106031894754103,6
2019-10-14,0.727178298254469,0.7890829256841021,0.272821701745531,0.7113224033483024,0.001124772716701205,0.002515120143057018,3.2745327367256105,6
2019-10-15,0.7462897408280441,0.7907634874896408,0.2537102591719558,0.7087220684699846,0.001079524605835149,0.0024941221251538687,1.5381345306532832,6
2019-10-16,0.5824988316812172,0.7794122781822469,0.417501168318783,0.7257372898254782,0.0014672861509860695,0.0026740815619885117,1.8232102164141903,6
2019-10-17,0.5521861255259692,0.8004775616594192,0.44781387447403065,0.6931045292227637,0.001539041894133657,0.0027073865699223905,2.9795800008413758,6
2019-10-18,0.7665850581183276,0.852745639112871,0.2334149418816724,0.5883055996837088,0.0010314725964332772,0.002471823367005663,2.2219214264513325,6
2019-10-19,0.7581403398308563,0.8478989099706982,0.24185966016914373,0.5997586438569831,0.0010514667718667173,0.0024811017009202657,3.3480271860108406,6
2019-10-20,0.8939268505261563,0.9164616045045335,0.10607314947384375,0.39178274714988454,0.0007299503523085642,0.002331911101016078,0.9685257839609828,6
2019-10-21,0.7784599642802945,0.8839870671479912,0.22154003571970554,0.5036773971760314,0.001003356629887024,0.002458776236145329,3.4148046966391767,6
2019-10-22,0.9007008014052938,0.9195023141529758,0.0992991985947061,0.37984752836423036,0.0007139097698025828,0.002324468463376999,1.4227839960456226,6
2019-10-23,0.8458521382068133,0.90429899776905,0.1541478617931869,0.4369242438151383,0.0008437871428167782,0.0023847314815856804,-0.8573242126490519,6
2019-10-24,0.3809919820236083,0.7647437519941073,0.6190080179763917,0.7459417446293847,0.0019442482322308567,0.002895480047237769,2.9522629820197013,6
2019-10-25,0.6235190044015042,0.7656893143759462,0.37648099559849574,0.7446958580022027,0.0013701803354935428,0.002629012105935946,-2.405000929499999,6
2019-10-26,0.10213254929329196,0.47448644095952874,0.8978674507067081,0.935512923352597,0.0026041403930442105,0.0032018669323926087,1.0464264804904746,6
2019-10-27,0.05881447805499182,0.44368718347428626,0.9411855219450083,0.9442416751039543,0.0027066313049834874,0.0032494611227259643,1.870256136556092,6
2019-10-28,0.06134898557307038,0.43660622193801923,0.9386510144269296,0.9460986982053561,0.002700634764183133,0.003246676422720436,1.888642553068759,6
2019-10-29,0.06324272476340412,0.43356050427319853,0.9367572752365958,0.9468813689399475,0.0026961542448330753,0.003244595744128569,2.22255446940161,6
2019-10-30,0.9539986406394564,0.9880955375272186,0.04600135936054353,0.8523060454597304,0.0027163308000929197,0.003296527282020002,1.8995504781356232,7
2019-10-31,0.9719330622184961,0.9879384431616963,0.028066937781503997,0.8529489300217703,0.002700296980473853,0.003323793349830928,2.2910411302702833,7
2019-11-01,0.9127332125802651,0.9879423506730053,0.08726678741973512,0.85293306763885,0.002753217474183182,0.0032337906080352795,2.3398207250828342,7
2019-11-02,0.8292481033965223,0.9877680359406267,0.17075189660347764,0.8536344419826102,0.0028278197452713746,0.003106866489620061,2.61642725603974,7
2019-11-03,0.6188413880831517,0.9848432017556638,0.3811586119168483,0.8637989007135998,0.003015696201404503,0.0027869808583871345,2.44979443840053,7
2019-11-04,0.5365655111080184,0.9849052720906615,0.4634344888919816,0.8636097730600817,0.0030891063538579897,0.002661895160422433,1.9718603394155025,7
2019-11-05,0.5962499419995982,0.9203209469873526,0.40375005800040165,0.9250645963603781,0.0030358563987764355,0.002752634621005219,2.4935188088943256,7
2019-11-06,0.37880278485773144,0.8012715842079008,0.6211972151422686,0.9487801073649031,0.003229781660190837,0.0024220452621126834,3.299993099851274,7
2019-11-07,0.13078230227299342,0.7126533578912329,0.8692176977270069,0.9571570567563975,0.0034507062031317835,0.0020449746514520353,2.1232925920865666,7
2019-11-08,0.11961551464350784,0.6606664523271156,0.8803844853564922,0.960825015021777,0.0034606463428477744,0.002027997555904576,0.0874389225823411,7
2019-11-09,0.41464787902039624,0.8306563337149816,0.5853521209796038,0.9449798696102446,0.003197829080817342,0.0024765412916512384,3.2645306982699136,7
2019-11-10,0.16059414120610838,0.7920169764006897,0.8394058587938917,0.9498401746172949,0.0034241663077273247,0.0020902981997101347,1.5546962408819862,7
2019-11-11,0.26059599476291684,0.8288024561041423,0.739404005237083,0.9452423497024932,0.0033351099682464884,0.0022423330622944344,0.8406889092617611,7
2019-11-12,0.5587034723901418,0.8741781337146494,0.4412965276098582,0.9375690941146809,0.003069356969313897,0.002695551955588857,2.833113935122311,7
2019-11-13,0.31123306748564067,0.8754552577933112,0.6887669325143594,0.9373053688013441,0.003289997649750358,0.0023193176392722727,3.2319089536322805,7
2019-11-14,0.15466298059985487,0.8730211389800172,0.8453370194001453,0.9378051581668071,0.0034294468320978776,0.0020812809349728873,2.279136825492133,7
2019-11-15,0.1678388630019138,0.863951507573386,0.8321611369980861,0.9395678473251794,0.003417716096520138,0.0021013124983807192,1.6490988501082438,7
2019-11-16,0.2621430595479738,0.8742606401414077,0.7378569404520263,0.9375521572549542,0.0033337318713933324,0.002244685096518196,3.4183269106970506,7
2019-11-17,0.12786180102920647,0.8741315105229108,0.8721381989707935,0.9375786587908861,0.003453305949179794,0.0020405345536990043,3.522855282688676,7
2019-11-18,0.08971713576712417,0.8675452534162609,0.9102828642328761,0.9388873081455383,0.003487257610416733,0.0019825424392013436,0.39005829017277116,7
2019-11-19,0.30791324944033616,0.8439299175817878,0.6920867505596641,0.9429926463672939,0.0032929556223648556,0.002314270452021528,2.7757764982992605,7
2019-11-20,0.19293650381985486,0.8463614866788666,0.8070634961801451,0.9426062985175645,0.0033953689752564114,0.00213946895485858,3.1497608953878675,7
2019-11-21,0.11106910913911434,0.8170877617339486,0.8889308908608857,0.9468254323228583,0.0034682535544386566,0.002015004280877808,-0.46699299790057314,7
2019-11-22,0.48985656977023584,0.8892606363718694,0.5101434302297643,0.9342202062646281,0.003130768198166069,0.002590882601903068,0.9331703345769016,7
2019-11-23,0.7966380536918187,0.9209585788746629,0.20336194630818105,0.9248309918674685,0.0028569513263473037,0.0030572887643141454,2.636919126983622,7
2019-11-24,0.5271938124933476,0.9213864250234653,0.4728061875066524,0.9246728992382903,0.0030974662099090495,0.0026476471754063,0.7132992959488276,7
2019-11-25,0.8543205657789311,0.9448121297043517,0.145679434221069,0.9138438614371215,0.0028054183847578277,0.0031449846668075883,1.9480848443942587,7
2019-11-26,0.8845161799032751,0.9468719634891388,0.11548382009672485,0.9126150997081063,0.002778435811576638,0.0031908916763355192,2.5326624535446216,7
2019-11-27,0.6551094209158165,0.9469419569549626,0.3448905790841835,0.9125722789610548,0.0029833263315586053,0.0028421198902330268,1.208602226461594,7
2019-11-28,0.8955597212600157,0.958563790926117,0.10444027873998421,0.9042549503673805,0.0027685663336006,0.00320768139805465,2.1984016244623477,7
2019-11-29,0.8296255364314422,0.9527377911269241,0.17037446356855784,0.9087526689815061,0.002827482543715217,0.003107440308779985,1.6169363633650133,7
2019-11-30,0.924523548275542,0.9596091594315194,0.07547645172445795,0.9033618516925656,0.0027426790369455938,0.003251715696456124,1.9171799067955027,7
2019-12-01,0.9310294511296332,0.9617325887311482,0.06897054887036681,0.9014529718406635,0.0027368636560640308,0.003261606753583847,2.0547066337813398,7
2019-12-02,0.9014695910200363,0.9476891176514254,0.09853040897996364,0.912110625815029,0.0027632845236230086,0.0032166662938830607,2.161893249081637,7
2019-12-03,0.8327142841145143,0.9345864706621132,0.1672857158854857,0.9191785985158412,0.002824723008197966,0.0031121361950346,2.6043213855736163,7
2019-12-04,0.5702627001188258,0.9342440007719266,0.4297372998811742,0.9193385306757741,0.0030590440248834377,0.002713125685842895,2.2925098271813487,7
2019-12-05,0.4793032877535323,0.8999942458929145,0.5206967122464677,0.9314680658964934,0.003140179757022075,0.0025748382314823588,1.7831948226244312,7
2019-12-06,0.5933416083246711,0.8980787179028683,0.4066583916753289,0.9319856920617718,0.00303845157166451,0.0027482130218559027,2.2362871638241892,7
2019-12-07,0.5321686484894708,0.9033041298774329,0.46783135151052924,0.9305435498661304,0.003093028547037183,0.0026552105202859062,2.982459649606221,7
2019-12-08,0.25128969098905785,0.8376830117428917,0.7487103090109423,0.9439524685327894,0.0033433996190043377,0.0022281844983918406,3.428895316581165,7
2019-12-09,0.11456174667217411,0.8314794201256084,0.8854382533278259,0.9448622174726754,0.00346514477566211,0.0020203142091292266,1.2688284783569084,7
2019-12-10,0.21171412464166112,0.7697484745514034,0.7882858753583388,0.9521793596494433,0.0033786473413187235,0.002168016955718201,2.1852654698134177,7
2019-12-11,0.18158935643880958,0.7340930717905577,0.8184106435611905,0.9554298940932798,0.0034054729181569646,0.002122217654693219,3.2081622433405754,7
2019-12-12,0.08611626710525025,0.6984949585244049,0.9138837328947497,0.9582220107659063,0.0034904623107046367,0.0019770679649519117,3.5036771941800056,7
2019-12-13,0.05546310252385548,0.6748736348610487,0.9445368974761444,0.9598848269700123,0.003517740580346054,0.0019304653321091227,3.37184725714481,7
2019-12-14,0.05198583513174365,0.6816178007518788,0.9480141648682563,0.959423446365573,0.003520834728379326,0.0019251787713972428,1.2893008233978294,7
2019-12-15,0.1152070188844583,0.7317557410188782,0.8847929811155416,0.9556255451864238,0.003464570415999922,0.0020212952296666943,3.432718222631677,7
2019-12-16,0.060015010879478185,0.6518183328172702,0.9399849891205219,0.9613903453211994,0.0035136901089716853,0.0019373856914497655,0.6661064387511986,7
2019-12-17,0.17561791158236978,0.7442986837639508,0.8243820884176302,0.954552462963388,0.0034107898866836744,0.002113139144986768,0.5149901231302225,7
2019-12-18,0.46890677926140256,0.8440436115982259,0.5310932207385974,0.9429747458687974,0.003149450999711967,0.002559032207056426,-0.626482081841641,7
2019-12-19,0.8823972175615815,0.9605379949529448,0.11760278243841854,0.9025430832406778,0.0027803294378648735,0.0031876701745634783,2.026903553246301,7
2019-12-20,0.8838865591920896,0.9595355336594159,0.11611344080791026,0.9034257187942265,0.0027789984789254366,0.00318993445109518,2.509553667818744,7
2019-12-21,0.6779702051437287,0.9588113458577368,0.32202979485627126,0.9040460848890907,0.0029629195472228574,0.0028768756079026554,2.628661324493434,7
2019-12-22,0.4800721607099874,0.9588816987821598,0.5199278392900126,0.9039864333220209,0.003139494083165696,0.002576007164758311,1.0602518865607902,7
2019-12-23,0.834943621361215,0.965857185846303,0.16505637863878497,0.8973249689752552,0.0028227312560106664,0.0031155255020314317,1.958201131555047,7
2019-12-24,0.8751001647091783,0.9669310835256157,0.12489983529082169,0.8961441993758774,0.002786850344026436,0.003176576315917595,2.2144609521105014,7
2019-12-25,0.8160324474911069,0.9657255190001189,0.18396755250889302,0.8974664598729962,0.0028396262979769544,0.0030867744577418735,2.4680820741910305,7
2019-12-26,0.6454315195372515,0.9657417739871514,0.3545684804627483,0.8974490297844456,0.002991964626933656,0.002827406378894372,2.9622530797821267,7
2019-12-27,0.3692383620268822,0.9625386441240718,0.6307616379731177,0.9006924550070036,0.003238306452860978,0.002407504274530285,3.1973536907703872,7
2019-12-28,0.21619131559122268,0.9566024286039969,0.7838086844087773,0.9058551550158584,0.0033746601233584548,0.002174823720658748,3.0552198890643694,7
2019-12-29,0.12131260606712989,0.7976882309386621,0.8786873939328701,0.9491973415060864,0.0034591357104599915,0.002030577678694368,2.922787108810853,7
2019-12-30,0.09296050322943875,0.7821480768697793,0.9070394967705613,0.9509111876734493,0.0034843710276578617,0.0019874733970676717,1.5029483718664447,7
2019-12-31,0.16964423980447252,0.8111202255621585,0.8303557601955276,0.9475857972381712,0.0034161086731281255,0.0021040572496460945,2.8169671071584244,7
2020-01-01,0.12149031106992828,0.8131212767089807,0.8785096889300715,0.9473340677036255,0.0034589775290940245,0.00203084784724345,3.5278878353415566,7
2020-01-02,0.05230813404527284,0.5751079695560446,0.9476918659547272,0.9657735603719415,0.003520547942157753,0.0019256687690251536,0.7179840800686788,7
2020-01-03,0.13952636330991353,0.6717037999487215,0.8604736366900864,0.9600982363029957,0.0034429222562215906,0.002058268426226136,0.13636985211090358,7
2020-01-04,0.48753210532240215,0.8539151609990696,0.5124678946775979,0.9413566982906441,0.003132841231038336,0.0025873486710773982,3.1561493788022674,7
2020-01-05,0.21355939827480244,0.8530783672757843,0.7864406017251976,0.9414989867666,0.003377004021211065,0.0021708223629508345,3.4458680215698765,7
2020-01-06,0.10916976473377503,0.8530737826151144,0.890830235266225,0.9414997636016148,0.003469944127492817,0.002012116668744679,-0.13697105500822815,7
2020-01-07,0.49320922810708,0.9187254242981646,0.5067907718929199,0.9256388827267854,0.003127778144603663,0.002595979716920487,1.0737905838902115,7
2020-01-08,0.815748051613791,0.9391908833994155,0.18425194838620879,0.9169187603836532,0.0028398803616163596,0.0030863420848748777,2.3326829598461294,7
2020-01-09,0.6830980318137844,0.9388495853614135,0.3169019681862155,0.9170936698022188,0.00295834183739737,0.0028846715476318636,1.6020960068021632,7
2020-01-10,0.8327606349658848,0.9420874930890974,0.1672393650341152,0.9153819283467327,0.0028246815972861107,0.003112206663181621,1.6650712117320443,7
2020-01-11,0.9137132953541182,0.9509324476044739,0.08628670464588195,0.9100041017698325,0.0027523414811381373,0.0032352806479149835,2.190811901903291,7
2020-01-12,0.8492831857895291,0.9516854389625001,0.15071681421047084,0.9094894292151795,0.0028099193393196793,0.0031373262350162354,2.2245754150801873,7
2020-01-13,0.785910839974376,0.9476670048193676,0.21408916002562386,0.9121244097802284,0.002866533208572866,0.0030409799619726236,2.547271079436454,7
2020-01-14,0.5556842339871922,0.9268715344724097,0.4443157660128076,0.9225438745628353,0.003072050580219401,0.0026909617457139875,-0.024517373801334785,7
2020-01-15,0.908427282212161,0.9653243881608419,0.09157271778783918,0.8978932612371257,0.002757066040440756,0.003227244214058288,2.4431683617405437,7
2020-01-16,0.7355110271027828,0.9653368153206926,0.2644889728972173,0.8978801339583373,0.0029115447741903493,0.002964356095997437,2.334377588686077,7
2020-01-17,0.6307503405611459,0.9546391840225732,0.369249659438854,0.9073666508527111,0.003005067918215185,0.002805086282327964,2.018839767237648,7
2020-01-18,0.6840634194415948,0.9456517334024036,0.31593658055840534,0.9133502102826877,0.0029574800036356835,0.002886139246180585,2.9154703820042434,7
2020-01-19,0.3851966144924317,0.9451102336170805,0.6148033855075683,0.9136696958310119,0.003224082588889061,0.002431765932033535,1.4392903355366136,7
2020-01-20,0.6172358012584573,0.9439040725022709,0.3827641987415426,0.9143670589001511,0.003017129075891841,0.0027845398519099804,2.7065640421537194,7
2020-01-21,0.39975358973230957,0.9321509779111414,0.6002464102676904,0.9202934050658175,0.00321110668059426,0.002453897199120306,2.803621968430858,7
2020-01-22,0.26966258681010474,0.9318932591845497,0.7303374131898954,0.920408381340819,0.0033270334572442564,0.002256117187557864,2.6695939243838755,7
2020-01-23,0.219604230263095,0.9302142672526474,0.7803957697369049,0.9211440991872669,0.003371620647603241,0.0021800124446143027,0.9527815269821318,7
2020-01-24,0.5175043936438447,0.9393749278722484,0.48249560635615524,0.9168239193744782,0.0031061090557199,0.0026329161538210947,2.9927684599706113,7
2020-01-25,0.2178248459250309,0.7527891382872656,0.7821751540749691,0.9537918714918119,0.0033732053395759787,0.0021773072102241366,2.713731509541316,7
2020-01-26,0.13812308787049934,0.759914611905578,0.8618769121295007,0.9531302880787373,0.0034441714732237356,0.00205613499788445,1.4542675488495536,7
2020-01-27,0.2384291874120477,0.8035613421974153,0.7615708125879523,0.9485088046480167,0.003354854537489971,0.002208632411859915,0.9857153914851907,7
2020-01-28,0.5006644412026869,0.8475741037675998,0.49933555879731306,0.9424108261806692,0.0031211290594208457,0.0026073140298178317,1.1813126076092564,7
2020-01-29,0.7937329112808442,0.911447978881157,0.20626708871915558,0.9379683948631505,0.002812337860264641,0.003058189446325177,2.731357569757762,8
2020-01-30,0.47318367170899167,0.899300901784557,0.5268163282910082,0.9405502405162629,0.0031361484314278336,0.0024791580668266904,2.0333317134268896,8
2020-01-31,0.5069831869413678,0.9062380708565905,0.4930168130586322,0.9391250335160451,0.0031020366580468838,0.00254021258674233,2.106735416745887,8
2020-02-01,0.49462531635295987,0.9084350283944903,0.5053746836470402,0.9386469931741829,0.003114509561910338,0.0025178896672931154,3.1631514565135253,8
2020-02-02,0.22989872001362677,0.9071215494833588,0.7701012799863732,0.9389344363658889,0.0033814610215048575,0.0020396947838080036,3.1730446981510214,8
2020-02-03,0.131532197961141,0.8866367619131524,0.8684678020388591,0.9428712919818769,0.0034805377119687987,0.0018620081886484105,3.082663374875523,8
2020-02-04,0.10312638422937527,0.8865180078291526,0.8968736157706247,0.9428915695821014,0.003509136854505982,0.0018106967036083889,2.433547756420554,8
2020-02-05,0.12243935148559318,0.8882512881962793,0.877560648514407,0.9425930707562301,0.003489693016997022,0.001845583119459862,0.16432446463980188,8
2020-02-06,0.4775896143292601,0.9174395615028165,0.5224103856707399,0.9365319278148486,0.0031317022069107274,0.002487116841075579,2.686967659833128,8
2020-02-07,0.3130425705713513,0.8976214533298281,0.6869574294286487,0.94087758373257,0.0032976676611606226,0.002189883561512041,3.2133106629631594,8
2020-02-08,0.14655207828741737,0.8460322019875806,0.8534479217125827,0.948640274148066,0.003465413478675928,0.0018891396896834535,2.916912215907045,8
2020-02-09,0.11102855474557952,0.8509607648684596,0.8889714452544205,0.9480413975879579,0.0035011814308198203,0.0018249709683083818,1.6835548663636337,8
2020-02-10,0.18807912149932587,0.8559228643056999,0.8119208785006741,0.9474147632365327,0.003423590257618186,0.0019641530047972296,1.213364583643717,8
2020-02-11,0.3628382796768938,0.8725330779072509,0.6371617203231063,0.9451177955989115,0.003247461353595764,0.002279833168552131,1.1074306205517983,8
2020-02-12,0.6716892190994099,0.906250602967066,0.32831078090059,0.9391223450633791,0.0029357022993430023,0.002837733058603614,2.709922294946166,8
2020-02-13,0.4183620016270062,0.9070797548537946,0.5816379983729938,0.9389435021153185,0.003191460720914898,0.002380129701336316,2.4013538406410087,8
2020-02-14,0.3415819916887198,0.9087206107915212,0.6584180083112803,0.938583837133797,0.0032688948931583646,0.002241436391279319,2.710061816295629,8
2020-02-15,0.23979195263504594,0.9085012558041828,0.760208047364954,0.9386323682979605,0.0033714928687725403,0.0020575656486402864,0.5097295097714805,8
2020-02-16,0.6003919322956985,0.9002330808507968,0.3996080677043013,0.9403657075806467,0.0030077261803892817,0.002708943589667131,3.000458264903338,8
2020-02-17,0.2983395222052065,0.8981083666250355,0.7016604777947933,0.9407833458075314,0.0033124888514779764,0.0021633243770645813,1.3640730532422884,8
2020-02-18,0.501670725637171,0.910015824260404,0.4983292743628289,0.938294377561152,0.0031073986925413064,0.002530616301935634,0.9286857458888863,8
2020-02-19,0.8309900116830325,0.9369704291742657,0.16900998831696756,0.9307889326862149,0.002774658200477847,0.0031254896535283117,0.9784187122147128,8
2020-02-20,0.9298478337026107,0.9522650922168157,0.0701521662973893,0.9244982564341366,0.0026746352545260047,0.003304063719511648,2.4074222944809467,8
2020-02-21,0.7641268375194697,0.9485445813370018,0.2358731624805302,0.9262369446726435,0.0028422732583970275,0.003004709844394192,2.5738969381580867,8
2020-02-22,0.5476008745973465,0.9395171054367385,0.45239912540265326,0.9298806219205457,0.0030610338594203377,0.0026135832668503015,2.986418591980261,8
2020-02-23,0.2958751688057625,0.9390555837741782,0.7041248311942375,0.9300486736947571,0.003314972868407201,0.00215887283648268,1.4168838510504826,8
2020-02-24,0.5320403016759365,0.9441285138088007,0.46795969832406353,0.9281098776552472,0.003076743240001894,0.0025854750734990864,1.3800778703816,8
2020-02-25,0.7756190637612769,0.9493564369858986,0.22438093623872302,0.9258710529503765,0.002830653877157,0.003025469087570655,1.6451403019111446,8
2020-02-26,0.874632658349862,0.9441239116088127,0.12536734165013813,0.9281117334957193,0.002730509050842866,0.003204324536862343,0.9032250309942363,8
2020-02-27,0.945008975306804,0.9600386127045688,0.05499102469319594,0.9202561753678425,0.002659289785329791,0.0033314503910556936,2.374505784290498,8
2020-02-28,0.8071222239343402,0.9574955928329554,0.19287777606565998,0.9217487536973964,0.002798797732615607,0.0030823755345113345,2.6107634977578393,8
2020-02-29,0.5581883801725805,0.9453590073966851,0.4418116198274195,0.9276068209364873,0.003050344200902105,0.0026327082473583327,1.9338994287888482,8
2020-03-01,0.6105881935037277,0.9227377258582493,0.3894118064962723,0.9351521116632165,0.0029974280414139434,0.002727361837050584,2.8043038441493993,8
2020-03-02,0.3601471690744079,0.922926702188953,0.6398528309255921,0.9351007857491872,0.0032501750678074572,0.002274972019960352,1.027725180040937,8
2020-03-03,0.711270085988127,0.9379919134141238,0.28872991401187303,0.9304301068537677,0.002895703741747443,0.0029092308540341425,2.132383918077024,8
2020-03-04,0.6827822508659767,0.9396753319805614,0.31721774913402345,0.9298226449844577,0.002924493235700696,0.0028577712077977754,2.86551832610402,8
2020-03-05,0.3857964869886963,0.9325496844340456,0.6142035130113037,0.9322635881512722,0.0032243083905674594,0.002321304246344488,1.342004969975551,8
2020-03-06,0.6598198638223891,0.9332785776317409,0.340180136177611,0.9320287313833915,0.002947694917431505,0.0028162925798522354,2.6801796635364905,8
2020-03-07,0.43130875027401033,0.9243429560617648,0.5686912497259896,0.9347111896228607,0.0031783998760314828,0.002403516354005054,1.4874432270929367,8
2020-03-08,0.5966065201730228,0.8750563484907736,0.403393479826977,0.9447381594791594,0.003011549242436261,0.00270210572473789,-0.5220214845240108,8
2020-03-09,0.9017465069028622,0.9590558229608492,0.09825349309713785,0.920846578711548,0.0027030742674371087,0.003253302251338054,1.8733508315446297,8
2020-03-10,0.9231913720474099,0.9612905198035501,0.07680862795259008,0.9194775375565983,0.002681372170877256,0.0032920396692286465,2.45957025358563,8
2020-03-11,0.7418633028993523,0.9601214945190577,0.25813669710064774,0.920205564531039,0.0028647806742595756,0.0029644936043531386,2.8021359800101893,8
2020-03-12,0.45789415234652237,0.9600945657564317,0.5421058476534776,0.9202220225386005,0.0031515767545913626,0.0024515394972111633,-7.511741112788711,8
2020-03-13,0.41738232228427646,0.9983070232761063,0.5826176777157234,0.806189068008532,0.0031924489893916195,0.0023783600353653573,-1.6952522324245498,8
2020-03-14,0.8930260228779778,0.9984262471026042,0.10697397712202195,0.8025192898931086,0.0027118984954242562,0.0032375498074964535,-0.06631848315156842,8
2020-03-15,0.9887897692614571,0.9984811412694001,0.01121023073854294,0.800716413977045,0.002614968288802845,0.0034105348198721886,1.7649830872385235,8
2020-03-16,0.9965929674663819,0.9984842429711625,0.0034070325336179623,0.8006122371063322,0.002607067405943341,0.00342463030369593,0.8043688844727951,8
2020-03-17,0.9982079230129338,0.9985124388554425,0.0017920769870660147,0.799653427202552,0.0026054321838803653,0.003427547515226981,0.6756038972523148,8
2020-03-18,0.9984114336632485,0.9985450459275026,0.0015885663367515889,0.7985172816740977,0.0026052261181119902,0.0034279151312997936,2.2353675316736186,8
2020-03-19,0.9946429776787086,0.998490859339892,0.005357022321291455,0.8003891625835228,0.00260904184400029,0.003421107895474739,-1.4024236613353869,8
2020-03-20,0.9980811942837012,0.9986054794424648,0.001918805716298772,0.7963292570620573,0.0026055605035782943,0.0034273185959164637,2.2343486488834747,8
2020-03-21,0.9940795730244728,0.998605589790459,0.005920426975527141,0.7963251593901525,0.0026096123077984836,0.003420090176716168,2.2690161309901726,8
2020-03-22,0.980503901480693,0.9986055127828911,0.019496098519307056,0.7963280190364072,0.0026233574485626707,0.0033955674549274264,1.085638987570966,8
2020-03-23,0.990024188093022,0.9921905723557248,0.009975811906978185,0.8715602684743864,0.002613718443307154,0.0034127646402887795,-0.31576768896499435,8
2020-03-24,0.9906250315482696,0.9914519653604545,0.009374968451730236,0.8747771944349438,0.0026131100874488933,0.003413849987473565,1.6950474701291631,8
2020-03-25,0.9887236557963852,0.9902403721994494,0.011276344203614815,0.8793750568408223,0.002615035228214399,0.003410415394317054,2.164164514991908,8
2020-03-26,0.9764190396437424,0.9898954127315603,0.023580960356257483,0.8805565263332702,0.002627493067573103,0.0033881886722241217,2.276980375824253,8
2020-03-27,0.9383650163528714,0.9887431234875353,0.06163498364712862,0.884168575475028,0.0026660147054947464,0.0033194489253103206,1.5713459517988027,8
2020-03-28,0.9755702379332393,0.9872910500697184,0.02442976206676075,0.8881182471421506,0.0026283524025550405,0.0033866554200285785,1.577774041799628,8
2020-03-29,0.9835233797612936,0.9878688338713757,0.016476620238706295,0.8866169804105547,0.0026203003812249248,0.0034010217579122566,1.2017435966270826,8
2020-03-30,0.9758597694028879,0.9778610390677045,0.024140230597112337,0.9047953011752289,0.0026280592786502625,0.0033871784217568085,0.3594259705307161,8
2020-03-31,0.981745929985404,0.983713702877275,0.01825407001459616,0.8958455796523866,0.0026220999654246466,0.0033978110212494676,2.2992361436511226,8
2020-04-01,0.9255521636370344,0.9837139503390098,0.07444783636296552,0.8958451201563123,0.0026789828781838923,0.003296304138589655,1.90694828111282,8
2020-04-02,0.9594279129883011,0.9822629034439438,0.04057208701169901,0.8983998770944975,0.0026446941519894748,0.003357496365732693,2.112923081646943,8
2020-04-03,0.9440109212116167,0.9697682836269236,0.055989078788383315,0.9132246387177189,0.002660300019787447,0.0033296475334344358,2.3113592249102424,8
2020-04-04,0.8453203713095935,0.9658004820937768,0.15467962869040663,0.916390357220108,0.002760162897793495,0.003151375623229441,2.2473718490970493,8
2020-04-05,0.7935014609328022,0.9660208760659601,0.20649853906719784,0.9162267062739818,0.0028125719073443405,0.0030577713607465276,2.3367221714994426,8
2020-04-06,0.686582811007076,0.9660461579034245,0.3134171889929238,0.9162078494435881,0.0029206527374263528,0.0028646364356932053,0.5237640078820841,8
2020-04-07,0.9354199674250774,0.9729333588947913,0.06458003257492269,0.9103047638446842,0.0026689955497230414,0.0033141290694727937,2.130664785787179,8
2020-04-08,0.9102613983897625,0.9705562244389833,0.08973860161023739,0.9125344161002104,0.0026944575989700215,0.003268683318441895,2.0379929229533063,8
2020-04-09,0.9208660135487131,0.9658562289404925,0.07913398645128703,0.9163490868174319,0.0026837255671503415,0.003287839205234013,2.2527127631816075,8
2020-04-10,0.8149130508006863,0.9321256728693139,0.18508694919931376,0.932398785261757,0.002790918612741167,0.0030964486710874173,0.7775320561618841,8
2020-04-11,0.9321725002092658,0.9550490407989319,0.0678274997907341,0.9230840013699769,0.002672282422333419,0.003308262933510783,2.432698949358471,8
2020-04-12,0.7586601582643455,0.9505283324355216,0.24133984173565456,0.9253299473982413,0.002847800120865748,0.002994834984498726,2.3626893230334503,8
2020-04-13,0.6470309103650881,0.9490102874552665,0.3529690896349118,0.926027935395263,0.002960615654698709,0.0027931909640985563,2.0834010587116047,8
2020-04-14,0.6550548077450699,0.9502076439520222,0.34494519225493026,0.9254795791249832,0.002952509199801612,0.0028076851128761068,2.958550197953856,8
2020-04-15,0.35746287327864446,0.9489642456652231,0.6425371267213555,0.9260487035947945,0.0032528818628902484,0.002270123181449055,1.0137197940171996,8
2020-04-16,0.6960306342969672,0.9547534244968463,0.30396936570303285,0.9232392445042067,0.002911105223394965,0.002881702725290743,0.501588496219919,8
2020-04-17,0.919903990705019,0.9553515935913889,0.08009600929498087,0.9229238040210248,0.0026846991791676586,0.003286101433480015,2.3353307762568214,8
2020-04-18,0.7952298859886349,0.9545836652546863,0.20477011401136508,0.9233278284731082,0.002810824081971526,0.003060893540495808,1.9835771234252355,8
2020-04-19,0.8460046203388331,0.9545700374866444,0.153995379661167,0.9233349219922102,0.0027594707395053953,0.003152611631961985,2.1259486057360903,8
2020-04-20,0.8169483623770215,0.9551609838281807,0.18305163762297846,0.9230248848299705,0.0027888601698345923,0.003100125202254138,1.3902002570109553,8
2020-04-21,0.9100590746762873,0.9451921797537844,0.0899409253237127,0.9276758368661359,0.00269466234651056,0.0032683178464193276,2.489542377263337,8
2020-04-22,0.7008040230754106,0.9451611378288582,0.29919597692458944,0.9276886502615432,0.0029062812456749085,0.002890325244230287,1.6262038912603873,8
2020-04-23,0.8629912834553001,0.9510488096732715,0.13700871654470007,0.9250845308957057,0.0027422867474971263,0.0031832958756386857,1.408256339635321,8
2020-04-24,0.9397083551855556,0.9597594963841615,0.060291644814444365,0.9204256639635869,0.002664655020388302,0.0033218754958380245,2.4184909889216195,8
2020-04-25,0.7821310189788427,0.9597680626549069,0.21786898102115707,0.920420483903552,0.002824069488269759,0.003037232105376892,2.725391765232612,8
2020-04-26,0.5060557351292333,0.9548416570006851,0.4939442648707668,0.9231930406124182,0.0031029727776383685,0.002538537263154242,2.136337108563385,8
2020-04-27,0.5091748539091253,0.9202963676689759,0.49082514609087485,0.935801761883642,0.003099824485891524,0.0025441715540118737,2.6193925344708475,8
2020-04-28,0.3594220942134188,0.9215032005250349,0.6405779057865811,0.9354836927156547,0.0032509062247515186,0.0022736622645619024,3.268758658506571,8
2020-04-29,0.643243130617767,0.6924242488965631,0.3567568693822331,0.6296351469238147,0.001933285228600365,0.002092802188625522,-1.5802146892528746,9
2020-04-30,0.15547298911388233,0.4527147364627649,0.8445270108861177,0.883509148577911,0.0025115642794497533,0.0029841978127694187,2.1835006890235684,9
2020-05-01,0.19759594172316364,0.4703978268558831,0.8024040582768365,0.8721159796510943,0.0024616878333433997,0.002907218489032697,1.993112602971263,9
2020-05-02,0.16711708865739838,0.46449165228685374,0.8328829113426016,0.876016532073301,0.0024977780574366496,0.002962918323729387,2.2756221264349867,9
2020-05-03,0.21848587747467632,0.4771694018693762,0.7815141225253237,0.8675224966326516,0.0024369483297975634,0.0028690423160096143,2.371547574785126,9
2020-05-04,0.28482394429244645,0.5073575822664934,0.7151760557075536,0.8453735282506489,0.002358366252479812,0.0027478100849976745,2.845087140998753,9
2020-05-05,0.37519390736883423,0.5073961705564158,0.6248060926311658,0.8453433821769255,0.0022512694179979958,0.0025826597758951725,2.5301710720496806,9
2020-05-06,0.35008415741510657,0.5058168339639899,0.6499158425848934,0.8465732254593659,0.0022810322862186743,0.0026285476220906986,1.6898296347006114,9
2020-05-07,0.19821241245223287,0.4982439200989084,0.801787587547767,0.85235854417662,0.0024609578020007433,0.0029060918942218476,0.6044710633757808,9
2020-05-08,0.11255737797236096,0.4368631860547208,0.8874426220276391,0.8930206785330329,0.0025623670990070103,0.003062625712970662,2.1416711724607116,9
2020-05-09,0.15082323502002515,0.4351387411460834,0.8491767649799749,0.8940172553574847,0.002517069178798137,0.0029926951972953147,1.7680778847099068,9
2020-05-10,0.2999821239821028,0.6318685935953223,0.7000178760178971,0.7182480543475303,0.002340406203371326,0.0027201086455375077,-0.3529300095800647,9
2020-05-11,0.1500650116148921,0.48708371322222616,0.8499349883851077,0.8605560665207822,0.0025179668348395226,0.0029940808438692827,2.1287538068196383,9
2020-05-12,0.2012346026301347,0.4912164934547261,0.7987653973698653,0.8575651445675022,0.0024573788547939787,0.002900568868372815,1.9262358415324354,9
2020-05-13,0.17422907787009165,0.4852578255553264,0.8257709221299085,0.8618610013396936,0.002489357256044848,0.002949921226277692,1.226792692102638,9
2020-05-14,0.12251748593419332,0.4515306645256147,0.8774825140658068,0.8842419828186494,0.002550577577464107,0.003044423703668075,1.435642556456516,9
2020-05-15,0.10684085224427539,0.4274846130332645,0.8931591477557246,0.8983532945661543,0.0025691333029976135,0.0030730726132331718,1.2886440022268215,9
2020-05-16,0.09542953194850003,0.4075898991324869,0.9045704680515,0.908981878804669,0.0025826393367519556,0.003093926700254564,2.4040818914764044,9
2020-05-17,0.17850561644041296,0.41498175370100426,0.8214943835595873,0.9051381708984343,0.0024842935477521343,0.0029421058898236943,1.8490248554297897,9
2020-05-18,0.14410958409056218,0.46060487971925457,0.8558904159094378,0.8785307793267275,0.0025250172954474257,0.00300496433505373,2.5810625238356635,9
2020-05-19,0.2624221191260335,0.4623560421746005,0.7375778808739666,0.877403118127451,0.002384906067454699,0.0027887492225689274,2.85596487515957,9
2020-05-20,0.339429227072696,0.47159066910610176,0.6605707729273038,0.8713163172322956,0.0022936604219771185,0.002648019413155029,1.7384114874422123,9
2020-05-21,0.3005872961990031,0.5945373156191694,0.6994127038009967,0.7633294726491432,0.0023396891380054142,0.0027190026986578255,1.1231212918280264,9
2020-05-22,0.21528101753164552,0.5564054225805908,0.7847189824683544,0.8028628684373684,0.002440743966084502,0.002874899169240531,2.4675611724639466,9
2020-05-23,0.3521204850011457,0.5660784650807215,0.6478795149988542,0.7934108160465771,0.0022786187612110448,0.0026248262514181877,3.0140443458599995,9
2020-05-24,0.5255705631510962,0.6271424996257937,0.4744294368489037,0.7243325998426942,0.0020729381492849423,0.0023078477660324614,1.0012764002984962,9
2020-05-25,0.34879878445829526,0.6442173401524699,0.6512012155417047,0.7018064089969454,0.002282555739890826,0.002630896629812987,2.5099510778602765,9
2020-05-26,0.559341327007038,0.7063036249318098,0.440658672992962,0.606360256483139,0.002032868722843062,0.0022461319934507906,2.6949381814094,9
2020-05-27,0.624829774751538,0.7058248712650869,0.375170225248462,0.607182384158982,0.001955144165264579,0.0021264524337888577,1.1644410755357433,9
2020-05-28,0.45268444000257535,0.6920828848400639,0.5473155599974246,0.6301930991289303,0.002159392467983179,0.0024410465121367008,1.2480138167168406,9
2020-05-29,0.339190184677646,0.6452751129621593,0.6608098153223539,0.7003608439765527,0.002293943724359517,0.002648456261020041,2.1536993088077447,9
2020-05-30,0.4217544452834049,0.6406189723225193,0.578245554716595,0.7066796598580782,0.002196069545558541,0.002497570804219148,1.7409578880648533,9
2020-05-31,0.3705935682062798,0.6377599793534634,0.6294064317937201,0.7105030898220803,0.0022567225667029763,0.0025910668550706943,1.6453068984139607,9
2020-06-01,0.4041477114714371,0.6774737238049737,0.5958522885285629,0.6534298593627873,0.0022169449214623554,0.0025297469547048363,0.25697987861045146,9
2020-06-02,0.20906385093747404,0.5522512192211841,0.7909361490625261,0.8068079675573867,0.002448106994910179,0.002886260986262646,0.571655014262349,9
2020-06-03,0.14455070365034225,0.4841241287358734,0.8554492963496577,0.8626662050057958,0.0025244950747191327,0.0030041581929555277,2.265053653415407,9
2020-06-04,0.22966243230066635,0.5040211508287545,0.7703375676993336,0.8479616918208158,0.0024237109783333314,0.0028486172608100995,2.151714237667757,9
2020-06-05,0.2342208184069161,0.5017296656069471,0.7657791815930838,0.8497184185182057,0.0024183118515698973,0.002840286850474318,2.018389156950623,9
2020-06-06,0.21713860861928017,0.4985987936023141,0.7828613913807199,0.8520915224636132,0.002438543959383162,0.002871504437939716,2.7704900227017975,9
2020-06-07,0.35896693527124285,0.5170077769314666,0.6410330647287571,0.8376809550954444,0.0022705039113971007,0.002612314424038047,2.761150977733573,9
2020-06-08,0.412073702859579,0.5430312723585583,0.5879262971404209,0.8153256262666984,0.002207547747654526,0.0025152622754692263,3.1061481962910986,9
2020-06-09,0.4604302167479043,0.5461967324025324,0.5395697832520956,0.8124378295888248,0.0021502064528406977,0.002426891173568633,3.1768111199269953,9
2020-06-10,0.4848429252176434,0.5582336619054465,0.5151570747823566,0.8011051220128459,0.0021212518591339105,0.002382277164526727,2.6578662129834973,9
2020-06-11,0.4529930935938705,0.5686142103928898,0.5470069064061295,0.7908701982067071,0.0021590264314609495,0.0024404824504255665,0.43750744795551866,9
2020-06-12,0.27470572017310513,0.6069018451192179,0.725294279826895,0.7491375116916617,0.002370353896019749,0.0027663010501811514,2.0956111526824324,9
2020-06-13,0.496073371697648,0.7211668098162591,0.503926628302352,0.5801433588959596,0.0021079306968554237,0.002361753622805634,3.2184810005071367,9
2020-06-14,0.6728516383191601,0.7270466537745386,0.3271483616808397,0.5693988314280314,0.0018981315099064963,0.002038692902392709,2.3547367384509763,9
2020-06-15,0.6560171899347579,0.7319671376908107,0.343982810065242,0.560243997006191,0.001918119505699033,0.002069457708082672,2.842306290315674,9
2020-06-16,0.6873919847823468,0.7386598999325003,0.31260801521765325,0.5475525331166173,0.0018808658397772048,0.0020121205476953544,3.0768936023316256,9
2020-06-17,0.6991847467923045,0.7366030155571214,0.30081525320769564,0.5514823392531255,0.0018668617017499627,0.001990569379311336,2.8772522443486475,9
2020-06-18,0.6942966852436572,0.7369177066319537,0.30570331475634294,0.5508827888872277,0.0018726664841926175,0.0019995022686054124,3.0031296734414727,9
2020-06-19,0.6971270064047603,0.7357852487531217,0.3028729935952398,0.5530375014089831,0.0018693053760431067,0.0019943298816894146,2.505729625162622,9
2020-06-20,0.6703364777777313,0.731711276857528,0.3296635222222687,0.5607237132174242,0.0019011179483117869,0.0020432893360607008,3.120652055619785,9
2020-06-21,0.6956647782849883,0.7338373529265131,0.30433522171501176,0.5567252713561034,0.0018710418311941057,0.0019970020906594967,2.8489205106405113,9
2020-06-22,0.9054898184991609,0.9142632880589421,0.09451018150083916,0.1427619488139731,0.0016217200806487313,0.0016135486834745858,0.3081861379938291,9
2020-06-23,0.7694259636373149,0.8364178749039266,0.2305740363626852,0.33299812222377717,0.0017834296240469704,0.0018622041761089865,2.924095873198113,9
2020-06-24,0.8149574732801368,0.8337197288845951,0.1850425267198631,0.3395289366806997,0.0017293299771813065,0.0017789957445081069,0.7953014980087412,9
2020-06-25,0.6767315485044132,0.7908794866627247,0.32326845149558686,0.43925191716688883,0.00189352451921253,0.0020316024008082086,3.108907192705541,9
2020-06-26,0.7653950017934947,0.7943667252389212,0.23460499820650527,0.43146211595832384,0.0017882184666360983,0.0018695707232649762,2.708727202962182,9
2020-06-27,0.7629226951667314,0.7934703180190668,0.2370773048332687,0.4334706903617873,0.0017911555499622355,0.0018740888417825311,1.9302087687642282,9
2020-06-28,0.7186050517309588,0.7836766133546146,0.28139494826904127,0.4551330725789282,0.0018437976812685968,0.0019550789436145483,2.7610335521829983,9
2020-06-29,0.7413948751525271,0.7798281853148187,0.258605124847473,0.46350011497221066,0.001816728727039853,0.0019134307426599676,3.1191798798117483,9
2020-06-30,0.7571671081326055,0.7819696025425029,0.24283289186739437,0.4588546533015122,0.0017979929897498667,0.001884607126236722,3.2277911315150654,9
2020-07-01,0.7630055515925861,0.7835148922532245,0.236994448407414,0.45548635252807507,0.0017910571177574635,0.0018739374223963189,2.9056375563189065,9
2020-07-02,0.7535310837697237,0.7814794592250337,0.2464689162302764,0.45992022640160934,0.0018023123478105474,0.0018912519286355747,2.0462492173952715,9
2020-07-03,0.8096553030480228,0.8485949031613527,0.19034469695197737,0.3032668999408286,0.0017356306242458216,0.0017886854137625652,3.3836028874990425,9
2020-07-04,0.8423970636353563,0.8509901355485029,0.15760293636464373,0.2973773835262578,0.0016967201069035041,0.00172885013556302,3.362900219331906,9
2020-07-05,0.9099546993447022,0.9128659483202454,0.09004530065529774,0.14602739231007678,0.0016164115513259709,0.001605389153176629,3.280176172206863,9
2020-07-06,0.9109756682080369,0.9127518446365502,0.08902433179196304,0.14629463677428864,0.0016151976495772987,0.0016035233415991558,1.1803299569696337,9
2020-07-07,0.8473364311073341,0.8714180018208336,0.1526635688926658,0.24684987345256876,0.0016908495094687555,0.0017198234851473451,2.7752031700088895,9
2020-07-08,0.8749666616062333,0.8832444289311976,0.12503333839376668,0.2175954423806901,0.001658007084570982,0.0016693294830239908,1.9825323512038406,9
2020-07-09,0.8523682520377864,0.8697074483029277,0.14763174796221357,0.2510895445149332,0.0016848688605541106,0.0017106278768531358,1.5134244297146031,9
2020-07-10,0.8121125169581407,0.8487373843986714,0.18788748304185945,0.3029168837469333,0.0017327107040730058,0.0017841948770513359,3.3959915972157515,9
2020-07-11,0.8393037956606706,0.8480219094346428,0.16069620433932935,0.3046740717317494,0.0017003964726040634,0.0017345030554577019,3.220385317843641,9
2020-07-12,0.8439600272857831,0.8523030024741123,0.15603997271421685,0.2941445938911474,0.0016948624918555109,0.0017259938333006656,3.437309043072067,9
2020-07-13,0.8580766882361528,0.8639610292857516,0.14192331176384718,0.2653308572179134,0.0016780838052957514,0.0017001957601347163,3.1867237066981655,9
2020-07-14,0.8559580271518274,0.8627596491632744,0.14404197284817272,0.2683065754607589,0.001680602074227468,0.001704067594547928,3.5940591080492026,9
2020-07-15,0.860058898998842,0.8646725485698624,0.13994110100115806,0.26356808554521266,0.0016757276958953527,0.0016965732874787557,3.0576832130111633,9
2020-07-16,0.8560403090284289,0.8635450574736949,0.14395969097157119,0.2663612868976612,0.0016805042734468563,0.0017039172251453998,3.043699221842527,9
2020-07-17,0.9019954015487146,0.9060979383567466,0.09800459845128534,0.16202244152164136,0.0016258746820266485,0.0016199346995783145,3.6326192839870854,9
2020-07-18,0.9097184411529929,0.9111596818027613,0.09028155884700703,0.15003277566083953,0.0016166924543285536,0.0016058209129346341,3.6479697878258786,9
2020-07-19,0.9358955832769512,0.9365262438342511,0.06410441672304869,0.09299933893763479,0.001585566449466692,0.0015579824169784328,3.5745007957148522,9
2020-07-20,0.9721691192997891,0.9721641265352854,0.027830880700210805,0.027529930660220192,0.0015424277333906597,0.0014916928503737779,3.2726591621285195,9
2020-07-21,0.9723546320698064,0.9723509447878574,0.02764536793019375,0.027254312363407085,0.0015422070876262562,0.0014913538274255794,1.5003494240475632,9
2020-07-22,0.9284806311358753,0.9302753513401192,0.07151936886412463,0.10647618182697129,0.001594383683901678,0.001571533176505067,2.477606455833646,9
2020-07-23,0.9143043839995936,0.9170820004792658,0.08569561600040644,0.13621766168487467,0.001611239856705564,0.001597440142899326,3.2697628796674145,9
2020-07-24,0.9132079744183695,0.9148598256679573,0.08679202558163039,0.14137209080856616,0.0016125434793353953,0.0015994438217222223,3.1507616000628462,9
2020-07-25,0.9107288234689657,0.9126666663794142,0.08927117653103431,0.14649419215174805,0.0016154911413014197,0.0016039744481789327,2.361961891984514,9
2020-07-26,0.8940022668257513,0.8995982124564728,0.10599773317424871,0.1776229851471899,0.0016353776169687915,0.001634542082665099,1.5861430141251311,9
2020-07-27,0.8499641238169597,0.8705781929820149,0.15003587618304023,0.2489313002447775,0.0016877263455868665,0.0017150213999361976,-1.7801399662052366,9
2020-07-28,0.2897826309748045,0.550094505602214,0.7102173690251956,0.8088295966259815,0.0023524911607615993,0.0027387481288957153,2.4166927971759344,9
2020-07-29,0.5226725400576214,0.906570485114738,0.4773274599423786,0.7847169889862778,0.0031484143214127575,0.0022773055352595575,2.3435908164124557,10
2020-07-30,0.5233190337651439,0.9076885444198249,0.476680966234856,0.7825825813271164,0.0031477427944412305,0.0022784594631352234,3.1207555586392552,10
2020-07-31,0.36568430280593256,0.9075449737297672,0.6343156971940674,0.7828588130454209,0.003311402552549608,0.0019970969253248864,2.1939971798134237,10
2020-08-01,0.4578603834636136,0.9062946493728411,0.5421396165363863,0.7852377158949972,0.0032157225916073975,0.0021616221909274663,1.2394959733612099,10
2020-08-02,0.7714083173172079,0.912777534826776,0.22859168268279206,0.7723600998322219,0.002889850503333447,0.002721274507757712,0.7897008178700602,10
2020-08-03,0.9037758049387532,0.9263434704751207,0.09622419506124696,0.7402624810613223,0.002752092201744874,0.002957537493802413,2.277806071274949,10
2020-08-04,0.8176024188809021,0.926707374976193,0.18239758111909785,0.739286321113527,0.0028417877773414986,0.0028037264494633284,2.5956852497206735,10
2020-08-05,0.6331590001741938,0.9259580109060271,0.3668409998258062,0.7412890593945851,0.0030336109867002505,0.0024745130327629046,1.2957175975190707,10
2020-08-06,0.8701590717237945,0.9302212413070011,0.12984092827620564,0.7294961863813567,0.0027870885900936433,0.0028975349213191874,2.539881240989743,10
2020-08-07,0.6147099666710004,0.869896184820647,0.3852900333289997,0.838436905060502,0.0030527862617157724,0.00244158331698885,2.19603737460036,10
2020-08-08,0.5678480299553436,0.8712730198188008,0.4321519700446564,0.8368604498050772,0.003101483155969145,0.002357939355021887,2.535691005405173,10
2020-08-09,0.4502929234048564,0.8703148829292977,0.5497070765951436,0.8379603139739565,0.0032235797526084455,0.0021481150167536405,2.9368939457239573,10
2020-08-10,0.3160973188810676,0.8705911918112209,0.6839026811189324,0.8376444598195139,0.003362852086179886,0.0019085890212953455,2.3555958523101825,10
2020-08-11,0.34810919526176104,0.8698713783727647,0.651890804738239,0.8384650650284228,0.003329639595728638,0.0019657270816944416,0.868594016872674,10
2020-08-12,0.6776367234680322,0.8710683026593306,0.32236327653196784,0.8370965376850581,0.0029873734923888113,0.0025539014075571524,2.272975025233046,10
2020-08-13,0.5434358445367489,0.8131704327405549,0.456564155463251,0.8863381150792291,0.0031268456980666115,0.0023143659977986645,2.2474514415315903,10
2020-08-14,0.4664154575257545,0.8162764738426425,0.5335845424742457,0.8843568116546383,0.003206839568889168,0.002176892159256351,3.1786434500295107,10
2020-08-15,0.24195272797921563,0.8160607015092867,0.7580472720207844,0.8844962538803417,0.003439752414199254,0.0017762481968202348,3.1336548394591106,10
2020-08-16,0.1459886474533067,0.7460640795801664,0.8540113525466932,0.918839265525691,0.003539231191067241,0.001604961722887077,3.489129508725898,10
2020-08-17,0.10860315778793575,0.74559976070237,0.8913968422120643,0.9190123649403102,0.003577970046258211,0.0015382322896871517,0.9064699246294108,10
2020-08-18,0.3010555291406922,0.786344115236765,0.6989444708593077,0.9014076667497518,0.003378455767436468,0.001881740901538941,1.430111378499968,10
2020-08-19,0.45446492979523834,0.8036273543703004,0.5455350702047616,0.8920953152498861,0.0032192480767055933,0.0021555616390723127,1.8003913678277863,10
2020-08-20,0.5125563903190999,0.8151462039707267,0.4874436096809,0.8850842283086533,0.003158921837682566,0.002259249199920385,2.6646090069386763,10
2020-08-21,0.3401812739724862,0.811692320315222,0.6598187260275139,0.8872617723295444,0.0033378654641445845,0.001951576519569347,1.3335751918757532,10
2020-08-22,0.5030557016886149,0.7872119540386724,0.496944298311385,0.9009706949058027,0.003168789488552533,0.002242291402309713,2.4863419603670813,10
2020-08-23,0.3558372349204903,0.7848273806713101,0.6441627650795098,0.9021641813022786,0.003321620735435742,0.0019795208747085055,3.254707024116546,10
2020-08-24,0.17943250697537272,0.7742846573768343,0.8205674930246273,0.9071825964200562,0.0035045691074471388,0.0016646557327797047,3.078803701802585,10
2020-08-25,0.14621174338369222,0.7774158253625467,0.8537882566163079,0.9057344303082663,0.0035389999922692114,0.0016053599272470328,0.7247787099309053,10
2020-08-26,0.3963109324359293,0.8145416297750352,0.6036890675640707,0.8854702789135249,0.003279617721401658,0.0020517624561050473,2.8401304496246516,10
2020-08-27,0.26477593992999393,0.8167778047875607,0.7352240600700062,0.8840317708011027,0.003416084662032656,0.0018169853922109882,2.3260080183360294,10
2020-08-28,0.2500245062523251,0.7886263355255994,0.7499754937476749,0.9002520150590259,0.0034313823306940973,0.0017906555295555066,2.1481948732236757,10
2020-08-29,0.2640516794033364,0.775768223202733,0.7359483205966635,0.9065007450481312,0.0034168357737722668,0.0018156926581886297,3.2496296730434486,10
2020-08-30,0.1484160606139277,0.756540305057869,0.8515839393860721,0.9147831315132751,0.0035367155969585006,0.001609294417357582,2.2159043539559335,10
2020-08-31,0.18343144506297293,0.765449722404145,0.816568554937027,0.9110899969726394,0.003500424027245792,0.0016717934451482104,3.398672796218521,10
2020-09-01,0.10918343585572246,0.7207171637310362,0.8908165641442776,0.927554638747697,0.003577368829998293,0.0015392680291386968,1.600422061505935,10
2020-09-02,0.19704348718639453,0.7452184480992653,0.8029565128136056,0.919154112354379,0.003486313766184408,0.0016960896056029654,0.3095023809249946,10
2020-09-03,0.5441900537869377,0.8220183823469086,0.45580994621306214,0.8805430172520238,0.0031260621845957477,0.0023157121873558888,-1.001245700428958,10
2020-09-04,0.8657862827537559,0.920853100376364,0.13421371724624406,0.7542054820732551,0.002791640312259188,0.0028897299217836635,2.1098317704002585,10
2020-09-05,0.8381941152254097,0.9176469061997953,0.16180588477459035,0.7617225009487449,0.0028203587330101667,0.0028404806083092596,1.6698383978438578,10
2020-09-06,0.8859660025483013,0.921378604828957,0.11403399745169876,0.7529314793362452,0.0027706338282358607,0.002925748742884477,2.3047684217209277,10
2020-09-07,0.7866567726125069,0.9212342638653934,0.21334322738749312,0.7532826271535625,0.0028739867272472327,0.002748491505264961,2.4330308486650303,10
2020-09-08,0.6700544234427204,0.9204347551739566,0.32994557655727963,0.7552110320635068,0.002995256679056975,0.0025403677454981666,1.766986711749997,10
2020-09-09,0.7952912210347632,0.9226311363973567,0.20470877896523673,0.7498450486240923,0.002865003196021489,0.0027639031490435595,2.4187302139995706,10
2020-09-10,0.6828536709988733,0.9219646548157145,0.3171463290011267,0.7514961984956693,0.00298194930921585,0.002563213147349322,2.540661130809872,10
2020-09-11,0.5800804384675841,0.9223565478406927,0.41991956153241605,0.7505277746485371,0.003088773116580036,0.002379773004761343,2.9684264385550403,10
2020-09-12,0.43206447767328593,0.9203099757966761,0.5679355223267142,0.755509484314038,0.0032425045299171082,0.002115579028522089,3.149068991901011,10
2020-09-13,0.3429100348873755,0.9111848104016816,0.6570899651126244,0.775652427402784,0.003335034196139708,0.0019564470902324166,2.5459208926560284,10
2020-09-14,0.2336070207526556,0.7404226921256414,0.7663929792473444,0.9209061257058061,0.003448406113617839,0.0017613519277632932,1.2194737673942027,10
2020-09-15,0.4177678303224583,0.7703582522338889,0.5822321696775415,0.9089508316759485,0.003257345831647986,0.0020900609148657196,2.7486677107259165,10
2020-09-16,0.2301044422162614,0.7195064319366059,0.7698955577837386,0.9279366131961292,0.003452037820028729,0.0017551001685229082,2.2620680285986863,10
2020-09-17,0.2111695929756292,0.7289826724919636,0.7888304070243708,0.9248679927246118,0.0034716693777120623,0.0017213033192944286,3.3133845371044743,10
2020-09-18,0.118731791316508,0.7219021312396028,0.881268208683492,0.9271779956668955,0.0035674756328094945,0.0015563109073674607,3.4648555036449094,10
2020-09-19,0.08033186738803093,0.6728435716418987,0.9196681326119691,0.9407548617789584,0.00360725885191032,0.0014877708084787464,2.63977080779309,10
2020-09-20,0.09247953067384966,0.679071205505113,0.9075204693261505,0.9392336628201299,0.0035946746046827244,0.001509453196298775,2.360249322057261,10
2020-09-21,0.10825690218954279,0.685558887150871,0.8917430978104571,0.9375928662888406,0.0035783287947863812,0.0015376142573962847,0.23369770432657644,10
2020-09-22,0.37308454087007886,0.7861921620876554,0.6269154591299211,0.9014838681386118,0.0033037230086590875,0.002010305624635368,3.1374081600653962,10
2020-09-23,0.20228158194747176,0.7866989026793224,0.7977184180525282,0.9012293896129986,0.0034808836355834385,0.001705439091127504,1.2692168164092084,10
2020-09-24,0.3779705108222607,0.8063308883019544,0.6220294891777394,0.8905126735207414,0.0032986524371919844,0.0020190266019038017,0.8360278498394359,10
2020-09-25,0.6915647675027335,0.8353133498855837,0.30843523249726645,0.8708751357699693,0.0029728917905536413,0.0025787616004378172,2.6875945839685214,10
2020-09-26,0.429989591080574,0.8335626104800595,0.5700104089194259,0.8722209248479148,0.003244658543529409,0.0021118755594081336,3.119818561620381,10
2020-09-27,0.2482085301565071,0.8281003892420493,0.7517914698434928,0.8762738178563002,0.003433265455228878,0.0017874141902909095,3.414280734661676,10
2020-09-28,0.1772155824289252,0.8279730140761149,0.8227844175710748,0.876365786642128,0.0035068670061102337,0.0016606987398459338,3.3414207301644936,10
2020-09-29,0.16438389828112365,0.8281059361423699,0.8356161017188762,0.8762698102618373,0.0035201667578169814,0.0016377954418592717,2.9471553333620006,10
2020-09-30,0.17799636935636415,0.8263365748571672,0.822003630643636,0.8775374030154367,0.0035060577041789126,0.0016620923679509627,3.0760414166402716,10
2020-10-01,0.1722857293886108,0.8230264849275973,0.8277142706113894,0.8798522411999818,0.0035119768118934912,0.001651899435568162,2.185477504606048,10
2020-10-02,0.20180396232248343,0.7741637363077083,0.7981960376775166,0.9072378352134342,0.003481378772651938,0.0017045865869301296,3.288192672579981,10
2020-10-03,0.13938417579605278,0.7731465157059533,0.8606158242039474,0.9077005286817835,0.0035460753941703926,0.0015931733885836284,3.4530171056882883,10
2020-10-04,0.10501332125303131,0.737575845350405,0.8949866787469686,0.9219199419635885,0.003581689367287297,0.001531824783475552,3.002335724474168,10
2020-10-05,0.04491473695187635,0.44314515826081285,0.9550852630481236,0.9750512682549783,0.0036439434980919945,0.0014245547034945302,3.0760622291383646,10
2020-10-06,0.035584829851867734,0.46666338165785093,0.9644151701481325,0.9727661066163995,0.0036536059758208927,0.0014079017341696908,2.092242777127248,10
2020-10-07,0.052113159511347575,0.5298346289067956,0.9478868404886526,0.9656322528572487,0.0036364881040127426,0.0014374031819182865,3.366780212754746,10
2020-10-08,0.04394326733855628,0.5389608876864412,0.9560567326614439,0.9644586647984298,0.0036449496222430333,0.0014228207254926896,1.8280341343716566,10
2020-10-09,0.08098209902759682,0.6178822349256304,0.9190179009724033,0.952263239267691,0.003606585274927898,0.0014889314081965852,2.465019815304814,10
2020-10-10,0.08642548397629125,0.6347920694575855,0.9135745160237085,0.9490488605436562,0.0036009463498154837,0.0014986473165761892,1.9729907821144597,10
2020-10-11,0.1217046704873251,0.6745567790728386,0.8782953295126749,0.9403414812099197,0.003564395268622295,0.0015616172051802252,3.316450568625839,10
2020-10-12,0.07980653099094531,0.6552536176234871,0.9201934690090547,0.94478932656929,0.0036078030475542185,0.00148683313452207,2.5473861371763666,10
2020-10-13,0.09410746972340855,0.6756754894810307,0.9058925302765913,0.9400694785971166,0.003592988086470117,0.001512358907873865,2.7818919898107746,10
2020-10-14,0.0938877662872648,0.684121229372385,0.9061122337127351,0.9379615569333697,0.003593215696620002,0.001511966758783478,3.4810357264725424,10
2020-10-15,0.07616646670548452,0.6748263508974671,0.9238335332945156,0.9402760879430105,0.00361157373955677,0.0014803359767008345,3.2870070201042907,10
2020-10-16,0.07487126326745987,0.6707254373396969,0.9251287367325401,0.9412607204300336,0.003612915402432403,0.0014780241655657769,2.31661724745169,10
2020-10-17,0.09479764709327115,0.6642493453416515,0.9052023529067287,0.942772503014206,0.0035922730689132154,0.0015135908068033847,3.5424663632906723,10
2020-10-18,0.07175972800619015,0.6602378385212668,0.9282402719938099,0.943683486230286,0.0036161385059574995,0.0014724703802275465,2.9471247996590875,10
2020-10-19,0.0675703604649868,0.6190884174907856,0.9324296395350132,0.9520423302228214,0.0036204779914386863,0.0014649927699570138,1.8141366772519163,10
2020-10-20,0.10767687827716149,0.6485292494480417,0.8923231217228385,0.9462373763008514,0.003578929744296413,0.0015365789715872172,2.4681765142530008,10
2020-10-21,0.09613739878867589,0.6275667470208907,0.903862601211324,0.950453889412238,0.0035908850895243773,0.0015159821322096641,-0.8995158877288534,10
2020-10-22,0.5206599589511238,0.8534239531778955,0.4793400410488764,0.8554325551515105,0.0031505048158093057,0.0022737132753291,2.625107170938744,10
2020-10-23,0.38646063359027005,0.852149380662414,0.61353936640973,0.8566194887699455,0.003289841179153398,0.0020341806385414923,3.1263531120813384,10
2020-10-24,0.25257274829951293,0.8508707667264332,0.7474272517004872,0.8577936421096849,0.0034287398281460744,0.0017952038917405972,2.726599495296697,10
2020-10-25,0.25027532278773534,0.8530739709801977,0.7497246772122645,0.8557601328874578,0.0034311222381897106,0.0017911032124772737,3.0943739796032648,10
2020-10-26,0.21687523501457862,0.8527078501119177,0.7831247649854213,0.856101466891143,0.003465754036847349,0.0017314873308643883,3.422502563260726,10
2020-10-27,0.18796548732199891,0.8497745770854387,0.8120345126780012,0.8587873473293326,0.003495724164109814,0.001679886265992806,0.5767662419867676,10
2020-10-28,0.08140406300253755,0.95916905154164,0.9185959369974623,0.9809791364035538,0.0072476221030528705,0.0023272151666196656,1.4072034564750804,11
2020-10-29,0.1426945508876455,0.9618981779015356,0.8573054491123545,0.9796110131372785,0.006951898866928919,0.002391585950450132,2.726782051418041,11
2020-10-30,0.09401008687809473,0.9607824041148405,0.9059899131219054,0.9801927048217747,0.007186799407511495,0.002340454735529222,3.0043474994947443,11
2020-10-31,0.0573446175372202,0.9601847926893073,0.9426553824627798,0.9804912318259521,0.007363705340290069,0.0023019465577935783,2.698107221117562,11
2020-11-01,0.03788415219976483,0.9122494145381768,0.9621158478002354,0.9913801887771374,0.007457598249908854,0.0022815080615325306,3.0324634917391484,11
2020-11-02,0.022459217263076613,0.909983810500398,0.9775407827369234,0.9916122496738983,0.007532019927190537,0.0022653079106335875,2.7177654802467344,11
2020-11-03,0.019660632428311516,0.9120123007377471,0.9803393675716884,0.9914050255529838,0.0075455223834758525,0.002262368676412323,1.6477006335117226,11
2020-11-04,0.034963775365637224,0.9243463235464525,0.9650362246343626,0.9899107327789062,0.007471688420435468,0.002278440914371855,3.0437988196121237,11
2020-11-05,0.0233736355137669,0.9252149326470298,0.9766263644862331,0.9897872953183342,0.007527608089184412,0.002266268285099135,-1.5846527016716154,11
2020-11-06,0.14887021968951875,0.9739681089855288,0.8511297803104814,0.9702613292289468,0.0069221011447335255,0.002398071991843686,3.1450269011359118,11
2020-11-07,0.07875998873031076,0.9701767875370993,0.9212400112696892,0.9739849034975411,0.007260379429657596,0.0023244382082484374,0.28756692443808096,11
2020-11-08,0.2592429461334079,0.9733631629956392,0.7407570538665921,0.9709238403828481,0.006389536401681326,0.002513991756228937,1.1318529229026524,11
2020-11-09,0.4853679713023276,0.9758155852355078,0.5146320286976722,0.9680412932306988,0.005298365752039199,0.002751481220190994,2.4074753497013033,11
2020-11-10,0.3689253171256821,0.9758829562262952,0.631074682874318,0.9679541708498335,0.005860276102707199,0.0026291864697445422,2.958356416594463,11
2020-11-11,0.18890500836619153,0.9755636892484997,0.8110949916338086,0.9683629533025281,0.006728930469328062,0.0024401188218907133,1.8681051252314143,11
2020-11-12,0.23798391371352162,0.976514927608607,0.7620160862864784,0.9671135978299715,0.006492116469660835,0.0024916643017157568,1.4236656565976744,11
2020-11-13,0.3888297936685352,0.9779176310666893,0.6111702063314648,0.9650835161888196,0.0057642263804773145,0.00265009129202627,2.9582068615475596,11
2020-11-14,0.19959953618905035,0.9768728642060868,0.8004004638109496,0.9666179925924449,0.00667732802083468,0.002451350828069953,2.3871535558992507,11
2020-11-15,0.17175996901253682,0.9770146013900076,0.8282400309874632,0.9664176544862463,0.006811656924785165,0.002422112118728752,2.8384397037157534,11
2020-11-16,0.09382640634550012,0.9471518161631706,0.9061735936544998,0.9853596737791562,0.007187685648641027,0.002340261823704475,0.6914062426211,11
2020-11-17,0.24952227904277413,0.9589992905564974,0.7504777209572259,0.981058387688931,0.006436441138519159,0.0025037825544168696,0.6200445131293015,11
2020-11-18,0.5601371538438948,0.9611739131923989,0.43986284615610516,0.9799922950292564,0.004937540810639623,0.0028300081018106348,2.732395626078861,11
2020-11-19,0.31349176687280844,0.9533688738437734,0.6865082331271916,0.9833680922233027,0.006127767960683468,0.0025709669775621337,3.0160793130584476,11
2020-11-20,0.14165136442042803,0.9525979120833175,0.858348635579572,0.9836427101066573,0.006956932253635163,0.0023904903362219993,0.7678946276053277,11
2020-11-21,0.34284374904914156,0.9623430333109949,0.6571562509508584,0.979369768048762,0.005986132265293553,0.002601794111834751,2.998684770255591,11
2020-11-22,0.15952422332292546,0.9596578707851129,0.8404757766770746,0.9807473157334913,0.0068706951720140024,0.00240926143719613,2.538887488132631,11
2020-11-23,0.11325514245568807,0.954665625613337,0.886744857544312,0.9828856740930333,0.0070939434292087026,0.0023606669961121823,2.9427991994590768,11
2020-11-24,0.06481738780084322,0.9548183632912925,0.9351826121991568,0.9828270775355669,0.007327650474637758,0.0023097948894981023,0.8962275720215922,11
2020-11-25,0.16423116789334075,0.9615221353683818,0.8357688321066593,0.9798107164366144,0.0068479839056960435,0.002414204940207758,1.9131603472220686,11
2020-11-26,0.18823362372212768,0.9629542191747574,0.8117663762778723,0.9790291566647272,0.006732169976678973,0.002439413695250652,-0.9498509423742474,11
2020-11-27,0.5689337658431977,0.9763702926145573,0.4310662341568024,0.9673097778818797,0.004895088860154832,0.002839246807994685,2.757495286925659,11
2020-11-28,0.32329789284594107,0.9714297051820329,0.676702107154059,0.9728598042886331,0.006080449477816415,0.0025812659331914986,1.3970550125474703,11
2020-11-29,0.5060211625167556,0.9738576411342746,0.49397883748324445,0.9703845096695981,0.0051986977594460256,0.002773172385540589,1.9993697313910326,11
2020-11-30,0.5237430965952883,0.9748493440651813,0.4762569034047118,0.9692414681299288,0.005113174652179924,0.002791784976612885,0.2901027914298109,11
2020-12-01,0.8524116970471274,0.9797159908104255,0.14758830295287256,0.9620893784592555,0.003526949054978787,0.0031369715816078783,1.4475011792517924,11
2020-12-02,0.9333688765438837,0.9814541946925842,0.06663112345611633,0.9586713610156391,0.0031361956558110414,0.0032219974523543925,2.0918349927965165,11
2020-12-03,0.90593024588258,0.9816864113205644,0.09406975411742008,0.9581680782007217,0.0032686344265233707,0.0031931798295249956,2.22890466461346,11
2020-12-04,0.8189677993779041,0.9817976738285593,0.1810322006220958,0.9579226184639351,0.0036883674136365284,0.003101846883117154,1.5551963593909084,11
2020-12-05,0.9096691631524895,0.981616909682343,0.09033083684751057,0.9583199755969534,0.00325058779251919,0.003197106654773841,2.10701430104369,11
2020-12-06,0.8758840029515012,0.9815819910602264,0.12411599704849892,0.9583958799637156,0.003413657523776411,0.003161623542809515,2.268775066603908,11
2020-12-07,0.7545925539447168,0.9709387335664589,0.24540744605528308,0.9733118388079551,0.0039990702586753905,0.003034236310077161,2.342542292450068,11
2020-12-08,0.5980640211368804,0.9711075410398331,0.4019359788631196,0.9731580902805294,0.004754506681980149,0.002869841071984735,1.20154381357863,11
2020-12-09,0.8131475384125602,0.9723810101570846,0.18685246158743976,0.9719398960196791,0.0037164588924138817,0.00309573411140714,2.3251848944822657,11
2020-12-10,0.6655880080140825,0.9714969096092604,0.3344119919859174,0.9727967614436343,0.004428629728057172,0.0029407586337896184,2.176286574574834,11
2020-12-11,0.5731986712331547,0.9509631772096855,0.4268013287668453,0.9841971416709683,0.004874506607241002,0.002843726056119271,2.310276304413908,11
2020-12-12,0.4373135654905177,0.9368367357304582,0.5626864345094824,0.9878164996757474,0.005530262648538022,0.0027010117285071944,1.3518050631677956,11
2020-12-13,0.6334682928804853,0.9474648436864528,0.36653170711951455,0.9852704025095493,0.004583643673640232,0.002907024667706061,2.2617197184798945,11
2020-12-14,0.5190891906997498,0.9485234310999177,0.4809108093002502,0.9849606586162644,0.005135633695318519,0.002786897177858034,2.7748631298536157,11
2020-12-15,0.2722379991376374,0.9361985041390078,0.7277620008623625,0.9879429557828334,0.006326831578976496,0.0025276399058303685,2.9617724068331834,11
2020-12-16,0.12392377062646058,0.9322250401892226,0.8760762293735394,0.9886777524446825,0.007042467730599451,0.002371871800992113,-1.0724258030564127,11
2020-12-17,0.46566836030414743,0.9731490422169384,0.5343316396958526,0.97115145056227,0.0053934310885784655,0.0027307915594481204,0.6371790057755458,11
2020-12-18,0.8019824714812643,0.9787835531914879,0.19801752851873577,0.9637023454852106,0.0037703468581108232,0.0030840079180827476,2.3688235841665675,11
2020-12-19,0.6393744502267547,0.9765003341748801,0.3606255497732452,0.9671334970759902,0.004555139956703425,0.0029132276527192996,1.7017744062948859,11
2020-12-20,0.7602524141732133,0.9778051438292511,0.23974758582678674,0.9652553680701871,0.00397175368588291,0.003040180619738428,2.187309344222042,11
2020-12-21,0.6785285536384597,0.9777588876597434,0.3214714463615403,0.9653255531053277,0.00436617631942966,0.002954349536616115,1.827838721110584,11
2020-12-22,0.7421887534652267,0.9783246546607729,0.25781124653477316,0.9644474416882054,0.004058935327107441,0.0030212091277705324,1.7416911895960188,11
2020-12-23,0.8348953134186134,0.9778228971540703,0.16510468658138655,0.9652283563549677,0.003611492914517011,0.003118574871401293,2.0261663964158294,11
2020-12-24,0.8169078796543124,0.9778694616995944,0.18309212034568761,0.9651573113355434,0.0036983096209141897,0.0030996834373393364,2.211168928853179,11
2020-12-25,0.7318487971398886,0.9781559148756157,0.26815120286011157,0.9647138897228874,0.004108839304236136,0.003010349512903664,1.617035877100626,11
2020-12-26,0.8562372051529086,0.9797857474722793,0.14376279484709134,0.9619630068838806,0.0035084849242383834,0.0031409893495163432,0.8818046494831132,11
2020-12-27,0.9465493379271277,0.9747857921410535,0.05345066207287219,0.9693173086346908,0.003072576580636173,0.003235840328463929,2.251564571104425,11
2020-12-28,0.8367070290638056,0.9660277661505393,0.16329297093619452,0.9771364832172665,0.0036027485933978766,0.003120477639027773,2.0665367736662184,11
2020-12-29,0.8039404803117158,0.9671173163726967,0.19605951968828428,0.9763833889890347,0.003760896588683789,0.003086064331198587,2.454476879123777,11
2020-12-30,0.5871214759297763,0.9637151108097004,0.41287852407022374,0.9785895679283226,0.004807315461695816,0.00285834858373106,0.9931084629409671,11
2020-12-31,0.8404390279918456,0.9717052475221002,0.15956097200815433,0.972599490215226,0.0035847359221076896,0.0031243971982373962,2.4178659364504145,11
2021-01-01,0.6420446745340853,0.970442710967321,0.3579553254659147,0.9737538045702326,0.0045422531569545245,0.002916032075356435,2.4836909919664634,11
2021-01-02,0.4550268211946789,0.9678884695136477,0.5449731788053211,0.9758205085898336,0.005444784106711441,0.0027196152050532403,-0.07267449683222038,11
2021-01-03,0.8236678047582572,0.9793554241218807,0.17633219524174276,0.9627295883269628,0.003665682791826639,0.0031067830981935927,1.7095195515032993,11
2021-01-04,0.8999587503039043,0.9805096594253224,0.10004124969609568,0.9606007236205705,0.003297456983494605,0.003186908222554594,1.4454952718080158,11
2021-01-05,0.9508651065552712,0.9809361513816562,0.04913489344472877,0.9597520693511274,0.003051745268392132,0.0032403729960769736,1.069529069604441,11
2021-01-06,0.9712397197186738,0.9804978316828372,0.02876028028132615,0.9606237552945958,0.002953400718437124,0.003261771582788003,0.8716151915065589,11
2021-01-07,0.9796344164657274,0.9845027323450785,0.02036558353427262,0.9509334982832742,0.002912880778516323,0.003270588174534504,1.0751971005110499,11
2021-01-08,0.9828454236163932,0.9865173505275534,0.01715457638360686,0.9440251252354293,0.0028973816883380507,0.0032739605583138776,1.7934306607286299,11
2021-01-09,0.9802583536182725,0.9871167916694044,0.01974164638172754,0.9415804573989294,0.0029098691214187403,0.0032712434690990635,2.1319237400577684,11
2021-01-10,0.9514278391035744,0.9857281694868759,0.04857216089642552,0.9469494635468851,0.003049029073085457,0.0032409640100576273,1.3147684941919073,11
2021-01-11,0.9752108034335408,0.9868955944113108,0.02478919656645924,0.9425068853973481,0.0029342329133651116,0.0032659422425461953,0.3957196163046645,11
2021-01-12,0.98503487255725,0.9891401242621258,0.014965127442749956,0.9314902493194613,0.0028868135061877274,0.003276260043100879,1.512907242584007,11
2021-01-13,0.9832396748498391,0.9874336978460934,0.016760325150160994,0.9402002040026474,0.0028954786902543684,0.003274374623559542,0.03500910068202079,11
2021-01-14,0.9873886712158387,0.98998231411265,0.012611328784161366,0.9261879959080099,0.002875452017764207,0.0032787321373827275,1.6526190504054794,11
2021-01-15,0.9862267887002146,0.9899921954116803,0.013773211299785523,0.9261209219926384,0.002881060279243228,0.003277511861760353,1.069030551345083,11
2021-01-16,0.9871755023642181,0.9898246152127759,0.01282449763578198,0.9272422385311566,0.0028764809573533483,0.0032785082552349337,2.0769185543547852,11
2021-01-17,0.9718590358256485,0.9883626242941692,0.02814096417435152,0.9357526920488766,0.002950411377950689,0.0032624220240656037,2.2020239783290774,11
2021-01-18,0.9190183397130289,0.9867016362055595,0.0809816602869711,0.9432955079838462,0.0032054619819984207,0.003206925695935652,2.197860021459384,11
2021-01-19,0.8543163070624603,0.9861325285795384,0.1456836929375397,0.9454900738739027,0.0035177563015138425,0.0031389719122270144,2.2491416741394312,11
2021-01-20,0.7528862020755684,0.9861278998096353,0.24711379792443142,0.9455072309946664,0.004007305728225921,0.00303244420152822,1.9897223711952987,11
2021-01-21,0.762335733701689,0.9850124948616898,0.23766426629831106,0.9493506909459164,0.003961698799726353,0.0030423686413327197,-1.496594750225566,11
2021-01-22,0.9251686396424011,0.9892818854883392,0.0748313603575988,0.9306515840481047,0.0031757761320717133,0.0032133850934850444,1.2131781274737443,11
2021-01-23,0.9742540381006976,0.9897213924602027,0.025745961899302467,0.9279161788371515,0.0029388510743884127,0.0032649373927474403,1.8518576599238714,11
2021-01-24,0.9728814269465048,0.9867620821427976,0.02711857305349536,0.9430520560885114,0.0029454764565386028,0.0032634957978289036,2.2141117762007134,11
2021-01-25,0.9172179196849345,0.9858508056096547,0.08278208031506552,0.9465151226329314,0.003214152111302991,0.0032050347916137653,2.302719524128398,11
2021-01-26,0.7949928245692321,0.9838093616655041,0.20500717543076794,0.9529352161079276,0.0038040821050707037,0.0030766669902169237,2.470409560755755,11
2021-01-27,0.37497759529666563,0.5123821767488717,0.6250224047033346,0.8502988187373588,0.0022172723130870764,0.002762868881476651,0.49024320915422465,12
2021-01-28,0.13132106297527235,0.46955724061854115,0.8686789370247276,0.8910293342539627,0.002662940733657684,0.002868894503290177,0.14171999075914912,12
2021-01-29,0.07250727243913888,0.4093350485543406,0.9274927275608611,0.9322313371831898,0.002770512766085503,0.0028944869577726975,2.0521157813925286,12
2021-01-30,0.10186005540248798,0.4078033585658082,0.8981399445975119,0.9330773622552042,0.0027168258865006723,0.0028817142771636606,2.3036722414109767,12
2021-01-31,0.16446872371329113,0.4099031423647015,0.8355312762867089,0.9319152885081218,0.0026023121778297287,0.0028544705052634114,1.6396383026099535,12
2021-02-01,0.19872777489022572,0.5347569368285672,0.8012722251097742,0.8243796360525251,0.0025396504018571162,0.002839562892612236,2.316851758947786,12
2021-02-02,0.3606424988866237,0.5740162916413705,0.6393575011133763,0.7700199945939971,0.0022434930401947955,0.002769106709357361,1.0455172970900395,12
2021-02-03,0.21876939382222318,0.5453331948713912,0.7812306061777767,0.8108932811038692,0.0025029929215101207,0.0028308419070134923,1.3075956382301903,12
2021-02-04,0.17247994407954848,0.5167884584453348,0.8275200559204515,0.8454643677397624,0.00258765923460586,0.002850984472639024,2.1540591064816614,12
2021-02-05,0.2509910337796035,0.5158227189261483,0.7490089662203965,0.846534972526703,0.0024440570377321858,0.0028168208611593776,1.972119330960694,12
2021-02-06,0.2380636147495045,0.5108448998881787,0.7619363852504956,0.8519553879810592,0.0024677023390978414,0.0028224461469994566,1.7464773110913676,12
2021-02-07,0.24627750663127002,0.5513832360934853,0.7537224933687301,0.8028041896239819,0.0024526784697773895,0.0028188719231279436,2.322968769427318,12
2021-02-08,0.5542347980252357,0.686523105355981,0.4457652019747643,0.5439878380949671,0.0018893813623714131,0.0026848662266626172,-2.7878488224108895,12
2021-02-09,0.13468540773383347,0.4131802786926408,0.8653145922661666,0.9300679485955183,0.0026567872154134855,0.0028674305296317528,2.3089361710321272,12
2021-02-10,0.1785695229642332,0.4128729193754238,0.8214304770357668,0.9302429712744619,0.0025765210584191662,0.002848334630331576,1.6951418762067383,12
2021-02-11,0.09911364722991123,0.41407437377540013,0.9008863527700888,0.9295567239526659,0.002721849140723842,0.0028829093595670627,1.2722306287008622,12
2021-02-12,0.06600106099894401,0.39559810878362595,0.933998939001056,0.9395095441663794,0.002782412724391828,0.0028973180951406344,2.1450913721329776,12
2021-02-13,0.12022301258312866,0.4132922440807636,0.8797769874168714,0.9300040997710138,0.0026832394718121935,0.002873723750766263,2.235255843770495,12
2021-02-14,0.17163507029468483,0.429967580014528,0.8283649297053151,0.9199323067308179,0.0025892045543223848,0.00285135211420209,1.7771195314768669,12
2021-02-15,0.10938126375927393,0.4240566413394986,0.8906187362407259,0.9236330566613941,0.0027030693800285917,0.0028784414702119243,2.053307045249786,12
2021-02-16,0.12937486771386758,0.4262544381365431,0.8706251322861324,0.9222742166108902,0.002666500399008071,0.0028697413780314164,2.0382603701461464,12
2021-02-17,0.13559542600927893,0.43028215093811123,0.8644045739907211,0.9197312070076946,0.0026551227556329653,0.0028670345408495254,1.2303475049942467,12
2021-02-18,0.07577145204600064,0.40954269423147954,0.9242285479539994,0.9321159597869996,0.002764542526588547,0.0028930665703559054,2.1022422217143224,12
2021-02-19,0.4703718013447864,0.6790321883162924,0.5296281986552136,0.5621527246143879,0.0020427821118715666,0.0027213586871169997,0.3705755958838093,12
2021-02-20,0.2848449932770621,0.5900957888356656,0.715155006722938,0.7442073206143458,0.0023821350910889,0.0028020895216283965,2.625061939757612,12
2021-02-21,0.4688444157588028,0.6034449585659081,0.5311555842411972,0.7211274419827807,0.0020455759545897584,0.0027220233194375863,1.7774134605043894,12
2021-02-22,0.46823872640525455,0.6442980515661726,0.5317612735947456,0.6410277977481049,0.0020466838610881384,0.0027222868813857274,0.6111335547953254,12
2021-02-23,0.28680757482473207,0.5883769995083294,0.7131924251752679,0.7470693529841628,0.0023785453390398957,0.0028012355164967915,-0.4440978553920037,12
2021-02-24,0.13141545080807757,0.47976803313487093,0.8685845491919225,0.8822883404789221,0.002662768094675576,0.002868853431012863,2.0528260785277523,12
2021-02-25,0.18360871708904114,0.48542388248897933,0.8163912829109587,0.8771967203702691,0.0025673040833659308,0.002846141856407431,1.5029054570885587,12
2021-02-26,0.1327728269587076,0.4739852812843267,0.8672271730412924,0.8873086152938714,0.002660285401035546,0.00286826277723874,1.792007961105057,12
2021-02-27,0.1370975978984163,0.4712627290781601,0.8629024021015836,0.8896087698709592,0.0026523752225506765,0.002866380880112014,2.211584196539769,12
2021-02-28,0.23346089828551886,0.5002391171647099,0.766539101714481,0.8629704232256601,0.002476121066775328,0.00282444899038919,2.2494914564638493,12
2021-03-01,0.2745082930108679,0.5003585960695839,0.725491706989132,0.8628502858135862,0.002401041894609838,0.0028065874723411546,0.2607716293852609,12
2021-03-02,0.13346842087402538,0.48324723627976907,0.8665315791259748,0.8791778047911867,0.0026590131325078922,0.0028679600938807423,1.8167602685886834,12
2021-03-03,0.14491087391525506,0.4775112055339469,0.8550891260847451,0.8842696246459543,0.0026380844112294005,0.002862980981737883,1.5083634765822884,12
2021-03-04,0.12016930330404096,0.46639473679829146,0.879830696695959,0.8936226179277349,0.002683337707925339,0.0028737471220243948,1.480978977811577,12
2021-03-05,0.13041109828597253,0.4819222086031893,0.8695889017140276,0.880370514764503,0.0026646050939540507,0.0028692904687547278,2.3424145090885475,12
2021-03-06,0.3695199081853596,0.5918532684345372,0.6304800918146403,0.74125513708827,0.002227255130907213,0.002765243760016236,2.7495446469590163,12
2021-03-07,0.49067527808065814,0.5971112260122683,0.5093247219193419,0.7322669109813104,0.0020056435861820167,0.002712523755726538,1.320415130806597,12
2021-03-08,0.34157957015283436,0.5958870466159738,0.6584204298471656,0.7343805265255481,0.002278361457523459,0.002777401824014582,2.1624630778862306,12
2021-03-09,0.41564731537927874,0.6015706598786932,0.5843526846207212,0.7244595447426583,0.0021428817632492283,0.002745171706196107,1.2068836256208502,12
2021-03-10,0.2736216972844947,0.5718418903052435,0.7263783027155054,0.7733470999114855,0.002402663560256867,0.0028069732689471,1.9576567871043653,12
2021-03-11,0.30960400454758125,0.565957313936681,0.6903959954524188,0.7821595183662329,0.0023368483506265546,0.0027913157921476603,1.7894952015503593,12
2021-03-12,0.46394502104830915,0.6657307273851596,0.536054978951691,0.5934461154326315,0.0020545377578531925,0.0027241552605176836,2.5010127982766646,12
2021-03-13,0.5939407796735519,0.6771222590202963,0.4060592203264482,0.5667236787573833,0.0018167509354006957,0.0026675884161566953,0.48306999024761077,12
2021-03-14,0.400122059691301,0.6419920978658968,0.599877940308699,0.6459258475047329,0.002171279679705398,0.0027519274244707176,1.8331362606684074,12
2021-03-15,0.49489467556622485,0.6659794634488846,0.5051053244337752,0.5928728227392811,0.001997925568142828,0.0027106877112017987,0.5264784134781253,12
2021-03-16,0.31286194123140726,0.6027965483807637,0.6871380587685927,0.7222835754547163,0.002330889237019357,0.0027898981212999274,2.624171820053684,12
2021-03-17,0.47286296334076383,0.6023540502688948,0.5271370366592362,0.7230704975174118,0.002038225359626808,0.0027202746734969036,1.4674901243850713,12
2021-03-18,0.369367317631485,0.6070781886891209,0.6306326823685151,0.7145826846296146,0.002227534238665621,0.002765310158844962,2.087261587026165,12
2021-03-19,0.4241062299123395,0.6085698758480509,0.5758937700876606,0.7118628450529608,0.0021274091585169286,0.0027414908622446213,2.7405749464517317,12
2021-03-20,0.5587967469783903,0.6435984582655558,0.4412032530216097,0.6425184538334461,0.0018810366475160473,0.0026828811230011984,2.9712558590451628,12
2021-03-21,0.603624510400784,0.6533673866239005,0.3963754895992161,0.6213402781421368,0.001799037304757823,0.002663374601070157,2.2965026581129644,12
2021-03-22,0.5877174535660777,0.6654790763147168,0.41228254643392215,0.594025651765375,0.001828134721425388,0.002670296457734759,0.712379691565511,12
2021-03-23,0.3722695047870565,0.6220736519379981,0.6277304952129434,0.6863712328732343,0.0022222257633933104,0.0027640472901877696,2.7554413995535194,12
2021-03-24,0.6254139780696093,0.6950891720166893,0.3745860219303907,0.5227795826808256,0.0017591795422356258,0.0026538930499844437,1.1794802528461488,12
2021-03-25,0.5241632839313589,0.6798733342061127,0.4758367160686412,0.5601316939610494,0.0019443879644449153,0.002697951658644683,1.9273125048471185,12
2021-03-26,0.7028425463622555,0.759027627246657,0.29715745363774454,0.35528182580414797,0.0016175440865046468,0.0026202004909500307,0.4241359205079178,12
2021-03-27,0.5062802076193823,0.6819171869903256,0.4937197923806178,0.5552009277819122,0.001977099399472721,0.002705733367872224,2.1034534105567517,12
2021-03-28,0.6060710742018912,0.6998805876106926,0.39392892579810884,0.5107298802467843,0.0017945620066361643,0.0026623099940766663,2.799506429535714,12
2021-03-29,0.666014496667712,0.7044750923993882,0.3339855033322881,0.49905973316660796,0.0016849117214620467,0.0026362259872986897,1.511517152952788,12
2021-03-30,0.5732177570149234,0.6852416600436009,0.4267822429850766,0.5471213663868059,0.0018546576909808689,0.0026766059103412493,2.265607037445166,12
2021-03-31,0.5979288715080247,0.6786737434888028,0.40207112849197535,0.5630124931160424,0.0018094558601796378,0.0026658530228447614,3.014914921913651,12
2021-04-01,0.6445940069027316,0.6820347966466003,0.3554059930972684,0.5549163426504009,0.0017240948725187682,0.0026455469799486495,3.0464662150317063,12
2021-04-02,0.719246128879064,0.739171123843531,0.2807538711209359,0.40822455914395617,0.001587537701229114,0.002613062574228717,3.1277362935629136,12
2021-04-03,0.7244117619576276,0.7389741695290976,0.2755882380423725,0.4087489532042473,0.0015780884042687004,0.0026108147811816883,1.353547862266549,12
2021-04-04,0.6905485139971619,0.7489890549370692,0.3094514860028382,0.3820442459414956,0.0016400329773018736,0.0026255501625294707,2.5292686075171247,12
2021-04-05,0.7286739950228868,0.7524826417887878,0.2713260049771133,0.37272301083040155,0.0015702916551307232,0.002608960097021355,2.953061835738646,12
2021-04-06,0.8565191415209128,0.8545370062578008,0.14348085847908715,0.12782037381840303,0.001336425944114378,0.00255332907812704,2.575277468386382,12
2021-04-07,0.8683081669249768,0.8660415393323931,0.13169183307502333,0.10679843296451288,0.0013148600987693245,0.0025481991571799896,1.119941171253855,12
2021-04-08,0.8329644459720041,0.8339424903678188,0.16703555402799591,0.16978459699097717,0.0013795147530339116,0.0025635787571256204,1.5906920318320277,12
2021-04-09,0.8407268386412567,0.8400062799893557,0.15927316135874342,0.1568838840746919,0.0013653149639920534,0.0025602010003231363,3.233063128826177,12
2021-04-10,0.8525305526249569,0.8517714485860111,0.14746944737504314,0.13314189151960124,0.0013437223191623882,0.002555064687732181,1.7569540606859324,12
2021-04-11,0.8266989273853653,0.8285180665949929,0.17330107261463454,0.18168360782137813,0.0013909762851637914,0.00256630515849809,3.204571431015136,12
2021-04-12,0.8272331333986506,0.8278535622418843,0.17276686660134946,0.18316365485106775,0.00138999906106522,0.0025660727020800525,3.1890468657501216,12
2021-04-13,0.8276414921781401,0.8282413726961244,0.17235850782185977,0.18229930430674302,0.001389252049483189,0.002565895007301645,0.2637935246006444,12
2021-04-14,0.7046500206978834,0.763739926183051,0.29534997930211665,0.34275963600208786,0.0016142377545316396,0.002619413979755272,2.659286036073134,12
2021-04-15,0.7519155142553864,0.7678860542194846,0.24808448574461361,0.3317794931953487,0.001527776661661514,0.0025988466947454558,3.1184799585263754,12
2021-04-16,0.7607320378309572,0.7692787998745247,0.23926796216904284,0.3281008467871888,0.00151164881380757,0.002595010239447387,1.5104478011022917,12
2021-04-17,0.7136849660155186,0.7554563132341504,0.28631503398448155,0.3647936939185894,0.0015977105145505066,0.0026154824795971317,1.8498120454472062,12
2021-04-18,0.7379908173617844,0.768941628457939,0.2620091826382156,0.32899092109340544,0.001553248704280628,0.0026049059398337905,0.008183370011097812,12
2021-04-19,0.5270099289886214,0.6925424548635518,0.4729900710113786,0.5291310554453951,0.0019391809160025015,0.002696712958785487,2.4552665441613573,12
2021-04-20,0.6203940515246905,0.6905136996348689,0.3796059484753095,0.534163220439213,0.0017683621156912056,0.0026560774397412557,2.7266744633494597,12
2021-04-21,0.6612059543033848,0.7017711026691525,0.33879404569661525,0.5059411585499402,0.001693707699886411,0.0026383183945464543,0.8732611010646414,12
2021-04-22,0.488027141731355,0.6665572987137076,0.511972858268645,0.5915392169544843,0.0020104874885766956,0.002713676075758375,1.220880894530316,12
2021-04-23,0.40937631872524904,0.6400642134475002,0.5906236812747508,0.6499869083634521,0.0021543523253616014,0.002747900491315469,2.0221229374876657,12
2021-04-24,0.5626123824424722,0.6901929161613333,0.43738761755752775,0.5349566179243667,0.001874057082887204,0.0026812207730042637,2.3094195710848955,12
2021-04-25,0.6138367635043576,0.6884438628160211,0.38616323649564244,0.539271439397671,0.001780356854303054,0.0026589308027647808,1.5820497065229948,12
2021-04-26,0.5484315284567414,0.676031961016632,0.4515684715432586,0.5693216814933276,0.0018999966889161474,0.0026873914832551207,-0.36752427065269067,12
2021-04-27,0.23845097411375596,0.5552934367472896,0.7615490258862441,0.7974277060821209,0.0024669938282193007,0.0028222775899857423,2.106243735669901,12
2021-04-28,0.6014213092674631,0.9906593761618574,0.398578690732537,0.9660640487635371,0.00496378457713279,0.0034704732982704114,2.6590776469899113,13
2021-04-29,0.3868481128211344,0.9876839834850639,0.6131518871788657,0.9770818632815483,0.00621990687328315,0.002582378158586917,1.9474665990492164,13
2021-04-30,0.4055632263150472,0.9880217768478857,0.5944367736849528,0.9761531202746786,0.006110410448216023,0.002659837979327977,0.20150435319371007,13
2021-05-01,0.7857533221660603,0.9913502796860982,0.21424667783393989,0.9621928583802288,0.0038834360751552697,0.0042334034659452305,2.5252376536857266,13
2021-05-02,0.5873647488724951,0.9903889618357129,0.4126352511275047,0.9674026710470283,0.005046120672822194,0.003412294722501461,1.9535442930955653,13
2021-05-03,0.6028992008218909,0.9897352457040518,0.39710079917810914,0.9702987576233039,0.004955127455813749,0.0034765901307928504,2.5049907966428124,13
2021-05-04,0.4595421921114088,0.9896191501158009,0.5404578078885913,0.9707683070810724,0.005794528752094174,0.00288325105217597,0.39849587631330885,13
2021-05-05,0.7651268761056063,0.9915960865673535,0.23487312389439363,0.960634507056266,0.004004383121701956,0.00414803284744016,0.9622121001343515,13
2021-05-06,0.9368005863858055,0.9928588499544522,0.06319941361419458,0.9506219264289132,0.002997297821390898,0.004858571676316734,2.1303833275063186,13
2021-05-07,0.8970084008152093,0.9882971322419184,0.10299159918479067,0.9753486072252826,0.0032308196472133686,0.00469387614496471,2.2557691840087686,13
2021-05-08,0.8375578235612176,0.988143361898305,0.16244217643878248,0.9758033619656007,0.003579606358595176,0.004447816666963438,2.0816231221834793,13
2021-05-09,0.8492718010928056,0.9885818738834351,0.15072819890719433,0.9744679242302461,0.0035108919674630705,0.004496299546859237,2.3345282480124165,13
2021-05-10,0.7172706758852518,0.988232180144931,0.2827293241147481,0.9755424186760786,0.004284940812135176,0.003949961235872181,1.3601630024983549,13
2021-05-11,0.8484518110920268,0.9840528781184781,0.15154818890797317,0.9841916200487101,0.0035157021957584454,0.004492905697364792,2.3164280199288316,13
2021-05-12,0.750334901803628,0.9842725197155878,0.24966509819637217,0.9838716932906583,0.004091109670790715,0.00408681047343691,-0.6905834824669559,13
2021-05-13,0.9173722185702954,0.9919859677074863,0.08262778142970444,0.957932469814782,0.003111320651446657,0.0047781597734570325,1.7475213968956111,13
2021-05-14,0.9438169634466229,0.9923104535300669,0.056183036553376996,0.9554389069675088,0.0029561163423489313,0.004887611698412212,2.246740120733261,13
2021-05-15,0.8990688983422822,0.9906650117162953,0.10093110165771785,0.9660351796863276,0.0032187288775912923,0.0047024043202887,0.911791910429264,13
2021-05-16,0.9617976955348816,0.9903741208516207,0.03820230446511831,0.9674735814160191,0.0028505736729397303,0.00496203199432987,1.9787226142930447,13
2021-05-17,0.9543279652161053,0.9905247371769957,0.04567203478389471,0.9667417789147736,0.002894420578479244,0.004931115592371384,1.0868579488120094,13
2021-05-18,0.978800413902483,0.991886034184012,0.021199586097517202,0.9586539097039195,0.0027507615246925945,0.0050324043977509605,2.0776042905693064,13
2021-05-19,0.9641229985939396,0.9917618240567616,0.03587700140606051,0.9595222725299989,0.00283692388189074,0.00497165617097095,-1.2825648571870396,13
2021-05-20,0.9852137053112567,0.995473742319534,0.01478629468874323,0.9084612324140797,0.002713110596226075,0.005058948313877645,0.6708521656844489,13
2021-05-21,0.9935767447160161,0.9960072121401297,0.006423255283984044,0.8921625268044193,0.0026640110380477867,0.005093562025055715,-0.08649544839634406,13
2021-05-22,0.9953667937901778,0.9967104847818359,0.0046332062098221605,0.8620074769678229,0.002653501315669235,0.00510097084362619,2.208174332098117,13
2021-05-23,0.9883505568934264,0.9957581468539664,0.011649443106573386,0.9003225005767455,0.0026946943637189895,0.005071931401654548,0.3755401511271319,13
2021-05-24,0.9937982634759366,0.9962782037310413,0.0062017365240634,0.8819556425911861,0.002662710464757685,0.0050944788671277545,-0.15037732681337224,13
2021-05-25,0.9960372840580862,0.9970395578124501,0.003962715941913752,0.8428115681486663,0.0026495647100957267,0.005103745929974329,2.156001973614789,13
2021-05-26,0.9899866520570059,0.9968232153533225,0.010013347942993918,0.8558842341030248,0.0026850888316216413,0.005078703021721261,2.1033430241407363,13
2021-05-27,0.9893071079729312,0.9968286519868098,0.010692892027068749,0.8555777361501765,0.002689078453298008,0.005075890462612005,2.0534680953115916,13
2021-05-28,0.9848771564464018,0.9966330283838425,0.015122843553598041,0.865971953126029,0.0027150864306471722,0.005057555374703071,0.3928583417688587,13
2021-05-29,0.9939148244652208,0.9970121468290529,0.006085175534779056,0.8445729032659164,0.0026620261152293513,0.0050949613003942315,1.9041747761923424,13
2021-05-30,0.9914002887183717,0.9957502100375981,0.008599711281628293,0.9005656531093428,0.002676789281902673,0.005084553910224716,2.0516785950296152,13
2021-05-31,0.9894227556774668,0.9949964329549029,0.010577244322533165,0.9198666656034812,0.002688399483617439,0.0050763691158921655,1.6973192490491973,13
2021-06-01,0.9905786490267674,0.9937355393299079,0.00942135097323268,0.9408711050644853,0.0026816131885237103,0.005081153232839237,2.052930264532455,13
2021-06-02,0.9825582556128913,0.9937717428038373,0.017441744387108597,0.9404005481654849,0.0027287002890307916,0.005047957696177721,2.068118516297111,13
2021-06-03,0.9794845618286886,0.9921219215186231,0.020515438171311316,0.9569167330780778,0.002746745119952233,0.005035236011662439,1.8252862998596084,13
2021-06-04,0.9780943036217581,0.9859964224798569,0.021905696378241888,0.9809349438772597,0.002754906846289142,0.005029481884041057,1.0010903861298566,13
2021-06-05,0.9831445218903788,0.9890828387108628,0.016855478109621135,0.9727851188602261,0.002725258440370999,0.005050384188583203,1.5575085161454765,13
2021-06-06,0.9828287430513821,0.9897947424704051,0.01717125694861791,0.9700532239208546,0.0027271123144097104,0.005049077214288313,2.2390650573963655,13
2021-06-07,0.9542840354859853,0.9896505297592535,0.04571596451401466,0.9706426192110674,0.0028946784379211142,0.004930933771992822,1.0576323982941989,13
2021-06-08,0.9743773458289339,0.98747836976703,0.02562265417106615,0.9776180676345884,0.002776727498063571,0.0050140977997058,2.200541441417962,13
2021-06-09,0.9335086621345446,0.986889898840688,0.06649133786545539,0.9790425654925426,0.0030166186517456874,0.004844946759616189,-0.36950272404835405,13
2021-06-10,0.979940413056201,0.993020308405735,0.02005958694379889,0.9490362601236194,0.0027440689602339216,0.005037122730349943,2.100721971576488,13
2021-06-11,0.9639988174748169,0.9924327221109226,0.03600118252518307,0.9544347130497243,0.0028376528437392304,0.0049711421988152486,2.2545885816787443,13
2021-06-12,0.9238005122737253,0.992358065983907,0.07619948772627477,0.9550522902377908,0.003073595175247187,0.004804765782450808,1.5001438308169004,13
2021-06-13,0.9614185492794421,0.9927048968595668,0.038581450720557804,0.9520588169513623,0.002852799286628721,0.004960462749185268,0.4247389896128786,13
2021-06-14,0.987554984551469,0.9942441206098309,0.012445015448531042,0.9336408894251409,0.002699365144255739,0.005068638614196187,1.852351229017585,13
2021-06-15,0.9889789059158925,0.9937881457875902,0.011021094084107516,0.9401852949202681,0.002691005330775896,0.005074532069967828,2.204306443364618,13
2021-06-16,0.9684962706429177,0.9933801542528891,0.03150372935708243,0.9451804720308952,0.002811251780207398,0.00498975666868238,1.2733396192978867,13
2021-06-17,0.9841986066451002,0.9939812875692695,0.015801393354899905,0.937550215643097,0.002719070096090115,0.005054746930822151,2.198089856888342,13
2021-06-18,0.9594572691897336,0.9931698019379925,0.04054273081026636,0.9474909869933409,0.0028643120523219583,0.004952345224051305,0.9034974071528111,13
2021-06-19,0.983691720093188,0.9941086598207323,0.016308279906812082,0.9357049340875498,0.002722045941712522,0.005052648982473617,2.2160386409584785,13
2021-06-20,0.9517354895792236,0.989727928624592,0.048264510420776174,0.9703287221367987,0.002909637820809962,0.004920385617467746,2.2962293397387326,13
2021-06-21,0.8746163931275904,0.9895930294723848,0.12538360687240954,0.970872247601981,0.0033622040706944942,0.004601198058770921,-0.9367288776648054,13
2021-06-22,0.9589977248343188,0.9942986803693027,0.041002275165681286,0.9327782433106397,0.002867009570713555,0.004950443219908792,2.13743117177212,13
2021-06-23,0.9543749958890538,0.994032728838888,0.04562500411094619,0.9368157001077538,0.002894144516999616,0.0049313102472152955,1.8684457206337435,13
2021-06-24,0.9726776927517525,0.9922939933967755,0.027322307248247527,0.9555712770440737,0.0027867052685427262,0.00500706312034234,1.9943839080673211,13
2021-06-25,0.9764882888188526,0.99209672227958,0.023511711181147473,0.9571080690216827,0.002764335122739088,0.005022834763317958,0.012122899833892552,13
2021-06-26,0.9889482207310478,0.9942850136070469,0.011051779268952028,0.9329960711152233,0.002691185483606747,0.005074405067322706,2.2380624453258364,13
2021-06-27,0.9693178399784348,0.9937353887525106,0.030682160021565347,0.9408730492864821,0.0028064289082203055,0.00499315705487166,0.7131845868643287,13
2021-06-28,0.9896283642559605,0.9949320234833229,0.010371635744039485,0.9212251562108431,0.002687192350952938,0.005077220107452442,2.212019131706963,13
2021-06-29,0.9702450239513289,0.9942352505171577,0.029754976048671118,0.9337793966819062,0.0028009860171142606,0.0049969945685665535,1.713093900074387,13
2021-06-30,0.9853602612004801,0.9946046128254149,0.014639738799519676,0.9275760563322978,0.002712250184532647,0.005059554892775042,1.9335134821312565,13
2021-07-01,0.9830205611024619,0.9947090066022537,0.016979438897537967,0.9256461255574037,0.0027259861896270676,0.005049871128354416,1.4302173222804073,13
2021-07-02,0.9856794761075423,0.9917253834404832,0.01432052389245779,0.9597712771309312,0.0027103761103246383,0.005060876088582214,2.237556488892064,13
2021-07-03,0.9615828534592434,0.9915675722816756,0.038417146540756654,0.960820726889859,0.0028518348107906774,0.004961142786328434,2.1046691752964932,13
2021-07-04,0.9581646849655276,0.9912153233235732,0.041835315034472444,0.9630052428883792,0.002871899483654384,0.004946995358428941,2.127232890456383,13
2021-07-05,0.9513107822313935,0.9909994268098001,0.04868921776860648,0.9642457617427377,0.002912130734390912,0.004918627799913446,1.5150616582221512,13
2021-07-06,0.9664724321708873,0.9865405909836272,0.03352756782911263,0.9798182043224538,0.0028231322538387763,0.0049813802212030035,2.2695947811204533,13
2021-07-07,0.9115670693266452,0.986536893785495,0.08843293067335464,0.9798261570663286,0.0031453878875415254,0.004754132891657224,2.2995222660373456,13
2021-07-08,0.7928810655778841,0.9746994107143959,0.20711893442211593,0.9919335985763068,0.003841637822028538,0.004262904421263921,1.6561558308574962,13
2021-07-09,0.8536053994289902,0.9780527449783214,0.14639460057100986,0.9900634546245065,0.0034854698147142736,0.004514235839385264,1.8988811821128406,13
2021-07-10,0.8942713360054217,0.9754153045854672,0.1057286639945782,0.9915860571412853,0.003246880213229673,0.004682547731188766,2.2626895566625853,13
2021-07-11,0.7836750445919075,0.9735739576525507,0.21632495540809257,0.9924340386973078,0.0038956231070068135,0.004224801700938761,2.1975600869860727,13
2021-07-12,0.7275070881623531,0.9650336560293213,0.27249291183764685,0.9950026682375331,0.004224936288653884,0.003992328633765534,1.623886218679959,13
2021-07-13,0.802533833773915,0.9707784053448958,0.19746616622608493,0.9934774571044972,0.0037850296358352153,0.004302856179737775,2.179522968492438,13
2021-07-14,0.7107734643128005,0.9691687624797309,0.28922653568719947,0.9939751411439185,0.004323024762740512,0.00392306998330871,2.590899766947567,13
2021-07-15,0.4784464276919528,0.9666256246117435,0.5215535723080473,0.9946438178087371,0.005683878687953116,0.002961493628679286,1.473721887785221,13
2021-07-16,0.6023128085907719,0.9626586304683294,0.39768719140922815,0.9954693594974007,0.004958562404680602,0.003474163117078977,2.547446992975994,13
2021-07-17,0.39829257807551777,0.9628415282975205,0.6017074219244822,0.9954360040272198,0.006152950220519643,0.0026297455564587044,2.9072590387223336,13
2021-07-18,0.196799485178156,0.9626686496967696,0.803200514821844,0.9954675426248367,0.0073311438167044975,0.0017957875437825893,3.020144954024865,13
2021-07-19,0.08737706794139216,0.952509045360074,0.9126229320586079,0.996843283748906,0.007970388368463208,0.0013429000511702657,1.6802510258257795,13
2021-07-20,0.1055083880462906,0.9475197017072017,0.8944916119537095,0.9972870114281426,0.007864493751619184,0.0014179436145224742,1.0590857492839896,13
2021-07-21,0.18977501619731033,0.9611809127815091,0.8102249838026896,0.9957248236665734,0.007372193008591877,0.0017667140301095667,-0.248695913288691,13
2021-07-22,0.5526849381977914,0.9819810764362195,0.4473150618022084,0.9867550500193123,0.005249228200288627,0.0032687587552165075,2.7256356178264602,13
2021-07-23,0.3351049840464114,0.9797852517179786,0.6648950159535886,0.9887956222605361,0.0065225776966020095,0.002368218972174541,1.5291471205918814,13
2021-07-24,0.5026019658318619,0.981768830281074,0.49739803416813816,0.9869783832955812,0.005542473939428724,0.0030614707757497424,2.14210145241358,13
2021-07-25,0.4959756495624537,0.9825558225807756,0.5040243504375462,0.9861171785371512,0.005581265898616411,0.0030340451728770226,1.8974113121459348,13
2021-07-26,0.5758457222379805,0.9818680117755706,0.42415427776201936,0.9868748064161846,0.005113588155123625,0.003364618723180847,0.7920203249492872,13
2021-07-27,0.8585340105162892,0.9872068714954065,0.1414659894837107,0.9782947162624323,0.003456556361491849,0.004534634825020523,1.6431661362228838,13
2021-07-28,0.2862203250328434,0.450659560674732,0.7137796749671567,0.7337180487856044,0.0023400193628055834,0.002270272352294981,2.081225185078601,14
2021-07-29,0.3168229335523082,0.4439554018232743,0.6831770664476918,0.7407722748744887,0.0023035294208604094,0.002240344144390613,2.7147461434460176,14
2021-07-30,0.38572445446116843,0.45555176110694773,0.6142755455388317,0.7285061600273709,0.00222136606011677,0.0021729610309094236,1.4257946851472496,14
2021-07-31,0.29229176083044295,0.4490852652231478,0.7077082391695572,0.7353836894782725,0.0023327800459225756,0.002264334714896751,2.6859801813038344,14
2021-08-01,0.5060157367461792,0.5710248042824335,0.4939842632538207,0.5898994198599774,0.002077899912824993,0.002055320650579787,1.0871129875885739,14
2021-08-02,0.38227624486028033,0.5238109119993283,0.6177237551397194,0.6501424816697958,0.0022254781807001973,0.002176333251083647,2.110562364325842,14
2021-08-03,0.44836034199782426,0.5447732069143701,0.5516396580021757,0.6239891366454238,0.0021466664324771775,0.002111705472799751,1.7197147775201227,14
2021-08-04,0.4247863286642455,0.53950161710114,0.5752136713357546,0.6306566164968944,0.002174781707139536,0.002134759977180936,1.483873471948339,14
2021-08-05,0.38438268602855036,0.5236506629009433,0.6156173139714498,0.6503386929016151,0.002222966172508313,0.002174273230311817,1.7825988555888965,14
2021-08-06,0.49888124609094797,0.60678813077553,0.5011187539090519,0.541174413043992,0.0020864096796822983,0.0020622979159160316,1.23281599284833,14
2021-08-07,0.4875030012015534,0.6062008184515514,0.5124969987984466,0.5419948822631432,0.0020999810442846726,0.002073425414358526,1.400713098946059,14
2021-08-08,0.4545440757739573,0.5762561174801467,0.5454559242260427,0.5829330567842161,0.00213929129783397,0.0021056580121736525,2.4043367222564296,14
2021-08-09,0.5101311398036426,0.5730811030748402,0.48986886019635756,0.587167862015496,0.0020729911620607387,0.0020512959401295106,1.0296342082811512,14
2021-08-10,0.41232849178653935,0.551513858168201,0.5876715082134606,0.6153760126984602,0.0021896389730592675,0.0021469432762574684,2.1088566054610647,14
2021-08-11,0.4528122015176773,0.5445760326271963,0.5471877984823227,0.624239607144834,0.0021413568543223876,0.0021073517204983267,2.8815543464883726,14
2021-08-12,0.5565347512424121,0.5956804729157597,0.44346524875758786,0.556579428927089,0.0020176398423969936,0.0020059149416512376,1.5790793824487306,14
2021-08-13,0.4863004499854717,0.5815895860006374,0.5136995500145284,0.5757727751240417,0.002101415368868699,0.002074601464523912,0.45491456677868114,14
2021-08-14,0.315974830790671,0.47974293803713014,0.684025169209329,0.7019369292776633,0.0023045407058659767,0.0022411735572087526,2.274569316911803,14
2021-08-15,0.40665952201054645,0.5056352287388874,0.5933404779894536,0.6720328973096223,0.0021963997107306496,0.00215248731692157,2.8235670129622,14
2021-08-16,0.47249654684745757,0.5237525568309485,0.5275034531525425,0.6502139391335322,0.002117879565249056,0.002088101166117764,1.8169622086851034,14
2021-08-17,0.45643885295109454,0.5568153945773379,0.5435611470489055,0.6085332539912653,0.00213703144515684,0.002103804990877976,1.6493901753039568,14
2021-08-18,0.4646591626919654,0.5753233079214186,0.5353408373080346,0.5841793845134987,0.0021272272107167277,0.0020957658350391328,2.865262708664626,14
2021-08-19,0.5376339108986703,0.5781153617059073,0.4623660891013296,0.5804435890722883,0.0020401857066880574,0.0020243992574250046,1.4099450777090012,14
2021-08-20,0.5091977044331888,0.6121054024037406,0.4908022955668111,0.5337165833856227,0.0020741045434755647,0.0020522088050512846,0.9386454617592564,14
2021-08-21,0.398519530367439,0.5423646936163964,0.6014804696325609,0.6270428998236072,0.0022061072485862142,0.0021604479246612593,2.7484277985134797,14
2021-08-22,0.48826650146821926,0.5424807129153162,0.5117334985317807,0.6268960869736108,0.0020990703895747633,0.002072678739619957,2.872982269266844,14
2021-08-23,0.5214014844982289,0.5610951522713428,0.4785985155017711,0.6029656608846334,0.002059548008406943,0.0020402739640466893,2.9478461055998397,14
2021-08-24,0.703142941099349,0.7223647234677092,0.29685705890065095,0.369013817141756,0.0018427350799810585,0.0018625376088421525,1.2006778004611967,14
2021-08-25,0.6251649803417313,0.6850926432504644,0.3748350196582686,0.42650088470721687,0.001935768539493549,0.0019387971414250773,2.021328410131711,14
2021-08-26,0.622593129618147,0.6680437227989805,0.37740687038185305,0.4522718249082285,0.0019388367489966453,0.0019413123153556094,1.1598003990612127,14
2021-08-27,0.5502471303700551,0.6395437701582932,0.44975286962994493,0.4944163411167055,0.0020251401057692314,0.0020120639999765128,1.3423880859512085,14
2021-08-28,0.5154993192387978,0.6179019132698302,0.4845006807612024,0.525526520810968,0.002066588081993501,0.002046046061182064,2.8558639194869953,14
2021-08-29,0.5851598260962624,0.618279604878622,0.4148401739037376,0.5249907234358396,0.0019834931254392517,0.0019779206877967265,3.052818801255124,14
2021-08-30,0.640896990021832,0.661222606373281,0.3591030099781681,0.4624710234613981,0.0019170000279852611,0.0019234118236617207,1.12733100637534,14
2021-08-31,0.6515688605499617,0.7141210923091157,0.34843113945003845,0.3818406086484631,0.00190426806502479,0.0019129751329563774,3.1190323629346004,14
2021-09-01,0.7020542049696927,0.7144281483334725,0.2979457950303072,0.38136381793579804,0.0018440341025614748,0.0018636023521048264,1.5275833252403883,14
2021-09-02,0.6310100251975898,0.6815161692377104,0.3689899748024102,0.43193828830488146,0.0019287953730415602,0.0019330809059105389,2.5677965577496082,14
2021-09-03,0.6487611214113715,0.6755369274696327,0.35123887858862857,0.4409924135842159,0.001907617829809618,0.001915720996944655,2.8381634138105154,14
2021-09-04,0.6978494391846678,0.7141683699405237,0.30215056081533226,0.38176720201657083,0.0018490509862439427,0.0018677144559643183,3.162792938698656,14
2021-09-05,0.7240234398856588,0.7331658667585997,0.27597656011434124,0.35213472966877307,0.0018178211303660691,0.001842117261066044,1.2525779044150438,14
2021-09-06,0.6968403310903832,0.7381645057049944,0.303159668909617,0.34430021541474015,0.0018502549907075468,0.0018687013259830795,2.3742345614010425,14
2021-09-07,0.7763623758014213,0.7884047999971496,0.22363762419857872,0.2652793318998026,0.0017553683050516575,0.001790931736976357,-1.7953772260527887,14
2021-09-08,0.2973974070051776,0.42654770575627554,0.7026025929948223,0.7586146164775074,0.0023266922401456477,0.0022593415836704885,2.188838313313592,14
2021-09-09,0.3096805180463986,0.4234462547399742,0.6903194819536014,0.7617218049935587,0.002312046055359818,0.002247329159934771,2.6670292694132707,14
2021-09-10,0.3719428201219377,0.446023207166139,0.6280571798780624,0.738607345865832,0.0022378010449754203,0.0021864389544499654,1.4489237880140173,14
2021-09-11,0.26813225835185556,0.4242003426932952,0.7318677416481445,0.7609683129725177,0.002361586371551331,0.002287961805789521,2.561562999199859,14
2021-09-12,0.3510606038148452,0.4381695257328643,0.6489393961851548,0.7467785273304723,0.002262702980353344,0.0022068609818972377,1.9696499112263468,14
2021-09-13,0.3066966452355385,0.43223615925519315,0.6933033547644614,0.7528593466277494,0.002315604004025333,0.0022502472760746683,1.7900116042707281,14
2021-09-14,0.2767405172336892,0.4231616732201529,0.7232594827663108,0.7620058292972808,0.002351322533733016,0.0022795432501835082,1.469253965858576,14
2021-09-15,0.22701162697050015,0.3951692961562249,0.7729883730294997,0.7890572629017135,0.0024106135513430067,0.0023281762471289674,1.976461917085555,14
2021-09-16,0.25733133531796765,0.405046030274621,0.7426686646820323,0.7797122501374942,0.002374464376021306,0.0022985247050244556,2.425514957796623,14
2021-09-17,0.30919851044096486,0.4083648952608929,0.6908014895590352,0.7765232949048716,0.0023126207989453153,0.0022478005453664325,2.280411759854939,14
2021-09-18,0.683832186934282,0.7319956705437032,0.31616781306571806,0.35396688852358726,0.0018657753177537878,0.001881422805019945,2.116416787157035,14
2021-09-19,0.6965025761077991,0.72320824944645,0.3034974238922009,0.367698412017763,0.0018506579783259148,0.0018690316377384668,1.9112051276899202,14
2021-09-20,0.6756051372299969,0.7082202309570436,0.32439486277000307,0.39098742350216625,0.00187559103988917,0.0018894685522912206,-0.8776414284240825,14
2021-09-21,0.34121031575501437,0.4883656227750925,0.6587896842449857,0.6921462268534962,0.002274449108595416,0.002216494195640603,0.9783148245025121,14
2021-09-22,0.2626535031434497,0.4338457094601187,0.7373464968565502,0.751217650477889,0.00236811875170596,0.002293319823712405,0.7333773428933186,14
2021-09-23,0.19420939751613406,0.36884278419757444,0.805790602483866,0.8129134811750808,0.0024497205733553834,0.002360255602135997,1.8679185307804735,14
2021-09-24,0.20801627017110672,0.3669162446921052,0.7919837298288932,0.8145996135596599,0.002433260184720527,0.002346752996465492,1.3535138127023618,14
2021-09-25,0.19205079227479366,0.36392118844735294,0.8079492077252063,0.8172048959051562,0.002452294003775291,0.0023623666374225872,2.5071045606898017,14
2021-09-26,0.27064599974370385,0.37073209335480495,0.7293540002562964,0.811252080085058,0.0023585891907988844,0.0022855034606146254,2.5050181531185993,14
2021-09-27,0.28053250044861167,0.37042354624306656,0.7194674995513882,0.8115239388026222,0.0023468012143359526,0.0022758348322571773,2.1626663024826507,14
2021-09-28,0.2526574942276637,0.3695994180575624,0.7473425057723363,0.8122490545186698,0.0023800369552464005,0.0023030955470091713,1.7073151063810126,14
2021-09-29,0.20666723610249788,0.36377334645579695,0.7933327638975022,0.8173329932242452,0.0024348685030943177,0.002348072301388461,2.5182369797183166,14
2021-09-30,0.27118808414184786,0.36842556257892023,0.7288119158581521,0.8132793245222427,0.0023579428518747075,0.0022849733223239935,1.2192415154159106,14
2021-10-01,0.2894462913196604,0.46215332888808425,0.7105537086803396,0.7213872311551198,0.002336172869211656,0.0022671174777795316,0.031975508991309576,14
2021-10-02,0.2022650427081319,0.37784144867065705,0.797734957291868,0.804930455316858,0.0024401167737049707,0.0023523774820745458,2.4191363022851573,14
2021-10-03,0.3473135375952918,0.4549508882977569,0.6526864624047082,0.7291492187843671,0.0022671712492534847,0.002210525472680071,2.619763460046073,14
2021-10-04,0.39644576076022525,0.4687120107339004,0.6035542392397747,0.7142167237316379,0.0022085803508878686,0.002162475993866895,2.02148492981003,14
2021-10-05,0.39368899407961283,0.5020632098399439,0.606311005920387,0.6762481438090356,0.002211867957952454,0.0021651720086954583,1.329555832830828,14
2021-10-06,0.3042971612778066,0.46299134474606685,0.6957028387221934,0.7204764746992492,0.0023184651192346773,0.002252593881747336,0.6948014726992904,14
2021-10-07,0.21023088990126462,0.3848842382870752,0.7897691100987355,0.7985587482357501,0.0024306199076003774,0.0023445871811013834,1.753076411375658,14
2021-10-08,0.21451947614114641,0.3766202787248333,0.7854805238588534,0.8060241853167072,0.0024255070139305246,0.0023403931039683384,2.5694702206552886,14
2021-10-09,0.2956186914261565,0.38831955039304594,0.7043813085738435,0.7954111543723486,0.0023288131281788958,0.0022610811010589436,2.110350021300747,14
2021-10-10,0.26188335221191306,0.3836574820493129,0.7381166477880869,0.7996764565209571,0.002369037006537965,0.002294073002552768,2.5059007937348903,14
2021-10-11,0.3331689434657548,0.4251377638928184,0.6668310565342452,0.7600298494257567,0.0022840380296662477,0.0022243583573363715,1.3632380655824674,14
2021-10-12,0.40585079902105947,0.5547978965383595,0.5941492009789403,0.6111443403897041,0.00219736417796076,0.002153278217793664,2.0036514831291576,14
2021-10-13,0.4463236156843541,0.5466104835842907,0.5536763843156459,0.6216512010299948,0.002149095552539058,0.002113697315047939,2.113269680752316,14
2021-10-14,0.45024352321379946,0.5385449060826034,0.5497564767862004,0.6318601794498816,0.0021444204323046584,0.0021098637919208982,2.8996746266296114,14
2021-10-15,0.5080066150027951,0.5504065733701632,0.4919933849972049,0.6167976029327605,0.002075525246630894,0.0020533736460184478,0.5274121167505526,14
2021-10-16,0.331980503201666,0.49183943228444155,0.6680194967983338,0.6881543826106552,0.002285455172800304,0.002225520607517853,2.4721205201137426,14
2021-10-17,0.5517850543317602,0.6176360725031561,0.44821494566823983,0.5259034890078121,0.002023305581858452,0.002010559967794493,2.8228696605079238,14
2021-10-18,0.612817593622262,0.6421995957667469,0.387182406377738,0.4905431824000829,0.0019504988160319956,0.0019508724243729627,2.8940023474698635,14
2021-10-19,0.6163482544096727,0.6401752956915103,0.3836517455903272,0.49349640798080285,0.001946286812039788,0.0019474195700184649,1.3410987348002574,14
2021-10-20,0.519082359276601,0.6112406861768247,0.48091764072339904,0.5349330228198527,0.002062314257470704,0.002042541981877424,1.789225879060391,14
2021-10-21,0.5020999446959644,0.591181416821243,0.4979000553040356,0.5627506514486234,0.0020825705424495993,0.002059150148921883,0.7210036085970576,14
2021-10-22,0.41794578924303544,0.5605296926884201,0.5820542107569646,0.6037035002292498,0.0021829397984714214,0.0021414497691915023,1.7280888504940848,14
2021-10-23,0.4352654197877401,0.5524788398327386,0.56473458021226,0.6141349736900032,0.002162284071412775,0.0021245118175316274,2.7308533579018497,14
2021-10-24,0.5108283848483679,0.5610675728428288,0.48917161515163204,0.6030016635557729,0.0020721595022436903,0.002050614060522889,2.743552877737666,14
2021-10-25,0.5175387762090731,0.5600782364773239,0.4824612237909268,0.6042920967831438,0.0020641554353211787,0.00204405154845353,1.4948571968938136,14
2021-10-26,0.5733191306873358,0.6601089261770974,0.42668086931266425,0.46412980904393814,0.0019976180252940937,0.001989500445571468,1.0556031730504434,14
2021-10-27,0.47114818402293945,0.5919413970897327,0.5288518159770604,0.5627444868842384,0.002101113394549612,0.0019239061352827119,1.54474707484589,15
2021-10-28,0.44971503258414935,0.5674015038056786,0.5502849674158506,0.5943143452936536,0.002123165080971626,0.0019362459639079347,1.5887086992712216,15
2021-10-29,0.41488015956633445,0.539880371285855,0.5851198404336655,0.6283284614491105,0.0021590045968318586,0.0019563016409486545,1.8265516163799864,15
2021-10-30,0.4428957755399995,0.555354277019738,0.5571042244600004,0.6093873744026697,0.0021301810697144,0.0019401720530561619,2.605433634958246,15
2021-10-31,0.5189628407475145,0.5735290055088145,0.48103715925248536,0.5865395054731078,0.0020519177667934823,0.0018963775344868785,2.8251404650506435,15
2021-11-01,0.6487788513688181,0.6778821106179431,0.35122114863118203,0.4437266492994705,0.0019183447989159375,0.0018216378337736288,2.914015426085032,15
2021-11-02,0.6854108028179218,0.7029338936951111,0.31458919718207823,0.4068981213109911,0.0018806506745928607,0.0018005475146770484,1.5015922587907193,15
2021-11-03,0.6088613202130088,0.6692212234604142,0.39113867978699113,0.45626061599238005,0.0019594187581036837,0.001844619778123314,3.065614821794144,15
2021-11-04,0.6512915999657971,0.6706039315137372,0.34870840003420284,0.4542668470013639,0.00191575921957189,0.0018201911549147803,1.6556585163439381,15
2021-11-05,0.6387425741345653,0.6924626303115164,0.36125742586543474,0.42239061306808956,0.0019286719308218632,0.001827416076019506,2.8602017092410046,15
2021-11-06,0.7525319707872415,0.7658840604938032,0.24746802921275854,0.31147082738369203,0.0018115809660342334,0.0017619034677560173,3.0802427074961525,15
2021-11-07,0.8018354671246941,0.8071205823072819,0.19816453287530583,0.24791099142822573,0.0017608442768941351,0.0017335176889700116,1.7670382506561375,15
2021-11-08,0.8197951148997551,0.8304502508444414,0.18020488510024468,0.21212345041090508,0.0017423621635295173,0.0017231776801128668,-0.19698217907597182,15
2021-11-09,0.5776841650815765,0.6612595519745913,0.42231583491842345,0.4676854894054072,0.0019914983941009545,0.0018625695767071834,2.7923489869915876,15
2021-11-10,0.6341430112477882,0.6618937531644207,0.3658569887522119,0.46677892324529513,0.0019334047682656326,0.0018300642081869034,1.2196334015739472,15
2021-11-11,0.5275988899550648,0.6206928442819389,0.47240111004493524,0.5243280101881095,0.002043032131763117,0.00189140545338511,3.003061915368368,15
2021-11-12,0.5924875585485003,0.6213508574390594,0.4075124414514998,0.5234313993383648,0.001976266569162803,0.001854046735865264,2.340673917024509,15
2021-11-13,0.6048391524677755,0.6469939907559601,0.39516084753222463,0.48791202717027937,0.0019635573911951035,0.0018469354833437917,3.044590646269829,15
2021-11-14,0.6246041087226191,0.6461999727594258,0.37539589127738104,0.4890283186696538,0.001943220020396282,0.0018355560940987558,2.8360393378430215,15
2021-11-15,0.6412321766323872,0.664740993080597,0.3587678233676128,0.4627013802342526,0.00192611018503857,0.0018259827231942908,1.953792552421405,15
2021-11-16,0.6017500630497692,0.6523738675385683,0.39824993695023075,0.4803218493023445,0.001966735920587693,0.0018487139821396891,0.6228451433098455,15
2021-11-17,0.4284980952930172,0.5613075109016425,0.5715019047069828,0.6019743778408598,0.002144994013615647,0.0019484613103478811,2.821551189286374,15
2021-11-18,0.533335874979136,0.5789048699380597,0.46666412502086396,0.5796588002486358,0.0020371293178817096,0.0018881024667839709,0.6701358226122843,15
2021-11-19,0.4979899394835034,0.6220698014895952,0.5020100605164967,0.5224508950615299,0.0020734965887808585,0.0019084523806946663,2.067111294987487,15
2021-11-20,0.5360548486634169,0.6093517124811538,0.46394515133658304,0.5396607445992335,0.002034331744023457,0.0018865370567976542,1.6771494528943889,15
2021-11-21,0.5333424935455807,0.6215336993797133,0.4666575064544193,0.5231821233294972,0.0020371225079914954,0.0018880986562395483,2.41926827211675,15
2021-11-22,0.5682684435786927,0.6172632644600932,0.43173155642130717,0.5289888120537404,0.002001186544520413,0.0018679905429174126,0.9635744555261343,15
2021-11-23,0.4329594920420283,0.5617469040552644,0.5670405079579718,0.6014244919651314,0.002140403954170608,0.0019458927253467842,2.026679522314946,15
2021-11-24,0.45435035341766355,0.549641766867724,0.5456496465823365,0.6164350753127462,0.0021183960161609947,0.001933577244617081,2.56816817852218,15
2021-11-25,0.49290756048117756,0.5501574820972713,0.5070924395188223,0.6158014669746998,0.002078725757115289,0.0019113784872952858,1.6044418952045882,15
2021-11-26,0.4173960840720006,0.5341456240109755,0.5826039159279994,0.6352272446737599,0.0021564161396473956,0.0019548531336060653,-0.28669678094483075,15
2021-11-27,0.25863760190405566,0.4248168099003838,0.7413623980959444,0.7540250396271612,0.0023197433168608904,0.002046256045975142,2.263600884416366,15
2021-11-28,0.30912974959521167,0.4211136997333886,0.6908702504047883,0.7576251896653523,0.002267799936152225,0.002017185918270979,1.3689192126134275,15
2021-11-29,0.2766665872502001,0.4397846769859954,0.7233334127498001,0.7391922821441662,0.002301196340809704,0.0020358761170088664,2.4279576724622527,15
2021-11-30,0.3504537860558983,0.44530309545281693,0.6495462139441016,0.7336096346200117,0.002225286916620955,0.001993394198724574,2.211967165546944,15
2021-12-01,0.35670142380841563,0.4573268168226681,0.6432985761915843,0.7212324675631282,0.002218859422124787,0.001989797211160766,2.804707363428689,15
2021-12-02,0.40092678437087265,0.4600042156058303,0.5990732156291274,0.7184364545788973,0.0021733601637598577,0.0019643350959982846,2.429311057853571,15
2021-12-03,0.42509258882037715,0.5003679166495674,0.5749074111796229,0.6745188367802538,0.0021484977229717884,0.0019504219817113285,0.9608469880071328,15
2021-12-04,0.29481467227116814,0.45434456163695663,0.7051853277288318,0.7243297169302144,0.0022825266256056116,0.0020254276181180583,0.033857805617700576,15
2021-12-05,0.1815679221676964,0.3449462987487685,0.8184320778323035,0.8256560298330164,0.002399024855825214,0.0020906278054368074,2.5247486241781307,15
2021-12-06,0.2605338959171496,0.35669737354346354,0.7394661040828504,0.815898744143667,0.0023177925505726616,0.0020451642819752725,1.9678558363376146,15
2021-12-07,0.342775417988317,0.48014853485523656,0.657224582011683,0.6969326169955388,0.00223318629379488,0.001997814908686239,2.782955053523037,15
2021-12-08,0.4239469347277989,0.4849817173789345,0.5760530652722011,0.6916504956303253,0.002149676411988986,0.0019510815755749082,2.8543474267980526,15
2021-12-09,0.486221623335279,0.5338599285535591,0.5137783766647208,0.6355692111109362,0.0020856047714981675,0.0019152278194299005,0.8994239602493498,15
2021-12-10,0.32363339946130815,0.4769376345815265,0.6763666005386917,0.7004154974666857,0.002252879113442014,0.0020088356504954262,2.3740042379743653,15
2021-12-11,0.3878312710295575,0.47884303647019,0.6121687289704425,0.6983512279783639,0.0021868330244318667,0.0019718746494257235,1.4880111048579592,15
2021-12-12,0.3006139654942133,0.44996483144446114,0.6993860345057866,0.7288456350818603,0.0022765605973351843,0.002022088758467663,2.2471010362313977,15
2021-12-13,0.3403901053731257,0.4471320030754225,0.6596098946268744,0.731745851198979,0.0022356402557256764,0.0019991882181117386,0.5878510515548039,15
2021-12-14,0.24568616059826354,0.41393500433688596,0.7543138394017365,0.7645260192955118,0.002333066732974428,0.0020537126520006025,1.7804382623081336,15
2021-12-15,0.4035589044543194,0.5476834688602785,0.5964410955456806,0.6188362489731725,0.0021706521853914083,0.00196281969072326,2.5741458146016027,15
2021-12-16,0.48155322239274045,0.5448609383825017,0.5184467776072594,0.6222837325169837,0.002090407969472495,0.001917915584117668,1.7782634504446313,15
2021-12-17,0.4407436096376549,0.5448716023253998,0.5592563903623451,0.6222707371613566,0.002132395317982517,0.0019414111316155527,1.649819128156857,15
2021-12-18,0.4020256112892164,0.5253065626639999,0.5979743887107836,0.6457314529809471,0.002172229668964314,0.0019637024622066617,2.5128848636862213,15
2021-12-19,0.4529211823371234,0.5218277720474407,0.5470788176628765,0.6498225311118756,0.002119866424961965,0.0019344000693080907,2.907165984437686,15
2021-12-20,0.5537334431445256,0.5928948928039954,0.4462665568554743,0.5614947979649962,0.002016141976666602,0.0018763588603315537,3.0423314668978825,15
2021-12-21,0.5682694338330835,0.5960510436170624,0.4317305661669166,0.557346119532147,0.0020011855256176782,0.0018679899727926923,1.1310507433826145,15
2021-12-22,0.46363875889637046,0.5831436185888651,0.5363612411036297,0.574194543286981,0.0021088395673157638,0.001928229578776332,2.6175467442348346,15
2021-12-23,0.5385981826705314,0.5890178085048039,0.4614018173294685,0.5665656355218174,0.002031714882803151,0.0018850727688288914,1.2812589883908787,15
2021-12-24,0.6070528972410424,0.6930148488754755,0.39294710275895767,0.42157701160226707,0.001961279546854075,0.0018456609516352787,3.0977333079107945,15
2021-12-25,0.7185624017394852,0.7328646815898696,0.2814375982605148,0.3619394169577819,0.0018465370515778894,0.0017814609584833646,3.0658241261234145,15
2021-12-26,0.7271545962410507,0.7373746261920616,0.2728454037589493,0.3550908815196848,0.0018376954018536494,0.0017765141260977168,3.182655110675704,15
2021-12-27,0.7541491924057382,0.7617976717011258,0.24585080759426184,0.31775116496821076,0.0018099167593088265,0.0017609723756728838,3.2232595280997995,15
2021-12-28,0.7932871722680828,0.798262131680301,0.2067128277319173,0.26156265416212643,0.0017696411757883365,0.0017384392467665731,-0.0632832567375663,15
2021-12-29,0.5515630089077521,0.6431044152088332,0.448436991092248,0.49337048829773794,0.0020183751797142263,0.001877608456621703,1.6878847700642985,15
2021-12-30,0.5380796474348246,0.6218093689745431,0.4619203525651756,0.5228061806545692,0.0020322484091237305,0.0018853713080317263,2.5383500691393452,15
2021-12-31,0.5721313226072794,0.6161509204147713,0.4278686773927206,0.5304960162448445,0.0019972119063449527,0.0018657665458841788,2.18691866368248,15
2022-01-01,0.6273184212593395,0.6736384976744954,0.37268157874066044,0.44988145121092943,0.001940427078203171,0.001833993367701096,1.8152979875319573,15
2022-01-02,0.5932601863742992,0.6526309602378112,0.4067398136257008,0.479957974200869,0.0019754715763888034,0.0018536019065088032,2.92787889117991,15
2022-01-03,0.6939310816831892,0.7131172210008407,0.3060689183168108,0.3917070399022924,0.00187188321587374,0.0017956420866844939,1.99372275727017,15
2022-01-04,0.6635829342346944,0.698819759343357,0.3364170657653056,0.4130011777059078,0.0019031115668813002,0.0018131145960201785,2.5014318644040685,15
2022-01-05,0.6685706660845558,0.6939984581132013,0.33142933391544405,0.4201268646262671,0.0018979792151039188,0.0018102429811560916,0.5702733598977006,15
2022-01-06,0.4843875717595552,0.5993825880446505,0.5156124282404448,0.5529468145502248,0.0020874917818398016,0.001916283748241811,2.5812751500408515,15
2022-01-07,0.5478265887700915,0.5970267057140195,0.4521734112299085,0.5560598870259081,0.002022219649552991,0.0018797596467675956,1.2179213140059886,15
2022-01-08,0.591038031904839,0.6810790741343502,0.4089619680951611,0.4390731344102756,0.0019777580536059236,0.001854881279978926,2.959628909181952,15
2022-01-09,0.6844424936364172,0.7040349782324956,0.31555750636358304,0.40526130374835934,0.0018816470721241781,0.0018011050047591825,3.172605956074333,15
2022-01-10,0.6991309144285225,0.7110324726299467,0.3008690855714775,0.3948264705246118,0.0018665325083266106,0.0017926483577809082,3.1351574285344017,15
2022-01-11,0.7099835260417483,0.7211567861445302,0.29001647395825153,0.37963420016454125,0.0018553649469879464,0.0017864001227592984,1.9911263831914507,15
2022-01-12,0.6978099856366602,0.7273712525305068,0.30219001436333975,0.37025774198657346,0.0018678917659860933,0.0017934088635312758,1.6849762442683716,15
2022-01-13,0.6527385200138018,0.6980864839102178,0.3472614799861982,0.41408678907426727,0.0019142703593790773,0.0018193581115110717,1.386511674828542,15
2022-01-14,0.6078494526926986,0.6762850567670364,0.39215054730730137,0.44604596676812924,0.0019604599261329675,0.001845202346292429,2.7422706469622726,15
2022-01-15,0.6512316325089064,0.6769183951391872,0.34876836749109374,0.4451266334706717,0.001915820925203941,0.0018202256803154541,3.1388587827809302,15
2022-01-16,0.7857581530301048,0.7937608898075422,0.2142418469698954,0.2685051151138298,0.001777389116065668,0.0017427739712879756,3.2330688710154383,15
2022-01-17,0.7931291123531894,0.7974487646907613,0.2068708876468107,0.26281695816284323,0.0017698038319922452,0.001738530247488883,1.7561784616352991,15
2022-01-18,0.8366954556525285,0.8457069673177655,0.16330454434747155,0.18895538557905997,0.0017249699782898365,0.0017134475520356844,3.2422078216456445,15
2022-01-19,0.8449026976847476,0.8467506728824881,0.15509730231525243,0.1873800675084112,0.0017165238155653038,0.0017087223504967256,2.303180951672558,15
2022-01-20,0.8302647951735279,0.8351504974843553,0.16973520482647217,0.20496040737930502,0.0017315878102652235,0.0017171499123014849,1.5658237958159407,15
2022-01-21,0.7906531484271125,0.8047091308565735,0.20934685157288746,0.25162523301899153,0.0017723517933258472,0.001739955748102606,-1.6715081352732866,15
2022-01-22,0.3287614983276145,0.45204974617740945,0.6712385016723856,0.7267007388876895,0.002247603480154961,0.0020058832213408,1.3674855382502864,15
2022-01-23,0.2742999914976153,0.43458891430463215,0.7257000085023847,0.7443922974377184,0.002303630943501784,0.0020372386504699616,1.6646975555203352,15
2022-01-24,0.2721553386089186,0.4290625917850101,0.7278446613910815,0.7498634142899595,0.0023058372223311993,0.002038473403519819,2.464355254692644,15
2022-01-25,0.3367483947084629,0.42922143643219546,0.6632516052915371,0.7497070147278527,0.002239386767576213,0.002001284880640948,2.6447771721199764,15
2022-01-26,0.3395959564540681,0.9838470714550918,0.660404043545932,0.9359038826950541,0.005916143564005128,0.0013519343170803342,2.9474098034536436,16
2022-01-27,0.22725093109560487,0.9838665428416262,0.772749068904395,0.9358640943406163,0.006560289981463376,0.0012460351869180478,3.0317788579761222,16
2022-01-28,0.16356481677961637,0.9829952978731639,0.8364351832203836,0.9375785694964134,0.006925433548409345,0.001186003119739641,2.2423482441010374,16
2022-01-29,0.20544457693476592,0.9836834213375806,0.7945554230652341,0.9362355392502848,0.006685317261025017,0.0012254799916143369,2.9293612310350494,16
2022-01-30,0.16321540560644454,0.9833879190825692,0.8367845943935555,0.936822250363636,0.006927436873268134,0.001185673756341575,3.087046619774179,16
2022-01-31,0.12942385261714504,0.982188403494985,0.8705761473828548,0.9390554816137734,0.007121177386283064,0.001153821023592781,2.7450237769214634,16
2022-02-01,0.07804106514571232,0.7979875426534658,0.9219589348542876,0.9846433737648583,0.007415771606414566,0.001105386368999253,3.002170684830801,16
2022-02-02,0.030580023215244882,0.5780699186348062,0.9694199767847552,0.9912807356641105,0.007687877016433268,0.001060648446327596,0.2782156125974733,16
2022-02-03,0.08197176100378238,0.7444903904238688,0.9180282389962175,0.9869435635709761,0.007393235815302772,0.0011090915377058685,3.1753988232304886,16
2022-02-04,0.03747173876009007,0.7329616187647442,0.96252826123991,0.9873534369083085,0.007648365425092477,0.0010671447435975133,-1.703872528454953,16
2022-02-05,0.17691448003433108,0.9766676823979414,0.823085519965669,0.9470492237593325,0.0068488940125116995,0.0011985868342576887,2.8476082598801336,16
2022-02-06,0.14605947139537218,0.9769617383363595,0.8539405286046279,0.9466959499039932,0.007025798971793836,0.001169502159029838,2.2239118450743116,16
2022-02-07,0.18354245908131198,0.978079071197405,0.8164575409186879,0.9452906793081577,0.006810892753517991,0.001204834527144575,1.3117205776106857,16
2022-02-08,0.35844575944074,0.980312366616117,0.6415542405592601,0.9421389236459461,0.005808063300664185,0.0013697025959484882,2.910703959049185,16
2022-02-09,0.23763112727940316,0.9802382889894224,0.7623688727205967,0.9422517797775256,0.006500774568931834,0.0012558198101647888,3.023262638474359,16
2022-02-10,0.16469677748676523,0.9802891081606036,0.8353032225132349,0.9421744245873724,0.006918943528288281,0.0011870701332000278,2.2341890163511513,16
2022-02-11,0.19859357482044526,0.9806794531536615,0.8014064251795547,0.9415703363161491,0.006724597479360477,0.0012190220718058574,1.5379214044186271,16
2022-02-12,0.3345382248132271,0.9823764181334833,0.6654617751867727,0.9387202177010465,0.005945143280490535,0.0013471667772658174,2.9232269690246335,16
2022-02-13,0.21729924025439312,0.976424749912672,0.7827007597456066,0.9473361741640237,0.00661734835580602,0.0012366544831408607,3.1002701965386863,16
2022-02-14,0.1435816980332117,0.9763950506318351,0.8564183019667881,0.9473709563568286,0.007040005032682108,0.001167166550105857,2.851616661502332,16
2022-02-15,0.07053150339343836,0.7285868012766368,0.9294684966065615,0.9875027373439311,0.007458825971608107,0.0010983076749945264,0.7801636708322052,16
2022-02-16,0.16731024504025974,0.8583342404379023,0.8326897549597405,0.9807228743241868,0.00690395938021135,0.001189533650741097,2.750524763268035,16
2022-02-17,0.10187710266283657,0.8428323923208211,0.8981228973371634,0.9819322437775062,0.007279112439966537,0.0011278547927814806,-0.9167301756641058,16
2022-02-18,0.3352286140860163,0.9583787136424513,0.6647713859139835,0.961106289801025,0.0059411847708172195,0.001347817554843449,2.4464287336868114,16
2022-02-19,0.282594125362473,0.9595243367651107,0.717405874637527,0.9605135381932792,0.00624297459259098,0.0012982030164642474,3.0543010302599076,16
2022-02-20,0.16279902808492655,0.9593296422603681,0.8372009719150735,0.9606160108401627,0.00692982414478247,0.0011852812688486292,0.9738351367424457,16
2022-02-21,0.35017146348118655,0.9668607026998985,0.6498285365188137,0.9560277012168622,0.005855506213065133,0.0013619030450380126,1.2179840203276877,16
2022-02-22,0.5747722223742519,0.9699120247738958,0.42522777762574804,0.9537031261419117,0.004567653881472927,0.0015736171367360932,1.8468409184134411,16
2022-02-23,0.6820082364844591,0.9734064727049161,0.3179917635155408,0.950572542652496,0.003952734978087756,0.0016747003896892788,1.98424399278905,16
2022-02-24,0.7279697715417733,0.9754028578396764,0.2720302284582266,0.9484971752660427,0.0036891734509310412,0.0017180248410209047,2.0201152188825238,16
2022-02-25,0.7739186052598698,0.9771572421448734,0.22608139474013028,0.9464573821768938,0.0034256810057909856,0.0017613373197638842,2.0041246643706225,16
2022-02-26,0.8139543548223771,0.9734033041663324,0.18604564517762281,0.9505756529083643,0.003196093936040849,0.0017990759827846694,2.464869789725447,16
2022-02-27,0.6735346516464582,0.9731942293345129,0.32646534835354174,0.9507796831777361,0.004001325437922044,0.0016667129842760225,1.562924784908739,16
2022-02-28,0.7724030207814624,0.9292046004685174,0.22759697921853764,0.9710068183799045,0.003434372147156919,0.00175990869328542,-1.8303546655638023,16
2022-03-01,0.9030833706198599,0.9927076032399046,0.09691662938014008,0.9043173651379206,0.0026849687710911833,0.0018830911424684894,2.0518782880064954,16
2022-03-02,0.9280222064358795,0.9930576344455461,0.07197779356412042,0.9019735357308567,0.002541950341651493,0.0019065990905218172,2.3394672794050004,16
2022-03-03,0.871946373652522,0.992279282557123,0.128053626347478,0.9069750372228654,0.0028635306633128473,0.0018537406582420117,1.7420804632068148,16
2022-03-04,0.9344392162926014,0.9921131283197824,0.06556078370739854,0.9079497115304632,0.0025051501021840492,0.0019126479187623322,0.13155119313337488,16
2022-03-05,0.9801447155648796,0.9947356030664185,0.019855284435120375,0.8878324368034864,0.0022430362923255296,0.0019557310245885452,2.323501468374744,16
2022-03-06,0.9561289651925152,0.9945695711248065,0.043871034807484964,0.8895029749366251,0.0023807632853815193,0.0019330931991350985,2.010765554925934,16
2022-03-07,0.9663822033727115,0.9945611389716631,0.03361779662728856,0.8895858800276633,0.002321962513779442,0.001942758148705985,2.3171732809158727,16
2022-03-08,0.9334473152651359,0.9943287931833141,0.06655268473486398,0.8918009299832139,0.0025108384565478347,0.0019117129289336282,2.2721813415116534,16
2022-03-09,0.9106077980977748,0.9943923220589648,0.08939220190222517,0.8912082482445429,0.00264181804406158,0.0018901838492646997,0.3394923172368778,16
2022-03-10,0.9773857782344282,0.9958480035745353,0.022614221765571745,0.8743295874207612,0.002258858466861433,0.0019531303837276364,0.9565608284809146,16
2022-03-11,0.9831638355512714,0.9884277052168211,0.016836164448728534,0.9240186031970855,0.002225721985977734,0.001958576919895385,2.17461327983462,16
2022-03-12,0.9698189853468335,0.9879740264737293,0.030181014653166506,0.9254831769959762,0.002302253046682666,0.001945997742274598,2.3530264049272622,16
2022-03-13,0.9220417538244049,0.9879149924252856,0.07795824617559506,0.9256678508260126,0.0025762469487000555,0.0019009617716684798,1.8932745885165685,16
2022-03-14,0.9453309094705236,0.9875631945340246,0.0546690905294763,0.9267417849871271,0.0024426883012819184,0.0019229146914107533,1.5233234403638725,16
2022-03-15,0.963235049479558,0.9794443153245377,0.03676495052044207,0.9434236164377875,0.002340010985663193,0.0019397915655510263,2.312169713098485,16
2022-03-16,0.9126789506947192,0.9794563873713182,0.08732104930528081,0.9434062987314698,0.002629940479491804,0.001892136167649514,1.6227983620897444,16
2022-03-17,0.9526017196447321,0.9822829067436731,0.047398280355268066,0.938887616963477,0.002400991462408455,0.0019297683324203758,2.3623769026483865,16
2022-03-18,0.8841420766556131,0.982216280192525,0.11585792334438696,0.9390061006194783,0.0027935919528948878,0.0018652366219985203,2.173455108725147,16
2022-03-19,0.8738683999251884,0.9826271683206075,0.12613160007481167,0.9382648414560243,0.002852508434837159,0.001855552406557302,2.4199889250718405,16
2022-03-20,0.7432771766639789,0.9560524977711807,0.25672282333602103,0.9622388356609485,0.0036013939334043053,0.001732453970235224,2.065983493051781,16
2022-03-21,0.7010198823469825,0.9083749278736631,0.29898011765301735,0.9749870670508461,0.0038437151751837153,0.0016926212255551367,2.5962177685260537,16
2022-03-22,0.4756180051379437,0.9019411924821664,0.5243819948620563,0.9759571328840682,0.005136211498138106,0.0014801519804130293,1.708823719333466,16
2022-03-23,0.5837043858671576,0.9240808016831176,0.4162956141328426,0.9721332054475486,0.004516435337401984,0.0015820368094483289,2.681146807651194,16
2022-03-24,0.3740563630216844,0.9063809255828326,0.6259436369783155,0.975298130071634,0.0057185553542354545,0.0013844175273418052,1.7865171786627316,16
2022-03-25,0.4210030073814682,0.856094538427501,0.5789969926185319,0.9809090999901832,0.005449370473418321,0.001428670566458368,2.7922497955671166,16
2022-03-26,0.23319024407710753,0.8568716335335558,0.7668097559228926,0.9808449621147682,0.0065262366348098734,0.0012516337265640702,3.0619390798207524,16
2022-03-27,0.08813243046496083,0.7073757107431701,0.911867569535039,0.988183228795538,0.007357914899558767,0.0011148987333077607,0.4740258779161457,16
2022-03-28,0.23345510662606506,0.8804176149861339,0.7665448933739349,0.9786259700078703,0.006524718030739798,0.001251883392390017,2.862124712316001,16
2022-03-29,0.13128575982425983,0.8670412762669181,0.8687142401757402,0.979956504390102,0.007110502379052403,0.0011555761022270794,3.1009857510975043,16
2022-03-30,0.06992672568081684,0.8648703855570569,0.9300732743191831,0.9801542321137191,0.007462293322781771,0.0010977375969380768,2.9635417513153897,16
2022-03-31,0.04731005365890899,0.8451395937825645,0.952689946341091,0.9817633335625691,0.007591960240759934,0.0010764185764772804,1.1530898611183307,16
2022-04-01,0.10364081369611203,0.8906232439287228,0.8963591863038879,0.9774561238030709,0.007269000514452671,0.0011295173093342655,2.5950295029782584,16
2022-04-02,0.08083417967359306,0.8612331176666062,0.9191658203264068,0.9804754436188605,0.007399757893645338,0.0011080192261106597,2.981538753606865,16
2022-04-03,0.05310872534682466,0.8602047505922102,0.9468912746531752,0.9805640649664148,0.007558715122927175,0.0010818845442483284,2.8837377665002903,16
2022-04-04,0.04003276423790278,0.8220317985491172,0.9599672357620973,0.9833103312157563,0.007633682529421889,0.0010695588279733767,3.1653612814977454,16
2022-04-05,0.030105658047346943,0.818868413042132,0.9698943419526531,0.9834998788221959,0.007690596644244556,0.0010602012982807696,2.0187527289573164,16
2022-04-06,0.04525927407418223,0.8442454335527382,0.9547407259258177,0.9818292203517329,0.007603717817265835,0.0010744854621850882,0.07063825480138286,16
2022-04-07,0.14351828593442992,0.8651726973805969,0.85648171406557,0.9801269730986916,0.007040368599340519,0.0011671067763323292,3.061480018491852,16
2022-04-08,0.07632892524115072,0.8628403304537557,0.9236710747588492,0.9803350251892381,0.007425587780164359,0.0011037724646360584,1.3224545544337718,16
2022-04-09,0.140985922234642,0.8973573976010395,0.8590140777653579,0.9765932556510178,0.007054887636803735,0.001164719709239626,2.842269369389844,16
2022-04-10,0.09389655652464676,0.8992146793931145,0.9061034434753533,0.9763406067902453,0.00732486742177472,0.0011203321375365537,2.8011864085831752,16
2022-04-11,0.06540862965806007,0.8622530527363096,0.9345913703419402,0.9803866082707441,0.007488196746109945,0.0010934787306707636,-0.4361337818212616,16
2022-04-12,0.2412768550038416,0.9515789098524214,0.7587231449961586,0.9641861587533155,0.006479871547709271,0.0012592563610364872,2.6162490946322436,16
2022-04-13,0.19020751843693467,0.9529290936695867,0.8097924815630654,0.9636273345056605,0.006772678817299274,0.0012111171728245982,1.856054003006092,16
2022-04-14,0.25841589669524023,0.957572959659249,0.7415841033047598,0.9615089489036185,0.0063816034011951045,0.0012754120350518077,1.508677986176349,16
2022-04-15,0.39793862255297424,0.9637616407814978,0.6020613774470259,0.9580859438255648,0.005581618619013029,0.001406929521109254,2.4818880961168728,16
2022-04-16,0.3290768816868729,0.9624535208258894,0.6709231183131271,0.9588784038230598,0.005976457149111497,0.0013420187835317529,2.986029734347132,16
2022-04-17,0.18036167722541524,0.9340759731771472,0.8196383227745849,0.9698186700658997,0.006829129651798103,0.0012018362454609788,2.2081348022510925,16
2022-04-18,0.1853908315396454,0.9383283553010681,0.8146091684603546,0.9686705024709991,0.0068002951682997435,0.0012065768475982746,1.7530668899186646,16
2022-04-19,0.2572372746076136,0.9352385594489742,0.7427627253923864,0.9695158329607801,0.006388361147430244,0.001274301037448919,2.4627690927371564,16
2022-04-20,0.215466148819128,0.9373493634838496,0.784533851180872,0.9689449844526741,0.006627858431728413,0.0012349265669480156,3.064268965174706,16
2022-04-21,0.12175472989636732,0.9360706081566398,0.8782452701036325,0.9692941321729156,0.007165147257207906,0.0011465919235712461,1.8966465215509076,16
2022-04-22,0.12935895164509517,0.8017628444993758,0.8706410483549049,0.9844492883012167,0.0071215494876081895,0.0011537598463714058,2.239046864608765,16
2022-04-23,0.11055090575321389,0.8112088746399175,0.8894490942467862,0.9839400156611414,0.007229382669587113,0.0011360309287477958,3.084684628367764,16
2022-04-24,0.050707191177669766,0.7551707349260081,0.9492928088223304,0.9865406835684141,0.007572483677652216,0.001079620800226223,3.1813074560080943,16
2022-04-25,0.02287369187490952,0.630005940723622,0.9771263081250904,0.9902034974095612,0.007732058864013814,0.0010533842725639604,1.9450325156064436,16
2022-04-26,0.02953184779900523,0.6852547659660685,0.9704681522009948,0.9888262094461531,0.007693886409518003,0.0010596604109029467,-0.30707625538730343,16
2022-04-27,0.4796737572572711,0.5104674458630696,0.5203262427427289,0.5959064536190796,0.002246669651350738,0.001289954244203762,1.6655918063562987,17
2022-04-28,0.49743839777156734,0.5340500545240294,0.5025616022284326,0.5777362341794147,0.002238855586723458,0.0012851909949444982,2.5402403119550336,17
2022-04-29,0.4414368134556109,0.5085061456876941,0.5585631865443891,0.5974038528726711,0.002263488635946814,0.0013002067508105356,1.5485526899952675,17
2022-04-30,0.4971419812474364,0.533753045473784,0.5028580187525638,0.5779670626665986,0.0022389859707009634,0.0012852704733773922,1.8254150896797612,17
2022-05-01,0.5134121434759242,0.5555887783048757,0.48658785652407566,0.5608511630143945,0.002231829237415761,0.0012809079399435977,2.157019900918166,17
2022-05-02,0.4946152435905005,0.5500466726919787,0.5053847564094995,0.5652240527939639,0.002240097399811643,0.0012859479698492779,3.0855319002791872,17
2022-05-03,0.4499728080036399,0.5374152417365317,0.55002719199636,0.575117187093995,0.0022597339931957994,0.0012979179868090767,1.840084142084684,17
2022-05-04,0.5076948861665298,0.5570506969261475,0.4923051138334703,0.5596942818998938,0.002234344083653046,0.0012824409133590793,0.9717739408637759,17
2022-05-05,0.6183757650344824,0.6376524535197146,0.3816242349655177,0.49338572624400584,0.002185658122551059,0.0012527639483871057,-0.15121309101451547,17
2022-05-06,0.7463602444656025,0.7563125329495747,0.2536397555343976,0.3831284908408083,0.0021293585113559372,0.00121844735321835,2.318598006136296,17
2022-05-07,0.6540173013339285,0.6985003293223809,0.34598269866607134,0.4391857531704788,0.002169979859365425,0.0012432073507604466,2.24376165178815,17
2022-05-08,0.6338291779260741,0.6852064051685127,0.36617082207392593,0.4513980100909227,0.0021788603831667825,0.0012486204106977423,1.3244273746438058,17
2022-05-09,0.7002387271514925,0.7152228602168595,0.2997612728485075,0.4234895749379498,0.002149647363918682,0.0012308139577103334,-1.2241439175972242,17
2022-05-10,0.8302720993609001,0.8389647581642534,0.16972790063910004,0.2917385109806941,0.002092444907208432,0.0011959479910527131,2.2274808571921687,17
2022-05-11,0.8116926450734773,0.8373697142737947,0.18830735492652267,0.2936686290299665,0.002100618268940495,0.0012009297170719295,0.42717314330719136,17
2022-05-12,0.8612458884165427,0.8646965853330736,0.13875411158345727,0.2594286664550601,0.0020788189939585883,0.0011876429607506835,2.479767760216704,17
2022-05-13,0.8277253617612151,0.8649632122533645,0.1722746382387847,0.2590813976741871,0.0020935652556243333,0.0011966308501274842,2.5038273838037997,17
2022-05-14,0.8198517358189987,0.8629409099557368,0.18014826418100116,0.2617085066460714,0.002097028976947875,0.0011987420126307053,1.9963476904860313,17
2022-05-15,0.8391570088502945,0.8536975240330363,0.16084299114970554,0.2735219700132849,0.0020885362937454765,0.001193565672169878,1.7256280539265465,17
2022-05-16,0.8112789245135235,0.8184704388162837,0.1887210754864765,0.31596640204648274,0.0021008002698348163,0.0012010406483429089,1.4852573871727535,17
2022-05-17,0.8245170695627988,0.8305335817721848,0.17548293043720128,0.30185319631216656,0.002094976630593646,0.0011974910924400328,2.203581669999455,17
2022-05-18,0.8061064589291436,0.8312782544091408,0.19389354107085646,0.3009684000732257,0.002103075700630113,0.0012024275462564095,1.0387528806198887,17
2022-05-19,0.8363198122564117,0.8406566750671289,0.16368018774358828,0.2896824899463953,0.0020897844230345322,0.00119432641227961,1.3375432187707172,17
2022-05-20,0.7417789833843768,0.7464383936857948,0.2582210166156232,0.3930808844742664,0.0021313738214990894,0.0012196757309293474,1.6378997998907696,17
2022-05-21,0.7464188398186582,0.7588691361592426,0.2535811601813418,0.3805233287977297,0.0021293327350692757,0.0012184316419929066,2.6756110781735525,17
2022-05-22,0.5977473628878145,0.6647593147815911,0.4022526371121853,0.469759110632664,0.002194732213546642,0.0012582950606640942,1.7228330703664747,17
2022-05-23,0.653772754755087,0.6840931981904396,0.34622724524491316,0.4524105087908831,0.0021700874329495965,0.0012432729212576146,1.340848816862684,17
2022-05-24,0.702585935921885,0.716371090283318,0.2974140640781151,0.42239740954932625,0.0021486148343153066,0.001230184598482495,2.186795656733772,17
2022-05-25,0.6686809508415003,0.7108730017888651,0.33131904915849986,0.4276098904671618,0.00216352945149024,0.0012392755730473637,2.8274965471170237,17
2022-05-26,0.6008370794960556,0.6842641080936086,0.3991629205039442,0.45225515990119675,0.0021933731024973272,0.001257466612132659,2.616371405145945,17
2022-05-27,0.5671060685071836,0.6436491176854459,0.4328939314928163,0.4882245865244879,0.002208210696349598,0.0012665109388657375,1.81010569669069,17
2022-05-28,0.613953606898495,0.6510451567215355,0.3860463931015051,0.48180883585734513,0.0021876033615144796,0.0012539496656803232,2.387683401220784,17
2022-05-29,0.503484617769796,0.5598929173838978,0.4965153822302039,0.5574409997597698,0.002236196048656916,0.001283569816463305,2.5540368599282437,17
2022-05-30,0.394032554078078,0.45214934716311445,0.605967445921922,0.6396515448468917,0.002284339683877419,0.0013129172981016155,-0.1352194608987689,17
2022-05-31,0.6078874051419625,0.628950303272715,0.39211259485803757,0.5008127837954618,0.002190271785262777,0.00125557620188859,2.9509663313491554,17
2022-06-01,0.5389558937110801,0.6279476418531776,0.4610441062889199,0.5016638833457729,0.0022205932672797737,0.0012740588709017268,0.4029232269869083,17
2022-06-02,0.6906022312795044,0.7042678691765927,0.3093977687204956,0.4338156470601888,0.002153886419216474,0.0012333978001352456,2.0507329110883004,17
2022-06-03,0.6443632789803218,0.6789939717830445,0.35563672101967825,0.45702905301338154,0.002174226560317322,0.0012457958925768562,1.7565258760921953,17
2022-06-04,0.6626664668098589,0.6880240520784535,0.33733353319014103,0.44882839193309254,0.002166175172801584,0.001240888242134898,2.85425749083907,17
2022-06-05,0.6028186709426122,0.6883141790562616,0.3971813290573877,0.448563240343671,0.002192501435155627,0.0012569352862112381,2.934711298319147,17
2022-06-06,0.5935719799103037,0.6872334952086754,0.40642802008969636,0.44955035841604485,0.0021965688876242656,0.0012594146099090548,1.2078141578366257,17
2022-06-07,0.6996827275894879,0.7163819172204435,0.3003172724105121,0.4223871021729692,0.0021498919462251565,0.0012309630383798655,2.6862392365462893,17
2022-06-08,0.6385620060513308,0.7128377516538307,0.36143799394866905,0.4257521610884074,0.0021767784716488865,0.0012473513931770268,1.6626991615362434,17
2022-06-09,0.7033299682540467,0.7261735466461482,0.2966700317459533,0.41299449991271464,0.002148287536715434,0.0012299851004148482,2.6667856628631537,17
2022-06-10,0.5289322344113753,0.5940288027316935,0.4710677655886247,0.5299272739471602,0.0022250024014593894,0.0012767465238095362,1.4682759503532246,17
2022-06-11,0.6009824969621897,0.6281923978500512,0.39901750303781014,0.5014562118066819,0.002193309135922218,0.00125742762121487,1.8366464523131258,17
2022-06-12,0.46858007176771643,0.49464104906397915,0.5314199282322836,0.6079332593412404,0.0022515493654332776,0.0012929288042095278,0.6429033972509275,17
2022-06-13,0.5787122674886609,0.5962969089940233,0.42128773251133894,0.5280677510064715,0.002203105381125197,0.001263398958150062,-3.972675305264355,17
2022-06-14,0.8695397965817735,0.9044485557322308,0.13046020341822662,0.20418130268790904,0.002075170334822948,0.0011854191075917836,2.3169658823380552,17
2022-06-15,0.8832581767907223,0.904695869700076,0.11674182320927784,0.20381245584445593,0.0020691353182372835,0.001181740785797656,2.1533576689438867,17
2022-06-16,0.8937615698196643,0.9056299173908168,0.10623843018033562,0.20241615353805734,0.002064514626793532,0.001178924501447595,-0.6829813508374962,17
2022-06-17,0.920953993675282,0.9226655502293608,0.0790460063247182,0.17597259587409186,0.0020525519615919004,0.0011716333720445755,2.4047361357227413,17
2022-06-18,0.9038467535234697,0.9227185308769563,0.09615324647653038,0.17588722352686145,0.0020600779006122024,0.0011762203519452153,0.515306362694838,17
2022-06-19,0.9283107218311181,0.9295304709775027,0.07168927816888206,0.1647292361561607,0.002049315524366994,0.0011696608058161344,0.5752070765926874,17
2022-06-20,0.9357758650860419,0.9366376814090759,0.06422413491395812,0.1526743688924178,0.002046031384253377,0.0011676591701483198,2.4261094620085557,17
2022-06-21,0.9185588358102459,0.9353235508105445,0.08144116418975406,0.15493738597078105,0.0020536056590448847,0.0011722755879068816,2.439468707041521,17
2022-06-22,0.9151051250108633,0.9346221382081545,0.08489487498913681,0.15613875324749327,0.002055125042316999,0.001173201634532685,1.8066766811455859,17
2022-06-23,0.9296796189014338,0.9321618948816609,0.07032038109856631,0.16031770970213588,0.0020487133061445595,0.001169293762196482,1.3337201177414282,17
2022-06-24,0.8429477241202683,0.8445346448252659,0.15705227587973183,0.2849356205217698,0.0020868686941543954,0.0011925492642280875,2.4618274324824796,17
2022-06-25,0.8044480949540577,0.8443594652629655,0.19555190504594225,0.2851510973293912,0.002103805234386233,0.0012028722049011796,2.5596595558858843,17
2022-06-26,0.7908380179949651,0.8423070194474643,0.20916198200503508,0.2876682671835627,0.0021097924518718686,0.0012065214872461704,2.104532309818342,17
2022-06-27,0.7204814113895965,0.7449924192513319,0.2795185886104034,0.3945241216178317,0.002140742646059061,0.0012253862683278733,2.2286788970762488,17
2022-06-28,0.7050872518720798,0.7474347365178785,0.2949127481279202,0.3920843523020645,0.002147514512586321,0.0012295139183560173,1.9259712056055003,17
2022-06-29,0.6318531245515526,0.6567694917188185,0.36814687544844743,0.4768039661064805,0.0021797296232195828,0.0012491502516908592,2.5531691419692804,17
2022-06-30,0.4040301485105612,0.4530265885542382,0.5959698514894387,0.6390042306728329,0.0022799422088637094,0.0013102366339904207,1.1644422652641482,17
2022-07-01,0.49367656531331644,0.5224928603898235,0.5063234346866836,0.5866800917608689,0.002240510293397586,0.0012861996585116454,3.0915778657932576,17
2022-07-02,0.4363483822875259,0.5211057870702764,0.5636516177124743,0.5877483695579209,0.0022657268284089396,0.0013015711164993712,2.906967833180061,17
2022-07-03,0.3947510902697865,0.46858202410588345,0.6052489097302134,0.6274761869942336,0.002284023633833726,0.0013127246363373564,3.194440808534774,17
2022-07-04,0.24399038400220915,0.2804127792552985,0.7560096159977908,0.7629293662885985,0.002350334502808621,0.0013531482419756051,0.5998498614547548,17
2022-07-05,0.40316700920828574,0.4353981395225581,0.5968329907917143,0.6519588855583072,0.002280321864110553,0.0013104680683185682,3.1388607048041384,17
2022-07-06,0.36037199722771773,0.43193468092712034,0.6396280027722823,0.654491504824095,0.0022991452856073397,0.001321942733902293,2.2610199383999796,17
2022-07-07,0.3729331145265903,0.4301002271755042,0.6270668854734098,0.6558313491893104,0.0022936202950536067,0.0013185747100674604,0.7084763308567414,17
2022-07-08,0.5222298804283917,0.5478088989657982,0.47777011957160825,0.5669840586490552,0.0022279505760092193,0.0012785436320943383,2.8905160188672654,17
2022-07-09,0.44775203522375995,0.5268197399538965,0.55224796477624,0.583340672368329,0.002260710823368252,0.0012985134446394926,2.5698462852644304,17
2022-07-10,0.4531980518728437,0.528073764168434,0.5468019481271562,0.5823708301770504,0.0022583153346288827,0.0012970531992295832,1.3157285896960536,17
2022-07-11,0.4936212343675732,0.5204176707248306,0.5063787656324268,0.588277934027853,0.002240534631650047,0.0012862144944485795,1.1389777061578854,17
2022-07-12,0.5671875031412521,0.5886472447944571,0.43281249685874795,0.5343230003824909,0.002208174875087646,0.001266489103723051,1.5554420026209936,17
2022-07-13,0.5947729253822097,0.6201061195497396,0.40522707461779034,0.5082878784954615,0.002196040614084697,0.0012590925993046257,1.3687603340300354,17
2022-07-14,0.6458879632006235,0.6648502365366742,0.3541120367993765,0.46967853622193806,0.002173555868963005,0.001245387077606628,2.1618468244697064,17
2022-07-15,0.5688081677849917,0.6133271538871873,0.43119183221500834,0.513969387387299,0.0022074619810032664,0.0012660545534343695,2.498288602228393,17
2022-07-16,0.546518336625428,0.6186666220353305,0.453481663374572,0.5094977655575168,0.0022172667454598313,0.0012720311461875116,2.2779514058134778,17
2022-07-17,0.5543324848631584,0.6179600733277029,0.44566751513684155,0.510090932568674,0.002213829496380503,0.001269935931495427,2.1206301863948265,17
2022-07-18,0.48789390956026446,0.5350328589643878,0.5121060904397355,0.5769720452060932,0.002243053889968653,0.001287750167271456,0.2849342030886378,17
2022-07-19,0.6599889414325508,0.6763168859730685,0.3400110585674491,0.45944123649261737,0.0021673529921875383,0.0012416061694557384,1.2728364383147381,17
2022-07-20,0.7040927985874483,0.716912348586416,0.2959072014125515,0.4218819165368685,0.0021479519698483396,0.0012297805620219886,2.7287401192748177,17
2022-07-21,0.6179902743656616,0.6935433004797927,0.3820097256343382,0.443765971678908,0.0021858276940454942,0.0012528673103516345,2.7513238529734627,17
2022-07-22,0.5723414511581726,0.6545570909733668,0.4276585488418274,0.47874243224556573,0.0022059077674608713,0.0012651071709417977,2.0332620729516298,17
2022-07-23,0.5898194169770398,0.6375964133153793,0.4101805830229603,0.4934337899783598,0.002198219568812251,0.0012604207880300153,2.5373002806680467,17
2022-07-24,0.5202220824245869,0.5890152111973154,0.4797779175754131,0.5340231663652009,0.002228833747886468,0.00127908198480385,2.8917933101712645,17
2022-07-25,0.4908710073798737,0.5778400421474716,0.5091289926201262,0.5430828392216128,0.0022417443649585807,0.001286951915318505,0.8065274562658734,17
2022-07-26,0.6336531854508701,0.6522069304083675,0.3663468145491299,0.48079588834613785,0.002178937799979212,0.0012486675997205924,2.2251215003557134,17
2022-07-27,0.7835823981879976,0.9797523525573444,0.2164176018120024,0.9598002822351459,0.0030323023522177473,0.0012952145422982838,0.10712396887291697,18
2022-07-28,0.9295514690208524,0.9893993150451841,0.07044853097914765,0.9458310957789967,0.0023164935616431692,0.001325059137992259,1.6556875419508106,18
2022-07-29,0.9594643413266853,0.9855228795084516,0.040535658673314726,0.9530361560262263,0.002169805438405837,0.0013311750745733403,2.475293825830901,18
2022-07-30,0.8981391057314877,0.9811645350669259,0.10186089426851233,0.9584229994416724,0.0024705348774157524,0.0013186366179555532,2.3349848649869807,18
2022-07-31,0.8628908400916889,0.9815937222720756,0.1371091599083109,0.9579749009572356,0.0026433867600454087,0.0013114298156450949,2.4068157162572383,18
2022-08-01,0.8025423624788062,0.981829826397405,0.19745763752119397,0.9577219893061519,0.0029393258446822343,0.001299091065354866,2.6660590550096175,18
2022-08-02,0.6351455588712724,0.9808990023887149,0.36485444112872767,0.958693008526964,0.003760210854760245,0.0012648653907264972,2.438246074862871,18
2022-08-03,0.571746663630694,0.9810806042158674,0.42825333636930596,0.9585089290093528,0.004071107474318494,0.0012519029570746015,2.6091385570701773,18
2022-08-04,0.46211672913913604,0.9811750744613656,0.537883270860864,0.9584121704775775,0.004608711885767503,0.0012294882013171708,2.746603979497335,18
2022-08-05,0.3356627304801866,0.9720509912288408,0.6643372695198133,0.965449279221456,0.0052288170698433474,0.0012036336251228462,1.823292781292866,18
2022-08-06,0.44615618297247717,0.9742762652525367,0.5538438170275229,0.964068783576859,0.0046869792940421534,0.0012262249343477976,2.604358233061874,18
2022-08-07,0.31591892734080096,0.8823946206664485,0.684081072659199,0.9830554498158985,0.005325636621232568,0.0011995968396668977,2.9887889827988072,18
2022-08-08,0.1369159144519448,0.7224949436634853,0.863084085548055,0.9896961492546831,0.006203429107301444,0.0011629981786136349,1.6862806980708118,18
2022-08-09,0.17688979707142574,0.8247767996498964,0.8231102029285742,0.9863841073765982,0.006007405969759712,0.0011711711727848653,1.6501987594645153,18
2022-08-10,0.23691761061315186,0.8638827221787455,0.763082389386848,0.9843336388564627,0.0057130425101661175,0.0011834443606274976,1.529491674736463,18
2022-08-11,0.3465963646751638,0.9046174242943499,0.6534036353248364,0.9810925389762203,0.005175200761618678,0.0012058690979538584,3.081542704570501,18
2022-08-12,0.17890392646287337,0.9045852676088354,0.8210960735371265,0.9810958311569576,0.005997529118221338,0.001171582978361349,2.2923187709548216,18
2022-08-13,0.17427930175475242,0.9112805391320276,0.8257206982452474,0.9803748003994099,0.0060202072693075,0.0011706374352140046,3.202222052975764,18
2022-08-14,0.09089186562921668,0.908263549325928,0.9091081343707833,0.9807088420372174,0.00642912076514129,0.0011535881774299807,3.121014353747177,18
2022-08-15,0.05880172405404227,0.9068091767292324,0.9411982759459577,0.9808644136577678,0.006586483548618846,0.0011470270799618044,2.851213033183666,18
2022-08-16,0.047955990447748904,0.8794637657235597,0.9520440095522512,0.9832757381652348,0.0066396685493911225,0.0011448095791403118,2.8927103848843028,18
2022-08-17,0.04110632329951429,0.8773972894802621,0.9588936767004859,0.9834266427193624,0.006673257747765255,0.001143409107482097,1.8473410063377473,18
2022-08-18,0.06643397109587185,0.8987496788683312,0.9335660289041282,0.9816687495841301,0.006549056746201461,0.001148587556615525,3.1183552288213936,18
2022-08-19,0.04308716846797857,0.8607195037408178,0.9569128315320214,0.9845281326207039,0.006663544137291849,0.001143814107821195,-1.959708552886633,18
2022-08-20,0.17032001792174736,0.9850722847816361,0.8296799820782528,0.9536949183102407,0.006039622732410894,0.0011698279265656348,2.8291526202145953,18
2022-08-21,0.14579107592552953,0.9834969529640618,0.8542089240744706,0.9557923259558625,0.006159907276970728,0.0011648127795039923,2.296033921679255,18
2022-08-22,0.1774379435234516,0.9842046190719841,0.8225620564765485,0.9548870367424374,0.006004717979065929,0.0011712832459052085,2.648549999349812,18
2022-08-23,0.16655371404750602,0.9837710408957722,0.8334462859524939,0.9554483748722004,0.006058091862732154,0.0011690578742816402,2.8627959416349986,18
2022-08-24,0.14140197035897828,0.9839984661418221,0.8585980296410217,0.9551566368976968,0.006181430481438015,0.0011639153902122433,3.0696755049602578,18
2022-08-25,0.11334888429668925,0.9840078121125405,0.8866511157033107,0.9551445217805893,0.006318996582575757,0.0011581797024619528,3.0758182794818287,18
2022-08-26,0.09942064533267109,0.9839440687526346,0.900579354667329,0.9552269523341164,0.006387297547397483,0.0011553319576743865,-0.3933808755396293,18
2022-08-27,0.33693814835941466,0.9894616019533936,0.6630618516405854,0.9456855581286583,0.005222562681661131,0.0012038943949607937,2.700568356588047,18
2022-08-28,0.27762949544855087,0.9890567879113922,0.7223705045514491,0.94661029175291,0.0055134000302676615,0.0011917682455157112,2.1694176525408353,18
2022-08-29,0.32674405748325686,0.9893796278947399,0.6732559425167433,0.9458768440968127,0.005272552412631074,0.0012018101279381247,1.6649083905487816,18
2022-08-30,0.4572424327546547,0.9558625479722662,0.5427575672453453,0.9722347375468987,0.004632614487673874,0.0012284916107102879,1.9978213117000876,18
2022-08-31,0.5192497424161073,0.9593301897915595,0.4807502575838926,0.9711147158576106,0.004328542547219168,0.0012411695230677366,2.726530941896661,18
2022-09-01,0.37229623286624214,0.956859187732608,0.6277037671337578,0.9719260127054278,0.005049173819432206,0.0012111236506558442,3.0340504557257253,18
2022-09-02,0.21583924509824803,0.9556217736794025,0.784160754901752,0.9723078351084055,0.0058164063058737565,0.0011791347127473489,2.8868455064568677,18
2022-09-03,0.14864722288155302,0.9550222292260159,0.8513527771184469,0.9724874236702719,0.006145901362146437,0.0011653967426042485,2.9508072184587584,18
2022-09-04,0.10626709104178046,0.955307092787199,0.8937329089582197,0.9724025230448615,0.006353724112844161,0.001156731770682466,3.0609472322134494,18
2022-09-05,0.07884828531554856,0.9553680229665864,0.9211517146844516,0.9723842633305528,0.006488179764324239,0.0011511257668445156,2.926161667919984,18
2022-09-06,0.04971245706555491,0.8137849722045963,0.9502875429344451,0.9868510777059687,0.0066310552388879045,0.0011451687034106743,0.1787318396291122,18
2022-09-07,0.15877334569153678,0.929086205336927,0.8412266543084633,0.978015740283741,0.006096245083440732,0.0011674671129881058,1.985596249126206,18
2022-09-08,0.1971373674595503,0.9333196057654002,0.8028626325404498,0.9773284887695298,0.005908116282280069,0.0011753109576623812,3.1870543776817764,18
2022-09-09,0.10195776969256237,0.9105325296092,0.8980422303074377,0.9804590923510317,0.006374856058902516,0.0011558506939403246,-1.6288218379977344,18
2022-09-10,0.32033646135611954,0.9856691099712614,0.6796635386438804,0.9528160643335595,0.005303973945469938,0.0012005000413924365,2.461142426266484,18
2022-09-11,0.30574015574455476,0.9859317821746371,0.6942598442554453,0.952412576825075,0.00537555121171456,0.001197515704798956,3.1123099078390983,18
2022-09-12,0.19258997601509678,0.9859076418982654,0.807410023984903,0.9524501043209854,0.00593041570523018,0.0011743812055008606,1.6537013432667595,18
2022-09-13,0.3166282983637816,0.9870140097224469,0.6833717016362184,0.9506298421923751,0.005322158012142702,0.0011997418764973513,-1.4481601531911037,18
2022-09-14,0.6375533704730745,0.9943808612046137,0.36244662952692536,0.9279234468205323,0.0037484033791783796,0.0012653576879189982,2.820343333274475,18
2022-09-15,0.46856830656776505,0.9943648601323902,0.5314316934322347,0.9280144949917801,0.004577074601189484,0.001230807280207289,1.7481203120595092,18
2022-09-16,0.6315985020200341,0.9945920457258959,0.3684014979799659,0.9266866226253869,0.0037776049835206065,0.0012641401653275496,2.8450788095403245,18
2022-09-17,0.454355999901682,0.9937179341776156,0.5456440000983179,0.9314167438814903,0.004646768992325932,0.0012279014554054464,2.286941500537545,18
2022-09-18,0.47874398602109297,0.99364076262338,0.521256013978907,0.9317896727099165,0.0045271750354116645,0.0012328877828607849,1.4206722466944273,18
2022-09-19,0.7044624038555759,0.9941207082615428,0.295537596144424,0.9293601995796014,0.0034202933044094283,0.0012790377986313696,2.705929202311341,18
2022-09-20,0.5426496254174237,0.9868238165760698,0.4573503745825764,0.9509581535107985,0.004213793930486066,0.0012459538245877505,1.4490265873672135,18
2022-09-21,0.7468900547182711,0.9881070691167946,0.2531099452817288,0.9486009913223802,0.0032122354089634307,0.001287712486214277,2.1682829446135217,18
2022-09-22,0.7730765919987728,0.9885432551034048,0.22692340800122718,0.9477158228717991,0.003083821063328291,0.001293066542476351,1.266120617296146,18
2022-09-23,0.9119917523135187,0.9899943849518479,0.08800824768648136,0.9443887358244519,0.002402603675699,0.0013214689072492602,2.50733048717865,18
2022-09-24,0.7975758277357069,0.9567477488639674,0.20242417226429307,0.9719610350459063,0.0029636809069053696,0.0012980756158451705,2.1281079015543134,18
2022-09-25,0.801818784200262,0.9606358292007768,0.1981812157997379,0.9706570790463338,0.002942874152616482,0.0012989431237323502,2.559224528100274,18
2022-09-26,0.6560313362273983,0.9538059214785652,0.34396866377260177,0.972841495221149,0.0036577907381691805,0.00126913566234905,2.178599804428362,18
2022-09-27,0.6613247183236809,0.9584051983082531,0.338675281676319,0.9714264484602791,0.003631832933333476,0.0012702179385299963,2.7275818481357392,18
2022-09-28,0.47349035873080736,0.9550788195846818,0.5265096412691926,0.9724706185590436,0.004552937809558178,0.0012318136348819645,2.337017095033838,18
2022-09-29,0.4357664469210045,0.9436301290671583,0.5642335530789955,0.975360800398821,0.004737928523614482,0.0012241006660349686,2.979010114572577,18
2022-09-30,0.2546423717254865,0.9432372423645785,0.7453576282745135,0.9754449347930518,0.005626124044343135,0.0011870683360775823,2.9892989673154755,18
2022-10-01,0.14765476354680218,0.91708416663466,0.8523452364531978,0.9796849981133121,0.006150768163940587,0.0011651938260040444,3.002899878089864,18
2022-10-02,0.09060024088852364,0.9062355463012933,0.9093997591114764,0.9809248405756972,0.006430550827182577,0.0011535285523160393,2.3998130743595345,18
2022-10-03,0.06913604093223602,0.7386769853880677,0.930863959067764,0.9892889529999959,0.006535806409539328,0.0011491400173617846,1.3499012059365598,18
2022-10-04,0.12120410723742514,0.8533469399984892,0.878795892762575,0.984958783378825,0.006280476321201846,0.0011597857684005433,1.1884175738936316,18
2022-10-05,0.22582493848884355,0.8970977337426955,0.7741750615111564,0.9818226032292402,0.005767438606111064,0.0011811763711635183,2.804267169003834,18
2022-10-06,0.14712525781796718,0.8984886743079065,0.8528747421820329,0.9816932906935874,0.006153364743273804,0.0011650855641352489,2.7689312504618813,18
2022-10-07,0.10137812281091121,0.8825297372818716,0.8986218771890888,0.983045110803319,0.006377698517176756,0.0011557321802940469,1.9940434964386773,18
2022-10-08,0.12528710659381107,0.9005457957197057,0.8747128934061891,0.9814974359893407,0.006260454200939918,0.0011606205717209646,3.017584100685684,18
2022-10-09,0.07617334468313187,0.8884840546570075,0.923826655316868,0.982572391983399,0.006501297067708116,0.001150578852890591,3.263088705624054,18
2022-10-10,0.04617392217011507,0.8875993683047834,0.953826077829885,0.9826448225352002,0.006648407404314166,0.0011444452203967673,2.5058072507044837,18
2022-10-11,0.05098382344077857,0.8952172332946666,0.9490161765592215,0.9819935977330558,0.006624820748847053,0.0011454286448847894,3.071680524274206,18
2022-10-12,0.04084674937556605,0.8950421298245526,0.9591532506244339,0.9820093017836772,0.006674530638740416,0.0011433560354253336,3.1792669326091354,18
2022-10-13,0.03379560729396261,0.8860153646075322,0.9662043927060373,0.9827725462922775,0.006709107819777623,0.0011419143705342332,2.8476304595711017,18
2022-10-14,0.030728777807431593,0.8268471343796995,0.9692712221925683,0.9862917243565934,0.006724146845795304,0.001141287331630953,2.7630345837326296,18
2022-10-15,0.021237276818051154,0.6348502645255764,0.9787627231819488,0.9914836653602092,0.006770690977339466,0.0011393467149788037,3.1078426385840685,18
2022-10-16,0.014667918480195968,0.6192187792321397,0.9853320815198041,0.9917483644411182,0.006802905590930762,0.001138003554798065,2.988377657456113,18
2022-10-17,0.013144577381564597,0.6180205224856594,0.9868554226184355,0.9917681386385157,0.00681037570276678,0.0011376920949872074,2.612213332407615,18
2022-10-18,0.012475942915524786,0.5460073576519852,0.9875240570844752,0.9928449602104147,0.006813654531224757,0.0011375553870860595,2.7553109616670515,18
2022-10-19,0.012328676331185034,0.5776447372773096,0.9876713236688152,0.9923965486344514,0.006814376692418668,0.0011375252772028923,2.7709446089213543,18
2022-10-20,0.01314951236652399,0.6174702119857898,0.986850487633476,0.9917771964338328,0.006810351502744136,0.0011376931039861,3.135707954734424,18
2022-10-21,0.010780632741012357,0.5562910505262236,0.9892193672589877,0.9927029112355168,0.00682196793924603,0.001137208766761319,3.1389328175459275,18
2022-10-22,0.010289293047648205,0.5633964890875174,0.9897107069523519,0.992602740275002,0.006824377355135376,0.0011371083082572454,3.302304592548485,18
2022-10-23,0.009541717696943276,0.5498236545627461,0.9904582823030567,0.9927926384837195,0.006828043291215395,0.0011369554602328985,2.352237322159021,18
2022-10-24,0.01363924867707236,0.6192413587934724,0.9863607513229274,0.9917479911412357,0.006807949949355132,0.001137793234665165,2.722727728653022,18
2022-10-25,0.014049475255504974,0.6235074965737952,0.9859505247444951,0.9916770026940454,0.006805938293253608,0.0011378771089154182,0.8759044688595531,18
2022-10-26,0.01611970909209203,0.8637691633306185,0.9838802909079079,0.9935286701546758,0.005244633426313516,0.0007169184574568426,1.23274791428459,19
2022-10-27,0.037889121286020414,0.9096323649239585,0.9621108787139795,0.9907284184904417,0.00517323268385599,0.0007444245110692654,1.7717518725958032,19
2022-10-28,0.055633410305592615,0.9203497297646581,0.9443665896944073,0.9896802410828521,0.0051150326843849925,0.0007668447473502801,2.5335048693797515,19
2022-10-29,0.05049355396227047,0.9233323732284147,0.9495064460377296,0.9893433789099702,0.005131891149178136,0.0007603504441104803,2.9235190894459895,19
2022-10-30,0.03668038847668644,0.9227541854759816,0.9633196115233135,0.9894104546601044,0.0051771972044861135,0.0007428972548824443,2.88509052890924,19
2022-10-31,0.029872217346362875,0.9239814036814052,0.9701277826536371,0.9892670233789861,0.005199527225948556,0.0007342950051549364,3.0354825968130426,19
2022-11-01,0.024455652317161625,0.9235967740380575,0.9755443476828384,0.9893124102120318,0.005217292833088894,0.000727451075389578,3.1919278993465516,19
2022-11-02,0.02060319329431539,0.9235344815107824,0.9793968067056845,0.9893197232557945,0.005229928325207618,0.0007225834223965576,2.3949941766824674,19
2022-11-03,0.0262961142405142,0.9220031436785988,0.9737038857594856,0.9894962840496612,0.005211256375223784,0.0007297765329574895,3.1835485969657906,19
2022-11-04,0.02091168639798246,0.918992088853356,0.9790883136020176,0.9898263729661549,0.0052289165154952195,0.000722973209119917,0.5193060319078979,19
2022-11-05,0.06588353160318883,0.9333731506496791,0.9341164683968112,0.9880182792642692,0.005081412561191639,0.0007797959645643193,3.0783609734206405,19
2022-11-06,0.03828273359312759,0.906373718440768,0.9617172664068725,0.9910052238604287,0.005171941674530502,0.0007449218474752902,2.4333260595420008,19
2022-11-07,0.03569344300737451,0.8929113348399702,0.9643065569926256,0.9919909752895536,0.005180434281747488,0.0007416502310882511,2.270206995782403,19
2022-11-08,0.03750966641260025,0.8960257879252987,0.9624903335873997,0.991782793992231,0.005174477257734922,0.0007439450628416876,-1.7989249086647539,19
2022-11-09,0.13491603624293902,0.9837355505479082,0.865083963757061,0.9632255172320469,0.004854979058118127,0.0008670198067473609,-3.0829750031525154,19
2022-11-10,0.28023968535378035,0.9958738080816001,0.7197603146462197,0.8984776189171375,0.004378253257137464,0.0010506389163487944,-1.4113484716811755,19
2022-11-11,0.6120579813223438,0.997039063423465,0.38794201867765615,0.8720619143377447,0.0032894898237159583,0.0014698974501662415,1.5169110854989367,19
2022-11-12,0.7964570372641508,0.9971359988125569,0.20354296273584918,0.8691130657236785,0.002684286983072046,0.0017028890566290992,2.482296688967623,19
2022-11-13,0.7228518044177437,0.9971217388648677,0.2771481955822564,0.8695566880273725,0.0029258744278815203,0.0016098874880615837,1.9017575115239505,19
2022-11-14,0.8181239282642362,0.9971740597312826,0.18187607173576387,0.8679117536184774,0.0026131685150000456,0.0017302655728231877,2.2658166660636776,19
2022-11-15,0.8273919818678263,0.9970430146615307,0.17260801813217386,0.8719447082187343,0.002582746998055614,0.0017419759294020512,2.398571872172112,19
2022-11-16,0.7924440890822128,0.9970541111080453,0.20755591091778727,0.8716142237565124,0.00269745874650184,0.0016978186226250496,2.4036373354198703,19
2022-11-17,0.7453271979288275,0.9970452523941736,0.25467280207117243,0.8718782200890846,0.002852107419175641,0.001638285562082553,2.6662060450957488,19
2022-11-18,0.6157554753231027,0.9970200202575719,0.38424452467689746,0.8726233422502664,0.0032773556120355585,0.0014745693019971723,2.778301927099727,19
2022-11-19,0.4715639215452166,0.9959023105133468,0.5284360784547836,0.8979787434360194,0.0037505223711940113,0.001292380615718392,2.896719820739159,19
2022-11-20,0.3044120258984474,0.9839339817560248,0.6955879741015526,0.9628774146445102,0.004298950755211654,0.0010811811142288452,1.7418339047159819,19
2022-11-21,0.36026035729782435,0.9060042000136221,0.6397396427021756,0.9910355527198836,0.004115721296628429,0.0011517465104807505,1.664731856586108,19
2022-11-22,0.4268206579708799,0.8892115642540205,0.5731793420291202,0.9922249621334691,0.003897334569730367,0.0012358466773783516,2.00716883816198,19
2022-11-23,0.4481476892748949,0.9084518750169344,0.5518523107251051,0.9908306819945163,0.00382735682490386,0.001262793774581356,2.0225696840738165,19
2022-11-24,0.4625806117299066,0.9039559648406627,0.5374193882700933,0.9911999631666035,0.0037799990411028638,0.0012810300381650925,2.908122467931112,19
2022-11-25,0.24944718189007095,0.891003933381504,0.750552818109929,0.9921133359125551,0.004479271908843078,0.0010117320205820022,2.9974227504609448,19
2022-11-26,0.12394153370956046,0.8836688393606671,0.8760584662904395,0.9925510924152321,0.004890977538639143,0.0008531533204883992,3.0484235077656434,19
2022-11-27,0.061568752420646446,0.8780798093483593,0.9384312475793534,0.9928536301738342,0.005095564962176668,0.0007743441615269419,3.166814544804533,19
2022-11-28,0.031560235614223206,0.8780654338354102,0.9684397643857767,0.992854377125175,0.005193990733183009,0.0007364278473539308,2.5925684680198535,19
2022-11-29,0.027660087557881095,0.8867985969891945,0.9723399124421187,0.9923703596086675,0.005206782726409114,0.0007314999383879711,2.6601168734712797,19
2022-11-30,0.025461507885694692,0.894824745245429,0.9745384921143051,0.9918643495469177,0.005213993768753931,0.0007287219924427329,0.6788244639225373,19
2022-12-01,0.0719521401885683,0.9274940267068613,0.9280478598114319,0.9888331372657154,0.005061507529543868,0.0007874637633829211,2.6508855019498365,19
2022-12-02,0.05416950340671427,0.9104677923245806,0.9458304965932858,0.9906546258939273,0.005119834232409579,0.0007649950739973463,3.057457206037566,19
2022-12-03,0.03198975471772196,0.8907805412216303,0.968010245282278,0.9921274226123427,0.00519258196178194,0.0007369705526591155,2.810842060346499,19
2022-12-04,0.023281987180554933,0.8665884950040371,0.9767180128194451,0.993405674328978,0.005221142285044768,0.0007259681278536983,2.7307957926321627,19
2022-12-05,0.020506025645903772,0.8758996984205226,0.9794939743540962,0.9929651850311914,0.005230247020017363,0.0007224606492815652,2.8708982123037248,19
2022-12-06,0.017555223741388883,0.8796479613877226,0.9824447762586112,0.9927712171872489,0.005239925178043518,0.0007187322566790372,3.0870267457665337,19
2022-12-07,0.01479900789852647,0.8806709252484308,0.9852009921014736,0.9927164409048775,0.005248965099815063,0.0007152497271524785,2.6375802837709514,19
2022-12-08,0.016798290090906273,0.8884301753541541,0.9832017099090937,0.9922726460264871,0.005242407794803493,0.0007177758570580575,2.0613676423342504,19
2022-12-09,0.025515773552275196,0.9007453876572499,0.9744842264477249,0.9914457113992675,0.005213815784932788,0.000728790558112811,3.062096850577857,19
2022-12-10,0.019283804525113683,0.8945386412154208,0.9807161954748863,0.991883538017066,0.005234255713072817,0.0007209163503645708,3.1917509051023787,19
2022-12-11,0.00937020947563176,0.7214714644341549,0.9906297905243683,0.9967819715064324,0.005266770569462795,0.0007083903402686734,3.183056104660809,19
2022-12-12,0.005684526532380921,0.6865964584756309,0.994315473467619,0.9971769423617616,0.00527885888431907,0.0007037334119266335,3.112052891872561,19
2022-12-13,0.00465354747377946,0.6841475332209713,0.9953464525262206,0.9972018984552635,0.00528224028501179,0.0007024307508806415,1.3014425877707905,19
2022-12-14,0.012630091811374464,0.831482531315786,0.9873699081886257,0.9946776953892915,0.005256078760671282,0.0007125092616937608,3.1967968792601176,19
2022-12-15,0.009436635845350795,0.8158827307284733,0.9905633641546492,0.9951057031497024,0.005266552703642312,0.0007084742712113416,1.6672949012677305,19
2022-12-16,0.017904016895199285,0.8638040549365927,0.9820959831048008,0.9935271750523437,0.005238781193765745,0.0007191729632586586,0.5941466316310483,19
2022-12-17,0.052510004294969964,0.9283903648290701,0.9474899957050299,0.9887164791739385,0.005125277305718445,0.000762898266277837,2.898057421539262,19
2022-12-18,0.03894887939296801,0.9269731168516203,0.9610511206070321,0.9888997820539241,0.005169756781254003,0.0007457635349733667,3.1861814859455095,19
2022-12-19,0.025557388636801764,0.915121608658454,0.9744426113631982,0.9902204529707792,0.005213679293250775,0.0007288431395392579,2.053266086803036,19
2022-12-20,0.03617997701938482,0.9251476021469985,0.9638200229806152,0.989126922075245,0.005178838501785453,0.000742264975781374,1.6276815761778285,19
2022-12-21,0.06441658517845988,0.9397620040075118,0.9355834148215403,0.9869770448083504,0.005086224126726128,0.0007779424507144415,3.0224990728891923,19
2022-12-22,0.04368240525755596,0.9402455804565802,0.9563175947424442,0.9868903475117751,0.005154231237115845,0.0007517444321628396,3.1846702230585784,19
2022-12-23,0.031179713784772765,0.9397462278919922,0.9688202862152272,0.9869798527062092,0.005195238798880394,0.0007359470510077402,3.1660769407185168,19
2022-12-24,0.023015777400522554,0.9188449110402417,0.9769842225994775,0.9898419577769171,0.005222015414021883,0.000725631766889218,3.1707951816570352,19
2022-12-25,0.019689373015473133,0.9190348642645155,0.9803106269845269,0.9898218341487239,0.005232925512737633,0.0007214287936285395,3.190889892260441,19
2022-12-26,0.01613657884830131,0.8979462188214536,0.9838634211516989,0.9916489169582066,0.0052445780963691815,0.0007169397727047966,3.176987774691935,19
2022-12-27,0.008909789058465496,0.7434707883136894,0.9910902109415345,0.9964867738402798,0.005268280660209187,0.0007078085905840236,2.792469446866264,19
2022-12-28,0.007615813655476004,0.7460230792546496,0.992384186344524,0.9964497266596621,0.005272524647965999,0.0007061736288087253,2.8542015125071822,19
2022-12-29,0.00716759786941743,0.7617555512911343,0.9928324021305824,0.9962065295286965,0.005273994707358864,0.0007056072999004647,3.1186663832216723,19
2022-12-30,0.005043329154231009,0.6780977077386667,0.9949566708457691,0.9972621814730792,0.005280961881127709,0.0007029232472192718,3.1764398516917347,19
2022-12-31,0.0013460236129306533,0.27696269356021647,0.9986539763870694,0.9992791708823712,0.005293088264669818,0.0006982516335103412,3.1250178274034335,19
2023-01-01,0.0008404268495023729,0.2610345499768005,0.9991595731504976,0.9993235076351913,0.005294746512185333,0.0006976128026793918,3.1443770259815778,19
2023-01-02,0.0008442111435828217,0.28173271138824735,0.9991557888564172,0.9992656637419562,0.005294734100526125,0.0006976175842047236,3.146100177545993,19
2023-01-03,0.0008996464909984984,0.2985536196337348,0.9991003535090015,0.9992171295109593,0.005294552284672131,0.000697687627788099,3.197284386014833,19
2023-01-04,0.0008729850892525564,0.29005023908115596,0.9991270149107475,0.9992418446384868,0.005294639728258598,0.0006976539406155068,2.888989911319198,19
2023-01-05,0.0012208702397326207,0.3766423124409664,0.9987791297602674,0.9989698772984047,0.00529349874061351,0.0006980934999161819,3.193169969898831,19
2023-01-06,0.0012085651780131045,0.37043126176663654,0.9987914348219871,0.9989910723992311,0.005293539098546777,0.0006980779522438633,3.0336618579372496,19
2023-01-07,0.0010818791389617163,0.32999586425092703,0.9989181208610382,0.9991222700316944,0.005293954601246432,0.0006979178820981444,3.1998515127546945,19
2023-01-08,0.0007691084407603225,0.2512215226614231,0.9992308915592396,0.9993502673521097,0.005294980421002498,0.0006975226905552363,3.07816815103654,19
2023-01-09,0.0007848649882772409,0.26408144792970123,0.9992151350117228,0.9993151148063393,0.005294928742966523,0.000697542599243486,3.064420881413105,19
2023-01-10,0.0009156390736261769,0.30336014074147244,0.9990843609263736,0.9992029904239491,0.0052944998324858505,0.0006977078347110621,2.6392953413412656,19
2023-01-11,0.0015559534045087606,0.4404762178921211,0.9984440465954911,0.998732685264235,0.005292399740332353,0.0006985168836719233,2.0457007800336613,19
2023-01-12,0.0036351214438728454,0.6499976374892538,0.9963648785561271,0.9975191148799665,0.005285580511002737,0.0007011439508178124,-0.03608680481382964,19
2023-01-13,0.02204443640254933,0.9231231220350832,0.9779555635974507,0.9893677560212678,0.005225201267903747,0.0007244044596322195,0.24795605130434506,19
2023-01-14,0.08144163025331752,0.958431137355884,0.9185583697466825,0.9823923813808544,0.005030381773485717,0.0007994539090125005,0.16450381920611012,19
2023-01-15,0.247485161243591,0.97395506352211,0.752514838756409,0.9744811678728758,0.004485708459911964,0.0010092529713265608,2.9050281413289745,19
2023-01-16,0.16030310433271724,0.9740894544853159,0.8396968956672827,0.9743774040891879,0.004771703114921128,0.0008990968352733965,2.596952314895251,19
2023-01-17,0.13994853365304194,0.9745802981143241,0.8600514663469581,0.9739903416769784,0.004838471369426936,0.0008733784599959443,3.125385012728362,19
2023-01-18,0.08910524739887905,0.974577687183521,0.9108947526011208,0.9739924348749237,0.005005244714731359,0.0008091370305498697,1.9778315291102864,19
2023-01-19,0.12351049648218707,0.9759903012390976,0.8764895035178131,0.9728024959897726,0.004892391415856033,0.0008526086970057135,2.4211741947612357,19
2023-01-20,0.12867116607455095,0.9767081892871707,0.8713288339254491,0.9721500295662127,0.004875463481345102,0.0008591292981693568,-0.44319626291860703,19
2023-01-21,0.3835040255507925,0.9859257730466904,0.6164959744492073,0.9589219254944048,0.004039459597223973,0.0011811153138007514,2.880887551839691,19
2023-01-22,0.2584095443997228,0.9853534369311466,0.7415904556002771,0.9601529282111767,0.004449870072131912,0.0010230561308284519,2.988445040904357,19
2023-01-23,0.16331405445501296,0.980184410411209,0.836685945544987,0.9684206107827914,0.004761826307722369,0.000902901226257885,2.8855335118994114,19
2023-01-24,0.11615124294202986,0.9730358304662841,0.8838487570579701,0.9751667407186492,0.004916530958339349,0.0008433101444945237,2.550310202516936,19
2023-01-25,0.11477057948007591,0.9758700094229887,0.885229420519924,0.9855311249381151,0.0021530086745820314,0.0009983806984625102,2.138185666088765,20
2023-01-26,0.13693483361675113,0.9784089806931814,0.8630651663832488,0.985401363870687,0.0021503869277496807,0.0010270821797840385,3.0622721146771634,20
2023-01-27,0.08539545816289458,0.977344780882438,0.9146045418371056,0.985457617396064,0.0021564808357079847,0.0009603415435871105,3.1702040510863414,20
2023-01-28,0.05525135074234557,0.9773863609628818,0.9447486492576546,0.9854554723364288,0.002160040882977933,0.000921306594305717,3.154842902946192,20
2023-01-29,0.040678231894950706,0.9742313067771053,0.9593217681050493,0.9856074409551967,0.0021617608891666465,0.0009024352126740289,1.3486443425185881,20
2023-01-30,0.08584192663829016,0.9789136180738459,0.9141580733617097,0.9853736558545105,0.0021564280844612177,0.0009609196955306946,0.7210729479340501,20
2023-01-31,0.18285174558451836,0.9320834497112407,0.8171482544154817,0.9867083605953724,0.002144950304251147,0.0010865420372219855,2.623788206101968,20
2023-02-01,0.1451876078018167,0.9370322200979125,0.8548123921981832,0.9866235533315834,0.0021494103095317857,0.0010377690651925354,1.8940035407569704,20
2023-02-02,0.18962453544334665,0.9515267855714972,0.8103754645566534,0.9863293442016706,0.002144147798510671,0.0010953124249115105,2.8098929811543703,20
2023-02-03,0.13009557683012993,0.9515482097869064,0.86990442316987,0.986328845354238,0.0021511960998165515,0.0010182257211049472,3.1170947475420645,20
2023-02-04,0.07619545579452079,0.9478316141010307,0.9238045442054791,0.9864121540311142,0.002157567687700624,0.0009484280501527894,3.110664144793401,20
2023-02-05,0.04953086408783475,0.9367030715024868,0.9504691359121651,0.9866294003805267,0.0021607161337663344,0.000913898880973608,2.338660439715434,20
2023-02-06,0.055477688124860196,0.9437947340267094,0.9445223118751397,0.9864960027454217,0.0021600141636764604,0.0009215996886781485,2.8714960548018738,20
2023-02-07,0.04541390705049626,0.9455948826827377,0.9545860929495038,0.9864594011409037,0.002161202034730804,0.00090856764966846,2.066085888596544,20
2023-02-08,0.06359729564092771,0.9552938945831935,0.9364027043590722,0.9862379372766754,0.0021590555241510633,0.0009321141306270403,2.5487623331145155,20
2023-02-09,0.05943472759243347,0.9364551449174036,0.9405652724075665,0.9866337842431409,0.0021595470043758768,0.0009267238355890602,0.245913178915517,20
2023-02-10,0.15576081866852529,0.953196123623134,0.8442391813314748,0.9862897772961188,0.002148158761291673,0.0010514607875635254,2.839807318553042,20
2023-02-11,0.10677082084500697,0.9509140323574259,0.8932291791549931,0.9863435163719864,0.002153954538728729,0.0009880214541755014,2.838089772096357,20
2023-02-12,0.07826293880888338,0.9391749714805709,0.9217370611911165,0.9865847128006786,0.002157323468139892,0.0009511053261284839,3.0967852015429043,20
2023-02-13,0.05095257269167901,0.9372855898456904,0.9490474273083209,0.9866190312498319,0.0021605483244019385,0.0009157399148602559,3.200385468406875,20
2023-02-14,0.03598049354991904,0.9371472342157966,0.9640195064500809,0.9866215028823151,0.0021623151923880297,0.0008963519017477096,2.315998781964191,20
2023-02-15,0.04630443856441837,0.9459444334827168,0.9536955614355817,0.9864521502531164,0.002161096935192046,0.000909720838648132,-1.3576468186348538,20
2023-02-16,0.1622477826819107,0.9914279229830004,0.8377522173180895,0.984288234676575,0.002147390715458084,0.0010598610466164807,1.9114944132005158,20
2023-02-17,0.20556784574119502,0.9919925246150583,0.7944321542588048,0.9842034036128849,0.002142258073371401,0.00111595812856999,1.3102197081714424,20
2023-02-18,0.3602237121218272,0.9928115207525162,0.6397762878781729,0.9840682400831977,0.002123882814099919,0.001316228908394858,3.0148499332461345,20
2023-02-19,0.2192807403156925,0.9926098857963146,0.7807192596843077,0.9841029923357579,0.002140632032509781,0.0011337155674202679,2.7073956786210003,20
2023-02-20,0.16669003302174804,0.9893602657478818,0.833309966978252,0.9845546593928854,0.0021468646789358898,0.0010656135147287921,2.4268085065101084,20
2023-02-21,0.16212746890916346,0.9897530244489788,0.8378725310908365,0.98450856526405,0.0021474049616947042,0.0010597052469455358,2.398127729970715,20
2023-02-22,0.15419350208048,0.9899783056778556,0.8458064979195201,0.9844812670574409,0.002148344307820822,0.0010494311994032693,2.8045780035733676,20
2023-02-23,0.11393022725035062,0.9901034225583737,0.8860697727496494,0.9844658216787889,0.0021531080450492113,0.0009972924888761992,2.7731204507115113,20
2023-02-24,0.08970680312650842,0.9902780539766197,0.9102931968734916,0.9844439115877285,0.002155971412737194,0.0009659244964886958,1.368710978713128,20
2023-02-25,0.15857173659813342,0.9911552312018352,0.8414282634018665,0.9843270908489467,0.0021478259705750577,0.0010551007705719992,3.1318377817131107,20
2023-02-26,0.08796186956937241,0.9328887107764753,0.9120381304306275,0.9866949957503528,0.002156177599349445,0.000963664904192532,2.516017519296737,20
2023-02-27,0.0806275371454829,0.9234145998940305,0.919372462854517,0.9868428960717439,0.0021570441345266315,0.0009541673499878173,3.1631950971612595,20
2023-02-28,0.04521493459695446,0.8379249871743847,0.9547850654030455,0.9876902767599756,0.0021612255168749423,0.0009083099913631718,2.4726256273165386,20
2023-03-01,0.04430146093266911,0.8618735015923367,0.9556985390673309,0.9875068605409305,0.002161333320647849,0.0009071270935696562,2.2697820728741935,20
2023-03-02,0.05165571837154143,0.8837641985991186,0.9483442816284586,0.9873112116004253,0.0021604653270906457,0.0009166504495650305,3.043099080320973,20
2023-03-03,0.036191227171508945,0.8621109322596887,0.9638087728284909,0.9875048996620251,0.002162290328747698,0.0008966247901141117,0.2670403305709371,20
2023-03-04,0.10206067549284842,0.9521233439677215,0.8979393245071516,0.9863153681166631,0.0021545113498455414,0.000981922076862237,3.1639080167399887,20
2023-03-05,0.06104139280423868,0.9503453917546447,0.9389586071957613,0.9863565062219376,0.0021593573100558033,0.0009288043780373745,3.1645101201119905,20
2023-03-06,0.04196804315278996,0.9484170437383701,0.9580319568472101,0.9863994443469787,0.002161608686698246,0.0009041054468040335,3.2015984504190405,20
2023-03-07,0.031326473501968516,0.92052903484696,0.9686735264980314,0.9868843070910766,0.002162864264145276,0.0008903252035943419,2.7901875457969676,20
2023-03-08,0.03186668130467463,0.9249085232146491,0.9681333186953254,0.9868208390589526,0.002162800535261218,0.0008910247427741178,2.015313291985577,20
2023-03-09,0.04645881528859897,0.9315923383867958,0.953541184711401,0.9867164331498778,0.0021610787155522714,0.0009099207479542709,-0.4557713639024612,20
2023-03-10,0.14689699915206275,0.9816528599024691,0.8531030008479372,0.9852098512125325,0.0021492079947267174,0.001039982632299632,3.0193760856609906,20
2023-03-11,0.09363110865624373,0.9807548461109724,0.9063688913437562,0.98526625337556,0.0021555076676521793,0.0009710062547633987,2.479201785538909,20
2023-03-12,0.09304038830552594,0.9802503617719093,0.9069596116944739,0.9852967285014049,0.002155577477868485,0.0009702413046320825,-0.4855110930416193,20
2023-03-13,0.2817198312916098,0.9918445505094668,0.7182801687083903,0.9842262410061161,0.0021332201873823383,0.0012145707314301915,-0.9480195470382378,20
2023-03-14,0.5919070566807614,0.9959316120690147,0.40809294331923873,0.9833376835555647,0.0020962055284935452,0.0016162460055352617,2.051486966946406,20
2023-03-15,0.6626482502116838,0.9961758720753845,0.33735174978831617,0.9832563864314493,0.002087718790446266,0.0017078519324602163,2.385269723800731,20
2023-03-16,0.6121889044086187,0.9962481601837915,0.3878110955913812,0.9832312541633963,0.00209377405513638,0.0016425098748329857,2.0367579369559223,20
2023-03-17,0.6864900109109702,0.9964723386452604,0.31350998908902994,0.9831498759533199,0.0020848547409601167,0.0017387256918551068,-0.5204446883252883,20
2023-03-18,0.8881434355852356,0.9981391658805712,0.11185656441476442,0.9822827150767827,0.0020605543819589224,0.0019998557062476806,2.2602249498413456,20
2023-03-19,0.8778696875191125,0.9981180175542536,0.12213031248088758,0.982298398680222,0.0020617957227917682,0.0019865517716147535,1.5056960650170905,20
2023-03-20,0.9487516386642845,0.9978075035350402,0.05124836133571557,0.982509041752451,0.0020532241020883866,0.0020783399718529143,2.3582412429114337,20
2023-03-21,0.9282695184000335,0.9978272709146163,0.07173048159996671,0.9824966166104457,0.002055702697309793,0.002051816760714627,2.4434032074068535,20
2023-03-22,0.8947487878005979,0.9978057219853547,0.1052512121994021,0.9825101556577805,0.002059756093530708,0.0020084092714640995,1.8560266843470234,20
2023-03-23,0.932203911680928,0.9970290135348473,0.06779608831907202,0.9829210716745251,0.002055226695209028,0.002056911582068272,1.7526435757171228,20
2023-03-24,0.9632725094062519,0.9941263665298625,0.03672749059374815,0.9838123974664231,0.0020514660410288826,0.00209714369508235,1.779728304434716,20
2023-03-25,0.9748505395528005,0.994444783539232,0.02514946044719943,0.9837411560066193,0.0020500637668694833,0.0021121366027589223,2.4947265558096605,20
2023-03-26,0.9430713326822202,0.994302018165858,0.056928667317779715,0.9837736250642043,0.0020539116318392487,0.0020709842902658215,2.271735325862965,20
2023-03-27,0.9398560484599582,0.9941274528839413,0.06014395154004197,0.9838121615075771,0.00205430075368038,0.00206682067530817,1.7918472958508929,20
2023-03-28,0.9468888327088736,0.9796446857294382,0.05311116729112632,0.9853322458987583,0.002053449583295678,0.002075927741330508,2.516778403905721,20
2023-03-29,0.8794533486117682,0.9782524656989454,0.12054665138823195,0.9854098186959402,0.002061604397671215,0.0019886025250030782,1.6449414380935643,20
2023-03-30,0.9241732720693688,0.9764339943147802,0.0758267279306312,0.9855035886583391,0.0020561982260206154,0.002046512348627355,2.3564536746503983,20
2023-03-31,0.8788738571039031,0.9765142269010672,0.121126142896097,0.9854996149388343,0.0020616744081225903,0.0019878521156012365,2.3423120567271387,20
2023-04-01,0.8472797804672028,0.9774534541217267,0.15272021953279727,0.9854520022942433,0.002065489697509051,0.00194693953650575,2.6218548932240218,20
2023-04-02,0.7055085171366631,0.9712197455149673,0.294491482863337,0.9857352275420775,0.0020825687297572762,0.0017633536038901372,2.4806990974227086,20
2023-04-03,0.5976995026605373,0.9565012857270777,0.40230049733946266,0.9862069472031342,0.0020955112464038556,0.0016237469022074129,2.550632736214515,20
2023-04-04,0.4693024775969027,0.9357254171000672,0.5306975224030973,0.9866465873478064,0.0021108745054923862,0.00145747986728356,2.76243801655711,20
2023-04-05,0.3261804640134956,0.9381629315000583,0.6738195359865043,0.986603227986593,0.002127934508905304,0.001272144787915088,3.027247545432309,20
2023-04-06,0.1831935602391106,0.9257126010990894,0.8168064397608892,0.9868087844621635,0.002144909806426341,0.0010869846682649118,3.0140349457631266,20
2023-04-07,0.10053679703561139,0.8689420587995759,0.8994632029643885,0.9874470899428507,0.002154691479622582,0.000979948738675129,3.092955058510432,20
2023-04-08,0.05751258307847248,0.8684065970814766,0.9424874169215275,0.987451722031857,0.0021597739350516796,0.0009242347649203819,3.1972053188547864,20
2023-04-09,0.024532157985139164,0.5053842405169969,0.9754678420148609,0.9891650689772774,0.0021636657131463006,0.0008815269413701164,2.6936387054580133,20
2023-04-10,0.019995290059448403,0.5184004833066036,0.9800047099405518,0.9891205169031003,0.0021642007902342073,0.0008756519487254514,0.5096180752236195,20
2023-04-11,0.05976852687918018,0.8868973748362425,0.9402314731208199,0.9872803849531607,0.0021595075943708778,0.0009271560871746369,2.35716599389339,20
2023-04-12,0.0635887862969176,0.9071450485739511,0.9364112137030824,0.9870586745021389,0.002159056528920474,0.000932103111497921,2.7572445045779888,20
2023-04-13,0.0511492967255363,0.9064165058601432,0.9488507032744637,0.9870674384793583,0.0021605251038249273,0.0009159946615866034,2.6046873646690147,20
2023-04-14,0.049126983478729,0.9116286833292259,0.9508730165212709,0.9870032010491211,0.0021607638040064417,0.0009133758779577208,3.1870880645606627,20
2023-04-15,0.034345383253513745,0.9077924418755119,0.9656546167464862,0.9870508297953119,0.0021625081076308036,0.0008942345244905493,3.132849800782853,20
2023-04-16,0.02841122037267071,0.908159732448087,0.9715887796273294,0.9870463550725572,0.002163208162738526,0.0008865501122819024,3.20139255600122,20
2023-04-17,0.025057454341248717,0.9069505525322286,0.9749425456587512,0.9870610207796298,0.002163603755364132,0.0008822071710525668,1.5293265825578999,20
2023-04-18,0.0486881415221606,0.9364576452482548,0.9513118584778395,0.9866337401187564,0.0021608156001325777,0.0009128076019335477,1.5424832745806425,20
2023-04-19,0.08826480844206488,0.9557566938268963,0.9117351915579351,0.9862261621680505,0.002156141803911034,0.0009640571932514163,0.1404409184861024,20
2023-04-20,0.22859275106509147,0.9796219861345276,0.7714072489349085,0.9853335551932787,0.0021395274779466037,0.0011457741055033292,2.198428007409493,20
2023-04-21,0.2326519203805623,0.9672344450531066,0.7673480796194377,0.985884270389627,0.0021390459040270433,0.0011510305049098008,1.2762715593004907,20
2023-04-22,0.3722395480457904,0.9743935146596694,0.6277604519542097,0.9856001181403853,0.002122451808054369,0.0013317887503009984,2.2977244279690354,20
2023-04-23,0.36914387102130697,0.9760817816546248,0.6308561289786931,0.9855208656395584,0.0021228205288792803,0.0013277800200388475,2.7921505253160945,20
2023-04-24,0.254899271850238,0.9749993827325952,0.745100728149762,0.9855723277173688,0.002136405529343194,0.0011798395926744007,3.0330947010511524,20
2023-04-25,0.15117307821000195,0.9750061007618052,0.8488269217899981,0.9855720156067757,0.002148701856991923,0.001045519917806918,1.7311889656374286,20
2023-04-26,0.6355973483526955,0.6508856914804001,0.36440265164730457,0.3859219049771346,0.0013221795671668627,0.0013474802964298473,2.971900477566775,21
2023-04-27,0.6443969372867666,0.6506658757448833,0.35560306271323344,0.3862033024293394,0.001308996837672391,0.0013347834731688366,1.3628447028716342,21
2023-04-28,0.609039758971956,0.633198987322624,0.3909602410280439,0.4085389727931655,0.0013619637340020988,0.0013857999294413562,2.8977075070220755,21
2023-04-29,0.6525441135005681,0.659239019865516,0.3474558864994319,0.37522461054227974,0.0012967912050684896,0.00132302800853998,2.918598550994222,21
2023-04-30,0.757908972172231,0.7591253591641635,0.2420910278277691,0.24808330486449318,0.00113891471056487,0.001170998294595542,3.0340999740555623,21
2023-05-01,0.7732651453850317,0.7736489815566071,0.22673485461496834,0.22997363355019448,0.001115901483172683,0.0011488410530801486,0.8352663989432936,21
2023-05-02,0.7396156369574604,0.7449747165231693,0.2603843630425396,0.2658674529470593,0.0011663283765515906,0.001197393532579563,2.2266012572175886,21
2023-05-03,0.7410552059890931,0.7436552486764598,0.2589447940109068,0.26753184667331914,0.0011641711460574698,0.001195316395374222,2.712086881755335,21
2023-05-04,0.7384150386820338,0.740251857570758,0.261584961317966,0.27182931711243447,0.0011681274967423922,0.0011991258616945674,2.907537148172868,21
2023-05-05,0.7373639500519131,0.738944456169511,0.262636049948087,0.27348180597149246,0.0011697025688541221,0.0012006424651027827,2.0025932446687102,21
2023-05-06,0.7446589575838238,0.7475213003048116,0.25534104241617617,0.26265794848932883,0.0011587707955816977,0.00119011658463105,1.9830662082239061,21
2023-05-07,0.7242324457575521,0.7283168517050118,0.275767554242448,0.2869454440972978,0.0011893799376906686,0.0012195897580304271,2.9621378878870495,21
2023-05-08,0.784796742221,0.7849193336143936,0.21520325777900004,0.21603820573081128,0.0010986192365336012,0.00113220224778589,1.1463530421287134,21
2023-05-09,0.7242278241893602,0.7301667738603296,0.2757721758106396,0.28459812904540105,0.0011893868629172183,0.0012195964264367534,3.0100786039619893,21
2023-05-10,0.728751891717246,0.7305525422100837,0.27124810828275414,0.2841088266624683,0.0011826076944641659,0.0012130687026700182,3.058432160945544,21
2023-05-11,0.7297611735472224,0.7314334569716533,0.27023882645277764,0.28299173693962,0.0011810953067509047,0.0012116124218014715,1.875361485605774,21
2023-05-12,0.7849637989806707,0.7852354527277494,0.21503620101932935,0.21564896946249373,0.0010983688667813396,0.001131961203554394,2.876866751218045,21
2023-05-13,0.8014164728798472,0.8011313581774938,0.19858352712015265,0.19620318145724944,0.001073710499180069,0.0011082218341095253,3.106229254813007,21
2023-05-14,0.8082654710913698,0.8079330977317916,0.1917345289086302,0.1879645495490215,0.0010634452630720107,0.0010983394952345836,3.1074462409241024,21
2023-05-15,0.809926196788367,0.8095791617772766,0.190073803211633,0.18597874181327562,0.0010609561482586962,0.0010959432536808275,2.789549737048115,21
2023-05-16,0.8319045858260453,0.831017418140821,0.16809541417395474,0.16042793732333213,0.0010280136038199113,0.001064230894925902,2.9225523039038324,21
2023-05-17,0.8550980018217317,0.8541182299877725,0.1449019981782683,0.13364097162626232,0.000993247721966427,0.0010307653880797672,2.6812551996205456,21
2023-05-18,0.8461578043055544,0.8452089171941889,0.1538421956944455,0.14387070338293392,0.0010066489390919207,0.0010436650938082837,2.1014256399575295,21
2023-05-19,0.8993301408761118,0.8969149745288637,0.10066985912388796,0.08663831350365805,0.0009269395364559163,0.0009669433554555578,3.183155638932898,21
2023-05-20,0.8979291540115506,0.8973029672399996,0.10207084598844943,0.08623089273307223,0.0009290398740096601,0.0009689648229063228,3.0285237514736694,21
2023-05-21,0.8943460916908408,0.8936207220505122,0.10565390830915938,0.09011261859206017,0.0009344115077145437,0.0009741347813396192,2.7064943777554453,21
2023-05-22,0.9218494337496919,0.9208283539621654,0.07815056625030802,0.06228854473451865,0.000893177843992762,0.0009344505329247558,3.1848035587854984,21
2023-05-23,0.9247790885377292,0.9242837809771917,0.07522091146227096,0.058909346215290856,0.0008887854503235271,0.0009302233685267175,2.725092619657881,21
2023-05-24,0.9135836057326554,0.9128523272378425,0.08641639426734464,0.07022976328002498,0.0009055705007556206,0.0009463771988434185,1.2199885975049947,21
2023-05-25,0.8519917769840436,0.8501068892161981,0.14800822301595642,0.13823023466398965,0.0009979039424481372,0.0010352473233233993,3.084500908525554,21
2023-05-26,0.8564824177555747,0.8557155861719895,0.14351758224442537,0.1318212677228442,0.000991172474240469,0.0010287678306298196,2.9568571305034577,21
2023-05-27,0.8554185686091935,0.8545926724750245,0.14458143139080673,0.13310001917835707,0.000992767191153767,0.0010303028460366965,3.098534067169034,21
2023-05-28,0.8644049929797702,0.8636046751916111,0.13559500702022978,0.12290157456751025,0.0009792963333064809,0.0010173364401242708,0.6998444454419198,21
2023-05-29,0.7827371220906186,0.7832250015481665,0.2172628779093812,0.2181260039196606,0.0011017060017011135,0.0011351740494207388,2.6586148647946732,21
2023-05-30,0.776749278094715,0.7771138444521805,0.22325072190528517,0.22567772573992392,0.001110679919453137,0.0011438138390177427,3.073555136034767,21
2023-05-31,0.7794385160668135,0.779643664889867,0.22056148393318645,0.2225475709360698,0.0011066496057360602,0.0011399335692126008,2.266115222264466,21
2023-06-01,0.7710542774617142,0.7718047205981562,0.22894572253828574,0.23226427617957152,0.001119214817470871,0.001152031088374537,2.4912190522266155,21
2023-06-02,0.7622544977993325,0.7632356987067751,0.23774550220066762,0.24294218686276572,0.001132402473543394,0.0011647281868351817,2.5086750948094303,21
2023-06-03,0.759266908095284,0.7604148954671283,0.2407330919047161,0.2464691052698099,0.0011368797061381995,0.0011690389448413708,2.924551817549251,21
2023-06-04,0.8076068068608988,0.8071532200436942,0.19239319313910122,0.18890650042021057,0.0010644324734307095,0.0010992898740971985,3.106336078311194,21
2023-06-05,0.8084780569533376,0.8081525427298533,0.1915219430466624,0.18769962766051385,0.0010631266375731255,0.0010980327575974716,0.3995256844759947,21
2023-06-06,0.6899731066159941,0.7016256149440715,0.3100268933840059,0.3209507974851793,0.001240713680613883,0.0012690221550865181,0.6606657416755067,21
2023-06-07,0.5815754336725831,0.6139813879512837,0.41842456632741687,0.43303117287208986,0.001403103132998132,0.0014254278810333762,1.5120615056470192,21
2023-06-08,0.6178453584122378,0.6411342150652762,0.3821546415877622,0.39839862703692364,0.0013487729737533423,0.0013730944336917059,2.8674438575573884,21
2023-06-09,0.6362490037733445,0.6438747625411596,0.3637509962266556,0.3948936868093286,0.0013212033283987598,0.0013465400304963984,2.9621181806604153,21
2023-06-10,0.6372607848996134,0.6438714321535918,0.3627392151003867,0.39489794688880914,0.0013196875852431447,0.00134508014342266,1.943136384785919,21
2023-06-11,0.6218447415041768,0.637669312233945,0.37815525849582315,0.40282798187896635,0.0013427818038487065,0.001367323770919629,2.970158380507611,21
2023-06-12,0.6368212943902377,0.6436833976357526,0.36317870560976223,0.39513846905557526,0.0013203459838276367,0.001345714279103797,2.9828486954513207,21
2023-06-13,0.6450072896168969,0.6511553247566172,0.3549927103831031,0.38557672545845045,0.0013080824523591696,0.0013339028029783681,2.981862818621591,21
2023-06-14,0.6464321132511271,0.6523813407379889,0.35356788674887285,0.38400709376820363,0.0013059478795468546,0.0013318469417333174,1.5554289114372875,21
2023-06-15,0.6037817078657153,0.6254793077440735,0.3962182921342847,0.41838999406166355,0.0013698401240581943,0.001393386709470911,2.318036389585148,21
2023-06-16,0.6905112286252699,0.6982581236445656,0.30948877137473013,0.32525523711994647,0.001239907403455675,0.001268245705175525,1.682343794333097,21
2023-06-17,0.775538196843391,0.7767457488977737,0.22446180315660907,0.22613362986320132,0.001112494935819801,0.0011455612938952365,2.9838231129433104,21
2023-06-18,0.824916812626318,0.824165438464061,0.17508318737368195,0.1685281448425718,0.0010384875208071327,0.0010743134705972995,2.9858262357892205,21
2023-06-19,0.8252843407682355,0.8246999068888181,0.17471565923176458,0.16789397440204104,0.001037936640899945,0.0010737831685688373,2.5286688067500265,21
2023-06-20,0.8130063805898592,0.8124039711824698,0.186993619410141,0.18257841919535844,0.001056339502878036,0.0010914988927416993,0.34927584363028874,21
2023-06-21,0.695920631518984,0.7073334852778154,0.3040793684810159,0.31366069700579746,0.0012318023381331987,0.001260440541433937,0.37342762770956683,21
2023-06-22,0.557454037869607,0.5952267155826927,0.4425459621303929,0.45681246306997214,0.0014392324959765005,0.0014602323590168242,2.8269825256654766,21
2023-06-23,0.5823638589731743,0.5946334839978706,0.41763614102682567,0.45756233621134484,0.0014019221777011738,0.0014242902714505744,2.0799161604461673,21
2023-06-24,0.5589714348544791,0.5822620843605864,0.4410285651455209,0.4731629547575734,0.0014369597890227254,0.0014580429247741502,2.877756763287734,21
2023-06-25,0.5942541863441141,0.6053236130514404,0.4057458136558861,0.4440265032353973,0.0013841117490711319,0.0014071338580913277,2.9132750258426237,21
2023-06-26,0.604405218410244,0.6137857783315234,0.39559478158975603,0.4332798918911718,0.0013689061314969685,0.0013924870534478206,2.7930324953588683,21
2023-06-27,0.6280517866148883,0.6368170310308965,0.37194821338511186,0.40391712998465884,0.0013334833724400188,0.0013583676986150832,2.5843358054873433,21
2023-06-28,0.6227071576981466,0.6329980646481954,0.3772928423018534,0.4087955542456254,0.0013414898753838385,0.001366079400747987,2.2035494071870496,21
2023-06-29,0.6097404833126403,0.6244750707171833,0.39025951668735964,0.4196703433890528,0.0013609140629689078,0.0013847888625409574,2.6604629151474097,21
2023-06-30,0.6172031899657815,0.6276727579237511,0.3827968100342185,0.41559250258870845,0.001349734950979194,0.0013740210109817977,2.968185490832263,21
2023-07-01,0.7244282160825897,0.7272160779337881,0.27557178391741033,0.2883428805436929,0.0011890865839687393,0.0012193072833335547,3.0396984387026715,21
2023-07-02,0.9111467643766267,0.9091200671108234,0.08885323562337333,0.07401010364177887,0.0009092239145007032,0.0009498932885431111,3.1934117027823827,21
2023-07-03,0.9111668881306894,0.9106061686066981,0.08883311186931066,0.07250010012278268,0.0009091937442342721,0.0009498642522153241,2.449977288145088,21
2023-07-04,0.9247623692444702,0.9236662773508301,0.07523763075552976,0.05951041468123774,0.0008888105174458427,0.0009302474925980969,2.796663478442664,21
2023-07-05,0.917355693357419,0.916683120253475,0.08264430664258099,0.06639172247887301,0.0008999151816014631,0.0009409344980246073,2.8515761618550464,21
2023-07-06,0.9117054576608979,0.9110020905107382,0.088294542339102,0.07209886615206096,0.0009083863005150783,0.0009490871565816463,2.358197353087309,21
2023-07-07,0.8970790572958269,0.8959634631230903,0.10292094270417305,0.08763906752147031,0.0009303143217007154,0.0009701914174478607,2.8350693005589,21
2023-07-08,0.8997123276029839,0.8988251207858139,0.10028767239701608,0.08463619469931104,0.0009263665666850513,0.0009663919027274643,3.1559859647659625,21
2023-07-09,0.9205895180739867,0.9199356236168509,0.07941048192601334,0.06316773255737,0.0008950668083393505,0.0009362684504181822,3.143398486417174,21
2023-07-10,0.9287389852219408,0.9282233839363921,0.07126101477805921,0.05510416444944743,0.0008828483714571532,0.000924509680227412,3.0556046346426595,21
2023-07-11,0.9249586652456968,0.9244492362845701,0.07504133475430319,0.05874850511141375,0.000888516212117042,0.0009299642594092411,3.068892003167296,21
2023-07-12,0.9222228758345566,0.9216908134151932,0.07777712416544337,0.06144154640957696,0.0008926179490748752,0.0009339116977376495,2.97926934955029,21
2023-07-13,0.9186262588919647,0.9180341778217425,0.08137374110803534,0.0650485775848873,0.0008980102672318625,0.0009391012139752586,1.2738247633926183,21
2023-07-14,0.8698163245183632,0.867655897821287,0.1301836754816368,0.11836643689881468,0.0009711844600454243,0.0010095284935636964,1.0599846361547465,21
2023-07-15,0.8065782870935159,0.8056139593723962,0.19342171290648413,0.19076771350381166,0.0010659740221317185,0.0011007739131591089,3.112294040953348,21
2023-07-16,0.8105735450316165,0.8102157909651039,0.18942645496838337,0.18521157337349786,0.001059985892140832,0.001095009202522933,3.1069387493786462,21
2023-07-17,0.825016628452272,0.8244504774156821,0.1749833715477281,0.16818988523191358,0.0010383379091006557,0.001074169447517326,3.0729094217155355,21
2023-07-18,0.8312152223912508,0.8305955701350862,0.16878477760874916,0.1609247229220918,0.0010290468941614376,0.0010652255693089632,2.7804190473538335,21
2023-07-19,0.8262254091123945,0.8255373357480444,0.1737745908876055,0.16690111065282798,0.0010365260915426368,0.0010724253121357876,3.1238504967415155,21
2023-07-20,0.8262839718063938,0.8257544424126898,0.17371602819360615,0.16664386359202063,0.001036438312917852,0.0010723408127141705,3.071435425063113,21
2023-07-21,0.8286142656469436,0.828031853699548,0.17138573435305646,0.16394931306657262,0.0010329454635727604,0.001068978459170004,3.1067974347126595,21
2023-07-22,0.8305382973680725,0.8299541115565209,0.16946170263192747,0.16168061952659685,0.0010300615385793164,0.001066202296454361,2.9713971198661704,21
2023-07-23,0.8313695102959061,0.8307122833381425,0.16863048970409383,0.1607872510789067,0.001028815631412119,0.0010650029491080198,2.8116923951180066,21
2023-07-24,0.8877929858882245,0.886371644458965,0.1122070141117754,0.0978500800264736,0.0009442356149595917,0.0009835901805417752,1.4433053996677006,21
2023-07-25,0.9152849436231856,0.9122738072320912,0.08471505637681459,0.07081312185345048,0.0009030197696883902,0.0009439223584338078,3.195443989131189,21
2023-07-26,0.8759836418095709,0.8824049099066499,0.12401635819042917,0.2295252220016077,0.0007858978162465653,0.0004567986582201862,3.267543915906528,22
2023-07-27,0.8749731496175016,0.8805547670078185,0.1250268503824984,0.23199835255346685,0.0007871614120242715,0.0004582985781265222,3.207564888504186,22
2023-07-28,0.8731340250960816,0.8790264913928836,0.1268659749039185,0.23403011959167647,0.0007894611807212145,0.0004610284750040625,3.3000549327010438,22
2023-07-29,0.8815197321195172,0.8869486307335064,0.1184802678804827,0.22338724494360498,0.0007789749908296158,0.0004485811854635104,3.364697717047614,22
2023-07-30,0.882585729822487,0.8873416710380067,0.11741427017751298,0.22285190285346368,0.0007776419558855382,0.0004469988761816163,3.3078318491464165,22
2023-07-31,0.8825760304907075,0.8875073927059846,0.1174239695092926,0.22262596742820395,0.0007776540849663269,0.0004470132733446312,3.3575129399604933,22
2023-08-01,0.8839040851256443,0.8886106404026317,0.11609591487435565,0.22111861444645267,0.0007759933396963421,0.0004450419809395264,2.987081940887684,22
2023-08-02,0.8776184778260032,0.8843084098950272,0.12238152217399666,0.22696510478580323,0.0007838534842544112,0.00045437199614017465,2.729029354775592,22
2023-08-03,0.8740539129063462,0.8827239576050121,0.12594608709365399,0.22909723441682392,0.0007883108911461136,0.0004596630433371575,3.3568310280264644,22
2023-08-04,0.9645909246074128,0.9673289986872868,0.035409075392587114,0.09188149142445792,0.0006750790799268695,0.000325274804440899,3.3080407647400922,22
2023-08-05,0.9645675686651397,0.9653893599207843,0.03543243133486025,0.09587487465050991,0.0006751082951317981,0.000325309472737222,3.4298759852404466,22
2023-08-06,0.966977592080463,0.9676878444295223,0.03302240791953702,0.09113490092922738,0.0006720936608631239,0.0003217321644475094,3.4313810789492174,22
2023-08-07,0.9700571131209734,0.9706805614905354,0.029942886879026534,0.0848076840912452,0.0006682415325532452,0.00031716109012660485,3.3628640010895774,22
2023-08-08,0.9700121669468561,0.9706180132948289,0.02998783305314389,0.084941840094131,0.000668297755372603,0.00031722780579427793,2.0058682702050894,22
2023-08-09,0.9247823872804793,0.9280946465399156,0.07521761271952067,0.1627794121804345,0.0007248708228971364,0.0003843644421911091,3.172407018239421,22
2023-08-10,0.9219928807717254,0.924981199512078,0.07800711922827466,0.1677440506828236,0.000728359621484725,0.00038850503464117646,3.253407562206778,22
2023-08-11,0.9197241864748478,0.9226509371507615,0.08027581352515215,0.17141230039106264,0.0007311970219010594,0.00039187256163840064,3.3907870246711074,22
2023-08-12,0.9286512288264949,0.9311774688708414,0.07134877117350517,0.15778872657370924,0.0007200320576164835,0.000378621743242149,3.4055665938045845,22
2023-08-13,0.9434691835971731,0.9454402258300302,0.0565308164028268,0.13360714593997147,0.0007014986117360497,0.00035662677335899335,3.3047785252781696,22
2023-08-14,0.9420874005880964,0.9438142593913214,0.05791259941190365,0.13646364095458477,0.0007032269073851363,0.0003586778172540552,3.337104208930566,22
2023-08-15,0.9424731511344582,0.9442034309775976,0.05752684886554202,0.13578248395053866,0.0007027444222070816,0.00035810523002586197,3.073234485347012,22
2023-08-16,0.9353340125037252,0.9376110730789713,0.06466598749627486,0.14711607610236152,0.0007116737357971872,0.00036870218092797713,2.564221164926686,22
2023-08-17,0.9136936432702708,0.9182330784477126,0.08630635672972924,0.17826051246140076,0.0007387391643791004,0.0004008239735043764,-1.2166908533117602,22
2023-08-18,0.5235240105449812,0.5693633140196802,0.4764759894550187,0.5386378513034502,0.0012263670426061767,0.0009799706542660271,1.8960552958283081,22
2023-08-19,0.5028605849595512,0.5645782441147017,0.49713941504044873,0.5424459155976342,0.0012521731631760166,0.0010106423245787011,3.0374344194825915,22
2023-08-20,0.5391211113575972,0.5660832559223338,0.4608788886424027,0.5412497735929259,0.001206886903126777,0.0009568191621777349,3.0532489418114137,22
2023-08-21,0.5421185022508944,0.5667334933042424,0.45788149774910564,0.5407325363810168,0.001203143161985447,0.0009523699974011918,3.0709815104539318,22
2023-08-22,0.5427371498246469,0.5666468983830725,0.4572628501753532,0.5408014346979688,0.0012023704662543885,0.0009514517104335531,2.942925028817537,22
2023-08-23,0.5388013397099162,0.5653688967004441,0.46119866029008383,0.5418177061590567,0.0012072862955686292,0.0009572938139005323,2.2567850443515867,22
2023-08-24,0.5061664746749859,0.5537790597484564,0.49383352532501423,0.5509874131388676,0.0012480446329970057,0.001005735240851337,2.546930097432537,22
2023-08-25,0.509982976754287,0.5488074677357389,0.4900170232457129,0.5548959326429159,0.00124327836933971,0.0010000702317733404,3.0061075562970143,22
2023-08-26,0.5245673673399206,0.5508881708849006,0.47543263266007924,0.5532619205285215,0.001225063966200168,0.0009784219519223347,3.0617747313806474,22
2023-08-27,0.5336810122821931,0.5583716604112047,0.466318987717807,0.5473637082292646,0.001213681485586385,0.0009648941507423966,3.049945621956626,22
2023-08-28,0.8673420859759445,0.8925152595167533,0.1326579140240555,0.21573755486391502,0.0007967037252200167,0.0004696257158840636,3.3613286505659685,22
2023-08-29,0.9410020567382749,0.9448545920754654,0.05899794326172514,0.134639214463921,0.0007045844193019848,0.0003602888429090214,-0.49110697534015424,22
2023-08-30,0.6504548790035578,0.6899553608188826,0.34954512099644225,0.4366552090459604,0.0010678044555847979,0.00079156134460113,2.5274477417478187,22
2023-08-31,0.6468441070740159,0.6802909285810849,0.3531558929259841,0.44534377921478574,0.0010723160284945112,0.0007969209789821425,0.5749608540121594,22
2023-09-01,0.4835999313160176,0.563774964684929,0.5164000686839825,0.543083752341668,0.0012762256969257675,0.001039231796160684,2.8877490413411624,22
2023-09-02,0.5321466484592228,0.5637337192981218,0.4678533515407773,0.5431164918716732,0.0012155978538558507,0.0009671716773375523,3.059667720674112,22
2023-09-03,0.5509659721206526,0.5762507266405941,0.4490340278793474,0.5331305197318827,0.0011920924414697191,0.0009392372920893539,3.051991887546001,22
2023-09-04,0.5572151967325308,0.5818859973111599,0.44278480326746905,0.528600766550703,0.0011842867891523382,0.000929961281380823,2.9307257198439074,22
2023-09-05,0.5540198438322353,0.5807168694805014,0.44598015616776476,0.5295423215582094,0.001188277996010608,0.0009347042902437689,3.097383863558674,22
2023-09-06,0.5574247130454484,0.5807709464960674,0.44257528695455156,0.5294987914965119,0.0011840250878650367,0.0009296502867082134,3.096543463848048,22
2023-09-07,0.5579283304075786,0.5811085042045622,0.4420716695924215,0.5292270241567039,0.0011833960319412662,0.0009289027443594811,2.290088368017546,22
2023-09-08,0.5231061648813189,0.5689018058969206,0.4768938351186811,0.5390057712347319,0.001226888899965766,0.0009805908817488542,2.5947864752153684,22
2023-09-09,0.6853767612399965,0.7303131431594874,0.3146232387600034,0.3991085097203055,0.0010241674366372347,0.0007397251931253877,3.216871724425937,22
2023-09-10,0.7247761637392336,0.7419904216019374,0.27522383626076646,0.3878201575453241,0.0009749290317118275,0.0006812428529646632,3.2165774653765635,22
2023-09-11,0.9364189531415816,0.9455322327476813,0.0635810468584183,0.13344466689675266,0.0007103167553035265,0.00036709175377902346,1.4055772095999282,22
2023-09-12,0.8664685346913538,0.8795683596489532,0.1335314653086463,0.23331087217832375,0.0007977960467404911,0.0004709223681207128,1.4412211817328713,22
2023-09-13,0.7826533440264467,0.8141235268805861,0.21734665597355335,0.31271702331068557,0.0009025860875182765,0.0005953330997605141,2.582382250559718,22
2023-09-14,0.77938915487884,0.8001963618511706,0.22061084512115997,0.32804724340126884,0.0009066665175730469,0.0006001782854224787,2.7095570318731528,22
2023-09-15,0.7727240316305473,0.7917131125840929,0.22727596836945274,0.33716963414118206,0.0009149981711717227,0.0006100716335519932,3.2104492669534648,22
2023-09-16,0.7779349498213708,0.7903571170496346,0.22206505017862924,0.3386134556550639,0.0009084843450353799,0.0006023368286855652,3.1906021698066596,22
2023-09-17,0.7768207712528721,0.7890459004273082,0.2231792287471279,0.3400059304162133,0.0009098771164472229,0.0006039906550359519,3.2679495256360234,22
2023-09-18,0.8001742723173461,0.8114921220372028,0.19982572768265403,0.31564875077596766,0.0008806830854951112,0.0005693259823109568,2.9178406036829663,22
2023-09-19,0.8005725685491207,0.8146030366089904,0.19942743145087927,0.3121809592888179,0.0008801851576145053,0.0005687347729465042,2.376827688662239,22
2023-09-20,0.7709981646276569,0.7938473087392032,0.22900183537234314,0.3348893159033685,0.0009171555376334339,0.0006126334171002884,3.236875807429715,22
2023-09-21,0.7815368762886876,0.7936241665914997,0.21846312371131238,0.3351281910267728,0.0009039817436985962,0.0005969903240298254,1.988766830238017,22
2023-09-22,0.7845742385746836,0.8167267476915573,0.2154257614253165,0.30979991544435986,0.000900184833447554,0.0005924818278818341,3.2994779896701196,22
2023-09-23,0.8737555147214383,0.8831035926146278,0.1262444852785617,0.2285873884276774,0.0007886840287106797,0.0004601059694488784,3.365529930972248,22
2023-09-24,0.896058327611787,0.9008679222850741,0.10394167238821307,0.2039720611620608,0.000760793979913761,0.00042700088136995084,2.838589819578082,22
2023-09-25,0.897955155120019,0.9041416451797253,0.10204484487998099,0.19926029016301253,0.0007584218635512414,0.00042418533330257086,3.3839962468521025,22
2023-09-26,0.9021600991242997,0.9058969628234456,0.09783990087570014,0.19670934894169895,0.0007531632284554162,0.00041794374205966013,3.3116757996591866,22
2023-09-27,0.9026862218924272,0.9064853769541823,0.09731377810757261,0.19585029993502445,0.0007525052623299956,0.00041716279390460796,3.2580170792495724,22
2023-09-28,0.9001391973135178,0.9041935692365326,0.09986080268648226,0.19918508025954149,0.0007556905453634221,0.00042094345930491215,1.5842609196497197,22
2023-09-29,0.8328961547708972,0.8531517592038114,0.16710384522910265,0.2670384621342148,0.0008397736706828115,0.0005207553914146887,3.2243552900120385,22
2023-09-30,0.8671289127574526,0.8750031165914609,0.13287108724254743,0.23933208945105128,0.0007969702853741848,0.00046994213866933924,3.337689276241866,22
2023-10-01,0.8695776772565066,0.8752582503880268,0.13042232274349339,0.23899786006346863,0.0007939082421295175,0.0004663073252122072,0.9726047375401349,22
2023-10-02,0.7674034352195898,0.8092418944954868,0.23259656478041027,0.3181425054859777,0.0009216489753795049,0.0006179692388308948,2.548318212546098,22
2023-10-03,0.7727846348992187,0.7950285236339533,0.22721536510078133,0.33362303447827785,0.0009149224156988087,0.0006099816773407698,3.17752560331903,22
2023-10-04,0.7808526346645696,0.7934830846495335,0.2191473653354305,0.3352791651146685,0.000904837086838707,0.0005980059752548555,2.671570539620883,22
2023-10-05,0.7704494307538421,0.7899702499426546,0.22955056924615783,0.33902467112161383,0.0009178414626251087,0.0006134479279565573,2.5821507262732966,22
2023-10-06,0.7556407007495525,0.7771377409547319,0.24435929925044747,0.35249200588291557,0.0009363520804851491,0.0006354292050958736,2.220880193653014,22
2023-10-07,0.722167876839968,0.7543687186195338,0.2778321231600319,0.37562040100516225,0.0009781888836033039,0.0006851144528368328,3.2464853787884156,22
2023-10-08,0.7414135577085265,0.7562186523319495,0.25858644229147354,0.373775451950081,0.0009541348160421951,0.0006565472060314636,3.2531505473389353,22
2023-10-09,0.7908409504812117,0.8042549442653476,0.20915904951878825,0.32362647639080877,0.0008923508872037553,0.0005831798599798096,2.6706487412571547,22
2023-10-10,0.7763594106183334,0.794381462834474,0.22364058938166675,0.33431706624697577,0.0009104538355980777,0.0006046754737858401,3.098209121771805,22
2023-10-11,0.7786599380851199,0.7919946873719009,0.22134006191488004,0.3368693354987516,0.0009075780754036936,0.0006012606953545094,1.9224184775517552,22
2023-10-12,0.819728973886036,0.8523009080478039,0.18027102611396406,0.26808301534414053,0.000856236055714505,0.0005403000419073243,3.2657101184470396,22
2023-10-13,0.8591552140060654,0.8675148539383334,0.1408447859939345,0.24902656115162283,0.0008069407672334619,0.000481777865435165,3.2952087443532068,22
2023-10-14,0.8617226291526825,0.8681120471607381,0.13827737084731737,0.2482614183997104,0.0008037304475196791,0.0004779669333800109,3.356877564957506,22
2023-10-15,0.8769523983424393,0.8826284588719963,0.12304760165756076,0.22922538838200715,0.0007846864056655759,0.0004553606884669842,2.9526515555574484,22
2023-10-16,0.8826641110661704,0.889850668056097,0.1173358889338297,0.21941757764014377,0.0007775439395885314,0.0004468825313067062,0.1676698405970669,22
2023-10-17,0.6756589785759337,0.7321496518781212,0.3243410214240663,0.39734677242252786,0.0010363109376320088,0.0007541497436342115,3.172793298657377,22
2023-10-18,0.7134205461589953,0.7318066954199217,0.2865794538410049,0.3976761441336886,0.0009891211286861144,0.00069809851695793,3.168638588449109,22
2023-10-19,0.7148207985058342,0.7310536399171292,0.2851792014941657,0.39839876011009856,0.0009873711429913604,0.0006960200581777418,2.664304871200436,22
2023-10-20,0.7048727390170711,0.7306102726986015,0.29512726098292874,0.39882381458720617,0.000999803687376744,0.000710786419138983,1.2573612355052042,22
2023-10-21,0.5934768861327326,0.663821259024911,0.4065231138672673,0.45991034383388846,0.001138990391224776,0.0008761363926824167,2.940515949351698,22
2023-10-22,0.6583845174433249,0.6865931251062958,0.34161548255667507,0.4396902249559355,0.0010578963609475674,0.0007797910185766427,3.181711988350056,22
2023-10-23,0.6680669270821605,0.6869425785078624,0.3319330729178394,0.4393753982011747,0.0010457978004564284,0.0007654189738715273,-1.142811163176735,22
2023-10-24,0.3415149865139575,0.39443548753301055,0.6584850134860425,0.6708036527064596,0.001453609608303402,0.0012501349963752757,1.8835492482675542,22
2023-10-25,0.23153177838331734,0.395528484930557,0.7684682216166826,0.7876279349508626,0.001494964294955146,0.001477572286506012,2.265688099540357,23
2023-10-26,0.24838026519440706,0.39202268295076936,0.7516197348055929,0.7899195470323517,0.0014700851673657054,0.0014500305185703802,2.601172623087342,23
2023-10-27,0.31838299374372653,0.43423374999177267,0.6816170062562734,0.7615639032458432,0.001366700183350808,0.0013355989422404878,2.690896971040676,23
2023-10-28,0.33651938008062515,0.4329822307026954,0.663480619919375,0.7624294607046481,0.0013399108128843084,0.0013059518796121074,2.8687666233296216,23
2023-10-29,0.35034531304742866,0.4326062106036635,0.6496546869525714,0.7626892100584983,0.0013194872593849986,0.0012833509990977415,2.44057796245092,23
2023-10-30,0.31666285730879995,0.43189365089195786,0.6833371426912002,0.7631810464924389,0.001369240916440892,0.0013384108029754944,2.9377591065246516,23
2023-10-31,0.37506100140263543,0.45696805143954733,0.6249389985973643,0.7455595895328381,0.0012829749041013802,0.0012429489285331334,2.97458953165645,23
2023-11-01,0.38503590811653593,0.45777863675261454,0.614964091883464,0.7449788811584563,0.0012682381026718234,0.0012266432169891746,2.015908090524545,23
2023-11-02,0.29870663367007244,0.4467030142016528,0.7012933663299277,0.7528527609851033,0.0013957622705912413,0.0013677633584900126,2.298012591832301,23
2023-11-03,0.634479416511102,0.7790955326621346,0.365520583488898,0.4336470755853942,0.0008995404921402915,0.0008188846272545125,3.1608622361269365,23
2023-11-04,0.8050182532894641,0.8368992936214096,0.19498174671053586,0.3502059151183356,0.0006472789573273728,0.0005401093805973037,2.84965340041733,23
2023-11-05,0.8323348123439125,0.8538823686649478,0.16766518765608762,0.32301945134883386,0.0006068577828167341,0.0004954557366995975,3.4892146133882718,23
2023-11-06,0.8511441826638235,0.8610641781322613,0.14885581733617637,0.31110103098540426,0.000579022645591446,0.00046470856526664825,3.455106443950548,23
2023-11-07,0.8580786891242382,0.8668999518045716,0.14192131087576185,0.30122068441933414,0.0005687601057837554,0.00045337291418876224,2.834020674654884,23
2023-11-08,0.8424530584158947,0.8580763340124175,0.15754694158410543,0.3160911612946153,0.0005918844826395599,0.0004789157121647692,2.8971455357154134,23
2023-11-09,0.8498418652750022,0.8657434472952621,0.15015813472499787,0.30319299906905695,0.0005809499471737394,0.00046683742845202646,1.6006529292546645,23
2023-11-10,0.7634140638638439,0.8160110119739534,0.23658593613615608,0.3818747550017849,0.000708834327279989,0.0006081186293303294,2.1198347160216087,23
2023-11-11,0.7326702429591305,0.790482626251514,0.26732975704086953,0.41820600844211286,0.0007543153237588941,0.0006583747259345017,2.81836539620895,23
2023-11-12,0.7895126637137652,0.8219674127603299,0.2104873362862348,0.3730319394630616,0.0006702212932949869,0.0005654559505645228,3.4350102493764414,23
2023-11-13,0.8279120387887181,0.8419928152480286,0.172087961211282,0.34219412804864285,0.0006134025709903442,0.0005026855255972472,2.5265596059782873,23
2023-11-14,0.8017099954542755,0.8279392645952158,0.19829000454572437,0.3640182115769636,0.0006521740201218072,0.0005455173006431575,1.4148994466545668,23
2023-11-15,0.7058156194319962,0.7833726995955266,0.2941843805680039,0.4278996674568117,0.0007940386870316344,0.000702273256258084,-0.05990265896960412,23
2023-11-16,0.39823916156047307,0.5874176960566702,0.6017608384395269,0.641659053767002,0.0012487309647295109,0.0012050602139322532,1.017749310421006,23
2023-11-17,0.32080652741410304,0.5190646610226423,0.679193472585897,0.6988872228929794,0.0013631204682622246,0.0013316372569756865,2.578711904605561,23
2023-11-18,0.39821228892049365,0.5191462685032824,0.6017877110795065,0.6988227875649705,0.0012487706686395872,0.0012051041419135868,3.0702163284224455,23
2023-11-19,0.45373713356958434,0.522471813959875,0.5462628664304157,0.6961896312985865,0.0011667253348799688,0.0011143391727425444,1.9462999960950276,23
2023-11-20,0.3711657743316661,0.5236456028542544,0.6288342256683339,0.695256770823177,0.0012887295191010657,0.0012493163513912278,3.023812533283212,23
2023-11-21,0.45797975904720456,0.5341165554494702,0.5420202409527956,0.6868539736281715,0.0011604556145750615,0.001107403867058861,1.1437697215186644,23
2023-11-22,0.3083417236877074,0.4913171449046138,0.6916582763122927,0.7203083361435555,0.0013815314505239411,0.0013520131361537278,1.5441925101669824,23
2023-11-23,0.27170902497666694,0.4581072578047658,0.7282909750233331,0.7447432526704936,0.0014356345133755381,0.0014118956228166438,2.8748652917234736,23
2023-11-24,0.3687047951245019,0.46229213287245413,0.6312952048754983,0.7417323447378222,0.001292365205746323,0.00125333924786722,2.6291688611063706,23
2023-11-25,0.3736381567083235,0.4758682676792718,0.6263618432916767,0.7318313368048776,0.0012850769535805674,0.0012452748144609665,3.023479235149844,23
2023-11-26,0.5112060739506723,0.5899434342918569,0.4887939260493278,0.6394096572205286,0.00108178998942591,0.001020396242601139,2.840279642115856,23
2023-11-27,0.6084551215949638,0.6790554118535524,0.39154487840503627,0.5526956131267923,0.0009380220343728717,0.0008614258417448818,3.0287105159264622,23
2023-11-28,0.635761455910126,0.6833010394199737,0.3642385440898739,0.5481648535006001,0.0008976446756383353,0.000816788911953301,2.3574435061200383,23
2023-11-29,0.5886027706554986,0.6700796632607003,0.4113972293445014,0.5621428001555908,0.0009673748275403198,0.0008938779455261893,3.2755741548089925,23
2023-11-30,0.6588820826951466,0.699155457971596,0.3411179173048534,0.5308796975217068,0.00086345352777926,0.0007789942456085313,3.256259081515101,23
2023-12-01,0.6650946643759392,0.6986659734932782,0.3349053356240608,0.5314222100156439,0.0008542657769610938,0.0007688387055382548,1.6495015561418684,23
2023-12-02,0.6372556165268581,0.7565320028174931,0.362744383473142,0.4629738104056301,0.0008954351736788081,0.0008143464478064613,2.0953900663640197,23
2023-12-03,0.7502638694800154,0.8318949752007165,0.24973613051998467,0.3579637153491559,0.0007282887390475731,0.000629614898169705,2.6384796411522125,23
2023-12-04,0.7814690070145326,0.8185775526962543,0.21853099298546746,0.3780822751749937,0.0006821223193804355,0.0005786046996865116,0.3540289713466731,23
2023-12-05,0.5226451810774614,0.6817841451244319,0.47735481892253867,0.5497882702278662,0.0010648816288939794,0.001001697042049224,0.7722191813210576,23
2023-12-06,0.3707031244196199,0.5724952373239108,0.6292968755803799,0.6547415641560752,0.001289413009713891,0.0012500726327508466,2.794451098368508,23
2023-12-07,0.4787420650571743,0.5731287831576383,0.5212579349428256,0.6541932105210101,0.0011297718462458895,0.0010734642842140211,2.662659708921253,23
2023-12-08,0.48487617922215187,0.5707154187686736,0.5151238207778481,0.6562787557451524,0.001120706047327407,0.0010634370128799996,2.0457901669120204,23
2023-12-09,0.42334025462669767,0.5640266824911249,0.5766597453733024,0.662012624090122,0.0012116428023926148,0.0011640281326591969,2.6349331039505484,23
2023-12-10,0.46311369618761067,0.560170908183486,0.5368863038123892,0.6652874623098777,0.0011528685919049418,0.001099011558188481,3.144209169005147,23
2023-12-11,0.501909362356908,0.5606026062160178,0.49809063764309214,0.6649219034594325,0.0010955311194878938,0.0010355933268349246,0.30184762444976065,23
2023-12-12,0.2892348748514648,0.47796729082323547,0.7107651251485352,0.7302819776606299,0.001409751370406957,0.001383246587711088,2.796281929803942,23
2023-12-13,0.38450780052153954,0.4863641101475173,0.6154921994784603,0.7240331195014266,0.0012690183355062252,0.0012275065002614065,1.5465089919196437,23
2023-12-14,0.2828273144066884,0.4613152093231424,0.7171726855933116,0.7424369239771914,0.0014192145998997777,0.0013937208543192564,2.906606021859345,23
2023-12-15,0.42197167475760794,0.5181807241427997,0.578028325242392,0.6995846046487144,0.0012136650366744413,0.0011662653133377033,1.8251101151659903,23
2023-12-16,0.4117000598206705,0.5804734671666317,0.5882999401793294,0.6477907047628908,0.0012288422105268344,0.0011830560458283561,2.9645172464129557,23
2023-12-17,0.5037784923730886,0.5813975249875473,0.49622150762691153,0.6469792009166824,0.0010927684637350478,0.001032537910302605,2.1270180407442507,23
2023-12-18,0.4501062653567625,0.5729900882991922,0.5498937346432375,0.6543133080440264,0.0011720909284686186,0.0011202744552900891,1.7148685446311536,23
2023-12-19,0.3834575036007041,0.559646141239965,0.6165424963992959,0.6657314605896562,0.0012705700530195052,0.0012292233923705616,2.7331777342003796,23
2023-12-20,0.46462502185507865,0.5609631379517396,0.5353749781449212,0.6646163964980201,0.0011506351013953623,0.0010965410347951769,1.6053061658937076,23
2023-12-21,0.353790317933174,0.529784729541743,0.6462096820668259,0.6903480226876105,0.0013143981677531942,0.0012777195423287057,2.8725491510812313,23
2023-12-22,0.5709203835937434,0.6657633283333688,0.42907961640625664,0.5666237063808295,0.000993517436200134,0.0009227828677582759,3.209699139224695,23
2023-12-23,0.621886609523282,0.667203644859144,0.37811339047671777,0.5651328950474139,0.0009181616458607129,0.0008394697499189675,3.1232151195843243,23
2023-12-24,0.6924771880675117,0.7334831656715405,0.30752281193248826,0.4913295973915624,0.0008137674641921783,0.0007240772310235913,2.352324006465073,23
2023-12-25,0.6548897006428345,0.7192625190711707,0.3451102993571654,0.5080833221213392,0.0008693577294449893,0.0007855204850998299,2.679679951364253,23
2023-12-26,0.692478072643905,0.7484405452633475,0.30752192735609485,0.47310458178196435,0.0008137661558531719,0.0007240757850303681,1.5313998093063133,23
2023-12-27,0.5915547771212455,0.7079071821323761,0.4084452228787545,0.5210815549333366,0.000963010256870958,0.0008890523800059332,1.9409169798972874,23
2023-12-28,0.5760930215245885,0.6998879321949351,0.4239069784754117,0.5300667945374775,0.0009858700981334849,0.0009143272957473456,2.165283824365756,23
2023-12-29,0.6279753915864257,0.729662085746697,0.37202460841357426,0.49588482719331717,0.0009091581874351031,0.0008295165817517611,2.3104781320946066,23
2023-12-30,0.6382506864701964,0.7188751959102216,0.36174931352980344,0.5085321295192217,0.0008939636994245462,0.0008127198337510605,3.1978973074986565,23
2023-12-31,0.7449795057326858,0.780180144220475,0.25502049426731416,0.4321955197816871,0.0007361061721722015,0.0006382531053658919,3.4179875998012323,23
2024-01-01,0.7629176717008983,0.7828156246990607,0.23708232829910175,0.4286517670216623,0.0007095687071662014,0.0006089300682393665,0.6232029689594505,23
2024-01-02,0.5183570025241578,0.6737049217310771,0.48164299747584205,0.5583483452190487,0.0010712201486336621,0.0010087068121197266,2.091944813484621,23
2024-01-03,0.5234110182803059,0.655200749248875,0.4765889817196942,0.5774237201274625,0.0010637496054675493,0.0010004451485852168,0.6773604726582886,23
2024-01-04,0.3670837197662495,0.564765461525774,0.6329162802337505,0.6613826246059964,0.0012947600567460849,0.001255989176126283,1.5989450187400411,23
2024-01-05,0.3382457994697579,0.5318783170249378,0.6617542005302421,0.688662502170506,0.0013373606163007007,0.0013031297483009573,2.9636000820992656,23
2024-01-06,0.4682214996375567,0.5538636490700959,0.5317785003624433,0.6705972075912051,0.00114532005027461,0.0010906619693585428,3.001853105291306,23
2024-01-07,0.5038068525681627,0.5696543176713315,0.4961931474318373,0.6571929012642658,0.001092726545984987,0.0010324915506549938,3.1687844057963055,23
2024-01-08,0.5277086563128472,0.5810616516118148,0.4722913436871529,0.6472743196281818,0.0010573969871231334,0.0009934199153585931,-0.003235592392057174,23
2024-01-09,0.26770769812425144,0.4528219470821974,0.7322923018757485,0.7485188353202822,0.001441543663674151,0.0014184364841319345,2.136542931429758,23
2024-01-10,0.29040621505754494,0.44539692254653473,0.7095937849424552,0.7537727406477546,0.001408021411980515,0.0013813318294012616,2.34454373161026,23
2024-01-11,0.3030770810369484,0.4402261912484865,0.6969229189630515,0.7573974790795928,0.0013893072756112866,0.0013606191058041174,2.6238445301074806,23
2024-01-12,0.36738185936944334,0.4786118089124177,0.6326181406305567,0.7298052241839772,0.0012943196094747046,0.00125550181534097,-0.33538229314929524,23
2024-01-13,0.2025763754559925,0.36802142052478715,0.7974236245440074,0.8053185006916722,0.0015377174193668614,0.0015249049043754217,2.80245553634028,23
2024-01-14,0.3042078574612899,0.4059167680673571,0.6957921425387101,0.7807718380000394,0.0013876371425155505,0.0013587706560165796,1.986901935279145,23
2024-01-15,0.265290748073848,0.417266112558584,0.734709251926152,0.7731664879948799,0.0014451129685010018,0.0014223874073303556,2.3692741001040547,23
2024-01-16,0.2794938912669992,0.4132045731681671,0.7205061087330007,0.7759022078436358,0.001424137595550616,0.0013991699114110872,2.3796168878176998,23
2024-01-17,0.2803930719671013,0.4096982276770673,0.7196069280328988,0.7782513469744954,0.0014228096383745753,0.001397700044920875,2.5120065075570075,23
2024-01-18,0.2947690203944382,0.40754588913411005,0.7052309796055618,0.7796876057859573,0.0014015778976297117,0.0013742000689361046,1.5666596110203215,23
2024-01-19,0.2935301847572453,0.48274455763843976,0.7064698152427548,0.726736818703365,0.0014034075690699801,0.0013762251602106217,2.7072367009481604,23
2024-01-20,0.38051396532931586,0.49040629479906195,0.6194860346706841,0.7209954994772987,0.0012749188298293843,0.0012340351151614096,3.0416941982077472,23
2024-01-21,0.42586987798093134,0.49687271355952706,0.5741301220190689,0.7160955563917275,0.0012079049663738432,0.0011598930254434557,3.0437473812146125,23
2024-01-22,0.43398097665416396,0.4989493916889445,0.566019023345836,0.7145112254712269,0.0011959195693681491,0.0011466340307416788,0.8543950799720255,23
2024-01-23,0.43009643620183774,0.6407567852141492,0.5699035637981622,0.5918257142953574,0.0012016596197894694,0.0011529839844718931,3.036972220857168,23
2024-01-24,0.578874419157642,0.6390851100053926,0.421125580842358,0.5691234138465533,0.0009620726276586427,0.0011759520310317302,2.9178385210729942,24
2024-01-25,0.6088575978899649,0.6603316882404184,0.3911424021100353,0.5480412377165228,0.0009134915560747558,0.0011412588441012228,3.127111601426481,24
2024-01-26,0.632279596655009,0.6712450408375981,0.3677204033449909,0.5368928264989665,0.0008755397424256122,0.001114157522100103,0.6744719328865386,24
2024-01-27,0.4091405977259163,0.5787568017809784,0.5908594022740837,0.6249561840453561,0.0012370431437364023,0.0013723490591097485,2.9303259650283695,24
2024-01-28,0.5110867918418923,0.5821482888994155,0.4889132081581077,0.6219620644280206,0.0010718985253790406,0.0012543883051518454,3.0915844906492818,24
2024-01-29,0.5805145058226292,0.6313047403138139,0.4194854941773708,0.576647510346669,0.0009594152942808003,0.0011740543058519348,1.5875704334292848,24
2024-01-30,0.4596828116045394,0.5972864229940781,0.5403171883954606,0.6083971761028616,0.0011551723090185864,0.001313867252039624,2.909836869606686,24
2024-01-31,0.5305018969325339,0.5957680695065531,0.4694981030674661,0.6097727857670987,0.0010404444651830602,0.0012319233131575528,2.8321737428313756,24
2024-02-01,0.5332723171062687,0.5932501255950128,0.46672768289373134,0.6120465243939398,0.0010359560753350576,0.00122871769223852,2.823062742492652,24
2024-02-02,0.6409779133900156,0.7025757059069284,0.35902208660998425,0.503585018892189,0.0008614450590269077,0.0011040928011056266,3.267299950305093,24
2024-02-03,0.6715328751131238,0.7029552850929535,0.3284671248868763,0.5031689938481394,0.0008119324357687746,0.001068738010735401,3.208934724524832,24
2024-02-04,0.6769957415335034,0.7069074798401265,0.32300425846649644,0.498818731412347,0.0008030798998488745,0.0010624169916202955,2.848081996100797,24
2024-02-05,0.6625495137963455,0.7028583722202036,0.3374504862036544,0.5032752415466067,0.0008264897347107918,0.0010791325534958483,3.317789273986929,24
2024-02-06,0.8467885272176512,0.8675812845055941,0.1532114727823489,0.28497363477013427,0.0005278920659133107,0.0008659517366924907,2.9075497230361456,24
2024-02-07,0.8456174721111973,0.8596478742173154,0.15438252788880263,0.29771078513292326,0.0005297902914839589,0.0008673067509181946,1.4850663010108711,24
2024-02-08,0.7493209903296578,0.8028263362272682,0.2506790096703422,0.38124127106072636,0.0006858698195766379,0.0009787302885298239,1.747755616043217,24
2024-02-09,0.756519345504753,0.8235471332614879,0.24348065449524695,0.35221805032536974,0.00067420342045747,0.0009704011555879404,0.7584306556592649,24
2024-02-10,0.5806704962753129,0.7145258469458384,0.41932950372468714,0.4903357982724627,0.00095916255199553,0.0011738738111157815,2.6394614050671072,24
2024-02-11,0.6442652743518343,0.7087016379699468,0.3557347256481657,0.49683257838690714,0.000856118192663723,0.0011002890340209353,3.007496364423194,24
2024-02-12,0.6710847494638966,0.710435745585133,0.32891525053610327,0.494906138331747,0.0008126586166283057,0.0010692565317053013,1.0955045432296133,24
2024-02-13,0.4940705503486573,0.6398555592371943,0.5059294496513426,0.5683727592308652,0.0010994654001103919,0.0012740776000144693,2.8796178286225214,24
2024-02-14,0.5748795615488852,0.6381032571633257,0.42512043845111475,0.5700785711081232,0.0009685452240525299,0.0011805744342471686,0.9401369843689724,24
2024-02-15,0.3924879821008159,0.5619992459050595,0.6075120178991841,0.6395180723540145,0.001264016394761871,0.0013916176067150991,3.034533108729449,24
2024-02-16,0.4962556956076499,0.5619139921130641,0.50374430439235,0.6395911891937137,0.001095925435816934,0.00127154919388324,3.099001202864331,24
2024-02-17,0.5149239297917917,0.5659672023456699,0.4850760702082083,0.6361043261042045,0.0010656821276975586,0.0012499483975168856,2.7625804193842916,24
2024-02-18,0.5238602051302438,0.589558021673526,0.47613979486975627,0.6153637961694394,0.0010512046633911218,0.0012396083373936012,2.8787420514894833,24
2024-02-19,0.5503845782372936,0.6104464702134755,0.4496154217627064,0.5963292815649643,0.001008231847122338,0.001208917294171243,2.9654159216715295,24
2024-02-20,0.6349060668724111,0.686585709309198,0.36509393312758887,0.5208333972016387,0.0008712838522830742,0.0011111184639991183,2.918717276380915,24
2024-02-21,0.646630913160538,0.6907714236151705,0.35336908683946217,0.516369737987153,0.0008522848744482285,0.001097551780905343,2.7227001315911408,24
2024-02-22,0.6387682129382111,0.6882363486412151,0.36123178706178893,0.5190774293753198,0.0008650256592969235,0.0011066496197644916,2.88075333369779,24
2024-02-23,0.7248685564467042,0.7665208278309966,0.2751314435532959,0.4287084150065609,0.0007254989275195249,0.0010070239150055471,2.8449611325687227,24
2024-02-24,0.7308072373122263,0.7634178454496203,0.26919276268777365,0.43258386985770514,0.000715874485768406,0.001000152336537248,2.4850735008851097,24
2024-02-25,0.8732847460237578,0.9023742292167362,0.12671525397624223,0.22529050834373174,0.00048494195267086105,0.0008352932704838721,3.4531046352356847,24
2024-02-26,0.8959187762299726,0.9016483459310545,0.10408122377002714,0.22660593019690595,0.0004482509207972315,0.0008091036977255822,-0.3604599005597051,24
2024-02-27,0.5801700136194752,0.6939096767408856,0.4198299863805248,0.5129994198633554,0.00095997345479112,0.0011744529137682875,0.8863219860711037,24
2024-02-28,0.42607380137728185,0.6001551242937511,0.5739261986227182,0.6057888250079685,0.001209614645848539,0.0013527558463669025,-0.6912001686246545,24
2024-02-29,0.2312618203042446,0.38438287790118647,0.7687381796957555,0.7743260108071628,0.0015251257861144784,0.0015781705209085097,2.2189599574058003,24
2024-03-01,0.25783386953508736,0.3801787856833334,0.7421661304649125,0.7771624018994695,0.0014820965458473378,0.0015474243121985413,2.262581014102191,24
2024-03-02,0.25882552685581506,0.37628881905036593,0.741174473144185,0.7797748053322624,0.0014804906767187178,0.001546276877061455,2.6529619705711527,24
2024-03-03,0.29026883412429977,0.3772466910375533,0.7097311658757004,0.7791325904171439,0.0014295706769932518,0.0015098941924062443,2.4044743064308474,24
2024-03-04,0.2730436056302851,0.37483414457142084,0.7269563943697148,0.7807487793631092,0.0014574659277344928,0.0015298253036936313,0.03521545121567227,24
2024-03-05,0.17320370579306785,0.2991388057522712,0.8267962942069322,0.8293873221661516,0.0016191351617232505,0.0016453488890712448,0.610557165218294,24
2024-03-06,0.1522674600436043,0.26604355015554676,0.8477325399563957,0.8495305249604445,0.0016530335211775431,0.0016695739752068306,1.8271384110715383,24
2024-03-07,0.15053487811720317,0.2576979870233095,0.8494651218827969,0.854515708546937,0.0016558387320405922,0.0016715787255764188,2.383367174015287,24
2024-03-08,0.1813839709429376,0.2784376202186652,0.8186160290570625,0.8420586529910992,0.0016058899864352866,0.001635883599532761,2.2478072703614354,24
2024-03-09,0.18811089818907603,0.29361903408403817,0.8118891018109241,0.8327901864991935,0.001594997866537957,0.0016280999503572777,2.754550598690509,24
2024-03-10,0.30887829731625716,0.4038533966778445,0.6911217026837428,0.7610083603261698,0.0013994328462327468,0.0014883613992705057,2.8513501607476273,24
2024-03-11,0.33529723568121894,0.4088632694278895,0.664702764318781,0.757532003860247,0.0013566460595071154,0.0014577923533603365,1.1597258864837394,24
2024-03-12,0.2288745003845324,0.375959097966529,0.7711254996154675,0.7799957094282269,0.001528991581408067,0.001580932860985154,2.4949804826723017,24
2024-03-13,0.27305844991914985,0.3750691798935794,0.72694155008085,0.780591520156366,0.0014574418886183613,0.0015298081275398607,2.0807259667650198,24
2024-03-14,0.24502128069619905,0.3704268288828999,0.754978719303801,0.7836899840734636,0.0015028447474882225,0.0015622496095300778,2.038918793502793,24
2024-03-15,0.3295913652105566,0.4853015546717837,0.6704086347894435,0.7017041823943149,0.0013658871592027151,0.0014643945496320267,1.6932074772473853,24
2024-03-16,0.4101800728594248,0.5863308711966068,0.5898199271405752,0.61824717278949,0.0012353594182265121,0.0013711462945383743,0.4503016761484363,24
2024-03-17,0.3230026696397833,0.5038121426059361,0.6769973303602167,0.687316106893202,0.0013765579541536144,0.0014720182525457747,1.3344462927318776,24
2024-03-18,0.29167215172687555,0.46080512571163,0.7083278482731244,0.720197696009794,0.0014272980511590015,0.0015082704299511794,2.6871150539413824,24
2024-03-19,0.3741617534463364,0.4681586840514448,0.6258382465536634,0.7147093381576535,0.0012936996400214158,0.0014128226724660384,-0.7099301455683176,24
2024-03-20,0.19309997928989342,0.32808446024965066,0.8069000207101066,0.8112384388211552,0.0015869195576785633,0.0016223271427177886,-0.3754450387771808,24
2024-03-21,0.14337202176292796,0.2519885787306311,0.856627978237072,0.857905562341316,0.0016674359756382875,0.0016798667832461462,1.6349698731138675,24
2024-03-22,0.14997703531661932,0.25870981955792655,0.8500229646833807,0.8539132196164031,0.0016567419295727762,0.0016722241989844007,1.8052190112582553,24
2024-03-23,0.14815319252628537,0.25271621901240177,0.8518468074737146,0.8574744558492171,0.001659694888831781,0.001674334546236832,2.4087234436717866,24
2024-03-24,0.16667872443512574,0.25512345770286643,0.8333212755648742,0.8560463333025973,0.0016297000357677937,0.0016528988690113343,1.4397806942537177,24
2024-03-25,0.1405382467865966,0.24461992385732678,0.8594617532134035,0.8622564622774285,0.0016720240485254472,0.001683145711269441,1.6150619244315518,24
2024-03-26,0.1377285863941077,0.23979834896879892,0.8622714136058922,0.8650890612117293,0.0016765730570452624,0.0016863967365886065,2.6783840142931554,24
2024-03-27,0.18881914485467038,0.26470212281535405,0.8111808551453296,0.8503342756744787,0.0015938510791946056,0.0016272804463886778,2.4345773946573583,24
2024-03-28,0.1913485035501869,0.2786653020397831,0.8086514964498132,0.8419206093504759,0.0015897555508357594,0.0016243537548987174,2.133729956093637,24
2024-03-29,0.17150830504947026,0.27489427855817833,0.8284916949505297,0.8442033006986049,0.0016218802679326802,0.0016473106175272185,2.373459987741726,24
2024-03-30,0.2463546300427909,0.3633162526313243,0.7536453699572091,0.7884048347083129,0.0015006855945730983,0.00156070680652917,2.7845614784099797,24
2024-03-31,0.4496450382101977,0.5518627520326387,0.5503549617898023,0.648144860844483,0.0011714325464669108,0.0013254818427354581,2.0317757257542763,24
2024-04-01,0.4479685767793499,0.5815846439697656,0.55203142322065,0.6224607888133351,0.0011741482281170358,0.0013274216567332145,2.0269519938581606,24
2024-04-02,0.4716805101105752,0.6027377684299833,0.5283194898894248,0.6034300373419087,0.0011357368254864607,0.0012999848548221117,0.20405306151875746,24
2024-04-03,0.30358176675432813,0.4769918691519735,0.6964182332456719,0.7080455751251061,0.0014080106164180697,0.0014944899531009258,2.702251205419067,24
2024-04-04,0.43286577746424393,0.5326503249733147,0.567134222535756,0.6641380730037812,0.0011986127492890806,0.0013448969299352535,1.5150883087019655,24
2024-04-05,0.3789523970415169,0.5471922718012306,0.6210476029584832,0.6520751870273237,0.001285940255346986,0.001407279474553342,2.7517351465642106,24
2024-04-06,0.4612539939225148,0.5450814585560951,0.5387460060774854,0.6538424318136593,0.001152627118796845,0.001312049255277304,2.267267049772639,24
2024-04-07,0.43057464321440286,0.5386154751741402,0.5694253567855971,0.659221362651381,0.0012023240279316894,0.001347547974693458,3.0443927343157364,24
2024-04-08,0.4947903090069971,0.555328723609261,0.505209690993003,0.6452101219921681,0.001098299382952378,0.0012732447756531313,1.501790339810245,24
2024-04-09,0.36961721978817286,0.5244582886502318,0.630382780211827,0.670820473797712,0.0013010603446976386,0.0014180810994367816,1.351508627092726,24
2024-04-10,0.3162069090956791,0.48370101364384244,0.6837930909043208,0.7029311620742059,0.001387563981698657,0.001479881547928709,2.1137577333526796,24
2024-04-11,0.342663658384861,0.4844760311780846,0.6573363416151391,0.7023373646585577,0.0013447154377744686,0.001449268751438467,2.732932247322899,24
2024-04-12,0.40820738193539785,0.494337869429765,0.5917926180646021,0.6947263296802003,0.0012385547495651734,0.0013734288722328332,1.0919924572229467,24
2024-04-13,0.3792110167134203,0.5623297527874244,0.6207889832865797,0.6392345264094097,0.0012855213684366126,0.0014069802287428373,1.294328317306209,24
2024-04-14,0.3408077626323728,0.5148582767876183,0.6591922373676274,0.678551067563102,0.0013477212510372976,0.0014514161868001223,2.3260281884542757,24
2024-04-15,0.41643016972288194,0.5437957716541858,0.5835698302771181,0.6549161126894262,0.0012252355484042685,0.0013639143802455795,1.3954789987792673,24
2024-04-16,0.3417120260913473,0.5067691335999376,0.6582879739086527,0.6849831517697588,0.0013462567048976657,0.0014503698740826912,2.8658129049977195,24
2024-04-17,0.43525445711376903,0.5153678455527427,0.5647455428862309,0.6781434005078583,0.0011947434474102688,0.0013421330165310776,1.199935387195341,24
2024-04-18,0.3103528462442915,0.4723135224905586,0.6896471537557085,0.7115846976658056,0.001397044790035361,0.0014866552158783047,1.6194006889917922,24
2024-04-19,0.3028127399446712,0.4686189837210201,0.6971872600553287,0.7143640184296831,0.0014092560547450373,0.0014953797850663815,2.888318073755096,24
2024-04-20,0.42383651963746727,0.5066242678804018,0.5761634803625328,0.6850976717010174,0.001213238651331437,0.0013553445790129154,2.2777685406832604,24
2024-04-21,0.3994151692499973,0.5110371127304288,0.6005848307500027,0.6815986696223524,0.0012527961000020028,0.001383602239138009,3.0478000117841892,24
2024-04-22,0.4514311779807715,0.5127502613627769,0.5485688220192285,0.6802343834332402,0.0011685391897859805,0.0013234151212081064,1.6706182147538466,24
2024-04-23,0.3873408879379922,0.5434349087188304,0.6126591120620077,0.6552170990105112,0.0012723533049729045,0.0013975732494284337,2.7269978465038633,24
2024-04-24,0.22001305061775656,0.9887628242235341,0.7799869493822436,0.9776664872353626,0.0015637777480628267,0.0017405898264703016,1.6712850232338738,25
2024-04-25,0.12725377930163786,0.9881185699522655,0.8727462206983623,0.9814693716064414,0.001597805343996248,0.0018198442084587914,2.6302711754803556,25
2024-04-26,0.2520236058740624,0.9890461987108466,0.7479763941259375,0.9756797263686242,0.0015520321545761454,0.0017132397110807458,2.4966900026517655,25
2024-04-27,0.338736656438738,0.9889686132199078,0.6612633435612618,0.9762453113595345,0.001520207126655116,0.001639151276196223,2.7508560366757693,25
2024-04-28,0.514644679138587,0.9903351581236245,0.4853553208614129,0.9631897629482034,0.001455612442664684,0.0014888538296112675,2.8051711228017293,25
2024-04-29,0.673617472511111,0.9916419022236798,0.32638252748888896,0.9409918073133741,0.0013971976322250102,0.0013530260000805077,2.5965208695455084,25
2024-04-30,0.7391728916260483,0.9913991035747903,0.26082710837395173,0.9461820644462802,0.0013730984421561898,0.001297014841796991,0.31299834596844,25
2024-05-01,0.45667245399999773,0.9890090187916893,0.5433275460000023,0.9759528744963819,0.0014769052494544915,0.0015383858366081584,1.1353173797538552,25
2024-05-02,0.2358243779978521,0.9876840538376002,0.7641756220021478,0.9835761135057636,0.0015579763042240951,0.0017270804816668412,2.3771109199426537,25
2024-05-03,0.2639242551102001,0.9881027508979211,0.7360757448897999,0.9815519271052967,0.0015476650825714498,0.0017030716859648782,0.5863023743011001,25
2024-05-04,0.08966512338808891,0.9856991234054194,0.9103348766119111,0.9900882909015748,0.0016115907025592482,0.0018519603048008358,2.4425697539194626,25
2024-05-05,0.12632206589324216,0.9862247968490655,0.873677934106758,0.9887464249760586,0.0015981470678565388,0.0018206402730389145,2.645767133514978,25
2024-05-06,0.24799500511601288,0.9862347320285595,0.7520049948839873,0.988718890984278,0.0015535104463676424,0.001716681784943848,2.434650332934625,25
2024-05-07,0.3036516722889093,0.9862105268028175,0.6963483277110907,0.9887858221705028,0.0015330851796813148,0.0016691282121554804,2.4483539739914892,25
2024-05-08,0.36306758665959177,0.9861266705090245,0.6369324133404083,0.9890138038187622,0.0015112753273732382,0.0016183627036848334,2.1044985677674077,25
2024-05-09,0.314916762596193,0.985896809445829,0.685083237403807,0.9896090327987366,0.0015289504889829308,0.0016595032144848362,1.8522461881780543,25
2024-05-10,0.19676824235871837,0.9854895566354942,0.8032317576412815,0.9905658859978599,0.0015723059992033242,0.0017604504063009976,1.6740046170575253,25
2024-05-11,0.10712225218372805,0.9863974005474033,0.8928777478162718,0.9882555643257335,0.0016051886876294564,0.0018370447719989792,2.6215408667537745,25
2024-05-12,0.2203363251174647,0.9875123722742115,0.7796636748825354,0.984323852335937,0.0015636591368281489,0.0017403136177385652,2.621518984920067,25
2024-05-13,0.33913843897404583,0.9876590064928844,0.6608615610259543,0.9836880000917181,0.0015200596407119649,0.001638807989470511,2.1437867459227324,25
2024-05-14,0.3065704778531182,0.9904196444834263,0.6934295221468817,0.9621129910620893,0.0015320138915203866,0.001666634357602143,2.114663282277987,25
2024-05-15,0.2829364752035585,0.9901637683273279,0.7170635247964414,0.9652579526978246,0.0015406879136458222,0.0016868274687308598,0.07438005817642684,25
2024-05-16,0.09563908922464485,0.9861695559081233,0.9043609107753552,0.98889795929033,0.0016093999331213416,0.0018468560929664945,2.333497558527984,25
2024-05-17,0.11552746669037153,0.9861332863377679,0.8844725333096286,0.9889960340190405,0.0016021061028782568,0.0018298632787449576,2.135255014384629,25
2024-05-18,0.08985139671702858,0.9858632115754095,0.9101486032829714,0.9896925456224331,0.0016115223932944066,0.0018518011511404352,2.607800175407915,25
2024-05-19,0.18796095485803754,0.9861213462818279,0.8120390451419623,0.9890280777746968,0.0015755370849840327,0.0017679754344513657,2.4933289443120503,25
2024-05-20,0.2634740587015238,0.9866183612740073,0.7365259412984763,0.987586450666466,0.0015478302907780265,0.0017034563379531575,0.17952216319281988,25
2024-05-21,0.08488600071323579,0.9844495026342035,0.9151139992867642,0.9925449359502094,0.0016133432622599355,0.0018560436315526365,2.369700780205712,25
2024-05-22,0.1082255203237589,0.9843566818547487,0.891774479676241,0.9926945551249968,0.0016047840735519527,0.0018361021294645446,2.3066376570781584,25
2024-05-23,0.11918650158110117,0.9842725911673309,0.880813498418899,0.9928267954185497,0.0016007641316518187,0.0018267369653875488,2.2224498210252452,25
2024-05-24,0.11330838438258646,0.9843575063002835,0.8866916156174137,0.9926932432101445,0.0016029199540309542,0.0018317592832563098,2.4897787535363634,25
2024-05-25,0.16500925945962547,0.9845031126824053,0.8349907405403745,0.9924567299683396,0.0015839567272479687,0.001787585575934583,2.5811247654887346,25
2024-05-26,0.265245422085338,0.9875573319114338,0.7347545779146619,0.9841323115877054,0.0015471802533025506,0.0017019428686441671,2.4775872414187208,25
2024-05-27,0.33950226979071885,0.9876179509317974,0.6604977302092813,0.9838692990003799,0.001519926085845511,0.001638497129045298,2.567406331294569,25
2024-05-28,0.4316896051101363,0.9879533400885587,0.5683103948898638,0.9823089892152805,0.0014860797682121566,0.0015597314144785372,2.4160927580656733,25
2024-05-29,0.47827443310800777,0.9878026421293581,0.5217255668919922,0.9830328732962432,0.0014689715619632165,0.0015199289052454808,2.5991243110315865,25
2024-05-30,0.5737441410759726,0.9877967779541839,0.4262558589240275,0.983060270875682,0.0014339005585281715,0.0014383587010355235,2.7310674837974576,25
2024-05-31,0.704406393402383,0.9927392402402094,0.295593606597617,0.9080473062713449,0.0013858799282130004,0.0013267196604261748,2.456713064682634,25
2024-06-01,0.756730209634396,0.992705361904701,0.24326979036560392,0.909361560150451,0.001366643034145822,0.0012820137064022891,3.1126267893622352,25
2024-06-02,0.8766110184180325,0.993095210197166,0.12338898158196769,0.8927344035880747,0.001322553685754505,0.0011795864311809454,3.242046252454377,25
2024-06-03,0.9437161331433959,0.9937554459133027,0.056283866856604206,0.8553490904478747,0.0012978648392021016,0.0011222511985905486,2.635356869465677,25
2024-06-04,0.9555766616400837,0.9936203672023703,0.04442333835991624,0.8641208055632523,0.0012935005124297845,0.0011121174530066874,1.872473808531992,25
2024-06-05,0.9375427275555654,0.9927476880870862,0.062457272444434414,0.9077159711400933,0.0013001363901998589,0.0011275258135986844,3.1162310321719926,25
2024-06-06,0.963204522538333,0.9928909599130517,0.03679547746166705,0.9018687525221876,0.0012906935747245998,0.001105600137887591,3.1808444894991132,25
2024-06-07,0.9770166514360603,0.9931429874003214,0.022983348563939788,0.8904514426337262,0.0012856107035361867,0.0010937989268150704,2.011598940695078,25
2024-06-08,0.9679065109709982,0.9927940057957414,0.03209348902900186,0.9058732398307978,0.0012889632716124775,0.0011015827153479302,3.2862607036317697,25
2024-06-09,0.9799754611370344,0.9929923278316453,0.02002453886296551,0.8974584428216879,0.0012845218236803427,0.0010912708923561418,3.245170385628424,25
2024-06-10,0.9848130480914412,0.9931790528666513,0.015186951908558767,0.8886892551214934,0.0012827415022054866,0.0010871376131814867,3.250602171760033,25
2024-06-11,0.9874266961060233,0.9935495057221314,0.012573303893976581,0.8684709052940203,0.0012817796171773115,0.0010849044880696557,1.2273132928707087,25
2024-06-12,0.9693629730356873,0.9921115144679584,0.03063702696431264,0.9290571830184927,0.0012884272958933753,0.0011003383006475036,2.831658797619213,25
2024-06-13,0.9728295961448507,0.9919062804032546,0.027170403855149287,0.9346104309283909,0.0012871515716540757,0.001097376385701369,1.972770408185425,25
2024-06-14,0.9602652295997666,0.9916222985305971,0.03973477040023356,0.9414334324163486,0.00129177520023209,0.0011081114970436516,2.70073778961469,25
2024-06-15,0.9657007692878089,0.9922319514324819,0.03429923071219125,0.9255257496659274,0.0012897749751403247,0.00110346732150586,3.2724369760681506,25
2024-06-16,0.9777570561379124,0.9922955430313586,0.02224294386208777,0.9235735408157107,0.0012853382263245043,0.001093166318168689,3.1915391173572263,25
2024-06-17,0.9821401815685334,0.9922648882104126,0.01785981843146651,0.92452239898901,0.0012837251707469239,0.0010894213351362318,3.262249037612376,25
2024-06-18,0.9854949199413933,0.9928984320279942,0.014505080058606793,0.9015516164404881,0.0012824905580053967,0.001086555015546808,1.9977312259642916,25
2024-06-19,0.9760570650605835,0.9922504513109709,0.023942934939416426,0.9249642296070022,0.0012859638408644367,0.0010946188063168595,3.211793999613622,25
2024-06-20,0.9816608773937378,0.9922647355934225,0.018339122606262286,0.92452708647874,0.0012839015632029134,0.0010898308570699315,3.300518827314333,25
2024-06-21,0.9847130929573662,0.9922738150103271,0.015286907042633635,0.9242475946757753,0.0012827782878892875,0.001087223015775376,2.668246397471783,25
2024-06-22,0.9836830507686408,0.9935197618700174,0.016316949231359214,0.8702475751816117,0.0012831573651790676,0.0010881030933776602,3.2934744323731584,25
2024-06-23,0.9875389052458889,0.9938008928215926,0.012461094754111033,0.8522495116281698,0.0012817383213047792,0.0010848086155395321,2.532995500837775,25
2024-06-24,0.9860133368364395,0.994310791488874,0.013986663163560367,0.8116302701441096,0.0012822997684563172,0.001086112075342057,-0.010115731477007506,25
2024-06-25,0.9477051389680596,0.9908341336906507,0.05229486103194038,0.9562148778298446,0.0012963970249262394,0.0011188429550058744,1.9081628482282196,25
2024-06-26,0.9230464232634379,0.9902376544278728,0.07695357673656195,0.9643848532624585,0.001305470195609813,0.001139911590475632,2.4353845195717794,25
2024-06-27,0.9244583667439314,0.9900451524014098,0.0755416332560686,0.9666037911366895,0.0013049506951828408,0.0011387052128665645,2.8024258680354115,25
2024-06-28,0.9399459618516524,0.9898974419998429,0.060054038148347796,0.9681888754442887,0.001299252108687458,0.001125472467920054,2.0126280767523537,25
2024-06-29,0.9207948836224848,0.9898998671018518,0.07920511637751523,0.9681636302597646,0.0013062986050461276,0.0011418353268335666,2.994332978983479,25
2024-06-30,0.9450585584459573,0.9898249121569519,0.054941441554042555,0.9689323240694717,0.001297370876354213,0.001121104217957662,1.4525584880383062,25
2024-07-01,0.8939686480457762,0.9890243048086265,0.10603135195422368,0.9758410481287093,0.001316168217891173,0.0011647559113912441,3.2525987103005294,25
2024-07-02,0.940856177263099,0.9891548458713941,0.05914382273690104,0.9748585942691175,0.0012989171883872872,0.0011246947714279722,2.631383491313512,25
2024-07-03,0.9451747945230181,0.9890220565406123,0.05482520547698196,0.9758575369823481,0.0012973281056542724,0.0011210049047750393,1.3396788589370208,25
2024-07-04,0.8921795807817373,0.9884869589405599,0.1078204192182628,0.9794062541437512,0.0013168263944223083,0.0011662845070597467,0.30873795907101376,25
2024-07-05,0.7168099745677394,0.9886654609589706,0.28319002543226046,0.9783011593483666,0.0013813201028671002,0.0013161219256040211,2.619836814144181,25
2024-07-06,0.7740019863173985,0.989018826817156,0.22599801368260158,0.975881198812213,0.0013602921737373942,0.001267256540165078,1.8082792638581955,25
2024-07-07,0.684225477079601,0.988635757905932,0.315774522920399,0.9784901982434485,0.0013932983905282515,0.001343962422561215,1.122100545525841,25
2024-07-08,0.4629037120933197,0.9877180324844941,0.5370962879066803,0.9834227594896026,0.001474616785803513,0.0015330617918826025,2.7412530449325794,25
2024-07-09,0.5946237185729861,0.9879477621849895,0.405376281427014,0.9823364776880985,0.0014262286271916746,0.0014205189963113767,2.1281588470784554,25
2024-07-10,0.5433192356244695,0.9876587822180366,0.45668076437553057,0.983688997524921,0.0014450786579500241,0.0014643540225209575,2.9240391478977275,25
2024-07-11,0.7052060574546888,0.9883029004174854,0.29479394254531127,0.980471747976311,0.0013855859611446473,0.0013260364200409853,2.906047479041206,25
2024-07-12,0.8069864332924528,0.9882652080824351,0.19301356670754732,0.980681213385312,0.0013481625287519912,0.001239074322655724,2.94743613240598,25
2024-07-13,0.8727039906587885,0.9883214014753564,0.12729600934121166,0.9803678735446038,0.0013239909296626918,0.0011829246319459718,1.876271334640741,25
2024-07-14,0.8208674497502244,0.9885108461912255,0.17913255024977556,0.979262592624117,0.0013430574722308934,0.0012272142534127954,1.7002151248548645,25
2024-07-15,0.7323479360334048,0.9897460764543046,0.26765206396659535,0.9697156177618897,0.0013756076944300012,0.001302846147174008,0.15661380845434736,25
2024-07-16,0.41372114417677186,0.9871902468882554,0.5862788558232281,0.9856132996514838,0.0014926778110211517,0.00157508383420276,2.857980923758274,25
2024-07-17,0.5921579042535546,0.9876452951062303,0.40784209574644525,0.9837488368073541,0.0014271346919925696,0.0014226258109425404,2.468052425949796,25
2024-07-18,0.639738873970579,0.9885225616208904,0.36026112602942084,0.9791916675198721,0.0014096494719537458,0.0013819721889829148,3.0217951456096515,25
2024-07-19,0.7847369372579347,0.988595244182452,0.2152630627420654,0.9787446712889974,0.0013563446953181067,0.0012580844984877615,0.8927884870755127,25
2024-07-20,0.5541253917613884,0.987652150452603,0.4458746082386116,0.9837184562722675,0.0014411086348013902,0.0014551211424632439,2.9414774524907332,25
2024-07-21,0.7116841155319353,0.9876376771404936,0.2883158844680645,0.9837825121474713,0.0013832045070101434,0.0013205015071194718,2.715949051874387,25
2024-07-22,0.7773248740469526,0.9875597391494555,0.2226751259530474,0.9841219719864517,0.001359070292551192,0.0012644174340607894,2.9165522914229616,25
2024-07-23,0.8524743945888035,0.9875818981485042,0.14752560541119636,0.9840263889997465,0.001331432256640052,0.0012002089865086492,1.7819386591401325,25
2024-07-24,0.8306312664145685,0.9907000494727912,0.16936873358543145,0.9856718222446907,0.001119692917524203,0.001045706022849312,2.8926088550967934,26
2024-07-25,0.8847471208742254,0.9905796197210603,0.11525287912577474,0.9825021870616788,0.0010870006881588995,0.000998346353397725,3.128909160397555,26
2024-07-26,0.9328364793461111,0.989644106231447,0.06716352065388888,0.9264169934310305,0.001057945394399619,0.0009562607918906943,1.3282192133285267,26
2024-07-27,0.8713581723381923,0.9900165714760807,0.12864182766180743,0.9573645435754703,0.0010950895778476747,0.001010063736100118,3.1901889932731584,26
2024-07-28,0.9279704565291365,0.9899554183698621,0.07202954347086364,0.953249499636439,0.0010608855764576413,0.0009605193078922778,3.22907660147422,26
2024-07-29,0.9565712246445522,0.9899523268638268,0.043428775355447785,0.9530324251232942,0.001043603702054368,0.0009354892508501702,2.181161640774792,26
2024-07-30,0.9486842670798462,0.9893610049597537,0.051315732920153845,0.8915578035468609,0.0010483694827539047,0.0009423915479121457,2.8420786029359575,26
2024-07-31,0.9594041557217476,0.9893949216123756,0.04059584427825242,0.8963408686583852,0.0010418918490889772,0.0009330100018253744,1.9047998222952929,26
2024-08-01,0.9425843976443187,0.9895693372168436,0.057415602355681356,0.9182834440774594,0.001052055330486562,0.0009477298688727763,3.0864608362143877,26
2024-08-02,0.9606510069944694,0.9895680636182438,0.03934899300553064,0.9181385708724202,0.0010411384113852094,0.0009319188158001142,-0.330801385914681,26
2024-08-03,0.8705498193761443,0.9904102058813433,0.12945018062385574,0.976947793846045,0.0010955779328694958,0.0010107711688749506,2.60753741355908,26
2024-08-04,0.8913677602067529,0.9904323275407064,0.10863223979324696,0.977754735614511,0.0010830007489878322,0.0009925522789351207,0.7820059647560835,26
2024-08-05,0.7599636632487603,0.9907150840470073,0.24003633675123948,0.9860279995792534,0.0011623775619584787,0.0011075510100584417,-0.5224934122472555,26
2024-08-06,0.4623428981845784,0.991191849874457,0.5376571018154216,0.99386955987063,0.0013420625015215142,0.0013680148093665747,1.777648740214658,26
2024-08-07,0.3201276370266802,0.9912799997448913,0.6798723629733197,0.9947642264229011,0.0014278753387924482,0.0014924749666838785,2.33880805328139,26
2024-08-08,0.3407853942909228,0.9913037761792143,0.6592146057090771,0.9949838116105688,0.001415412349700072,0.001474396261923243,-1.6861461953499237,26
2024-08-09,0.1391301997746845,0.9920448331461509,0.8608698002253155,0.9987636091300994,0.0015370445763931528,0.001650875473992311,2.2316290516257453,26
2024-08-10,0.13120523646519924,0.992055229237701,0.8687947635348008,0.9987887995582643,0.001541823399045391,0.0016578110319078378,2.653037177737829,26
2024-08-11,0.2396267849451139,0.9920352819083095,0.7603732150548861,0.9987400345230983,0.0014764359055268446,0.00156292555428379,1.651515446966686,26
2024-08-12,0.1303687203099154,0.9920772247904251,0.8696312796900846,0.9988405216548569,0.0015423278200389452,0.0016585431117946054,2.5690077774180424,26
2024-08-13,0.20345519440968646,0.9919461188081052,0.7965448055903135,0.9984987358501591,0.00149825247879595,0.0015945812416678466,2.3326868240648895,26
2024-08-14,0.2048643723338703,0.9919540013155218,0.7951356276661299,0.9985216948000799,0.0014974025831768253,0.0015933479949353656,1.891861839751972,26
2024-08-15,0.1331223919516574,0.9919192396526028,0.8668776080483425,0.9984179136615585,0.0015406673462286355,0.0016561332269275312,2.194282097940378,26
2024-08-16,0.11981924642139807,0.9916906779859814,0.8801807535786019,0.997546363567206,0.0015486890828913134,0.0016677755188449423,2.245391723622542,26
2024-08-17,0.1055812575691126,0.9916634029678255,0.8944187424308875,0.9974165934684234,0.001557274225524333,0.0016802359419950993,2.5726286280040913,26
2024-08-18,0.17588276448013204,0.9916512229095588,0.824117235519868,0.9973565956057323,0.0015148811986745183,0.0016187113451371403,2.50954025022652,26
2024-08-19,0.2773564723510359,0.9899656894446236,0.722643527648964,0.9539643338558208,0.0014536774444626444,0.0015299062932576466,2.630679267153641,26
2024-08-20,0.41308596917761775,0.9898775086885336,0.5869140308223821,0.9475001416743959,0.0013717876908876984,0.0014111221740984582,2.816204917351755,26
2024-08-21,0.5925817731067933,0.9898835371867007,0.40741822689320684,0.947966242904751,0.001263449051175899,0.0012540358261711607,1.569819377846752,26
2024-08-22,0.4428134820383048,0.9898699526955737,0.5571865179616952,0.9469107637116453,0.0013538484067098114,0.0013851060426568025,2.5563806697489113,26
2024-08-23,0.5450295901932897,0.9898901400154888,0.4549704098067102,0.9484725718460983,0.0012921550222557226,0.001295651276707266,0.3880080997595604,26
2024-08-24,0.25332189885437073,0.9906444144875315,0.7466781011456293,0.9842797722815373,0.0014681752962691843,0.0015509402299399276,2.7568113608035985,26
2024-08-25,0.42283415393465673,0.9904988534542902,0.5771658460653433,0.9800284727659866,0.0013659052269550775,0.0014025910178882106,2.808215085536916,26
2024-08-26,0.580660567963685,0.9904250275857129,0.41933943203631513,0.9774913480654863,0.001270645886714796,0.0012644687083769302,1.9587334824043738,26
2024-08-27,0.5122832969593915,0.9904415525632153,0.48771670304060866,0.978083554955225,0.0013119210629220167,0.0013243093038013101,0.44882671568332455,26
2024-08-28,0.24172271339477808,0.9909337965697649,0.758277286605222,0.990366083826084,0.001475171703485828,0.0015610912955520118,2.6292549358953297,26
2024-08-29,0.36104945244303427,0.9909269658200154,0.6389505475569657,0.9902520403536523,0.0014031862472992057,0.0014566621042458995,2.8363715806196836,26
2024-08-30,0.5361895224989894,0.9909150104197042,0.46381047750101057,0.9900494217441517,0.0012974911510367274,0.0013033876912591942,2.9371475130694296,26
2024-08-31,0.6965032750088492,0.9909133814097165,0.30349672499115077,0.990021513382525,0.0012007023854168082,0.0011630885792296385,3.0431439203680495,26
2024-09-01,0.8177927309878622,0.9907588358822532,0.18220726901213766,0.9870185717890297,0.0011274482180994437,0.0010569417096941826,1.6216082121921747,26
2024-09-02,0.7298482692909827,0.9908481809080194,0.2701517307090173,0.9888431026104034,0.00118056553711482,0.0011339065969282374,1.5988984223685927,26
2024-09-03,0.5973803487362137,0.9904077188527607,0.4026196512637863,0.9768554229331357,0.0012605520880122456,0.0012498363367993864,1.8280031147775428,26
2024-09-04,0.5002659624772126,0.9905419932819898,0.4997340375227875,0.9813870233540383,0.0013191744527565926,0.0013348263139168841,2.872469843051775,26
2024-09-05,0.6551943928115975,0.990540540729643,0.3448056071884024,0.9813426939532877,0.001225646217443959,0.001199240184444241,1.3840095401022214,26
2024-09-06,0.48179784197327935,0.990641313978683,0.5182021580267208,0.9841986475541813,0.0013303209591463705,0.00135098875080699,1.152267558349783,26
2024-09-07,0.27709514556273196,0.9903650568261385,0.722904854437268,0.9752174533928404,0.001453835083682297,0.0015301349942628605,2.7682373500162254,26
2024-09-08,0.4487417941284238,0.990356417360211,0.5512582058715763,0.9748731648473434,0.001350270761702171,0.001379917860675805,2.54461094323742,26
2024-09-09,0.5226327644629829,0.9903990005987948,0.47736723553701715,0.9765289454804995,0.0013056741823781208,0.0013152519330018625,1.2801987351754036,26
2024-09-10,0.301642278667351,0.9907011205008264,0.6983577213326488,0.9856974697644832,0.001439027148183942,0.0015086524893402863,2.680938489963885,26
2024-09-11,0.4311803098875004,0.9907130530912488,0.5688196901124997,0.9859803668057401,0.0013608686903993355,0.0013952868518343836,2.8395758332885097,26
2024-09-12,0.5988169707219897,0.990587826742419,0.40118302927801025,0.9827371260563253,0.0012596847735807718,0.0012485790723054115,2.6974544877550173,26
2024-09-13,0.688318164606782,0.990432108056422,0.311681835393218,0.9777468576749738,0.0012056450656815663,0.0011702518057357565,1.115562733015909,26
2024-09-14,0.4614930263271843,0.9906164104314049,0.5385069736728159,0.9835329397988769,0.001342575407105133,0.0013687585775403253,2.7108813924537642,26
2024-09-15,0.5876968011806017,0.9906216718245653,0.4123031988193983,0.9836756965605197,0.0012663981366895032,0.0012583109255485006,2.463578594309342,26
2024-09-16,0.6351824716310346,0.9904504941970248,0.3648175283689655,0.9783980298555892,0.0012377292162858004,0.0012167536836149738,2.43431305108477,26
2024-09-17,0.6761431189297088,0.9900984623558631,0.3238568810702912,0.9623690250986054,0.0012129969279116232,0.0011809068373264345,1.4786313043651784,26
2024-09-18,0.5076734924718489,0.9903790303636482,0.49232650752815105,0.975765228009422,0.0013147034622427818,0.001328343589482398,2.410687135239423,26
2024-09-19,0.5377648781498504,0.990399901789919,0.46223512185014953,0.9765628864419559,0.001296540228098805,0.0013020090135382485,1.9171285077847724,26
2024-09-20,0.4449192584312362,0.99018438709027,0.5550807415687639,0.9670481270533643,0.0013525776092658014,0.001383263165464823,2.9158104121013775,26
2024-09-21,0.6334692097824293,0.990163721861199,0.36653079021757073,0.9659733124574433,0.0012387636382316322,0.0012182530504021034,3.0355253670618088,26
2024-09-22,0.7815038018066918,0.99016152071543,0.21849619819330823,0.965856989496685,0.0011493676983194232,0.001088700086383098,3.1284088604910876,26
2024-09-23,0.8769890939198545,0.9901227207569271,0.12301090608014546,0.9637469809102589,0.0010916877083557467,0.0010051358164085956,3.127673852215982,26
2024-09-24,0.9301958565821404,0.9895402235277576,0.06980414341785962,0.9149172994821595,0.0010595409343025952,0.0009585717416575731,2.5823218036403093,26
2024-09-25,0.9368337993244095,0.9896173332171642,0.06316620067559053,0.9235874137672192,0.0010555300788609434,0.0009527625240585646,2.1184775078865448,26
2024-09-26,0.9251971685436922,0.9896966490817106,0.0748028314563077,0.9317107945292672,0.0010625612555339734,0.0009629463600675805,1.4453541937279057,26
2024-09-27,0.8666598821132759,0.9899615111972885,0.13334011788672417,0.953674717669541,0.0010979279695133267,0.0010141754603676446,2.882997258219183,26
2024-09-28,0.9098412060040222,0.9895687841266857,0.09015879399597793,0.9182205560437106,0.0010718394386664196,0.0009763851815968961,3.2172054751600974,26
2024-09-29,0.9496272738113332,0.9894193590680195,0.05037272618866688,0.8996795398053138,0.001047799665598331,0.0009415662724445442,3.204119383756746,26
2024-09-30,0.9686150711890263,0.9889630074020374,0.031384928810973586,0.8214549203952158,0.0010363258917024895,0.0009249490386153775,0.9007101617868551,26
2024-10-01,0.9259937212729666,0.9896937615453184,0.0740062787270332,0.9314285974449229,0.0010620799627853717,0.0009622492543055838,0.8180995494036107,26
2024-10-02,0.8337725672432537,0.9901766919015136,0.16622743275674626,0.9666515206211087,0.0011177953314753925,0.001042956903014099,3.1290608888638785,26
2024-10-03,0.9049664855583895,0.9901760798256194,0.09503351444161055,0.9666197906699279,0.0010747847043270494,0.0009806513093570364,3.2165944571507272,26
2024-10-04,0.9449342871857783,0.9901728870290984,0.05506571281422163,0.9664538351977376,0.0010506354158537304,0.0009456733552495045,2.1950331956186435,26
2024-10-05,0.9322650959909947,0.9902220392791875,0.06773490400900516,0.9689280756098273,0.0010582906414930726,0.0009567608399283468,3.226493330190937,26
2024-10-06,0.9583852957074165,0.990114681843611,0.04161470429258346,0.9632954421509747,0.0010425075162194472,0.0009339016605449485,2.8367252495926754,26
2024-10-07,0.9634296506453957,0.9898571024710243,0.03657034935460437,0.9458950856171716,0.001039459345389678,0.0009294870765964077,3.0845954361569383,26
2024-10-08,0.9711817457217254,0.9898278152035275,0.02881825427827449,0.9435163813592131,0.0010347748825352368,0.0009227028048882716,3.143199836795511,26
2024-10-09,0.9758023728809602,0.9898356245935956,0.024197627119039937,0.9441594348438948,0.0010319826701705617,0.0009186590477101694,1.7633305538802488,26
2024-10-10,0.95800285603,0.9900324544524813,0.04199714397000001,0.9583791884545761,0.001042738612854184,0.0009342363538966191,3.0557265173964416,26
2024-10-11,0.9682810341689524,0.9895538762083944,0.03171896583104754,0.9165100590914486,0.0010365277453340995,0.0009252413722209956,1.0306032586632732,26
2024-10-12,0.9267246499379734,0.9894765320950227,0.07327535006202647,0.9071470014442193,0.0010616383205256444,0.0009616095796610079,2.850205668023745,26
2024-10-13,0.9449472612048511,0.9895391078551392,0.05505273879514886,0.9147860228583916,0.0010506275763130298,0.0009456620009936976,3.0240921999680705,26
2024-10-14,0.9609153985430668,0.9895611861853735,0.03908460145693325,0.9173525112990909,0.0010409786465863191,0.0009316874326597685,0.10618481293636339,26
2024-10-15,0.8744180779087024,0.9902863513820158,0.12558192209129754,0.9719162159425582,0.0010932409700613016,0.0010073858495949638,2.7756443053781745,26
2024-10-16,0.9036224495597562,0.9903238737649752,0.09637755044024388,0.9735368629303583,0.0010755967533280088,0.0009818275469173944,2.898668079968437,26
2024-10-17,0.9300864391970999,0.9903168108438405,0.06991356080290015,0.9732384512578071,0.0010596070471899559,0.0009586674986448649,3.1168103516435552,26
2024-10-18,0.9543042124848046,0.9903139523109973,0.04569578751519545,0.9731168107311686,0.0010449735787993188,0.0009374732340580567,2.6056236224574576,26
2024-10-19,0.954510797749242,0.9903633836944218,0.045489202250758115,0.9751511151156297,0.0010448487468219837,0.0009372924402789505,3.2373890925623185,26
2024-10-20,0.9690248621427034,0.9902204712221625,0.030975137857296463,0.9688517580438559,0.0010360782608555708,0.0009245904087036043,2.998563883093399,26
2024-10-21,0.9725383410868388,0.9902325709646476,0.027461658913161224,0.9694362924349789,0.0010339551049267834,0.0009215155759566983,1.8874614017424791,26
2024-10-22,0.9564428506540699,0.9900105627194877,0.04355714934593021,0.9569749854457685,0.0010436812742103676,0.0009356015977735653,3.2407895074304864,26
2024-10-23,0.9674956296908671,0.9892699117909024,0.0325043703091328,0.955998795023855,0.001028744801903539,0.0003601719457688026,2.7968665748655486,27
2024-10-24,0.9683235799483159,0.9893324208094644,0.03167642005168414,0.9576607315144761,0.001028251110115139,0.0003591020464691738,2.0601978090339266,27
2024-10-25,0.9548044340800895,0.9867699054597349,0.04519556591991042,0.8367540677987934,0.0010363120461811487,0.000376571845609723,1.5659737798136526,27
2024-10-26,0.9258482297450089,0.9877792889351474,0.07415177025499087,0.8986185119453098,0.0010535754405298194,0.000413989821459474,2.8380563910800665,27
2024-10-27,0.942448024509019,0.9877975084322927,0.05755197549098089,0.8995522388821143,0.0010436791543303693,0.000392539126043637,2.636471727779367,27
2024-10-28,0.9463097701396558,0.9880391718673606,0.053690229860344336,0.9113488557663205,0.0010413767686186408,0.00038754887583428973,1.6846137847504175,27
2024-10-29,0.9114842815850195,0.9885820570407927,0.08851571841498042,0.934038783585939,0.0010621380411853698,0.0004325512965457104,0.8673443687570062,27
2024-10-30,0.7946258694562481,0.9897738328442003,0.2053741305437519,0.9680078625554311,0.0011317737777546736,0.0005835588385658924,3.119931125081854,27
2024-10-31,0.8824569902667662,0.9897253642141608,0.11754300973323369,0.9669843027188284,0.0010794396138642266,0.0004700611328820367,1.5126466497592,27
2024-11-01,0.813867121670657,0.9899112938327191,0.1861328783293431,0.9707702971991053,0.0011203110834838177,0.0005586947817183077,2.6807170940885077,27
2024-11-02,0.8551296056550427,0.9899982614544832,0.14487039434495722,0.9724144945707226,0.001095725393990478,0.0005053743046501862,3.1453994756284587,27
2024-11-03,0.9159943361602677,0.9899317204352196,0.08400566383973211,0.971163538180264,0.0010594495930043607,0.0004267232843095469,3.034356929631025,27
2024-11-04,0.9436606591910951,0.9896792718330616,0.05633934080890497,0.965986250267419,0.0010429561828254328,0.0003909721273195151,2.6140614232746193,27
2024-11-05,0.9476016009875415,0.9892915842097575,0.05239839901245861,0.9565808408915721,0.0010406065636123926,0.00038587953772254043,1.7891842342141413,27
2024-11-06,0.9166028035286534,0.9896486760329791,0.08339719647134668,0.9653102564448619,0.001059086879778225,0.00042593700662507764,-1.3601281054281715,27
2024-11-07,0.7324578303805094,0.9919778536103911,0.2675421696194906,0.993811351519003,0.0011688010255504321,0.0006638940288361232,3.088666402119329,27
2024-11-08,0.8415662613443596,0.9918364151248699,0.15843373865564023,0.993027452818905,0.0011038075554494883,0.000522901218191273,3.0393660006157104,27
2024-11-09,0.899808834141518,0.9914942072146257,0.100191165858482,0.9907756216602042,0.0010690974718843952,0.0004476386196430513,3.178393233082894,27
2024-11-10,0.940209315514928,0.9914953479684858,0.05979068448507187,0.9907840414167262,0.0010450138573442802,0.0003954320452296656,0.4342944421496875,27
2024-11-11,0.8293419246987761,0.9917844085210523,0.1706580753012239,0.9927188057534284,0.0011110912990828844,0.0005386978304851545,-1.7457954650064171,27
2024-11-12,0.5696946283422708,0.9931296974955228,0.43030537165772925,0.9978557297670344,0.0012656815596335696,0.0008742209588652987,2.775800553618906,27
2024-11-13,0.6843771802052716,0.9931362661972926,0.3156228197947284,0.9978697256657401,0.001197428981151883,0.0007260251212361651,1.8862561944300227,27
2024-11-14,0.583396300095756,0.9931920669920917,0.41660369990424373,0.9979855111113817,0.0012575294087859385,0.0008565152949308852,1.3500347117834044,27
2024-11-15,0.39206640392670533,0.9932830938787744,0.6079335960732946,0.9981628720202065,0.0013713091447334893,0.0011037568653847717,1.2197424042587666,27
2024-11-16,0.1779595221397588,0.9933855932322355,0.8220404778602411,0.9983464737879513,0.0014984889053017646,0.0013804314612420614,2.633369019492884,27
2024-11-17,0.2891845781245391,0.9926976011220289,0.7108154218754609,0.9967448579968449,0.0014324401884871238,0.0012367034915618752,2.6268886944915333,27
2024-11-18,0.4024211423160679,0.9927064042276297,0.5975788576839319,0.9967716096199628,0.001365154535804435,0.0010903761975838383,2.718405980066304,27
2024-11-19,0.5228147090025104,0.9927113149184215,0.4771852909974896,0.9967864511169875,0.0012935691927087093,0.0009348004350077665,2.3540920402738372,27
2024-11-20,0.5222493406454195,0.9927492233750922,0.4777506593545805,0.9968990782143561,0.0012939054707071477,0.0009355310190058292,2.239519290378205,27
2024-11-21,0.4900653953078807,0.9925359162938371,0.5099346046921193,0.996218839165429,0.0013130465448791733,0.000977119967455498,1.0641453408716517,27
2024-11-22,0.24722538061034394,0.9908488579503162,0.7527746193896562,0.984841588667289,0.001457361649948459,0.001290924280346647,2.749636276311782,27
2024-11-23,0.40366139491173225,0.990824696069906,0.5963386050882676,0.984568507828172,0.0013644173353009159,0.0010887735102586928,2.5526360451267616,27
2024-11-24,0.4931547469129774,0.9906302930352522,0.5068452530870226,0.9822175900137003,0.0013112093345231909,0.0009731278253082327,2.9501898161851554,27
2024-11-25,0.6695662677571319,0.9900612702079871,0.33043373224286815,0.9735575015374225,0.001206246069859537,0.000745164175439684,0.6238322435614853,27
2024-11-26,0.415243217047342,0.990260386951951,0.5847567829526581,0.9769156232041174,0.001357532904907628,0.0010738071722693823,2.403145397737621,27
2024-11-27,0.46251108736533136,0.9903577527632575,0.5374889126346688,0.9784241841657169,0.0013294314406455416,0.0010127263755751504,1.1694114892115097,27
2024-11-28,0.23339943697515458,0.991047697366263,0.7666005630248454,0.9869389008354406,0.0014655722140577334,0.001308790531705247,2.740027322352767,27
2024-11-29,0.3908316823508511,0.9910211890080005,0.6091683176491488,0.9866742581419163,0.001372043009822302,0.0011053524053793045,2.398212135252748,27
2024-11-30,0.4113153280541678,0.9910094402921348,0.5886846719458323,0.9865555333139975,0.0013598677585671213,0.0010788828946874977,2.6772025913533817,27
2024-12-01,0.5347806839958535,0.990901284904472,0.4652193160041465,0.9854202169851005,0.0012864516460080314,0.0009193376844988128,2.7452626189231415,27
2024-12-02,0.6465296681086993,0.9900808430450057,0.35347033189130084,0.9739045008356878,0.0012199585389631883,0.0007749326809844921,2.30754603963213,27
2024-12-03,0.6571871421133922,0.9902342158816467,0.3428128578866078,0.9764955500437746,0.0012136149287864696,0.0007611608101856723,3.0557361196954145,27
2024-12-04,0.7947870998995146,0.9901623399248621,0.20521290010048537,0.9753091696138232,0.0011316777322158043,0.0005833504923074332,1.5905500046616536,27
2024-12-05,0.6779516340361479,0.9905582243801877,0.3220483659638522,0.981273306605227,0.0012012542649310093,0.0007343283825543778,2.179299921227823,27
2024-12-06,0.6668736691387136,0.9895598942558476,0.3331263308612864,0.9632864656202282,0.0012078489228463934,0.0007486436228462277,1.6417920981737801,27
2024-12-07,0.5227998487137817,0.9899642328918408,0.47720015128621823,0.9717804699246191,0.001293578031540615,0.0009348196378673103,2.9865157976761987,27
2024-12-08,0.7102852390233612,0.9885611920078273,0.28971476097663884,0.9332592756801569,0.001182003885321576,0.0006925460399328624,2.9247981484173815,27
2024-12-09,0.8133780798826417,0.988620765329843,0.18662192011735831,0.9354661787239046,0.0011206024382818844,0.0005593267344978128,1.2274588408860678,27
2024-12-10,0.6844788044735836,0.9893613106766433,0.31552119552641633,0.958411547926204,0.001197368480647783,0.0007258937996591571,2.9801649446531737,27
2024-12-11,0.8056240966677103,0.9893177180873097,0.19437590333228974,0.9572744511295757,0.0011252218963189264,0.0005693466374283974,0.6992772692603019,27
2024-12-12,0.5789709588847481,0.9904041846147216,0.4210290411152517,0.9791142019590353,0.0012601624443006958,0.0008622338383091621,2.6346278928605784,27
2024-12-13,0.6658834025509052,0.9903239493968999,0.33411659744909494,0.9779100109711474,0.0012084384037104729,0.0007499232716164412,2.7214152154292863,27
2024-12-14,0.7411548403198532,0.9903838402493095,0.25884515968014676,0.9788141606842092,0.001163621868049206,0.0006526555217407315,3.128765012338432,27
2024-12-15,0.8532944547607824,0.9899453217108249,0.1467055452392176,0.9714229614312596,0.0010968189644962696,0.0005077457353476445,1.4771461559106478,27
2024-12-16,0.7497684008825819,0.9902277312223208,0.2502315991174181,0.9763904911311565,0.0011584921565129386,0.0006415248501448663,2.7215023020207045,27
2024-12-17,0.8064361845957567,0.9898183726690518,0.19356381540424325,0.9689254138187673,0.0011247381019891388,0.0005682972358518688,3.1529654240901444,27
2024-12-18,0.8903419849120069,0.9898218354850272,0.1096580150879931,0.9689958371274903,0.001074740080382199,0.0004598719335036643,-0.009699300866129246,27
2024-12-19,0.7115892219573401,0.9910598277039526,0.28841077804265997,0.9870585206186161,0.0011812274629354304,0.0006908609985729009,1.68638313446061,27
2024-12-20,0.6069367060576552,0.9909293145357091,0.3930632939423449,0.9857218960514437,0.0012435219940425814,0.0008260957574948776,3.0396349661527515,27
2024-12-21,0.7612856187945756,0.990918502992482,0.23871438120542451,0.985606159638432,0.00115163281652848,0.0006266419954481546,3.0344182597949394,27
2024-12-22,0.8556063213034146,0.9900827103165661,0.14439367869658534,0.9739374076311678,0.0010954413162333563,0.000504758280035511,2.158306131833023,27
2024-12-23,0.8407690458609953,0.9902132101210599,0.15923095413900448,0.9761538211641142,0.001104282583201741,0.0005239314012000118,3.1326871965440777,27
2024-12-24,0.9075907228122821,0.9901504039942189,0.09240927718771769,0.9751074415454442,0.0010644589409456425,0.0004375826565417223,0.8632840138196469,27
2024-12-25,0.7837519274481485,0.9908125746857751,0.2162480725518516,0.9844299649474624,0.0011382512226595944,0.0005976104350645995,3.0484500868929363,27
2024-12-26,0.867168243888561,0.9904519709136693,0.1328317561114389,0.9798050846462422,0.0010885512637495752,0.0004898176567735187,1.0142325639290535,27
2024-12-27,0.7401523069032283,0.99091611879845,0.25984769309677164,0.985580531430914,0.0011642188997335208,0.0006539510220327498,2.5202374178803493,27
2024-12-28,0.7759367551435675,0.9909874953458361,0.22406324485643245,0.9863313907918325,0.0011429063602239877,0.0006077094081610206,2.8895244366570854,27
2024-12-29,0.8463195894107771,0.9897020254537773,0.15368041058922285,0.9664819749966513,0.0011009751996852032,0.0005167588414924157,2.342288825380359,27
2024-12-30,0.8509132481836412,0.989392904975822,0.14908675181635864,0.9592203145634335,0.0010982379140345405,0.000510822793692919,2.853382291004957,27
2024-12-31,0.8957367961054485,0.989462429894264,0.10426320389455156,0.9609553387666426,0.0010715246008204881,0.00045290061528066073,2.951580083187674,27
2025-01-01,0.9269656255364613,0.9895015941258006,0.07303437446353861,0.9619060657334637,0.0010529093124742057,0.00041254589295781885,2.843544210180295,27
2025-01-02,0.9418858212010597,0.9893053636643127,0.05811417879894034,0.9569476770175648,0.0010440143376771276,0.00039326562008119956,1.8352725601778503,27
2025-01-03,0.9109692282434028,0.9897147682127676,0.08903077175659745,0.9667570094222667,0.0010624450606912933,0.0004332168621452256,2.729580691572153,27
2025-01-04,0.9267698258504341,0.9886397103842486,0.07323017414956577,0.9361559780154536,0.0010530260374536943,0.0004127989105093726,3.234165163901209,27
2025-01-05,0.9551723258858729,0.988605203115061,0.04482767411412722,0.934895225963154,0.0010360926948159374,0.0003760964460530401,3.242901489299581,27
2025-01-06,0.9687278672871975,0.9866848695315308,0.031272132712802325,0.8306206128559782,0.0010280100400432092,0.0003585796156385448,0.913562038215893,27
2025-01-07,0.9206071932608524,0.9884228197795235,0.07939280673914774,0.9279078902507633,0.0010566997938602836,0.00042076242792137356,0.06048654336760162,27
2025-01-08,0.7835919052466902,0.9902621287525908,0.21640809475330985,0.9769433585665965,0.0011383465425474331,0.0005978172200009227,2.1684502488312987,27
2025-01-09,0.7678697281263803,0.9903060816568046,0.2321302718736196,0.9776341462298194,0.001147711302075906,0.000618133834602255,1.6094747027890162,27
2025-01-10,0.6664811365846315,0.9906157255401691,0.33351886341536857,0.9820299962195143,0.0012080825880230151,0.000749150863831922,1.9070335809743864,27
2025-01-11,0.5707751264496855,0.9908323451802256,0.42922487355031436,0.9846554015079839,0.0012650387131469285,0.0008728247105303616,3.007859585292909,27
2025-01-12,0.7331346636722018,0.9907870596483883,0.2668653363277982,0.9841349296825116,0.0011683979735348184,0.0006630194068908646,3.0942023099343254,27
2025-01-13,0.8448744670531545,0.9905481281584189,0.15512553294684556,0.9811377404145115,0.001101836309738846,0.0005186262669619878,3.1905404642827135,27
2025-01-14,0.9128072851681047,0.9904775354749035,0.08719271483189536,0.9801668097483219,0.0010613494044267038,0.00043084167619809345,2.001231462721269,27
2025-01-15,0.8830007694561953,0.9906892836354716,0.11699923054380458,0.9829606076369893,0.0010791155228456726,0.00046935844697948545,1.0841443757729503,27
2025-01-16,0.7548437667177944,0.9911425790583842,0.24515623328220562,0.9878502260982681,0.0011554694620315934,0.0006349663276930628,3.119955729957983,27
2025-01-17,0.8595249187816444,0.990663463706818,0.14047508121835559,0.9826386515233867,0.001093106171378969,0.0004996945643596391,0.778477464448669,27
2025-01-18,0.6830331014568952,0.9902608517388061,0.3169668985431048,0.9769230268885231,0.0011982291552976075,0.0007277619754717868,3.0920831399962068,27
2025-01-19,0.8160330774261163,0.9900604129207143,0.1839669225738837,0.973542216420514,0.0011190206696310237,0.0005558958761983869,1.2778332595832746,27
2025-01-20,0.6894982611075292,0.9902098578874488,0.31050173889247074,0.9760989070739754,0.0011943801785051947,0.000719407524561274,2.487741938943599,27
2025-01-21,0.7181238107707533,0.9900032787491599,0.28187618922924657,0.97250697700451,0.0011773365281386244,0.00068241682945533,1.4874316119180353,27
2025-01-22,0.6529445154569051,0.9914936940954577,0.34705548454309487,0.9798972286282297,0.0011315950912534306,0.000532793482097977,2.1626516093289974,28
2025-01-23,0.6244958392960547,0.9916372880665133,0.37550416070394527,0.9821614080534068,0.001149694378731681,0.0005349597600615057,2.997284166879698,28
2025-01-24,0.7569536720937133,0.9916418318525049,0.2430463279062866,0.9822293990605154,0.0010654235095511008,0.0005248735092052634,3.040994089311159,28
2025-01-25,0.8475353986035923,0.9914740088813512,0.15246460139640772,0.979568841836737,0.0010077944801421344,0.0005179759932390629,3.1482216403379626,28
2025-01-26,0.909649705169416,0.9909252908864962,0.09035029483058403,0.9684358778827898,0.0009682766621531383,0.0005132461825170237,2.2269167527435054,28
2025-01-27,0.8990764010686451,0.9910987097812142,0.10092359893135497,0.9723954146517064,0.0009750035198831895,0.0005140513066481322,2.908548599756341,28
2025-01-28,0.9277692937501295,0.9901460865310081,0.07223070624987057,0.9444700421752735,0.0009567487683914608,0.000511866432358223,2.992286791572329,28
2025-01-29,0.9482945856802533,0.9901865725756923,0.05170541431974683,0.945996894198766,0.0009436903334783209,0.0005103034953923051,1.7398224957660025,28
2025-01-30,0.9217672173184096,0.9898890072487031,0.07823278268159028,0.9339590904387716,0.0009605673599001711,0.0005123234717591403,2.907998856393086,28
2025-01-31,0.9422623634178084,0.9897586467894587,0.05773763658219156,0.9280655368438079,0.000947528105553312,0.000510762830304213,1.728768788245659,28
2025-02-01,0.9153358377026063,0.98940396767011,0.08466416229739374,0.9099713585756154,0.0009646590786722757,0.0005128132012586092,2.460167618484643,28
2025-02-02,0.9209861460433486,0.9892155087655314,0.0790138539566514,0.8990643605258816,0.0009610642865868253,0.0005123829479007205,1.3262733216993743,28
2025-02-03,0.8617928380179557,0.9901391249825282,0.13820716198204422,0.9442040765829727,0.0009987237413514565,0.000516890333693956,0.8415891162851892,28
2025-02-04,0.7209426869885395,0.9911005224813789,0.27905731301146053,0.9724345178315685,0.0010883340435547844,0.0005276156334094699,1.1758335838576834,28
2025-02-05,0.5431738711905151,0.9916234113090804,0.4568261288094848,0.9819524076355237,0.0012014320482879013,0.0005411521743046769,2.574766485900887,28
2025-02-06,0.6086637208119651,0.9915553642210814,0.391336279188035,0.9808975063984647,0.0011597669018455767,0.0005361653265066417,3.015387336123165,28
2025-02-07,0.7501223270124826,0.9915277541937123,0.24987767298751729,0.9804549671541684,0.00106976967794776,0.0005253936948275067,3.084820093232644,28
2025-02-08,0.8481989209387636,0.9915090088117937,0.15180107906123635,0.9801496374955555,0.0010073723400324322,0.0005179254680826421,3.141531696950423,28
2025-02-09,0.9092930935549532,0.9912371720322174,0.0907069064450467,0.975252866947874,0.0009685035425867169,0.0005132733373792598,3.1427151178682204,28
2025-02-10,0.9426940457408084,0.9911983064893382,0.05730595425919163,0.9744768535902403,0.0009472534641014828,0.0005107299590416532,2.873066255209829,28
2025-02-11,0.9536751594157574,0.9909463977522025,0.04632484058424245,0.9689414865835018,0.0009402671476474621,0.0005098937814833533,2.4676217890690997,28
2025-02-12,0.9508587803294481,0.9909456260328194,0.04914121967055193,0.9689231187029907,0.0009420589619932579,0.0005101082399670141,2.256744365828798,28
2025-02-13,0.9419353307997606,0.9906198349077107,0.05806466920023941,0.9603277281740936,0.0009477361676110097,0.0005107877328181235,2.7157564169231456,28
2025-02-14,0.9497981344769497,0.9894143193725811,0.05020186552305021,0.9105438283419472,0.0009427337576542542,0.000510189004840725,2.978189445462205,28
2025-02-15,0.964647416095038,0.9872998607975922,0.03535258390496195,0.7336528244538668,0.0009332864647238052,0.0005090582783576501,3.2056773852369163,28
2025-02-16,0.9744981769081927,0.986810361056906,0.02550182309180735,0.6773094407770223,0.0009270192898979224,0.000508308173644416,2.5965953609551176,28
2025-02-17,0.972037955211116,0.9873917269013942,0.027962044788883846,0.7437202993540772,0.0009285845132158979,0.0005084955118536751,3.1459429470152513,28
2025-02-18,0.9761540547393985,0.9874263098131075,0.023845945260601666,0.7474632868008575,0.0009259658000057594,0.0005081820837119441,3.1606283171476486,28
2025-02-19,0.9779179466853675,0.9874457832142598,0.022082053314632498,0.7495593699796079,0.00092484359016706,0.0005080477688415088,2.792704896289655,28
2025-02-20,0.975558944307392,0.9877818528296194,0.024441055692608005,0.7843445509308556,0.0009263444166036057,0.0005082273995153028,2.4239891810803313,28
2025-02-21,0.9697474071545678,0.9881712746348763,0.030252592845432483,0.8210892781537071,0.0009300417880127518,0.000508669929944389,1.8808210464050803,28
2025-02-22,0.9548473677863886,0.9886834421886486,0.04515263221361143,0.8631173227191994,0.0009395213745158124,0.0005098045214718292,3.1167323252866415,28
2025-02-23,0.967746569361554,0.9880686778162491,0.03225343063844598,0.8117993037341483,0.0009313147455331038,0.0005088222875020865,3.1028628013421136,28
2025-02-24,0.9736306079228514,0.9878106113531498,0.02636939207714865,0.7871933687425089,0.0009275712479702917,0.0005083742363168637,0.43637775725788763,28
2025-02-25,0.9275168441606034,0.9901377278468178,0.07248315583939663,0.9441505773339661,0.0009569093797932686,0.0005118856556071222,1.1753121860229598,28
2025-02-26,0.8614188391631361,0.9908450109141776,0.13858116083686386,0.9664504145962262,0.0009989616835408455,0.0005169188125403178,0.03781127324433875,28
2025-02-27,0.6659080536362085,0.9918927138336616,0.3340919463637913,0.9856601511485855,0.001123347575921893,0.0005318063490964831,2.917898889002295,28
2025-02-28,0.7711287726680804,0.9919037473259973,0.2288712273319197,0.9857971673750848,0.0010564051705273842,0.0005237941195060229,3.0359084044364804,28
2025-03-01,0.8552962828138211,0.9919057267278634,0.14470371718617883,0.985821630602473,0.0010028569210726816,0.0005173850261112057,2.352132043770853,28
2025-03-02,0.8533547714598096,0.9919582839869657,0.1466452285401903,0.986458281895624,0.0010040921318093963,0.0005175328661456015,-1.6080665735090491,28
2025-03-03,0.6363089714076593,0.9933338911934189,0.36369102859234065,0.9964208427892098,0.0011421787656858955,0.000534060226894165,-1.1198470487312409,28
2025-03-04,0.34400672438479807,0.9939256840196867,0.6559932756152019,0.9981537825588247,0.0013281434145535696,0.0005563181313687125,2.62308631583617,28
2025-03-05,0.43285678984277465,0.9939322176675164,0.5671432101572254,0.9981678833445761,0.0012716165121594656,0.0005495524759908862,1.478329558843867,28
2025-03-06,0.2637683500344284,0.994015694313464,0.7362316499655716,0.9983400668042997,0.0013791914328312633,0.0005624280333269545,2.741944311343101,28
2025-03-07,0.3951424829968716,0.9938893182901034,0.6048575170031285,0.9980735836273137,0.001295610573666433,0.0005524243028333061,1.2454240151908424,28
2025-03-08,0.21013075702691753,0.9939250819850618,0.7898692429730823,0.9981524785840289,0.0014133158715368987,0.0005665123687488182,2.704130055906922,28
2025-03-09,0.3271578957992227,0.9937103488501027,0.6728421042007772,0.9976338107908483,0.001338862722035347,0.0005576011171171472,0.17407299307865182,28
2025-03-10,0.12719784887566973,0.994005453151567,0.8728021511243302,0.9983197210902846,0.0014660780344091181,0.0005728274510522482,2.2423446550843327,28
2025-03-11,0.11612316985537362,0.9940295768000931,0.8838768301446263,0.9983673085710105,0.0014731237721097804,0.0005736707533197835,1.2863338899066845,28
2025-03-12,0.04771711119580577,0.9941310829487896,0.9522828888041941,0.9985550871345129,0.0015166438413085714,0.0005788796613409588,2.5143813764202814,28
2025-03-13,0.07345887530740831,0.9935244347369022,0.9265411246925916,0.9970883802422668,0.001500266886667795,0.0005769195062876261,1.9046634499074468,28
2025-03-14,0.04957243425828826,0.9926984985401376,0.9504275657417116,0.9931636758942868,0.0015154634818393535,0.0005787383842761577,1.7429789220198726,28
2025-03-15,0.029939639822779744,0.9928780981959925,0.9700603601772202,0.9942717728959677,0.0015279538947130303,0.0005802333603413942,2.5842643054317183,28
2025-03-16,0.062119719904039174,0.9926684967807766,0.937880280095961,0.99296181416735,0.0015074808778020746,0.00057778294760688,2.1956868438157295,28
2025-03-17,0.057422693938297194,0.9927454969256918,0.9425773060617029,0.9934699619069621,0.0015104691337626507,0.0005781406114850224,2.3469071055643913,28
2025-03-18,0.06758018325194247,0.9925097264947828,0.9324198167480574,0.9918067804688803,0.0015040069213503812,0.0005773671503531046,2.3781955878465144,28
2025-03-19,0.08233190177538444,0.9925525725553436,0.9176680982246156,0.9921333328774706,0.0014946218501735685,0.000576243852995406,1.2199579198484607,28
2025-03-20,0.042112540181981344,0.992132321268159,0.9578874598180186,0.9883967800933885,0.0015202094780168455,0.0005793064319440489,1.9032541695651457,28
2025-03-21,0.03409183891793087,0.9922540672644967,0.9659081610820692,0.9896083135894237,0.0015253122598767274,0.0005799171833302337,2.591615509687875,28
2025-03-22,0.07939025104073419,0.9917029235160564,0.920609748959266,0.9831225929930545,0.0014964933341264212,0.0005764678505243891,2.620323380032234,28
2025-03-23,0.15384107643862488,0.9916707440088522,0.8461589235613751,0.9826569421960242,0.0014491275424720767,0.0005707986523685916,2.198330436543557,28
2025-03-24,0.14763382936687444,0.9915364871292617,0.8523661706331255,0.9805958607130486,0.0014530766102338235,0.0005712713148738584,2.359108284871441,28
2025-03-25,0.17670533530565888,0.9911636965664786,0.8232946646943411,0.9737688759353977,0.0014345812338640886,0.00056905761036523,2.7154638220478846,28
2025-03-26,0.31054596648409544,0.9911606337367127,0.6894540335159045,0.9737054447907241,0.0013494313098149806,0.000558866063724982,2.7227019629027165,28
2025-03-27,0.44888442774196513,0.9909593627394948,0.5511155722580349,0.9692487324383595,0.0012614196306551103,0.0005483320213520791,2.882771459516634,28
2025-03-28,0.6125582183555137,0.9908043115921937,0.3874417816444863,0.9654052918041451,0.0011572891909633631,0.0005358687726649126,1.4583174222540696,28
2025-03-29,0.4555286287919546,0.9912110969234119,0.5444713712080456,0.9747344388190451,0.0012571925483349843,0.0005478260861641475,2.1503587657424754,28
2025-03-30,0.4409662091505428,0.9902241742343504,0.559033790849457,0.947384825789553,0.0012664572502455724,0.0005489349690023673,2.8754383550568727,28
2025-03-31,0.6260205575180673,0.9894220809616595,0.37397944248193266,0.9109712650467857,0.0011487243403897967,0.0005348436575242114,3.0106016170481897,28
2025-04-01,0.7753778400286914,0.9894307535967334,0.22462215997130872,0.9114470577501462,0.001053701871441355,0.0005234705662785616,1.4509039032973536,28
2025-04-02,0.6616448361178036,0.9903178392853879,0.3383551638821965,0.9507184669524361,0.0011260598720671626,0.0005321309798143286,1.5335961709346948,28
2025-04-03,0.530438168798795,0.9906184258164237,0.46956183120120487,0.9602867268410835,0.001209534594406917,0.0005421219583215237,2.928197486634519,28
2025-04-04,0.6864394274379643,0.9904371880543894,0.3135605725620355,0.9547182156569508,0.0011102853339970764,0.0005302429490150085,2.823250460117914,28
2025-04-05,0.7763093938397702,0.9904990485014042,0.22369060616022993,0.9566857441339864,0.0010531092075762626,0.0005233996313611909,3.0027990558788273,28
2025-04-06,0.8580480380159559,0.9904909829873159,0.14195196198404408,0.9564332092938105,0.0010011062242720407,0.0005171754885347748,-0.49558027962479,28
2025-04-07,0.6418511014902362,0.9921198617489477,0.3581488985097638,0.9882663004032155,0.0011386528158069894,0.0005336382109732477,2.352849424233465,28
2025-04-08,0.6484296008510592,0.991919256472388,0.35157039914894084,0.9859878918714208,0.0011344675185942957,0.0005331372787640348,1.135345475346545,28
2025-04-09,0.44440319978580595,0.9921865282493548,0.5555968002141941,0.9889502290922687,0.0012642706156573268,0.0005486732528848256,-0.49652619993525204,28
2025-04-10,0.1912523084679577,0.9932024143188934,0.8087476915320423,0.9958872834810909,0.001425326403680812,0.0005679499037282197,1.5017763007660512,28
2025-04-11,0.09565228916798726,0.9933635331225641,0.9043477108320127,0.9965325719056732,0.0014861473923964575,0.0005752295470392655,1.282694189117621,28
2025-04-12,0.04031421471476065,0.9934688311156447,0.9596857852852393,0.9969056538949664,0.0015213535753707554,0.0005794433688197357,2.2241900593660646,28
2025-04-13,0.037210072663246274,0.9934214686519202,0.9627899273367537,0.9967423410004719,0.0015233284351018497,0.0005796797395557179,2.2641591243169024,28
2025-04-14,0.0369254926953665,0.9934580133782684,0.9630745073046335,0.9968689850784895,0.0015235094852896816,0.0005797014094327201,2.4822073246783725,28
2025-04-15,0.05460352084472177,0.9934622222383493,0.9453964791552781,0.9968832958532075,0.0015122626963882612,0.0005783552827236224,2.4915543467366645,28
2025-04-16,0.07951388037451754,0.9934703202818386,0.9204861196254825,0.9969106727639931,0.001496414680904402,0.0005764584365361983,2.605034278619392,28
2025-04-17,0.13912741282585597,0.992986549095592,0.860872587174144,0.994863508310337,0.001458488415247717,0.0005719190519635288,2.588209630813009,28
2025-04-18,0.2095278566287051,0.9929512383243616,0.790472143371295,0.9946768708940702,0.0014136994388515437,0.0005665582777338083,2.677103694241287,28
2025-04-19,0.3196957018280418,0.9927283972992476,0.6803042981719581,0.9933599090887066,0.0013436102054307786,0.0005581693399148601,2.718607782086109,28
2025-04-20,0.45356267411250445,0.9911005770019077,0.5464373258874956,0.972435693224805,0.001258443301068003,0.0005479757874815412,2.917376921220515,28
2025-04-21,0.6308703673040661,0.9902807226938489,0.36912963269593385,0.9494183201953869,0.0011456388511179676,0.0005344743596346607,1.9252998387761353,28
2025-04-22,0.5985818892525809,0.9888860001412177,0.401418110747419,0.8777191172527993,0.001166181043928371,0.0005369330265365347,-0.13315815956193533,28
2025-04-23,0.21057153499032372,0.4606558449735772,0.7894284650096762,0.7934161377294114,0.001059885606286215,0.0007956459803582438,2.9925204396804417,29
2025-04-24,0.33494784140502437,0.4713841879143926,0.6650521585949758,0.7844116814397009,0.0009135675241881144,0.0006083754685501578,3.181726154709154,29
2025-04-25,0.38004022623706485,0.47543954982586034,0.6199597737629352,0.780941080515014,0.0008605028674952453,0.0005404809134731843,2.740821479038059,29
2025-04-26,0.3453424559668552,0.47610943522740307,0.6546575440331448,0.7803642179147375,0.0009013359736738797,0.0005927245391637245,3.219505840061565,29
2025-04-27,0.3867574078042094,0.4770285575628725,0.6132425921957906,0.7795710739039423,0.0008525973084596324,0.0005303670094166291,2.8185076451065054,29
2025-04-28,0.3602864372406919,0.47701723828030534,0.6397135627593079,0.7795808533772968,0.0008837502340632822,0.0005702237341287947,2.4849719801691,29
2025-04-29,0.308095224403785,0.4730354493562491,0.6919047755962149,0.78300299131619,0.0009451632673223454,0.000648806829427218,2.706558597907993,29
2025-04-30,0.32702029967227375,0.471989849383674,0.6729797003277264,0.7838957030418573,0.0009228956915518921,0.0006203117837573498,3.176478804819835,29
2025-05-01,0.3750680946873717,0.47193566563836786,0.6249319053126282,0.783941897074258,0.0008663545173318241,0.0005479673363050663,1.9543736015450877,29
2025-05-02,0.2577282097356902,0.47661159836049205,0.7422717902643098,0.7799311205190254,0.0010044180687912392,0.0007246432719703025,2.97691737399115,29
2025-05-03,0.6291804468890723,0.7322053150035563,0.3708195531109276,0.47158329393554316,0.0005671488097465406,0.00016535627777354778,2.9719675468074045,29
2025-05-04,0.6727740786919525,0.722241375216881,0.3272259213080476,0.48730730978601716,0.0005157898739718676,9.971836027438579e-05,2.1991392962288776,29
2025-05-05,0.6053304372992505,0.6931391670599203,0.3946695627007495,0.5314052439578876,0.0005952435586756192,0.00020126668250627575,3.291238165664148,29
2025-05-06,0.6570527404669693,0.7003187524087865,0.34294725953303073,0.520779482332701,0.0005343126368815541,0.00012338961359078626,1.9231938471659298,29
2025-05-07,0.5396275084790538,0.6659742962497048,0.4603724915209463,0.570116691882885,0.0006726267204465834,0.00030019405430346726,3.2560387994181603,29
2025-05-08,0.6162962883682664,0.6716811462085382,0.38370371163173356,0.5621789123711249,0.0005823263649876117,0.00018475565559686801,-0.16510726872505588,29
2025-05-09,0.24912833129676104,0.49712267200730137,0.7508716687032388,0.7617451963678088,0.0010145343361278702,0.0007375919089186916,3.0779001806869384,29
2025-05-10,0.38018302654295644,0.5004898078772018,0.6198169734570436,0.7586656163969585,0.0008603348056465987,0.0005402659023738716,2.3181848442131314,29
2025-05-11,0.3110458222727783,0.49242058969967895,0.6889541777272218,0.7660007842422218,0.0009416916489313923,0.0006443641828412692,2.9989944386592846,29
2025-05-12,0.39265690439268736,0.5086337299632143,0.6073430956073127,0.7511048828348202,0.000845653927286181,0.0005214842746146272,2.7530284532025053,29
2025-05-13,0.3825434004693699,0.5057040531141989,0.6174565995306301,0.7538431773305043,0.0008575568653902997,0.0005367119422507589,2.586620991114368,29
2025-05-14,0.354648049597754,0.5038817912836958,0.6453519504022461,0.7555359368583155,0.0008903854802318864,0.0005787133232644036,3.0654367986695727,29
2025-05-15,0.41022710715508126,0.5122715780319912,0.5897728928449189,0.7476756410567553,0.0008249738356100374,0.0004950292289653824,3.282927236864362,29
2025-05-16,0.43556469047518026,0.5131115138735632,0.5644353095248196,0.7468792749390485,0.0007951490886592934,0.00045687901906516176,3.326275944337541,29
2025-05-17,0.455798757374747,0.5266455812118559,0.5442012426252529,0.7338065730846723,0.0007713295757803416,0.0004264130551410792,3.2796657468452888,29
2025-05-18,0.45629431026315337,0.5270069518503185,0.5437056897368466,0.7334512451216111,0.0007707461883826991,0.0004256669126826402,1.66665518594897,29
2025-05-19,0.506394774548598,0.6988326124924017,0.493605225451402,0.5229925670813302,0.0007117598965503905,0.0003502318088512483,3.326838461165616,29
2025-05-20,0.6453164077941795,0.6975209953627227,0.3546835922058206,0.5249398593890449,0.000548139565539773,0.00014106073673103358,2.61248463974814,29
2025-05-21,0.6391188284221633,0.7087408206404024,0.3608811715778366,0.5081034537026835,0.0005554408693572101,0.00015039228784736032,1.4562154131345055,29
2025-05-22,0.4715192952626811,0.6495348082128551,0.5284807047373189,0.5924104051771932,0.000752822101009269,0.0004027430068735592,2.271472223688903,29
2025-05-23,0.48452814411423006,0.6378750585986112,0.5154718558857699,0.6077131906914118,0.000737506196210832,0.00038315588571930317,1.027430240672864,29
2025-05-24,0.3194815689334596,0.5597991313762027,0.6805184310665404,0.69980475067488,0.0009317660890750077,0.000631662675293989,2.9735989986838653,29
2025-05-25,0.4398962423982611,0.5596400072781557,0.560103757601739,0.699974867616008,0.0007900501484632418,0.00045035710207838483,2.816408505362645,29
2025-05-26,0.4439767162428809,0.5557518298529714,0.5560232837571191,0.7041105137525324,0.0007852466901316151,0.0004442132275147391,3.200524091204007,29
2025-05-27,0.47623155262983996,0.5550357069804719,0.5237684473701602,0.704867799365776,0.0007472742363949538,0.0003956478705541312,3.3373801647170462,29
2025-05-28,0.4908348987373512,0.555286369226507,0.5091651012626488,0.7046028848774293,0.0007300806932196867,0.0003736599519666,2.7514703452761298,29
2025-05-29,0.48502744625484195,0.5863369502002064,0.5149725537451579,0.6704634385945532,0.0007369183299783267,0.00038240409809901874,1.9768014835171475,29
2025-05-30,0.3857124046552488,0.5656813218642024,0.6142875953447512,0.6934681583331834,0.0008538272029129313,0.0005319404463531981,2.2624123278094226,29
2025-05-31,0.38136799148890177,0.5591836509940955,0.6186320085110982,0.7004623724230077,0.0008589402154354133,0.0005384817282148328,2.9526855753244687,29
2025-06-01,0.48309452404579456,0.5916991633576622,0.5169054759542053,0.6642959111784588,0.0007391940994325664,0.0003853144541130219,2.776797949445042,29
2025-06-02,0.4968598921494197,0.6010207504719314,0.5031401078505803,0.6533786114008755,0.000722986764315686,0.00036458825951613937,3.3814560538859872,29
2025-06-03,0.6736182311894514,0.7219702755994165,0.3263817688105486,0.4877306787364257,0.0005147952681217021,9.844733949231158e-05,3.4776788798054143,29
2025-06-04,0.6963490212138594,0.724136726400532,0.30365097878614045,0.48434079548670217,0.00048801195309631514,6.42221176282708e-05,3.2850815117997114,29
2025-06-05,0.698857974691849,0.7289836766690608,0.3011420253081511,0.47670214040076964,0.00048505555102660973,6.0444444730032903e-05,1.0597560728907958,29
2025-06-06,0.46618583989164275,0.6435545924513992,0.5338141601083571,0.6003114443637927,0.0007591011969165889,0.0004107734665795234,1.6682603493941808,29
2025-06-07,0.37717002857598075,0.5964347299759842,0.6228299714240192,0.6587809263384456,0.0008638807869068624,0.0005448025033360431,2.571524605232643,29
2025-06-08,0.4447355388911079,0.5947809995259807,0.5552644611088922,0.6607141465491784,0.0007843534098213539,0.000443070685902101,3.341815384921298,29
2025-06-09,0.5541242740347496,0.6203659061472852,0.4458757259652504,0.6299137660142387,0.0006555544985044184,0.00027836661157394,0.8355622377685937,29
2025-06-10,0.30071353713343146,0.5434643841748986,0.6992864628665686,0.7169157964946483,0.0009538482499053154,0.000659921264265934,3.155313507875248,29
2025-06-11,0.4413177048667542,0.5455240328648588,0.5586822951332457,0.7147970943075084,0.000788376837707509,0.00044821683910013603,2.532891541926496,29
2025-06-12,0.40797446038401153,0.5423733247224117,0.5920255396159886,0.7180336500763577,0.0008276252743441452,0.0004984209868162267,1.7901776182716806,29
2025-06-13,0.3000146282097181,0.5181736409502739,0.699985371790282,0.7420429878737042,0.0009546705439278143,0.0006609735951770533,3.156388319179755,29
2025-06-14,0.414247594123551,0.5187470048895676,0.5857524058764492,0.7414912117451182,0.0008202415341164138,0.0004889756752459735,3.144582358977324,29
2025-06-15,0.433491295943538,0.5193691123599119,0.5665087040564619,0.7408916044961291,0.0007975897807020838,0.0004600008809881722,3.328141690881642,29
2025-06-16,0.48632210837422896,0.5574332273027998,0.5136778916257712,0.702327078315604,0.0007353940209285037,0.00038045475545728024,2.2475332232419145,29
2025-06-17,0.42055599426607515,0.5798722135539018,0.5794440057339248,0.6777910338802594,0.0008128161039252129,0.0004794772638729767,1.7758345994519376,29
2025-06-18,0.3405974480737669,0.5566655144544813,0.6594025519262331,0.703142319995774,0.000906919579983955,0.0005998689871883286,3.1859175303702103,29
2025-06-19,0.46108231505280234,0.5565273860944878,0.5389176849471977,0.703288832238251,0.0007651094740376376,0.0004184577252309122,3.362173865645577,29
2025-06-20,0.6037971101512642,0.6633003923006155,0.39620288984873564,0.5738005030458596,0.0005970496936648433,0.0002035753775306736,2.4836196813715383,29
2025-06-21,0.5560534017202301,0.6478733829732711,0.44394659827977,0.5946165735673284,0.000653282575343936,0.0002754619688858182,2.1967647991447223,29
2025-06-22,0.5101032532184366,0.6391908462659769,0.48989674678156336,0.6060072247283386,0.0007073932290318246,0.00034464803877035793,3.156702551902624,29
2025-06-23,0.626107373007254,0.6873309687354662,0.37389262699274595,0.5398802421985877,0.0005707689630680398,0.0001699833336434441,0.5298420672106402,29
2025-06-24,0.3160676790465766,0.5561970994440526,0.6839323209534235,0.703638959006855,0.0009357829351999238,0.0006368028898959678,3.0484723967111225,29
2025-06-25,0.4438968591777028,0.5565840475334657,0.5561031408222974,0.7032287378383109,0.0007853406971158684,0.0004443334664404519,2.5379581684623416,29
2025-06-26,0.40952299737595055,0.549363801444141,0.5904770026240495,0.7108175204574296,0.0008258025982610109,0.0004960893906835414,3.263176606347199,29
2025-06-27,0.4831191072991949,0.5612904223804869,0.5168808927008051,0.69820711810477,0.000739165155892399,0.0003852774396801376,3.3813140978913974,29
2025-06-28,0.5327159712874849,0.5932996850156993,0.46728402871251495,0.6624391489268363,0.0006807658073060495,0.0003106005951033692,3.381015145670905,29
2025-06-29,0.5384018552327522,0.5931230344805322,0.4615981447672477,0.662644440453969,0.0006740700762659881,0.00030203949189001867,2.8574002838428707,29
2025-06-30,0.5010880242205232,0.5882625989472485,0.49891197577947677,0.6682579861515704,0.000718008391992539,0.0003582220593951319,2.716823856001985,29
2025-07-01,0.4902399782809129,0.5919275638640329,0.5097600217190872,0.6640313918670917,0.0007307811536748582,0.0003745557098611209,2.3775919386508737,29
2025-07-02,0.4605364637604817,0.5954956666000193,0.5394635362395184,0.6598796607371872,0.0007657520867917726,0.0004192796008262782,1.462318885887262,29
2025-07-03,0.31189149667422345,0.5477291437135056,0.6881085033257766,0.7125164371385663,0.0009406966369337525,0.0006430908705638198,2.92682132424192,29
2025-07-04,0.5516863618283963,0.6664301727516891,0.44831363817160397,0.5694863861887227,0.0006584255902858147,0.0002820373192817631,2.436571621521091,29
2025-07-05,0.5438327028194626,0.6511961881792929,0.4561672971805374,0.5901957324531036,0.0006676745407015857,0.00029386239099007787,3.428558530128178,29
2025-07-06,0.6168315189906507,0.6640578372928673,0.38316848100934947,0.5727592651436877,0.0005816958776130607,0.0001839497712972086,2.967763222563105,29
2025-07-07,0.5976167113326493,0.6584530533109341,0.4023832886673507,0.5804213049280548,0.0006043295940088504,0.00021288106028733193,3.0307978317312854,29
2025-07-08,0.5936681571099816,0.6525199704062963,0.40633184289001834,0.5884249470205279,0.0006089805108359851,0.00021882630654440806,3.1563282156351637,29
2025-07-09,0.5944328263551184,0.6496363781368204,0.4055671736448816,0.5922752551660615,0.0006080798289496375,0.00021767496184678373,1.7454344441100083,29
2025-07-10,0.44637887308236013,0.6197158596852196,0.5536211269176399,0.6307202146921943,0.00078241888023053,0.00044059635583121564,1.1280853661250323,29
2025-07-11,0.29700806145239544,0.5440417867085485,0.7029919385476047,0.7163229575660834,0.0009582078635079577,0.0006655005128164281,2.3930037441156373,29
2025-07-12,0.3481919302618263,0.5440084642885736,0.6518080697381737,0.7163571945082976,0.0008979828548168077,0.0005884341519912353,3.206108048054519,29
2025-07-13,0.5023203388861078,0.5927261142745341,0.4976796611138922,0.6631053891360347,0.0007165574000127011,0.00035636659186449805,2.5189431355735596,29
2025-07-14,0.46041149755261546,0.5857757141632649,0.5395885024473847,0.6711042492173891,0.0007658992052036978,0.0004194677595389819,2.9188278711518225,29
2025-07-15,0.4967053991617097,0.593498630854921,0.5032946008382904,0.6622078403498166,0.0007231686690223145,0.0003648208760145162,2.1146453468693944,29
2025-07-16,0.41383867123623147,0.575493634130298,0.5861613287637686,0.6826875781912315,0.0008207228588580841,0.000489591380926628,2.8492768361126024,29
2025-07-17,0.4622588457651124,0.5754762941685194,0.5377411542348876,0.6827068633919942,0.0007637243785735986,0.00041668625030129324,3.0570466079421346,29
2025-07-18,0.4910449624021456,0.5771157936067848,0.5089550375978544,0.6808797488454087,0.0007298333634855506,0.0003733436639922075,2.5472284547378794,29
2025-07-19,0.4505305338763955,0.5705871851788789,0.5494694661236045,0.6881112745928075,0.0007775314992388066,0.00043434529673351053,3.3528752297306803,29
2025-07-20,0.5318955977200226,0.5978478264414251,0.4681044022799774,0.6571227752926421,0.0006817318720394231,0.0003118358125035409,3.2717149856412,29
2025-07-21,0.6727937567421931,0.7216048156827344,0.3272062432578069,0.48830103382361967,0.000515766688738277,9.968873149181304e-05,3.5663140247870513,29
2025-07-22,0.7257322762160981,0.7497726102718621,0.27426772378390196,0.44308956976216946,0.00045338667678736266,1.9980433971018092e-05,1.5865470601489566,29
2025-07-23,0.5459937139979655,0.6734056679906484,0.45400628600203463,0.5409933432493252,0.0005966992096644253,0.0006088554142848707,2.6773229564163055,30
2025-07-24,0.5939140878493271,0.67530717289397,0.4060859121506728,0.5376026387355891,0.0005474973288605904,0.0005094541801717004,3.4795787670221174,30
2025-07-25,0.6435134517537995,0.6802717026404371,0.3564865482462004,0.5286851595280677,0.0004965507458370502,0.0004065702168991,3.192176808247167,30
2025-07-26,0.669187952913655,0.7057337486126865,0.33081204708634515,0.481548338404336,0.00047017055773770135,0.000353313597732363,3.435831988773922,30
2025-07-27,0.684369020807442,0.7118446055818974,0.3156309791925581,0.4699107853748086,0.000454569555749023,0.00032182350776605994,2.620024924941699,30
2025-07-28,0.6435423665699656,0.7008235131326209,0.35645763343003456,0.4908124889318283,0.0004965210394615779,0.00040651023889433824,2.6999457808689145,30
2025-07-29,0.6479706039996914,0.7034629293315456,0.3520293960003086,0.48584252889815843,0.0004919714916248659,0.00039732474575051983,3.555536269119565,30
2025-07-30,0.6763797666930433,0.7033171545468958,0.32362023330695655,0.4861176191950357,0.00046278005340959314,0.00033839561801457714,3.582994937355757,30
2025-07-31,0.6819943214052571,0.7058163104973858,0.3180056785947428,0.48139189642546504,0.00045701007421692995,0.00032674934686650474,2.236158295695806,30
2025-08-01,0.6040997314989367,0.6819106052175352,0.3959002685010633,0.5257209443083491,0.000537036749857333,0.0004883260989896002,1.718831415411123,30
2025-08-02,0.5472124935166971,0.681142360697149,0.45278750648330296,0.5271116836866871,0.0005954480819334561,0.000606327299862192,3.184928114061469,30
2025-08-03,0.6388899601987629,0.6896594406679424,0.3611100398012371,0.5115721022061805,0.0005013007155129518,0.00041616072568577975,2.3226090113264304,30
2025-08-04,0.5768565385523907,0.6710262711020971,0.4231434614476094,0.5452165819571421,0.000565013303514209,0.0005448366556156717,3.0131193993990046,30
2025-08-05,0.6078187876965608,0.6699616306378591,0.3921812123034392,0.5470991204371497,0.0005332170847624176,0.0004806116605145013,2.9471741881400004,30
2025-08-06,0.6058406563275496,0.6643498971549666,0.39415934367245037,0.5569485432588388,0.0005352487438848957,0.0004847148985219422,3.039153997645742,30
2025-08-07,0.6144819915825154,0.670777938589291,0.38551800841748474,0.5456560876323935,0.0005263733284545358,0.0004667901763277137,1.8668843278732734,30
2025-08-08,0.5028896187504196,0.6502433828447075,0.49711038124958057,0.5811502850708428,0.0006409391310576794,0.0006982662414254845,3.1873233681453055,30
2025-08-09,0.5831851089175714,0.6479837403314822,0.41681489108242864,0.5849514535326573,0.0005585149435914021,0.0005317093017594137,3.4794537841296407,30
2025-08-10,0.6056461949612876,0.6478235910313954,0.3943538050387124,0.5852200543695647,0.0005354484655105703,0.0004851182697446655,1.739687037094541,30
2025-08-11,0.46282636822431467,0.6322086921177298,0.5371736317756853,0.6108935451191972,0.0006820437426579945,0.0007813694441933145,3.2888739937188363,30
2025-08-12,0.6020555097275841,0.6637762252929432,0.3979444902724159,0.5579484082361922,0.0005391362217675251,0.0004925664283222497,2.6572438181666627,30
2025-08-13,0.5739050099515997,0.6568424788667663,0.4260949900484003,0.5699290897861894,0.0005680439009823636,0.0005509590115544828,1.527755664505098,30
2025-08-14,0.4273475503725529,0.6260798888736961,0.572652449627447,0.6206881578133129,0.0007184332268603402,0.0008549631580128335,0.9238209672768348,30
2025-08-15,0.29792808384696867,0.5590621930535878,0.7020719161530312,0.7172259749969871,0.0008510827932890234,0.0011234179645386309,2.7192336048315378,30
2025-08-16,0.3963637957672175,0.5586279233699579,0.6036362042327825,0.7177886877870376,0.0007502034086119834,0.0009192327618932811,3.2833145415528544,30
2025-08-17,0.4717628338171459,0.5607119402953259,0.5282371661828542,0.7150810221368127,0.0006728761890430603,0.0007628325331230337,3.37044515114198,30
2025-08-18,0.505761332656945,0.5757895376754528,0.49423866734305505,0.6949416119299273,0.0006379922423941103,0.0006923094451113741,2.746638122466959,30
2025-08-19,0.46516325655232393,0.5726446364064636,0.5348367434476761,0.6992224042170219,0.0006796464911042088,0.0007765220366061096,1.4281182574330336,30
2025-08-20,0.29968698641798197,0.5437250519302697,0.7003130135820179,0.736619794838144,0.0008492809575072754,0.0011197694728389239,2.590247382181819,30
2025-08-21,0.3652112317805966,0.5548401976213364,0.6347887682194036,0.7226629950453236,0.0007821383556501711,0.0009838525270826051,2.256410088954517,30
2025-08-22,0.3464464523226518,0.5463724676535309,0.6535535476773483,0.7333422531566224,0.0008013703740498608,0.0010227763101433706,1.286539301957526,30
2025-08-23,0.2354161213168884,0.511089851484034,0.7645838786831115,0.7746767090682789,0.0009151033288915201,0.0012530865318498947,2.5121831924121483,30
2025-08-24,0.3144059397559061,0.5242522184288259,0.6855940602440939,0.7598434735156433,0.0008342016843480753,0.0010892379471212413,2.372075162826984,30
2025-08-25,0.3687984417925616,0.5659103658793279,0.6312015582074384,0.7082467773043593,0.0007784614798886823,0.0009764115771576637,1.5132979761472267,30
2025-08-26,0.2827156655172143,0.5398485008071621,0.7172843344827857,0.7413667061298683,0.0008666654220490486,0.001154973084715984,2.3748892740014065,30
2025-08-27,0.30628137627791374,0.5326422636405209,0.6937186237220863,0.7500267973251478,0.0008425253675785437,0.0011060907295900968,3.012792307743297,30
2025-08-28,0.40065404640561,0.5317982445105861,0.5993459535943899,0.7510272242738062,0.0007458047559352863,0.000910333494758308,2.6927817320795984,30
2025-08-29,0.3794717802552562,0.5318195051337776,0.6205282197447438,0.751002059337313,0.0007675206962027864,0.000954271870597982,1.2198104707613662,30
2025-08-30,0.253520621921127,0.5211226640769416,0.746479378078873,0.7634326474496117,0.0008965653797975717,0.0012155323652516556,3.0726163386637158,30
2025-08-31,0.38485563129715133,0.5246638729405868,0.6151443687028486,0.7593684428366834,0.0007620015683315909,0.0009431041480859287,3.195010922431862,30
2025-09-01,0.43286911408038253,0.5317188424126165,0.5671308859196174,0.7511211915797532,0.0007127706479862304,0.000843509778110265,3.0770364275308335,30
2025-09-02,0.47934725405409817,0.5781930409669163,0.5206527459459019,0.6916413986013391,0.0006650951041818841,0.0007471001698087494,2.0740614491789477,30
2025-09-03,0.37323955633469075,0.5704675045214568,0.6267604436653094,0.7021610829985763,0.0007739092020233057,0.0009671993730188802,3.058095649938094,30
2025-09-04,0.46629107946200976,0.5780230236987337,0.5337089205379904,0.6918756621649185,0.0006784895190397459,0.0007741825934825732,3.006372238667951,30
2025-09-05,0.5286320774059243,0.6164891105187513,0.4713679225940758,0.6356923148597926,0.0006145202617877531,0.0006448686580217874,3.4312003292113458,30
2025-09-06,0.578064610573922,0.6305737474594831,0.42193538942607794,0.6135220720005035,0.0005637728466792116,0.0005423307517550238,3.375508567753211,30
2025-09-07,0.5828288641247851,0.631445651808763,0.417171135875215,0.6121217139057422,0.00055888075524957,0.0005324482603526665,2.875121571664006,30
2025-09-08,0.5558103248316127,0.63307924450685,0.44418967516838725,0.6094893028556574,0.0005866216882941765,0.0005884928178931997,3.0885074042919234,30
2025-09-09,0.6974830124167369,0.7408352876183005,0.302516987583263,0.41325199761304987,0.000441091212309373,0.00029462115425026725,3.379430811625695,30
2025-09-10,0.7154282921334902,0.7375245793675891,0.2845717078665097,0.4198296588122132,0.0004226449527515911,0.00025739725954768806,1.6733284737380023,30
2025-09-11,0.5769647608519117,0.6889171206634622,0.42303523914808816,0.5129369617658284,0.0005649021806092504,0.000544612170093828,2.520164079652079,30
2025-09-12,0.5854212634313705,0.6773754602998394,0.41457873656862965,0.5338988417764086,0.0005562187127609357,0.0005270708463285607,3.206994194129091,30
2025-09-13,0.6655075542236173,0.7089193984249251,0.3344924457763829,0.47549622610234427,0.0004739524638148029,0.00036094784893735116,3.5658041898064083,30
2025-09-14,0.6878885819612475,0.7121231282963785,0.31211141803875264,0.4693775900744843,0.00045095235436573745,0.00031452288187131645,3.4237748162973607,30
2025-09-15,0.6914451848855379,0.7162639476281394,0.3085548151144619,0.46142284133933564,0.00044729697530620664,0.00030714542023002015,3.600562960140251,30
2025-09-16,0.6953238353633763,0.7165808708329368,0.30467616463662367,0.4608119063363011,0.00044331048050790775,0.000299099935330703,2.664721353018806,30
2025-09-17,0.6511712334439996,0.7036901445546285,0.34882876655600037,0.48541361420374124,0.0004886830767131857,0.00039068567991831234,3.5447534754424104,30
2025-09-18,0.6871833120230214,0.712850167051876,0.3128166879769786,0.4679846520177689,0.00045167719855578807,0.00031598582334293427,3.461980861281862,30
2025-09-19,0.6922946002650885,0.7169633240274046,0.3077053997349114,0.46007425565903326,0.0004464239533440445,0.0003053834778615419,2.69795916630844,30
2025-09-20,0.6574069707395969,0.7049355313462533,0.34259302926040314,0.4830597013007736,0.00048227605515312807,0.0003777508897033927,3.5526900177395415,30
2025-09-21,0.7459550617092532,0.7641931924608956,0.25404493829074687,0.3662532392218122,0.000391259598139089,0.00019407557973919517,3.5481642754708003,30
2025-09-22,0.7835655924088271,0.7936982622275195,0.2164344075911729,0.30603779951816623,0.00035258022056669725,0.00011606005384231849,1.479948693526775,30
2025-09-23,0.6444448054131304,0.7209102938577461,0.3555551945868697,0.4524368620681849,0.0004955938922326461,0.000404638309952371,3.3046507242718017,30
2025-09-24,0.6858287768883753,0.717129083397596,0.3141712231116246,0.45975441666831457,0.00045306931581846704,0.00031879553564716397,2.728187031786765,30
2025-09-25,0.6554779419199774,0.7061749859959742,0.3445220580800227,0.48071200720028034,0.00048425810660173774,0.00038175227428993225,0.6871218455745396,30
2025-09-26,0.394231157469938,0.6102336779853156,0.605768842530062,0.6452649030170057,0.0007523898734806578,0.0009236564936305192,3.1474131204409983,30
2025-09-27,0.5232444858308091,0.6161894288019987,0.476755514169191,0.6361547671412562,0.00062004988994202,0.0006560441395221045,3.4414003038548566,30
2025-09-28,0.5616815690998823,0.6163730697276038,0.4383184309001177,0.6358714285725939,0.0005805939990006178,0.0005763140955848951,1.7908074137270709,30
2025-09-29,0.39909189987949967,0.5929066096199339,0.6009081001205002,0.6708959717599023,0.000747406391654856,0.000913573855383261,2.1564106576633923,30
2025-09-30,0.3759884392328324,0.583772928044928,0.6240115607671676,0.6838839577343799,0.0007710914281672976,0.0009614973650722097,3.215809938500014,30
2025-10-01,0.4898305174076151,0.5834165998861001,0.510169482592385,0.6843833516335093,0.0006543391939989925,0.0007253547360584795,1.1072689831301876,30
2025-10-02,0.27284669793474503,0.536372006592691,0.7271533020652551,0.7455711194874696,0.00087677349644569,0.0011754442847146133,2.2919045541263707,30
2025-10-03,0.30486707039526306,0.5416582942418612,0.6951329296047369,0.7391582993830027,0.0008439742777359429,0.001109024424360197,2.4474696956002537,30
2025-10-04,0.3261740692903766,0.5365851272898804,0.6738259307096235,0.7453148013534269,0.0008221441299549027,0.0010648273153812144,3.2100692418643133,30
2025-10-05,0.43140183096425866,0.5401344702104303,0.5685981690357413,0.7410186487698343,0.0007142754296286966,0.0008465533635586701,2.836139881024745,30
2025-10-06,0.4625964858811651,0.5838707025382625,0.537403514118835,0.683746831064828,0.0006822795604609703,0.0007818462891503421,2.751395399053629,30
2025-10-07,0.4569491558244173,0.5803979520407313,0.5430508441755826,0.6885920363953679,0.0006880725592575992,0.0007935605461973823,1.6352803112687448,30
2025-10-08,0.3256906931027012,0.5561358911064808,0.6743093068972987,0.7210024050869392,0.0008226394177456162,0.0010658299826338713,2.443422061425016,30
2025-10-09,0.36687839010914924,0.5661910153414907,0.6331216098908508,0.7078745490513721,0.0007804295388757887,0.0009803943404700756,2.4224905484162074,30
2025-10-10,0.3960416686776079,0.5716649601873269,0.603958331322392,0.700547273076085,0.0007505336685145847,0.0009199009501329593,-0.3630815371738811,30
2025-10-11,0.18717225738592047,0.46815622343862073,0.8128277426140794,0.8184467437850114,0.0009644884496091575,0.0013531587814529682,1.961402353961152,30
2025-10-12,0.21170207213256245,0.48182081426471224,0.7882979278674375,0.8052587917812656,0.0009393808604925528,0.0013022765853760616,1.5305083749341983,30
2025-10-13,0.18386834637798155,0.46444564613922884,0.8161316536220186,0.8219124676444037,0.0009678697851387096,0.001360012084238291,2.9923749324955953,30
2025-10-14,0.30057599053339723,0.4677635094335526,0.6994240094666028,0.8188158491619243,0.0008483702434820061,0.001117925411553466,2.2495886923751316,30
2025-10-15,0.23935756726910978,0.4630389388439485,0.76064243273089,0.8232136608639307,0.0009110677590910311,0.001244910790294614,2.0581347710867024,30
2025-10-16,0.20208029384616977,0.45721213275887584,0.7979197061538303,0.8285298040121349,0.0009492298869870412,0.0013222350406042564,1.9550599329232425,30
2025-10-17,0.1838156374461908,0.4501124379304075,0.8161843625538091,0.8348489691844293,0.0009679237285010594,0.0013601214183784002,2.4577363360298756,30
2025-10-18,0.22445928856575492,0.45695044880611424,0.7755407114342452,0.8287657892615442,0.000926321114331863,0.0012758142906276642,2.95204053332294,30
2025-10-19,0.2960002315330397,0.45974384701755494,0.7039997684669602,0.8262344802119647,0.0008530576721414577,0.0011274169086993519,2.463373039340141,30
2025-10-20,0.24590176977367087,0.4597899831423585,0.7540982302263293,0.8261924456033383,0.0009043669822589006,0.0012313361506797905,2.329071217854523,30
2025-10-21,0.3049695139671095,0.5440663363363497,0.6950304860328904,0.7361989109663893,0.0008438693282226826,0.0011088119256534865,2.2393277407368064,30
2025-10-22,0.07217304587426332,0.9842997200014184,0.9278269541257367,0.9850695103611666,0.0010248420896079706,0.0003445339509274656,2.7504468518708993,31
2025-10-23,0.11340931411947999,0.9792438250027229,0.8865906858805201,0.9778376527993483,0.0009962177865091618,0.0003433133410784433,2.229453688424503,31
2025-10-24,0.08708744569717983,0.9815357535118507,0.9129125543028203,0.9812170549326805,0.0010144892059681285,0.00034409247879405497,2.804752220647301,31
2025-10-25,0.13995726685591614,0.9805138785912088,0.8600427331440839,0.979730091589866,0.0009777894285821125,0.0003425275111777167,2.9334090242403743,31
2025-10-26,0.24113079361305528,0.9780289265433944,0.7588692063869448,0.9759832103490753,0.0009075594457691123,0.00033953273477152685,1.9413507862495867,31
2025-10-27,0.14939266455604872,0.9783793825615049,0.8506073354439513,0.9765224823256464,0.0009712398126616001,0.0003422482196740884,2.9529426490036785,31
2025-10-28,0.2593527748681651,0.9772064650166332,0.7406472251318348,0.9747041435281911,0.000894910587275738,0.0003389933569195732,2.8031243007869966,31
2025-10-29,0.32826823248118636,0.977689277380799,0.6717317675188137,0.9754572739803379,0.0008470726515965286,0.00033695343211813123,1.9175519460905786,31
2025-10-30,0.20701564532240163,0.9800306749937013,0.7929843546775984,0.9790157870014002,0.0009312406058285428,0.0003405425566534878,2.2592317794040957,31
2025-10-31,0.15939668438446344,0.9804728578067984,0.8406033156155366,0.979669727223369,0.0009642954854347664,0.00034195209673057274,2.60854792743848,31
2025-11-01,0.17634276587520567,0.9799140486185726,0.8236572341247945,0.9788423267565538,0.0009525323001246793,0.0003414504860162634,2.988037752141537,31
2025-11-02,0.2988174860091508,0.9795280704520619,0.7011825139908493,0.97826536215139,0.0008675160039939787,0.00033782518586148786,3.094598330109781,31
2025-11-03,0.4565756512249414,0.9765722548199917,0.5434243487750586,0.9737051702703772,0.000758007530568294,0.0003331554817776702,1.1273927538562025,31
2025-11-04,0.22097046650340568,0.9827293032370373,0.7790295334965944,0.9829118445070646,0.0009215538138274294,0.00034012948842739157,0.5551461600764672,31
2025-11-05,0.07315963863277036,0.9880904810072381,0.9268403613672297,0.9899075017245524,0.0010241572427505412,0.0003445047473916159,2.090872447230306,31
2025-11-06,0.04757309654217782,0.9880166365889669,0.9524269034578221,0.9898186653157535,0.0010419182310083942,0.0003452621191569871,2.011498996461243,31
2025-11-07,0.031324936404312366,0.9888829628645136,0.9686750635956876,0.990846307246107,0.0010531969479667031,0.00034574307112322306,2.2932101028850345,31
2025-11-08,0.02794023033881543,0.9892947030933751,0.9720597696611846,0.991323308305809,0.0010555464534140813,0.00034584325976141466,2.702145488401923,31
2025-11-09,0.04346062412330821,0.9887084880355982,0.9565393758766918,0.9906419332638389,0.0010447729181070086,0.0003453838499670705,2.222768416947615,31
2025-11-10,0.034011025517522615,0.988847675580267,0.9659889744824773,0.9908050798216907,0.0010513323898840023,0.00034566356182312254,2.6375060445423126,31
2025-11-11,0.04523696664197726,0.9888196364480383,0.9547630333580228,0.9907722819465352,0.0010435398637447363,0.0003453312695259736,1.8142548360324566,31
2025-11-12,0.026130275811465473,0.9897610756817806,0.9738697241885345,0.9918544340093544,0.0010568028396146384,0.0003458968351312621,2.6346710995245113,31
2025-11-13,0.035775086584559614,0.9899023201921681,0.9642249134154405,0.9920133306755876,0.0010501078607634971,0.0003456113449178513,2.489376878942026,31
2025-11-14,0.038541908080509446,0.9888100363211725,0.9614580919194907,0.9907610446346469,0.0010481872619952824,0.00034552944590729196,0.3114038400498768,31
2025-11-15,0.01704709048871558,0.9896712505306366,0.9829529095112844,0.9917529056800221,0.0010631079640623794,0.0003461657010092197,2.711013464637808,31
2025-11-16,0.030196724568393875,0.9891354417867055,0.9698032754316062,0.9911396935861301,0.0010539801001254261,0.0003457764666397746,2.571546421963246,31
2025-11-17,0.037911994260636336,0.9885660885292896,0.9620880057393636,0.9904741539268225,0.001048624518866231,0.00034554809160549136,2.104047629511641,31
2025-11-18,0.028403339367388696,0.9887403015124832,0.9715966606326115,0.9906792971162848,0.001055224984677862,0.00034582955155100915,2.7415245691167693,31
2025-11-19,0.0470119005340965,0.9887246590471419,0.9529880994659036,0.990660931050119,0.0010423077871799795,0.00034527873078077966,2.4815891783925754,31
2025-11-20,0.04790351539730963,0.9884124077345559,0.9520964846026903,0.9902921053747993,0.0010416888696043282,0.0003452523386281944,0.7035259701101141,31
2025-11-21,0.018994389803638344,0.9906998083299724,0.9810056101963616,0.9928929136944842,0.0010617562395328524,0.0003461080601793401,2.1923263023026913,31
2025-11-22,0.01775950417953377,0.9904100420681567,0.9822404958204664,0.9925768175147075,0.0010626134396448086,0.0003461446132822116,2.8699001228931973,31
2025-11-23,0.04162792563471083,0.990278858925582,0.958372074365289,0.9924323906792109,0.0010460450921568048,0.0003454380985671661,2.1360598504490738,31
2025-11-24,0.028948207212220398,0.9905530632521592,0.9710517927877795,0.9927333404162324,0.001054846762775673,0.00034581342324730655,2.48379856115885,31
2025-11-25,0.034462416189851575,0.9871286405990892,0.9655375838101482,0.9887328002108368,0.0010510190554805599,0.0003456502004806963,2.7005795032223485,31
2025-11-26,0.05283480416561607,0.9871210948920893,0.947165195834384,0.9887234361938994,0.001038265798233862,0.00034510637053032547,1.6158947997948963,31
2025-11-27,0.028047992415896686,0.9885216608662802,0.9719520075841034,0.9904216293166344,0.0010554716499950616,0.00034584006996131315,2.7486404309537567,31
2025-11-28,0.04817343678676091,0.9878283494522946,0.9518265632132391,0.9895911236470607,0.0010415015027275376,0.0003452443488483126,2.8777905984453427,31
2025-11-29,0.0954465417595628,0.9876988697422,0.9045534582404373,0.9894337982195801,0.0010086867095594287,0.00034384504624458196,2.9465384638277965,31
2025-11-30,0.1814283923777695,0.9872713030600319,0.8185716076222306,0.9889094115057454,0.0009490020935300831,0.0003412999494604198,3.008694871361313,31
2025-12-01,0.3109037929258561,0.9804796562635321,0.6890962070741439,0.9796797350810845,0.0008591262463251544,0.00033746742639661315,0.6503984773870235,31
2025-12-02,0.11313194994496621,0.9857088436340982,0.8868680500550339,0.9869317058072911,0.0009964103198529472,0.00034332155116770653,0.3105850073483597,31
2025-12-03,0.03536511796879892,0.9901378035919929,0.9646348820312011,0.9922761852578048,0.0010503924419034195,0.00034562348015102054,2.2374984611440807,31
2025-12-04,0.028254853758278336,0.9900552440727639,0.9717451462417217,0.9921843242043835,0.0010553280564777646,0.00034583394678376487,2.540846872155859,31
2025-12-05,0.03310376065093333,0.9899940933711179,0.9668962393490668,0.9921160784841055,0.001051962170942132,0.0003456904172219973,1.6829293322492926,31
2025-12-06,0.018953774808973513,0.9907662492252406,0.9810462251910266,0.9929648186935761,0.0010617844325714197,0.0003461092623992455,2.8761755084516034,31
2025-12-07,0.04493977280251488,0.9897833405059567,0.9550602271974852,0.9918795424384782,0.001043746161886577,0.00034534006658116194,2.747229430668235,31
2025-12-08,0.06746272896477941,0.9897884320552436,0.9325372710352205,0.9918852810648747,0.0010281117727492105,0.00034467337817091894,2.8490853480221356,31
2025-12-09,0.11484054911734694,0.9898178240312993,0.8851594508826531,0.9919183850942226,0.0009952242895625578,0.00034327097595645233,2.161097733589052,31
2025-12-10,0.07338581972144351,0.9903062315925264,0.9266141802785566,0.9924625943264618,0.0010240002383465566,0.0003444980523419365,2.810273908927527,31
2025-12-11,0.11423493684842548,0.9903500128064515,0.8857650631515744,0.9925108295867606,0.000995644677508299,0.00034328890231913225,2.906564813530825,31
2025-12-12,0.19287021457001433,0.9880329480031079,0.8071297854299858,0.9898383079133415,0.0009410597098376253,0.00034096126699828316,1.985730686070267,31
2025-12-13,0.11858957716426942,0.9820916464173359,0.8814104228357306,0.982012135952121,0.0009926218881768627,0.00034316000324352097,2.9729499332674454,31
2025-12-14,0.22649695645990756,0.9798595450483054,0.7735030435400925,0.9787611231083054,0.0009177175797885332,0.00033996590213894966,2.021544580545529,31
2025-12-15,0.1444690476631737,0.9814848914695748,0.8555309523368262,0.98114381625224,0.0009746575594059976,0.0003423939606814103,2.285141363868153,31
2025-12-16,0.11819308249952803,0.9782446562654101,0.881806917500472,0.9763155801125616,0.0009928971163843867,0.0003431717396424112,2.5187098167847224,31
2025-12-17,0.12284071620487694,0.979702693554849,0.8771592837951231,0.9785269391544907,0.0009896709445980714,0.0003430341678465914,2.319182073772435,31
2025-12-18,0.10223956595990283,0.9810396527428006,0.8977604340400971,0.9804992199512884,0.00100397130744102,0.0003436439700416075,2.835653889183038,31
2025-12-19,0.1654255019993993,0.9810762779848277,0.8345744980006007,0.9805524785085364,0.0009601105593876036,0.0003417736413447703,1.6747034211572156,31
2025-12-20,0.08388005904939393,0.9828290545764782,0.916119940950606,0.9830513798718413,0.001016715624840993,0.00034418741870735235,2.941830220757371,31
2025-12-21,0.16847437605512347,0.9826315896057517,0.8315256239448765,0.9827748400354022,0.0009579941721602132,0.00034168339346688973,3.0057674423358396,31
2025-12-22,0.29394281449259124,0.982544412503382,0.7060571855074088,0.9826523429014303,0.0008708997764023202,0.00033796947806631297,3.12405306472978,31
2025-12-23,0.46051337937493214,0.9798542879905141,0.5394866206250679,0.9787532860420481,0.0007552741399644486,0.0003330389234670571,2.6724894845780023,31
2025-12-24,0.4824299573562127,0.9806249751942876,0.5175700426437874,0.9798933180936529,0.0007400606544226349,0.00033239018409079405,3.234907494364738,31
2025-12-25,0.6416598138696143,0.9774203280151981,0.35834018613038565,0.9750385376111932,0.0006295305490453755,0.0003276769173625125,3.251846478700856,31
2025-12-26,0.7530339354187181,0.9744327299068626,0.24696606458128187,0.9702566959915153,0.0005522196862122175,0.0003243801993161404,3.435299662812556,31
2025-12-27,0.8415593696243087,0.9717677695260556,0.1584406303756914,0.9658010789888994,0.000490769330125997,0.0003217598114518031,3.4044566604314057,31
2025-12-28,0.8833362797463422,0.966547264913838,0.11666372025365787,0.956604218430304,0.0004617696821892083,0.00032052319838940285,3.512488057310882,31
2025-12-29,0.9096266613966605,0.9655751390839538,0.09037333860333954,0.95482847738523,0.0004435200827032767,0.00031974499269469484,3.2185022335300184,31
2025-12-30,0.864573990112004,0.9075984736891387,0.13542600988799622,0.8272315200867629,0.0004747936183324147,0.00032107856958307393,2.5575695125699403,31
2025-12-31,0.8212300914015715,0.9367994416109283,0.17876990859842853,0.895526339038618,0.0005048809976315819,0.00032236156612743547,2.9092333977546674,31
2026-01-01,0.8196750493802225,0.9441083343460996,0.1803249506197775,0.9116055379359653,0.0005059604375957505,0.00032240759598628726,2.701791982772802,31
2026-01-02,0.804016992008787,0.9529898759766702,0.19598300799121315,0.9303157463973056,0.0005168295538567259,0.00032287108067725103,2.6243855883896714,31
2026-01-03,0.7834747903535699,0.9545187028420232,0.21652520964643002,0.9334296705991645,0.0005310890218448889,0.00032347913797069595,3.194580473248421,31
2026-01-04,0.8267599798022485,0.9561224731107778,0.17324002019775167,0.9366589714561134,0.0005010423987329584,0.0003221978792437019,3.1319583074459953,31
2026-01-05,0.8494151374639424,0.9577654204424096,0.1505848625360577,0.9399259576639983,0.00048531621041937226,0.00032152727761679,1.3233026208095788,31
2026-01-06,0.7008307480520982,0.9722802091449211,0.2991692519479018,0.9666710752964772,0.0005884567734569761,0.00032592543430857805,3.307864016970844,31
2026-01-07,0.7973943981473477,0.9722685315533178,0.2026056018526522,0.9666513183393115,0.0005214266592892394,0.00032306711207478854,1.518502534595196,31
2026-01-08,0.6452479637537748,0.9778324881582773,0.35475203624622526,0.9756794244869142,0.0006270398185065408,0.0003275707067068264,3.3617389697607853,31
2026-01-09,0.7734715177685131,0.97751781688006,0.22652848223148692,0.9751905525356326,0.0005380328413097154,0.00032377523879551276,3.2248876600449736,31
2026-01-10,0.8354059770008907,0.9762276013331599,0.16459402299910927,0.9731577511104202,0.0004950407376661636,0.000321941954307126,3.467264520420091,31
2026-01-11,0.8907890029035906,0.9753848495235724,0.10921099709640926,0.9718059785049877,0.000456596337379141,0.00032030259483639266,3.45762092716113,31
2026-01-12,0.9179683860829124,0.9739147606432882,0.0820316139170875,0.9694042450327907,0.00043772963267385166,0.00031949807434482563,3.416644296768894,31
2026-01-13,0.9290741006291074,0.9720693796593511,0.07092589937089261,0.966313884576809,0.0004300205450309402,0.0003191693408019428,-0.10720732924033527,31
2026-01-14,0.7660428832393313,0.9835181576454135,0.2339571167606687,0.9840062143504803,0.0005431894633518743,0.00032399512931560514,2.2547791029468502,31
2026-01-15,0.708211304465798,0.9842770285936112,0.29178869553420195,0.9850389393915218,0.0005833335259114107,0.0003257069669197189,2.4356612790331202,31
2026-01-16,0.6742419399212272,0.9825748587461459,0.3257580600787728,0.9826951529630038,0.0006069135174366528,0.0003267124735451382,3.3879513756043638,31
2026-01-17,0.7971956478882516,0.9825187882663104,0.20280435211174846,0.9826162893721075,0.0005215646227378602,0.00032307299516106373,3.357595797974116,31
2026-01-18,0.8646514825287027,0.9797561837352818,0.13534851747129736,0.9786068838979107,0.00047473982658937394,0.00032107627577689134,3.046528763815594,31
2026-01-19,0.8844844504486502,0.9801516332614645,0.11551554955134984,0.9791952584864555,0.00046097267379760975,0.0003204892120825125,2.1074960782179475,31
2026-01-20,0.8324706854797616,0.9815391721321337,0.16752931452023845,0.9812219746294172,0.0004970782845869288,0.00032202884009706063,-0.12777120877484638,31
2026-01-21,0.21334651261126727,0.5923341681441494,0.7866534873887328,0.8066819138693229,0.0008495685898722576,0.0006940909003521042,2.4850818261958265,32
2026-01-22,0.2568275572217798,0.5890658711936082,0.7431724427782203,0.8125406663013964,0.000810658484557446,0.0006479184472547956,3.1042483946166186,32
2026-01-23,0.3846869265287042,0.5893041285835366,0.6153130734712959,0.8121187006808923,0.0006962156117290239,0.0005121447834604322,3.2761656647988033,32
2026-01-24,0.4934312053585356,0.6244825767666693,0.5065687946414645,0.7405824409491194,0.000598853038033093,0.0003966694042728513,3.3398883429245103,32
2026-01-25,0.5346892955469487,0.6317817266527813,0.46531070445305117,0.723347451807059,0.0005619062415567258,0.0003528575029909655,1.2698187259755316,32
2026-01-26,0.30370482808572175,0.6159051454324189,0.6962951719142783,0.7597654351543414,0.0007687044044901455,0.000598139546823965,2.1233003373981334,32
2026-01-27,0.27590436301475096,0.6071214126644571,0.7240956369852491,0.7782271747858419,0.0007935857798360144,0.0006276608170940549,2.748460703223815,32
2026-01-28,0.35196117343175337,0.6054997059112208,0.6480388265682466,0.7815067991467164,0.000725510907739299,0.0005468962093628756,3.2376766942422024,32
2026-01-29,0.4558806215421362,0.6068896251297523,0.5441193784578638,0.7786983650702172,0.0006324764096701071,0.00043654431035135147,0.12200253266227334,32
2026-01-30,0.17652266830586166,0.5708663374087644,0.8234773316941383,0.8424677597743939,0.0008825179976703034,0.0007331940828833461,2.8921411227920655,32
2026-01-31,0.33849321399810917,0.6014872025511367,0.6615067860018906,0.789451194660472,0.0007375663950115145,0.0005611978143688427,-0.33134791281252407,32
2026-02-01,0.140245863888555,0.5520945939409407,0.8597541361114448,0.8688821811906121,0.0009149749323057328,0.0007717163646151277,2.1171063941125543,32
2026-02-02,0.14873692270617142,0.5473719102412447,0.8512630772938286,0.8748743043773476,0.0009073782298312598,0.0007626997225699619,2.1690189965277122,32
2026-02-03,0.14188265183309912,0.5427914005140926,0.8581173481669008,0.880450576869472,0.0009135105585595972,0.0007699782620631613,1.311234469139696,32
2026-02-04,0.11338997265506223,0.5309616940779716,0.8866100273449378,0.8938319132461398,0.000939001043854625,0.0008002345934082114,1.5707253141530892,32
2026-02-05,0.11167686044213428,0.5292631391352889,0.8883231395578657,0.8956377911577996,0.0009405335918767809,0.0008020537445811047,-3.3603613360777653,32
2026-02-06,0.046538416597999996,0.44905890280407496,0.953461583402,0.9549612367405965,0.0009988014510976322,0.0008712241559676293,-1.887060490834693,32
2026-02-07,0.03473419437750971,0.42401951483656497,0.9652658056224902,0.9657909397274564,0.0010093595793757462,0.0008837590410355473,2.2626647231311323,32
2026-02-08,0.03993566726919306,0.42317546063211453,0.960064332730807,0.9661106459076072,0.0010047072304234655,0.0008782356051273378,2.3904640418462524,32
2026-02-09,0.043403032674676344,0.42800679407049963,0.9565969673253237,0.9642432727067265,0.0010016058838534642,0.0008745536152397902,2.7804249470397826,32
2026-02-10,0.07705808375308933,0.4280467530091853,0.9229419162469107,0.9642274454692507,0.0009715020874899352,0.0008388153692678924,2.187537011597941,32
2026-02-11,0.05146576906235731,0.4359636226351668,0.9485342309376426,0.9609627902139803,0.000994394153794162,0.0008659918081113993,2.090366755573891,32
2026-02-12,0.04526377644341061,0.43574876662866147,0.9547362235565895,0.9610548582474834,0.000999941551026185,0.00087257769434926,2.599147467284738,32
2026-02-13,0.0625880769805427,0.4366484671360074,0.9374119230194573,0.9606680008669386,0.000984445543483071,0.0008541810467719149,1.493171810583165,32
2026-02-14,0.04180791171832199,0.43668264458890255,0.958192088281678,0.9606532362271867,0.0010030326254872267,0.0008762474716823283,2.5798677933072915,32
2026-02-15,0.05633409059273329,0.43901590964508475,0.9436659094072668,0.9596332278163319,0.0009900396032568707,0.000860822145111409,2.417885421399531,32
2026-02-16,0.0990043133868866,0.5054910560082595,0.9009956866131134,0.9181462115813077,0.0009518702308979941,0.000815510702429592,2.8994543622702755,32
2026-02-17,0.32151211343017877,0.6123258412059189,0.6784878865698212,0.7674316294714848,0.0007527659944966365,0.0005792300184370011,2.223923612974157,32
2026-02-18,0.3171189613970652,0.6142016555492036,0.6828810386029348,0.7634386940747417,0.0007566981514893508,0.0005838950996928743,2.3726859779530223,32
2026-02-19,0.33877326843857347,0.6163944539886468,0.6612267315614265,0.758702011639217,0.0007373157158593312,0.0005609004249976156,2.907194913584466,32
2026-02-20,0.4164095400196979,0.6153500475325676,0.5835904599803022,0.7609673402821663,0.0006678159964251162,0.00047845858993271663,2.4232661572732055,32
2026-02-21,0.38020385257215217,0.6206478463945038,0.6197961474278477,0.749300921298409,0.0007002288929689073,0.0005169053526658144,3.2702006646294333,32
2026-02-22,0.5073733143488025,0.6349201428977372,0.4926266856511976,0.715678264616711,0.0005863682491654683,0.0003818643005961327,3.1178415073323107,32
2026-02-23,0.5270512079472145,0.6370529268228354,0.47294879205278534,0.7103777253405575,0.0005687464712835155,0.00036096837623724896,0.5807555850350293,32
2026-02-24,0.30053458302970826,0.6287140350578002,0.6994654169702917,0.7306934209806004,0.0007715418572015949,0.0006015060250782702,2.849927472745054,32
2026-02-25,0.4285466112856099,0.6311813212509847,0.5714533887143901,0.7247968984597192,0.0006569497039286514,0.00046557025298534416,-0.04651535928707651,32
2026-02-26,0.17977163098724266,0.5767697343720684,0.8202283690127574,0.8332482812994484,0.0008796109989908725,0.000729744014506086,2.824094960461478,32
2026-02-27,0.289195957765796,0.5760802249061113,0.7108040422342039,0.8343487122396038,0.000781690039543519,0.0006135464934680146,1.9123011269423653,32
2026-02-28,0.20610286974085362,0.5728816883718812,0.7938971302591463,0.8393714830038485,0.0008560503313791691,0.000701782913358778,2.4280455448636284,32
2026-03-01,0.22098674570000487,0.5727674411466577,0.779013254299995,0.8395484132145392,0.000842731844098092,0.0006859777488144119,2.2811825170883457,32
2026-03-02,0.21432205596047163,0.569557716088532,0.7856779440395285,0.8444502527915201,0.0008486956471520025,0.0006930549723991536,0.8940083727519891,32
2026-03-03,0.1347505549927417,0.549354009368895,0.8652494450072583,0.8723899000200628,0.000919891338100726,0.0007775518245154131,2.805581054486021,32
2026-03-04,0.22938967205969266,0.5489001824339501,0.7706103279403073,0.8729625986206054,0.0008352124618956214,0.0006770546944881362,0.18978472785681078,32
2026-03-05,0.10233101289150388,0.5220189506583367,0.8976689871084959,0.9030309238993046,0.0009488942587460671,0.0008119780854416218,2.127018078193162,32
2026-03-06,0.12255167247024662,0.5310394884313545,0.8774483275297534,0.8937485294326989,0.0009308048864228923,0.0007905057987392364,1.310403506590068,32
2026-03-07,0.10188176556267546,0.5209188334394477,0.8981182344373244,0.9041110323868482,0.0009492961442747421,0.000812455140475723,2.5419195360744222,32
2026-03-08,0.16781189333501678,0.5454073380017819,0.8321881066649832,0.8772939108851081,0.0008903118174673753,0.000742444041167129,2.3937498677479794,32
2026-03-09,0.17435153089766914,0.5435549408494045,0.8256484691023309,0.8795368323250111,0.0008844606024598077,0.0007354996102929462,1.6123471052890122,32
2026-03-10,0.12572368861788003,0.5388721881584044,0.8742763113821201,0.8850433932814104,0.000927967121769691,0.0007871374397655171,2.332340092796673,32
2026-03-11,0.14042470162828669,0.5379843860532908,0.8595752983717132,0.8860614418161482,0.0009148149330764399,0.0007715264570997091,2.8685371303800196,32
2026-03-12,0.22857052180679346,0.540453655128555,0.7714294781932065,0.8832095872847899,0.0008359454878002374,0.0006779245488573318,3.041286119895702,32
2026-03-13,0.3241902294929597,0.56069805131823,0.6758097705070403,0.8573060952925692,0.0007503688849637876,0.0005763861311889932,3.0542038052817073,32
2026-03-14,0.3595109705520091,0.5609086460923304,0.6404890294479909,0.8570117255021504,0.0007187527278245099,0.0005388790916383184,3.200764805246317,32
2026-03-15,0.45606446685627294,0.6096704522595268,0.5439355331437272,0.7729914434085053,0.0006323117994880982,0.00043634908530052364,1.9819638274957363,32
2026-03-16,0.31882856813713956,0.6109096979342471,0.6811714318628604,0.7704101910369036,0.0007551679473626028,0.0005820796709761078,1.8224475257852437,32
2026-03-17,0.30068350402141114,0.6279722316843213,0.6993164959785888,0.7324474472002896,0.0007714085695043454,0.0006013478861106763,2.8634664502248284,32
2026-03-18,0.4292064484983896,0.6304588029100886,0.5707935515016103,0.7265335885750106,0.0006563589436405385,0.0004648695728836621,0.9788466124109974,32
2026-03-19,0.24696714327287103,0.6054035331372583,0.7530328567271289,0.7817000429553231,0.0008194826975653545,0.000658389205366848,2.273674917801874,32
2026-03-20,0.3128060533936198,0.6217355399483699,0.6871939466063802,0.746851435383526,0.0007605584425122463,0.0005884749699394585,2.9084971290905597,32
2026-03-21,0.4310521902515727,0.6289055295402693,0.5689478097484272,0.7302392132556519,0.0006547064233677341,0.0004629095826099237,2.7173084167249146,32
2026-03-22,0.4458067684097057,0.6266817912134814,0.5541932315902942,0.7354780578816837,0.0006414961520728249,0.0004472417191977309,1.7833761560714416,32
2026-03-23,0.31287159012058907,0.6143610766328697,0.6871284098794108,0.7630968382743926,0.000760499783833501,0.0005884053765918457,1.2201216490642608,32
2026-03-24,0.20454274571134196,0.589452884023225,0.795457254288658,0.8118548397524777,0.0008574463428432656,0.0007034396066195742,3.048604487935516,32
2026-03-25,0.35724567760502857,0.5895355406306103,0.6427543223949714,0.8117080887272428,0.0007207805120105759,0.0005412846026669295,2.8392526719443625,32
2026-03-26,0.3813356653351181,0.5953772073798365,0.6186643346648819,0.8010891226757061,0.0006992156900197338,0.0005157034824674076,1.179276895933404,32
2026-03-27,0.21163893878608703,0.5866878833889752,0.7883610612139129,0.8167083316143435,0.0008510965682047348,0.0006959041703197321,1.347588260503794,32
2026-03-28,0.1691228400605335,0.5701368393638482,0.8308771599394665,0.8435756164121694,0.000889138880812444,0.0007410519488947563,2.9955416738500094,32
2026-03-29,0.33242495943106565,0.5896066420487673,0.6675750405689345,0.8115817756218628,0.0007429980987262279,0.0005676416843790774,3.050919595945742,32
2026-03-30,0.4088232557090167,0.5941820930144451,0.5911767442909834,0.8033015866184919,0.0006746078109135221,0.0004865144533475779,2.7985784358038805,32
2026-03-31,0.3907831978935251,0.5935336953760052,0.6092168021064748,0.804493280392055,0.000690758111412425,0.0005056711624565657,1.9671935202059316,32
2026-04-01,0.253329711378577,0.5875896671748391,0.7466702886214229,0.8151372254736017,0.000813788777504885,0.0006516328042713666,3.114483007458931,32
2026-04-02,0.3950975735084866,0.5965125006605655,0.6049024264915134,0.7989681626128421,0.0006868957480694927,0.0005010897337556137,2.242170945923037,32
2026-04-03,0.3533207268918084,0.617918267086673,0.6466792731081917,0.755366429222221,0.0007242939167271862,0.000545452501675308,3.2432254062244392,32
2026-04-04,0.4726209731967898,0.6179717994995327,0.5273790268032101,0.7552485909261358,0.0006174872335582435,0.0004187677571767279,3.1472750095579176,32
2026-04-05,0.49221460673293643,0.6190607826814774,0.5077853932670635,0.7528417623529209,0.0005999424490433394,0.00039796130844585133,1.8254440854132241,32
2026-04-06,0.36619273865550384,0.6364727047480802,0.6338072613444963,0.7118268398627006,0.0007127714544437723,0.0005317837325656638,3.221108092631507,32
2026-04-07,0.5792973276553985,0.6816957331558735,0.42070267234460146,0.5836332233930381,0.0005219552385670869,0.0003054883036366182,0.3520318599581468,32
2026-04-08,0.2741679577429583,0.6176142339583405,0.7258320422570417,0.756034835511091,0.0007951398021663574,0.000629504703129635,2.5427276597073245,32
2026-04-09,0.3435784462377585,0.6146261529196111,0.6564215537622415,0.7625275494527294,0.0007330145320914837,0.0005557978142267727,2.8075598351908964,32
2026-04-10,0.40171601019804115,0.6148121956830809,0.598283989801959,0.7621273467361416,0.0006809706359416206,0.0004940616262121239,2.394519379286628,32
2026-04-11,0.3701279050228313,0.6205133502740179,0.6298720949771688,0.7496025189611889,0.0007092487909412194,0.0005276049855702063,3.227507057703436,32
2026-04-12,0.4778933582060754,0.6204379632344171,0.5221066417939245,0.7497714449978484,0.0006127662515914787,0.0004131690198020205,1.1970042328825254,32
2026-04-13,0.2627663143768621,0.6047674733055246,0.7372336856231377,0.7829745908062364,0.0008053437075443885,0.0006416120903432816,0.45755512590178415,32
2026-04-14,0.1558089786844936,0.5648176983466566,0.8441910213155065,0.8514494719707808,0.0009010509436667405,0.0007551899174149663,2.86308642163425,32
2026-04-15,0.2700640892107109,0.5647967114439824,0.7299359107892891,0.8514798363042697,0.0007988125947535747,0.0006338625946895104,2.8860855496584175,32
2026-04-16,0.32265144895136644,0.5704530819170631,0.6773485510486337,0.8430961910367111,0.0007517462079450292,0.0005780201598334337,3.1039864815815754,32
2026-04-17,0.378526754826781,0.5703024719261407,0.621473245173219,0.8433246764139752,0.0007017302317282994,0.000518686260132077,1.7986867247067284,32
2026-04-18,0.23833486149619992,0.5897931644067403,0.7616651385038001,0.8112500740173344,0.00082720765907133,0.0006675558118508085,2.3398442680414133,32
2026-04-19,0.25587065582563495,0.5881466141199673,0.7441293441743649,0.8141611960432278,0.0008115148377005659,0.0006489345793470212,1.920885266409778,32
2026-04-20,0.21072063985846115,0.5808211518816273,0.789279360141539,0.8266539131982004,0.0008519182815622544,0.0006968793105111632,2.0140158871126452,32
2026-04-21,0.19138889271996587,0.5758268955802098,0.8086111072800342,0.8347514332455163,0.0008692162974960289,0.0007174076624869894,2.9845159228573515,32
2026-04-22,0.2975482583547089,0.5714985514797404,0.7024517416452911,0.8487973198624329,0.0007453207051011349,0.00042382455163825423,1.7564378066816848,33
2026-04-23,0.18652498807990558,0.5747624886817658,0.8134750119200944,0.8423275310517819,0.0008415691224354854,0.0005213907967156216,3.0585214110769154,33
2026-04-24,0.4021883598470599,0.6152601067324146,0.5978116401529401,0.7409780802779301,0.0006545885636438471,0.00033186777751465575,2.8133465194618346,33
2026-04-25,0.4347208941823458,0.6140434610562293,0.5652791058176541,0.7446228429474265,0.0006263765580244064,0.0003032784807835475,3.3241286942484916,33
2026-04-26,0.5014474696654099,0.615113712520116,0.4985525303345902,0.7414186544219825,0.0005685065837708353,0.00024463977017234,2.693805203727419,33
2026-04-27,0.4440861827341474,0.6129328646539614,0.5559138172658526,0.7479166752359679,0.0006182547366864273,0.00029504834996679476,2.3153419364612224,33
2026-04-28,0.4000334953956858,0.6213720756625745,0.5999665046043141,0.7220934314098724,0.0006564571905835435,0.0003337614528914563,2.624946277230455,33
2026-04-29,0.43159032435113653,0.62441103994451,0.5684096756488635,0.7123487721758015,0.0006290914392352404,0.0003060295972173147,3.1057581895758433,33
2026-04-30,0.5244953235990418,0.6388148881034492,0.4755046764009583,0.6630416100311153,0.0005485162676541793,0.0002243855247350532,3.147261927486139,33
2026-05-01,0.5810412991205999,0.6578953123812475,0.4189587008794002,0.5904901579429646,0.0004994682288076799,0.0001746934332282943,1.7012850300947844,33
2026-05-02,0.42496785601450726,0.6404036061431738,0.5750321439854927,0.6572988692241052,0.000634834501895198,0.0003118493624534619,3.023199739568006,33
2026-05-03,0.5730407693197276,0.66636048453901,0.42695923068027236,0.5561247341950664,0.0005064081967435484,0.00018172422640677475,3.4991143552502,33
2026-05-04,0.621398754810411,0.6663816247971024,0.37860124518958904,0.5560375529971872,0.00046445910895999486,0.00013922766643197315,2.3919861364891357,33
2026-05-05,0.5562493945681561,0.6616297572689054,0.44375060543184386,0.5754696942279952,0.0005209733609496799,0.00019648033456448545,2.5032858096209343,33
2026-05-06,0.5313985329078454,0.6547984161139755,0.4686014670921546,0.6027619971998134,0.0005425286812678369,0.00021831904687346604,3.2553947156071996,33
2026-05-07,0.5904391762717134,0.6587322576680665,0.4095608237282867,0.5871443502493011,0.0004913160216454096,0.00016643466384541635,2.2076776357283183,33
2026-05-08,0.5293451515633083,0.6580051552463565,0.47065484843669164,0.590051740041116,0.0005443097153818541,0.0002201235398144731,3.41280264669252,33
2026-05-09,0.607840050206397,0.6638040293202305,0.3921599497936031,0.5666203201240345,0.00047622123893258913,0.00015114293332199098,3.253572892896881,33
2026-05-10,0.6110447585840139,0.6640907438129363,0.38895524141598603,0.5654479700126647,0.0004734411909768432,0.00014832666460464769,1.9789266696124643,33
2026-05-11,0.4929065742760389,0.651700693473992,0.507093425723961,0.614858004652994,0.0005759142320957085,0.0002521454317392974,3.149823629757793,33
2026-05-12,0.605621045172116,0.6718817159581139,0.39437895482788415,0.5331576904155976,0.00047814619118916816,0.00015309297486253197,2.4304802578480182,33
2026-05-13,0.5672144040206832,0.6649517367384353,0.43278559597931665,0.5619201096666433,0.0005114621483709095,0.0001868443834987951,2.3635166043448215,33
2026-05-14,0.5303013733815835,0.6558924615209503,0.46969862661841655,0.598446602928288,0.0005434803214556998,0.0002192832207350654,1.77949995865679,33
2026-05-15,0.4289902080985736,0.6451045711460139,0.5710097919014263,0.6399718945752839,0.0006313462909448326,0.00030831455584715223,1.6830000055627594,33
2026-05-16,0.36010253397188313,0.6315022987879106,0.6398974660281168,0.6887074416146505,0.0006910826973321767,0.00036885242038688787,2.6998906609961932,33
2026-05-17,0.4392490504398021,0.6290447652460265,0.5607509495601979,0.6970421770808601,0.0006224496402905717,0.000299299178047553,2.9586444483755514,33
2026-05-18,0.503218297568366,0.6343467759562945,0.496781702431634,0.678875976706497,0.0005669707037261664,0.00024308358263848323,3.1461415758249793,33
2026-05-19,0.5332337408925187,0.633338715394599,0.46676625910748115,0.682382613100606,0.0005409368778980572,0.000216706282706482,3.433966408902309,33
2026-05-20,0.5605510096729989,0.6341296069608705,0.43944899032700113,0.6796334904153676,0.0005172420980492316,0.0001927001141430479,3.070842556676753,33
2026-05-21,0.5543377139314113,0.6428435313351494,0.4456622860685887,0.6483672299495702,0.0005226315622078322,0.0001981603022059776,3.4340726912913797,33
2026-05-22,0.5790699297980899,0.6439509245251475,0.4209300702019102,0.6442694918479749,0.0005011782797249893,0.00017642585474661148,1.4897116554038075,33
2026-05-23,0.3885813626880154,0.6309982271923263,0.6114186373119848,0.6904291204756257,0.000666387979668045,0.00034382548346495223,2.526167942091627,33
