time,xi0,pstay0,xi1,pstay1,h,m,logscore,window
2018-01-31,0.03537604705644458,0.9739977930012986,0.9646239529435555,0.9715327228754721,0.0029342243301006157,0.003186811075571789,2.312956191735584,0
2018-02-01,0.10631489990329845,0.9739977930012986,0.8936851000967014,0.9715327228754721,0.0027627640323254292,0.003044850817008565,-0.5760574049916836,0
2018-02-02,0.038490785344416266,0.9739977930012986,0.9615092146555838,0.9715327228754721,0.002926696805781162,0.003180577974316659,1.8623047475437637,0
2018-02-03,0.046577579771735406,0.9739977930012986,0.9534224202282646,0.9715327228754721,0.002907152733056068,0.0031643949747081337,1.7614812703040168,0
2018-02-04,0.0414546788654656,0.9739977930012986,0.9585453211345344,0.9715327228754721,0.0029195337624612397,0.003174646738136249,-0.3778657409549444,0
2018-02-05,0.03217560544198146,0.9739977930012986,0.9678243945580186,0.9715327228754721,0.0029419588964599555,0.0031932156832144656,-2.6039459458856817,0
2018-02-06,0.03172591649966564,0.9739977930012986,0.9682740835003344,0.9715327228754721,0.0029430456614589185,0.0031941155844105278,-0.7900666476071957,0
2018-02-07,0.030914136012168324,0.9739977930012986,0.9690858639878316,0.9715327228754721,0.002945007490388878,0.0031957400900696547,2.1522365420009484,0
2018-02-08,0.06739906784871834,0.9739977930012986,0.9326009321512817,0.9715327228754721,0.0028568291872129213,0.0031227277681991593,0.6481225159588169,0
2018-02-09,0.035166499209978413,0.9739977930012986,0.9648335007900215,0.9715327228754721,0.0029347307507612153,0.0031872304151194684,1.3896007878172087,0
2018-02-10,0.0339861073935413,0.9739977930012986,0.9660138926064588,0.9715327228754721,0.002937583433032729,0.003189592572396371,2.147859722697646,0
2018-02-11,0.07024964891692217,0.9739977930012986,0.9297503510830778,0.9715327228754721,0.002849939335097526,0.0031170232887882607,1.1690510303295072,0
2018-02-12,0.040416353746743225,0.9739977930012986,0.9595836462532568,0.9715327228754721,0.0029220431614946315,0.003176724596692049,0.015950731435143327,0
2018-02-13,0.03175990852464937,0.9739977930012986,0.9682400914753507,0.9715327228754721,0.002942963512857801,0.0031940475608034057,1.447876590495476,0
2018-02-14,0.03531760071255365,0.9739977930012986,0.9646823992874465,0.9715327228754721,0.0029343655791947633,0.003186928036274674,-0.2776848463733128,0
2018-02-15,0.031237789093576517,0.9739977930012986,0.9687622109064234,0.9715327228754721,0.0029442253190081094,0.003195092407265696,0.9922844243829648,0
2018-02-16,0.031977928401103264,0.9739977930012986,0.9680220715988967,0.9715327228754721,0.002942436623525539,0.003193611267336691,2.3167412360679016,0
2018-02-17,0.1029613551998354,0.9739977930012986,0.8970386448001646,0.9715327228754721,0.002770870509079824,0.0030515618089981696,0.31224887392437783,0
2018-02-18,0.038058665093254354,0.9739977930012986,0.9619413349067456,0.9715327228754721,0.0029277411343436965,0.0031814427176853986,0.9870708093320548,0
2018-02-19,0.03377786883786922,0.9739977930012986,0.9662221311621308,0.9715327228754721,0.0029380866871732882,0.0031900092918388167,1.0430527887453214,0
2018-02-20,0.032403769193851205,0.9739977930012986,0.9675962308061488,0.9715327228754721,0.0029414074916226263,0.0031927590901923014,2.3041362193301125,0
2018-02-21,0.09803978334165994,0.9739977930012986,0.9019602166583401,0.9715327228754721,0.002782767192870144,0.0030614106800397186,0.48877550648160595,0
2018-02-22,0.03986888666774337,0.9739977930012986,0.9601311133322566,0.9715327228754721,0.0029233662632130817,0.0031778201679477256,1.0400705732175382,0
2018-02-23,0.03426597664548648,0.9739977930012986,0.9657340233545136,0.9715327228754721,0.0029369070670575564,0.0031890325082033996,2.0132223747973836,0
2018-02-24,0.046468105941736754,0.9739977930012986,0.9535318940582633,0.9715327228754721,0.002907417311659636,0.003164614049764874,1.328929102229143,0
2018-02-25,0.03738298025157034,0.9739977930012986,0.9626170197484296,0.9715327228754721,0.0029293740957293847,0.0031827948736758514,2.261028182242251,0
2018-02-26,0.1023851754630132,0.9739977930012986,0.8976148245369867,0.9715327228754721,0.0027722632912395395,0.003052714838982947,0.7361494353766408,0
2018-02-27,0.03957677249450773,0.9739977930012986,0.9604232275054922,0.9715327228754721,0.0029240722348444713,0.0031784047362329224,1.91175901006515,0
2018-02-28,0.04390379314932577,0.9739977930012986,0.9560962068506742,0.9715327228754721,0.0029136147680913927,0.003169745659488441,1.7421406898033793,0
2018-03-01,0.04426417904045867,0.9739977930012986,0.9557358209595413,0.9715327228754721,0.002912743787098327,0.0031690244683183753,1.207900111005976,0
2018-03-02,0.03440027342121063,0.9739977930012986,0.9655997265787895,0.9715327228754721,0.002936582508959862,0.003188763758368282,2.3194199460372413,0
2018-03-03,0.10784996587947127,0.9739977930012986,0.8921500341205287,0.9715327228754721,0.0027590533087375815,0.0030417788986712396,1.7658018636934203,0
2018-03-04,0.0632915619932871,0.9739977930012986,0.9367084380067129,0.9715327228754721,0.0028667569110586203,0.0031309475598913904,2.4060223382188246,0
2018-03-05,0.1952893297832791,0.9739977930012986,0.8047106702167207,0.9715327228754721,0.0025476544886029605,0.0028667984160408544,2.571529804431193,0
2018-03-06,0.4100626749175971,0.9739977930012986,0.5899373250824028,0.9715327228754721,0.0020281452201790485,0.0024370017900145237,-0.04587899427921854,0
2018-03-07,0.0931094582745601,0.9739977930012986,0.9068905417254399,0.9715327228754721,0.0027946848408616355,0.003071277067685389,0.4061652493621029,0
2018-03-08,0.03889276947882925,0.9739977930012986,0.9611072305211708,0.9715327228754721,0.002925725307471714,0.0031797735382513787,0.9635406505849603,0
2018-03-09,0.03381293699358519,0.9739977930012986,0.9661870630064148,0.9715327228754721,0.002938001937308189,0.0031899391147179154,2.2982241989917864,0
2018-03-10,0.10870864118258805,0.9739977930012986,0.8912913588174118,0.9715327228754721,0.002756977619883349,0.0030400605488084993,1.0628756801195172,0
2018-03-11,0.04646060247309804,0.9739977930012986,0.9535393975269021,0.9715327228754721,0.0029074354461934284,0.0031646290654340783,0.5232101166404628,0
2018-03-12,0.03275842812599783,0.9739977930012986,0.9672415718740022,0.9715327228754721,0.002940550384224746,0.0031920493596047776,1.585695972130323,0
2018-03-13,0.037115317322574094,0.9739977930012986,0.962884682677426,0.9715327228754721,0.002930020969119512,0.0031833305110181994,2.3556624647384012,0
2018-03-14,0.13344314566459756,0.9739977930012986,0.8665568543354024,0.9715327228754721,0.0026971839913747853,0.0029905627558391144,-0.6684077249539667,0
2018-03-15,0.04135265056483941,0.9739977930012986,0.9586473494351605,0.9715327228754721,0.002919780342373037,0.003174850913469742,2.3520736759371657,0
2018-03-16,0.13489555838031894,0.9739977930012986,0.8651044416196811,0.9715327228754721,0.0026936727508792254,0.0029876562402078367,2.343324838612463,0
2018-03-17,0.23844558241030145,0.9739977930012986,0.7615544175896984,0.9715327228754721,0.0024432946898449302,0.002780435689048666,0.7230896944980393,0
2018-03-18,0.06719972862615708,0.9739977930012986,0.9328002713738428,0.9715327228754721,0.002857310987516459,0.0031231266786190624,1.755689814214549,0
2018-03-19,0.04786184177295304,0.9739977930012986,0.952138158227047,0.9715327228754721,0.002904048895073861,0.0031618249561859934,1.6826513320919758,0
2018-03-20,0.04000856595226376,0.9739977930012986,0.9599914340477362,0.9715327228754721,0.0029230286908117614,0.00317754064683129,1.7014085713545437,0
2018-03-21,0.03827394013504931,0.9739977930012986,0.9617260598649506,0.9715327228754721,0.0029272208676041464,0.003181011917082217,2.3443471111862846,0
2018-03-22,0.13279943075291514,0.9739977930012986,0.8672005692470849,0.9715327228754721,0.0026987401812875378,0.0029918509347655587,2.064392596623193,0
2018-03-23,0.14830512966813533,0.9739977930012986,0.8516948703318646,0.9715327228754721,0.002661254011774446,0.002960821492663355,2.5033055294042867,0
2018-03-24,0.33538733315066355,0.9739977930012986,0.6646126668493364,0.9715327228754721,0.002208817222697191,0.00258643937463993,2.08455384888436,0
2018-03-25,0.3461288201253721,0.9739977930012986,0.6538711798746278,0.9715327228754721,0.002182831662464426,0.002564943900621269,2.019359821591779,0
2018-03-26,0.3317081860260113,0.9739977930012986,0.6682918139739886,0.9715327228754721,0.0022177175190154527,0.0025938019503815384,1.5587628025974989,0
2018-03-27,0.1799498583754002,0.9739977930012986,0.8200501416245998,0.9715327228754721,0.0025847445734954117,0.002897495209686317,1.3928399745601956,0
2018-03-28,0.07653336014008912,0.9739977930012986,0.923466639859911,0.9715327228754721,0.002834751380343201,0.00310444855386968,2.313400339749677,0
2018-03-29,0.15992549200820821,0.9739977930012986,0.8400745079917917,0.9715327228754721,0.0026331596673583877,0.0029375672451502697,-0.748330234889003,0
2018-03-30,0.04430575404703997,0.9739977930012986,0.95569424595296,0.9715327228754721,0.0029126433085126546,0.0031689412699235997,1.563822800015962,0
2018-03-31,0.040020861737394324,0.9739977930012986,0.9599791382626057,0.9715327228754721,0.002922998974746332,0.003177516040952194,2.2685448182854273,0
2018-04-01,0.09506239011802523,0.9739977930012986,0.9049376098819749,0.9715327228754721,0.0027899642110574808,0.0030673689313351557,2.1169797567332362,0
2018-04-02,0.12768902471115148,0.9739977930012986,0.8723109752888486,0.9715327228754721,0.00271109454248648,0.0030020776939241544,1.8447028338466402,0
2018-04-03,0.07969724406854252,0.9739977930012986,0.9203027559314574,0.9715327228754721,0.0028271040400327935,0.0030981171041418853,1.3122584742233998,0
2018-04-04,0.040972464774011244,0.9739977930012986,0.9590275352259887,0.9715327228754721,0.0029206991668882624,0.003175611727480712,-0.02498760265174213,0
2018-04-05,0.03231102913656221,0.9739977930012986,0.9676889708634379,0.9715327228754721,0.002941631617178329,0.0031929446782302186,2.345921468383672,0
2018-04-06,0.11984435751149564,0.9739977930012986,0.8801556424885044,0.9715327228754721,0.0027300585487539898,0.0030177761573093706,1.830809548714348,0
2018-04-07,0.08894734380247922,0.9739977930012986,0.9110526561975207,0.9715327228754721,0.002804745408330573,0.0030796061401599873,1.6693495699826253,0
2018-04-08,0.05138053440220135,0.9739977930012986,0.9486194655977986,0.9715327228754721,0.002895544759050362,0.0031547834761590896,2.2010461745377214,0
2018-04-09,0.08766166948096733,0.9739977930012986,0.9123383305190327,0.9715327228754721,0.002807853082710629,0.0030821789849662597,1.5282147914501754,0
2018-04-10,0.05202470496689043,0.9739977930012986,0.9479752950331096,0.9715327228754721,0.002893987887658509,0.0031534943853963803,2.2980857931597787,0
2018-04-11,0.12265812025742917,0.9739977930012986,0.8773418797425709,0.9715327228754721,0.002723256504985303,0.003012145357389183,2.197084000302531,0
2018-04-12,0.15936884633397264,0.9739977930012986,0.8406311536660274,0.9715327228754721,0.002634505484418519,0.002938681184277721,-1.1325644103519195,0
2018-04-13,0.04254485816169753,0.9739977930012986,0.9574551418383025,0.9715327228754721,0.0029168990342132084,0.003172465110881753,2.3671806559421205,0
2018-04-14,0.14720246108547763,0.9739977930012986,0.8527975389145224,0.9715327228754721,0.0026639198579133804,0.002963028113024719,2.4074746976664687,0
2018-04-15,0.2836858879989409,0.9739977930012986,0.7163141120010591,0.9715327228754721,0.002333879250699223,0.0026899024308818433,1.4945429085565114,0
2018-04-16,0.11428195931080642,0.9739977930012986,0.8857180406891936,0.9715327228754721,0.002743505009751466,0.003028907426777544,1.61362714225621,0
2018-04-17,0.06562720477663275,0.9739977930012986,0.9343727952233671,0.9715327228754721,0.002861111746012588,0.0031262735562935184,2.0503027535021183,0
2018-04-18,0.08419331076864328,0.9739977930012986,0.9158066892313568,0.9715327228754721,0.0028162365779984557,0.003089119738584795,1.8433021284789786,0
2018-04-19,0.05903089607999598,0.9739977930012986,0.940969103920004,0.9715327228754721,0.002877054675589451,0.0031394738499345644,2.2786065449237816,0
2018-04-20,0.12319913641939324,0.9739977930012986,0.8768008635806066,0.9715327228754721,0.002721948634920513,0.00301106269547463,0.8767707408771707,0
2018-04-21,0.04332571959177803,0.9739977930012986,0.9566742804082219,0.9715327228754721,0.0029150118546884553,0.0031709024793185442,2.368211391448658,0
2018-04-22,0.1481469823072278,0.9739977930012986,0.8518530176927721,0.9715327228754721,0.00266163635439098,0.002961137971424211,2.4239167851179015,0
2018-04-23,0.3090798177910083,0.9739977930012986,0.6909201822089917,0.9715327228754721,0.00227245586046814,0.0026390850199067783,2.393823306681455,0
2018-04-24,0.42344825446026146,0.9739977930012986,0.5765517455397383,0.9715327228754721,0.0019957549839023157,0.002410215053879989,0.14181833243036146,0
2018-04-25,0.09044193893504035,0.9739977930012986,0.9095580610649596,0.9715327228754721,0.002801132723283494,0.0030766152106065626,0.05739161191059357,0
2018-04-26,0.03760147114345685,0.9739977930012986,0.9623985288565432,0.9715327228754721,0.002928846058252049,0.003182357637630142,1.5942792799435843,0
2018-04-27,0.036159796085598134,0.9739977930012986,0.9638402039144018,0.9715327228754721,0.0029323302168416635,0.0031852426654500818,1.7996364075348315,0
2018-04-28,0.04300175183754613,0.9739977930012986,0.9569982481624537,0.9715327228754721,0.002915794817902902,0.003171550791834341,1.745572834535228,0
2018-04-29,0.03999305858997175,0.9739977930012986,0.9600069414100282,0.9715327228754721,0.0029230661685137847,0.003177571679602081,2.3479155074193025,0
2018-04-30,0.13065993034096057,0.9739977930012986,0.8693400696590394,0.9715327228754721,0.0027039124299781422,0.002996132425366103,2.095812306035558,0
2018-05-01,0.15599916121590487,0.9739977930012986,0.8440008387840952,0.9715327228754721,0.002642652408819395,0.002945424475879437,2.125386289274617,0
2018-05-02,0.16727090530223374,0.9799198393493035,0.8327290946977663,0.9775566976274597,0.0025404469089038125,0.0033158371651577693,2.2902605102439466,1
2018-05-03,0.2693717121495164,0.9799198393493035,0.7306282878504835,0.9775566976274597,0.0023214690842703676,0.0030860675865446406,1.0717166612212716,1
2018-05-04,0.06956133772137654,0.9799198393493035,0.9304386622786236,0.9775566976274597,0.00274990787308465,0.0035357246162246855,2.3006156430860623,1
2018-05-05,0.18595282451519693,0.9799198393493035,0.8140471754848029,0.9775566976274597,0.002500387282260101,0.003273795022320762,2.432563954795026,1
2018-05-06,0.3618373703793137,0.9799198393493035,0.6381626296206863,0.9775566976274597,0.00212306486085897,0.0028779811278408962,1.9615101158879065,1
2018-05-07,0.33669542800990326,0.9799198393493035,0.6633045719900966,0.9775566976274597,0.0021770206784337237,0.0029345610284520216,1.7362544986146284,1
2018-05-08,0.23086963348036535,0.9799198393493035,0.7691303665196346,0.9775566976274597,0.0024040577322049297,0.003172713389498702,2.222883838809813,1
2018-05-09,0.3216099198260531,0.9799198393493035,0.6783900801739468,0.9775566976274597,0.0022093918312329876,0.0029685097401772158,2.6320959522246294,1
2018-05-10,0.5554998248964262,0.9799198393493035,0.4445001751035737,0.9775566976274597,0.0017072413196553414,0.002442159492913578,1.571732219697712,1
2018-05-11,0.3983627284506222,0.9799198393493035,0.6016372715493776,0.9775566976274597,0.002044668278557648,0.002795783774148176,0.2841712072684036,1
2018-05-12,0.09157389195626908,0.9799198393493035,0.9084261080437309,0.9775566976274597,0.002702727782067163,0.003486187149607843,2.361768589984861,1
2018-05-13,0.23299846318868592,0.9799198393493035,0.767001536811314,0.9775566976274597,0.0023994916912308734,0.0031679226310304407,2.0084208720369525,1
2018-05-14,0.20084022204437002,0.9799198393493035,0.79915977795563,0.9775566976274597,0.002468461714902603,0.003240292142543909,2.5578520773118676,1
2018-05-15,0.444713328127949,0.9799198393493035,0.5552866718720509,0.9775566976274597,0.0019451637326379867,0.0026914755117046205,1.9225659397246446,1
2018-05-16,0.4033446920187622,0.9799198393493035,0.5966553079812376,0.9775566976274597,0.002033974141967635,0.0027845722695081614,2.028261799408242,1
2018-05-17,0.4031528901683659,0.9799198393493035,0.5968471098316341,0.9775566976274597,0.002034385862836164,0.002785003904004535,1.4594459506599848,1
2018-05-18,0.2105693472063715,0.9799198393493035,0.7894306527936286,0.9775566976274597,0.0024475966915097286,0.0032183975360488685,2.070208119055157,1
2018-05-19,0.2055251700349959,0.9799198393493035,0.794474829965004,0.9775566976274597,0.002458414523258048,0.0032297490473532837,2.6043084357912893,1
2018-05-20,0.46739331830927366,0.9799198393493035,0.5326066816907263,0.9775566976274597,0.001896466851736203,0.002640436034663979,1.5812901865346256,1
2018-05-21,0.2682239547292813,0.9799198393493035,0.7317760452707187,0.9775566976274597,0.002323931291420879,0.0030886505214590726,2.254795614789528,1
2018-05-22,0.37067503068724594,0.9799198393493035,0.629324969312754,0.9775566976274597,0.002104097295938169,0.00285809269064258,1.055021992683232,1
2018-05-23,0.12233340889150747,0.9799198393493035,0.8776665911084925,0.9775566976274597,0.0026367918732932713,0.0034169653533969234,0.8573280818342776,1
2018-05-24,0.03997423316622724,0.9799198393493035,0.9600257668337726,0.9775566976274597,0.0028133149668776256,0.0036023079935351855,2.2835372697411835,1
2018-05-25,0.12505976032578678,0.9799198393493035,0.8749402396742132,0.9775566976274597,0.0026309472210032906,0.003410829920783323,2.012172541966825,1
2018-05-26,0.13248530159937622,0.9799198393493035,0.8675146984006237,0.9775566976274597,0.0026150282359808045,0.0033941193428546,2.1840959256228762,1
2018-05-27,0.20554406945842577,0.9799198393493035,0.7944559305415743,0.9775566976274597,0.0024583739917006385,0.0032297065157348612,2.615263470346027,1
2018-05-28,0.4707085832666935,0.9799198393493035,0.5292914167333064,0.9775566976274597,0.0018893481113715176,0.0026329752999667824,1.4868523806058696,1
2018-05-29,0.2801968341825348,0.9799198393493035,0.7198031658174651,0.9775566976274597,0.0022982460183378238,0.003061706528049944,1.3638911584046154,1
2018-05-30,0.09157443091627984,0.9799198393493035,0.9084255690837202,0.9775566976274597,0.0027027266268397996,0.003486185936722085,2.226015813582508,1
2018-05-31,0.1786992214887248,0.9799198393493035,0.8213007785112753,0.9775566976274597,0.002515941598108812,0.0032901186671800272,2.3105222411259803,1
2018-06-01,0.29102925922213696,0.9799198393493035,0.708970740777863,0.9775566976274597,0.0022750060971876564,0.0030373290347316933,2.696502110692709,1
2018-06-02,0.5607963655481301,0.9799198393493035,0.43920363445187005,0.9775566976274597,0.0016958634827009737,0.0024302400580802222,2.4488191757814977,1
2018-06-03,0.6627965406571075,0.9799198393493035,0.3372034593428925,0.9775566976274597,0.0014766949716947264,0.0022006969430261925,2.9607265962457996,1
2018-06-04,0.8278980678371448,0.9799198393493035,0.1721019321628551,0.9775566976274597,0.0011217167971490757,0.0018291493568716299,1.3408320392506505,1
2018-06-05,0.6990807589040593,0.9799198393493035,0.3009192410959407,0.9775566976274597,0.0013987053998176704,0.0021190422549356375,2.43551879908506,1
2018-06-06,0.7615513081757043,0.9799198393493035,0.23844869182429565,0.9775566976274597,0.0012643994873536898,0.0019784573543349367,3.188248844075789,1
2018-06-07,0.8936835821214858,0.9799198393493035,0.10631641787851409,0.9775566976274597,0.0009801970772190497,0.001681104396574989,3.359109969972246,1
2018-06-08,0.9475166420937032,0.9799198393493035,0.05248335790629664,0.9775566976274597,0.0008643572143657931,0.0015599574645652069,3.157717296277887,1
2018-06-09,0.9609270298636445,0.9799198393493035,0.039072970136355356,0.9775566976274597,0.0008354957056737554,0.0015297784753673356,2.9427830078150397,1
2018-06-10,0.9627937640714231,0.9799198393493035,0.03720623592857669,0.9775566976274597,0.0008314780215232013,0.0015255775415495886,-2.6679065261085073,1
2018-06-11,0.7111585362553733,0.9799198393493035,0.28884146374462666,0.9775566976274597,0.0013727423761127823,0.0020918621973211515,2.5211183996071775,1
2018-06-12,0.7857319993441472,0.9799198393493035,0.2142680006558526,0.9775566976274597,0.001212402622823845,0.0019240406715298956,0.3885223917320375,1
2018-06-13,0.4203482036556215,0.9799198393493035,0.5796517963443785,0.9775566976274597,0.0019974730103510412,0.0027463072466901908,1.428973786362588,1
2018-06-14,0.21763439662327028,0.9799198393493035,0.7823656033767297,0.9775566976274597,0.0024324444280625947,0.0032024982157836533,1.347001452337883,1
2018-06-15,0.06784760137039964,0.9799198393493035,0.9321523986296003,0.9775566976274597,0.0027535807637137856,0.003539581240784047,1.6770105505389712,1
2018-06-16,0.04522388229941054,0.9799198393493035,0.9547761177005896,0.9775566976274597,0.0028020652736113496,0.0035904940842582255,2.2021047616620213,1
2018-06-17,0.09280712854434431,0.9799198393493035,0.9071928714556555,0.9775566976274597,0.002700084408212792,0.0034834118507642577,2.309696922533476,1
2018-06-18,0.21981811671559,0.9799198393493035,0.7801818832844101,0.9775566976274597,0.0024277609470531227,0.00319758393096148,1.649895821589544,1
2018-06-19,0.09669041144379495,0.9799198393493035,0.903309588556205,0.9775566976274597,0.0026917607072476724,0.0034746728377927256,2.412957944186045,1
2018-06-20,0.27013123066636546,0.9799198393493035,0.7298687693336344,0.9775566976274597,0.0023198397327101137,0.003084358351770166,2.7070957369085233,1
2018-06-21,0.5525668167120356,0.9799198393493035,0.44743318328796444,0.9775566976274597,0.0017135417794552645,0.0024487599897696347,2.8969728340723564,1
2018-06-22,0.768717794007815,0.9799198393493035,0.23128220599218488,0.9775566976274597,0.0012489896771654112,0.001962329759650558,-1.5112516585481703,1
2018-06-23,0.2576182214907394,0.9799198393493035,0.7423817785092607,0.9775566976274597,0.0023466824295788626,0.003112517863278888,2.1879483092420218,1
2018-06-24,0.3045852872251449,0.9799198393493035,0.695414712774855,0.9775566976274597,0.002245921274730975,0.0030068222940104585,2.651730892777948,1
2018-06-25,0.559518785757409,0.9799198393493035,0.44048121424259085,0.9775566976274597,0.0016986079593770645,0.0024331151477021643,2.4388500315317376,1
2018-06-26,0.6590753470314334,0.9799198393493035,0.34092465296856633,0.9775566976274597,0.0014846925793656513,0.0022090711872433592,1.7220759274950928,1
2018-06-27,0.5661910393347677,0.9799198393493035,0.4338089606652323,0.9775566976274597,0.0016842745476059154,0.0024180997825918506,2.9460105195200352,1
2018-06-28,0.780655575042784,0.9799198393493035,0.21934442495721584,0.9775566976274597,0.0012233191851844854,0.0019354647523829524,0.4617493803807494,1
2018-06-29,0.42529971515724446,0.9799198393493035,0.5747002848427556,0.9775566976274597,0.001986843139404353,0.0027351642719541766,0.8086997086115271,1
2018-06-30,0.1077661231493429,0.9799198393493035,0.892233876850657,0.9775566976274597,0.002668019410781398,0.003449747847579566,2.0385738027071794,1
2018-07-01,0.10177293686716725,0.9799198393493035,0.8982270631328328,0.9775566976274597,0.0026808662349554974,0.0034632350268597968,2.4060705488300544,1
2018-07-02,0.27783739956795395,0.9799198393493035,0.7221626004320459,0.9775566976274597,0.0023033077996729486,0.00306701624414228,1.6113530532318803,1
2018-07-03,0.12295794682095529,0.9799198393493035,0.8770420531790447,0.9775566976274597,0.0026354530184158997,0.0034155598814784517,2.0927112726376085,1
2018-07-04,0.15798098103075417,0.9799198393493035,0.8420190189692458,0.9775566976274597,0.0025603659711792163,0.003336743385697225,2.341108054571125,1
2018-07-05,0.2875277350739168,0.9799198393493035,0.7124722649260832,0.9775566976274597,0.0022825184088833992,0.0030452089306197212,2.549603368513643,1
2018-07-06,0.5096858419910568,0.9799198393493035,0.49031415800894307,0.9775566976274597,0.001805645401149906,0.002545260142867315,2.7708048761912663,1
2018-07-07,0.713816717006513,0.9799198393493035,0.28618328299348694,0.9775566976274597,0.0013670280129654988,0.0020858801772967606,2.1159380202475324,1
2018-07-08,0.7067270979704298,0.9799198393493035,0.2932729020295703,0.9775566976274597,0.0013822685998934746,0.002101834789495713,3.0278851308944468,1
2018-07-09,0.858491884282302,0.9799198393493035,0.14150811571769792,0.9775566976274597,0.001055907938125412,0.0017603004561642576,3.0694049628990383,1
2018-07-10,0.9241493463469059,0.9799198393493035,0.07585065365309396,0.9775566976274597,0.0009146433846651304,0.0016125436669945448,-0.28927197950248473,1
2018-07-11,0.6553489056403969,0.9799198393493035,0.3446510943596031,0.9775566976274597,0.0014927013250069818,0.0022174572411305317,2.8104476373120724,1
2018-07-12,0.8011621728212451,0.9799198393493035,0.1988378271787549,0.9775566976274597,0.0011792193079867602,0.0018893163185376301,0.9866698602414855,1
2018-07-13,0.5779993521326662,0.9799198393493035,0.42200064786733354,0.9775566976274597,0.0016589066892534802,0.0023915261330832477,2.9120822109691784,1
2018-07-14,0.7799122360361299,0.9799198393493035,0.2200877639638702,0.9775566976274597,0.001224917671623179,0.0019371375764829731,3.1070354386296244,1
2018-07-15,0.8939385753691514,0.9799198393493035,0.10606142463084851,0.9775566976274597,0.000979648443012641,0.001680530554968106,2.6572276590572,1
2018-07-16,0.9173310156469772,0.9799198393493035,0.08266898435302275,0.9775566976274597,0.0009293153170115549,0.0016278877668125897,-0.12596740595241185,1
2018-07-17,0.6186748314120122,0.9799198393493035,0.38132516858798776,0.9775566976274597,0.001571512539080434,0.0022999892684639352,-0.390422917431027,1
2018-07-18,0.14398389569705788,0.9799198393493035,0.8560161043029421,0.9775566976274597,0.0025903762781593048,0.0033682426901419575,2.4450091011451196,1
2018-07-19,0.33182489877794485,0.9799198393493035,0.6681751012220551,0.9775566976274597,0.0021874723281282912,0.0029455217591632292,2.4914279863069124,1
2018-07-20,0.5067919313584597,0.9799198393493035,0.49320806864154026,0.9775566976274597,0.001811860532318216,0.0025517726538564836,2.0377214807082185,1
2018-07-21,0.5060940588150362,0.9799198393493035,0.49390594118496367,0.9775566976274597,0.0018133593113788958,0.0025533431593713703,2.6750190812206296,1
2018-07-22,0.687271779753268,0.9799198393493035,0.31272822024673197,0.9775566976274597,0.0014240891722589258,0.0021456174040173385,3.1487352772428285,1
2018-07-23,0.8632772057608992,0.9799198393493035,0.13672279423910083,0.9775566976274597,0.0010456136102383717,0.001749531478585949,0.7013889099108903,1
2018-07-24,0.6094454951069662,0.9799198393493035,0.3905545048930336,0.9775566976274597,0.0015913438920975782,0.0023207591407026643,-0.294469049478873,1
2018-07-25,0.14159656928602446,0.9799198393493035,0.8584034307139754,0.9775566976274597,0.0025954946027263626,0.0033736151744583214,1.9229851031490546,1
2018-07-26,0.1215997299324857,0.9799198393493035,0.8784002700675143,0.9775566976274597,0.0026383646945016886,0.0034186164383438215,1.6255846335505426,1
2018-07-27,0.0637897576954839,0.9799198393493035,0.9362102423045162,0.9775566976274597,0.002762277441435228,0.0035487130886122237,1.9034091935546404,1
2018-07-28,0.04966620170358349,0.9799198393493035,0.9503337982964166,0.9775566976274597,0.0027925454230297523,0.003580497005008025,2.3268554401261032,1
2018-07-29,0.16673391593900153,0.9799198393493035,0.8332660840609984,0.9775566976274597,0.0025415983225634134,0.0033170456161340095,2.5286262619903797,1
2018-07-30,0.39686107671695153,0.9799198393493035,0.6031389232830485,0.9775566976274597,0.0020478916307324667,0.0027991631194905233,2.6455322760672138,1
2018-07-31,0.6191305188106447,0.9799198393493035,0.3808694811893552,0.9775566976274597,0.001570533367485344,0.002298963780960005,0.4226868416004198,1
2018-08-01,0.17651868894561626,0.9744469159961585,0.8234813110543839,0.9766992819163014,0.0023896146964383787,0.0028119077676070857,2.124347218907477,2
2018-08-02,0.20288276707228803,0.9744469159961585,0.7971172329277121,0.9766992819163014,0.0023341436831177498,0.0027765456006515125,2.4639498018245596,2
2018-08-03,0.3814563463830898,0.9744469159961585,0.6185436536169103,0.9766992819163014,0.001958352306427202,0.0025370246625363154,2.1034135321934553,2
2018-08-04,0.38967981025577025,0.9744469159961585,0.6103201897442297,0.9766992819163014,0.0019410440331081027,0.0025259945214093755,0.7179911801866419,2
2018-08-05,0.10175619887841168,0.9744469159961585,0.8982438011215884,0.9766992819163014,0.002546904189333335,0.00291218677767026,2.463354476444201,2
2018-08-06,0.278794788535341,0.9744469159961585,0.7212052114646589,0.9766992819163014,0.0021744079628104947,0.0026747247228641807,2.2223012196731706,2
2018-08-07,0.34262549619062554,0.9744469159961585,0.6573745038093745,0.9766992819163014,0.0020400779571269597,0.0025891085245600583,1.624180070718488,2
2018-08-08,0.18824581420260644,0.9744469159961585,0.8117541857973937,0.9766992819163014,0.002364940692035033,0.002796178161616157,0.5156230519399891,2
2018-08-09,0.04718115811117459,0.9744469159961585,0.9528188418888255,0.9766992819163014,0.002661709502355529,0.0029853883398089265,1.5975972690925746,2
2018-08-10,0.03306302424218521,0.9744469159961585,0.9669369757578149,0.9766992819163014,0.002691406989215579,0.0030043250082779542,0.7845221445837375,2
2018-08-11,0.027083061576767705,0.9744469159961585,0.9729169384232323,0.9766992819163014,0.0027039856211816646,0.0030123459387708224,2.0021535381837063,2
2018-08-12,0.037322818556796776,0.9744469159961585,0.9626771814432034,0.9766992819163014,0.0026824465897599707,0.002998611341483844,2.338039004031236,2
2018-08-13,0.13169640828225457,0.9744469159961585,0.8683035917177455,0.9766992819163014,0.0024839167226667707,0.002872027941903786,2.3675591191256027,2
2018-08-14,0.2667452361426545,0.9744469159961585,0.7332547638573457,0.9766992819163014,0.002199764276450513,0.0026908868007264465,2.2820776625085974,2
2018-08-15,0.3574649819935828,0.9744469159961585,0.6425350180064173,0.9766992819163014,0.0020088465584912826,0.002569204305949503,2.471283029618716,2
2018-08-16,0.5017644401920212,0.9744469159961585,0.4982355598079788,0.9766992819163014,0.001705110496789746,0.002375655284136767,3.027211032799794,2
2018-08-17,0.7547803741528739,0.9744469159961585,0.24521962584712612,0.9766992819163014,0.0011723561684923796,0.0020362847339451327,0.8575005542573059,2
2018-08-18,0.4262309360036047,0.9744469159961585,0.5737690639963954,0.9766992819163014,0.0018641103836309124,0.0024769684562877797,1.7552718472235505,2
2018-08-19,0.30347531187996835,0.9744469159961585,0.6965246881200318,0.9766992819163014,0.002122470204293832,0.0026416207097873625,2.415210611955155,2
2018-08-20,0.43464269183419635,0.9744469159961585,0.5653573081658037,0.9766992819163014,0.0018464044461976082,0.0024656857589508314,1.4184051721069755,2
2018-08-21,0.21354729988687549,0.9744469159961585,0.7864527001131247,0.9766992819163014,0.002311704393973646,0.0027622412510709717,1.8344696598622476,2
2018-08-22,0.1253591815323637,0.9744469159961585,0.8746408184676363,0.9766992819163014,0.0024972490915318667,0.0028805280711056576,2.1181961133509044,2
2018-08-23,0.1507423041601021,0.9744469159961585,0.849257695839898,0.9766992819163014,0.0024438467628732207,0.002846481660838508,2.068104931905163,2
2018-08-24,0.1407273134842711,0.9744469159961585,0.859272686515729,0.9766992819163014,0.002464917096103467,0.0028599147788347314,1.9751604523562374,2
2018-08-25,0.10641333467622206,0.9744469159961585,0.8935866653237781,0.9766992819163014,0.0025371068348982806,0.002905940156308205,2.4355073330217882,2
2018-08-26,0.2670309537082215,0.9744469159961585,0.7329690462917786,0.9766992819163014,0.002199163036578234,0.0026905035674418547,2.4836269598483867,2
2018-08-27,0.444798947488705,0.9744469159961585,0.5552010525112949,0.9766992819163014,0.0018250261650523084,0.00245206316208351,2.0718090548218084,2
2018-08-28,0.4199029215788797,0.9744469159961585,0.5800970784211203,0.9766992819163014,0.0018774300778997464,0.002485456228987786,1.5206742184204234,2
2018-08-29,0.204242826071087,0.9744469159961585,0.795757173928913,0.9766992819163014,0.0023312819999235282,0.002774721352022227,2.4198242754930708,2
2018-08-30,0.36239075216830086,0.9744469159961585,0.6376092478316991,0.9766992819163014,0.0019984795354551213,0.0025625973650025735,2.503736765359206,2
2018-08-31,0.5278880086238493,0.9744469159961585,0.47211199137615073,0.9766992819163014,0.0016501149640291636,0.0023406157130991187,2.8889564756191617,2
2018-09-01,0.7379981861337287,0.9744469159961585,0.26200181386627136,0.9766992819163014,0.0012077001399453055,0.0020587947011725645,1.9332996553863484,2
2018-09-02,0.6801882230140225,0.9744469159961585,0.3198117769859774,0.9766992819163014,0.001329442518714331,0.002136335268216568,2.7075555550297463,2
2018-09-03,0.7876763310387654,0.9744469159961585,0.2123236689612346,0.9766992819163014,0.0011030730034552,0.001992161350833725,3.1466669540386993,2
2018-09-04,0.8929695834320982,0.9744469159961585,0.10703041656790188,0.9766992819163014,0.0008812855375902077,0.0018509313957206187,2.750104835857235,2
2018-09-05,0.914944982546166,0.9744469159961585,0.08505501745383409,0.9766992819163014,0.0008349919929488756,0.0018214557687461696,-1.3703092796830736,2
2018-09-06,0.5166592580026976,0.9744469159961585,0.4833407419973024,0.9766992819163014,0.0016737541151958589,0.0023556768486434694,0.9227991690776057,2
2018-09-07,0.18757251939504788,0.9744469159961585,0.8124274806049522,0.9766992819163014,0.002366357325327932,0.0027970812526812343,2.270825039119317,2
2018-09-08,0.2773725333567905,0.9744469159961585,0.7226274666432095,0.9766992819163014,0.0021774008935741018,0.0026766323952976978,1.5297042297235603,2
2018-09-09,0.12425980174453151,0.9744469159961585,0.8757401982554684,0.9766992819163014,0.0024995619713166902,0.0028820026704228846,2.4050782688126784,2
2018-09-10,0.26809965371998484,0.9744469159961585,0.7319003462800153,0.9766992819163014,0.0021969141520850996,0.0026890701189419743,2.6546794980804567,2
2018-09-11,0.5094614632130402,0.9744469159961585,0.4905385367869598,0.9766992819163014,0.0016889069211938668,0.002365331258702523,2.9629601409888493,2
2018-09-12,0.7467619216965833,0.9744469159961585,0.2532380783034168,0.9766992819163014,0.0011892434823559692,0.002047039893034038,3.0973619301382294,2
2018-09-13,0.8712666697159722,0.9744469159961585,0.12873333028402786,0.9766992819163014,0.0009270033569582954,0.001880041537731449,1.7392546740626447,2
2018-09-14,0.8042538209190471,0.9744469159961585,0.19574617908095296,0.9766992819163014,0.001068157177485298,0.0019699259454448383,3.313271254501627,2
2018-09-15,0.9097673561605495,0.9744469159961585,0.09023264383945057,0.9766992819163014,0.00084589937695114,0.001828400524705473,3.3601745272725716,2
2018-09-16,0.9459546647951494,0.9744469159961585,0.05404533520485062,0.9766992819163014,0.0007696638020389826,0.0017798624478775576,3.2544953001200954,2
2018-09-17,0.9558372053559429,0.9744469159961585,0.044162794644057146,0.9766992819163014,0.0007488434970545086,0.001766606985366147,0.5006858071704217,2
2018-09-18,0.8375084209463263,0.9744469159961585,0.1624915790536737,0.9766992819163014,0.000998112722083133,0.0019253215138938724,2.7971459822255964,2
2018-09-19,0.8876502809895347,0.9744469159961585,0.1123497190104653,0.9766992819163014,0.0008924909597838592,0.0018580661819307541,3.2504855330236913,2
2018-09-20,0.9350471770676027,0.9744469159961585,0.06495282293239724,0.9766992819163014,0.0007926430337341507,0.0017944926731497679,2.4100748323609835,2
2018-09-21,0.9256209577751269,0.9744469159961585,0.07437904222487315,0.9766992819163014,0.0008125012743573537,0.0018071360714426578,0.8591221596817813,2
2018-09-22,0.7839511328465594,0.9744469159961585,0.21604886715344065,0.9766992819163014,0.0011109189510056766,0.0019971579632615316,3.0701742310157147,2
2018-09-23,0.8856350666742708,0.9744469159961585,0.11436493332572922,0.9766992819163014,0.0008967361001961622,0.0018607691911057852,3.3615401412290646,2
2018-09-24,0.9385150411447445,0.9744469159961585,0.06148495885525546,0.9766992819163014,0.0007853371950454435,0.0017898412232532112,1.9743055661237072,2
2018-09-25,0.9098430533735962,0.9744469159961585,0.09015694662640392,0.9766992819163014,0.0008457399110276385,0.0018282989919504507,1.5038923410636187,2
2018-09-26,0.8371988438493027,0.9744469159961585,0.16280115615069735,0.9766992819163014,0.0009987648053839452,0.0019257367499942199,3.1928287456783684,2
2018-09-27,0.9140441579005282,0.9744469159961585,0.08595584209947192,0.9766992819163014,0.0008368897112244594,0.0018226640458330332,1.1557012400519975,2
2018-09-28,0.796125094882986,0.9744469159961585,0.203874905117014,0.9766992819163014,0.0010852781791538745,0.0019808290146074384,2.875754072068928,2
2018-09-29,0.8748828857178291,0.9744469159961585,0.1251171142821708,0.9766992819163014,0.0009193858103769097,0.001875191103235288,3.098263128468615,2
2018-09-30,0.9246200956257596,0.9744469159961585,0.07537990437424044,0.9766992819163014,0.000814609774466985,0.0018084785289431778,3.4039118345814736,2
2018-10-01,0.9516438146404874,0.9744469159961585,0.0483561853595126,0.9766992819163014,0.0007576780773167215,0.0017722315849397566,3.102898495793297,2
2018-10-02,0.9553644683353163,0.9744469159961585,0.044635531664683814,0.9766992819163014,0.0007498394563401102,0.001767241068051275,2.9777830280244255,2
2018-10-03,0.9547441337873467,0.9744469159961585,0.04525586621265351,0.9766992819163014,0.0007511463719180674,0.0017680731234619828,3.0794157455684554,2
2018-10-04,0.9562102271454346,0.9744469159961585,0.04378977285456544,0.9766992819163014,0.0007480576166028288,0.0017661066508300903,2.904819751567214,2
2018-10-05,0.9533575400807219,0.9744469159961585,0.04664245991927805,0.9766992819163014,0.0007540676308028341,0.001769932963124026,3.3338284802053937,2
2018-10-06,0.9593666221963003,0.9744469159961585,0.040633377803699806,0.9766992819163014,0.0007414077191589369,0.001761872974680666,3.1914931044817743,2
2018-10-07,0.9596494811502103,0.9744469159961585,0.04035051884978975,0.9766992819163014,0.0007408117897747543,0.00176149357565503,3.4378688658787886,2
2018-10-08,0.9626517785471477,0.9744469159961585,0.03734822145285233,0.9766992819163014,0.0007344865091593401,0.001757466590858115,3.339319349872227,2
2018-10-09,0.962438311260078,0.9744469159961585,0.037561688739922064,0.9766992819163014,0.0007349362459875061,0.0017577529147647824,3.3611314569041815,2
2018-10-10,0.9627121159588611,0.9744469159961585,0.037287884041139,0.9766992819163014,0.0007343593891547675,0.001757385660221496,2.878774127020352,2
2018-10-11,0.9564740237417404,0.9744469159961585,0.043525976258259685,0.9766992819163014,0.0007475018509429269,0.0017657528201656515,-0.6729750801852075,2
2018-10-12,0.7360011241764963,0.9744469159961585,0.2639988758235038,0.9766992819163014,0.0012119059662893477,0.002061473362569825,3.201473429218307,2
2018-10-13,0.8768496826134772,0.9744469159961585,0.12315031738652286,0.9766992819163014,0.0009152427397196316,0.0018725530363983807,3.3743430987062237,2
2018-10-14,0.9361394030061131,0.9744469159961585,0.06386059699388692,0.9766992819163014,0.0007903420178487689,0.001793027669298496,3.3331325435293935,2
2018-10-15,0.9539490607414621,0.9744469159961585,0.046050939258537885,0.9766992819163014,0.0007528214230606262,0.0017691395558119152,0.4955204238309274,2
2018-10-16,0.8220398222083095,0.9744469159961585,0.17796017779169063,0.9766992819163014,0.0010306948621086453,0.0019460695623753832,3.325929008985169,2
2018-10-17,0.9162462558121466,0.9744469159961585,0.08375374418785353,0.9766992819163014,0.0008322506661941077,0.001819710369484897,3.292955501956786,2
2018-10-18,0.9465344578576742,0.9744469159961585,0.05346554214232582,0.9766992819163014,0.0007684423172984643,0.0017790847708058172,3.045545475728343,2
2018-10-19,0.9522253144558348,0.9744469159961585,0.04777468554416536,0.9766992819163014,0.0007564529849524795,0.0017714516185985806,3.3565110349747145,2
2018-10-20,0.959448480197875,0.9744469159961585,0.04055151980212511,0.9766992819163014,0.0007412352601314907,0.0017617631784532222,3.4119356013135467,2
2018-10-21,0.9622814863205224,0.9744469159961585,0.03771851367947762,0.9766992819163014,0.0007352666475659362,0.0017579632642285002,3.43884040585257,2
2018-10-22,0.9634445930029167,0.9744469159961585,0.03655540699708336,0.9766992819163014,0.0007328161915666705,0.0017564031879575854,3.397946805314472,2
2018-10-23,0.9633981508634208,0.9744469159961585,0.03660184913657917,0.9766992819163014,0.0007329140368714805,0.0017564654808503138,3.3726871715120734,2
2018-10-24,0.9631309169719531,0.9744469159961585,0.036869083028047124,0.9766992819163014,0.0007334770508679563,0.0017568239219625302,3.4351611687081642,2
2018-10-25,0.963637126504995,0.9744469159961585,0.03636287349500492,0.9766992819163014,0.0007324105577339936,0.0017561449425597252,3.376213634547159,2
2018-10-26,0.9632405337626877,0.9744469159961585,0.03675946623731229,0.9766992819163014,0.0007332461079333351,0.0017566768928406894,3.4303903633107757,2
2018-10-27,0.9636497596238006,0.9744469159961585,0.03635024037619941,0.9766992819163014,0.000732383941995734,0.0017561279977435923,3.4375709870771503,2
2018-10-28,0.9638350447523688,0.9744469159961585,0.03616495524763133,0.9766992819163014,0.0007319935790620228,0.001755879474597085,3.417097619357693,2
2018-10-29,0.9637008549293827,0.9744469159961585,0.03629914507061725,0.9766992819163014,0.0007322762932532013,0.0017560594635540802,1.6416333065739346,2
2018-10-30,0.9244605254885558,0.9744469159961585,0.07553947451144424,0.9766992819163014,0.0008149459379622034,0.0018086925605435172,3.412833882548984,2
2018-10-31,0.9622978124794045,0.9800031242373851,0.037702187520595475,0.9774971737266925,0.0009329076530483622,0.0019246565452685862,3.371368059789261,3
2018-11-01,0.968195820922522,0.9800031242373851,0.031804179077477936,0.9774971737266925,0.000921194524057318,0.0019144751176844675,3.360715621270554,3
2018-11-02,0.9699420974742274,0.9800031242373851,0.03005790252577254,0.9774971737266925,0.0009177264725413331,0.001911460610597117,3.440789513660468,3
2018-11-03,0.9712357301160838,0.9800031242373851,0.02876426988391626,0.9774971737266925,0.0009151573461882556,0.0019092274793307685,3.344906966908788,3
2018-11-04,0.9708731212049999,0.9800031242373851,0.029126878795000085,0.9774971737266925,0.0009158774806225623,0.0019098534323800328,2.794921583354574,3
2018-11-05,0.9643925626783639,0.9800031242373851,0.035607437321635994,0.9774971737266925,0.000928747615046068,0.001921040486108411,3.328731182056925,3
2018-11-06,0.9685302175272686,0.9800031242373851,0.03146978247273127,0.9774971737266925,0.0009205304240932854,0.0019138978660836199,3.354463365898418,3
2018-11-07,0.9699881562028541,0.9800031242373851,0.030011843797146,0.9774971737266925,0.000917635001077052,0.0019113811017909409,3.1666706508488645,3
2018-11-08,0.9685965342934404,0.9800031242373851,0.03140346570655958,0.9774971737266925,0.0009203987212354073,0.0019137833868727299,2.372096769251563,3
2018-11-09,0.9564234322410915,0.9800031242373851,0.043576567758908516,0.9774971737266925,0.0009445736516109551,0.0019347971847021826,2.627487189702589,3
2018-11-10,0.9537629441429258,0.9800031242373851,0.0462370558570741,0.9774971737266925,0.0009498570775349449,0.0019393898480005018,3.4215328045157087,3
2018-11-11,0.9662132244202335,0.9800031242373851,0.033786775579766365,0.9774971737266925,0.000925131877695724,0.0019178975717062366,3.3268768850388106,3
2018-11-12,0.9691000912477885,0.9800031242373851,0.030899908752211484,0.9774971737266925,0.000919398673275741,0.0019129141224905881,3.350194888438901,3
2018-11-13,0.9702401769702061,0.9800031242373851,0.029759823029793832,0.9774971737266925,0.0009171344940153709,0.0019109460513468397,2.943330402688605,3
2018-11-14,0.9664564324896444,0.9800031242373851,0.033543567510355574,0.9774971737266925,0.0009246488779140762,0.0019174777341677762,-2.802034588262873,3
2018-11-15,0.7483280219104121,0.9800031242373851,0.2516719780895878,0.9774971737266925,0.001357700010091098,0.0022940215519276345,2.955959705843572,3
2018-11-16,0.8650003780891466,0.9800031242373851,0.13499962191085332,0.9774971737266925,0.0011261052280073032,0.002092616084818063,2.937462043140231,3
2018-11-17,0.9178219900591428,0.9800031242373851,0.08217800994085715,0.9774971737266925,0.001021227578862108,0.002001432862153047,3.4038596134264916,3
2018-11-18,0.9551258516521098,0.9800031242373851,0.04487414834789001,0.9774971737266925,0.0009471505039365425,0.0019370371311059026,3.115321006573518,3
2018-11-19,0.9620980392927317,0.9800031242373851,0.03790196070726809,0.9774971737266925,0.000933304388271243,0.0019250014034106135,-3.5585314386507165,3
2018-11-20,0.750340254530838,0.9800031242373851,0.249659745469162,0.9774971737266925,0.0013537064132038228,0.00229054793860462,-1.5338226355602778,3
2018-11-21,0.25360627654328977,0.9800031242373851,0.7463937234567103,0.9774971737266925,0.002338821991818804,0.0031480341687833906,1.2199621760788684,3
2018-11-22,0.07457698188311951,0.9800031242373851,0.9254230181168805,0.9774971737266925,0.002693509760653249,0.003457083200604528,1.082525412432025,3
2018-11-23,0.034380291942393816,0.9800031242373851,0.9656197080576062,0.9774971737266925,0.0027731200448274716,0.003526472671931979,2.3030724624395384,3
2018-11-24,0.11435343742847735,0.9800031242373851,0.8856465625715225,0.9774971737266925,0.0026147222791203825,0.003388419158225857,-1.0038752605898413,3
2018-11-25,0.035857306663643465,0.9800031242373851,0.9641426933363565,0.9774971737266925,0.0027701949604112775,0.0035239229776461677,1.8425965858902909,3
2018-11-26,0.03426579205171515,0.9800031242373851,0.9657342079482848,0.9774971737266925,0.0027733468002138608,0.0035266703271840147,0.8347252779193054,3
2018-11-27,0.026955172416169716,0.9800031242373851,0.9730448275838303,0.9774971737266925,0.0027878245769974957,0.0035392902725659508,2.1474843378841304,3
2018-11-28,0.04902291207082028,0.9800031242373851,0.9509770879291797,0.9774971737266925,0.00274412118121962,0.0035011958724975355,-0.3665747964830298,3
2018-11-29,0.027164255687248746,0.9800031242373851,0.9728357443127512,0.9774971737266925,0.0027874105178982804,0.003538929342905698,2.30002158799798,3
2018-11-30,0.0940314148960183,0.9800031242373851,0.9059685851039817,0.9774971737266925,0.0026549764398983303,0.0034235000169212195,0.7725640381424451,3
2018-12-01,0.035368311496083764,0.9800031242373851,0.9646316885039163,0.9774971737266925,0.0027711633693581392,0.003524767104767299,1.6784055660798074,3
2018-12-02,0.03081375197011277,0.9800031242373851,0.9691862480298873,0.9774971737266925,0.0027801831777603423,0.0035326294058200115,2.1805000636816505,3
2018-12-03,0.06884667717881934,0.9800031242373851,0.9311533228211806,0.9774971737266925,0.0027048593231213786,0.0034669751298793735,0.8140183116784282,3
2018-12-04,0.031781147315797315,0.9800031242373851,0.9682188526842027,0.9774971737266925,0.00277826736712731,0.003530959441161213,2.2540280423311745,3
2018-12-05,0.08115424504257482,0.9800031242373851,0.9188457549574252,0.9774971737266925,0.002680482453162992,0.003445729210659357,1.297773857051112,3
2018-12-06,0.0382068623498496,0.9800031242373851,0.9617931376501504,0.9774971737266925,0.0027655418664402293,0.0035198670609236553,1.1393651721416869,3
2018-12-07,0.028503366010101797,0.9800031242373851,0.9714966339898982,0.9774971737266925,0.002784758597910202,0.0035366177058657093,1.5664210321377905,3
2018-12-08,0.02947099122340523,0.9800031242373851,0.9705290087765948,0.9774971737266925,0.00278284234537502,0.003534947344398304,2.27740439384908,3
2018-12-09,0.08707142375569103,0.9800031242373851,0.912928576244309,0.9774971737266925,0.002668762326759103,0.0034355146904275014,1.7614512821194834,3
2018-12-10,0.049320753872623205,0.9800031242373851,0.9506792461273768,0.9774971737266925,0.0027435313094700095,0.003500681723566447,1.6547000448772529,3
2018-12-11,0.03701067812708483,0.9800031242373851,0.9629893218729151,0.9774971737266925,0.0027679108110400513,0.003521931972013356,2.0768480416301807,3
2018-12-12,0.056772711498742565,0.9800031242373851,0.9432272885012575,0.9774971737266925,0.002728772633846519,0.0034878177937057177,2.1414006861343404,3
2018-12-13,0.07659534931938136,0.9800031242373851,0.9234046506806186,0.9774971737266925,0.0026895120928946527,0.0034535989970655473,1.2890889850385205,3
2018-12-14,0.037081279421985816,0.9800031242373851,0.9629187205780142,0.9774971737266925,0.0027677709912114273,0.003521810096641642,2.058488631037223,3
2018-12-15,0.05436392562147827,0.9800031242373851,0.9456360743785217,0.9774971737266925,0.0027335432942492597,0.0034919759564502337,2.324331285653919,3
2018-12-16,0.15554219986039275,0.9800031242373851,0.8444578001396071,0.9774971737266925,0.0025331274235818346,0.0033173171233568883,2.5641094228249095,3
2018-12-17,0.3863848446063318,0.9800031242373851,0.6136151553936682,0.9774971737266925,0.002075641479368246,0.0029188253793259334,-0.18573570715242083,3
2018-12-18,0.0773608754767071,0.9800031242373851,0.9226391245232929,0.9774971737266925,0.002687995851599585,0.003452277508768315,1.5982098978074808,3
2018-12-19,0.03995697937110097,0.9800031242373851,0.9600430206288991,0.9774971737266925,0.0027620758880668394,0.0035168459242319304,2.2903589541859715,3
2018-12-20,0.10842590342043239,0.9800031242373851,0.8915740965795675,0.9774971737266925,0.00262646387982272,0.00339865155426892,-0.008275528739196611,3
2018-12-21,0.033470562498735215,0.9800031242373851,0.9665294375012647,0.9774971737266925,0.002774921669295786,0.003528043090920198,1.046403287368984,3
2018-12-22,0.027392167695125938,0.9800031242373851,0.9726078323048741,0.9774971737266925,0.0027869591709194005,0.003538535910168846,1.9353196542367241,3
2018-12-23,0.03380689291109398,0.9800031242373851,0.966193107088906,0.9774971737266925,0.0027742556024978383,0.003527462501087072,2.274652467181385,3
2018-12-24,0.10225305031171167,0.9800031242373851,0.8977469496882885,0.9774971737266925,0.0026386912001435748,0.0034093074320147698,2.0640169812733955,3
2018-12-25,0.09709010013255744,0.9800031242373851,0.9029098998674426,0.9774971737266925,0.0026489179085972003,0.0034182199664535445,0.5528297559157687,3
2018-12-26,0.034742887734133227,0.9800031242373851,0.9652571122658669,0.9774971737266925,0.00277240196023021,0.0035258467415299616,2.2628317588625935,3
2018-12-27,0.08880326183021797,0.9800031242373851,0.911196738169782,0.9774971737266925,0.0026653320442363315,0.0034325251077381453,0.9247718821354163,3
2018-12-28,0.03555153640425176,0.9800031242373851,0.9644484635957483,0.9774971737266925,0.002770800509823953,0.003524450813064411,0.5891559748136829,3
2018-12-29,0.026140436408699272,0.9800031242373851,0.9738595635913008,0.9774971737266925,0.0027894380410297646,0.0035406967092878098,2.128954659480814,3
2018-12-30,0.053260931070165426,0.9800031242373851,0.9467390689298346,0.9774971737266925,0.0027357277908772776,0.003493879999019548,2.36933188337339,3
2018-12-31,0.1741595921207163,0.9800031242373851,0.8258404078792837,0.9774971737266925,0.002496243088996344,0.003285178879925785,1.550494530806675,3
2019-01-01,0.07808806459900709,0.9800031242373851,0.9219119354009929,0.9774971737266925,0.002686555539413994,0.003451022199716105,1.9049999505210853,3
2019-01-02,0.055693444200173366,0.9800031242373851,0.9443065557998267,0.9774971737266925,0.0027309101538783493,0.003489680877143164,2.095108266163968,3
2019-01-03,0.0658648267617541,0.9800031242373851,0.9341351732382459,0.9774971737266925,0.002710765161592658,0.003472122544363572,1.8161131593738142,3
2019-01-04,0.05048510349387439,0.9800031242373851,0.9495148965061255,0.9774971737266925,0.002741225325369922,0.003498671766906382,2.290894182015475,3
2019-01-05,0.12305376855738838,0.9800031242373851,0.8769462314426116,0.9774971737266925,0.0025974877829604997,0.0033734002256147607,2.3518571075030015,3
2019-01-06,0.2537167249831265,0.9800031242373851,0.7462832750168734,0.9774971737266925,0.0023386031155373885,0.003147843507341851,0.8856387845441026,3
2019-01-07,0.06277492268820282,0.9800031242373851,0.9372250773117972,0.9774971737266925,0.002716884954704865,0.0034774564862984033,2.2146477564256153,3
2019-01-08,0.1207733944090453,0.9800031242373851,0.8792266055909547,0.9774971737266925,0.0026020050224173107,0.003377336717818861,2.4708171874885685,3
2019-01-09,0.3099831006389364,0.9800031242373851,0.6900168993610638,0.9774971737266925,0.002227090276361153,0.00305071376690736,2.801034121869848,3
2019-01-10,0.5973223971823225,0.9800031242373851,0.4026776028176775,0.9774971737266925,0.0016573259243407713,0.002554694768622961,-1.0081926207700778,3
2019-01-11,0.15224334548301846,0.9800031242373851,0.8477566545169816,0.9774971737266925,0.0025396628199404283,0.003323011765417461,2.539889769919132,3
2019-01-12,0.3744906190507302,0.9800031242373851,0.6255093809492698,0.9774971737266925,0.002099221318561748,0.0029393577670516315,2.831384296066594,3
2019-01-13,0.6474407717425756,0.9800031242373851,0.3525592282574243,0.9774971737266925,0.0015578959292312754,0.0024681780051865844,1.3532422843703065,3
2019-01-14,0.43248360230862537,0.9800031242373851,0.5675163976913745,0.9774971737266925,0.0019842445200025107,0.00283924747302242,1.2717934711915995,3
2019-01-15,0.16419505142158278,0.9800031242373851,0.8358049485784171,0.9774971737266925,0.002515984856879638,0.0033023801522731686,1.917284203039175,3
2019-01-16,0.12813723113888487,0.9800031242373851,0.8718627688611151,0.9774971737266925,0.002587417737155411,0.0033646249065135345,2.4685447758196037,3
2019-01-17,0.30896560277830254,0.9800031242373851,0.6910343972216973,0.9774971737266925,0.0022291069959320836,0.0030524702209519658,2.6406918366033163,3
2019-01-18,0.5354230040586204,0.9800031242373851,0.4645769959413794,0.9774971737266925,0.0017801076555077218,0.0026615484963969996,2.669292495326002,3
2019-01-19,0.7020985906543881,0.9800031242373851,0.29790140934561177,0.9774971737266925,0.0014494430511246936,0.002373825033243,2.0987454231079163,3
2019-01-20,0.6843834221026701,0.9800031242373851,0.31561657789732994,0.9774971737266925,0.0014845957090187454,0.0024044058144489424,0.8320339410247448,3
2019-01-21,0.3513565301694219,0.9800031242373851,0.648643469830578,0.9774971737266925,0.0021450813345147875,0.002979292950756642,2.8323862595676323,3
2019-01-22,0.6338722939944766,0.9800031242373851,0.3661277060055235,0.9774971737266925,0.001584815951165467,0.0024916005680654498,2.7738999010293117,3
2019-01-23,0.7766342909046782,0.9800031242373851,0.22336570909532183,0.9774971737266925,0.0013015194822657684,0.002245157900625473,2.9256644996765084,3
2019-01-24,0.8753860316178181,0.9800031242373851,0.12461396838218182,0.9774971737266925,0.0011054857596872897,0.0020746878671263256,3.3415984386549633,3
2019-01-25,0.939755345700647,0.9800031242373851,0.06024465429935292,0.9774971737266925,0.0009776738746660137,0.001963570442271081,3.3537703408455943,3
2019-01-26,0.9609881024756709,0.9800031242373851,0.03901189752432911,0.9774971737266925,0.0009355086388637985,0.0019269174300550044,3.3882828802122247,3
2019-01-27,0.9680821694418213,0.9800031242373851,0.031917830558178574,0.9774971737266925,0.0009214202317721456,0.001914671308370144,3.1676297340008457,3
2019-01-28,0.9681177715990505,0.9800031242373851,0.03188222840094943,0.9774971737266925,0.0009213495271886198,0.0019146098502035168,1.061710330991187,3
2019-01-29,0.9122285445945152,0.9800031242373851,0.08777145540548462,0.9774971737266925,0.0010323341878888813,0.002011088538385636,2.641616263804728,3
2019-01-30,0.9352605629815158,0.9814119917625009,0.06473943701848396,0.9763878487694032,0.0015302009800920752,0.0017962132656305307,2.8796958220248734,4
2019-01-31,0.9506099680406528,0.9814119917625009,0.04939003195934713,0.9763878487694032,0.00151037559342696,0.0017719778592872137,2.9586059541876724,4
2019-02-01,0.9600365062467643,0.9814119917625009,0.039963493753235615,0.9763878487694032,0.0014981996360446264,0.0017570941564364682,3.0732825959309364,4
2019-02-02,0.9655671284028935,0.9814119917625009,0.03443287159710638,0.9763878487694032,0.0014910557023774332,0.001748361773991107,3.4008481240872173,4
2019-02-03,0.9714239836625506,0.9814119917625009,0.028576016337449325,0.9763878487694032,0.0014834902054298089,0.001739114297195432,2.397181607068575,4
2019-02-04,0.9609473570067222,0.9814119917625009,0.03905264299327778,0.9763878487694032,0.001497023095827517,0.0017556560004818467,3.429706057247977,4
2019-02-05,0.9704481751302062,0.9814119917625009,0.02955182486979362,0.9763878487694032,0.001484750702008537,0.001740655015953164,3.4209817696803215,4
2019-02-06,0.9730069961980352,0.9814119917625009,0.026993003801964725,0.9763878487694032,0.0014814453455287292,0.0017366148549111074,2.09688829415908,4
2019-02-07,0.9562938764840317,0.9814119917625009,0.04370612351596809,0.9763878487694032,0.0015030339240308022,0.0017630034508190815,3.348551113681417,4
2019-02-08,0.9681929387836982,0.9814119917625009,0.031807061216301655,0.9763878487694032,0.0014876638759340655,0.0017442158425159699,-1.0825537352791903,4
2019-02-09,0.7619020709118073,0.9814119917625009,0.23809792908819258,0.9763878487694032,0.0017540303270200334,0.002069931594268502,3.2949981185999406,4
2019-02-10,0.904586167545883,0.9814119917625009,0.09541383245411694,0.9763878487694032,0.0015698166998071653,0.0018446455296078014,3.3221883710751103,4
2019-02-11,0.9515036275935561,0.9814119917625009,0.04849637240644366,0.9763878487694032,0.001509221301024723,0.001770566846787787,2.3934310651381216,4
2019-02-12,0.9465449938356922,0.9814119917625009,0.05345500616430756,0.9763878487694032,0.0015156260536478626,0.0017783961081543692,3.411468304984009,4
2019-02-13,0.9661396020588403,0.9814119917625009,0.033860397941159553,0.9763878487694032,0.0014903162264412496,0.0017474578867316814,3.317695375759386,4
2019-02-14,0.9708817746285483,0.9814119917625009,0.029118225371451756,0.9763878487694032,0.001484190602261344,0.0017399703991884047,3.281952461734262,4
2019-02-15,0.9720558929327744,0.9814119917625009,0.027944107067225415,0.9763878487694032,0.0014826739367477847,0.0017381165661513305,3.462100400584615,4
2019-02-16,0.9737958669045237,0.9814119917625009,0.02620413309547618,0.9763878487694032,0.0014804263154055723,0.0017353692950962199,3.3811845596618006,4
2019-02-17,0.973666256909079,0.9814119917625009,0.026333743090920746,0.9763878487694032,0.0014805937403797491,0.0017355739382660137,3.0520063560140116,4
2019-02-18,0.9707648280689287,0.9814119917625009,0.029235171931071224,0.9763878487694032,0.0014843416674234524,0.0017401550478690479,-0.7739412119609155,4
2019-02-19,0.7935257733553095,0.9814119917625009,0.20647422664469053,0.9763878487694032,0.0017132110081514258,0.0020200004551888012,3.1423117412533443,4
2019-02-20,0.9042545218548175,0.9814119917625009,0.0957454781451824,0.9763878487694032,0.0015702449917493024,0.0018451691699739273,3.1099618888139036,4
2019-02-21,0.9446694612903888,0.9814119917625009,0.05533053870961124,0.9763878487694032,0.0015180485280887703,0.0017813574146786568,2.782119054711655,4
2019-02-22,0.9532929064504921,0.9814119917625009,0.04670709354950766,0.9763878487694032,0.0015069101729466156,0.001767741727508422,2.7086324212603654,4
2019-02-23,0.9553878601912553,0.9814119917625009,0.04461213980874455,0.9763878487694032,0.0015042041985864878,0.0017644339735608107,0.5789491764365253,4
2019-02-24,0.8392570729617823,0.9814119917625009,0.16074292703821752,0.9763878487694032,0.0016541730320081467,0.0019477946189169165,-1.2735057566024184,4
2019-02-25,0.37254763110103006,0.9814119917625009,0.6274523688989699,0.9763878487694032,0.002256193566949172,0.0026846891711279366,2.232498314108192,4
2019-02-26,0.4354879430772527,0.9814119917625009,0.5645120569227473,0.9763878487694032,0.0021750685915228806,0.0025853117665808507,2.6820634842434083,4
2019-02-27,0.656233827739963,0.9814119917625009,0.3437661722600371,0.9763878487694032,0.0018903888701050464,0.0022367727715641474,3.197342362995228,4
2019-02-28,0.8593237368727903,0.9814119917625009,0.1406762631272096,0.9763878487694032,0.0016282641738752288,0.001916111061673858,3.3135620983559644,4
2019-03-01,0.9372104499805173,0.9814119917625009,0.06278955001948262,0.9763878487694032,0.0015276825590997251,0.0017931345597417825,3.3886223967310087,4
2019-03-02,0.9629700864123322,0.9814119917625009,0.03702991358766772,0.9763878487694032,0.0014944103341405603,0.0017524622826225113,3.436578350264291,4
2019-03-03,0.9710817455050887,0.9814119917625009,0.028918254494911214,0.9763878487694032,0.0014839322906747842,0.0017396546621659518,3.0486811293995824,4
2019-03-04,0.9698978520975411,0.9814119917625009,0.030102147902458756,0.9763878487694032,0.0014854615773839477,0.001741523929260575,1.6245298072546035,4
2019-03-05,0.9397703405417042,0.9814119917625009,0.060229659458295726,0.9763878487694032,0.0015243762453241664,0.0017890927100605886,0.7730971796700516,4
2019-03-06,0.814778091604522,0.9814119917625009,0.18522190839547792,0.9763878487694032,0.0016857760881250578,0.0019864448504912377,3.332012262687757,4
2019-03-07,0.923806089635188,0.9814119917625009,0.07619391036481205,0.9763878487694032,0.0015449948834243123,0.001814298905753222,3.4273009155332663,4
2019-03-08,0.9599050138273529,0.9814119917625009,0.040094986172646875,0.9763878487694032,0.0014983694836368526,0.0017573017717937554,3.2514717137633333,4
2019-03-09,0.9681542462290945,0.9814119917625009,0.03184575377090541,0.9763878487694032,0.0014877138563462473,0.0017442769347719676,2.325920097814073,4
2019-03-10,0.9562852506459573,0.9814119917625009,0.04371474935404256,0.9763878487694032,0.001503045065791038,0.0017630170702844603,3.388371176903383,4
2019-03-11,0.9686646728388274,0.9814119917625009,0.0313353271611725,0.9763878487694032,0.0014870545213442005,0.0017434710145263514,2.4670454482637694,4
2019-03-12,0.960314734124435,0.9814119917625009,0.03968526587556479,0.9763878487694032,0.0014978402512778642,0.0017566548582587595,3.4572913181030054,4
2019-03-13,0.9705294659166752,0.9814119917625009,0.029470534083324625,0.9763878487694032,0.0014846456951573606,0.00174052666470864,3.3925661663570956,4
2019-03-14,0.9728586814500181,0.9814119917625009,0.027141318549981804,0.9763878487694032,0.0014816369319589713,0.001736849031295863,3.4578213015038206,4
2019-03-15,0.9739880200086108,0.9814119917625009,0.026011979991389038,0.9763878487694032,0.0014801780996074245,0.001735065901672192,2.8914732167082406,4
2019-03-16,0.969188063502221,0.9814119917625009,0.030811936497778802,0.9763878487694032,0.0014863784388946062,0.0017426446251415657,1.9547418910989847,4
2019-03-17,0.9476677719448316,0.9814119917625009,0.05233222805516827,0.9763878487694032,0.0015141758431360273,0.0017766233369229413,3.1500250131703873,4
2019-03-18,0.9624026169008121,0.9814119917625009,0.03759738309918785,0.9763878487694032,0.0014951433371603261,0.0017533582687630914,3.4515887040841116,4
2019-03-19,0.9710616836538958,0.9814119917625009,0.028938316346104102,0.9763878487694032,0.0014839582055004821,0.001739686338124322,3.319912638755986,4
2019-03-20,0.9723380891855073,0.9814119917625009,0.027661910814492485,0.9763878487694032,0.001482309409147838,0.0017376710022465934,3.2015468314275775,4
2019-03-21,0.9717019312531292,0.9814119917625009,0.028298068746870644,0.9763878487694032,0.0014831311669267536,0.0017386754415672256,2.4597328134642757,4
2019-03-22,0.9622376712632966,0.9814119917625009,0.03776232873670334,0.9763878487694032,0.0014953563979099086,0.0017536187039092319,3.4586998505470614,4
2019-03-23,0.9710712796421006,0.9814119917625009,0.028928720357899222,0.9763878487694032,0.0014839458099167287,0.0017396711868743213,3.435779331398072,4
2019-03-24,0.9733406320770315,0.9814119917625009,0.02665936792296837,0.9763878487694032,0.0014810143690589866,0.0017360880722073454,3.3494508470091593,4
2019-03-25,0.9733632796168205,0.9814119917625009,0.026636720383179366,0.9763878487694032,0.0014809851139216577,0.001736052313666389,2.2413720631810143,4
2019-03-26,0.9595425325958714,0.9814119917625009,0.040457467404128485,0.9763878487694032,0.0014988376969830982,0.0017578740988580903,3.4536856476883333,4
2019-03-27,0.9702732992700339,0.9814119917625009,0.029726700729966006,0.9763878487694032,0.0014849765966657626,0.001740931130077105,1.4887967911973643,4
2019-03-28,0.9331415768396658,0.9814119917625009,0.06685842316033416,0.9763878487694032,0.0015329377834420914,0.0017995589646974165,3.2540502621262704,4
2019-03-29,0.9593246308650728,0.9814119917625009,0.04067536913492714,0.9763878487694032,0.0014991191581330472,0.0017582181471758247,2.2260532285381394,4
2019-03-30,0.9463180393427885,0.9814119917625009,0.05368196065721147,0.9763878487694032,0.0015159191934331951,0.001778754450014251,3.4398111705184955,4
2019-03-31,0.9664582164212906,0.9814119917625009,0.033541783578709336,0.9763878487694032,0.0014899046650415295,0.001746954821726162,3.454776180649758,4
2019-04-01,0.9722073152982617,0.9814119917625009,0.02779268470173821,0.9763878487694032,0.0014824783366396905,0.0017378774831026452,3.0376805352882874,4
2019-04-02,0.9700218867547601,0.9814119917625009,0.02997811324523975,0.9763878487694032,0.0014853013567394532,0.0017413280890761005,-3.84302178998197,4
2019-04-03,0.8341364372295993,0.9814119917625009,0.16586356277040054,0.9763878487694032,0.0016607841644448568,0.001955879667635577,2.8938994559461317,4
2019-04-04,0.9032285253193341,0.9814119917625009,0.09677147468066588,0.9763878487694032,0.0015715699747326176,0.0018467891313241217,2.773846098025711,4
2019-04-05,0.9317633330403736,0.9814119917625009,0.06823666695962619,0.9763878487694032,0.0015347178596352986,0.0018017350945465738,1.7629308312423624,4
2019-04-06,0.893480129023924,0.9814119917625009,0.10651987097607594,0.9763878487694032,0.0015841588969246082,0.0018621810207494595,3.4050473933027128,4
2019-04-07,0.9506278255582865,0.9814119917625009,0.04937217444171338,0.9763878487694032,0.001510352527862431,0.0017719496637842301,1.4381262561873462,4
2019-04-08,0.8981003690044956,0.9814119917625009,0.10189963099550431,0.9763878487694032,0.0015781924523880096,0.0018548860544037676,2.3445564842029714,4
2019-04-09,0.9022302504462197,0.9814119917625009,0.09776974955378019,0.9763878487694032,0.001572859152624639,0.0018483653225249558,2.14771350978421,4
2019-04-10,0.8942734357086228,0.9814119917625009,0.10572656429137706,0.9763878487694032,0.0015831344511411834,0.0018609284569019047,1.9795900500653332,4
2019-04-11,0.8682434059861236,0.9814119917625009,0.1317565940138763,0.9763878487694032,0.001616746994102336,0.0019020276620517408,0.09889971080045212,4
2019-04-12,0.5349408881988584,0.9814119917625009,0.46505911180114157,0.9763878487694032,0.002046841520126293,0.0024282840167901823,2.975578792317025,4
2019-04-13,0.7754874276882016,0.9814119917625009,0.2245125723117983,0.9763878487694032,0.0017364951983741522,0.00204848147027175,3.249600392850706,4
2019-04-14,0.9061828602882182,0.9814119917625009,0.09381713971178172,0.9763878487694032,0.0015677547005119193,0.0018421244874392722,2.5286558229772256,4
2019-04-15,0.9196770806240464,0.9814119917625009,0.08032291937595347,0.9763878487694032,0.0015503275007280493,0.0018208182601382743,1.6623072653909823,4
2019-04-16,0.8741032854198661,0.9814119917625009,0.1258967145801337,0.9763878487694032,0.0016091804341940926,0.00189277541034215,1.253660336842529,4
2019-04-17,0.7405522232372221,0.9814119917625009,0.2594477767627779,0.9763878487694032,0.0017815855153696907,0.0021036411896416148,3.252225975009143,4
2019-04-18,0.8940300480781247,0.9814119917625009,0.10596995192187528,0.9763878487694032,0.001583448752912884,0.0018613127452897175,3.052108217101651,4
2019-04-19,0.9384474129684306,0.9814119917625009,0.061552587031569336,0.9763878487694032,0.0015260849215344133,0.001791181500289105,3.439837938253055,4
2019-04-20,0.9642321029714328,0.9814119917625009,0.035767897028567114,0.9763878487694032,0.001492780175697998,0.0017504696657097412,3.4125236778894066,4
2019-04-21,0.9711536327677107,0.9814119917625009,0.0288463672322891,0.9763878487694032,0.0014838394305397217,0.0017395411582865608,3.3134164906233714,4
2019-04-22,0.9724081555417894,0.9814119917625009,0.02759184445821054,0.9763878487694032,0.0014822189007239702,0.0017375603734235906,2.506822958524761,4
2019-04-23,0.9629277187779923,0.9814119917625009,0.03707228122200761,0.9763878487694032,0.0014944650606672793,0.0017525291775171393,1.3314313206251795,4
2019-04-24,0.9131230564169169,0.9814119917625009,0.08687694358308301,0.9763878487694032,0.0015587918518793187,0.0018311665074632853,1.8126263868586097,4
2019-04-25,0.8787701237487664,0.9814119917625009,0.12122987625123338,0.9763878487694032,0.0016031542642255354,0.001885406869163927,-0.23367523134527124,4
2019-04-26,0.5162230208064844,0.9814119917625009,0.48377697919351553,0.9763878487694032,0.0020709786835837276,0.0024578379389380957,3.022735229880132,4
2019-04-27,0.7765009118177313,0.9814119917625009,0.2234990881822686,0.9763878487694032,0.001735187019576658,0.0020468812649473726,3.2038013948726998,4
2019-04-28,0.9026064321405876,0.9814119917625009,0.0973935678594124,0.9763878487694032,0.0015723733500121284,0.0018477713635938573,3.0665126389266795,4
2019-04-29,0.9431241094378645,0.9814119917625009,0.05687589056213528,0.9763878487694032,0.0015200445215236113,0.0017837973939446297,3.428004163981424,4
2019-04-30,0.9653983548514331,0.9814119917625009,0.034601645148566784,0.9763878487694032,0.0014912737103156685,0.001748628253088107,1.9228670655057998,4
2019-05-01,0.9358026752980446,0.9816125125063304,0.06419732470195527,0.9791366238228213,0.0019530349638844148,0.0018325907387917691,3.169920411572037,5
2019-05-02,0.9574987784140012,0.9816125125063304,0.04250122158599881,0.9791366238228213,0.001935418381813169,0.0017930514869055616,2.652863346481429,5
2019-05-03,0.9557032810295625,0.9816125125063304,0.04429671897043745,0.9791366238228213,0.0019368763902656648,0.0017963236239785152,-6.973548191191448e-05,5
2019-05-04,0.7732107239927491,0.9816125125063304,0.2267892760072507,0.9791366238228213,0.0020849552145306366,0.00212890036098388,2.0704155185791624,5
2019-05-05,0.7480256541712441,0.9816125125063304,0.2519743458287558,0.9791366238228213,0.002105373611312028,0.002174797949786906,2.8415361940142856,5
2019-05-06,0.8550195945436948,0.9816125125063304,0.14498040545630517,0.9791366238228213,0.002018600896896952,0.001979810843758039,3.0569368812196154,5
2019-05-07,0.9221279218871308,0.9816125125063304,0.0778720781128692,0.9791366238228213,0.001964136845244131,0.0018575117818337458,1.7808728904649522,5
2019-05-08,0.8784750176243499,0.9816125125063304,0.12152498237565007,0.9791366238228213,0.001999568248950129,0.0019370653849847751,2.2785563131210185,5
2019-05-09,0.8773060282222809,0.9816125125063304,0.12269397177771897,0.9791366238228213,0.002000516899211562,0.0019391957660109748,0.8845022157321224,5
2019-05-10,0.6647065540770581,0.9816125125063304,0.33529344592294186,0.9791366238228213,0.002172893228016409,0.002326639728374939,1.3559394560784868,5
2019-05-11,0.40687497769728925,0.9816125125063304,0.5931250223027107,0.9791366238228213,0.0023815410555279417,0.0027965152441858957,-1.8262302161816413,5
2019-05-12,0.09336236851857302,0.9816125125063304,0.906637631481427,0.9791366238228213,0.0026346533426626676,0.0033678645762557097,1.1450231451861688,5
2019-05-13,0.03486970395262037,0.9816125125063304,0.9651302960473795,0.9791366238228213,0.002681804732613062,0.0034744623456988196,-0.6150202977306131,5
2019-05-14,0.024282073413495555,0.9816125125063304,0.9757179265865044,0.9791366238228213,0.002690337074489579,0.003493757377093498,2.1442215895776977,5
2019-05-15,0.043111324922264924,0.9816125125063304,0.956888675077735,0.9791366238228213,0.0026751624735856026,0.0034594427117245613,1.9271979931576104,5
2019-05-16,0.036271826808166194,0.9816125125063304,0.9637281731918338,0.9791366238228213,0.002680674736373611,0.0034719070993274076,1.4780579345939133,5
2019-05-17,0.02764266004455531,0.9816125125063304,0.9723573399554446,0.9791366238228213,0.00268762893125432,0.003487633001643182,0.6709311823162045,5
2019-05-18,0.02389885239414434,0.9816125125063304,0.9761011476058555,0.9791366238228213,0.002690645890036431,0.0034944557639112243,2.2394348980601437,5
2019-05-19,0.07644158342147835,0.9816125125063304,0.9235584165785216,0.9791366238228213,0.002648295654805369,0.003398701228372023,-0.8278421679497443,5
2019-05-20,0.028919674235818055,0.9816125125063304,0.971080325764182,0.9791366238228213,0.0026865998241898427,0.0034853057548790635,1.84683355317507,5
2019-05-21,0.03136929185079561,0.9816125125063304,0.9686307081492043,0.9791366238228213,0.0026846257212180123,0.003480841540850127,2.322269762894117,5
2019-05-22,0.12559625892741755,0.9816125125063304,0.8744037410725822,0.9791366238228213,0.0026086596412293645,0.003309121127935241,1.4998670302618502,5
2019-05-23,0.049717932291944,0.9816125125063304,0.9502820677080559,0.9791366238228213,0.0026698376130155853,0.0034474027471508815,1.9747077497350851,5
2019-05-24,0.04208037118845992,0.9816125125063304,0.95791962881154,0.9791366238228213,0.0026759933860056226,0.0034613215348084157,2.269895600305817,5
2019-05-25,0.10571686323669814,0.9816125125063304,0.8942831367633017,0.9791366238228213,0.002624691381808978,0.0033453495893027057,2.390304952466004,5
2019-05-26,0.24944064619139666,0.9816125125063304,0.7505593538086033,0.9791366238228213,0.0025087262080340593,0.0030834255550227837,0.3659794256309945,5
2019-05-27,0.05022082667489402,0.9816125125063304,0.949779173325106,0.9791366238228213,0.002669432273214097,0.0034464862660863634,2.303108088891852,5
2019-05-28,0.13476958521669066,0.9816125125063304,0.8652304147833092,0.9791366238228213,0.0026012609262251033,0.0032924035424385543,2.2486032345405427,5
2019-05-29,0.21778670224087635,0.9816125125063304,0.7822132977591235,0.9791366238228213,0.0025342783355513927,0.003141112101605016,2.460880377461565,5
2019-05-30,0.4031123029568416,0.9816125125063304,0.5968876970431585,0.9791366238228213,0.002384582696366753,0.002803372390076718,1.067152773027714,5
2019-05-31,0.1249996141674937,0.9816125125063304,0.8750003858325063,0.9791366238228213,0.002609140843663882,0.003310208460868863,1.8333320211950097,5
2019-06-01,0.063500460772785,0.9816125125063304,0.9364995392272149,0.9791366238228213,0.0026587280972988634,0.0034222852934625266,2.397700990041705,5
2019-06-02,0.21510018910235526,0.9816125125063304,0.7848998108976447,0.9791366238228213,0.0025364466728567854,0.00314600803702309,2.0743911763897094,5
2019-06-03,0.1920904200200151,0.9816125125063304,0.8079095799799848,0.9791366238228213,0.0025550163438769467,0.003187941330330542,0.6060074047291282,5
2019-06-04,0.0463806252311966,0.9816125125063304,0.9536193747688034,0.9791366238228213,0.0026725274859235306,0.0034534846976187273,0.7936729468881671,5
2019-06-05,0.026275331879084946,0.9816125125063304,0.9737246681209151,0.9791366238228213,0.0026887308076072374,0.0034901248377326726,2.1531378875912726,5
2019-06-06,0.046415326043887706,0.9816125125063304,0.9535846739561122,0.9791366238228213,0.0026724995174135903,0.003453421458420134,2.3310581802065133,5
2019-06-07,0.1554273903773499,0.9816125125063304,0.84457260962265,0.9791366238228213,0.0025845973973232465,0.003254756497838052,1.8695817960158312,5
2019-06-08,0.08391710452118711,0.9816125125063304,0.9160828954788128,0.9791366238228213,0.0026422687817196275,0.0033850777444605433,2.231487516311163,5
2019-06-09,0.1538358971054507,0.9816125125063304,0.8461641028945494,0.9791366238228213,0.0025858812692435952,0.003257656855244012,1.5054413923564343,5
2019-06-10,0.05870194908550083,0.9816125125063304,0.9412980509144991,0.9791366238228213,0.002662596118642667,0.0034310301616662046,1.5922616136415322,5
2019-06-11,0.0315390227764457,0.9816125125063304,0.9684609772235543,0.9791366238228213,0.0026844889366277698,0.0034805322210710735,2.2185657729322004,5
2019-06-12,0.08105548301507069,0.9816125125063304,0.9189445169849294,0.9791366238228213,0.0026445759061610534,0.003390292799575677,1.9879870583294246,5
2019-06-13,0.060213630023659634,0.9816125125063304,0.9397863699763402,0.9791366238228213,0.002661377587704145,0.003428275255263613,2.303968510031393,5
2019-06-14,0.14757238479120297,0.9816125125063304,0.8524276152087968,0.9791366238228213,0.0025909339374964404,0.0032690715590625633,1.2604203630947648,5
2019-06-15,0.042918624996602026,0.9816125125063304,0.957081375003398,0.9791366238228213,0.0026753177834791526,0.0034597938904988566,2.181445599192395,5
2019-06-16,0.07031797928333405,0.9816125125063304,0.9296820207166658,0.9791366238228213,0.0026532323163357403,0.003409860961766332,2.1596724057566417,5
2019-06-17,0.09124143866212275,0.9816125125063304,0.9087585613378771,0.9791366238228213,0.0026363634377300576,0.003371729785569058,1.8323927746869664,5
2019-06-18,0.049289466358097535,0.9816125125063304,0.9507105336419024,0.9791366238228213,0.0026701829611362874,0.0034481835888712804,1.7767997549927872,5
2019-06-19,0.03662767513810987,0.9816125125063304,0.96337232486189,0.9791366238228213,0.0026803879496728827,0.003471258596844001,2.0462321604491507,5
2019-06-20,0.04098988841409118,0.9816125125063304,0.9590101115859088,0.9791366238228213,0.00267687226905372,0.0034633088443663993,2.0115841887954615,5
2019-06-21,0.04051955928036408,0.9816125125063304,0.9594804407196359,0.9791366238228213,0.002677251332028123,0.0034641659781101167,1.368946365198966,5
2019-06-22,0.0263765938792895,0.9816125125063304,0.9736234061207104,0.9791366238228213,0.0026886492049429346,0.0034899402965866792,1.2863876494798767,5
2019-06-23,0.02413866025684558,0.9816125125063304,0.9758613397431544,0.9791366238228213,0.002690452642931633,0.0034940187350384834,2.2606476383682956,5
2019-06-24,0.07566859690921915,0.9816125125063304,0.9243314030907807,0.9791366238228213,0.0026489188265205943,0.0034001099287386052,2.1536045374865616,5
2019-06-25,0.09435040574729425,0.9816125125063304,0.9056495942527057,0.9791366238228213,0.00263385668301657,0.0033660639647518573,1.054216298001096,5
2019-06-26,0.03205775150930508,0.9816125125063304,0.967942248490695,0.9791366238228213,0.002684070896731898,0.003479586883287624,0.17076203695288808,5
2019-06-27,0.02377017387962367,0.9816125125063304,0.9762298261203762,0.9791366238228213,0.002690749584353775,0.003494690269258603,-1.760768208112688,5
2019-06-28,0.024184514232649106,0.9816125125063304,0.9758154857673509,0.9791366238228213,0.002690415691855883,0.0034939351701748036,-0.28412063120084713,5
2019-06-29,0.023102265456623007,0.9816125125063304,0.976897734543377,0.9791366238228213,0.002691287810030768,0.0034959074739903846,1.744554277106649,5
2019-06-30,0.027341127739039444,0.9816125125063304,0.9726588722609605,0.9791366238228213,0.0026878719254271,0.003488182517918796,-0.19946852292641926,5
2019-07-01,0.023671762793159835,0.9816125125063304,0.97632823720684,0.9791366238228213,0.0026908288878872127,0.0034948696148634473,1.9337101179426188,5
2019-07-02,0.031925987917088505,0.9816125125063304,0.9680740120829114,0.9791366238228213,0.002684177084268316,0.0034798270109194953,2.164786320552091,5
2019-07-03,0.05433872215050729,0.9816125125063304,0.9456612778494926,0.9791366238228213,0.0026661131295294574,0.0034389817614487715,-0.24667134517071487,5
2019-07-04,0.026001220655611293,0.9816125125063304,0.9739987793443887,0.9791366238228213,0.002688951701639562,0.0034906243814826184,0.7846871710294102,5
2019-07-05,0.023812886019449128,0.9816125125063304,0.9761871139805509,0.9791366238228213,0.0026907151652075115,0.003494612430116426,2.1039526668632513,5
2019-07-06,0.04442460586376587,0.9816125125063304,0.955575394136234,0.9791366238228213,0.002674104005149321,0.0034570493719775185,2.1586487310950226,5
2019-07-07,0.06541432920575015,0.9816125125063304,0.9345856707942499,0.9791366238228213,0.0026571853087919797,0.0034187974354981904,2.107150288919237,5
2019-07-08,0.07142813543348792,0.9816125125063304,0.9285718645665121,0.9791366238228213,0.0026523373610378258,0.0034078377992002554,0.7883843648931601,5
2019-07-09,0.02821517038589544,0.9816125125063304,0.9717848296141045,0.9791366238228213,0.002687167563847316,0.0034865896515783004,2.130260859947784,5
2019-07-10,0.044581876673216,0.9816125125063304,0.955418123326784,0.9791366238228213,0.002673977248420253,0.003456762759671338,1.6231355238649456,5
2019-07-11,0.031297186786598354,0.9816125125063304,0.9687028132134016,0.9791366238228213,0.002684683829967453,0.0034809729460282984,0.7022012342575847,5
2019-07-12,0.024344952940695084,0.9816125125063304,0.9756550470593048,0.9791366238228213,0.0026902864034399794,0.0034936427846502774,1.6492763953667873,5
2019-07-13,0.02534757452607069,0.9816125125063304,0.9746524254739293,0.9791366238228213,0.0026894784439427926,0.003491815594430963,1.5857086469101485,5
2019-07-14,0.026237338389805957,0.9816125125063304,0.973762661610194,0.9791366238228213,0.002688761424898677,0.0034901940775465966,-0.2534894132727812,5
2019-07-15,0.023566380002903235,0.9816125125063304,0.9764336199970967,0.9791366238228213,0.002690913809423107,0.00349506166578919,1.2079821497635588,5
2019-07-16,0.023621097109620803,0.9816125125063304,0.9763789028903792,0.9791366238228213,0.0026908697162674744,0.0034949619486439767,-1.653472999986558,5
2019-07-17,0.024063183152573202,0.9816125125063304,0.9759368168474267,0.9791366238228213,0.002690513465548512,0.003494156285465006,2.124482871161365,5
2019-07-18,0.04030290021696148,0.9816125125063304,0.9596970997830384,0.9791366238228213,0.0026774259484629056,0.0034645608203191305,-0.04547866972496596,5
2019-07-19,0.024567541718424686,0.9816125125063304,0.9754324582815753,0.9791366238228213,0.002690107031539954,0.0034932371360551057,2.138423174979856,5
2019-07-20,0.05052389159240486,0.9816125125063304,0.9494761084075951,0.9791366238228213,0.0026691879979037574,0.0034459339567593245,1.9469564110158135,5
2019-07-21,0.040500278340351234,0.9816125125063304,0.9594997216596487,0.9791366238228213,0.0026772668715199397,0.003464201115938311,1.9260515506863443,5
2019-07-22,0.040037298900709936,0.9816125125063304,0.9599627010992899,0.9791366238228213,0.002677640009495112,0.003465044855506853,1.9160553263427993,5
2019-07-23,0.039191077100144925,0.9816125125063304,0.9608089228998551,0.9791366238228213,0.0026783220177197978,0.0034665870207862735,1.4520293820978452,5
2019-07-24,0.02799979260012455,0.9816125125063304,0.9720002073998755,0.9791366238228213,0.002687341130034031,0.0034869821587708034,2.2343782254856386,5
2019-07-25,0.08137019364540482,0.9816125125063304,0.9186298063545952,0.9791366238228213,0.0026443221797448073,0.003389719266954747,2.3282986152473084,5
2019-07-26,0.1863575564885086,0.9816125125063304,0.8136424435114914,0.9791366238228213,0.002559642413662277,0.0031983889731164385,2.4738766499203013,5
2019-07-27,0.38230208494551005,0.9816125125063304,0.6176979150544899,0.9791366238228213,0.0024014033952067114,0.0028412971937780696,1.2444422051317785,5
2019-07-28,0.13361819814160544,0.9816125125063304,0.8663818018583944,0.9791366238228213,0.002602189604215779,0.00329450184476211,2.443515385126698,5
2019-07-29,0.3076196526952297,0.9816125125063304,0.6923803473047703,0.9791366238228213,0.00246174480062821,0.002977399399987017,2.77527294484143,5
2019-07-30,0.5966982066047807,0.9816125125063304,0.4033017933952192,0.9791366238228213,0.0022279712316615975,0.0024505789983304497,2.940330097528253,5
2019-07-31,0.2073692183877886,0.9808299271090626,0.7926307816122112,0.9799800878366141,0.0037753902330173224,0.002407172764071315,0.5467687694405015,6
2019-08-01,0.5954116826856288,0.9808299271090626,0.404588317314371,0.9799800878366141,0.0032958212419107523,0.0030570908847248196,1.6207087364378054,6
2019-08-02,0.795573514702079,0.9808299271090626,0.20442648529792098,0.9799800878366141,0.0030481175104744526,0.0033923346110167054,2.3910326543742713,6
2019-08-03,0.6436620965597916,0.9808299271090626,0.3563379034402083,0.9799800878366141,0.0032361310809284325,0.0031379037369022047,1.8796123970141534,6
2019-08-04,0.7479496119381077,0.9808299271090626,0.2520503880618922,0.9799800878366141,0.0031070732924017323,0.0033125710793667548,2.2673294865858287,6
2019-08-05,0.6657989942430084,0.9808299271090626,0.3342010057569915,0.9799800878366141,0.0032087413493692572,0.003174980016595997,0.6084385085963224,6
2019-08-06,0.9326593994361553,0.9808299271090626,0.06734060056384467,0.9799800878366141,0.002878341667268283,0.003621934741857307,1.7650935757921298,6
2019-08-07,0.9586275944052222,0.9808299271090626,0.041372405594777784,0.9799800878366141,0.00284616913199613,0.003665427921145298,1.6060089820228507,6
2019-08-08,0.9732569571069757,0.9808299271090626,0.02674304289302418,0.9799800878366141,0.002828042845128233,0.003689930105283023,2.2628341356513753,6
2019-08-09,0.8981644099470479,0.9808299271090626,0.10183559005295204,0.9799800878366141,0.0029210723744259545,0.003564160346518153,2.3159542726555298,6
2019-08-10,0.7700655017696629,0.9808299271090626,0.22993449823033707,0.9799800878366141,0.0030796966151825796,0.0033496121737787107,1.1970720469358984,6
2019-08-11,0.9351493731692084,0.9808299271090626,0.06485062683079161,0.9799800878366141,0.0028752569511641787,0.0036261051077269056,2.1260503711961762,6
2019-08-12,0.9177371034019588,0.9808299271090626,0.08226289659804117,0.9799800878366141,0.0028968274976245616,0.0035969419344027693,2.1540856447884034,6
2019-08-13,0.8735799423869419,0.9808299271090626,0.12642005761305802,0.9799800878366141,0.0029515223370310067,0.0035229847216214217,1.3365442378513803,6
2019-08-14,0.9572122230944701,0.9808299271090626,0.04278777690552985,0.9799800878366141,0.002847922762348191,0.0036630573675411316,0.36432728045933,6
2019-08-15,0.9763165850688112,0.9808299271090626,0.02368341493118869,0.9799800878366141,0.0028242517083361986,0.003695054564170411,2.003558453395845,6
2019-08-16,0.969233085706399,0.9808299271090626,0.030766914293601105,0.9799800878366141,0.0028330286808141386,0.0036831906703525025,2.2844888014511007,6
2019-08-17,0.8853358321657091,0.9808299271090626,0.11466416783429068,0.9799800878366141,0.0029369620866293235,0.0035426742311328386,2.0815999846829136,6
2019-08-18,0.8693444934655973,0.9808299271090626,0.13065550653440264,0.9799800878366141,0.0029567679598170317,0.0035158909232453463,2.3302324233284177,6
2019-08-19,0.7453586873705429,0.9808299271090626,0.25464131262945694,0.9799800878366141,0.0031102803500786813,0.003308231634639349,1.252554600082056,6
2019-08-20,0.9333857533266481,0.9808299271090626,0.06661424667335185,0.9799800878366141,0.0028774418238016897,0.003623151285403109,2.1928005148832135,6
2019-08-21,0.8745878260730683,0.9808299271090626,0.12541217392693177,0.9799800878366141,0.0029502740536693837,0.0035246727891176167,0.7985847748983006,6
2019-08-22,0.9646794589286332,0.9808299271090626,0.035320541071366854,0.9799800878366141,0.002838670807946995,0.003675563967530381,2.310165993095337,6
2019-08-23,0.8604471926328782,0.9808299271090626,0.13955280736712175,0.9799800878366141,0.0029677869796622875,0.0035009891597320335,1.9312825776497216,6
2019-08-24,0.911080862045652,0.9808299271090626,0.08891913795434796,0.9799800878366141,0.0029050728866634803,0.003585793639381154,1.8745691696016689,6
2019-08-25,0.9393074490258896,0.9808299271090626,0.06069255097411043,0.9799800878366141,0.0028701056210644975,0.0036330693167889185,2.3011695684829885,6
2019-08-26,0.8268651484618101,0.9808299271090626,0.1731348515381898,0.9799800878366141,0.003009373255529425,0.003444743823091218,1.9824625998944354,6
2019-08-27,0.8720320056805858,0.9808299271090626,0.12796799431941408,0.9799800878366141,0.002953439475364088,0.003520392139088203,2.014270996099563,6
2019-08-28,0.8807262890304364,0.9808299271090626,0.11927371096956361,0.9799800878366141,0.0029426713259864627,0.0035349538760501326,1.396633922022981,6
2019-08-29,0.9573015392283474,0.9808299271090626,0.04269846077165253,0.9799800878366141,0.0028478121009183144,0.0036632069598646895,1.9147418437057908,6
2019-08-30,0.960421865570791,0.9808299271090626,0.039578134429208954,0.9799800878366141,0.002843946032504845,0.003668433080248128,2.2614954582007507,6
2019-08-31,0.8873450898282407,0.9808299271090626,0.11265491017175921,0.9799800878366141,0.002934473444143384,0.0035460394632506795,2.4948427432967337,6
2019-09-01,0.6630211195538619,0.9808299271090626,0.336978880446138,0.9799800878366141,0.003212178532959934,0.003170327455952543,2.2934147872098594,6
2019-09-02,0.5770290183049902,0.9808299271090626,0.4229709816950098,0.9799800878366141,0.003318558837677087,0.003026302432980274,0.7857543045136495,6
2019-09-03,0.9018535559462221,0.9808299271090626,0.0981464440537778,0.9799800878366141,0.0029165027594558017,0.003570339162125198,2.0642716402324033,6
2019-09-04,0.9073611291605235,0.9808299271090626,0.09263887083947644,0.9799800878366141,0.0029096805807749464,0.003579563594918339,2.3714975056974907,6
2019-09-05,0.7492602030881579,0.9808299271090626,0.2507397969118421,0.9799800878366141,0.0031054510226432774,0.003314766140514836,2.745762225859528,6
2019-09-06,0.44085712419618417,0.9808299271090626,0.5591428758038158,0.9799800878366141,0.0034869313952149094,0.0027982331115848323,1.6629567600636448,6
2019-09-07,0.5912290396868428,0.9808299271090626,0.40877096031315713,0.9799800878366141,0.0033009949374366116,0.0030500855290556805,2.354146304287599,6
2019-09-08,0.4897405469314196,0.9808299271090626,0.5102594530685802,0.9799800878366141,0.0034265004447112234,0.0028801061671347777,2.6194968513303847,6
2019-09-09,0.3181851102708436,0.9808299271090626,0.6818148897291563,0.9799800878366141,0.003638522674211872,0.0025927742453975893,2.8315980601972215,6
2019-09-10,0.1781077071691518,0.9808299271090626,0.821892292830848,0.9799800878366141,0.003811519324020816,0.0023581637299360685,1.4634050754586614,6
2019-09-11,0.3002811816315814,0.9808299271090626,0.6997188183684185,0.9799800878366141,0.003660640297160138,0.002562787610623998,3.2430536092389235,6
2019-09-12,0.12289851309739636,0.9808299271090626,0.8771014869026036,0.9799800878366141,0.0038796728510532173,0.0022656958715050668,1.6501817131458787,6
2019-09-13,0.19709149895735634,0.9808299271090626,0.8029085010426436,0.9799800878366141,0.003788080646480332,0.002389958987973595,3.0542812823162846,6
2019-09-14,0.09927435840341231,0.9808299271090626,0.9007256415965876,0.9799800878366141,0.003908830694511476,0.0022261286394792516,3.499165012927707,6
2019-09-15,0.04634157218734397,0.9808299271090626,0.953658427812656,0.9799800878366141,0.003974151014529792,0.002137473453246603,3.1623047747910906,6
2019-09-16,0.036751995546526015,0.9808299271090626,0.9632480044534739,0.9799800878366141,0.003985983098829217,0.0021214122223203935,3.240371397812944,6
2019-09-17,0.03235547779335982,0.9808299271090626,0.9676445222066399,0.9799800878366141,0.003991407562965759,0.0021140486556532035,3.1227451278303513,6
2019-09-18,0.03213099559875572,0.9808299271090626,0.9678690044012442,0.9799800878366141,0.003991684528257134,0.0021136726786417674,3.346115029147928,6
2019-09-19,0.029791129446221084,0.9808299271090626,0.9702088705537787,0.9799800878366141,0.003994571429525402,0.0021097537224646695,3.098762868574579,6
2019-09-20,0.03164155670175686,0.9808299271090626,0.9683584432982428,0.9799800878366141,0.003992288395155897,0.0021128529353472082,2.7738380505302165,6
2019-09-21,0.03635009548462234,0.9808299271090626,0.9636499045153777,0.9799800878366141,0.003986478971334339,0.0021207390946167137,1.8867000704927812,6
2019-09-22,0.0612028074990795,0.9808299271090626,0.9387971925009204,0.9799800878366141,0.003955813483024952,0.002162363992331983,3.416058569783748,6
2019-09-23,0.037644872151821863,0.9808299271090626,0.9623551278481781,0.9799800878366141,0.003984881446193754,0.002122907668666296,0.478109670281073,6
2019-09-24,0.14463991482165095,0.9808299271090626,0.8553600851783489,0.9799800878366141,0.003852836007205046,0.0023021097494927987,-2.218304713888132,6
2019-09-25,0.588092126002329,0.9808299271090626,0.4119078739976709,0.9799800878366141,0.0033048750598615225,0.0030448316271401246,1.8123856564351473,6
2019-09-26,0.6944055789972979,0.9808299271090626,0.305594421002702,0.9799800878366141,0.0031733426756551508,0.0032228921383671673,1.3364763662845922,6
2019-09-27,0.897041131162538,0.9808299271090626,0.1029588688374618,0.9799800878366141,0.00292246372505527,0.0035622790079952683,2.312015042795865,6
2019-09-28,0.7839570694065644,0.9808299271090626,0.21604293059343538,0.9799800878366141,0.0030624992065340184,0.0033728786519664593,2.70009425458225,6
2019-09-29,0.4822532512442785,0.9808299271090626,0.5177467487557214,0.9799800878366141,0.003435757302585274,0.002867565969631989,2.0420461461448047,6
2019-09-30,0.49651066709239455,0.9808299271090626,0.5034893329076053,0.9799800878366141,0.0034181299902704097,0.0028914451935982376,1.7886778887898427,6
2019-10-01,0.6318617704740521,0.9808299271090626,0.36813822952594794,0.9799800878366141,0.0032507303667062976,0.00311813980264666,2.9240745142788507,6
2019-10-02,0.31817466393352095,0.9808299271090626,0.6818253360664789,0.9799800878366141,0.003638535579621774,0.0025927567492095554,3.217497965033096,6
2019-10-03,0.1318214997262203,0.9808299271090626,0.8681785002737796,0.9799800878366141,0.0038686589419178147,0.0022806406552181462,2.3892460949318055,6
2019-10-04,0.11658537846748956,0.9808299271090626,0.8834146215325104,0.9799800878366141,0.003887465072026145,0.0022551222333813993,2.614674159172768,6
2019-10-05,0.0897925861029784,0.9808299271090626,0.9102074138970215,0.9799800878366141,0.003920532583267822,0.0022102479660969887,3.332909660773186,6
2019-10-06,0.04774404103119117,0.9808299271090626,0.9522559589688085,0.9799800878366141,0.003972420537272516,0.0021398223969811953,0.5039458313491201,6
2019-10-07,0.1740694050422854,0.9808299271090626,0.8259305949577145,0.9799800878366141,0.00381650502506014,0.0023514001255102667,0.5325269317599772,6
2019-10-08,0.5301426483812871,0.9808299271090626,0.4698573516187129,0.9799800878366141,0.003376544203623123,0.0029477741680899415,2.85496926719122,6
2019-10-09,0.28211022310336964,0.9808299271090626,0.7178897768966304,0.9799800878366141,0.003683085956721779,0.002532353737263005,0.6818982961912694,6
2019-10-10,0.6902504512226719,0.9808299271090626,0.30974954877732797,0.9799800878366141,0.0031784846444197464,0.0032159328669398852,2.763223661962853,6
2019-10-11,0.3977320351972735,0.9808299271090626,0.6022679648027265,0.9799800878366141,0.003540232614183955,0.0027260044784482417,1.1917593076872657,6
2019-10-12,0.690847420777586,0.9808299271090626,0.3091525792224139,0.9799800878366141,0.003177745900820755,0.003216932709397641,2.83537869657293,6
2019-10-13,0.3762307629374014,0.9808299271090626,0.6237692370625986,0.9799800878366141,0.003566803595239206,0.0026899927845113903,3.0334130412224036,6
2019-10-14,0.17600953592177387,0.9808299271090626,0.823990464078226,0.9799800878366141,0.003814109744537595,0.002354649579709308,3.2943519584934577,6
2019-10-15,0.07720767373511425,0.9808299271090626,0.9227923262648856,0.9799800878366141,0.0039360634200590935,0.0021891699569942698,1.5171286130723178,6
2019-10-16,0.13847542075617617,0.9808299271090626,0.8615245792438238,0.9799800878366141,0.0038604455175328175,0.002291785064010083,1.804590900742127,6
2019-10-17,0.18741126465380883,0.9808299271090626,0.812588735346191,0.9799800878366141,0.003800032773266215,0.002373745917846254,3.1558554526950013,6
2019-10-18,0.08960540189108063,0.9808299271090626,0.9103945981089193,0.9799800878366141,0.003920763590785844,0.002209934458111638,2.291100251839803,6
2019-10-19,0.09152234983477027,0.9808299271090626,0.9084776501652297,0.9799800878366141,0.0039183978403667065,0.0022131450840600316,3.4218965709629563,6
2019-10-20,0.04603793662346397,0.9808299271090626,0.9539620633765359,0.9799800878366141,0.003974525662709729,0.0021369649051540696,1.001137324288382,6
2019-10-21,0.13256653923973005,0.9808299271090626,0.8674334607602698,0.9799800878366141,0.0038677392971686454,0.0022818884946300237,3.434259551938699,6
2019-10-22,0.057372356522966086,0.9808299271090626,0.9426276434770338,0.9799800878366141,0.003960540060286361,0.0021559485101909867,1.5064678121910056,6
2019-10-23,0.10902559154141848,0.9808299271090626,0.8909744084585814,0.9799800878366141,0.0038967957257176255,0.002242460622955789,-0.950863457652233,6
2019-10-24,0.5276202656317817,0.9808299271090626,0.4723797343682183,0.9799800878366141,0.0033796633381490975,0.0029435495215448942,3.0390367928574795,6
2019-10-25,0.24059401791686957,0.9808299271090626,0.7594059820831303,0.9799800878366141,0.003734361859266733,0.002462819764736829,-2.6302203714070655,6
2019-10-26,0.6974738733768987,0.9808299271090626,0.30252612662310135,0.9799800878366141,0.0031695456005587366,0.0032280311123204703,0.7825150871328663,6
2019-10-27,0.9365118863366018,0.9808299271090626,0.06348811366339813,0.9799800878366141,0.002873568980356556,0.003628387131161429,1.894076016927198,6
2019-10-28,0.9576870524117312,0.9808299271090626,0.04231294758826865,0.9799800878366141,0.0028473344550091033,0.003663852641785315,1.9135799850161275,6
2019-10-29,0.9607053378875001,0.9808299271090626,0.03929466211249978,0.9799800878366141,0.002843594809044507,0.0036689078576559726,2.2355723806406007,6
2019-10-30,0.9142573124831413,0.9824452385672279,0.08574268751685875,0.979173214531062,0.0028137339946366674,0.0033550437402438426,1.8736504987266231,7
2019-10-31,0.9446524516816874,0.9824452385672279,0.05534754831831258,0.979173214531062,0.0027768423290546076,0.0034064421394873934,2.344764531405464,7
2019-11-01,0.8264670768887684,0.9824452385672279,0.17353292311123183,0.979173214531062,0.0029202584689161327,0.0032065898197241815,2.440445908493147,7
2019-11-02,0.6599940503667713,0.9824452385672279,0.34000594963322883,0.979173214531062,0.003122135427544269,0.002925082733194069,2.859861519921371,7
2019-11-03,0.36197317129356055,0.9824452385672279,0.6380268287064396,0.979173214531062,0.003483140772128849,0.002421127280795558,2.6117443724814624,7
2019-11-04,0.24599612632401538,0.9824452385672279,0.7540038736759848,0.979173214531062,0.0036234913939850767,0.0022250092626646483,1.9095390237630687,7
2019-11-05,0.31041050219694655,0.9824452385672279,0.6895894978030536,0.979173214531062,0.0035455492786196537,0.002333934436078543,2.6788131951493277,7
2019-11-06,0.20214727278627878,0.9824452385672279,0.7978527272137211,0.979173214531062,0.0036765354225759264,0.0021508605356006707,3.4239165353180505,7
2019-11-07,0.08031948219735138,0.9824452385672279,0.9196805178026487,0.979173214531062,0.0038238529803199858,0.0019448488644993596,2.167736238368276,7
2019-11-08,0.0937429704209975,0.9824452385672279,0.9062570295790026,0.979173214531062,0.0038076250855140167,0.0019675480797407582,0.0536516105642626,7
2019-11-09,0.38014976315265536,0.9824452385672279,0.6198502368473449,0.979173214531062,0.003461137239848178,0.0024518640285090057,3.2586171875346466,7
2019-11-10,0.15277622201250285,0.9824452385672279,0.8472237779874973,0.979173214531062,0.0037362465015512414,0.0020673737332482225,1.594876140465275,7
2019-11-11,0.2547320858045717,0.9824452385672279,0.7452679141954286,0.979173214531062,0.0036129221761664085,0.002239781833049146,0.8623936359631832,7
2019-11-12,0.5801758175563438,0.9824452385672279,0.41982418244365616,0.979173214531062,0.0032188724446920976,0.0027901095267841005,2.7956609013066407,7
2019-11-13,0.33786246539655396,0.9824452385672279,0.662137534603446,0.979173214531062,0.003512324884642928,0.0023803559035156844,3.1781291684643453,7
2019-11-14,0.1463223971193322,0.9824452385672279,0.853677602880668,0.979173214531062,0.0037440509533122955,0.0020564602688834,2.315917523806817,7
2019-11-15,0.1377486880700856,0.9824452385672279,0.8622513119299146,0.979173214531062,0.00375441856043748,0.002041962065146524,1.683635738692222,7
2019-11-16,0.2077209993844251,0.9824452385672279,0.7922790006155751,0.979173214531062,0.0036697934865858664,0.0021602857474115,3.4220931862254105,7
2019-11-17,0.08199071136335759,0.9824452385672279,0.9180092886366424,0.979173214531062,0.0038218326576772476,0.0019476749250526852,3.5125075974540585,7
2019-11-18,0.04291741967978819,0.9824452385672279,0.957082580320212,0.979173214531062,0.003869063566249491,0.0018816017074703196,0.3218167964135714,7
2019-11-19,0.1770048305643564,0.9824452385672279,0.8229951694356437,0.979173214531062,0.0037069453152107188,0.002108344484766395,2.862512710558968,7
2019-11-20,0.10775331635257357,0.9824452385672279,0.8922466836474267,0.979173214531062,0.0037906866288647968,0.0019912396755919085,3.1963034049885333,7
2019-11-21,0.05962595153922308,0.9824452385672279,0.940374048460777,0.979173214531062,0.0038488677405333154,0.0019098559551536435,-0.641838097187188,7
2019-11-22,0.3356757808395043,0.9824452385672279,0.664324219160496,0.979173214531062,0.0035149715298227096,0.002376658204184592,0.6986484025194654,7
2019-11-23,0.7273824153842066,0.9824452385672279,0.27261758461579366,0.979173214531062,0.003040434626326872,0.003039036943665393,2.7230198087146165,7
2019-11-24,0.4510299690514763,0.9824452385672279,0.5489700309485238,0.979173214531062,0.00337531570617029,0.0025717229670535933,0.6027858493481701,7
2019-11-25,0.8379973965222633,0.9824452385672279,0.16200260347773682,0.979173214531062,0.0029062701193908113,0.0032260876732479607,1.944810090181967,7
2019-11-26,0.8993580396748939,0.9824452385672279,0.10064196032510621,0.979173214531062,0.00283181584421488,0.0033298489626435637,2.4849230306894725,7
2019-11-27,0.6979315609493085,0.9824452385672279,0.30206843905069153,0.979173214531062,0.0030761436645639303,0.00298923533675645,1.2657762834611224,7
2019-11-28,0.9190496157405794,0.9824452385672279,0.08095038425942067,0.979173214531062,0.002807917755934562,0.003363147559558931,2.1902756728415946,7
2019-11-29,0.8716145045158067,0.9824452385672279,0.12838549548419334,0.979173214531062,0.002865482187004574,0.003282934444923491,1.6584698268253582,7
2019-11-30,0.9517544744573958,0.9824452385672279,0.04824552554260422,0.979173214531062,0.0027682215889598643,0.003418451711138907,1.9304223313641253,7
2019-12-01,0.9592177974065498,0.9824452385672279,0.0407822025934504,0.979173214531062,0.002759161976360982,0.003431072243985242,2.0602154039269007,7
2019-12-02,0.950222183062592,0.9824452385672279,0.049777816937408084,0.979173214531062,0.002770081574431773,0.0034158605953570997,2.1505210098852743,7
2019-12-03,0.9214992989277114,0.9824452385672279,0.07850070107228856,0.979173214531062,0.0028049446166097942,0.0033672899914672025,2.414013810997531,7
2019-12-04,0.7584679267491445,0.9824452385672279,0.24153207325085563,0.979173214531062,0.0030027381923478863,0.0030916027672133065,2.241033236709513,7
2019-12-05,0.6845178164522998,0.9824452385672279,0.31548218354770036,0.979173214531062,0.0030924061297081923,0.002966552598226954,1.9151919437461533,7
2019-12-06,0.783202581117084,0.9824452385672279,0.21679741888291612,0.979173214531062,0.0029727392972658815,0.0031334292458502395,2.2139246306457965,7
2019-12-07,0.7415631983483735,0.9824452385672279,0.2584368016516265,0.979173214531062,0.003023238716831131,0.003063016749765878,2.694360325576066,7
2019-12-08,0.46681239850214323,0.9824452385672279,0.5331876014978569,0.979173214531062,0.0033562024784140826,0.0025984111688953327,3.1648482027294635,7
2019-12-09,0.19879091665704532,0.9824452385672279,0.8012090833429547,0.979173214531062,0.0036805951589263483,0.0021451849132188483,1.4049051044762448,7
2019-12-10,0.3501066764877762,0.9824452385672279,0.649893323512224,0.979173214531062,0.0034975046459373577,0.0024010609526348235,2.2037710161611894,7
2019-12-11,0.33021374654930885,0.9824452385672279,0.6697862534506911,0.979173214531062,0.0035215823623961887,0.0023674218648707425,3.0692371203613744,7
2019-12-12,0.1563136113177895,0.9824452385672279,0.8436863886822107,0.979173214531062,0.003731968722576315,0.002073355484034272,3.4074216721676187,7
2019-12-13,0.06725518103435098,0.9824452385672279,0.9327448189656492,0.979173214531062,0.003839645657953295,0.0019227570371638228,3.332039390527337,7
2019-12-14,0.04242235560691822,0.9824452385672279,0.9575776443930818,0.979173214531062,0.003869661932455293,0.0018807645505584099,1.3454617725821159,7
2019-12-15,0.0969739326659858,0.9824452385672279,0.9030260673340142,0.979173214531062,0.003803718963645526,0.001973011660161429,3.407592534256183,7
2019-12-16,0.049795314196452736,0.9824452385672279,0.9502046858035473,0.979173214531062,0.003860750356588325,0.0018932322766219642,0.7132482506016622,7
2019-12-17,0.16190280816572775,0.9824452385672279,0.8380971918342724,0.979173214531062,0.0037252095387043218,0.002082806856148892,0.5247188966814751,7
2019-12-18,0.47774050706771093,0.9824452385672279,0.5222594929322891,0.979173214531062,0.0033429672156273737,0.0026168906791670535,-0.5949080390647853,7
2019-12-19,0.8910434419461912,0.9824452385672279,0.10895655805380895,0.979173214531062,0.002841905939489601,0.0033157889180154467,2.0314619777299807,7
2019-12-20,0.8998602275153295,0.9824452385672279,0.10013977248467062,0.979173214531062,0.0028312064066218527,0.003330698165897721,2.4641987120075663,7
2019-12-21,0.7116745408160278,0.9824452385672279,0.2883254591839723,0.979173214531062,0.0030594809760528603,0.00301247481466677,2.587427381909512,7
2019-12-22,0.48834021358329377,0.9824452385672279,0.5116597864167062,0.979173214531062,0.003330129034983976,0.002634814859207606,1.0866994782911252,7
2019-12-23,0.8301076342999499,0.9824452385672279,0.16989236570005017,0.979173214531062,0.0029158419007616837,0.0032127460285201566,1.9604848865741655,7
2019-12-24,0.870200046750895,0.9824452385672279,0.12979995324910507,0.979173214531062,0.0028671984912823,0.0032805425866582866,2.2203046360522682,7
2019-12-25,0.8048783664788555,0.9824452385672279,0.19512163352114453,0.979173214531062,0.0029464474092434196,0.0031700831549724964,2.4781294069351496,7
2019-12-26,0.6105084949911702,0.9824452385672279,0.38949150500883,0.979173214531062,0.0031821145506884013,0.0028414023027354494,2.9778843080588375,7
2019-12-27,0.30064747157718447,0.9824452385672279,0.6993525284228155,0.979173214531062,0.0035573641806074118,0.0023174250810022693,3.2271257243677707,7
2019-12-28,0.12835968671576065,0.9824452385672279,0.8716403132842395,0.979173214531062,0.0037657715632061165,0.0020260851962512856,3.100902466957813,7
2019-12-29,0.072327157106746,0.9824452385672279,0.9276728428932542,0.979173214531062,0.0038335145555145403,0.001931333785222775,2.9481676685089018,7
2019-12-30,0.054288130376542815,0.9824452385672279,0.9457118696234573,0.979173214531062,0.003855319809853225,0.001900829661132814,1.5359450619725363,7
2019-12-31,0.10447564591486849,0.9824452385672279,0.8955243540851316,0.979173214531062,0.003794649420948719,0.0019856971112810332,2.8624858464990472,7
2020-01-01,0.07194774920124364,0.9824452385672279,0.9280522507987564,0.979173214531062,0.003833973196194862,0.0019306922037226606,3.5217253622598066,7
2020-01-02,0.03996885498566606,0.9824452385672279,0.9600311450143342,0.979173214531062,0.0038726273700561316,0.0018766156633415539,0.7637656747233406,7
2020-01-03,0.13097347092924028,0.9824452385672279,0.86902652907076,0.979173214531062,0.0037626110754349308,0.0020305051241767133,0.15171124900127442,7
2020-01-04,0.500986721487685,0.9824452385672279,0.4990132785123152,0.979173214531062,0.0033148109633600437,0.002656200195134534,3.1025176893636828,7
2020-01-05,0.22421364673387764,0.9824452385672279,0.7757863532661227,0.979173214531062,0.0036498430690010946,0.0021881749328339774,3.392742662053503,7
2020-01-06,0.08867245022403342,0.9824452385672279,0.9113275497759667,0.979173214531062,0.003813755049107048,0.0019589737935776434,-0.16966246023369824,7
2020-01-07,0.42187379753140203,0.9824452385672279,0.578126202468598,0.979173214531062,0.0034106213869312682,0.002522419671075468,0.9820359055161563,7
2020-01-08,0.7934736262740539,0.9824452385672279,0.20652637372594623,0.979173214531062,0.0029602812523025234,0.003150797657166867,2.353435351197619,7
2020-01-09,0.6620137093534416,0.9824452385672279,0.3379862906465585,0.979173214531062,0.0031196871960585517,0.002928497991082991,1.5911954239033603,7
2020-01-10,0.8390163614254448,0.9824452385672279,0.16098363857455528,0.979173214531062,0.002905033895306624,0.00322781075023625,1.6752460299529564,7
2020-01-11,0.9394951214707323,0.9824452385672279,0.06050487852926778,0.979173214531062,0.0027831023370458773,0.003397721056965549,2.180722821059514,7
2020-01-12,0.8988492504462939,0.9824452385672279,0.10115074955370612,0.979173214531062,0.0028324332915507637,0.0033289885963944874,2.213915230184592,7
2020-01-13,0.8564236440252918,0.9824452385672279,0.14357635597470825,0.979173214531062,0.0028839141918641465,0.003257246590452934,2.4436937823232943,7
2020-01-14,0.6742957581839647,0.9824452385672279,0.3257042418160354,0.979173214531062,0.0031047983889393596,0.0029492670240917366,0.1514862327684125,7
2020-01-15,0.9395649179105153,0.9824452385672279,0.06043508208948483,0.979173214531062,0.002783017618593452,0.0033978390832477877,2.368148498635465,7
2020-01-16,0.8066845630122069,0.9824452385672279,0.19331543698779308,0.979173214531062,0.0029442564415318928,0.003173137446315829,2.2979780881218623,7
2020-01-17,0.7022203262018518,0.9824452385672279,0.2977796737981484,0.979173214531062,0.0030709438631543484,0.0029964876696795583,2.0514071104990115,7
2020-01-18,0.7421081144688999,0.9824452385672279,0.25789188553110015,0.979173214531062,0.003022577917374613,0.0030639382068493324,2.792024717707299,7
2020-01-19,0.4313498349216245,0.9824452385672279,0.5686501650783755,0.979173214531062,0.0033991472329022603,0.0025384437185341077,1.5078861555202585,7
2020-01-20,0.6409120163212466,0.9824452385672279,0.3590879836787535,0.979173214531062,0.003145265525941624,0.0028928148762237733,2.675869658210299,7
2020-01-21,0.40683875135825226,0.9824452385672279,0.593161248641748,0.979173214531062,0.0034288256681800793,0.0024969952997375097,2.7929595733109003,7
2020-01-22,0.24146895426940593,0.9824452385672279,0.7585310457305942,0.979173214531062,0.0036289684303325758,0.002217353782122608,2.698190752817192,7
2020-01-23,0.15890373282031903,0.9824452385672279,0.8410962671796811,0.979173214531062,0.003728836432944658,0.002077735398145101,0.8940089793952136,7
2020-01-24,0.3933174981929776,0.9824452385672279,0.6066825018070225,0.979173214531062,0.0034451959601216873,0.002474130763275865,3.0919476893603743,7
2020-01-25,0.18156563279955398,0.9824452385672279,0.8184343672004462,0.979173214531062,0.0037014292735953113,0.0021160568341859615,2.746194960535614,7
2020-01-26,0.11994162596655071,0.9824452385672279,0.8800583740334494,0.979173214531062,0.0037759500943257405,0.00201185019491051,1.4875834414687268,7
2020-01-27,0.22177744203588137,0.9824452385672279,0.7782225579641189,0.979173214531062,0.0036527901347455784,0.002184055293147885,0.9937759225149823,7
2020-01-28,0.51904745546628,0.9824452385672279,0.4809525445337202,0.979173214531062,0.00329293332927697,0.002686741026337827,1.2201287725387404,7
2020-01-29,0.8341782002982406,0.980906438819859,0.16582179970175936,0.9771114326682807,0.00286002266325317,0.00318953577781716,2.6303218119230145,8
2020-01-30,0.5704475478309455,0.980906438819859,0.4295524521690546,0.9771114326682807,0.003223476569437738,0.0026882293200996294,2.073245102462422,8
2020-01-31,0.6079551902373037,0.980906438819859,0.3920448097626963,0.9771114326682807,0.003171816993283543,0.0027595248755315064,2.1259843141239223,8
2020-02-01,0.5976241070778172,0.980906438819859,0.40237589292218284,0.9771114326682807,0.0031860470912631893,0.0027398872693047915,2.9959297825801467,8
2020-02-02,0.2953514929373093,0.980906438819859,0.7046485070626909,0.9771114326682807,0.00360205785195961,0.0021653191937240157,3.0985414128648787,8
2020-02-03,0.1415320468517842,0.980906438819859,0.8584679531482159,0.9771114326682807,0.0038135024908870006,0.0018729349717012467,3.06645887600698,8
2020-02-04,0.08087050852547215,0.980906438819859,0.9191294914745278,0.9771114326682807,0.0038968425781549547,0.0017576278558481477,2.470432061497021,8
2020-02-05,0.07940465193664728,0.980906438819859,0.9205953480633529,0.9771114326682807,0.0038988561218073685,0.0017548415154391324,0.06777980072629353,8
2020-02-06,0.35517817476061886,0.980906438819859,0.6448218252393811,0.9771114326682807,0.003519772190488296,0.002279039391438069,2.768524439122422,8
2020-02-07,0.22143538420995013,0.980906438819859,0.7785646157900498,0.9771114326682807,0.0037036864027549057,0.0020248174269111062,3.2580126710869144,8
2020-02-08,0.10037145542239978,0.980906438819859,0.8996285445776001,0.9771114326682807,0.0038700540275746088,0.0017946957905746535,2.9413846123571346,8
2020-02-09,0.07014921251718896,0.980906438819859,0.929850787482811,0.9771114326682807,0.003911569306628286,0.0017372485223358248,1.7133888417712153,8
2020-02-10,0.12190253128244806,0.980906438819859,0.8780974687175519,0.9771114326682807,0.0038404734863631256,0.0018356226501158922,1.1864188477956559,8
2020-02-11,0.26240505636459105,0.980906438819859,0.7375949436354091,0.9771114326682807,0.00364736136092712,0.0021026937034438033,0.9716227863006612,8
2020-02-12,0.5965651121661261,0.980906438819859,0.40343488783387393,0.9771114326682807,0.0031875057138367044,0.002737874302730924,2.7765298265802403,8
2020-02-13,0.3585020498675343,0.980906438819859,0.6414979501324656,0.9771114326682807,0.003515199771845428,0.0022853575044073223,2.4430366897913114,8
2020-02-14,0.28253584367315276,0.980906438819859,0.7174641563268472,0.9771114326682807,0.003619681141542677,0.002140958856099775,2.747693470973307,8
2020-02-15,0.18338094199809418,0.980906438819859,0.8166190580019058,0.9771114326682807,0.0037559927254556635,0.001952482499411514,0.4174532339875259,8
2020-02-16,0.5384243967211978,0.980906438819859,0.46157560327880204,0.9771114326682807,0.003267574266812165,0.002627358836150966,3.0419536881732823,8
2020-02-17,0.2573611402694984,0.980906438819859,0.7426388597305017,0.9771114326682807,0.003654296383688396,0.0020931060893875685,1.361413425684868,8
2020-02-18,0.45132914478976555,0.980906438819859,0.5486708552102345,0.9771114326682807,0.003387471888945241,0.002461805792463044,0.8654803859594432,8
2020-02-19,0.8301582994744097,0.980906438819859,0.1698417005255903,0.9771114326682807,0.002865566362776444,0.003181894640074855,0.9786580723066665,8
2020-02-20,0.9537386146865032,0.980906438819859,0.04626138531349687,0.9771114326682807,0.002695087843934634,0.0034167994927456046,2.346907811263454,8
2020-02-21,0.8448238648811237,0.980906438819859,0.15517613511887637,0.9771114326682807,0.0028453410489820458,0.003209771349041691,2.4657462534281143,8
2020-02-22,0.6699452821308478,0.980906438819859,0.33005471786915225,0.9771114326682807,0.003086415258034645,0.00287735734244428,2.809661486780359,8
2020-02-23,0.38561621168134,0.980906438819859,0.61438378831866,0.9771114326682807,0.003477897765435674,0.002336896846860299,1.540538282480492,8
2020-02-24,0.6047905724268738,0.980906438819859,0.3952094275731261,0.9771114326682807,0.0031761760394140295,0.0027535094831994634,1.4672704994433796,8
2020-02-25,0.820436828490851,0.980906438819859,0.179563171509149,0.9771114326682807,0.0028789724083845367,0.0031634158013923628,1.6843409109014182,8
2020-02-26,0.9169563515462904,0.980906438819859,0.0830436484537097,0.9771114326682807,0.0027458403548111603,0.0033468827581182533,0.9441003257727489,8
2020-02-27,0.9694142677903239,0.980906438819859,0.03058573220967612,0.9771114326682807,0.0026734554599618884,0.0034465962041114163,2.312499152383614,8
2020-02-28,0.8876669847162401,0.980906438819859,0.11233301528375997,0.9771114326682807,0.0027862471050986736,0.003291208726309672,2.4605084956507266,8
2020-02-29,0.702657578765542,0.980906438819859,0.29734242123445814,0.9771114326682807,0.00304133739665959,0.0029395377731083927,1.990903282945051,8
2020-03-01,0.7453892658358697,0.980906438819859,0.2546107341641304,0.9771114326682807,0.002982441070057044,0.0030207633359207262,2.627893172409755,8
2020-03-02,0.5017868554967748,0.980906438819859,0.49821314450322535,0.9771114326682807,0.003318017152303712,0.0025577171929105275,1.2526451981223852,8
2020-03-03,0.811035341003924,0.980906438819859,0.18896465899607592,0.9771114326682807,0.0028919365426508283,0.0031455451961166585,2.1359950420390788,8
2020-03-04,0.787551202849713,0.980906438819859,0.2124487971502869,0.9771114326682807,0.0029243170873989857,0.003100905902198798,2.677482617471415,8
2020-03-05,0.5122458488680234,0.980906438819859,0.48775415113197657,0.9771114326682807,0.003303618108524225,0.002577597934376034,1.5077497803871265,8
2020-03-06,0.7600377979070898,0.980906438819859,0.2399622020929102,0.9771114326682807,0.002962248221061856,0.0030486076674562713,2.5616090638896347,8
2020-03-07,0.5513676454288525,0.980906438819859,0.4486323545711474,0.9771114326682807,0.003249751570702791,0.0026519617182971587,1.611079277426485,8
2020-03-08,0.7353597251224854,0.980906438819859,0.2646402748775147,0.9771114326682807,0.002996265793252343,0.0030016989098461573,-0.3361563047201679,8
2020-03-09,0.9432011494396384,0.980906438819859,0.05679885056036173,0.9771114326682807,0.002709628536316601,0.0033967695897866284,1.8977351724836642,8
2020-03-10,0.9556387023509724,0.980906438819859,0.0443612976490276,0.9771114326682807,0.002692465819629202,0.003420411231493136,2.368336553550841,8
2020-03-11,0.8382220787324844,0.980906438819859,0.16177792126751572,0.9771114326682807,0.0028544457792556177,0.0031972224928589867,2.6094919826594194,8
2020-03-12,0.585470170878958,0.980906438819859,0.4145298291210421,0.9771114326682807,0.003202787010912339,0.0027167847340242913,-7.515837754809368,8
2020-03-13,0.39015471735674845,0.980906438819859,0.6098452826432516,0.9771114326682807,0.003471653447704477,0.002345523762928586,-1.7191835576475882,8
2020-03-14,0.8309438893259129,0.980906438819859,0.1690561106740871,0.9771114326682807,0.002864482993466676,0.0031833879108114633,-0.12444006690970733,8
2020-03-15,0.9593269803347964,0.980906438819859,0.04067301966520366,0.9771114326682807,0.002687376109189407,0.0034274220114455254,1.7425246794536196,8
2020-03-16,0.9717250056086802,0.980906438819859,0.02827499439131973,0.9771114326682807,0.0026702664941553617,0.0034509885179346183,0.781889365301667,8
2020-03-17,0.9774743919494983,0.980906438819859,0.022525608050501803,0.9771114326682807,0.0026623318062802544,0.003461917109183307,0.661847602440191,8
2020-03-18,0.9786435609588499,0.980906438819859,0.02135643904115023,0.9771114326682807,0.0026607182150815683,0.0034641394977038215,2.271025129584962,8
2020-03-19,0.9224803214312158,0.980906438819859,0.07751967856878411,0.9771114326682807,0.0027382189533538093,0.003357382871584941,-1.449902748415537,8
2020-03-20,0.9702641616364931,0.980906438819859,0.029735838363506992,0.9771114326682807,0.0026722825566462298,0.0034482117056447914,2.283622207154928,8
2020-03-21,0.9022206497920817,0.980906438819859,0.09777935020791823,0.9771114326682807,0.002766170071052084,0.003318872732058425,2.486328943410066,8
2020-03-22,0.7051147160060153,0.980906438819859,0.29488528399398467,0.9771114326682807,0.003037951125526343,0.0029442083669685435,0.8087501273328993,8
2020-03-23,0.9279702663131036,0.980906438819859,0.07202973368689655,0.9771114326682807,0.002730644277599593,0.00336781830939263,-0.3631152745693328,8
2020-03-24,0.9732310082849117,0.980906438819859,0.026768991715088307,0.9771114326682807,0.0026681880934855437,0.0034538511691276884,1.6819133631114591,8
2020-03-25,0.9756194990318251,0.980906438819859,0.024380500968175,0.9771114326682807,0.002664891757122843,0.0034583912778500705,2.167489154314582,8
2020-03-26,0.947902282825882,0.980906438819859,0.052097717174118034,0.9771114326682807,0.002703141521823009,0.003405705633068164,2.3151923783340624,8
2020-03-27,0.8649868893230498,0.980906438819859,0.1350131106769502,0.9771114326682807,0.002817531639903699,0.0032480977789249503,1.5084654639194586,8
2020-03-28,0.9481048519239726,0.980906438819859,0.0518951480760274,0.9771114326682807,0.0027028619965596247,0.0034060906819658055,1.5533945031972045,8
2020-03-29,0.9695401377886526,0.980906438819859,0.03045986221134747,0.9771114326682807,0.0026732817523168724,0.0034468354612565556,1.1879824276056068,8
2020-03-30,0.9764151361759942,0.980906438819859,0.023584863824005743,0.9771114326682807,0.0026637936957146216,0.003459903646756151,0.3666534779848665,8
2020-03-31,0.9786053569205782,0.980906438819859,0.021394643079421842,0.9771114326682807,0.0026607709413186994,0.003464066878420028,2.3019856547488273,8
2020-04-01,0.9102459830651208,0.980906438819859,0.0897540169348792,0.9771114326682807,0.002755098329532712,0.0033341275056597178,1.898517538737646,8
2020-04-02,0.9482565132449479,0.980906438819859,0.05174348675505208,0.9771114326682807,0.0027026527187852213,0.0034063789639644263,2.110935585778487,8
2020-04-03,0.9431581374174072,0.980906438819859,0.0568418625825928,0.9771114326682807,0.002709687887141738,0.003396687831355053,2.3087305933604103,8
2020-04-04,0.8494178786794988,0.980906438819859,0.15058212132050136,0.9771114326682807,0.002839005114672242,0.00321850377647257,2.2503823059868426,8
2020-04-05,0.7939856998519953,0.980906438819859,0.20601430014800473,0.9771114326682807,0.0029154454307927847,0.003113136770583762,2.339937111968925,8
2020-04-06,0.6739858715894481,0.980906438819859,0.32601412841055194,0.9771114326682807,0.0030808477052380458,0.002885037805710995,0.5164675316077466,8
2020-04-07,0.9338043337426454,0.980906438819859,0.06619566625735465,0.9771114326682807,0.0027225945648024826,0.0033789078647773665,2.1313301660249615,8
2020-04-08,0.9108044342031947,0.980906438819859,0.08919556579680546,0.9771114326682807,0.0027543278735976335,0.003335189024899962,2.040994030348266,8
2020-04-09,0.9292680536388662,0.980906438819859,0.07073194636113372,0.9771114326682807,0.0027288536416027365,0.0033702851791366745,2.2457143138382474,8
2020-04-10,0.8621881064464035,0.980906438819859,0.13781189355359638,0.9771114326682807,0.002821391975374422,0.00324277777566903,0.8271470283604851,8
2020-04-11,0.961359200274515,0.980906438819859,0.03864079972548495,0.9771114326682807,0.0026845716660290277,0.0034312849108459266,2.3520155698332736,8
2020-04-12,0.8576029387654028,0.980906438819859,0.14239706123459725,0.9771114326682807,0.0028277161326406394,0.0032340621631806853,2.307147472587362,8
2020-04-13,0.7715586282334291,0.980906438819859,0.22844137176657084,0.9771114326682807,0.0029463657870310938,0.0030705067777296894,2.10102911762345,8
2020-04-14,0.7648383055925196,0.980906438819859,0.23516169440748041,0.9771114326682807,0.002955630433839949,0.003057732604131302,2.754040653201449,8
2020-04-15,0.46661798998228005,0.980906438819859,0.53338201001772,0.9771114326682807,0.003366428827845867,0.0024908672487418196,1.1840097029183818,8
2020-04-16,0.7646599735354743,0.980906438819859,0.23534002646452576,0.9771114326682807,0.0029558762782345054,0.003057393625666044,0.5908755498332353,8
2020-04-17,0.9506533776963421,0.980906438819859,0.04934662230365791,0.9771114326682807,0.002699345258438746,0.0034109349896539565,2.288796055859189,8
2020-04-18,0.8696713885289711,0.980906438819859,0.13032861147102895,0.9771114326682807,0.0028110702265897562,0.003257002203500293,2.02439882054168,8
2020-04-19,0.9037132161588287,0.980906438819859,0.09628678384117126,0.9771114326682807,0.002764110963259783,0.0033217098431459007,2.126564405244694,8
2020-04-20,0.8821793660920365,0.980906438819859,0.11782063390796352,0.9771114326682807,0.0027938169730454773,0.0032807777103163933,1.4503923015185431,8
2020-04-21,0.955246628644374,0.980906438819859,0.044753371355626015,0.9771114326682807,0.0026930068635328953,0.0034196659670379798,2.369108605810732,8
2020-04-22,0.8379322844747075,0.980906438819859,0.16206771552529248,0.9771114326682807,0.0028548454363869257,0.003196671643985433,1.7526801690848015,8
2020-04-23,0.9309655591350683,0.980906438819859,0.06903444086493164,0.9771114326682807,0.0027265114717973772,0.003373511844142414,1.474318342715936,8
2020-04-24,0.9696069677297646,0.980906438819859,0.0303930322702355,0.9771114326682807,0.0026731895232098724,0.0034469624934416083,2.3334536770390466,8
2020-04-25,0.8801316850172026,0.980906438819859,0.1198683149827975,0.9771114326682807,0.0027966415806682074,0.0032768854219663033,2.5235379817253927,8
2020-04-26,0.6665243220140326,0.980906438819859,0.3334756779859675,0.9771114326682807,0.0030911289275636607,0.0028708546876253975,2.158737512185013,8
2020-04-27,0.6635238998089348,0.980906438819859,0.33647610019106533,0.9771114326682807,0.0030952630770693175,0.0028651514028034666,2.5130137740522693,8
2020-04-28,0.4999903805667835,0.980906438819859,0.5000096194332165,0.9771114326682807,0.003320490305143738,0.002554302404090544,3.0811334799351973,8
2020-04-29,0.2534331557719883,0.9795599861283526,0.7465668442280117,0.9710038240735571,0.0037409605921641534,0.001884222520154267,-1.8367633228463573,9
2020-04-30,0.7372855577984668,0.9795599861283526,0.26271444220153295,0.9710038240735571,0.0031013949517188673,0.002761078938938738,2.288208576205854,9
2020-05-01,0.6569328238997832,0.9795599861283526,0.3430671761002167,0.9710038240735571,0.0032077132606330066,0.0026154605433477513,2.004350214953541,9
2020-05-02,0.7297919212453007,0.9795599861283526,0.27020807875469927,0.9710038240735571,0.0031113119117125386,0.0027474986750314775,2.3954912633636134,9
2020-05-03,0.6200073726573178,0.9795599861283526,0.37999262734268224,0.9710038240735571,0.0032565567601550516,0.002548542783297658,2.544496026645688,9
2020-05-04,0.45438906760448766,0.9795599861283526,0.5456109323955123,0.9710038240735571,0.0034755198141292755,0.002248402754550149,3.112963960294541,9
2020-05-05,0.21488550840778758,0.9795599861283526,0.7851144915922125,0.9710038240735571,0.0037918474969853874,0.001814364952270394,2.8280361130785323,9
2020-05-06,0.1436780408104995,0.9795599861283526,0.8563219591895004,0.9710038240735571,0.0038858230948989785,0.0016853199692000143,1.248791874270674,9
2020-05-07,0.3135508169924316,0.9795599861283526,0.6864491830075683,0.9710038240735571,0.0036615795446251153,0.0019931701184356353,-0.2477618423852811,9
2020-05-08,0.7943820973067298,0.9795599861283526,0.2056179026932701,0.9710038240735571,0.003025822183380685,0.0028645515412209976,2.2286588939307164,9
2020-05-09,0.7380617753728235,0.9795599861283526,0.26193822462717636,0.9710038240735571,0.003100367696586094,0.002762485631061372,1.708837463038086,9
2020-05-10,0.862018557374106,0.9795599861283526,0.13798144262589374,0.9710038240735571,0.0029362711079574397,0.002987125003511452,-0.2715441808354153,9
2020-05-11,0.9617459676506823,0.9795599861283526,0.03825403234931751,0.9710038240735571,0.002804176607573919,0.003167854952279967,2.164832732717845,9
2020-05-12,0.9351859148983949,0.9795599861283526,0.06481408510160494,0.9710038240735571,0.002839363256654344,0.003119721776457017,2.045388103162636,9
2020-05-13,0.9446086400248006,0.9795599861283526,0.05539135997519923,0.9710038240735571,0.0028268805993435907,0.0031367980108105635,1.2801127933275507,9
2020-05-14,0.9715917481565042,0.9795599861283526,0.028408251843495585,0.9710038240735571,0.0027911317806884606,0.0031856978642884944,1.4755616506617435,9
2020-05-15,0.9749480406999794,0.9795599861283526,0.025051959300020476,0.9710038240735571,0.002786684831259408,0.0031917802700960067,1.2982496198643736,9
2020-05-16,0.9753286646192977,0.9795599861283526,0.024671335380702143,0.9710038240735571,0.0027861805155666823,0.003192470051784388,2.318215614157321,9
2020-05-17,0.9150245925233886,0.9795599861283526,0.08497540747661114,0.9710038240735571,0.0028660698003322807,0.003083184632357565,1.945392803698714,9
2020-05-18,0.9446489296806762,0.9795599861283526,0.05535107031932365,0.9710038240735571,0.0028268272247880004,0.0031368710253150216,2.403185244921334,9
2020-05-19,0.8221400086811428,0.9795599861283526,0.17785999131885707,0.9710038240735571,0.0029890741790626813,0.0029148555237139325,2.6582285097162535,9
2020-05-20,0.5642354244836674,0.9795599861283526,0.4357645755163325,0.9710038240735571,0.003330312667573542,0.002447470657708615,1.7404032485302998,9
2020-05-21,0.7062815938008782,0.9795599861283526,0.29371840619912165,0.9710038240735571,0.003142422712989043,0.0027048923317726124,1.0897571792746725,9
2020-05-22,0.9130494189061794,0.9795599861283526,0.08695058109382053,0.9710038240735571,0.002868686055575528,0.0030796051447757947,2.3649692451456685,9
2020-05-23,0.8102607989914292,0.9795599861283526,0.18973920100857056,0.9710038240735571,0.0030048013870218313,0.002893327551086565,2.682324333336474,9
2020-05-24,0.5438262322946751,0.9795599861283526,0.4561737677053248,0.9710038240735571,0.003357297805295845,0.0024104843141497705,1.1041247726394627,9
2020-05-25,0.832376792340891,0.9795599861283526,0.16762320765910899,0.9710038240735571,0.00297552067994466,0.0029334070270694273,2.4053266993559723,9
2020-05-26,0.7069714491507368,0.9795599861283526,0.293028550849263,0.9710038240735571,0.0031415098912854485,0.002706142514863619,2.512824565258296,9
2020-05-27,0.5328581785576773,0.9795599861283526,0.4671418214423228,0.9710038240735571,0.0033717986914824746,0.0023906075742998086,1.4293305182054272,9
2020-05-28,0.7950241689009941,0.9795599861283526,0.2049758310990057,0.9710038240735571,0.00302497221804192,0.002865715128704271,1.5290573478334641,9
2020-05-29,0.9297023301070947,0.9795599861283526,0.0702976698929052,0.9710038240735571,0.0028466273102398095,0.0031097842076817823,2.171251653127504,9
2020-05-30,0.898891928028336,0.9795599861283526,0.10110807197166387,0.9710038240735571,0.002887437889756052,0.00305394838106412,2.002214438773983,9
2020-05-31,0.928556884702008,0.9795599861283526,0.07144311529799177,0.9710038240735571,0.002848144646137897,0.003107708386312268,1.886933213331825,9
2020-06-01,0.9476553196621317,0.9795599861283526,0.05234468033786814,0.9710038240735571,0.002822844417348033,0.003142319323890306,0.5658351505289235,9
2020-06-02,0.9738764779560686,0.9795599861283526,0.026123522043931344,0.9710038240735571,0.0027881046158153753,0.0031898383418009456,0.650258748434573,9
2020-06-03,0.9763242675650008,0.9795599861283526,0.023675732434998976,0.9710038240735571,0.002784861365937495,0.00319427432273529,2.2514512016870865,9
2020-06-04,0.9428351440037053,0.9795599861283526,0.05716485599629449,0.9710038240735571,0.0028292300643432628,0.0031335840113279256,2.202978975828522,9
2020-06-05,0.9189011747500978,0.9795599861283526,0.081098825249902,0.9710038240735571,0.0028609349222425812,0.0030902099276629087,2.0981248971798503,9
2020-06-06,0.9088862256119385,0.9795599861283526,0.09111377438806137,0.9710038240735571,0.0028742004115875877,0.003072060441582411,2.4915392151625277,9
2020-06-07,0.728030327657914,0.9795599861283526,0.2719696723420858,0.9710038240735571,0.003113643123235237,0.002744306245608951,2.6520654917072837,9
2020-06-08,0.5012432033564898,0.9795599861283526,0.4987567966435103,0.9710038240735571,0.00341359249318514,0.0023333136685162095,3.1156435112819567,9
2020-06-09,0.23546223619841608,0.9795599861283526,0.7645377638015839,0.9710038240735571,0.0037646852900488233,0.0018516549104585236,3.3827945136464317,9
2020-06-10,0.10312842443344115,0.9795599861283526,0.8968715755665587,0.9710038240735571,0.003939323307529919,0.0016118343540608635,2.940601179515328,9
2020-06-11,0.07835432629970175,0.9795599861283526,0.9216456737002984,0.9710038240735571,0.003972004356495612,0.0015669377556825487,-0.7266187867156422,9
2020-06-12,0.3961743387454954,0.9795599861283526,0.6038256612545047,0.9710038240735571,0.0035524423937691846,0.0021429037253957754,2.1646899270484314,9
2020-06-13,0.4105916941191967,0.9795599861283526,0.5894083058808033,0.9710038240735571,0.0035333939594034336,0.002169031425802717,3.2124894335453344,9
2020-06-14,0.18211644487381012,0.9795599861283526,0.8178835551261899,0.9710038240735571,0.0038350983948328594,0.001754979562062593,2.484728524246867,9
2020-06-15,0.15639199844537838,0.9795599861283526,0.8436080015546215,0.9710038240735571,0.003869046373402658,0.001708360704997968,2.9656833415882398,9
2020-06-16,0.10226733443098583,0.9795599861283526,0.8977326655690141,0.9710038240735571,0.0039404592923700625,0.0016102738527744344,3.186776232997051,9
2020-06-17,0.06783132677556503,0.9795599861283526,0.932168673224435,0.9710038240735571,0.003985884677787056,0.001547867560641747,3.026264765925954,9
2020-06-18,0.058142463999753036,0.9795599861283526,0.9418575360002469,0.9710038240735571,0.003998664091121827,0.0015303090211364956,3.1494555079109077,9
2020-06-19,0.05132082488072827,0.9795599861283526,0.9486791751192717,0.9710038240735571,0.004007661324756322,0.0015179465775005936,2.676226117777871,9
2020-06-20,0.05916467993252868,0.9795599861283526,0.9408353200674713,0.9710038240735571,0.003997315838151083,0.0015321615211928848,3.2669444115341513,9
2020-06-21,0.04978559995826175,0.9795599861283526,0.9502144000417382,0.9710038240735571,0.004009686129885388,0.001515164382306554,3.0128766104254194,9
2020-06-22,0.050628335337502814,0.9795599861283526,0.9493716646624972,0.9710038240735571,0.004008574649768748,0.0015166916206204063,0.3624345377849856,9
2020-06-23,0.21538122977996685,0.9795599861283526,0.7846187702200332,0.9710038240735571,0.00379119315515238,0.001815263318105313,2.933167167357906,9
2020-06-24,0.13054826434616795,0.9795599861283526,0.8694517356538322,0.9710038240735571,0.003903147396336447,0.0016615256701085236,0.8467422835134742,9
2020-06-25,0.34040194391608986,0.9795599861283526,0.6595980560839101,0.9710038240735571,0.003626116893527829,0.0020418307903595453,3.0455524340427016,9
2020-06-26,0.17536497580395827,0.9795599861283526,0.8246350241960416,0.9710038240735571,0.0038440085787709885,0.0017427442833591496,2.777556756554172,9
2020-06-27,0.12380096412382202,0.9795599861283526,0.876199035876178,0.9710038240735571,0.003912049793115309,0.001649297946355059,2.0514767714313877,9
2020-06-28,0.15381840961545748,0.9795599861283526,0.8461815903845425,0.9710038240735571,0.0038724424420368566,0.0017036967457505269,2.855758082933702,9
2020-06-29,0.10880841558295921,0.9795599861283526,0.8911915844170407,0.9710038240735571,0.0039318299109173,0.0016221278581898795,3.180194067981766,9
2020-06-30,0.070583340601053,0.9795599861283526,0.929416659398947,0.9710038240735571,0.003982254714969091,0.0015528548687079179,3.2889497905151983,9
2020-07-01,0.052873971462958295,0.9795599861283526,0.9471260285370416,0.9710038240735571,0.0040056128670321045,0.0015207612510337574,3.015391293322573,9
2020-07-02,0.052550977940589445,0.9795599861283526,0.9474490220594105,0.9710038240735571,0.004006038867134137,0.0015201759094251826,2.1744994315990893,9
2020-07-03,0.07679547066474664,0.9795599861283526,0.9232045293352534,0.9710038240735571,0.003974060604805984,0.0015641127359787219,3.3739985267997383,9
2020-07-04,0.05304158302021603,0.9795599861283526,0.9469584169797841,0.9710038240735571,0.00400539180183179,0.0015210650033128169,3.3504996197095074,9
2020-07-05,0.04620051894810644,0.9795599861283526,0.9537994810518936,0.9710038240735571,0.004014414425887257,0.0015086673570103048,3.2501353365830457,9
2020-07-06,0.0451670702016906,0.9795599861283526,0.9548329297983094,0.9710038240735571,0.004015777406350939,0.00150679450040572,1.324878953219289,9
2020-07-07,0.11627547026102411,0.9795599861283526,0.8837245297389759,0.9710038240735571,0.003921978586849255,0.0016356599493739955,2.826565086064922,9
2020-07-08,0.08896726626411526,0.9795599861283526,0.9110327337358846,0.9710038240735571,0.003958004662922616,0.0015861709443388298,2.1154180934755535,9
2020-07-09,0.11850816722573143,0.9795599861283526,0.8814918327742687,0.9710038240735571,0.003919032907008037,0.001639706130929579,1.6638399513600381,9
2020-07-10,0.19194184122059166,0.9795599861283526,0.8080581587794083,0.9710038240735571,0.0038221308911293205,0.001772785533093621,3.2930935566023125,9
2020-07-11,0.09505099867533134,0.9795599861283526,0.9049490013246686,0.9710038240735571,0.003949979183617022,0.0015971961243164425,3.211865863930434,9
2020-07-12,0.06354710816424464,0.9795599861283526,0.9364528918357553,0.9710038240735571,0.0039915355512183046,0.0015401035305923382,3.4009572623285034,9
2020-07-13,0.0486370165608859,0.9795599861283526,0.9513629834391141,0.9710038240735571,0.004011200984144047,0.0015130828741435685,3.2039790226704525,9
2020-07-14,0.04675552835933335,0.9795599861283526,0.9532444716406666,0.9710038240735571,0.0040136824399232465,0.0015096731669694615,3.52715850550547,9
2020-07-15,0.04176102979796441,0.9795599861283526,0.9582389702020355,0.9710038240735571,0.004020269467735665,0.0015006219395625,3.100367878901073,9
2020-07-16,0.0457486693376823,0.9795599861283526,0.9542513306623178,0.9710038240735571,0.004015010355860186,0.0015078484973134918,3.0885429763471346,9
2020-07-17,0.04755078214464395,0.9795599861283526,0.9524492178553561,0.9710038240735571,0.0040126335990311995,0.0015111143572648733,3.525801219926583,9
2020-07-18,0.041996088278582394,0.9795599861283526,0.9580039117214175,0.9710038240735571,0.004019959462961501,0.001501047921817949,3.53673639762392,9
2020-07-19,0.04034860652806416,0.9795599861283526,0.9596513934719357,0.9710038240735571,0.004022132221886472,0.0014980622903697596,3.465680640515003,9
2020-07-20,0.04070258437534198,0.9795599861283526,0.9592974156246581,0.9710038240735571,0.00402166538451527,0.0014987037829947692,3.213001908227832,9
2020-07-21,0.043729828763993416,0.9795599861283526,0.9562701712360064,0.9710038240735571,0.004017672923623294,0.0015041898747498183,1.6971998488472315,9
2020-07-22,0.09176293205182236,0.9795599861283526,0.9082370679481775,0.9710038240735571,0.003954316733746453,0.0015912373602137127,2.552049604379263,9
2020-07-23,0.09172424512111858,0.9795599861283526,0.9082757548788815,0.9710038240735571,0.003954367768330202,0.001591167250231064,3.2067089816156584,9
2020-07-24,0.06316288724995611,0.9795599861283526,0.9368371127500439,0.9710038240735571,0.0039920423317342454,0.0015394072302877123,3.1337747276573653,9
2020-07-25,0.05360434702349792,0.9795599861283526,0.9463956529765021,0.9710038240735571,0.004004649563257012,0.00152208486644974,2.465643811207972,9
2020-07-26,0.06856876509435575,0.9795599861283526,0.9314312349056442,0.9710038240735571,0.003984911986361748,0.0015492039754669727,1.735896870948218,9
2020-07-27,0.1241135941948719,0.9795599861283526,0.8758864058051281,0.9710038240735571,0.003911637315195546,0.0016498645069081474,-1.832814762130605,9
2020-07-28,0.5671438173021889,0.9795599861283526,0.4328561826978111,0.9710038240735571,0.003326466953071142,0.002452741361957652,2.5653504824760724,9
2020-07-29,0.36723611779308596,0.982017250104112,0.6327638822069142,0.9747641556171011,0.0036915423281898606,0.0020181676745575326,2.429832509698649,10
2020-07-30,0.315147322966125,0.982017250104112,0.6848526770338751,0.9747641556171011,0.003770220437910432,0.0019107491725132457,3.294479298211197,10
2020-07-31,0.1368873937029702,0.982017250104112,0.8631126062970299,0.9747641556171011,0.004039300539645173,0.0015431381605944703,2.255169166050877,10
2020-08-01,0.15024327993798875,0.982017250104112,0.8497567200620113,0.9747641556171011,0.004019149440154983,0.0015706809228642747,0.7603306552336562,10
2020-08-02,0.4228442586419796,0.982017250104112,0.5771557413580205,0.9747641556171011,0.003607522913471826,0.002132843838813191,0.23756719221210099,10
2020-08-03,0.8190550502739793,0.982017250104112,0.18094494972602088,0.9747641556171011,0.00300811906321706,0.0029499172587737796,2.3887792140624304,10
2020-08-04,0.7166456943234482,0.982017250104112,0.2833543056765519,0.9747641556171011,0.003163176071737278,0.0027387267398134075,2.757439173220152,10
2020-08-05,0.4526014658913735,0.982017250104112,0.5473985341086263,0.9747641556171011,0.0035625513709622567,0.0021942097167984647,1.051102946017409,10
2020-08-06,0.7951194034817918,0.982017250104112,0.20488059651820834,0.9747641556171011,0.003044367780941013,0.002900556713335567,2.687518924586974,10
2020-08-07,0.5425314539076159,0.982017250104112,0.45746854609238413,0.9747641556171011,0.0034265959917954567,0.002379665046177009,2.259460403544182,10
2020-08-08,0.4975556556973807,0.982017250104112,0.5024443443026193,0.9747641556171011,0.0034945986134976006,0.002286915100856927,2.6046880613615326,10
2020-08-09,0.3647230986939719,0.982017250104112,0.6352769013060281,0.9747641556171011,0.0036953386761600293,0.002012985278840137,3.0048379585299405,10
2020-08-10,0.1924833423763434,0.982017250104112,0.8075166576236567,0.9747641556171011,0.003955408474441292,0.0016577891819141975,2.4224643822046676,10
2020-08-11,0.17732625396024373,0.982017250104112,0.8226737460397563,0.9747641556171011,0.003978282521916717,0.0016265319462953091,0.5733038039636612,10
2020-08-12,0.4784807422799141,0.982017250104112,0.5215192577200859,0.9747641556171011,0.003523434353729215,0.00224757845210674,2.3718118968264283,10
2020-08-13,0.4238106301555745,0.982017250104112,0.5761893698444254,0.9747641556171011,0.0036060625715691966,0.00213483670850337,2.313608952926628,10
2020-08-14,0.3951354771259301,0.982017250104112,0.6048645228740699,0.9747641556171011,0.0036493919345945936,0.002075702263282135,3.2106700329083,10
2020-08-15,0.1769257642664161,0.982017250104112,0.8230742357335838,0.9747641556171011,0.003978886887240416,0.001625706048841969,3.152108241555934,10
2020-08-16,0.09694547503724936,0.982017250104112,0.9030545249627507,0.9747641556171011,0.004099555070689085,0.0014607691772824255,3.4636529678588692,10
2020-08-17,0.05426334407654891,0.982017250104112,0.9457366559234511,0.9747641556171011,0.004163928361643911,0.001372749276129262,0.8852956820405411,10
2020-08-18,0.16992087515043258,0.982017250104112,0.8300791248495674,0.9747641556171011,0.00398945750564262,0.001611260433459142,1.374276951427536,10
2020-08-19,0.3105161989756614,0.982017250104112,0.6894838010243386,0.9747641556171011,0.00377721445446107,0.0019011987806585378,1.7957737082279828,10
2020-08-20,0.4058573255522945,0.982017250104112,0.5941426744477056,0.9747641556171011,0.0036331915890143564,0.0020978130627531534,2.750790541583235,10
2020-08-21,0.26673537071909975,0.982017250104112,0.7332646292809002,0.9747641556171011,0.0038433241276642567,0.0018109131250736662,1.3042075276557423,10
2020-08-22,0.47567326028780016,0.982017250104112,0.5243267397121999,0.9747641556171011,0.0035276781914887188,0.002241788809418499,2.5309681939412623,10
2020-08-23,0.37103239726688547,0.982017250104112,0.6289676027331146,0.9747641556171011,0.003685807292646838,0.0020259964341932985,3.1983998648453706,10
2020-08-24,0.1686709300373077,0.982017250104112,0.8313290699626923,0.9747641556171011,0.003991343671893029,0.001608682772905937,3.0652461975423435,10
2020-08-25,0.09940427172264416,0.982017250104112,0.9005957282773559,0.9747641556171011,0.00409584623568509,0.0014658397545083716,0.7025668456742198,10
2020-08-26,0.28501459406435337,0.982017250104112,0.7149854059356466,0.9747641556171011,0.003815724222909997,0.0018486088866439413,2.9153142274359825,10
2020-08-27,0.17011436739998984,0.982017250104112,0.8298856326000102,0.9747641556171011,0.003989165524793509,0.0016116594568512874,2.4006137236588967,10
2020-08-28,0.1552866071292677,0.982017250104112,0.8447133928707322,0.9747641556171011,0.0040115397722686385,0.0015810813679889139,2.1987262705748307,10
2020-08-29,0.17410319223074366,0.982017250104112,0.8258968077692564,0.9747641556171011,0.00398314629564443,0.0016198852871792883,3.2872718461820702,10
2020-08-30,0.08627431076374781,0.982017250104112,0.9137256892362523,0.9747641556171011,0.004115650798621977,0.0014387628996341138,2.266596458833093,10
2020-08-31,0.10321578585217106,0.982017250104112,0.8967842141478288,0.9747641556171011,0.00409009686770644,0.0014736999313405392,3.411662252226626,10
2020-09-01,0.057427490684902674,0.982017250104112,0.9425725093150974,0.9747641556171011,0.004159156720005288,0.0013792744393634467,1.6398292157866294,10
2020-09-02,0.11306570059107793,0.982017250104112,0.886934299408922,0.9747641556171011,0.0040752384771380774,0.0014940126126001497,0.11359796130667132,10
2020-09-03,0.401841234620549,0.982017250104112,0.598158765379451,0.9747641556171011,0.0036392598793283677,0.0020895310037538067,-1.3021257026378017,10
2020-09-04,0.8224602367460324,0.982017250104112,0.1775397632539676,0.9747641556171011,0.003002961771199084,0.002956939498993092,2.1539018286809513,10
2020-09-05,0.8317255901773817,0.982017250104112,0.16827440982261838,0.9747641556171011,0.002988928521108249,0.002976046686821352,1.6513547854947854,10
2020-09-06,0.922017584029586,0.982017250104112,0.07798241597041412,0.9747641556171011,0.002852134566635579,0.0031622485515105992,2.3293649247518626,10
2020-09-07,0.8544412993344093,0.982017250104112,0.14555870066559087,0.9747641556171011,0.002954520351436219,0.0030228914536973676,2.4134535272799793,10
2020-09-08,0.7374469295337307,0.982017250104112,0.2625530704662694,0.9747641556171011,0.0031316883433302038,0.002781623442153752,1.8309706574345481,10
2020-09-09,0.8318885040740005,0.982017250104112,0.16811149592599953,0.9747641556171011,0.00298868176614152,0.0029763826509532757,2.428337850307125,10
2020-09-10,0.7077125163698634,0.982017250104112,0.2922874836301365,0.9747641556171011,0.0031766974795162865,0.0027203045705645914,2.5481203264117416,10
2020-09-11,0.5417234333950167,0.982017250104112,0.4582765666049832,0.9747641556171011,0.003427817856478049,0.002377998730928733,2.9883146503791953,10
2020-09-12,0.28584232779034013,0.982017250104112,0.7141576722096599,0.9747641556171011,0.003814474355723975,0.001850315854855289,3.2447234658250483,10
2020-09-13,0.13168330824254817,0.982017250104112,0.8683166917574519,0.9747641556171011,0.004047151951069287,0.0015324061967138306,2.6767765718663816,10
2020-09-14,0.10448847807222131,0.982017250104112,0.8955115219277787,0.9747641556171011,0.004088177084509255,0.0014763245014096946,1.1014045108149695,10
2020-09-15,0.25991104600486226,0.982017250104112,0.7400889539951377,0.9747641556171011,0.0038536274863511413,0.0017968398730296821,2.8554741372194656,10
2020-09-16,0.1646972859109332,0.982017250104112,0.8353027140890668,0.9747641556171011,0.0039973398096652245,0.0016004882485148426,2.314147352371033,10
2020-09-17,0.16819500607271004,0.982017250104112,0.8318049939272901,0.9747641556171011,0.003992061837310164,0.0016077013134666491,3.3080688538366183,10
2020-09-18,0.0830863723901095,0.982017250104112,0.9169136276098904,0.9747641556171011,0.004120459100917614,0.0014321886725696686,3.4377387933965613,10
2020-09-19,0.05051344455802027,0.982017250104112,0.9494865554419798,0.9747641556171011,0.004169583228505777,0.0013650161621181765,2.6695420817438484,10
2020-09-20,0.057092577420679406,0.982017250104112,0.9429074225793207,0.9747641556171011,0.004159661784727377,0.0013785837748687673,2.421634457626458,10
2020-09-21,0.067938176581739,0.982017250104112,0.932061823418261,0.9747641556171011,0.004143305633824637,0.0014009497754553422,0.1839744722607497,10
2020-09-22,0.2631854498650167,0.982017250104112,0.7368145501349835,0.9747641556171011,0.003848683844083222,0.001803592410862709,3.196304421472599,10
2020-09-23,0.12784700043837516,0.982017250104112,0.8721529995616248,0.9747641556171011,0.0040529396468296465,0.0015244948898948873,1.2626394907346927,10
2020-09-24,0.25957348713685846,0.982017250104112,0.7404265128631417,0.9747641556171011,0.0038541371221140867,0.0017961437527206372,0.6112923901822463,10
2020-09-25,0.6544158696036929,0.982017250104112,0.34558413039630714,0.9747641556171011,0.003257354071931271,0.002610395213309848,2.74172007225246,10
2020-09-26,0.41611817911450294,0.982017250104112,0.583881820885497,0.9747641556171011,0.0036176868752592246,0.0021189731898593714,3.0987893196740726,10
2020-09-27,0.20436039827150393,0.982017250104112,0.7956396017284961,0.9747641556171011,0.003937483063575714,0.00168228227216888,3.3925471242958247,10
2020-09-28,0.09085492503379251,0.982017250104112,0.9091450749662076,0.9747641556171011,0.004108741800401613,0.001448209129384014,3.365750002392444,10
2020-09-29,0.05473331504597181,0.982017250104112,0.9452666849540282,0.9747641556171011,0.004163219634683362,0.001373718459188832,3.0013144776549416,10
2020-09-30,0.050673157932369456,0.982017250104112,0.9493268420676306,0.9747641556171011,0.0041693423823926205,0.0013653455260722864,3.1505301401251002,10
2020-10-01,0.04515857371234648,0.982017250104112,0.9548414262876536,0.9747641556171011,0.004177658192656947,0.001353973245752118,2.259828164694617,10
2020-10-02,0.06398483642511196,0.982017250104112,0.936015163574888,0.9747641556171011,0.004149267746563765,0.001392797122296306,3.355235350353834,10
2020-10-03,0.046167111526967945,0.982017250104112,0.953832888473032,0.9747641556171011,0.004176137370379595,0.001356053071589163,3.4691467571650056,10
2020-10-04,0.03885373653215202,0.982017250104112,0.9611462634678479,0.9747641556171011,0.004187165361285504,0.0013409712907677597,3.027617281531771,10
2020-10-05,0.042845193255101374,0.982017250104112,0.9571548067448986,0.9747641556171011,0.0041811466167136,0.0013492025486338353,3.059713355385555,10
2020-10-06,0.04408297651679846,0.982017250104112,0.9559170234832016,0.9747641556171011,0.004179280127440154,0.0013517551287860292,2.1611064825450863,10
2020-10-07,0.0663307574692164,0.982017250104112,0.9336692425307835,0.9747641556171011,0.004145729831335172,0.001397634925230872,3.3101965915828777,10
2020-10-08,0.04828105726350236,0.982017250104112,0.9517189427364977,0.9747641556171011,0.004172949622698089,0.001360412490638419,1.8950038322893956,10
2020-10-09,0.08520800454852046,0.982017250104112,0.9147919954514795,0.9747641556171011,0.004117259096114857,0.0014365639427041108,2.4953444351375595,10
2020-10-10,0.08817302469547085,0.982017250104112,0.9118269753045292,0.9747641556171011,0.004112786966130177,0.0014426784635674676,2.032194966471666,10
2020-10-11,0.12268833107409124,0.982017250104112,0.8773116689259087,0.9747641556171011,0.004060722143253133,0.0015138565839503176,3.2717645696022615,10
2020-10-12,0.0695328961733142,0.982017250104112,0.9304671038266858,0.9747641556171011,0.004140900567130061,0.0014042384364865055,2.5762272610033916,10
2020-10-13,0.07297933772883418,0.982017250104112,0.9270206622711659,0.9747641556171011,0.0041357027632818845,0.001411345753722525,2.8151843160590673,10
2020-10-14,0.06400211883679574,0.982017250104112,0.9359978811632043,0.9747641556171011,0.004149241682896306,0.001392832762413935,3.4487055966099676,10
2020-10-15,0.04448827440343937,0.982017250104112,0.9555117255965607,0.9747641556171011,0.004178668964172032,0.0013525909417859137,3.2685694960298575,10
2020-10-16,0.04130733329567754,0.982017250104112,0.9586926667043224,0.9747641556171011,0.004183465582188081,0.0013460311446160619,2.379386022388399,10
2020-10-17,0.057253723919610255,0.982017250104112,0.9427462760803897,0.9747641556171011,0.00415941876845866,0.0013789160942396094,3.5041219984914633,10
2020-10-18,0.04169038834348566,0.982017250104112,0.9583096116565144,0.9747641556171011,0.004182887968776537,0.0013468210880112348,2.956622544498945,10
2020-10-19,0.04542448923638924,0.982017250104112,0.9545755107636108,0.9747641556171011,0.004177257206794033,0.001354521621796484,1.8725037706135697,10
2020-10-20,0.08273846877979978,0.982017250104112,0.9172615312202003,0.9747641556171011,0.004120983831591342,0.001431471219136557,2.505882863087844,10
2020-10-21,0.0857720875744124,0.982017250104112,0.9142279124255877,0.9747641556171011,0.004116408297330518,0.0014377272054340554,-0.9294047410111219,10
2020-10-22,0.44754644872842625,0.982017250104112,0.5524535512715738,0.9747641556171011,0.00357019146028944,0.0021837851643922174,2.6911363170325147,10
2020-10-23,0.30701414180265835,0.982017250104112,0.6929858581973417,0.9747641556171011,0.0037825032104757397,0.0018939767718398057,3.170661184238799,10
2020-10-24,0.14606420429942663,0.982017250104112,0.8539357957005734,0.9747641556171011,0.00402545491069963,0.0015620627537068696,2.790567142641169,10
2020-10-25,0.10801261020323105,0.982017250104112,0.891987389796769,0.9747641556171011,0.004082861061484582,0.0014835920336261103,3.1815375354341326,10
2020-10-26,0.06668491810352703,0.982017250104112,0.933315081896473,0.9747641556171011,0.0041451957128298186,0.0013983652820177218,3.4812096661904417,10
2020-10-27,0.04485702150478429,0.982017250104112,0.9551429784952158,0.9747641556171011,0.004178112915934508,0.0013533513790621307,0.2299027118521364,10
2020-10-28,0.08346649472737692,0.9841437946853986,0.9165335052726232,0.9858982768055898,0.003329126900772646,0.002290613835310809,1.3840732736576395,11
2020-10-29,0.14645345995371858,0.9841437946853986,0.8535465400462816,0.9858982768055898,0.00330175875372548,0.0023618062630478324,2.734653164020085,11
2020-10-30,0.09503030699936492,0.9841437946853986,0.904969693000635,0.9858982768055898,0.0033241031269786404,0.0023036840930471462,3.0221711554475945,11
2020-10-31,0.054489476497732454,0.9841437946853986,0.9455105235022675,0.9858982768055898,0.0033417141537327387,0.002257861911655887,2.7050841289360346,11
2020-11-01,0.044866787362519374,0.9841437946853986,0.9551332126374806,0.9858982768055898,0.0033458936545845597,0.002246985651807,3.050559623955097,11
2020-11-02,0.032422740205831566,0.9841437946853986,0.9675772597941685,0.9858982768055898,0.0033512982280121707,0.002232920488883607,2.7249838094510763,11
2020-11-03,0.031723035870291294,0.9841437946853986,0.9682769641297088,0.9858982768055898,0.003351602104814193,0.0022321296323918514,1.626626786575052,11
2020-11-04,0.05824615252752412,0.9841437946853986,0.941753847472476,0.9858982768055898,0.0033400824218620764,0.0022621079788512394,3.047683814548057,11
2020-11-05,0.038238510623869564,0.9841437946853986,0.9617614893761305,0.9858982768055898,0.003348772430332152,0.0022394938936147833,-1.6142655739463427,11
2020-11-06,0.2074004867510305,0.9841437946853986,0.7925995132489695,0.9858982768055898,0.0032752673203893,0.0024306930047008407,3.129878287389245,11
2020-11-07,0.09410944618854379,0.9841437946853986,0.9058905538114563,0.9858982768055898,0.003324503197568291,0.0023026432694974695,0.26693220430137665,11
2020-11-08,0.2901882976638413,0.9841437946853986,0.7098117023361588,0.9858982768055898,0.003239267298846986,0.0025242657816196396,1.1372613557800446,11
2020-11-09,0.5266261877289058,0.9841437946853986,0.47337381227109415,0.9858982768055898,0.003136356596165935,0.0027915050007543273,2.403951830766918,11
2020-11-10,0.40350016524446924,0.9841437946853986,0.5964998347555309,0.9858982768055898,0.0031899655994641757,0.002652339057026586,2.9580739455304883,11
2020-11-11,0.19861840013775495,0.9841437946853986,0.8013815998622452,0.9858982768055898,0.0032790851560351914,0.0024207668546736218,1.857167082577119,11
2020-11-12,0.24270040619641864,0.9841437946853986,0.7572995938035816,0.9858982768055898,0.003259919401964766,0.0024705915290257996,1.4049202031290922,11
2020-11-13,0.3934925098319132,0.9841437946853986,0.6065074901680868,0.9858982768055898,0.0031943212250882366,0.0026410276804232644,2.984103936769963,11
2020-11-14,0.1900642322780786,0.9841437946853986,0.8099357677219214,0.9858982768055898,0.003282803719131807,0.0024110983149208016,2.3967461090127578,11
2020-11-15,0.1520304659566622,0.9841437946853986,0.8479695340433379,0.9858982768055898,0.00329933502861241,0.002368109798952868,2.870124097012489,11
2020-11-16,0.0874572435151118,0.9841437946853986,0.9125427564848881,0.9858982768055898,0.0033273932015188243,0.002295124468481759,0.6327869120433152,11
2020-11-17,0.24415840989988338,0.9841437946853986,0.7558415901001166,0.9858982768055898,0.0032592854135845024,0.0024722394703566167,0.5604564639803915,11
2020-11-18,0.5700857620182176,0.9841437946853986,0.4299142379817825,0.9858982768055898,0.0031174250722507233,0.0028406261576628318,2.751555265478571,11
2020-11-19,0.3344298678169893,0.9841437946853986,0.6655701321830109,0.9858982768055898,0.0032200218103464327,0.0025742708068622784,3.0281976654390803,11
2020-11-20,0.15691682557708014,0.9841437946853986,0.8430831744229198,0.9858982768055898,0.003297211387937127,0.0023736327163203525,0.7499492613525849,11
2020-11-21,0.3801995663642269,0.9841437946853986,0.6198004336357731,0.9858982768055898,0.0032001063088942477,0.0026260030334374178,2.9960499648147754,11
2020-11-22,0.18208134124638123,0.9841437946853986,0.8179186587536188,0.9858982768055898,0.003286273775112321,0.0024020754735938,2.5396876059518525,11
2020-11-23,0.13122673937065607,0.9841437946853986,0.8687732606293441,0.9858982768055898,0.0033083757679682733,0.0023445959211796995,2.953272817513924,11
2020-11-24,0.07286329055815799,0.9841437946853986,0.927136709441842,0.9858982768055898,0.0033337330484452103,0.002278629326390822,0.8659055202379063,11
2020-11-25,0.18413931606836326,0.9841437946853986,0.8158606839316368,0.9858982768055898,0.0032853792165545787,0.002404401545714787,1.9074920693061779,11
2020-11-26,0.21152138010792998,0.9841437946853986,0.78847861989207,0.9858982768055898,0.003273475776899505,0.0024353507366850504,-0.9729750082117545,11
2020-11-27,0.6060801883532326,0.9841437946853986,0.3939198116467674,0.9858982768055898,0.0031017418048313646,0.0028813096639499305,2.7504517094429364,11
2020-11-28,0.3546198350911765,0.9841437946853986,0.6453801649088236,0.9858982768055898,0.0032112373276539483,0.0025970909694310778,1.402872315354178,11
2020-11-29,0.5469707269010308,0.9841437946853986,0.4530292730989692,0.9858982768055898,0.0031274948659961027,0.0028144998716716644,2.006895814292727,11
2020-11-30,0.5701387560317519,0.9841437946853986,0.42986124396824815,0.9858982768055898,0.003117401984462232,0.0028406860553331745,0.2805325656809682,11
2020-12-01,0.874579021466019,0.9841437946853986,0.12542097853398115,0.9858982768055898,0.0029846487196796122,0.003184786481814827,1.4307988457330476,11
2020-12-02,0.9434594382636087,0.9841437946853986,0.05654056173639147,0.9858982768055898,0.002954580091080036,0.003262640115145738,2.1165251622416497,11
2020-12-03,0.9200381906799301,0.9841437946853986,0.07996180932007005,0.9858982768055898,0.002964805616965914,0.0032361677256581645,2.2500693880979274,11
2020-12-04,0.8430248618957092,0.9841437946853986,0.15697513810429095,0.9858982768055898,0.0029984191275682455,0.003149121686456941,1.5490605725305924,11
2020-12-05,0.9222157466340525,0.9841437946853986,0.07778425336594756,0.9858982768055898,0.002963854972873559,0.003238628957031197,2.130368831796418,11
2020-12-06,0.893148339675873,0.9841437946853986,0.10685166032412706,0.9858982768055898,0.0029765437785497398,0.003205774869492028,2.285558592058392,11
2020-12-07,0.794029564284868,0.9841437946853986,0.20597043571513216,0.9858982768055898,0.0030197959017562977,0.0030937436543183963,2.338633016801106,11
2020-12-08,0.6565678212654649,0.9841437946853986,0.3434321787345352,0.9858982768055898,0.0030797380696614223,0.0029383744414765395,1.219453837691273,11
2020-12-09,0.8540413340118469,0.9841437946853986,0.14595866598815313,0.9858982768055898,0.0029936117679004674,0.0031615733007270795,2.3192741943816113,11
2020-12-10,0.7347026531259604,0.9841437946853986,0.26529734687403966,0.9858982768055898,0.003045672175616363,0.0030266880846403867,2.17283310516176,11
2020-12-11,0.672167318284918,0.9841437946853986,0.32783268171508195,0.9858982768055898,0.0030729381134181398,0.0029560061222584366,2.283249862232287,11
2020-12-12,0.5682346763957434,0.9841437946853986,0.43176532360425673,0.9858982768055898,0.0031182315262605763,0.0028385339266918767,1.4468658351164307,11
2020-12-13,0.7668341198207874,0.9841437946853986,0.2331658801792127,0.9858982768055898,0.003031658696960286,0.0030630053943017732,2.228709406399704,11
2020-12-14,0.6916891548022299,0.9841437946853986,0.3083108451977702,0.9858982768055898,0.0030644274994126716,0.002978071115079705,2.6270965272975175,11
2020-12-15,0.4543843691018873,0.9841437946853986,0.5456156308981129,0.9858982768055898,0.0031678153408548635,0.002709852067743289,2.839753501824826,11
2020-12-16,0.24746713103833376,0.9841437946853986,0.7525328689616663,0.9858982768055898,0.0032578466517163636,0.002475979226506236,-0.8247791650647398,11
2020-12-17,0.6674873769611473,0.9841437946853986,0.3325126230388529,0.9858982768055898,0.003074978205774454,0.0029507165137924824,0.8277689027686486,11
2020-12-18,0.8973113525907878,0.9841437946853986,0.10268864740921221,0.9858982768055898,0.002974726629465188,0.003210480208049749,2.3032092553858035,11
2020-12-19,0.7896636619666526,0.9841437946853986,0.2103363380333475,0.9858982768055898,0.003021700458528646,0.0030888089954698625,1.7818574555511866,11
2020-12-20,0.8680948264830073,0.9841437946853986,0.13190517351699285,0.9858982768055898,0.0029874786655202856,0.003177457575252938,2.1648855259631175,11
2020-12-21,0.8104037854778208,0.9841437946853986,0.18959621452217937,0.9858982768055898,0.0030126524693722097,0.003112250984443611,1.8733383669914725,11
2020-12-22,0.8502587678964107,0.9841437946853986,0.14974123210358933,0.9858982768055898,0.0029952624361622854,0.003157297970682744,1.7990508901329738,11
2020-12-23,0.906559463943433,0.9841437946853986,0.09344053605656712,0.9858982768055898,0.0029706896838588757,0.003220933092973022,2.0407876900005366,11
2020-12-24,0.8926237798385642,0.9841437946853986,0.10737622016143594,0.9858982768055898,0.002976772745014743,0.0032051819739909167,2.1999261506273013,11
2020-12-25,0.8339591561916202,0.9841437946853986,0.16604084380838005,0.9858982768055898,0.003002374980699278,0.0031388749696020456,1.6752540062940315,11
2020-12-26,0.9131338378845361,0.9841437946853986,0.086866162115464,0.9858982768055898,0.0029678197336632257,0.0032283639263214177,0.8693248752863973,11
2020-12-27,0.9677715313516893,0.9841437946853986,0.0322284686483109,0.9858982768055898,0.0029439641467508635,0.0032901194027108597,2.2563932020628497,11
2020-12-28,0.9022078632571813,0.9841437946853986,0.09779213674281875,0.9858982768055898,0.00297258925300792,0.0032160145988642313,2.084140096479863,11
2020-12-29,0.8868353375543395,0.9841437946853986,0.11316466244566056,0.9858982768055898,0.0029792993103083727,0.0031986394574948646,2.378601891630145,11
2020-12-30,0.7373491838874736,0.9841437946853986,0.26265081611252644,0.9858982768055898,0.0030445180453189174,0.0030296793852899063,1.103444660191388,11
2020-12-31,0.9123902623934093,0.9841437946853986,0.0876097376065908,0.9858982768055898,0.002968144336592692,0.003227523483473777,2.3502269416971897,11
2021-01-01,0.7812103994527045,0.9841437946853986,0.21878960054729557,0.9858982768055898,0.0030253879239816343,0.0030792545062433415,2.393569537793434,11
2021-01-02,0.6276058186451501,0.9841437946853986,0.3723941813548499,0.9858982768055898,0.0030923612094094924,0.0029056394895502647,0.08869860317643813,11
2021-01-03,0.8991887905054822,0.9841437946853986,0.100811209494518,0.9858982768055898,0.002973907116057366,0.0032126022242890194,1.7489456510063577,11
2021-01-04,0.9404705428702425,0.9841437946853986,0.059529457129757574,0.9858982768055898,0.0029558850964768175,0.003259261849205458,1.4395206165531191,11
2021-01-05,0.9665635263456136,0.9841437946853986,0.03343647365438642,0.9858982768055898,0.0029444916612146235,0.003288754028005284,1.0230958334711766,11
2021-01-06,0.9778497246092329,0.9841437946853986,0.022150275390767242,0.9858982768055898,0.0029395630323342543,0.003301510506292833,0.8102807192594073,11
2021-01-07,0.9803425836174697,0.9841437946853986,0.019657416382530397,0.9858982768055898,0.0029384743688292123,0.003304328116002473,1.0155023650824018,11
2021-01-08,0.980516998736123,0.9841437946853986,0.01948300126387699,0.9858982768055898,0.0029383981989153395,0.0033045252525955174,1.785646699105646,11
2021-01-09,0.9763028605915325,0.9841437946853986,0.023697139408467512,0.9858982768055898,0.0029402385597094884,0.0032997621286022516,2.1690536616281504,11
2021-01-10,0.942372268386594,0.9841437946853986,0.05762773161340603,0.9858982768055898,0.002955054771610618,0.0032614113170503045,1.2592479270956947,11
2021-01-11,0.9697723435690674,0.9841437946853986,0.03022765643093267,0.9858982768055898,0.002943090419169741,0.0032923808655181113,0.3181913000650114,11
2021-01-12,0.978938646258006,0.9841437946853986,0.021061353741994082,0.9858982768055898,0.0029390874882355682,0.0033027412843675183,1.4730746814624254,11
2021-01-13,0.9780589382506876,0.9841437946853986,0.021941061749312554,0.9858982768055898,0.0029394716666637857,0.0033017469746954202,-0.03279391991556792,11
2021-01-14,0.9806717593149422,0.9841437946853986,0.019328240685057896,0.9858982768055898,0.0029383306123930146,0.0033047001742048466,1.6266763416363452,11
2021-01-15,0.9782046273816687,0.9841437946853986,0.021795372618331334,0.9858982768055898,0.0029394080427104946,0.0033019116430977177,0.999751997311012,11
2021-01-16,0.9797244656794293,0.9841437946853986,0.020275534320570828,0.9858982768055898,0.0029387443103418127,0.0033036294743632264,2.107182291573833,11
2021-01-17,0.957533812872274,0.9841437946853986,0.04246618712772607,0.9858982768055898,0.0029484346596075016,0.0032785479921750658,2.26462111579898,11
2021-01-18,0.8815314831376279,0.9841437946853986,0.11846851686237218,0.9858982768055898,0.0029816142853538005,0.003192644657286082,2.259170052720666,11
2021-01-19,0.7942062230715121,0.9841437946853986,0.20579377692848802,0.9858982768055898,0.0030197188360915547,0.0030939433268674242,2.3264391758247567,11
2021-01-20,0.6622967401798798,0.9841437946853986,0.33770325982012034,0.9858982768055898,0.0030772408563876016,0.002944849680351125,1.9935392229035493,11
2021-01-21,0.6731804476540879,0.9841437946853986,0.3268195523459121,0.9858982768055898,0.00307249646002485,0.0029571512344120972,-1.5769201976846783,11
2021-01-22,0.8948354465994554,0.9841437946853986,0.10516455340054472,0.9858982768055898,0.0029758073641668976,0.003207681759867047,1.1358373125177308,11
2021-01-23,0.9610450433642553,0.9841437946853986,0.038954956635744734,0.9858982768055898,0.002946901437904919,0.003282516639055736,1.8449843346934143,11
2021-01-24,0.962725932624937,0.9841437946853986,0.03727406737506318,0.9858982768055898,0.0029461674459189233,0.003284416501778047,2.273052604792757,11
2021-01-25,0.8893355225490571,0.9841437946853986,0.110664477450943,0.9858982768055898,0.002978208028832215,0.0032014653475647544,2.3832834138549424,11
2021-01-26,0.7373006144999529,0.9841437946853986,0.26269938550004723,0.9858982768055898,0.003044539226190532,0.0030296244886521837,2.575016329831085,11
2021-01-27,0.4465805344370445,0.9850040199352756,0.5534194655629557,0.9860652660586086,0.002618686207129315,0.003173112027463147,0.21302837741403957,12
2021-01-28,0.14786319202223885,0.9850040199352756,0.8521368079777611,0.9860652660586086,0.0027736737244505047,0.003872441282725685,-0.05318727339425336,12
2021-01-29,0.040034882585510884,0.9850040199352756,0.9599651174144891,0.9860652660586086,0.0028293794678483945,0.004124878890549247,2.1441019986609877,12
2021-01-30,0.06312175946575416,0.9850040199352756,0.936878240534246,0.9860652660586086,0.0028174631590685206,0.004070830041947152,2.3116518260141037,12
2021-01-31,0.16278113044590617,0.9850040199352756,0.8372188695540939,0.9860652660586086,0.002765956854767769,0.003837516792960411,1.6223525431168073,12
2021-02-01,0.09336561140528195,0.9850040199352756,0.906634388594718,0.9860652660586086,0.0028018439321562784,0.004000025949080757,2.2765811012083095,12
2021-02-02,0.17911142436666674,0.9850040199352756,0.8208885756333331,0.9860652660586086,0.0027575065938113515,0.0037992858278831786,1.1810906953370213,12
2021-02-03,0.058519251031205276,0.9850040199352756,0.9414807489687947,0.9860652660586086,0.0028198392135160826,0.00408160500656706,1.40742855387496,12
2021-02-04,0.028483637497749396,0.9850040199352756,0.9715163625022506,0.9860652660586086,0.002835339458710879,0.004151921591047573,2.1407362674697676,12
2021-02-05,0.059743869854428006,0.9850040199352756,0.940256130145572,0.9860652660586086,0.0028192070242012736,0.0040787380428926314,2.0692707113067703,12
2021-02-06,0.06763434805540577,0.9850040199352756,0.9323656519445942,0.9860652660586086,0.002815133300486605,0.004060265589303738,1.897187583234591,12
2021-02-07,0.05057704655910267,0.9850040199352756,0.9494229534408973,0.9860652660586086,0.002823938846848455,0.004100198556890313,2.206310134284517,12
2021-02-08,0.10968677052118468,0.9850040199352756,0.8903132294788154,0.9860652660586086,0.002793410817718928,0.0039618163695589355,-2.120261168987616,12
2021-02-09,0.04296295774634784,0.9850040199352756,0.9570370422536522,0.9860652660586086,0.0028278684631740662,0.0041180239533533435,2.2585088271392824,12
2021-02-10,0.10637820860484393,0.9850040199352756,0.8936217913951561,0.9860652660586086,0.002795120581852197,0.003969562066953804,1.7359306516057145,12
2021-02-11,0.07147064320727459,0.9850040199352756,0.9285293567927253,0.9860652660586086,0.0028131524380266104,0.004051284411947793,1.2175486258861192,12
2021-02-12,0.029510466379574093,0.9850040199352756,0.9704895336204259,0.9860652660586086,0.0028348097143819175,0.004149517674785452,2.1958971755080468,12
2021-02-13,0.07372521885075631,0.9850040199352756,0.9262747811492437,0.9860652660586086,0.0028119882176491067,0.0040460062091727455,2.2596862818085697,12
2021-02-14,0.16249931301159123,0.9850040199352756,0.8375006869884087,0.9860652660586086,0.0027661026581353586,0.003838176557722866,1.845092396595273,12
2021-02-15,0.10499630849927341,0.9850040199352756,0.8950036915007267,0.9860652660586086,0.002795834670256511,0.003972797242936101,2.1309759651894957,12
2021-02-16,0.15232788910995804,0.9850040199352756,0.8476721108900419,0.9860652660586086,0.002771364446268493,0.003861988949211711,2.1333911055262593,12
2021-02-17,0.17824950773240084,0.9850040199352756,0.8217504922675991,0.9860652660586086,0.0027579526735824235,0.0038013036669315146,1.114982334236692,12
2021-02-18,0.056338439019661374,0.9850040199352756,0.9436615609803386,0.9860652660586086,0.0028209649811253724,0.004086710520788536,2.1748981600090502,12
2021-02-19,0.10763198082440889,0.9850040199352756,0.892368019175591,0.9860652660586086,0.002794472684635741,0.00396662685205972,0.6655224335780887,12
2021-02-20,0.03334158057531815,0.9850040199352756,0.9666584194246819,0.9860652660586086,0.00283283312821838,0.004140548626602053,2.2652734233057554,12
2021-02-21,0.09966896336056791,0.9850040199352756,0.9003310366394321,0.9860652660586086,0.0027985873472874943,0.0039852691278231996,1.9769837851261625,12
2021-02-22,0.08352997045266157,0.9850040199352756,0.9164700295473384,0.9860652660586086,0.0028069245806401676,0.004023052236764028,0.8633365828482585,12
2021-02-23,0.03281064489625048,0.9850040199352756,0.9671893551037495,0.9860652660586086,0.0028331070633857503,0.00414179160382605,-0.42998778826085526,12
2021-02-24,0.02014279474995999,0.9850040199352756,0.9798572052500399,0.9860652660586086,0.0028396420981248627,0.004171448396220382,2.1243603922304213,12
2021-02-25,0.037011353880409006,0.9850040199352756,0.9629886461195911,0.9860652660586086,0.0028309396317689316,0.004131957294703861,1.5487674830964193,12
2021-02-26,0.027397481669883487,0.9850040199352756,0.9726025183301166,0.9860652660586086,0.002835899797423914,0.004154464398037151,1.8525383689323598,12
2021-02-27,0.03090692277385861,0.9850040199352756,0.9690930772261414,0.9860652660586086,0.0028340892594811667,0.004146248420974049,2.1866451534843985,12
2021-02-28,0.07367328571130508,0.9850040199352756,0.9263267142886951,0.9860652660586086,0.002812015035570649,0.004046127790207989,2.1992929956782454,12
2021-03-01,0.13899091362298305,0.9850040199352756,0.8610090863770171,0.9860652660586086,0.0027782620902470087,0.0038932122356113655,0.23813189430899318,12
2021-03-02,0.03833849353797627,0.9850040199352756,0.9616615064620239,0.9860652660586086,0.002830254829901486,0.004128850318788592,1.8767681675559895,12
2021-03-03,0.039477316859944434,0.9850040199352756,0.9605226831400555,0.9860652660586086,0.002829667183559965,0.004126184211560971,1.5792726521875755,12
2021-03-04,0.02541837214809664,0.9850040199352756,0.9745816278519034,0.9860652660586086,0.0028369207702348084,0.00415909770515205,1.4625676108658576,12
2021-03-05,0.022111302137198134,0.9850040199352756,0.9778886978628019,0.9860652660586086,0.0028386267086388177,0.004166839909836675,2.2431025989347475,12
2021-03-06,0.06749929093268286,0.9850040199352756,0.9325007090673172,0.9860652660586086,0.0028152030339915436,0.004060581772476394,2.324395321257189,12
2021-03-07,0.17677573332008734,0.9850040199352756,0.8232242666799128,0.9860652660586086,0.0027587153978008232,0.0038047539304945765,1.628031240455598,12
2021-03-08,0.08370651202544158,0.9850040199352756,0.9162934879745585,0.9860652660586086,0.002806833396572507,0.004022638934055799,2.1548803077933796,12
2021-03-09,0.11512414050519852,0.9850040199352756,0.8848758594948015,0.9860652660586086,0.002790600689708764,0.003949086904738553,1.4850537250130917,12
2021-03-10,0.04786956397595293,0.9850040199352756,0.952130436024047,0.9860652660586086,0.0028253362461172875,0.00410653706326294,2.062660069355339,12
2021-03-11,0.05572069835146155,0.9850040199352756,0.9442793016485385,0.9860652660586086,0.0028212838585747733,0.004088156717778457,1.9634079186077826,12
2021-03-12,0.04931522126115434,0.9850040199352756,0.9506847787388457,0.9860652660586086,0.002824590116344613,0.004103152624902408,2.2014912571909613,12
2021-03-13,0.10625460910521889,0.9850040199352756,0.8937453908947812,0.9860652660586086,0.002795184451987989,0.003969851426605055,1.006355316242088,12
2021-03-14,0.035462765294519166,0.9850040199352756,0.9645372347054809,0.9860652660586086,0.002831738676509312,0.004135582706250856,1.9638703465181984,12
2021-03-15,0.043848587493523175,0.9850040199352756,0.9561514125064768,0.9860652660586086,0.002827411424055436,0.004115950599370867,0.8476716297458993,12
2021-03-16,0.02333671672987661,0.9850040199352756,0.9766632832701234,0.9860652660586086,0.0028379945975641027,0.00416397108318082,2.2450032404028306,12
2021-03-17,0.07037625083457695,0.9850040199352756,0.9296237491654231,0.9860652660586086,0.0028137175415378205,0.004053846501569966,1.8024126390633208,12
2021-03-18,0.04492767133686606,0.9850040199352756,0.955072328663134,0.9860652660586086,0.0028268545391709077,0.004113424348653616,2.08137307522125,12
2021-03-19,0.06942393603406712,0.9850040199352756,0.930576063965933,0.9860652660586086,0.002814209270793219,0.004056075972396241,2.3069000243844338,12
2021-03-20,0.16715467680733742,0.9850040199352756,0.8328453231926626,0.9860652660586086,0.002763694009540692,0.003827277853047948,2.4730481167605567,12
2021-03-21,0.3644781190311605,0.9850040199352756,0.6355218809688395,0.9860652660586086,0.0026613819758782766,0.003365322565213989,2.2712764702517076,12
2021-03-22,0.464659733524057,0.9850040199352756,0.535340266475943,0.9860652660586086,0.0026092745434810783,0.0031307866882944986,0.8131509437324664,12
2021-03-23,0.19229329499555586,0.9850040199352756,0.8077067050044442,0.9860652660586086,0.002750683381313459,0.0037684256585493645,2.5084875817323358,12
2021-03-24,0.40349969520948104,0.9850040199352756,0.5965003047905191,0.9860652660586086,0.0026410987756584603,0.0032739688808669275,1.4211572838222508,12
2021-03-25,0.23355961088309474,0.9850040199352756,0.7664403891169053,0.9860652660586086,0.002729310756729458,0.0036718167984016083,2.016998608233042,12
2021-03-26,0.24363562997512536,0.9850040199352756,0.7563643700248747,0.9860652660586086,0.0027240893558535028,0.003648227759778414,1.033836732340692,12
2021-03-27,0.07489369349667882,0.9850040199352756,0.9251063065033213,0.9860652660586086,0.002811384817438721,0.00404327068502366,2.1146866269856432,12
2021-03-28,0.09310529299545076,0.9850040199352756,0.9068947070045492,0.9860652660586086,0.0028019784145668263,0.004000635382326937,2.3006695078402695,12
2021-03-29,0.20554977779296843,0.9850040199352756,0.7944502222070317,0.9860652660586086,0.0027438196270913257,0.003737390814147054,1.8468327524373598,12
2021-03-30,0.13698362134932818,0.9850040199352756,0.8630163786506718,0.9860652660586086,0.0027793000569177363,0.003897911521563367,2.174791808196099,12
2021-03-31,0.17965030768067108,0.9850040199352756,0.820349692319329,0.9860652660586086,0.0027572276938554094,0.0037980242443955603,2.4911781288933623,12
2021-04-01,0.38426926474932577,0.9850040199352756,0.6157307352506743,0.9860652660586086,0.0026510967333611955,0.0033189893758384034,2.732205276518615,12
2021-04-02,0.6317137695682962,0.9850040199352756,0.3682862304317039,0.9860652660586086,0.0025221401015708377,0.0027396953185366887,2.9638763778966633,12
2021-04-03,0.8165913125589014,0.9850040199352756,0.18340868744109864,0.9860652660586086,0.0024253524161407646,0.002306877212265334,1.413791204543113,12
2021-04-04,0.7148987681416034,0.9850040199352756,0.2851012318583967,0.9860652660586086,0.0024786371873401535,0.002544950337776566,2.521299408425852,12
2021-04-05,0.7913256399230072,0.9850040199352756,0.2086743600769929,0.9860652660586086,0.002438601684629094,0.002366026854818164,2.9146405038830743,12
2021-04-06,0.8856970607929681,0.9850040199352756,0.11430293920703194,0.9860652660586086,0.0023890777556776193,0.0021450932627423043,2.6327297549881283,12
2021-04-07,0.9180703350104045,0.9850040199352756,0.08192966498959552,0.9860652660586086,0.002372066525142095,0.0020693039645185277,1.239932133433101,12
2021-04-08,0.8465546014341563,0.9850040199352756,0.15344539856584385,0.9860652660586086,0.002409630657213555,0.0022367299475469344,1.6626780896881495,12
2021-04-09,0.7772877425163391,0.9850040199352756,0.22271225748366094,0.9860652660586086,0.0024459601061503846,0.002398891074416184,3.088447291276775,12
2021-04-10,0.8953018765204505,0.9850040199352756,0.10469812347954946,0.9860652660586086,0.002384031898045184,0.002122607361604676,1.8074933951987238,12
2021-04-11,0.857447107072521,0.9850040199352756,0.142552892927479,0.9860652660586086,0.0024039129127101755,0.0022112294265713463,3.119510721741461,12
2021-04-12,0.9292090962596852,0.9850040199352756,0.0707909037403149,0.9860652660586086,0.002366210768023989,0.0020432269328134528,3.1773562484494344,12
2021-04-13,0.9590472558614138,0.9850040199352756,0.04095274413858612,0.9860652660586086,0.002350517850754625,0.0019733726091106596,0.010205696539606457,12
2021-04-14,0.8309135778911969,0.9850040199352756,0.16908642210880315,0.9860652660586086,0.002417838741138204,0.002273347256931846,2.7553461064578646,12
2021-04-15,0.8953558687263127,0.9850040199352756,0.10464413127368728,0.9860652660586086,0.002384003530563231,0.0021224809600746872,3.1213482420261847,12
2021-04-16,0.9441507934293203,0.9850040199352756,0.05584920657067963,0.9860652660586086,0.002358353634038816,0.002008246821282166,1.5642666417387332,12
2021-04-17,0.9091433865972346,0.9850040199352756,0.09085661340276553,0.9860652660586086,0.0023767585285961687,0.002090202905755359,1.9535544655435952,12
2021-04-18,0.8929189196801256,0.9850040199352756,0.1070810803198744,0.9860652660586086,0.002385283870725979,0.0021281861184957083,-0.3866824207088211,12
2021-04-19,0.6315032370758975,0.9850040199352756,0.3684967629241026,0.9860652660586086,0.002522250106647904,0.0027401881976240813,2.564380064620039,12
2021-04-20,0.7516827338207864,0.9850040199352756,0.24831726617921365,0.9860652660586086,0.002459376242802941,0.0024588351389867188,2.7616002552383008,12
2021-04-21,0.8488722547784494,0.9850040199352756,0.15112774522155067,0.9860652660586086,0.002408414172809422,0.0022313040731262567,0.6491170756479856,12
2021-04-22,0.6445190963683547,0.9850040199352756,0.3554809036316453,0.9860652660586086,0.0025154482923125097,0.0027097166785886835,1.073807930670212,12
2021-04-23,0.40674431967380675,0.9850040199352756,0.5932556803261934,0.9860652660586086,0.0026394114861223194,0.0032663728678872304,2.1073883874784114,12
2021-04-24,0.44381822800896076,0.9850040199352756,0.5561817719910392,0.9860652660586086,0.002620123892189525,0.003179578882321798,2.32767832760396,12
2021-04-25,0.5520682576975855,0.9850040199352756,0.44793174230241456,0.9860652660586086,0.002563720906375689,0.00292615398227307,1.7058033210239243,12
2021-04-26,0.45955980421796877,0.9850040199352756,0.5404401957820312,0.9860652660586086,0.002611929825830968,0.0031427261683885793,-0.35728277805682485,12
2021-04-27,0.12957335039286966,0.9850040199352756,0.8704266496071305,0.9860652660586086,0.002783131510171609,0.00391525975862045,2.1573827915915214,12
2021-04-28,0.7559169025446757,0.9910025046392935,0.2440830974553242,0.9886889483860036,0.002802777043016052,0.003952952012619978,2.522020497823889,13
2021-04-29,0.5564018704903475,0.9910025046392935,0.44359812950965255,0.9886889483860036,0.002832669494396199,0.0031701532346462354,1.9561600976167433,13
2021-04-30,0.5674527587067657,0.9910025046392935,0.4325472412932342,0.9886889483860036,0.002831045849726422,0.0032135114803997734,0.37626405896750825,13
2021-05-01,0.871278715663923,0.9910025046392935,0.12872128433607696,0.9886889483860036,0.0027849337145172824,0.0044055749824521056,2.4363147298879593,13
2021-05-02,0.7162554124247339,0.9910025046392935,0.28374458757526616,0.9886889483860036,0.002808816945845068,0.0037973398480686173,1.9621122365630033,13
2021-05-03,0.7224648624244184,0.9910025046392935,0.27753513757558146,0.9886889483860036,0.002807874529089203,0.0038217026733735225,2.442545954382808,13
2021-05-04,0.583653065582896,0.9910025046392935,0.41634693441710396,0.9886889483860036,0.0028286588339500687,0.0032770735102621708,0.4998950203090331,13
2021-05-05,0.8388335442248995,0.9910025046392935,0.16116645577510044,0.9886889483860036,0.002789993511693418,0.0042782761002971995,0.986749705092409,13
2021-05-06,0.9544050655508599,0.9910025046392935,0.04559493444913999,0.9886889483860036,0.0027718223403014534,0.004731721861907248,2.135714189530416,13
2021-05-07,0.9238547585073528,0.9910025046392935,0.07614524149264713,0.9886889483860036,0.0027766657128820075,0.0046118574949262775,2.2592969719229226,13
2021-05-08,0.8770256444080695,0.9910025046392935,0.12297435559193043,0.9886889483860036,0.0027840341070488315,0.0044281231020183295,2.0956373198712748,13
2021-05-09,0.8852773565784076,0.9910025046392935,0.11472264342159241,0.9886889483860036,0.0027827406298930736,0.004460498758812815,2.3163847577067256,13
2021-05-10,0.7747328841621741,0.9910025046392935,0.22526711583782583,0.9886889483860036,0.0027998946881109175,0.004026776662647067,1.3789893028917155,13
2021-05-11,0.8871814983018845,0.9910025046392935,0.1128185016981155,0.9886889483860036,0.002782441853078665,0.004467969673655065,2.308621860019439,13
2021-05-12,0.8112416635039966,0.9910025046392935,0.1887583364960034,0.9886889483860036,0.002794270941708373,0.004170019141972182,-0.6431203589217597,13
2021-05-13,0.9411892572297008,0.9910025046392935,0.05881074277029905,0.9886889483860036,0.002773921069513581,0.004679869535307008,1.7500299321558208,13
2021-05-14,0.9560129627256838,0.9910025046392935,0.0439870372743161,0.9886889483860036,0.002771566632156204,0.004738030458961815,2.258293859384113,13
2021-05-15,0.91753353577035,0.9910025046392935,0.08246646422964993,0.9886889483860036,0.0027776642765019815,0.004587056128418324,0.8913556876943185,13
2021-05-16,0.9680549584559036,0.9910025046392935,0.03194504154409636,0.9886889483860036,0.0027696490313617703,0.004785277322744059,1.9847858822691495,13
2021-05-17,0.9602574371989728,0.9910025046392935,0.0397425628010271,0.9886889483860036,0.0027708912397532807,0.0047546836875262,1.0586415657273585,13
2021-05-18,0.9795717255666062,0.9910025046392935,0.02042827443339367,0.9886889483860036,0.0027678108927406348,0.00483046344795798,2.090242103066931,13
2021-05-19,0.9637534848787684,0.9910025046392935,0.036246515121231435,0.9886889483860036,0.0027703345224932272,0.004768400457753,-1.2381596473926417,13
2021-05-20,0.9815324945146555,0.9910025046392935,0.018467505485344336,0.9886889483860036,0.002767497536555624,0.004838156540155684,0.6189650539962064,13
2021-05-21,0.9877514494176907,0.9910025046392935,0.012248550582309151,0.9886889483860036,0.0027665028842176493,0.004862556658022713,-0.10977261749528588,13
2021-05-22,0.9882865112666362,0.9910025046392935,0.011713488733363558,0.9886889483860036,0.0027664172514236134,0.004864655977343079,2.2350223722909797,13
2021-05-23,0.9708277273828083,0.9910025046392935,0.029172272617191616,0.9886889483860036,0.002769206855598603,0.004796156303165914,0.3300946734497676,13
2021-05-24,0.9843275125160051,0.9910025046392935,0.015672487483994784,0.9886889483860036,0.002767050651980724,0.0048491228149939395,-0.18820418547527742,13
2021-05-25,0.9882423810924436,0.9910025046392935,0.011757618907556375,0.9886889483860036,0.002766424314473562,0.004864482832261857,2.183527541000117,13
2021-05-26,0.9680541865935403,0.9910025046392935,0.031945813406459744,0.9886889483860036,0.0027696491544183474,0.0047852742943360815,2.110627311733494,13
2021-05-27,0.9636345366730245,0.9910025046392935,0.03636546332697535,0.9886889483860036,0.0027703534702147358,0.004767933763543848,2.0718763578256727,13
2021-05-28,0.9462219151254019,0.9910025046392935,0.053778084874598134,0.9886889483860036,0.0027731224949965145,0.004699615207651345,0.33012944117628706,13
2021-05-29,0.9784246559839415,0.9910025046392935,0.021575344016058536,0.9886889483860036,0.002767994154386991,0.004825962911540672,1.9018753909213946,13
2021-05-30,0.9742323820892668,0.9910025046392935,0.025767617910733176,0.9886889483860036,0.002768663588720781,0.004809514492351941,2.0516498154744256,13
2021-05-31,0.9732251062131391,0.9910025046392935,0.026774893786860807,0.9886889483860036,0.0027688243528013264,0.0048055624376280625,1.664088069660795,13
2021-06-01,0.9826395020592276,0.9910025046392935,0.017360497940772223,0.9886889483860036,0.0027673205701836305,0.0048424998928553575,2.0665906332957578,13
2021-06-02,0.9695305624781067,0.9910025046392935,0.030469437521893277,0.9886889483860036,0.0027694137450285845,0.004791066866586746,2.0717113796206843,13
2021-06-03,0.96838650146023,0.9910025046392935,0.03161349853976998,0.9886889483860036,0.0027695961723829634,0.004786578134296753,1.8053606135089069,13
2021-06-04,0.9787329358403499,0.9910025046392935,0.021267064159649976,0.9886889483860036,0.0027679449060163024,0.0048271724499518165,0.9675670926073795,13
2021-06-05,0.9852786149595487,0.9910025046392935,0.01472138504045117,0.9886889483860036,0.0027668985290565957,0.004852854472818754,1.5404268672976456,13
2021-06-06,0.9848799306577612,0.9910025046392935,0.015120069342238703,0.9886889483860036,0.002766962299522948,0.00485129023186396,2.259888500457799,13
2021-06-07,0.9594500400761491,0.9910025046392935,0.04054995992385085,0.9886889483860036,0.0027710197577141956,0.004751515858643442,1.0283736630488545,13
2021-06-08,0.9795158809504775,0.9910025046392935,0.020484119049522336,0.9886889483860036,0.0027678198156974466,0.004830244341172832,2.215216536213314,13
2021-06-09,0.9477877412110418,0.9910025046392935,0.05221225878895806,0.9886889483860036,0.002772873873038506,0.004705758738460715,-0.381041211094887,13
2021-06-10,0.9813254534846747,0.9910025046392935,0.018674546515325186,0.9886889483860036,0.0027675306299738693,0.004837344213066388,2.1146088140753316,13
2021-06-11,0.9637819673899553,0.9910025046392935,0.03621803261004467,0.9886889483860036,0.002770329985338795,0.004768512209106876,2.2772222214356037,13
2021-06-12,0.9203254967379044,0.9910025046392935,0.07967450326209541,0.9886889483860036,0.002777223382084441,0.004598010408960738,1.4783579302615706,13
2021-06-13,0.9574423263266207,0.9910025046392935,0.042557673673379245,0.9886889483860036,0.0027713392498475834,0.004743638578152497,0.37446486741159346,13
2021-06-14,0.9835059535626617,0.9910025046392935,0.016494046437338282,0.9886889483860036,0.0027671820328099292,0.0048458994220591375,1.838560321777084,13
2021-06-15,0.9843828157751303,0.9910025046392935,0.015617184224869539,0.9886889483860036,0.0027670418073307956,0.004849339797760678,2.2331277956196396,13
2021-06-16,0.954739896792414,0.9910025046392935,0.04526010320758607,0.9886889483860036,0.002771769097764357,0.004733035574884246,1.2353120911206503,13
2021-06-17,0.9763424777656989,0.9910025046392935,0.02365752223430093,0.9886889483860036,0.0027683267102185647,0.004817793469128333,2.2294977484952443,13
2021-06-18,0.9393692993217281,0.9910025046392935,0.06063070067827188,0.9886889483860036,0.0027742096656875933,0.004672728916318776,0.853077329390639,13
2021-06-19,0.9747866733881907,0.9910025046392935,0.025213326611809306,0.9886889483860036,0.0027685751089363566,0.00481168925856866,2.2512460668936614,13
2021-06-20,0.9323166516626165,0.9910025046392935,0.06768334833738349,0.9886889483860036,0.0027753270618612667,0.0046450577984476745,2.3490319189579294,13
2021-06-21,0.8326739437330863,0.9910025046392935,0.16732605626691363,0.9886889483860036,0.00279095043568726,0.004254108859923628,-0.9584813795987412,13
2021-06-22,0.9457295300324935,0.9910025046392935,0.05427046996750648,0.9886889483860036,0.0027732006603298455,0.004697683330914778,2.1508912750424085,13
2021-06-23,0.9363149150787166,0.9910025046392935,0.06368508492128332,0.9886889483860036,0.002774693779354815,0.004660745016016765,1.8490510134656604,13
2021-06-24,0.9627464351310293,0.9910025046392935,0.037253564868970614,0.9886889483860036,0.0027704949255896723,0.004764449290245609,1.990768844060963,13
2021-06-25,0.9691982107647497,0.9910025046392935,0.030801789235250152,0.9886889483860036,0.0027694667446448375,0.00478976288205789,-0.016536825736621106,13
2021-06-26,0.98408013810873,0.9910025046392935,0.01591986189126994,0.9886889483860036,0.002767090213415703,0.004848152239585545,2.2686608346575268,13
2021-06-27,0.9547222576286143,0.9910025046392935,0.045277742371385724,0.9886889483860036,0.0027717719027077286,0.0047329663674880685,0.6517632075366322,13
2021-06-28,0.982782828293361,0.9910025046392935,0.017217171706638883,0.9886889483860036,0.002767297655274274,0.004843062234448249,2.2451287015239183,13
2021-06-29,0.9497471589384661,0.9910025046392935,0.050252841061533875,0.9886889483860036,0.002772562650244154,0.004713446529133802,1.6786562742590379,13
2021-06-30,0.9743917320935199,0.9910025046392935,0.025608267906480034,0.9886889483860036,0.0027686381531473654,0.00481013970333136,1.9349540648817793,13
2021-07-01,0.9693796428994794,0.9910025046392935,0.03062035710052049,0.9886889483860036,0.0027694378123630397,0.004790474732447753,1.3978667330690502,13
2021-07-02,0.979845753016489,0.9910025046392935,0.020154246983510878,0.9886889483860036,0.0027677671067326197,0.004831538596786069,2.267920695635861,13
2021-07-03,0.9482944916073831,0.9910025046392935,0.0517055083926168,0.9886889483860036,0.002772793395012856,0.004707746977576882,2.1134509008226363,13
2021-07-04,0.9457288844348549,0.9910025046392935,0.05427111556514495,0.9886889483860036,0.002773200762812521,0.004697680797907429,2.1392038581876243,13
2021-07-05,0.9387059368541594,0.9910025046392935,0.0612940631458406,0.9886889483860036,0.0027743148317010014,0.004670126208524684,1.4878108468004814,13
2021-07-06,0.9655278483172778,0.9910025046392935,0.03447215168272216,0.9886889483860036,0.002770051825537485,0.004775362186486142,2.294439983405905,13
2021-07-07,0.913659257799635,0.9910025046392935,0.08634074220036501,0.9886889483860036,0.0027782756881696603,0.004571855368707243,2.317632468490341,13
2021-07-08,0.8118718404636434,0.9910025046392935,0.18812815953635664,0.9886889483860036,0.0027941735101072594,0.0041724916461681775,1.6552307724991402,13
2021-07-09,0.8786848459418982,0.9910025046392935,0.12131515405810166,0.9886889483860036,0.0027837741913142523,0.0044346329921239516,1.908079562711742,13
2021-07-10,0.9244658158740902,0.9910025046392935,0.07553418412590984,0.9886889483860036,0.0027765691189346403,0.004614254983250986,2.2521567543367045,13
2021-07-11,0.8502353290237978,0.9910025046392935,0.14976467097620216,0.9886889483860036,0.002788219106446087,0.004323011091517645,2.199402298031555,13
2021-07-12,0.8224985892954002,0.9910025046392935,0.17750141070459977,0.9886889483860036,0.0027925286679693385,0.004214185777751546,1.6598631491172666,13
2021-07-13,0.8856333457973863,0.9910025046392935,0.11436665420261369,0.9886889483860036,0.002782684780494471,0.004461895485278581,2.1550676182349955,13
2021-07-14,0.8338364594894818,0.9910025046392935,0.16616354051051813,0.9886889483860036,0.0027907699226178556,0.004258669999523544,2.471931670864063,13
2021-07-15,0.6642817212811442,0.9910025046392935,0.33571827871885584,0.9886889483860036,0.002816658513262208,0.0035934206671674597,1.56484587952792,13
2021-07-16,0.7787754984296034,0.9910025046392935,0.22122450157039653,0.9886889483860036,0.0027992739915368367,0.004042637891125836,2.413174445468313,13
2021-07-17,0.6190570634805527,0.9910025046392935,0.3809429365194474,0.9886889483860036,0.0028234141475197475,0.0034159813710098463,2.7249112347724624,13
2021-07-18,0.3871765663766436,0.9910025046392935,0.6128234336233565,0.9886889483860036,0.002857063187135664,0.002506196439519285,2.897355175791093,13
2021-07-19,0.20944662853435314,0.9910025046392935,0.790553371465647,0.9886889483860036,0.0028817335606513067,0.001808871647899525,1.706722592665813,13
2021-07-20,0.260289950616213,0.9910025046392935,0.7397100493837871,0.9886889483860036,0.002874775401737294,0.002008355817006982,1.1743468855364274,13
2021-07-21,0.4232948179184576,0.9910025046392935,0.5767051820815425,0.9886889483860036,0.002851930777641871,0.0026479066799876896,0.14009676671916582,13
2021-07-22,0.796915812357269,0.9910025046392935,0.2030841876427308,0.9886889483860036,0.0027964825619551286,0.004113811553723701,2.5034100051970225,13
2021-07-23,0.6158481415426125,0.9910025046392935,0.3841518584573876,0.9886889483860036,0.0028238911019806386,0.0034033911408614297,1.715732108200371,13
2021-07-24,0.7626146137365066,0.9910025046392935,0.23738538626349334,0.9886889483860036,0.0028017522933313534,0.003979230534504778,2.1476347859877065,13
2021-07-25,0.7567584220080075,0.9910025046392935,0.24324157799199245,0.9886889483860036,0.0028026483664169337,0.00395625372077076,1.9855523500251393,13
2021-07-26,0.8106241267706455,0.9910025046392935,0.1893758732293544,0.9886889483860036,0.0027943664071441244,0.004167596231802237,0.9942762084288885,13
2021-07-27,0.9462247043593622,0.9910025046392935,0.05377529564063761,0.9886889483860036,0.0027731220521888937,0.004699626151232453,1.685817194230223,13
2021-07-28,0.978654036640398,0.9909749177239842,0.02134596335960199,0.9867745745645659,0.0026603392976391462,0.003097927854069228,2.156280548682065,14
2021-07-29,0.968914334149831,0.9909749177239842,0.031085665850168923,0.9867745745645659,0.0026677300513149116,0.0030780852990451493,2.3227800612383467,14
2021-07-30,0.9152529568343697,0.9909749177239842,0.08474704316563035,0.9867745745645659,0.002708435656921718,0.0029687617511153087,1.6796666206178827,14
2021-07-31,0.9598163766188589,0.9909749177239842,0.04018362338114102,0.9867745745645659,0.002674633119958957,0.003059550161746049,2.335611049631988,14
2021-08-01,0.8922066855657566,0.9909749177239842,0.1077933144342435,0.9867745745645659,0.0027259103983471047,0.002921809915965293,1.4076457093054373,14
2021-08-02,0.9528803179124112,0.9909749177239842,0.04711968208758874,0.9867745745645659,0.00267989538785331,0.0030454194296558007,2.130763635635929,14
2021-08-03,0.934449466590809,0.9909749177239842,0.06555053340919095,0.9867745745645659,0.0026938766157755083,0.0030078705228135535,1.9301565813889925,14
2021-08-04,0.9445524471249523,0.9909749177239842,0.0554475528750476,0.9867745745645659,0.0026862130719255855,0.00302845317894192,1.7904653147838892,14
2021-08-05,0.968072089650849,0.9909749177239842,0.031927910349150976,0.9867745745645659,0.002668369132574519,0.0030763694065082917,2.00768715102579,14
2021-08-06,0.9708986143130693,0.9909749177239842,0.029101385686930575,0.9867745745645659,0.002666224388916327,0.0030821278443241636,1.6497346753999933,14
2021-08-07,0.9815332286467633,0.9909749177239842,0.018466771353236665,0.9867745745645659,0.002658154336891825,0.0031037935903036277,1.7937427158832984,14
2021-08-08,0.9837502418563875,0.9909749177239842,0.016249758143612517,0.9867745745645659,0.0026564718433846274,0.0031083102792521544,2.1998659443316972,14
2021-08-09,0.9640663600900894,0.9909749177239842,0.03593363990991057,0.9867745745645659,0.0026714085336152567,0.003068208591606817,1.4575085118488893,14
2021-08-10,0.9813045285104747,0.9909749177239842,0.018695471489525294,0.9867745745645659,0.0026583278953288473,0.003103327662823531,2.1212946393468584,14
2021-08-11,0.9686178580880327,0.9909749177239842,0.03138214191196723,0.9867745745645659,0.0026679550131411822,0.003077481292652218,2.3222480474365996,14
2021-08-12,0.915217339501168,0.9909749177239842,0.08478266049883182,0.9867745745645659,0.002708462667021393,0.002968689188437491,1.8744002174911925,14
2021-08-13,0.9363584968474183,0.9909749177239842,0.06364150315258156,0.9867745745645659,0.002692428599410441,0.0030117597625460906,0.7700939252530195,14
2021-08-14,0.9783078710089456,0.9909749177239842,0.021692128991054306,0.9867745745645659,0.0026606019911214326,0.003097222615834673,2.190862335822993,14
2021-08-15,0.9570658612728231,0.9909749177239842,0.04293413872717683,0.9867745745645659,0.002676719936209199,0.0030539465766107597,2.3354465643610673,14
2021-08-16,0.8869287451291364,0.9909749177239842,0.11307125487086349,0.9867745745645659,0.0027299117547321863,0.002911057244245713,1.9851518085466109,14
2021-08-17,0.8975923725817578,0.9909749177239842,0.10240762741824208,0.9867745745645659,0.0027218271178542646,0.0029327820982327666,1.872669858048592,14
2021-08-18,0.923963228420702,0.9909749177239842,0.07603677157929792,0.9867745745645659,0.002701829980858304,0.0029865070614462823,2.380458270356658,14
2021-08-19,0.8236912928685121,0.9909749177239842,0.1763087071314879,0.9867745745645659,0.0027778358782234074,0.0027822244973235897,1.7433354932572769,14
2021-08-20,0.9089127338473018,0.9909749177239842,0.09108726615269817,0.9867745745645659,0.0027132435448310697,0.0029558449065189086,1.3168492646804588,14
2021-08-21,0.9672425662087704,0.9909749177239842,0.032757433791229605,0.9867745745645659,0.002668998555549744,0.0030746794303966856,2.3050262445203984,14
2021-08-22,0.9140842182147053,0.9909749177239842,0.08591578178529456,0.9867745745645659,0.002709321954350499,0.0029663806968282893,2.388902702972171,14
2021-08-23,0.807331588707665,0.9909749177239842,0.1926684112923349,0.9867745745645659,0.002790228577026252,0.0027488951086380876,2.5361374282556683,14
2021-08-24,0.6199705639828459,0.9909749177239842,0.380029436017154,0.9867745745645659,0.0029319986830330155,0.002367187202665534,1.5476434705652122,14
2021-08-25,0.7670872549219123,0.9909749177239842,0.23291274507808754,0.9867745745645659,0.002820704753319421,0.0026669059094480106,2.12049458868291,14
2021-08-26,0.7718920369553793,0.9909749177239842,0.2281079630446207,0.9867745745645659,0.0028170669010342936,0.0026766946223958765,1.5333787200871438,14
2021-08-27,0.8827351586209362,0.9909749177239842,0.1172648413790637,0.9867745745645659,0.002733090866782238,0.0029025137111020885,1.737155137270704,14
2021-08-28,0.9417386783223923,0.9909749177239842,0.05826132167760768,0.9867745745645659,0.002688347521316664,0.0030227207284544534,2.3361803570694066,14
2021-08-29,0.8609493378061838,0.9909749177239842,0.13905066219381623,0.9867745745645659,0.0027496041100547883,0.0028581297734325225,2.4830937996540765,14
2021-08-30,0.6957142689473573,0.9909749177239842,0.3042857310526427,0.9867745745645659,0.0028747209294489465,0.0025214987573502407,1.4726241433097345,14
2021-08-31,0.8401292913339617,0.9909749177239842,0.15987070866603822,0.9867745745645659,0.0027653816327474243,0.002815713393863531,2.5109998698133027,14
2021-09-01,0.6608944407725186,0.9909749177239842,0.33910555922748126,0.9867745745645659,0.002901057765149477,0.002450560824989641,1.832531984552216,14
2021-09-02,0.7668474622813802,0.9909749177239842,0.23315253771861974,0.9867745745645659,0.0028208863028831425,0.0026664173833694437,2.3662251577672793,14
2021-09-03,0.6662190716571423,0.9909749177239842,0.33378092834285766,0.9867745745645659,0.0028970310011193724,0.002461408618483681,2.5605001653477037,14
2021-09-04,0.4934673237741596,0.9909749177239842,0.5065326762258404,0.9867745745645659,0.0030275548500989864,0.0021094639809350747,2.890498074971577,14
2021-09-05,0.2732528976434144,0.9909749177239842,0.7267471023565856,0.9867745745645659,0.0031935802995452733,0.0016608243154188802,1.3586733298590938,14
2021-09-06,0.45985714406608685,0.9909749177239842,0.5401428559339132,0.9867745745645659,0.0030529204801440064,0.0020409904479013383,2.359894452630591,14
2021-09-07,0.3952132785126419,0.9909749177239842,0.6047867214873581,0.9867745745645659,0.0031016808960192843,0.0019092924355179328,-1.4872297629174152,14
2021-09-08,0.7354513432297105,0.9909749177239842,0.2645486567702894,0.9867745745645659,0.002844652516724335,0.0026024545240902566,2.266294831846411,14
2021-09-09,0.6561581095521383,0.9909749177239842,0.3438418904478617,0.9867745745645659,0.00290463942845973,0.0024409115658933105,2.68433415687384,14
2021-09-10,0.4377423471707836,0.9909749177239842,0.5622576528292165,0.9867745745645659,0.0030696054205080507,0.0019959362920206657,1.3115045323274654,14
2021-09-11,0.6412668026104835,0.9909749177239842,0.3587331973895166,0.9867745745645659,0.0029158991777220107,0.002410573721625849,2.6559264039793797,14
2021-09-12,0.438005975813193,0.9909749177239842,0.5619940241868069,0.9867745745645659,0.003069406544640311,0.0019964733788411303,2.030753330584498,14
2021-09-13,0.47655756338187005,0.9909749177239842,0.52344243661813,0.9867745745645659,0.0030403178321728153,0.0020750139706444157,1.788897767855366,14
2021-09-14,0.5612487128226211,0.9909749177239842,0.4387512871773789,0.9867745745645659,0.002976371656114435,0.002247554024558603,1.318897972552235,14
2021-09-15,0.7926849805754531,0.9909749177239842,0.20731501942454683,0.9867745745645659,0.0028013216973348854,0.0027190557857161603,2.0719518480445305,14
2021-09-16,0.8136275770162007,0.9909749177239842,0.18637242298379914,0.9867745745645659,0.002785459543081718,0.002761721834563656,2.417487195794584,14
2021-09-17,0.6708723242124012,0.9909749177239842,0.3291276757875989,0.9867745745645659,0.0028935117757466823,0.002470888622617081,2.372180874780683,14
2021-09-18,0.5546091798028239,0.9909749177239842,0.4453908201971761,0.9867745745645659,0.002981386996131602,0.0022340273999612798,2.1720700545420426,14
2021-09-19,0.5449119657230812,0.9909749177239842,0.4550880342769188,0.9867745745645659,0.002988711375720342,0.002214271405962087,2.0444593567548157,14
2021-09-20,0.5521159561492054,0.9909749177239842,0.4478840438507945,0.9867745745645659,0.0029832702214786016,0.002228947991469884,-0.6626996255689884,14
2021-09-21,0.8477225934125877,0.9909749177239842,0.15227740658741226,0.9867745745645659,0.0027596278119272643,0.002831183118370569,1.020264749835752,14
2021-09-22,0.9472335380937824,0.9909749177239842,0.052766461906217615,0.9867745745645659,0.002684179207226788,0.0030339153267975754,0.7574887651787279,14
2021-09-23,0.9806197043596941,0.9909749177239842,0.01938029564030585,0.9867745745645659,0.0026588475995027653,0.0031019324804853806,2.0104190270734237,14
2021-09-24,0.9789082064951727,0.9909749177239842,0.02109179350482717,0.9867745745645659,0.0026601464160315876,0.003098445670638442,1.3992546975766356,14
2021-09-25,0.9843820818524568,0.9909749177239842,0.015617918147543118,0.9867745745645659,0.0026559923319185927,0.003109597517738192,2.290101756670891,14
2021-09-26,0.9517686586823153,0.9909749177239842,0.04823134131768466,0.9867745745645659,0.0026807387473711426,0.0030431546623836416,2.312646746387206,14
2021-09-27,0.8952961663527095,0.9909749177239842,0.10470383364729052,0.9867745745645659,0.0027235680680157124,0.002928104070491093,2.1890038251142063,14
2021-09-28,0.8531250782905879,0.9909749177239842,0.14687492170941197,0.9867745745645659,0.0027555337903288927,0.0028421895226793557,1.790958533040382,14
2021-09-29,0.9031777487203801,0.9909749177239842,0.09682225127961977,0.9867745745645659,0.0027175921841997067,0.002944161104261763,2.4064346471699443,14
2021-09-30,0.7848457287550807,0.9909749177239842,0.21515427124491923,0.9867745745645659,0.0028072582969201746,0.0027030849913572976,1.19533341514852,14
2021-10-01,0.9293166022964061,0.9909749177239842,0.07068339770359373,0.9867745745645659,0.002697769788802448,0.002997413412620356,0.03530688287949251,14
2021-10-02,0.9775906220680672,0.9909749177239842,0.022409377931932838,0.9867745745645659,0.0026611462841099726,0.0030957613749405984,2.2697148150779722,14
2021-10-03,0.9419291776054614,0.9909749177239842,0.05807082239453859,0.9867745745645659,0.0026882030157545154,0.0030231088298887632,2.330247912502954,14
2021-10-04,0.8736124465135411,0.9909749177239842,0.12638755348645883,0.9867745745645659,0.0027400061908099092,0.002883928141662454,2.1243060527610047,14
2021-10-05,0.8731468502549424,0.9909749177239842,0.12685314974505751,0.9867745745645659,0.0027403591099769684,0.002882979589138473,1.556079436292865,14
2021-10-06,0.9480065187674279,0.9909749177239842,0.05199348123257203,0.9867745745645659,0.002683592816151615,0.003035490109144799,0.770022711114593,14
2021-10-07,0.9807510265865775,0.9909749177239842,0.019248973413422348,0.9867745745645659,0.0026587479410681773,0.0031022000213589687,1.8673458157250131,14
2021-10-08,0.9796531523220517,0.9909749177239842,0.020346847677948355,0.9867745745645659,0.0026595810966944934,0.003099963337997802,2.3070138877861637,14
2021-10-09,0.9396351293077129,0.9909749177239842,0.06036487069228709,0.9867745745645659,0.0026899431741320905,0.0030184351984693177,2.1720455659157674,14
2021-10-10,0.9257005142441719,0.9909749177239842,0.07429948575582791,0.9867745745645659,0.002700512386631365,0.002990046408729029,2.3376748228365694,14
2021-10-11,0.8366903775198652,0.9909749177239842,0.1633096224801348,0.9867745745645659,0.0027679873104891513,0.0028087073444851883,1.4935266385475339,14
2021-10-12,0.936095693684702,0.9909749177239842,0.06390430631529789,0.9867745745645659,0.0026926279397336537,0.003011224357463466,2.083766671070322,14
2021-10-13,0.9248837611275259,0.9909749177239842,0.07511623887247415,0.9867745745645659,0.002701131832549884,0.0029883824494167373,2.1640712308417522,14
2021-10-14,0.91240471483357,0.9909749177239842,0.08759528516642996,0.9867745745645659,0.0027105955636061744,0.002962959068879635,2.409300608994066,14
2021-10-15,0.7903400248076485,0.9909749177239842,0.20965997519235144,0.9867745745645659,0.002803097566124585,0.0027142784412442153,0.7551810260966529,14
2021-10-16,0.9418926671310337,0.9909749177239842,0.05810733286896617,0.9867745745645659,0.002688230711244975,0.003023034447627243,2.2803523957184093,14
2021-10-17,0.8811437972475669,0.9909749177239842,0.11885620275243301,0.9867745745645659,0.0027342972222188238,0.0028992716535911063,2.395048143130731,14
2021-10-18,0.7672030057265569,0.9909749177239842,0.23279699427344316,0.9867745745645659,0.0028206171169808053,0.0026671417268882727,2.5155683819797456,14
2021-10-19,0.5959688972053468,0.9909749177239842,0.4040311027946531,0.9867745745645659,0.0029501389221561216,0.002318288954062624,1.596898403105614,14
2021-10-20,0.7688045745152604,0.9909749177239842,0.2311954254847395,0.9867745745645659,0.002819404538403191,0.002670404579818891,1.9804526573435566,14
2021-10-21,0.8204576505331577,0.9909749177239842,0.17954234946684222,0.9867745745645659,0.002780285582520123,0.0027756366445601606,0.9460800249628276,14
2021-10-22,0.9394714326106984,0.9909749177239842,0.06052856738930165,0.9867745745645659,0.0026900673451655545,0.0030181017015559453,1.9271896963106443,14
2021-10-23,0.9485893095245066,0.9909749177239842,0.051410690475493286,0.9867745745645659,0.0026831507018203536,0.0030366774203256144,2.326015589909516,14
2021-10-24,0.8846897408065116,0.9909749177239842,0.11531025919348831,0.9867745745645659,0.0027316091375763863,0.002906495753120716,2.3751177601014284,14
2021-10-25,0.7677168279597882,0.9909749177239842,0.23228317204021168,0.9867745745645659,0.0028202280945911046,0.002668188529492907,1.7629650395443694,14
2021-10-26,0.8697475720265129,0.9909749177239842,0.13025242797348716,0.9867745745645659,0.0027429356879249693,0.0028760542887655825,1.448156952658087,14
2021-10-27,0.9524643475851633,0.990975272244993,0.047535652414836635,0.9868649574983254,0.002592271848381335,0.0026191875762876407,1.8400206634255778,15
2021-10-28,0.9656421795136977,0.990975272244993,0.034357820486302225,0.9868649574983254,0.002569415363369293,0.0026397216814482895,1.9056642162373356,15
2021-10-29,0.974485114076997,0.990975272244993,0.02551488592300294,0.9868649574983254,0.0025540771322324143,0.0026535010155023485,2.0525057939400138,15
2021-10-30,0.9739231651151551,0.990975272244993,0.026076834884844823,0.9868649574983254,0.002555051854245685,0.0026526253692549266,2.285853115875981,15
2021-10-31,0.939864654569124,0.990975272244993,0.0601353454308759,0.9868649574983254,0.0026141247832122284,0.002599554345056105,2.359037014974034,15
2021-11-01,0.8628162311412564,0.990975272244993,0.13718376885874364,0.9868649574983254,0.0027477409641561276,0.0024794951093859187,2.4416674020146285,15
2021-11-02,0.7287107427494383,0.990975272244993,0.27128925725056174,0.9868649574983254,0.0029802358664504313,0.002270527790923238,1.8467927411883789,15
2021-11-03,0.8261850129740622,0.990975272244993,0.1738149870259379,0.9868649574983254,0.0028112561434948755,0.0024224152126254292,2.5506570560196122,15
2021-11-04,0.64184690398288,0.990975272244993,0.35815309601712003,0.9868649574983254,0.003130782648182058,0.0021351738715863337,1.8833619319809156,15
2021-11-05,0.7130249789976018,0.990975272244993,0.28697502100239825,0.9868649574983254,0.0030074241275918514,0.0022460857488519727,2.5725740485849857,15
2021-11-06,0.5289773640460435,0.990975272244993,0.47102263595395655,0.9868649574983254,0.003326346089290476,0.0019592970646072974,2.7790680174723565,15
2021-11-07,0.33248726975758647,0.990975272244993,0.6675127302424135,0.9868649574983254,0.0036666471144082948,0.0016531201243468628,1.9050095300625611,15
2021-11-08,0.4046905802022352,0.990975272244993,0.5953094197977647,0.9868649574983254,0.00354162005263839,0.0017656295551589966,0.22145641856033282,15
2021-11-09,0.7677805382814448,0.990975272244993,0.23221946171855531,0.9868649574983254,0.002912510679576873,0.0023314075543327327,2.513923220899642,15
2021-11-10,0.6008301043568385,0.990975272244993,0.3991698956431615,0.9868649574983254,0.0032018575739245015,0.0020712602261974706,1.4860152470079726,15
2021-11-11,0.7717082526895452,0.990975272244993,0.22829174731045482,0.9868649574983254,0.0029057018081816758,0.0023375278403656944,2.6225983907533608,15
2021-11-12,0.5629338452346369,0.990975272244993,0.43706615476536326,0.9868649574983254,0.00326751788862686,0.002012209103506682,2.37130393597824,15
2021-11-13,0.47373606410882,0.990975272244993,0.52626393589118,0.9868649574983254,0.003422037394858929,0.0018732183630216694,2.893368931181985,15
2021-11-14,0.27004403610410405,0.990975272244993,0.7299559638958962,0.9868649574983254,0.0037747532382126406,0.0015558191469656649,2.8531816006514887,15
2021-11-15,0.1626580360671845,0.990975272244993,0.8373419639328157,0.9868649574983254,0.0039606231627286196,0.0013884869614060058,2.072512949839596,15
2021-11-16,0.17596446314019698,0.990975272244993,0.8240355368598031,0.9868649574983254,0.003937594665705732,0.0014092214474968545,0.1914896020884327,15
2021-11-17,0.45817349914787464,0.990975272244993,0.5418265008521255,0.9868649574983254,0.003448992849632486,0.0018489682931155937,2.901444799113886,15
2021-11-18,0.2569905414075147,0.990975272244993,0.7430094585924854,0.9868649574983254,0.0037973499746857143,0.0015354787879242554,0.25117712925233604,15
2021-11-19,0.5832668174597659,0.990975272244993,0.41673318254023417,0.9868649574983254,0.003232289174074829,0.002043892569509559,2.1523449142695505,15
2021-11-20,0.5890549057312883,0.990975272244993,0.4109450942687118,0.9868649574983254,0.003222260420207211,0.002052911747618,1.8319441747637633,15
2021-11-21,0.704255031319657,0.990975272244993,0.29574496868034295,0.9868649574983254,0.003022624628049207,0.002232420145219378,2.3789444994688087,15
2021-11-22,0.5971219353151006,0.990975272244993,0.4028780646848996,0.9868649574983254,0.0032082827783417155,0.0020654820425425684,1.1157797148172934,15
2021-11-23,0.8215099306093646,0.990975272244993,0.1784900693906354,0.9868649574983254,0.0028193618395031274,0.0024151303547343883,2.1359542264967075,15
2021-11-24,0.8272606179238379,0.990975272244993,0.17273938207616207,0.9868649574983254,0.002809391235824377,0.002424091253515143,2.4050533002387806,15
2021-11-25,0.7063867226163767,0.990975272244993,0.29361327738362325,0.9868649574983254,0.003018929911228424,0.0022357418125083725,1.8038625264255534,15
2021-11-26,0.8178889894878242,0.990975272244993,0.1821110105121758,0.9868649574983254,0.002825639783871444,0.0024094880923217652,-0.28302385826649223,15
2021-11-27,0.9467610195109445,0.990975272244993,0.05323898048905558,0.9868649574983254,0.002602163808436367,0.002610300474139366,2.2610295093738664,15
2021-11-28,0.9174586155184516,0.990975272244993,0.08254138448154816,0.9868649574983254,0.002652983961382471,0.002564640562227849,1.518237046713998,15
2021-11-29,0.9657301821476167,0.990975272244993,0.03426981785238313,0.9868649574983254,0.0025692627230679017,0.0026398588098734436,2.3000301864057042,15
2021-11-30,0.9310747956995103,0.990975272244993,0.06892520430048954,0.9868649574983254,0.0026293694769488718,0.0025858577151890104,2.2109858891779948,15
2021-12-01,0.8998032389404074,0.990975272244993,0.10019676105959259,0.9868649574983254,0.0026836022666897512,0.0025371294085516968,2.4609147072918285,15
2021-12-02,0.7662832632455213,0.990975272244993,0.2337167367544786,0.9868649574983254,0.002915106254162715,0.0023290744540770303,2.397750538966271,15
2021-12-03,0.6481665680299433,0.990975272244993,0.35183343197005656,0.9868649574983254,0.0031198310515186327,0.0021450213675041846,0.9248913385105151,15
2021-12-04,0.8672136843404866,0.990975272244993,0.13278631565951335,0.9868649574983254,0.0027401157447416117,0.0024863473569272233,-0.08140208174013625,15
2021-12-05,0.9603966221129795,0.990975272244993,0.03960337788702055,0.9868649574983254,0.002578513698825692,0.002631547891717421,2.368107085274202,15
2021-12-06,0.8955616480260697,0.990975272244993,0.10443835197393017,0.9868649574983254,0.0026909578925224096,0.002530520030441868,2.094172556462388,15
2021-12-07,0.9066954702712704,0.990975272244993,0.09330452972872968,0.9868649574983254,0.00267164980211829,0.002547869096514556,2.4502054647863267,15
2021-12-08,0.7795077575366078,0.990975272244993,0.22049224246339214,0.9868649574983254,0.0028921807900445565,0.002349681269973776,2.6046232134468426,15
2021-12-09,0.5744584946446359,0.990975272244993,0.4255415053553641,0.9868649574983254,0.0032475506370033655,0.002030167168551669,0.8755261177106516,15
2021-12-10,0.827642211940234,0.990975272244993,0.172357788059766,0.9868649574983254,0.002808729618321988,0.0024246858651101196,2.3571820156393235,15
2021-12-11,0.7274970783097964,0.990975272244993,0.2725029216902037,0.9868649574983254,0.0029823395634845096,0.0022686366214677085,1.6078090969439793,15
2021-12-12,0.8684701093327793,0.990975272244993,0.13152989066722065,0.9868649574983254,0.0027379370763945692,0.0024883051571980203,2.2722377418856095,15
2021-12-13,0.8246174268397193,0.990975272244993,0.17538257316028066,0.9868649574983254,0.002813974048972613,0.002419972551442198,0.5263600806787211,15
2021-12-14,0.9473447300895745,0.990975272244993,0.052655269910425385,0.9868649574983254,0.002601151417027546,0.0026112100300109214,1.9412272302282787,15
2021-12-15,0.9630484127624254,0.990975272244993,0.03695158723757469,0.9868649574983254,0.002573914227036251,0.002635679993898952,2.3089850904114337,15
2021-12-16,0.9243468979690775,0.990975272244993,0.0756531020309225,0.9868649574983254,0.0026410377544166808,0.0025753740969234255,1.992898636791419,15
2021-12-17,0.9344189137314399,0.990975272244993,0.06558108626856009,0.9868649574983254,0.002623569649295276,0.00259106862330422,1.895683316769787,15
2021-12-18,0.9513402142455636,0.990975272244993,0.048659785754436406,0.9868649574983254,0.0025942215790004178,0.0026174359169604377,2.3043541208170417,15
2021-12-19,0.909531003312651,0.990975272244993,0.09046899668734897,0.9868649574983254,0.002666732371434801,0.002552287511772389,2.4410704826165013,15
2021-12-20,0.786569677623985,0.990975272244993,0.21343032237601497,0.9868649574983254,0.0028799381747776002,0.002360685372203696,2.6115054793430152,15
2021-12-21,0.5795779198771636,0.990975272244993,0.42042208012283633,0.9868649574983254,0.0032386806720689863,0.002038144415238142,1.3084118622843777,15
2021-12-22,0.8083502184744625,0.990975272244993,0.19164978152553747,0.9868649574983254,0.0028421776860694968,0.002394624484396429,2.4406919408272856,15
2021-12-23,0.671353616339654,0.990975272244993,0.32864638366034604,0.9868649574983254,0.0030796476339458824,0.002181152143108149,1.5104283165760632,15
2021-12-24,0.8450117592627574,0.990975272244993,0.15498824073724252,0.9868649574983254,0.002778613102592042,0.0024517516308026725,2.5367279838657484,15
2021-12-25,0.6687351009028533,0.990975272244993,0.33126489909714685,0.9868649574983254,0.0030841856816559658,0.002177071891391809,2.6839953998268364,15
2021-12-26,0.4532035115361981,0.990975272244993,0.546796488463802,0.9868649574983254,0.0034576009692178023,0.0018412239047504403,2.9290950522287966,15
2021-12-27,0.2506064011749494,0.990975272244993,0.7493935988250507,0.9868649574983254,0.0038084011762745513,0.0015255308232205956,3.115000907416328,15
2021-12-28,0.12191579566904964,0.990975272244993,0.8780842043309505,0.9868649574983254,0.0040311275445456705,0.0013250011426952514,-0.25781893886010354,15
2021-12-29,0.3811497969882022,0.990975272244993,0.6188502030117978,0.9868649574983254,0.0035823859922117763,0.0017289475788898742,1.7740992195899339,15
2021-12-30,0.4725101152019543,0.990975272244993,0.5274898847980457,0.9868649574983254,0.0034241608670849445,0.0018713080515294842,2.5463941539226136,15
2021-12-31,0.35883032995790093,0.990975272244993,0.6411696700420991,0.9868649574983254,0.003621034474269736,0.0016941686952605087,2.306420979262695,15
2022-01-01,0.3162634845857755,0.990975272244993,0.6837365154142245,0.9868649574983254,0.0036947366946030197,0.0016278397206637367,1.8924836969536285,15
2022-01-02,0.38934436693109414,0.990975272244993,0.610655633068906,0.9868649574983254,0.0035681956336319222,0.0017417166111454215,2.9087470487483174,15
2022-01-03,0.21711858258490008,0.990975272244993,0.7828814174150999,0.9868649574983254,0.003866366685004729,0.0014733490688729914,2.1200815527989834,15
2022-01-04,0.22292795370951743,0.990975272244993,0.7770720462904828,0.9868649574983254,0.0038563113845273876,0.001482401410581177,2.614119669809707,15
2022-01-05,0.159635100137909,0.990975272244993,0.8403648998620912,0.9868649574983254,0.0039658546253746865,0.0013837765291738844,0.25304809253231497,15
2022-01-06,0.4209756951471517,0.990975272244993,0.5790243048528483,0.9868649574983254,0.003513417291612075,0.0017910055247908506,2.685479733468451,15
2022-01-07,0.27916689176408455,0.990975272244993,0.7208331082359155,0.9868649574983254,0.0037589602890993963,0.0015700346627275422,1.075359200228126,15
2022-01-08,0.5015945482628056,0.990975272244993,0.4984054517371945,0.9868649574983254,0.0033737816079336684,0.0019166283143958042,2.815953043914068,15
2022-01-09,0.30548234286881826,0.990975272244993,0.694517657131182,0.9868649574983254,0.0037134022694176663,0.0016110402122948,3.07566400848674,15
2022-01-10,0.15147470631905025,0.990975272244993,0.84852529368095,0.9868649574983254,0.0039799766996076675,0.0013710607512115085,3.160413257432262,15
2022-01-11,0.07565784458230898,0.990975272244993,0.9243421554176913,0.9868649574983254,0.004111167083181132,0.001252920573047486,2.046914031105653,15
2022-01-12,0.09455793869209611,0.990975272244993,0.9054420613079042,0.9868649574983254,0.004078465748572482,0.0012823712840674198,1.6903458889416116,15
2022-01-13,0.14609935702998322,0.990975272244993,0.853900642970017,0.9868649574983254,0.003989278902627657,0.0013626847157471378,1.3512731595031142,15
2022-01-14,0.25110467328785596,0.990975272244993,0.7488953267121441,0.9868649574983254,0.0038075386544777546,0.0015263072462331616,2.7925607237071235,15
2022-01-15,0.15960321883210934,0.990975272244993,0.8403967811678907,0.9868649574983254,0.003965909798606753,0.0013837268507374389,3.1795698763109836,15
2022-01-16,0.07828791821308241,0.990975272244993,0.9217120817869178,0.9868649574983254,0.004106616579167372,0.0012570188350990463,3.224397228278219,15
2022-01-17,0.04352729370622878,0.990975272244993,0.9564727062937713,0.9868649574983254,0.004166756047151219,0.0012028537552175838,1.8712300992991828,15
2022-01-18,0.06390574829974235,0.990975272244993,0.9360942517002578,0.9868649574983254,0.004131499929115869,0.0012346080932531616,3.183822439852316,15
2022-01-19,0.03904294359627846,0.990975272244993,0.9609570564037218,0.9868649574983254,0.0041745140083497695,0.001195866102223202,2.4276935689211245,15
2022-01-20,0.04266300127346642,0.990975272244993,0.9573369987265338,0.9868649574983254,0.004168251287500566,0.001201506988025519,1.678896374281308,15
2022-01-21,0.07036741082151203,0.990975272244993,0.929632589178488,0.9868649574983254,0.004120320390597201,0.001244676855584796,-1.9926073662272066,15
2022-01-22,0.2549690966781647,0.990975272244993,0.7450309033218354,0.9868649574983254,0.003800849197618708,0.0015323289102452853,0.8980511962064646,15
2022-01-23,0.49777468972666483,0.990975272244993,0.5022253102733353,0.9868649574983254,0.0033803984966998242,0.0019106760927173603,1.5393261433561392,15
2022-01-24,0.6920249890990091,0.990975272244993,0.30797501090099083,0.9868649574983254,0.003043821709285964,0.0022133629152865718,2.536313249517536,15
2022-01-25,0.5362873644023085,0.990975272244993,0.4637126355976916,0.9868649574983254,0.0033136822886600773,0.001970687733182672,2.7518836927049146,15
2022-01-26,0.5082974632655383,0.9909712073367453,0.4917025367344618,0.9850366752554417,0.004209089630975138,0.0013921208810838562,2.8962101075251128,16
2022-01-27,0.3137532205907956,0.9909712073367453,0.6862467794092043,0.9850366752554417,0.005015674345349605,0.0012321885750386696,3.045993044847159,16
2022-01-28,0.17500987906931004,0.9909712073367453,0.8249901209306899,0.9850366752554417,0.005590876043481783,0.0011181294682110028,2.2100819914437717,16
2022-01-29,0.18980496111325035,0.9909712073367453,0.8101950388867495,0.9850366752554417,0.005529539879374691,0.0011302923138284448,2.990216484266006,16
2022-01-30,0.1156417194884352,0.9909712073367453,0.8843582805115647,0.9850366752554417,0.005836996419386818,0.001069323671972137,3.1951999347563045,16
2022-01-31,0.0655512400564623,0.9909712073367453,0.9344487599435376,0.9850366752554417,0.00604465095556233,0.001028144936604172,2.786616400807027,16
2022-02-01,0.05601920106510917,0.9909712073367453,0.9439807989348907,0.9850366752554417,0.006084166486633401,0.0010203087706182757,3.0629259906977433,16
2022-02-02,0.042593897557350185,0.9909712073367453,0.9574061024426498,0.9850366752554417,0.006139821526745294,0.001009272002221371,0.1705345995909897,16
2022-02-03,0.14439485867854188,0.9909712073367453,0.8556051413214579,0.9850366752554417,0.005717796192247781,0.0010929612558630171,3.216677246014973,16
2022-02-04,0.07741332611589884,0.9909712073367453,0.9225866738841011,0.9850366752554417,0.005995475929576668,0.001037896604152432,-1.7609906471557557,16
2022-02-05,0.2668125199256154,0.9909712073367453,0.7331874800743846,0.9850366752554417,0.005210283863213542,0.0011935992320617587,2.838462117549329,16
2022-02-06,0.17711936528551012,0.9909712073367453,0.8228806347144898,0.9850366752554417,0.005582130737116987,0.0011198636495493397,2.1894657828122486,16
2022-02-07,0.1946487773416681,0.9909712073367453,0.8053512226583319,0.9850366752554417,0.005509458743131063,0.0011342743525093078,1.2366337461498258,16
2022-02-08,0.3689921225438253,0.9909712073367453,0.6310078774561746,0.9850366752554417,0.004786657841923558,0.0012775997619814891,2.972411777697329,16
2022-02-09,0.21668511804550625,0.9909712073367453,0.7833148819544936,0.9850366752554417,0.005418101705995036,0.001152390143226664,3.109464604815454,16
2022-02-10,0.11867624899399093,0.9909712073367453,0.8813237510060091,0.9850366752554417,0.005824416398562996,0.0010718183194359384,2.2091462343508277,16
2022-02-11,0.13014367397580068,0.9909712073367453,0.8698563260241994,0.9850366752554417,0.005776876644590013,0.0010812455412160622,1.417761124944916,16
2022-02-12,0.22800274071180768,0.9909712073367453,0.7719972592881922,0.9850366752554417,0.005371181479540763,0.0011616942144604607,3.0661410362672505,16
2022-02-13,0.12742364799492936,0.9909712073367453,0.8725763520050707,0.9850366752554417,0.005788152894535639,0.0010790094430327257,3.2465695783502158,16
2022-02-14,0.0684539827072824,0.9909712073367453,0.9315460172927176,0.9850366752554417,0.006032617470382711,0.0010305312437989707,2.9196965083395194,16
2022-02-15,0.053236374718419674,0.9909712073367453,0.9467636252815802,0.9850366752554417,0.006095702805389462,0.0010180210450663383,0.6280695144593693,16
2022-02-16,0.15678168893708624,0.9909712073367453,0.8432183110629137,0.9850366752554417,0.005666444481636519,0.0011031443088313406,2.784199574968385,16
2022-02-17,0.11209791374126572,0.9909712073367453,0.8879020862587341,0.9850366752554417,0.005851687692681078,0.0010664103550960956,-1.048959858920053,16
2022-02-18,0.3553356537530431,0.9909712073367453,0.6446643462469568,0.9850366752554417,0.004843276960347303,0.001266372955594854,2.4517731322912617,16
2022-02-19,0.3051758540230809,0.9909712073367453,0.6948241459769189,0.9850366752554417,0.0050512351185709155,0.0012251372329063661,3.1236752067871083,16
2022-02-20,0.15992887128090344,0.9909712073367453,0.8400711287190965,0.9850366752554417,0.005653397269165754,0.0011057315667366437,0.869606543122366,16
2022-02-21,0.3490515958222259,0.9909712073367453,0.650948404177774,0.9850366752554417,0.0048693303032065404,0.0012612069128357401,1.1360602929390318,16
2022-02-22,0.5890433403168811,0.9909712073367453,0.4109566596831189,0.9850366752554417,0.0038743004238857848,0.0014585010223972796,1.8290197975868852,16
2022-02-23,0.7163552286754382,0.9909712073367453,0.2836447713245617,0.9850366752554417,0.0033464209434408776,0.0015631624794119354,1.9936433181967363,16
2022-02-24,0.7762516060401973,0.9909712073367453,0.22374839395980267,0.9850366752554417,0.003098062100007808,0.0016124025166599886,2.0386149245651164,16
2022-02-25,0.8312872505322234,0.9909712073367453,0.16871274946777667,0.9850366752554417,0.0028698538900465277,0.0016576466082726547,2.027852480210651,16
2022-02-26,0.8784701259658975,0.9909712073367453,0.12152987403410256,0.9850366752554417,0.002674204342720403,0.0016964350399949263,2.482169528316899,16
2022-02-27,0.7771729683956888,0.9909712073367453,0.2228270316043111,0.9850366752554417,0.003094241655978606,0.0016131599567373255,1.583596248473565,16
2022-02-28,0.8898594048405933,0.9909712073367453,0.11014059515940651,0.9850366752554417,0.0026269768580094418,0.0017057980188709815,-1.7448319992214811,16
2022-03-01,0.9545343460797046,0.9909712073367453,0.04546565392029548,0.9850366752554417,0.0023587884416873335,0.0017589664516834676,2.083830958260596,16
2022-03-02,0.9613815519351775,0.9909712073367453,0.038618448064822564,0.9850366752554417,0.0023303947135301984,0.0017645954510687783,2.3884521765459237,16
2022-03-03,0.9214014712802492,0.9909712073367453,0.07859852871975086,0.9850366752554417,0.0024961816689539787,0.0017317283437871432,1.7356253238320651,16
2022-03-04,0.9564488249770607,0.9909712073367453,0.04355117502293924,0.9850366752554417,0.002350849561095605,0.001760540320026829,0.001167529770595796,16
2022-03-05,0.9805764592232311,0.9909712073367453,0.0194235407767689,0.9850366752554417,0.0022507976772745252,0.0017803753361206043,2.411490722861762,16
2022-03-06,0.9506710511486852,0.9909712073367453,0.04932894885131477,0.9850366752554417,0.002374808575578517,0.0017557904868810363,2.0214238442481305,16
2022-03-07,0.959047603748107,0.9909712073367453,0.04095239625189278,0.9850366752554417,0.002340073046634288,0.0017626767424469443,2.4085455472613457,16
2022-03-08,0.9124042451401949,0.9909712073367453,0.08759575485980506,0.9850366752554417,0.002533490518714142,0.001724331840530068,2.342053038613966,16
2022-03-09,0.8788572577347659,0.9909712073367453,0.1211427422652341,0.9850366752554417,0.0026725990411809427,0.0016967532960157018,0.14804616495792589,16
2022-03-10,0.9621208970569713,0.9909712073367453,0.0378791029430285,0.9850366752554417,0.0023273288220115556,0.00176520325713215,0.8083729248113467,16
2022-03-11,0.9815624080276997,0.9909712073367453,0.018437591972300334,0.9850366752554417,0.002246709152142614,0.0017811858718824092,2.2277455007900064,16
2022-03-12,0.9714427124108178,0.9909712073367453,0.0285572875891822,0.9850366752554417,0.002288673367809731,0.0017728666009842763,2.443546648295819,16
2022-03-13,0.9250642241728931,0.9909712073367453,0.0749357758271068,0.9850366752554417,0.0024809932789756277,0.0017347394455732473,1.8836093706014716,16
2022-03-14,0.9513132134457295,0.9909712073367453,0.04868678655427042,0.9850366752554417,0.0023721456878721555,0.0017563184002009553,1.439169293978214,16
2022-03-15,0.9765434106479461,0.9909712073367453,0.02345658935205378,0.9850366752554417,0.0022675218792774705,0.0017770598190424865,2.381501234436435,16
2022-03-16,0.9469478300249526,0.9909712073367453,0.05305216997504741,0.9850366752554417,0.002390247838752812,0.0017527296749441329,1.5773065601984768,16
2022-03-17,0.9734901916703332,0.9909712073367453,0.026509808329666863,0.9850366752554417,0.002280182919930916,0.0017745498072054004,2.4251735388521243,16
2022-03-18,0.9321871800267502,0.9909712073367453,0.06781281997324977,0.9850366752554417,0.0024514563638048845,0.0017405951354662146,2.213487820142268,16
2022-03-19,0.9295551459255996,0.9909712073367453,0.07044485407440022,0.9850366752554417,0.0024623706845543917,0.00173843137426928,2.4464877016835365,16
2022-03-20,0.8623147081369731,0.9909712073367453,0.13768529186302692,0.9850366752554417,0.002741195091800503,0.0016831538799205919,2.1020929756835787,16
2022-03-21,0.8795277871922057,0.9909712073367453,0.12047221280779434,0.9850366752554417,0.0026698185869728653,0.0016973045296113363,2.504768353557039,16
2022-03-22,0.7687670628510666,0.9909712073367453,0.23123293714893356,0.9850366752554417,0.0031290968378524476,0.001606249570494762,1.8462110730993482,16
2022-03-23,0.8628252549593878,0.9909712073367453,0.13717474504061225,0.9850366752554417,0.00273907804182834,0.0016835735938608772,2.5168050140542504,16
2022-03-24,0.7506170816706286,0.9909712073367453,0.24938291832937132,0.9850366752554417,0.003204355613191215,0.0015913287056829603,1.9362506236694628,16
2022-03-25,0.832702074080074,0.9909712073367453,0.1672979259199259,0.9850366752554417,0.002863987195418296,0.0016588097164147602,2.540137741137651,16
2022-03-26,0.7076712487429083,0.9909712073367453,0.29232875125709157,0.9850366752554417,0.003382428448396686,0.0015560234918111475,2.7504359435704853,16
2022-03-27,0.5021409658313604,0.9909712073367453,0.49785903416863947,0.9850366752554417,0.004234615388745546,0.0013870597041594095,0.9649619590126497,16
2022-03-28,0.7781011975655988,0.9909712073367453,0.22189880243440113,0.9850366752554417,0.0030903927374311686,0.0016139230419339936,2.55842396140674,16
2022-03-29,0.6454272600038184,0.9909712073367453,0.35457273999618155,0.9850366752554417,0.0036405157355953897,0.001504853513611707,2.7890582442047216,16
2022-03-30,0.4410204400398602,0.9909712073367453,0.5589795599601397,0.9850366752554417,0.004488027437380474,0.0013368133103204927,2.8005852359592387,16
2022-03-31,0.29229316249936477,0.9909712073367453,0.7077068375006352,0.9850366752554417,0.005104645086016178,0.0012145465388044524,1.3055923089013253,16
2022-04-01,0.48561811102952773,0.9909712073367453,0.5143818889704722,0.9850366752554417,0.004303121359017864,0.001373476478901364,2.4816165429720427,16
2022-04-02,0.4152351735121298,0.9909712073367453,0.5847648264878701,0.9850366752554417,0.004594934316314689,0.0013156155761646464,2.8389535862580924,16
2022-04-03,0.26732115250960065,0.9909712073367453,0.7326788474903994,0.9850366752554417,0.005208175160290067,0.0011940173723313861,2.811152984804756,16
2022-04-04,0.18122166938442713,0.9909712073367453,0.8187783306155728,0.9850366752554417,0.005565123779593222,0.0011232361006978187,3.1516657664314724,16
2022-04-05,0.09828795164689616,0.9909712073367453,0.9017120483531037,0.9850366752554417,0.005908938390888887,0.0010550573638495658,1.976972065608686,16
2022-04-06,0.12793179758759968,0.9909712073367453,0.8720682024124001,0.9850366752554417,0.005786046289749187,0.001079427186241439,0.11349219884325978,16
2022-04-07,0.35957968928153305,0.9909712073367453,0.6404203107184668,0.9850366752554417,0.004825681402873487,0.0012698619223187055,2.9878619723442283,16
2022-04-08,0.20874687983441964,0.9909712073367453,0.7912531201655804,0.9850366752554417,0.0054510116886233246,0.0011458642202510985,1.35265425745123,16
2022-04-09,0.35803337867301904,0.9909712073367453,0.641966621326981,0.9850366752554417,0.004832092331567824,0.0012685907203644274,2.766767125447768,16
2022-04-10,0.24780787451240133,0.9909712073367453,0.7521921254875985,0.9850366752554417,0.005289073593026064,0.0011779757588367603,2.7610508762411996,16
2022-04-11,0.17260131698396977,0.9909712073367453,0.8273986830160301,0.9850366752554417,0.005600861222649711,0.0011161494204683126,-0.3399772047285341,16
2022-04-12,0.46897518633477386,0.9909712073367453,0.531024813665226,0.9850366752554417,0.004372124782116986,0.0013597945457370993,2.547276163500746,16
2022-04-13,0.38226887249263186,0.9909712073367453,0.6177311275073681,0.9850366752554417,0.0047316127794366615,0.0012885144064186831,1.8817648206879347,16
2022-04-14,0.4831468788702644,0.9909712073367453,0.5168531211297357,0.9850366752554417,0.004313367387002884,0.0013714449109013553,1.6049573514628959,16
2022-04-15,0.6481188350537934,0.9909712073367453,0.3518811649462065,0.9850366752554417,0.003629355548495671,0.0015070662226526828,2.422950372688262,16
2022-04-16,0.5799326502140726,0.9909712073367453,0.4200673497859274,0.9850366752554417,0.003912075681793692,0.0014510112418837473,2.8654886173265197,16
2022-04-17,0.3686787075918272,0.9909712073367453,0.6313212924081727,0.9850366752554417,0.004787957249343691,0.0012773421076025524,2.185378419988109,16
2022-04-18,0.37873280452675134,0.9909712073367453,0.6212671954732485,0.9850366752554417,0.004746273249201208,0.0012856074506725737,1.7936580409135692,16
2022-04-19,0.5019287791699051,0.9909712073367453,0.49807122083009475,0.9850366752554417,0.004235495145418513,0.0013868852682490376,2.408258442009319,16
2022-04-20,0.451969777081696,0.9909712073367453,0.548030222918304,0.9850366752554417,0.004442630719936633,0.0013458146187051083,2.9714190930072744,16
2022-04-21,0.26281588545737666,0.9909712073367453,0.7371841145426233,0.9850366752554417,0.005226853207890036,0.0011903136505501343,1.8876466667425156,16
2022-04-22,0.33117857396717376,0.9909712073367453,0.6688214260328262,0.9850366752554417,0.004943430532356114,0.0012465137327036838,2.209231059215757,16
2022-04-23,0.3365029350850947,0.9909712073367453,0.6634970649149052,0.9850366752554417,0.004921356169382339,0.001250890821123772,3.0098510286709543,16
2022-04-24,0.19102416096147282,0.9909712073367453,0.8089758390385271,0.9850366752554417,0.0055244854135074,0.0011312946022569038,3.1727768422261553,16
2022-04-25,0.10077910523012133,0.9909712073367453,0.8992208947698787,0.9850366752554417,0.0058986110621212775,0.001057105308994589,1.8997618409549775,16
2022-04-26,0.14157301627241942,0.9909712073367453,0.8584269837275805,0.9850366752554417,0.005729494590654487,0.0010906414557131777,-0.18437712434695164,16
2022-04-27,0.8132884134832289,0.9904426931942674,0.1867115865167711,0.9794026623156334,0.0025900699673018553,0.001385006636603369,1.9209214088359128,17
2022-04-28,0.8882411628248369,0.9904426931942674,0.11175883717516312,0.9794026623156334,0.002322733060201178,0.0013780426034574102,2.4720316844003833,17
2022-04-29,0.842434769403013,0.9904426931942674,0.15756523059698718,0.9794026623156334,0.0024861125294569045,0.0013822985813219785,1.8558857755593203,17
2022-04-30,0.9138529460348013,0.9904426931942674,0.08614705396519873,0.9794026623156334,0.0022313824875353186,0.0013756629534943596,2.088899273943551,17
2022-05-01,0.9382352416751141,0.9904426931942674,0.06176475832488596,0.9794026623156334,0.0021444171668895794,0.0013733975380625678,2.2968119313030524,17
2022-05-02,0.9347438790163387,0.9904426931942674,0.06525612098366129,0.9794026623156334,0.002156869952014589,0.001373721928635213,2.6137241374536346,17
2022-05-03,0.8497466559752767,0.9904426931942674,0.15025334402472337,0.9794026623156334,0.0024600329377909096,0.0013816192170438696,2.0925960107546717,17
2022-05-04,0.8927308000629907,0.9904426931942674,0.10726919993700937,0.9794026623156334,0.002306719692118288,0.0013776254608867308,1.1706485750630151,17
2022-05-05,0.9591351811733734,0.9904426931942674,0.040864818826626584,0.9794026623156334,0.002069872498661551,0.0013714556763871398,-0.19283899354167136,17
2022-05-06,0.9806045490014921,0.9904426931942674,0.019395450998507955,0.9794026623156334,0.0019932968192885965,0.001369460907809721,2.394319199740493,17
2022-05-07,0.9675655042269125,0.9904426931942674,0.03243449577308773,0.9794026623156334,0.0020398037188095576,0.001370672395591016,2.3452995906216985,17
2022-05-08,0.9578377785025055,0.9904426931942674,0.04216222149749453,0.9794026623156334,0.0020744999980021423,0.0013715762210673944,1.448642719617208,17
2022-05-09,0.9775632731332613,0.9904426931942674,0.02243672686673867,0.9794026623156334,0.00200414426379754,0.0013697434797785733,-1.222225545450295,17
2022-05-10,0.9842018617998327,0.9904426931942674,0.015798138200167407,0.9794026623156334,0.0019804661346420906,0.0013691266731647737,2.3523204428836966,17
2022-05-11,0.9739096403081348,0.9904426931942674,0.0260903596918654,0.9794026623156334,0.0020171758269971894,0.0013700829472473568,0.17272617669713994,17
2022-05-12,0.9843531053570663,0.9904426931942674,0.015646894642933822,0.9794026623156334,0.0019799266879734047,0.0013691126207763698,2.5096602210713277,17
2022-05-13,0.9603224883613789,0.9904426931942674,0.039677511638621175,0.9794026623156334,0.002065637681371603,0.0013713453609326125,2.524175930331807,17
2022-05-14,0.9183366591917456,0.9904426931942674,0.08166334080825452,0.9794026623156334,0.0022153902471265404,0.0013752463613437554,2.1039214132869217,17
2022-05-15,0.9392806237342088,0.9904426931942674,0.06071937626579109,0.9794026623156334,0.002140688560161868,0.001373300409199735,1.7253570488906582,17
2022-05-16,0.9671121658702296,0.9904426931942674,0.03288783412977055,0.9794026623156334,0.002041420659396789,0.0013707145163053328,1.4289696831404857,17
2022-05-17,0.9806047823107075,0.9904426931942674,0.019395217689292553,0.9794026623156334,0.0019932959871349558,0.0013694608861324225,2.333169768580931,17
2022-05-18,0.9713005686807747,0.9904426931942674,0.02869943131922544,0.9794026623156334,0.002026481710460672,0.0013703253621214304,0.8642111092184951,17
2022-05-19,0.9833870039523718,0.9904426931942674,0.01661299604762817,0.9794026623156334,0.00198337252191754,0.001369202383490396,1.2281814113294653,17
2022-05-20,0.9859345673307022,0.9904426931942674,0.014065432669297911,0.9794026623156334,0.0019742860219343775,0.0013689656834898762,1.734165220493687,17
2022-05-21,0.9853584131379428,0.9904426931942674,0.01464158686205723,0.9794026623156334,0.001976341015004351,0.0013690192153073318,2.522806811847906,17
2022-05-22,0.9602255037188899,0.9904426931942674,0.039774496281110086,0.9794026623156334,0.0020659836004783896,0.001371354371999863,1.9672953193425193,17
2022-05-23,0.9710555545263407,0.9904426931942674,0.028944445473659257,0.9794026623156334,0.0020273556125522834,0.0013703481269527098,1.4510024953150238,17
2022-05-24,0.9817180015080921,0.9904426931942674,0.01828199849190795,0.9794026623156334,0.0019893254221107497,0.0013693574543643101,2.315904224206564,17
2022-05-25,0.9732733303785336,0.9904426931942674,0.026726669621466394,0.9794026623156334,0.0020194453798978076,0.0013701420682733334,2.5506762968198373,17
2022-05-26,0.9329195969550357,0.9904426931942674,0.06708040304496429,0.9794026623156334,0.0021633766929191594,0.0013738914268971727,2.503526838026548,17
2022-05-27,0.8870195094561995,0.9904426931942674,0.11298049054380052,0.9794026623156334,0.002327090379902873,0.0013781561100949492,2.030039567955368,17
2022-05-28,0.9258911659028412,0.9904426931942674,0.07410883409715892,0.9794026623156334,0.0021884452828112954,0.0013745444546678885,2.4167341649006935,17
2022-05-29,0.9006871026808465,0.9904426931942674,0.09931289731915348,0.9794026623156334,0.0022783416295982725,0.0013768862224246767,2.4735742587783056,17
2022-05-30,0.8561489809873408,0.9904426931942674,0.14385101901265926,0.9794026623156334,0.002437197514139343,0.0013810243622321802,0.10583172683602188,17
2022-05-31,0.9532312682735828,0.9904426931942674,0.04676873172641731,0.9794026623156334,0.00209093022681299,0.0013720042225777223,2.5884095517145886,17
2022-06-01,0.8873939668380313,0.9904426931942674,0.1126060331619688,0.9794026623156334,0.0023257547878553723,0.001378121318394288,0.4386245621892347,17
2022-06-02,0.9620823844208121,0.9904426931942674,0.03791761557918798,0.9794026623156334,0.002059360587802684,0.001371181844922873,2.2192277086935888,17
2022-06-03,0.9620996686638429,0.9904426931942674,0.03790033133615718,0.9794026623156334,0.0020592989393827914,0.001371180239003912,1.9615138940347236,17
2022-06-04,0.9724062233635518,0.9904426931942674,0.02759377663644825,0.9794026623156334,0.0020225381262817467,0.0013702226331898503,2.5562084128740516,17
2022-06-05,0.9296898465569263,0.9904426931942674,0.0703101534430738,0.9794026623156334,0.0021748963746699383,0.0013741915104701328,2.612459224512186,17
2022-06-06,0.8430317348265459,0.9904426931942674,0.1569682651734541,0.9794026623156334,0.0024839833095794397,0.00138224311588498,1.2863836050358568,17
2022-06-07,0.939613732475753,0.9904426931942674,0.06038626752424709,0.9794026623156334,0.0021395004476549443,0.0013732694592967936,2.556533730525829,17
2022-06-08,0.8788105405271086,0.9904426931942674,0.12118945947289128,0.9794026623156334,0.002356369635497927,0.0013789188243678542,1.8120035816859565,17
2022-06-09,0.9366474201232211,0.9904426931942674,0.06335257987677893,0.9794026623156334,0.0021500805145925122,0.0013735450662321728,2.5536325856352744,17
2022-06-10,0.8756914394358016,0.9904426931942674,0.12430856056419845,0.9794026623156334,0.0023674946569670237,0.0013792086272580253,1.7049258941551204,17
2022-06-11,0.9403326338137716,0.9904426931942674,0.05966736618622828,0.9794026623156334,0.0021369363129848055,0.0013732026645122042,2.059498001969698,17
2022-06-12,0.9569120727080543,0.9904426931942674,0.043087927291945716,0.9794026623156334,0.0020778017508245638,0.001371662230531925,0.8878630950456774,17
2022-06-13,0.9796584805,0.9904426931942674,0.02034151950000005,0.9794026623156334,0.0019966712009850548,0.0013695488092204178,-3.229310416922701,17
2022-06-14,0.9809429579390087,0.9904426931942674,0.01905704206099144,0.9794026623156334,0.0019920898021155036,0.0013694294654533236,2.4273061972723493,17
2022-06-15,0.9651349340378365,0.9904426931942674,0.0348650659621635,0.9794026623156334,0.002048472933562928,0.001370898225483968,2.2851875237360058,17
2022-06-16,0.9601270574234558,0.9904426931942674,0.03987294257654419,0.9794026623156334,0.0020663347329225876,0.0013713635188726666,-0.9498329690673846,17
2022-06-17,0.9798054812100123,0.9904426931942674,0.02019451878998775,0.9794026623156334,0.0019961468874670693,0.001369535151044754,2.519898702041697,17
2022-06-18,0.9507388975306682,0.9904426931942674,0.04926110246933183,0.9794026623156334,0.0020998198675277416,0.0013722357945029433,0.1500721931829251,17
2022-06-19,0.9787323427479203,0.9904426931942674,0.021267657252079856,0.9794026623156334,0.001999974494837378,0.0013696348588191302,0.22766500246352142,17
2022-06-20,0.9854649556057271,0.9904426931942674,0.014535044394272901,0.9794026623156334,0.0019759610055633758,0.0013690093162004463,2.541373239666872,17
2022-06-21,0.9574925134899065,0.9904426931942674,0.04250748651009361,0.9794026623156334,0.0020757314688844325,0.0013716083004375712,2.5648683037841096,17
2022-06-22,0.9020948528501288,0.9904426931942674,0.09790514714987124,0.9794026623156334,0.002273320550695088,0.001376755425103348,1.7200686243559449,17
2022-06-23,0.9517387437704244,0.9904426931942674,0.04826125622957549,0.9794026623156334,0.0020962536750443036,0.001372142896478312,1.0878310457483535,17
2022-06-24,0.9775568250003648,0.9904426931942674,0.022443174999635263,0.9794026623156334,0.002004167262619843,0.0013697440788895017,2.4980365613427677,17
2022-06-25,0.9507930115649297,0.9904426931942674,0.04920698843507041,0.9794026623156334,0.002099626856788574,0.0013722307666429708,2.545316186052665,17
2022-06-26,0.8979813702650855,0.9904426931942674,0.10201862973491445,0.9794026623156334,0.002287992273662558,0.0013771376182759693,2.229468484709991,17
2022-06-27,0.9102229105011193,0.9904426931942674,0.08977708949888077,0.9794026623156334,0.00224432988130807,0.001376000228484265,2.3430178399693173,17
2022-06-28,0.9012960525472181,0.9904426931942674,0.09870394745278203,0.9794026623156334,0.0022761696637282336,0.0013768296434854,2.072916073055277,17
2022-06-29,0.9313105770424328,0.9904426931942674,0.06868942295756719,0.9794026623156334,0.0021691156495293696,0.0013740409246554579,2.489215588759246,17
2022-06-30,0.8892124426506413,0.9904426931942674,0.11078755734935879,0.9794026623156334,0.0023192687577632287,0.001377952359604312,1.5462486291415274,17
2022-07-01,0.9515378178696071,0.9904426931942674,0.048462182130393,0.9794026623156334,0.002096970325675289,0.0013721615649680671,2.5926826551959903,17
2022-07-02,0.8833021717370424,0.9904426931942674,0.1166978282629576,0.9794026623156334,0.002340349156167681,0.0013785014965326493,2.5961847561092757,17
2022-07-03,0.791402827200088,0.9904426931942674,0.2085971727999119,0.9794026623156334,0.0026681301268969546,0.0013870400769992628,2.788218113822338,17
2022-07-04,0.610643684238652,0.9904426931942674,0.38935631576134816,0.9794026623156334,0.0033128503754089916,0.0014038348266792427,1.0072587402993523,17
2022-07-05,0.8403374273439975,0.9904426931942674,0.15966257265600264,0.9794026623156334,0.0024935932011955595,0.0013824934502193267,2.7134804683365688,17
2022-07-06,0.691884522181797,0.9904426931942674,0.30811547781820303,0.9794026623156334,0.0030230857762089777,0.0013962865526904794,2.3450091063102003,17
2022-07-07,0.6857015062417695,0.9904426931942674,0.3142984937582305,0.9794026623156334,0.0030451389640704556,0.0013968610309894956,0.9273526961998743,17
2022-07-08,0.8832265838303259,0.9904426931942674,0.11677341616967404,0.9794026623156334,0.002340618758557884,0.0013785085195797348,2.6186852802355385,17
2022-07-09,0.7809726878463341,0.9904426931942674,0.21902731215366586,0.9794026623156334,0.002705331701866848,0.0013880091653491174,2.5156044542914993,17
2022-07-10,0.7139247707802163,0.9904426931942674,0.28607522921978373,0.9794026623156334,0.0029444740144455197,0.0013942387422614716,1.5115740010167942,17
2022-07-11,0.8681312821779336,0.9904426931942674,0.13186871782206644,0.9794026623156334,0.0023944597687628496,0.0013799110589392503,1.3633271677205507,17
2022-07-12,0.9478229149202538,0.9904426931942674,0.05217708507974626,0.9794026623156334,0.002110220421888052,0.0013725067251856783,1.8055551439820507,17
2022-07-13,0.9693169584293612,0.9904426931942674,0.030683041570639023,0.9794026623156334,0.002033556734939824,0.001370509663933717,1.5772214429018399,17
2022-07-14,0.9803085068127275,0.9904426931942674,0.0196914931872726,0.9794026623156334,0.0019943527252226203,0.0013694884137735886,2.3009768792349394,17
2022-07-15,0.9726917840312372,0.9904426931942674,0.027308215968762817,0.9794026623156334,0.0020215196052619914,0.0013701961010883276,2.4354090300349878,17
2022-07-16,0.9531412603228231,0.9904426931942674,0.046858739677176936,0.9794026623156334,0.002091251261855891,0.001372012585424422,2.354383531477615,17
2022-07-17,0.9415833214092745,0.9904426931942674,0.05841667859072559,0.9794026623156334,0.0021324754345988135,0.0013730864602375537,2.2765514020633315,17
2022-07-18,0.9409320795731191,0.9904426931942674,0.05906792042688106,0.9794026623156334,0.0021347982453835536,0.0013731469686214738,0.45245157675385206,17
2022-07-19,0.9761152140789773,0.9904426931942674,0.02388478592102277,0.9794026623156334,0.0020093091159013657,0.0013698780222915557,1.3726975427079806,17
2022-07-20,0.9834913841998503,0.9904426931942674,0.016508615800149767,0.9794026623156334,0.0019830002245610095,0.0013691926852803958,2.525261057071458,17
2022-07-21,0.9566582541375738,0.9904426931942674,0.043341745862426326,0.9794026623156334,0.0020787070559270034,0.0013716858134018453,2.5335492648005578,17
2022-07-22,0.9108507056539821,0.9904426931942674,0.08914929434601797,0.9794026623156334,0.0022420906990966963,0.0013759418985858714,2.2146226195177903,17
2022-07-23,0.9228850768599205,0.9904426931942674,0.07711492314007959,0.9794026623156334,0.0021991672221753403,0.0013748237573474901,2.476324381781739,17
2022-07-24,0.8825921426463631,0.9904426931942674,0.1174078573536369,0.9794026623156334,0.00234288164513295,0.0013785674669762357,2.6190515124216125,17
2022-07-25,0.7800668315743526,0.9904426931942674,0.21993316842564745,0.9794026623156334,0.0027085626538173933,0.0013880933305486461,0.8939879698354849,17
2022-07-26,0.9244510240992265,0.9904426931942674,0.07554897590077352,0.9794026623156334,0.002193581894845084,0.0013746782615708154,2.334618149408241,17
2022-07-27,0.8854145694506893,0.989676136706017,0.11458543054931068,0.9814089966625136,0.0024800264034631914,0.0012275709152316974,0.11860016773465756,18
2022-07-28,0.9604004973394403,0.989676136706017,0.039599502660559685,0.9814089966625136,0.002171067951956219,0.0012277923053687963,1.639798911249987,18
2022-07-29,0.9754803623635635,0.989676136706017,0.024519637636436477,0.9814089966625136,0.0021089356042097566,0.0012278368275008699,2.4988909526661915,18
2022-07-30,0.9361731849099744,0.989676136706017,0.06382681509002554,0.9814089966625136,0.002270889787118308,0.0012277207761076227,2.3506531535609207,18
2022-07-31,0.9156022417349814,0.989676136706017,0.0843977582650185,0.9814089966625136,0.0023556465798713826,0.0012276600419931297,2.4118521076003563,18
2022-08-01,0.8769767984483369,0.989676136706017,0.12302320155166317,0.9814089966625136,0.0025147918686110626,0.0012275460033671435,2.6288924540453054,18
2022-08-02,0.7460435271860825,0.989676136706017,0.25395647281391753,0.9814089966625136,0.0030542656320200717,0.0012271594330373267,2.420358057085516,18
2022-08-03,0.6948448254290773,0.989676136706017,0.3051551745709227,0.9814089966625136,0.0032652155001597124,0.0012270082728407352,2.567828344863647,18
2022-08-04,0.589675077888069,0.989676136706017,0.410324922111931,0.9814089966625136,0.0036985379010676636,0.0012266977673168014,2.6973523575479126,18
2022-08-05,0.45330136269092225,0.989676136706017,0.5466986373090776,0.9814089966625136,0.004260427484730731,0.001226295134498161,1.8520542813468739,18
2022-08-06,0.5754147922656577,0.989676136706017,0.42458520773434233,0.9814089966625136,0.003757293402021639,0.0012266556649293547,2.564629246654906,18
2022-08-07,0.48474557969590704,0.989676136706017,0.5152544203040929,0.9814089966625136,0.004130870421831343,0.0012263879711104388,2.9192420032531134,18
2022-08-08,0.3144985980361368,0.989676136706017,0.6855014019638632,0.9814089966625136,0.004832325283987782,0.0012258853300993649,1.7460349363903083,18
2022-08-09,0.44062864327705575,0.989676136706017,0.5593713567229444,0.9814089966625136,0.004312641865066393,0.0012262577192768333,1.761502126914352,18
2022-08-10,0.5836058471150142,0.989676136706017,0.4163941528849859,0.9814089966625136,0.003723544461519852,0.0012266798483835993,1.7306063892721164,18
2022-08-11,0.7338038007621116,0.989676136706017,0.26619619923788834,0.9814089966625136,0.0031046959864393896,0.0012271232961942235,2.797899839651572,18
2022-08-12,0.5341402689196301,0.989676136706017,0.46585973108037,0.9814089966625136,0.003927353480743781,0.0012265338050999235,2.27916598742194,18
2022-08-13,0.5383673960734741,0.989676136706017,0.46163260392652594,0.9814089966625136,0.0039099367907806225,0.0012265462853650409,2.9847290200633756,18
2022-08-14,0.3324861221088168,0.989676136706017,0.6675138778911832,0.9814089966625136,0.004758212744124442,0.001225938436869297,3.0136490352107237,18
2022-08-15,0.20296452650159746,0.989676136706017,0.7970354734984025,0.9814089966625136,0.005291870093326707,0.0012255560344023794,2.7999258315103592,18
2022-08-16,0.1511270027438325,0.989676136706017,0.8488729972561675,0.9814089966625136,0.005505452047575133,0.0012254029881333698,2.8592057153223416,18
2022-08-17,0.11224486008944466,0.989676136706017,0.8877551399105553,0.9814089966625136,0.005665654993431559,0.0012252881916224067,1.8210786988882521,18
2022-08-18,0.16886043563336892,0.989676136706017,0.8311395643666311,0.9814089966625136,0.005432386419102865,0.0012254553447187877,3.0962876292305306,18
2022-08-19,0.10457616372595396,0.989676136706017,0.895423836274046,0.9814089966625136,0.005697251702468632,0.001225265550391084,-1.927953716987935,18
2022-08-20,0.3089871029144881,0.989676136706017,0.6910128970855121,0.9814089966625136,0.004855033851339188,0.0012258690578374227,2.79042545735777,18
2022-08-21,0.22375542090011544,0.989676136706017,0.7762445790998845,0.9814089966625136,0.005206207053602028,0.0012256174179058033,2.280228749341878,18
2022-08-22,0.23625152397361604,0.989676136706017,0.763748476026384,0.9814089966625136,0.005154720371329203,0.0012256543116810827,2.6272589200359358,18
2022-08-23,0.19598652295454672,0.989676136706017,0.8040134770454532,0.9814089966625136,0.005320620996657611,0.0012255354323880354,2.8749582617995095,18
2022-08-24,0.13892033909599888,0.989676136706017,0.8610796609040011,0.9814089966625136,0.005555746175986577,0.0012253669489055493,3.105409311975651,18
2022-08-25,0.08860523473269627,0.989676136706017,0.9113947652673037,0.9814089966625136,0.005763055428748489,0.0012252183974617414,3.1318809542291035,18
2022-08-26,0.06207443748075454,0.989676136706017,0.9379255625192455,0.9814089966625136,0.0058723681256450345,0.0012251400673402599,-0.5819264076288184,18
2022-08-27,0.22582594921218274,0.989676136706017,0.7741740507878173,0.9814089966625136,0.005197676023351165,0.0012256235309800797,2.754851696210913,18
2022-08-28,0.171779176032692,0.989676136706017,0.8282208239673081,0.9814089966625136,0.005420360569231515,0.001225463962073475,2.1281845679847797,18
2022-08-29,0.2047228293838528,0.989676136706017,0.7952771706161473,0.9814089966625136,0.0052846255002487255,0.001225561225655287,1.5419816916740539,18
2022-08-30,0.3343745622868366,0.989676136706017,0.6656254377131632,0.9814089966625136,0.004750431956873599,0.0012259440123424778,1.9316878235494541,18
2022-08-31,0.42291209376179484,0.989676136706017,0.5770879062382052,0.9814089966625136,0.004385637930421848,0.0012262054125382685,2.8141453433904373,18
2022-09-01,0.29736104256511386,0.989676136706017,0.7026389574348862,0.9814089966625136,0.004902935766997007,0.0012258347327958163,3.140677404203962,18
2022-09-02,0.1662046893928728,0.989676136706017,0.8337953106071273,0.9814089966625136,0.005443328675423998,0.00122544750383396,2.930164328686397,18
2022-09-03,0.11584992079153617,0.989676136706017,0.8841500792084638,0.9814089966625136,0.005650801353559991,0.0012252988352845651,2.9883561201524036,18
2022-09-04,0.082914833254242,0.989676136706017,0.917085166745758,0.9814089966625136,0.005786501129462056,0.0012252015969926545,3.114185582413576,18
2022-09-05,0.059881425628893134,0.989676136706017,0.9401185743711069,0.9814089966625136,0.005881403814906915,0.0012251335926428302,2.9491365795614493,18
2022-09-06,0.052803265759110346,0.989676136706017,0.9471967342408897,0.9814089966625136,0.005910567384211716,0.0012251126949247104,0.09103713435981597,18
2022-09-07,0.18006054968613128,0.989676136706017,0.8199394503138685,0.9814089966625136,0.00538623949552784,0.0012254884121869843,1.9609032551029086,18
2022-09-08,0.23685197332258925,0.989676136706017,0.7631480266774108,0.9814089966625136,0.005152246388466664,0.001225656084461222,3.216548166934104,18
2022-09-09,0.12811276576608488,0.989676136706017,0.8718872342339151,0.9814089966625136,0.005600275745779449,0.001225335040383396,-1.6668305537633046,18
2022-09-10,0.3674619984682141,0.989676136706017,0.632538001531786,0.9814089966625136,0.004614104471037065,0.0012260417004319464,2.454515046271349,18
2022-09-11,0.3352555115752826,0.989676136706017,0.6647444884247172,0.9814089966625136,0.004746802252807779,0.0012259466132769363,3.145954627981821,18
2022-09-12,0.18493774155118886,0.989676136706017,0.8150622584488111,0.9814089966625136,0.005366144396566802,0.0012255028117177506,1.6058751495764794,18
2022-09-13,0.2960540653780145,0.989676136706017,0.7039459346219856,0.9814089966625136,0.004908320799338147,0.0012258308740470247,-1.5470159521333837,18
2022-09-14,0.6089981869030262,0.989676136706017,0.3910018130969738,0.9814089966625136,0.003618922458550967,0.0012267548172977037,2.89634292214645,18
2022-09-15,0.40457934736229945,0.989676136706017,0.5954206526377005,0.9814089966625136,0.004461172861931381,0.0012261512865261877,1.677212710647893,18
2022-09-16,0.5627943504457925,0.989676136706017,0.43720564955420743,0.9814089966625136,0.0038092923872438665,0.0012266184040535689,2.959592567971497,18
2022-09-17,0.3548526651984451,0.989676136706017,0.6451473348015548,0.9814089966625136,0.00466605768655349,0.0012260044723532931,2.2841556649898127,18
2022-09-18,0.3628330855388067,0.989676136706017,0.6371669144611933,0.9814089966625136,0.004633176606405944,0.001226028033925484,1.269702258864497,18
2022-09-19,0.5936311204129331,0.989676136706017,0.40636887958706686,0.9814089966625136,0.003682238139161963,0.0012267094472255735,2.840981338319374,18
2022-09-20,0.4107536145793453,0.989676136706017,0.5892463854206547,0.9814089966625136,0.004435733528337481,0.0012261695155713452,1.2895771251913732,18
2022-09-21,0.6443195179630686,0.989676136706017,0.3556804820369313,0.9814089966625136,0.0034733908362446202,0.0012268591007885674,2.1515617074327356,18
2022-09-22,0.6859472529948557,0.989676136706017,0.31405274700514424,0.9814089966625136,0.003301875447914471,0.00122698200344811,1.1357877310025093,18
2022-09-23,0.8728686958360123,0.989676136706017,0.12713130416398766,0.9814089966625136,0.002531718151411228,0.0012275338745127548,2.58832476018525,18
2022-09-24,0.7595782799656204,0.989676136706017,0.24042172003437945,0.9814089966625136,0.0029984994852906466,0.0012271993933453181,2.1207798548669263,18
2022-09-25,0.8022744162444481,0.989676136706017,0.19772558375555196,0.9814089966625136,0.0028225820496661507,0.0012273254503766906,2.593214015184561,18
2022-09-26,0.6820776375577318,0.989676136706017,0.3179223624422682,0.9814089966625136,0.0033178191112901716,0.001226970578708612,2.1819266299174833,18
2022-09-27,0.7131459688890157,0.989676136706017,0.2868540311109842,0.9814089966625136,0.0031898107795921287,0.0012270623055475873,2.723658318684421,18
2022-09-28,0.5457850166592866,0.989676136706017,0.4542149833407133,0.9814089966625136,0.0038793745688959244,0.0012265681853146002,2.333102294514184,18
2022-09-29,0.5326774072119954,0.989676136706017,0.46732259278800464,0.9814089966625136,0.003933380791466472,0.0012265294861141733,2.9540240808089946,18
2022-09-30,0.3368272360623969,0.989676136706017,0.6631727639376032,0.9814089966625136,0.0047403264035891235,0.0012259512536716012,2.9730479363357323,18
2022-10-01,0.21186819532676998,0.989676136706017,0.78813180467323,0.9814089966625136,0.005255185027180572,0.0012255823217941259,2.995774555326251,18
2022-10-02,0.13644561137527045,0.989676136706017,0.8635543886247294,0.9814089966625136,0.0055659425963481635,0.0012253596424638634,2.370290667658436,18
2022-10-03,0.1427326042221233,0.989676136706017,0.8572673957778767,0.9814089966625136,0.005540038808492889,0.0012253782043227014,1.360243770581195,18
2022-10-04,0.26641885903006884,0.989676136706017,0.7335811409699312,0.9814089966625136,0.005030424341913169,0.0012257433783984268,1.2837367312790602,18
2022-10-05,0.4667034537321789,0.989676136706017,0.5332965462678211,0.9814089966625136,0.004205207933495798,0.001226334703132658,2.706189880885782,18
2022-10-06,0.3549600331269473,0.989676136706017,0.6450399668730527,0.9814089966625136,0.004665615307165972,0.001226004789348776,2.6929983024404627,18
2022-10-07,0.2741582842266034,0.989676136706017,0.7258417157733966,0.9814089966625136,0.004998536214567195,0.0012257662284511444,1.99816659177931,18
2022-10-08,0.3398390258034921,0.989676136706017,0.6601609741965079,0.9814089966625136,0.004727917170035965,0.001225960145747254,2.9266465422912744,18
2022-10-09,0.22126179820186404,0.989676136706017,0.778738201798136,0.9814089966625136,0.005216481325414124,0.0012256100556781615,3.225659166864181,18
2022-10-10,0.11995395770725767,0.989676136706017,0.8800460422927423,0.9814089966625136,0.00563389182237474,0.0012253109521352997,2.4727448496852404,18
2022-10-11,0.11950913051404735,0.989676136706017,0.8804908694859527,0.9814089966625136,0.005635724607861363,0.0012253096388175073,3.06460292193758,18
2022-10-12,0.08084113872559964,0.989676136706017,0.9191588612744003,0.9814089966625136,0.005795045205213688,0.001225195474570369,3.205464163419458,18
2022-10-13,0.05581786726373371,0.989676136706017,0.9441821327362664,0.9814089966625136,0.005898146565591751,0.0012251215953018773,2.8573281816859843,18
2022-10-14,0.05300155868753868,0.989676136706017,0.9469984413124614,0.9814089966625136,0.005909750373905765,0.0012251132803692043,2.7526710274170045,18
2022-10-15,0.05418432543612176,0.989676136706017,0.9458156745638782,0.9814089966625136,0.005904877115788132,0.0012251167723963084,3.121448229346969,18
2022-10-16,0.04534639917646599,0.989676136706017,0.954653600823534,0.9814089966625136,0.005941291308137384,0.0012250906791043887,3.003973348507577,18
2022-10-17,0.04331020384136865,0.989676136706017,0.9566897961586314,0.9814089966625136,0.00594968087899516,0.0012250846673955644,2.6042225166927064,18
2022-10-18,0.05135809532735658,0.989676136706017,0.9486419046726434,0.9814089966625136,0.005916521802989803,0.0012251084281710803,2.738264415509914,18
2022-10-19,0.05348377837448884,0.989676136706017,0.9465162216255111,0.9814089966625136,0.005907763523153725,0.001225114704085435,2.754097665513546,18
2022-10-20,0.05446750906506252,0.989676136706017,0.9455324909349374,0.9814089966625136,0.005903710337198715,0.0012251176084740127,3.147322771260328,18
2022-10-21,0.0448992471988584,0.989676136706017,0.9551007528011416,0.9814089966625136,0.005943133672244445,0.0012250893589228504,3.164334632297066,18
2022-10-22,0.039949539784166696,0.989676136706017,0.9600504602158333,0.9814089966625136,0.005963527551144326,0.0012250747452955473,3.342266023633361,18
2022-10-23,0.03487941337151288,0.989676136706017,0.9651205866284871,0.9814089966625136,0.00598441758269602,0.001225059776140491,2.3327180690325107,18
2022-10-24,0.05119871416769149,0.989676136706017,0.9488012858323086,0.9814089966625136,0.00591717848828389,0.0012251079576105662,2.704214790988536,18
2022-10-25,0.05434871159032877,0.989676136706017,0.9456512884096712,0.9814089966625136,0.005904199808820061,0.001225117257733681,0.8607805776730655,18
2022-10-26,0.898419813768388,0.9854027229480631,0.10158018623161218,0.9885063183631044,0.001930820042308895,0.0007992624288522622,1.2789738334008676,19
2022-10-27,0.8031408341110052,0.9854027229480631,0.1968591658889948,0.9885063183631044,0.0019522797593573983,0.0009049329317028217,1.8114855643569372,19
2022-10-28,0.7428793547426417,0.9854027229480631,0.2571206452573584,0.9885063183631044,0.001965840943756291,0.0009717667795281453,2.5005004974542815,19
2022-10-29,0.7769366413576215,0.9854027229480631,0.22306335864237845,0.9885063183631044,0.001958177823001142,0.0009339950630879418,2.8657125834601995,19
2022-10-30,0.8501166240628663,0.9854027229480631,0.14988337593713383,0.9885063183631044,0.0019417021772044896,0.0008528337660330643,2.856847809838629,19
2022-10-31,0.8964874019786675,0.9854027229480631,0.10351259802133243,0.9885063183631044,0.0019312555019511807,0.0008014055975371952,3.0237442180312177,19
2022-11-01,0.9318416734127273,0.9854027229480631,0.0681583265872727,0.9885063183631044,0.0019232871346261126,0.0007621954417002378,3.196154144267765,19
2022-11-02,0.9547396075545969,0.9854027229480631,0.045260392445403225,0.9885063183631044,0.001918124614013398,0.0007368001632903388,2.399106846384436,19
2022-11-03,0.9476551376716289,0.9854027229480631,0.052344862328371114,0.9885063183631044,0.0019197220016597635,0.0007446572950276311,3.197675319581095,19
2022-11-04,0.9618353763386559,0.9854027229480631,0.03816462366134425,0.9885063183631044,0.0019165245549559427,0.0007289305003466434,0.48335094599041506,19
2022-11-05,0.8830041501934555,0.9854027229480631,0.11699584980654448,0.9885063183631044,0.001934293631806119,0.0008163593890379804,3.0777165559267083,19
2022-11-06,0.9265717085506842,0.9854027229480631,0.07342829144931587,0.9885063183631044,0.0019244751073550198,0.0007680401709257122,2.43642337672401,19
2022-11-07,0.9257554554594558,0.9854027229480631,0.07424454454054422,0.9885063183631044,0.0019246591036879872,0.0007689454479859158,2.271660563405097,19
2022-11-08,0.9174124908578382,0.9854027229480631,0.0825875091421619,0.9885063183631044,0.001926539645627476,0.0007781983311285308,-1.8573901537646356,19
2022-11-09,0.7510198390312364,0.9854027229480631,0.2489801609687636,0.9885063183631044,0.001964009539017784,0.0009627384600465959,-3.0973827747626332,19
2022-11-10,0.5523834615894396,0.9854027229480631,0.44761653841056037,0.9885063183631044,0.002008651197239977,0.0011830389498730719,-1.266304955129819,19
2022-11-11,0.25112194971674945,0.9854027229480631,0.7488780502832505,0.9885063183631044,0.0020761716480214576,0.001517157299624316,1.5742184277032605,19
2022-11-12,0.14328789107880222,0.9854027229480631,0.8567121089211976,0.9885063183631044,0.0021002857713825485,0.0016367521907709663,2.4726040556994824,19
2022-11-13,0.2356207226481172,0.9854027229480631,0.7643792773518828,0.9885063183631044,0.0020796398318974167,0.0015343491552154789,1.9095091037651082,19
2022-11-14,0.17805619315295085,0.9854027229480631,0.8219438068470489,0.9885063183631044,0.002092513920958689,0.001598191912558008,2.2824042024635847,19
2022-11-15,0.19531272840972527,0.9854027229480631,0.8046872715902746,0.9885063183631044,0.002088655417763167,0.0015790533075414667,2.4353855345017776,19
2022-11-16,0.26563332760104624,0.9854027229480631,0.7343666723989537,0.9885063183631044,0.0020729243934229555,0.0015010632503009262,2.458914484800679,19
2022-11-17,0.35928845587099484,0.9854027229480631,0.6407115441290051,0.9885063183631044,0.002051954443612922,0.001397193702847683,2.7977382803441766,19
2022-11-18,0.5551542055118587,0.9854027229480631,0.4448457944881413,0.9885063183631044,0.0020080291661200363,0.0011799660170540493,2.9472446977662545,19
2022-11-19,0.7290446727386033,0.9854027229480631,0.2709553272613966,0.9885063183631044,0.001968953026175164,0.0009871103296942077,3.06926381082177,19
2022-11-20,0.8466645863772883,0.9854027229480631,0.1533354136227117,0.9885063183631044,0.0019424796605345682,0.0008566622973566135,1.6604027724959574,19
2022-11-21,0.7777888398728829,0.9854027229480631,0.22221116012711722,0.9885063183631044,0.001957986035955373,0.0009330499202457329,1.572410833700482,19
2022-11-22,0.6750049820061266,0.9854027229480631,0.3249950179938736,0.9885063183631044,0.001981104628549635,0.001047043814646753,1.9761314254925055,19
2022-11-23,0.6101659480028088,0.9854027229480631,0.3898340519971912,0.9885063183631044,0.001995675137720107,0.00111895446432114,2.0050887358833687,19
2022-11-24,0.5459653791013118,0.9854027229480631,0.4540346208986882,0.9885063183631044,0.002010091982155309,0.001190157015224901,2.947313004502757,19
2022-11-25,0.7229803315628652,0.9854027229480631,0.2770196684371349,0.9885063183631044,0.001970317038447681,0.0009938360732296863,3.0099751390259515,19
2022-11-26,0.8374129581162786,0.9854027229480631,0.16258704188372128,0.9885063183631044,0.0019445632089669024,0.0008669229468098593,3.0547293752547398,19
2022-11-27,0.9027715052469887,0.9854027229480631,0.0972284947530114,0.9885063183631044,0.0019298393760632975,0.0007944361237380825,3.175469034925107,19
2022-11-28,0.9407977106592358,0.9854027229480631,0.059202289340764165,0.9885063183631044,0.0019212680786794497,0.000752262621651261,2.5990897344423156,19
2022-11-29,0.9428735422304153,0.9854027229480631,0.05712645776958476,0.9885063183631044,0.0019208000734405812,0.0007499603912249029,2.6662574862266797,19
2022-11-30,0.9451617044467522,0.9854027229480631,0.05483829555324783,0.9885063183631044,0.0019202841850536085,0.0007474226724870088,0.6661756581190826,19
2022-12-01,0.8507341352289159,0.9854027229480631,0.14926586477108417,0.9885063183631044,0.0019415630954933809,0.000852148906521901,2.6423462176142354,19
2022-12-02,0.8809525822794914,0.9854027229480631,0.1190474177205087,0.9885063183631044,0.0019347558646013714,0.0008186347095113971,3.0495648611430552,19
2022-12-03,0.9240613715597271,0.9854027229480631,0.07593862844027302,0.9885063183631044,0.0019250409717125768,0.0007708242957464512,2.813645641341329,19
2022-12-04,0.9391262002481549,0.9854027229480631,0.0608737997518453,0.9885063183631044,0.001921644920253101,0.0007541164339642608,2.734986372798008,19
2022-12-05,0.9448239724387707,0.9854027229480631,0.055176027561229156,0.9885063183631044,0.0019203603308240228,0.0007477972389573932,2.8779191285833976,19
2022-12-06,0.9534966902929087,0.9854027229480631,0.04650330970709118,0.9885063183631044,0.0019184048726609906,0.0007381786382962267,3.0982958301795946,19
2022-12-07,0.9625475468690885,0.9854027229480631,0.03745245313091151,0.9885063183631044,0.0019163639573554687,0.0007281406575257315,2.6460130154432835,19
2022-12-08,0.959485539839236,0.9854027229480631,0.0405144601607641,0.9885063183631044,0.0019170544446161786,0.0007315366198223472,2.059800992700748,19
2022-12-09,0.9401932766816422,0.9854027229480631,0.05980672331835775,0.9885063183631044,0.0019214043489508437,0.0007529329777212143,3.0709207303650072,19
2022-12-10,0.9557379319846818,0.9854027229480631,0.044262068015318214,0.9885063183631044,0.0019178995045198168,0.0007356929574311405,3.2067246866426298,19
2022-12-11,0.9657179074452895,0.9854027229480631,0.03428209255471043,0.9885063183631044,0.0019156490119007585,0.0007246245241927609,3.1979747248058485,19
2022-12-12,0.9700769033486933,0.9854027229480631,0.02992309665130664,0.9885063183631044,0.0019146659778828709,0.0007197901180027223,3.126022664049761,19
2022-12-13,0.9710623782286325,0.9854027229480631,0.028937621771367536,0.9885063183631044,0.001914443728632981,0.0007186971631192398,1.2895193375581568,19
2022-12-14,0.9321774062262156,0.9854027229480631,0.06782259377378455,0.9885063183631044,0.0019232114503214474,0.0007618230924648421,3.1944183149375522,19
2022-12-15,0.9547597859589114,0.9854027229480631,0.04524021404108852,0.9885063183631044,0.001918120064063499,0.0007367777841450295,1.6645440346500164,19
2022-12-16,0.9230922508828366,0.9854027229480631,0.0769077491171635,0.9885063183631044,0.001925259420645602,0.000771899112769242,0.6209603227106443,19
2022-12-17,0.8098033883124124,0.9854027229480631,0.19019661168758775,0.9885063183631044,0.001950779876224991,0.0008975437315322968,2.8582459723908777,19
2022-12-18,0.8696596622832624,0.9854027229480631,0.13034033771673756,0.9885063183631044,0.0019373000541733792,0.00083115928249637,3.1620789693007905,19
2022-12-19,0.9246751907548495,0.9854027229480631,0.07532480924515056,0.9885063183631044,0.0019249026098865668,0.0007701435308679738,2.0545439592716983,19
2022-12-20,0.9051360000001694,0.9854027229480631,0.09486399999983063,0.9885063183631044,0.001929306510807016,0.0007918137473182825,1.6396578631141545,19
2022-12-21,0.8463029296264513,0.9854027229480631,0.15369707037354877,0.9885063183631044,0.0019425611127851486,0.000857063397902166,3.001867083723426,19
2022-12-22,0.904035707721233,0.9854027229480631,0.095964292278767,0.9885063183631044,0.00192955447565107,0.0007930340420655173,3.1836734454779756,19
2022-12-23,0.9415998086334721,0.9854027229480631,0.05840019136652784,0.9885063183631044,0.0019210872434659307,0.0007513730435241888,3.1796144455914503,19
2022-12-24,0.9588397989717822,0.9854027229480631,0.04116020102821783,0.9885063183631044,0.0019172000572228157,0.0007322527878839737,3.1891293029428107,19
2022-12-25,0.9667341936744713,0.9854027229480631,0.03326580632552874,0.9885063183631044,0.0019154198247799286,0.0007234973975456882,3.212319356803596,19
2022-12-26,0.9706934472659106,0.9854027229480631,0.02930655273408962,0.9885063183631044,0.0019145269320784625,0.0007191063312325865,3.1981199796638333,19
2022-12-27,0.9722265790314835,0.9854027229480631,0.027773420968516573,0.9885063183631044,0.0019141811691359995,0.0007174059897177334,2.8047731142196635,19
2022-12-28,0.9684289406362825,0.9854027229480631,0.03157105936371756,0.9885063183631044,0.0019150376293816634,0.0007216178144067522,2.8654504931343676,19
2022-12-29,0.967003866323306,0.9854027229480631,0.03299613367669406,0.9885063183631044,0.0019153590093032623,0.0007231983132722224,3.131901691199356,19
2022-12-30,0.9696672334094478,0.9854027229480631,0.03033276659055227,0.9885063183631044,0.0019147583680043708,0.0007202444682554068,3.1910732363441237,19
2022-12-31,0.9717761225781969,0.9854027229480631,0.02822387742180316,0.9885063183631044,0.00191428275992678,0.0007179055748319133,3.138257825836717,19
2023-01-01,0.9721828907588079,0.9854027229480631,0.02781710924119211,0.9885063183631044,0.00191419102211065,0.0007174544428157713,3.1573000891800613,19
2023-01-02,0.9724334997143419,0.9854027229480631,0.027566500285658012,0.9885063183631044,0.0019141345024471007,0.0007171765014015646,3.159182348420879,19
2023-01-03,0.9725718394979163,0.9854027229480631,0.027428160502083822,0.9885063183631044,0.0019141033027056842,0.0007170230737037967,3.211387128735461,19
2023-01-04,0.9732767711296333,0.9854027229480631,0.026723228870366617,0.9885063183631044,0.0019139443188963279,0.0007162412592861077,2.8990604207278894,19
2023-01-05,0.9698730115693744,0.9854027229480631,0.030126988430625494,0.9885063183631044,0.0019147119602838268,0.0007200162470704894,3.205910641767902,19
2023-01-06,0.9720234399767744,0.9854027229480631,0.027976560023225606,0.9885063183631044,0.0019142269828542671,0.000717631283965603,3.0452609645300024,19
2023-01-07,0.9710304497503518,0.9854027229480631,0.028969550249648195,0.9885063183631044,0.0019144509293413877,0.0007187325738506236,3.2132068313297824,19
2023-01-08,0.972609783640582,0.9854027229480631,0.02739021635941811,0.9885063183631044,0.0019140947451631823,0.0007169809912145621,3.0904161494789713,19
2023-01-09,0.9718672663195628,0.9854027229480631,0.028132733680437273,0.9885063183631044,0.0019142622044512237,0.0007178044905737018,3.0761262714609368,19
2023-01-10,0.9713274431682632,0.9854027229480631,0.02867255683173693,0.9885063183631044,0.0019143839494473289,0.0007184031890909755,2.6453325038617614,19
2023-01-11,0.9648964960340499,0.9854027229480631,0.03510350396595003,0.9885063183631044,0.001915834250098411,0.0007255355221608856,2.045265735465033,19
2023-01-12,0.9458133554438628,0.9854027229480631,0.05418664455613717,0.9885063183631044,0.0019201372616531682,0.0007466999497123172,-0.007531817962373566,19
2023-01-13,0.8205162903886204,0.9854027229480631,0.17948370961137972,0.9885063183631044,0.0019483679443913966,0.0008856624356425584,0.46368680820549535,19
2023-01-14,0.5774240566633676,0.9854027229480631,0.42257594333663245,0.9885063183631044,0.0020030289057721426,0.0011552673229869082,0.6188336741037523,19
2023-01-15,0.28330631093244063,0.9854027229480631,0.7166936890675591,0.9885063183631044,0.0020689689572515684,0.0014814627776445913,2.629160454085864,19
2023-01-16,0.43673169877083945,0.9854027229480631,0.5632683012291606,0.9885063183631044,0.002034598134698229,0.0013113041766475509,2.4898701800961365,19
2023-01-17,0.5144112805908669,0.9854027229480631,0.4855887194091331,0.9885063183631044,0.002017174036701877,0.0012251525354181785,2.9216218801091576,19
2023-01-18,0.6977777062133638,0.9854027229480631,0.3022222937866361,0.9885063183631044,0.0019759847295116933,0.001021787402089553,2.0078713981026843,19
2023-01-19,0.6571982849794658,0.9854027229480631,0.3428017150205343,0.9885063183631044,0.001985107147080914,0.0010667925843720488,2.3978517938547723,19
2023-01-20,0.6845211422064621,0.9854027229480631,0.31547885779353785,0.9885063183631044,0.0019789653040937034,0.0010364897822967849,-0.20661053683359498,19
2023-01-21,0.35138729328284707,0.9854027229480631,0.6486127067171529,0.9885063183631044,0.0020537243951262167,0.0014059565992052628,2.726538017657459,19
2023-01-22,0.5227368361345438,0.9854027229480631,0.4772631638654561,0.9885063183631044,0.002015305672991706,0.0012159189600380242,2.8734329535989147,19
2023-01-23,0.6933626743999227,0.9854027229480631,0.3066373256000773,0.9885063183631044,0.0019769774428653004,0.0010266839556998582,2.838185537716193,19
2023-01-24,0.7937432238531089,0.9854027229480631,0.2062567761468911,0.9885063183631044,0.0019543951763314146,0.0009153554845588287,2.5400783262944446,19
2023-01-25,0.8600210095544264,0.9900701958965512,0.13997899044557371,0.991633947767673,0.0019713662966502074,0.0009692728055713517,2.1359758310212817,20
2023-01-26,0.8376721038533587,0.9900701958965512,0.16232789614664142,0.991633947767673,0.0019736700686706888,0.0010015768380479662,3.0540932995816914,20
2023-01-27,0.9038810443618798,0.9900701958965512,0.09611895563812035,0.991633947767673,0.001966839045200219,0.0009058756975519768,3.1664198596908615,20
2023-01-28,0.9432356233295526,0.9900701958965512,0.05676437667044755,0.991633947767673,0.0019627700066176283,0.000848990961713906,3.1592678380204453,20
2023-01-29,0.9626175772795627,0.9900701958965512,0.03738242272043737,0.991633947767673,0.0019607636448128614,0.0008209754839882353,1.3368279903842213,20
2023-01-30,0.9225406959937655,0.9900701958965512,0.0774593040062347,0.991633947767673,0.0019649105506523994,0.0008789042654657093,0.7075899665350006,20
2023-01-31,0.8247208356309179,0.9900701958965512,0.17527916436908228,0.991633947767673,0.0019750041573411655,0.0010202971367000424,2.6226545460510193,20
2023-02-01,0.8556472488017893,0.9900701958965512,0.14435275119821075,0.991633947767673,0.0019718173173302873,0.0009755948202278177,1.887802755536133,20
2023-02-02,0.8056392912110911,0.9900701958965512,0.19436070878890882,0.991633947767673,0.001976968438545833,0.001047878390068192,2.814350587516194,20
2023-02-03,0.8659790898744506,0.9900701958965512,0.1340209101255495,0.991633947767673,0.0019707517728770494,0.0009606607498970936,3.1197845291626036,20
2023-02-04,0.9225918134133889,0.9900701958965512,0.07740818658661111,0.991633947767673,0.001964905265615216,0.0008788303782335677,3.115726997088915,20
2023-02-05,0.9512777310511058,0.9900701958965512,0.04872226894889424,0.991633947767673,0.001961937702256787,0.0008373665666543715,2.3455360026063605,20
2023-02-06,0.9469036474179152,0.9900701958965512,0.053096352582084914,0.991633947767673,0.00196239042417872,0.0008436890480157419,2.879854552839209,20
2023-02-07,0.95827444306246,0.9900701958965512,0.0417255569375402,0.991633947767673,0.001961213369518985,0.0008272532297837659,2.0592300409412556,20
2023-02-08,0.9419692536749052,0.9900701958965512,0.058030746325094834,0.991633947767673,0.001962901042778354,0.0008508214247798972,2.557353564033821,20
2023-02-09,0.94585053738119,0.9900701958965512,0.054149462618810096,0.991633947767673,0.001962499410153328,0.0008452112568112352,0.23139146297682334,20
2023-02-10,0.8530809850937566,0.9900701958965512,0.14691901490624348,0.991633947767673,0.0019720819123365857,0.0009793042039120438,2.850367167631806,20
2023-02-11,0.8992332493007217,0.9900701958965512,0.10076675069927847,0.991633947767673,0.001967319173359511,0.0009125938127298992,2.838213579650565,20
2023-02-12,0.9252094738554161,0.9900701958965512,0.07479052614458404,0.991633947767673,0.0019646346107392884,0.0008750467035846586,3.104471706611421,20
2023-02-13,0.9522792485191622,0.9900701958965512,0.04772075148083785,0.991633947767673,0.001961834032973806,0.000835918931891098,3.2052625857317154,20
2023-02-14,0.9677144001377651,0.9900701958965512,0.032285599862234955,0.991633947767673,0.00196023577631112,0.0008136083254641803,2.310846517682042,20
2023-02-15,0.9589535551274638,0.9900701958965512,0.0410464448725362,0.991633947767673,0.001961143053733277,0.0008262716131222349,-1.3904927735605521,20
2023-02-16,0.8541490277305409,0.9900701958965512,0.14585097226945926,0.991633947767673,0.0019719717949828125,0.0009777604109189294,1.911446504232046,20
2023-02-17,0.8189419233045754,0.9900701958965512,0.1810580766954247,0.991633947767673,0.0019755992073742313,0.0010286502155472431,1.281230738484699,20
2023-02-18,0.6757661450647028,0.9900701958965512,0.32423385493529744,0.991633947767673,0.001990297346158552,0.0012356024060477576,3.0406994267294793,20
2023-02-19,0.8110131634899904,0.9900701958965512,0.1889868365100097,0.991633947767673,0.0019764153984280423,0.0010401107728548607,2.725213130645102,20
2023-02-20,0.8612807881368676,0.9900701958965512,0.13871921186313252,0.991633947767673,0.0019712363738953152,0.0009674518695136824,2.42586408706968,20
2023-02-21,0.8669742653370052,0.9900701958965512,0.13302573466299497,0.991633947767673,0.001970649114791655,0.0009592222821308282,2.4086809472855086,20
2023-02-22,0.8769171213823861,0.9900701958965512,0.12308287861761408,0.991633947767673,0.001969623224655082,0.0009448504668439195,2.824187322576365,20
2023-02-23,0.912653208811474,0.9900701958965512,0.08734679118852615,0.991633947767673,0.001965932614027635,0.0008931960483082844,2.7903216641111723,20
2023-02-24,0.933912425641435,0.9900701958965512,0.06608757435856513,0.991633947767673,0.0019637345569634953,0.0008624670971869935,1.3534910928415225,20
2023-02-25,0.8827665444697163,0.9900701958965512,0.11723345553028384,0.991633947767673,0.0019690194962695626,0.0009363954688270122,3.1595333677003907,20
2023-02-26,0.9328442096282515,0.9900701958965512,0.06715579037174862,0.991633947767673,0.0019638450482281447,0.0008640111407855251,2.51545400263581,20
2023-02-27,0.934482977952857,0.9900701958965512,0.06551702204714327,0.991633947767673,0.001963675539749353,0.0008616423972824744,3.176129900283455,20
2023-02-28,0.9587354275008996,0.9900701958965512,0.041264572499100455,0.991633947767673,0.001961165639045642,0.0008265869038137269,2.4806033078202723,20
2023-03-01,0.9568641077988491,0.9900701958965512,0.043135892201150994,0.991633947767673,0.001961359390560471,0.0008292917866942468,2.26439305286771,20
2023-03-02,0.9470627219488628,0.9900701958965512,0.05293727805113729,0.991633947767673,0.001962373961210504,0.0008434591151106291,3.04910081365017,20
2023-03-03,0.9622317999165977,0.9900701958965512,0.03776820008340231,0.991633947767673,0.001960803594640702,0.0008215331025414052,0.26406300583128106,20
2023-03-04,0.8934683822698433,0.9900701958965512,0.10653161773015671,0.991633947767673,0.0019679145722643807,0.0009209265899262321,3.16543924926229,20
2023-03-05,0.9383774903747977,0.9900701958965512,0.061622509625202396,0.991633947767673,0.0019632726599468665,0.0008560131079811665,3.1657487565349416,20
2023-03-06,0.9600681686214515,0.9900701958965512,0.039931831378548624,0.991633947767673,0.0019610276416173844,0.0008246605046863116,3.2066782441399826,20
2023-03-07,0.9714471533597987,0.9900701958965512,0.02855284664020144,0.991633947767673,0.0019598491131142203,0.0008082128495995166,2.798863490376326,20
2023-03-08,0.9719280463933931,0.9900701958965512,0.02807195360660698,0.991633947767673,0.001959799294808649,0.000807517746922777,2.0204059418744746,20
2023-03-09,0.9590650326482498,0.9900701958965512,0.040934967351750284,0.991633947767673,0.00196113151108087,0.000826110478903851,-0.47752094215635754,20
2023-03-10,0.8693499873428852,0.9900701958965512,0.1306500126571149,0.991633947767673,0.0019704040286407346,0.000955788315302211,3.033844020571776,20
2023-03-11,0.9199152329001224,0.9900701958965512,0.08008476709987764,0.991633947767673,0.001965181982967746,0.0008826992183899208,2.476930683015062,20
2023-03-12,0.9217853280455853,0.9900701958965512,0.07821467195441462,0.991633947767673,0.0019649886469776967,0.0008799961055341304,-0.5316980197327843,20
2023-03-13,0.753445131811821,0.9900701958965512,0.24655486818817893,0.991633947767673,0.0019823336066633265,0.0011233219864069184,-1.0103335958142734,20
2023-03-14,0.4494579322659094,0.9900701958965512,0.5505420677340909,0.991633947767673,0.002013354992656327,0.0015627176551683238,2.037612190262141,20
2023-03-15,0.3789539495371803,0.9900701958965512,0.6210460504628198,0.991633947767673,0.0020204946422809063,0.001664627027298822,2.397461724536354,20
2023-03-16,0.4388385406974199,0.9900701958965512,0.5611614593025801,0.991633947767673,0.00201443170362073,0.0015780673628765613,2.0191632162356905,20
2023-03-17,0.3634354557552466,0.9900701958965512,0.6365645442447535,0.991633947767673,0.0020220633475100626,0.0016870580999349993,-0.5659890027739414,20
2023-03-18,0.1386829295975034,0.9900701958965512,0.8613170704024966,0.991633947767673,0.002044669896028309,0.002011924695253535,2.2621789058159734,20
2023-03-19,0.15844265206238392,0.9900701958965512,0.8415573479376162,0.991633947767673,0.00204269084347296,0.0019833631752949137,1.48256218873465,20
2023-03-20,0.07274236546979623,0.9900701958965512,0.9272576345302038,0.991633947767673,0.0020512624249013037,0.002107237913430744,2.365669190592398,20
2023-03-21,0.1072826306288418,0.9900701958965512,0.8927173693711583,0.991633947767673,0.002047811464527163,0.0020573119858541024,2.4603316452846604,20
2023-03-22,0.15972223278369718,0.9900701958965512,0.840277767216303,0.991633947767673,0.002042562629682128,0.001981513616406857,1.8311454310668507,20
2023-03-23,0.10963938416128872,0.9900701958965512,0.8903606158387114,0.991633947767673,0.002047575816703399,0.002053905436841374,1.7297385524027105,20
2023-03-24,0.059040712427676854,0.9900701958965512,0.9409592875723233,0.991633947767673,0.002052629992893532,0.002127042849331242,1.7668097443197224,20
2023-03-25,0.0404190761633853,0.9900701958965512,0.9595809238366148,0.991633947767673,0.002054487368990109,0.0021539593324331704,2.5105413673667343,20
2023-03-26,0.08998786057690461,0.9900701958965512,0.9100121394230954,0.991633947767673,0.0020495400294226972,0.0020823105616638647,2.270716884554677,20
2023-03-27,0.09407783601825372,0.9900701958965512,0.9059221639817464,0.991633947767673,0.002049131360417422,0.0020763987420314794,1.7737356036681606,20
2023-03-28,0.061510608044488164,0.9900701958965512,0.9384893919555118,0.991633947767673,0.0020523835294899164,0.0021234727600710993,2.524178137239109,20
2023-03-29,0.12419925733768233,0.9900701958965512,0.8758007426623178,0.991633947767673,0.002046119484858146,0.00203285999406951,1.6441437954431908,20
2023-03-30,0.06270819780332054,0.9900701958965512,0.9372918021966795,0.991633947767673,0.002052264016458231,0.002121741714310719,2.3502108379856286,20
2023-03-31,0.09193840148257121,0.9900701958965512,0.9080615985174287,0.991633947767673,0.0020493451407336185,0.0020794911691796674,2.3380752245186596,20
2023-04-01,0.10904527330967291,0.9900701958965512,0.8909547266903273,0.991633947767673,0.0020476352230366173,0.002054764189234087,2.5784597578540014,20
2023-04-02,0.21251481529271496,0.9900701958965512,0.787485184707285,0.991633947767673,0.00203726685692393,0.0019052050345591924,2.4467942968727883,20
2023-04-03,0.28951346622664537,0.9900701958965512,0.7104865337733547,0.991633947767673,0.00202952202526362,0.0017939080004361141,2.502600423156953,20
2023-04-04,0.3861645509290252,0.9900701958965512,0.6138354490709749,0.991633947767673,0.002019765407726645,0.0016542045258728592,2.6822648909164597,20
2023-04-05,0.5198199005689065,0.9900701958965512,0.48018009943109363,0.991633947767673,0.002006209015926602,0.0014610135565613861,2.9253205041378205,20
2023-04-06,0.6923131209271418,0.9900701958965512,0.3076868790728582,0.991633947767673,0.001988603044501664,0.0012116847228824266,2.949725336786956,20
2023-04-07,0.8097517776567069,0.9900701958965512,0.1902482223432932,0.991633947767673,0.0019765452219847267,0.0010419340320993607,3.049427525108235,20
2023-04-08,0.8883105632254964,0.9900701958965512,0.11168943677450358,0.991633947767673,0.001968447157185753,0.0009283819148600664,3.1700497447611813,20
2023-04-09,0.9358899937019198,0.9900701958965512,0.06411000629808021,0.991633947767673,0.001963529993994899,0.0008596086385355898,2.6793916327089606,20
2023-04-10,0.9433387883697113,0.9900701958965512,0.056661211630288824,0.991633947767673,0.0019627593314371565,0.0008488418426987598,0.5596285409540565,20
2023-04-11,0.8472470942775998,0.9900701958965512,0.15275290572240036,0.991633947767673,0.0019726833141408264,0.0009877367509419036,2.347551324760968,20
2023-04-12,0.8465528945041546,0.9900701958965512,0.1534471054958455,0.991633947767673,0.00197275486806126,0.000988740176001125,2.732149084159032,20
2023-04-13,0.8863962776761561,0.9900701958965512,0.11360372232384389,0.991633947767673,0.001968644793768396,0.000931148902352991,2.586904871059985,20
2023-04-14,0.9008412837402694,0.9900701958965512,0.09915871625973083,0.991633947767673,0.001967153069833134,0.0009102694932552245,3.1617327256907877,20
2023-04-15,0.9415349807869823,0.9900701958965512,0.058465019213017805,0.991633947767673,0.0019629459771288225,0.0008514491407702379,3.126125141178643,20
2023-04-16,0.9610712787274329,0.9900701958965512,0.038928721272567204,0.991633947767673,0.0019609237706276258,0.000823210567858322,3.2001037125505634,20
2023-04-17,0.9718416182348362,0.9900701958965512,0.02815838176516386,0.991633947767673,0.0019598082484394283,0.000807642673757149,1.5339092102137664,20
2023-04-18,0.948156010754191,0.9900701958965512,0.051843989245809186,0.991633947767673,0.001962260811520207,0.0008418788302615168,1.5364947966586193,20
2023-04-19,0.9067961722917613,0.9900701958965512,0.09320382770823882,0.991633947767673,0.001966537859567445,0.0009016620510951894,0.14235630978073388,20
2023-04-20,0.7610172659331934,0.9900701958965512,0.23898273406680667,0.991633947767673,0.0019815559540096723,0.0011123769106235258,2.202976719081781,20
2023-04-21,0.7563977232322205,0.9900701958965512,0.24360227676777962,0.991633947767673,0.0019820304061743677,0.0011190541886717394,1.2840683202341072,20
2023-04-22,0.61080217072972,0.9900701958965512,0.38919782927028,0.991633947767673,0.001996938167060486,0.0013295040209544313,2.294237049090694,20
2023-04-23,0.6100488660198894,0.9900701958965512,0.3899511339801108,0.991633947767673,0.0019970150687959086,0.0013305928787328235,2.7864208703717406,20
2023-04-24,0.7294942656663723,0.9900701958965512,0.2705057343336278,0.991633947767673,0.0019847917657259896,0.0011579415587544212,3.0283174266620154,20
2023-04-25,0.8413050750511007,0.9900701958965512,0.1586949249488993,0.991633947767673,0.001973295716449428,0.0009963255912474188,1.7287487065954745,20
2023-04-26,0.8305046919942134,0.9885869689817103,0.16949530800578666,0.9888225252522961,0.0013463417523848172,0.0006716017289976871,3.0302532172907286,21
2023-04-27,0.8963109377173238,0.9885869689817103,0.10368906228267623,0.9888225252522961,0.0012851263083069014,0.0005230371117046958,1.191418409029248,21
2023-04-28,0.7996416659906033,0.9885869689817103,0.20035833400939682,0.9888225252522961,0.001375036493321074,0.0007412783014315971,2.984292512568184,21
2023-04-29,0.8771303648447571,0.9885869689817103,0.12286963515524285,0.9888225252522961,0.0013029733564735519,0.0005663393003793562,3.013306837135852,21
2023-04-30,0.9224577008032159,0.9885869689817103,0.07754229919678413,0.9888225252522961,0.0012607913520976287,0.00046400800574945535,3.0419938570277227,21
2023-05-01,0.9469865830292804,0.9885869689817103,0.05301341697071959,0.9888225252522961,0.0012379558323468802,0.00040863143836596827,0.7290834468751369,21
2023-05-02,0.8838501372098949,0.9885869689817103,0.11614986279010514,0.9888225252522961,0.0012967212014355636,0.0005511686976690407,2.2662814781173592,21
2023-05-03,0.87508378052721,0.9885869689817103,0.12491621947279,0.9888225252522961,0.0013048774310891042,0.0005709596827238157,2.730837452773696,21
2023-05-04,0.9017776702898355,0.9885869689817103,0.09822232971016459,0.9888225252522961,0.00128003896225652,0.0005106953799503025,2.9631162017777237,21
2023-05-05,0.9340915678695064,0.9885869689817103,0.06590843213049362,0.9888225252522961,0.0012499613989190134,0.00043774331021260006,2.0276444417938118,21
2023-05-06,0.9128245566533479,0.9885869689817103,0.08717544334665216,0.9888225252522961,0.001269757790495163,0.00048575585594554647,2.082571428163762,21
2023-05-07,0.9016268283379041,0.9885869689817103,0.09837317166209596,0.9888225252522961,0.0012801793399940876,0.0005110359217425619,3.0165398784972974,21
2023-05-08,0.9359719332435815,0.9885869689817103,0.06402806675641853,0.9888225252522961,0.0012482108394842838,0.0004334981848586042,1.1462805662667908,21
2023-05-09,0.8828061173053657,0.9885869689817103,0.11719388269463443,0.9888225252522961,0.0012976926000036247,0.0005535256839377194,3.0447655887087,21
2023-05-10,0.9268553469856912,0.9885869689817103,0.07314465301430885,0.9888225252522961,0.0012566977506266658,0.00045407985052786095,3.098204072991853,21
2023-05-11,0.9515076002302154,0.9885869689817103,0.048492399769784665,0.9888225252522961,0.0012337462562255074,0.00039842475991392517,1.959777325652886,21
2023-05-12,0.9364166620792868,0.9885869689817103,0.06358333792071327,0.9888225252522961,0.0012477968060310006,0.0004324941620861501,2.927174052117522,21
2023-05-13,0.9525873325169208,0.9885869689817103,0.04741266748307917,0.9888225252522961,0.0012327408730571372,0.0003959871491341181,3.097792290125306,21
2023-05-14,0.9644589448493114,0.9885869689817103,0.035541055150688734,0.9888225252522961,0.0012216859425918931,0.00036918571830590495,3.099513156747106,21
2023-05-15,0.9705324801762715,0.9885869689817103,0.029467519823728548,0.9888225252522961,0.0012160296674765384,0.00035547406462394415,2.7992401870795005,21
2023-05-16,0.9693157183250963,0.9885869689817103,0.030684281674903724,0.9888225252522961,0.0012171628662384435,0.0003582210342583639,2.955288225683097,21
2023-05-17,0.971629084496406,0.9885869689817103,0.028370915503594135,0.9888225252522961,0.001215008361303001,0.0003529983634294389,2.6774158292123067,21
2023-05-18,0.9681658201647229,0.9885869689817103,0.031834179835277115,0.9888225252522961,0.001218233779411231,0.00036081705198045974,2.203928915285792,21
2023-05-19,0.9591716563048285,0.9885869689817103,0.040828343695171646,0.9888225252522961,0.0012266096810040728,0.0003811223360311258,3.1093300960868593,21
2023-05-20,0.9680562622601284,0.9885869689817103,0.03194373773987178,0.9888225252522961,0.0012183358112246264,0.0003610643906333289,2.9686915889775274,21
2023-05-21,0.970392464502731,0.9885869689817103,0.029607535497269143,0.9888225252522961,0.0012161600681155037,0.0003557901649382229,2.7432758537858897,21
2023-05-22,0.9695823426878958,0.9885869689817103,0.030417657312104215,0.9888225252522961,0.0012169145540264178,0.00035761910132654215,3.0993653413234794,21
2023-05-23,0.9731341966144469,0.9885869689817103,0.026865803385553208,0.9888225252522961,0.001213606577490694,0.000349600412317919,2.688193106951776,21
2023-05-24,0.9694124306566728,0.9885869689817103,0.030587569343327237,0.9888225252522961,0.0012170727963348492,0.0003580026958564343,1.3529040564817654,21
2023-05-25,0.9423162465555462,0.9885869689817103,0.05768375344445388,0.9888225252522961,0.0012423042227375748,0.00041917522099975196,3.035614163078727,21
2023-05-26,0.9575017947138181,0.9885869689817103,0.04249820528618183,0.9888225252522961,0.0012281646649092523,0.0003848922266467451,2.922926432117369,21
2023-05-27,0.9634232301918446,0.9885869689817103,0.03657676980815547,0.9888225252522961,0.0012226504647026573,0.00037152395459366883,3.0566667604054247,21
2023-05-28,0.969261105684907,0.9885869689817103,0.03073889431509317,0.9888225252522961,0.0012172137279133001,0.00035834432811747945,0.6418239201560988,21
2023-05-29,0.914152399055671,0.9885869689817103,0.08584760094432894,0.9888225252522961,0.0012685219037009217,0.0004827581101212883,2.729368908860862,21
2023-05-30,0.9326050825372585,0.9885869689817103,0.06739491746274161,0.9888225252522961,0.0012513452432473331,0.0004410992093688334,3.0880546249303396,21
2023-05-31,0.954355155532357,0.9885869689817103,0.045644844467643206,0.9888225252522961,0.001231094754635881,0.00039199610015625865,2.3727425836642024,21
2023-06-01,0.9507905171229869,0.9885869689817103,0.04920948287701322,0.9888225252522961,0.0012344139552510566,0.000400043651498182,2.5925025658596432,21
2023-06-02,0.9534451524554501,0.9885869689817103,0.04655484754454982,0.9888225252522961,0.0012319421131377004,0.0003940505291450346,2.5472697094394188,21
2023-06-03,0.951530471715885,0.9885869689817103,0.04846952828411511,0.9888225252522961,0.0012337249597671274,0.00039837312509601264,2.9888938979423068,21
2023-06-04,0.9623622544109617,0.9885869689817103,0.03763774558903848,0.9888225252522961,0.0012236385002096766,0.0003739192205613893,3.097789322955677,21
2023-06-05,0.9694347611757766,0.9885869689817103,0.03056523882422326,0.9888225252522961,0.0012170519995142117,0.00035795228232823217,0.22769024416944184,21
2023-06-06,0.9157437559626349,0.9885869689817103,0.08425624403736523,0.9888225252522961,0.0012670407276048636,0.0004791654522016375,0.26460487950534917,21
2023-06-07,0.7715240031892096,0.9885869689817103,0.2284759968107906,0.9888225252522961,0.0014011702943210523,0.0008047569236711792,1.4820903208554936,21
2023-06-08,0.6807991832420919,0.9885869689817103,0.31920081675790835,0.9888225252522961,0.0014854390063578588,0.0010095778795897385,2.86497424561587,21
2023-06-09,0.7858325995102158,0.9885869689817103,0.21416740048978425,0.9888225252522961,0.0013878722583091931,0.0007724537416088773,3.0091094203791555,21
2023-06-10,0.8708877260280482,0.9885869689817103,0.12911227397195182,0.9888225252522961,0.0013087811684305557,0.0005804327232226082,2.02855419115065,21
2023-06-11,0.8556332703036558,0.9885869689817103,0.1443667296963443,0.9888225252522961,0.0013229714138035674,0.0006148712837544296,3.055766202706769,21
2023-06-12,0.9119998662816441,0.9885869689817103,0.08800013371835584,0.9888225252522961,0.001270525360444767,0.0004876176824045863,3.0902808921102465,21
2023-06-13,0.9436394622161878,0.9885869689817103,0.05636053778381228,0.9888225252522961,0.0012410722445128477,0.00041618792053823553,3.10230301465878,21
2023-06-14,0.9602456777603097,0.9885869689817103,0.039754322239690505,0.9888225252522961,0.0012256095315499494,0.00037869761806181033,1.5120727295227852,21
2023-06-15,0.9333572357282738,0.9885869689817103,0.0666427642717263,0.9888225252522961,0.0012506450286402908,0.00043940114333055686,2.3984253630877195,21
2023-06-16,0.9293233801732181,0.9885869689817103,0.07067661982678185,0.9888225252522961,0.0012544002660941568,0.0004485080024161462,1.6385669522718638,21
2023-06-17,0.8852674118317024,0.9885869689817103,0.11473258816829765,0.9888225252522961,0.0012954024937230754,0.0005479690490722518,2.964601070940612,21
2023-06-18,0.9226238326438263,0.9885869689817103,0.07737616735617378,0.9888225252522961,0.0012606367098726367,0.00046363294540299055,2.989001255697006,21
2023-06-19,0.9465502518620059,0.9885869689817103,0.053449748137993996,0.9888225252522961,0.0012383620947738522,0.0004096165025064129,2.5418151704848797,21
2023-06-20,0.9458531876000525,0.9885869689817103,0.05414681239994748,0.9888225252522961,0.0012390111184583273,0.00041119019941265314,0.1289743426037957,21
2023-06-21,0.8379858480430558,0.9885869689817103,0.1620141519569442,0.9888225252522961,0.001339384723665452,0.0006547122214275097,0.04450052118527481,21
2023-06-22,0.5979657253375994,0.9885869689817103,0.40203427466240077,0.9888225252522961,0.0015623046433345432,0.0011965832441628197,2.8483785841661957,21
2023-06-23,0.7344411463136631,0.9885869689817103,0.265558853686337,0.9888225252522961,0.0014356244205945177,0.0008884754275807793,2.1336252900441637,21
2023-06-24,0.706400365964578,0.9885869689817103,0.2935996340354221,0.9888225252522961,0.0014616681379830332,0.0009517804794855356,2.950445493443143,21
2023-06-25,0.8184767882308593,0.9885869689817103,0.18152321176914085,0.9888225252522961,0.0013575257891939008,0.0006987560043982073,3.016996158360265,21
2023-06-26,0.8900327195576754,0.9885869689817103,0.10996728044232465,0.9888225252522961,0.0012909684477213875,0.000537210858708812,2.942275558467008,21
2023-06-27,0.9265802892813721,0.9885869689817103,0.0734197107186279,0.9888225252522961,0.001256953797155304,0.000454700822627494,2.6815545364651117,21
2023-06-28,0.935761183820634,0.9885869689817103,0.06423881617936614,0.9888225252522961,0.0012484070421840661,0.00043397397415521097,2.3364026040470978,21
2023-06-29,0.9340541383276563,0.9885869689817103,0.06594586167234372,0.9888225252522961,0.0012499962442477875,0.0004378278113948101,2.776127071354186,21
2023-06-30,0.9445476765599099,0.9885869689817103,0.05545232344009027,0.9888225252522961,0.001240226642396777,0.00041413752980537413,3.1068116674752226,21
2023-07-01,0.9606726183822032,0.9885869689817103,0.039327381617796836,0.9888225252522961,0.0012252119529581563,0.0003777337540789697,3.0928067452864045,21
2023-07-02,0.9684782850704333,0.9885869689817103,0.03152171492956671,0.9888225252522961,0.0012179427786413307,0.0003601116291345846,3.1196324195679814,21
2023-07-03,0.9729345844918568,0.9885869689817103,0.027065415508143356,0.9888225252522961,0.0012137924872564242,0.00035005105797128797,2.4471840849423185,21
2023-07-04,0.965390492898794,0.9885869689817103,0.03460950710120608,0.9888225252522961,0.0012208184175854179,0.0003670826492439842,2.804700473802552,21
2023-07-05,0.9672998675816784,0.9885869689817103,0.032700132418321676,0.9888225252522961,0.0012190402419566789,0.00036277203228180085,2.854071675976492,21
2023-07-06,0.9691679530709796,0.9885869689817103,0.030832046929020505,0.9888225252522961,0.0012173004824469352,0.0003585546300772081,2.4328981672427727,21
2023-07-07,0.9640818298396727,0.9885869689817103,0.0359181701603273,0.9888225252522961,0.001222037136884224,0.0003700370956556801,2.7950659763435812,21
2023-07-08,0.965008262351491,0.9885869689817103,0.03499173764850915,0.9888225252522961,0.0012211743794223902,0.00036794557546555764,3.1008538177986553,21
2023-07-09,0.9710672834858826,0.9885869689817103,0.028932716514117524,0.9888225252522961,0.0012155315878753321,0.0003542666891211127,3.084920431121925,21
2023-07-10,0.9739719690410416,0.9885869689817103,0.026028030958958615,0.9888225252522961,0.0012128263094501569,0.0003477090517248935,2.978308640203697,21
2023-07-11,0.9738871675049527,0.9885869689817103,0.026112832495047443,0.9888225252522961,0.0012129052905659676,0.00034790050023584347,2.9922368271043074,21
2023-07-12,0.9740113940316805,0.9885869689817103,0.02598860596831959,0.9888225252522961,0.0012127895903998665,0.00034762004560424784,2.958515799909263,21
2023-07-13,0.9742657471997509,0.9885869689817103,0.02573425280024915,0.9888225252522961,0.001212552694420097,0.00034704581620312617,1.3360548684033522,21
2023-07-14,0.9434247142767025,0.9885869689817103,0.05657528572329758,0.9888225252522961,0.0012412721865166382,0.0004166727369123276,1.1542284546713877,21
2023-07-15,0.895178565247942,0.9885869689817103,0.10482143475205799,0.9888225252522961,0.0012861800570177877,0.0005255935633104397,3.079183807775956,21
2023-07-16,0.9345694557149227,0.9885869689817103,0.0654305442850774,0.9888225252522961,0.001249516504184866,0.00043666442743964923,3.0947201444882797,21
2023-07-17,0.9554864423326317,0.9885869689817103,0.04451355766736836,0.9888225252522961,0.001230041333803347,0.00038944209956429923,3.0733535881615723,21
2023-07-18,0.9658698180474847,0.9885869689817103,0.034130181952515354,0.9888225252522961,0.0012203720318473953,0.0003660005216056173,2.8332670160545335,21
2023-07-19,0.9680149135809595,0.9885869689817103,0.03198508641904059,0.9888225252522961,0.0012183743194203462,0.0003611577396859725,3.1049227620281408,21
2023-07-20,0.9724256139537397,0.9885869689817103,0.027574386046260356,0.9888225252522961,0.0012142665177179066,0.0003512001132376667,3.079979711226754,21
2023-07-21,0.9746161672358926,0.9885869689817103,0.025383832764107543,0.9888225252522961,0.001212226323912672,0.0003462547056027704,3.0885050753419794,21
2023-07-22,0.9755612559371267,0.9885869689817103,0.024438744062873333,0.9888225252522961,0.001211346090952462,0.00034412106707554647,2.9993050659357565,21
2023-07-23,0.9755043142802946,0.9885869689817103,0.024495685719705368,0.9888225252522961,0.0012113991253043601,0.0003442496189380988,2.81038360627035,21
2023-07-24,0.9727147584244652,0.9885869689817103,0.0272852415755348,0.9888225252522961,0.0012139972229125247,0.00035054733876065927,1.5569516094663327,21
2023-07-25,0.9514974537476689,0.9885869689817103,0.048502546252331136,0.9888225252522961,0.0012337557039766207,0.0003984476666802939,3.1072413691270673,21
2023-07-26,0.9725002775313929,0.9918461209642373,0.027499722468607074,0.9905401266127639,0.0012356778775551175,0.0001479587271372925,3.1102333509873135,22
2023-07-27,0.9771360098342444,0.9918461209642373,0.022863990165755656,0.9905401266127639,0.0012325182051302925,0.0001402692144694467,3.085008669664305,22
2023-07-28,0.9796591461622149,0.9918461209642373,0.02034085383778519,0.9905401266127639,0.0012307984089580534,0.00013608396659723956,3.136375463436766,22
2023-07-29,0.9812137672145274,0.9918461209642373,0.018786232785472673,0.9905401266127639,0.0012297387455086283,0.00013350524170665346,3.1765082906495055,22
2023-07-30,0.9823834484285959,0.9918461209642373,0.017616551571404113,0.9905401266127639,0.0012289414566396956,0.00013156503508441407,3.146192240263155,22
2023-07-31,0.982857079495695,0.9918461209642373,0.01714292050430509,0.9905401266127639,0.0012286186137333316,0.00013077940039879968,3.175627854059859,22
2023-08-01,0.9832638615670267,0.9918461209642373,0.016736138432973287,0.9905401266127639,0.001228341336371265,0.0001301046513653763,2.922414503559528,22
2023-08-02,0.9814073444620653,0.9918461209642373,0.018592655537934696,0.9905401266127639,0.0012296067981243505,0.0001331841457934502,2.761593395814415,22
2023-08-03,0.97936123627343,0.9918461209642373,0.020638763726570086,0.9905401266127639,0.001231001469285343,0.00013657812409254594,3.173849164888756,22
2023-08-04,0.981422209658731,0.9918461209642373,0.018577790341269038,0.9905401266127639,0.0012295966656036535,0.00013315948817506265,3.1126974858735372,22
2023-08-05,0.9821419742051132,0.9918461209642373,0.017858025794887,0.9905401266127639,0.0012291060531379107,0.00013196558002081773,3.182962703613606,22
2023-08-06,0.9829303004463233,0.9918461209642373,0.0170696995536768,0.9905401266127639,0.0012285687037541732,0.000130657945277877,3.1833056056299722,22
2023-08-07,0.9833274830854605,0.9918461209642373,0.01667251691453958,0.9905401266127639,0.0012282979695624956,0.0001299991192854409,3.136252092173743,22
2023-08-08,0.9831321942081893,0.9918461209642373,0.016867805791810714,0.9905401266127639,0.0012284310857015443,0.00013032305436140335,2.17924333872162,22
2023-08-09,0.9736377653310637,0.9918461209642373,0.026362234668936335,0.9905401266127639,0.0012349025873000497,0.00014607192128361795,3.0411093202473483,22
2023-08-10,0.9773396227367124,0.9918461209642373,0.02266037726328773,0.9905401266127639,0.0012323794217408773,0.0001399314719315739,3.094342020853238,22
2023-08-11,0.9798479020902139,0.9918461209642373,0.0201520979097861,0.9905401266127639,0.0012306697495302955,0.00013577086803920004,3.177895690067485,22
2023-08-12,0.9817623014991382,0.9918461209642373,0.018237698500861668,0.9905401266127639,0.0012293648494611043,0.00013259536144293125,3.182362787159715,22
2023-08-13,0.9827221108247096,0.9918461209642373,0.01727788917529042,0.9905401266127639,0.0012287106130564381,0.00013100327944044873,3.1196170701850146,22
2023-08-14,0.9828664610134807,0.9918461209642373,0.017133538986519176,0.9905401266127639,0.0012286122189619922,0.00013076383882294808,3.131355420090395,22
2023-08-15,0.9828526527233468,0.9918461209642373,0.01714734727665329,0.9905401266127639,0.0012286216311763517,0.0001307867432995164,2.9751561039650656,22
2023-08-16,0.981963063065771,0.9918461209642373,0.018036936934229114,0.9905401266127639,0.0012292280044444803,0.0001322623485532767,2.6274783063992895,22
2023-08-17,0.9785429293555752,0.9918461209642373,0.021457070644424828,0.9905401266127639,0.001231559238356172,0.00013793548922926005,-0.9902920428383926,22
2023-08-18,0.9280365171953513,0.9918461209642373,0.07196348280464877,0.9905401266127639,0.0012659779601058962,0.0002217129100856366,1.9679680992162045,22
2023-08-19,0.9106025840975723,0.9918461209642373,0.08939741590242768,0.9905401266127639,0.0012778554439016043,0.00025063141543662246,3.1337579307263113,22
2023-08-20,0.9448528692774343,0.9918461209642373,0.0551471307225658,0.9905401266127639,0.001254519640493301,0.00019381881614009226,3.135570406610108,22
2023-08-21,0.9629443058524016,0.9918461209642373,0.03705569414759838,0.9905401266127639,0.0012421907666657908,0.00016380967807205237,3.16181531090463,22
2023-08-22,0.9730668812106151,0.9918461209642373,0.026933118789384952,0.9905401266127639,0.0012352916920516305,0.00014701887429757036,3.072049107638599,22
2023-08-23,0.9773490561825823,0.9918461209642373,0.022650943817417717,0.9905401266127639,0.001232372991859952,0.0001399158242201057,2.3803546435360574,22
2023-08-24,0.9705814250205153,0.9918461209642373,0.029418574979484788,0.9905401266127639,0.0012369857151408657,0.00015114162030846332,2.7446374400696296,22
2023-08-25,0.9718336617726363,0.9918461209642373,0.02816633822736376,0.9905401266127639,0.0012361322269888702,0.0001490644748351033,3.141737112113779,22
2023-08-26,0.9774064272215188,0.9918461209642373,0.022593572778481275,0.9905401266127639,0.0012323338874803377,0.00013982066011185943,3.174215266320419,22
2023-08-27,0.9805124795833081,0.9918461209642373,0.019487520416691818,0.9905401266127639,0.001230216760024769,0.00013466850131091195,3.154485480763197,22
2023-08-28,0.9818229345141061,0.9918461209642373,0.018177065485894033,0.9905401266127639,0.0012293235202296827,0.00013249478653777624,3.182063470063162,22
2023-08-29,0.9827482062258003,0.9918461209642373,0.017251793774199803,0.9905401266127639,0.0012286928255346085,0.00013095999374055286,-0.19468783195574324,22
2023-08-30,0.9382870706426892,0.9918461209642373,0.06171292935731071,0.9905401266127639,0.0012589936270610232,0.00020470982288466652,2.660395151859122,22
2023-08-31,0.947194250074346,0.9918461209642373,0.05280574992565406,0.9905401266127639,0.0012529241479150841,0.00018993505493001775,0.25857682546283556,22
2023-09-01,0.8675365168712262,0.9918461209642373,0.13246348312877376,0.9905401266127639,0.0013071885571423916,0.0003220671774385814,3.018658274872289,22
2023-09-02,0.9167060573005977,0.9918461209642373,0.08329394269940235,0.9905401266127639,0.0012736974270967116,0.00024050729017519346,3.1318929798364006,22
2023-09-03,0.9479922908341791,0.9918461209642373,0.05200770916582077,0.9905401266127639,0.0012523803302450737,0.00018861130624668224,3.127424116353323,22
2023-09-04,0.9643958186838258,0.9918461209642373,0.03560418131617425,0.9905401266127639,0.0012412015179393617,0.0001614019837584892,3.04934634264933,22
2023-09-05,0.9723460255823376,0.9918461209642373,0.027653974417662416,0.9905401266127639,0.0012357830122293988,0.0001482145922819583,3.176353154380038,22
2023-09-06,0.9779691936926227,0.9918461209642373,0.02203080630737735,0.9905401266127639,0.001231950302151955,0.00013888717223424173,3.17668068506226,22
2023-09-07,0.9808103825514508,0.9918461209642373,0.01918961744854924,0.9905401266127639,0.0012300137025274447,0.00013417435529520865,2.4185198375396886,22
2023-09-08,0.9743157625226377,0.9918461209642373,0.025684237477362336,0.9905401266127639,0.0012344404738003577,0.00014494729465447343,2.7843088076324087,22
2023-09-09,0.9748625100806632,0.9918461209642373,0.02513748991933695,0.9905401266127639,0.0012340678163914537,0.00014404037812028013,3.1787292204985556,22
2023-09-10,0.9792511787094967,0.9918461209642373,0.020748821290503233,0.9905401266127639,0.0012310764862249967,0.00013676068187991767,3.161209044147196,22
2023-09-11,0.9813588261561459,0.9918461209642373,0.018641173843854143,0.9905401266127639,0.0012296398695074064,0.00013326462544663477,1.6915716216360148,22
2023-09-12,0.9670501250138452,0.9918461209642373,0.03294987498615474,0.9905401266127639,0.0012393925000484642,0.00015699915787993835,1.6385694732299434,22
2023-09-13,0.9420131288648741,0.9918461209642373,0.05798687113512581,0.9905401266127639,0.0012564546909448128,0.0001985292304714682,2.6441369020587753,22
2023-09-14,0.9468683429165394,0.9918461209642373,0.053131657083460605,0.9905401266127639,0.0012531462333971843,0.00019047565284524974,2.745663597502592,22
2023-09-15,0.953693395880634,0.9918461209642373,0.04630660411936606,0.9905401266127639,0.0012484952617409359,0.00017915460844545933,3.112529673686569,22
2023-09-16,0.9670939415485625,0.9918461209642373,0.0329060584514375,0.9905401266127639,0.0012393626369698425,0.00015692647728132784,3.112667646436265,22
2023-09-17,0.9746219949557967,0.9918461209642373,0.025378005044203338,0.9905401266127639,0.0012342317491840556,0.0001444393321535687,3.1652969013252705,22
2023-09-18,0.9790414685951274,0.9918461209642373,0.020958531404872638,0.9905401266127639,0.0012312194277014914,0.00013710853815712917,2.9044636636190053,22
2023-09-19,0.9785810962885025,0.9918461209642373,0.02141890371149751,0.9905401266127639,0.0012315332233400326,0.00013787217989751608,2.4780347048941422,22
2023-09-20,0.9731003389847266,0.9918461209642373,0.026899661015273347,0.9905401266127639,0.0012352688878604224,0.00014696337627459114,3.1482118468545153,22
2023-09-21,0.978118674065885,0.9918461209642373,0.021881325934115042,0.9905401266127639,0.0012318484150533728,0.00013863922193239024,2.1593207682508386,22
2023-09-22,0.9698235002459099,0.9918461209642373,0.030176499754090064,0.9905401266127639,0.0012375022904328758,0.00015239882667303633,3.176774224245476,22
2023-09-23,0.9766696368140078,0.9918461209642373,0.023330363185992322,0.9905401266127639,0.001232836086033931,0.00014104280988280684,3.1801142727285874,22
2023-09-24,0.9801667464777001,0.9918461209642373,0.019833253522299997,0.9905401266127639,0.0012304524190287999,0.00013524198548160762,2.8330032107175733,22
2023-09-25,0.9791846712991408,0.9918461209642373,0.020815328700859226,0.9905401266127639,0.0012311218186733537,0.00013687100092791866,3.1816762550424165,22
2023-09-26,0.9814347804212779,0.9918461209642373,0.018565219578722144,0.9905401266127639,0.0012295880970304516,0.00013313863644516674,3.1398634249026407,22
2023-09-27,0.9823305170888884,0.9918461209642373,0.01766948291111165,0.9905401266127639,0.001228977536349019,0.00013165283484950336,3.0967157231651887,22
2023-09-28,0.9822913980618476,0.9918461209642373,0.017708601938152563,0.9905401266127639,0.0012290042011303757,0.00013171772346565576,1.7951558782454249,22
2023-09-29,0.9673611094654642,0.9918461209642373,0.03263889053453589,0.9905401266127639,0.0012391805489390154,0.00015648331297691079,3.1090646919261244,22
2023-09-30,0.9747192999300637,0.9918461209642373,0.02528070006993634,0.9905401266127639,0.0012341654270891236,0.0001442779277015018,3.1618845396810156,22
2023-10-01,0.9789283297416037,0.9918461209642373,0.021071670258396326,0.9905401266127639,0.001231296544695796,0.0001372962070280993,1.1484246651877439,22
2023-10-02,0.9503995641008377,0.9918461209642373,0.04960043589916222,0.9905401266127639,0.0012507398943832502,0.00018461824602024262,2.646980512154539,22
2023-10-03,0.9556613981071087,0.9918461209642373,0.04433860189289136,0.9905401266127639,0.0012471541076744769,0.00017589018827143037,3.101181591928153,22
2023-10-04,0.9684115517872958,0.9918461209642373,0.031588448212704276,0.9905401266127639,0.0012384646172001771,0.00015474089365394918,2.721569454364724,22
2023-10-05,0.9687735370946305,0.9918461209642373,0.031226462905369498,0.9905401266127639,0.0012382179037511455,0.00015414045117270134,2.6782366795512744,22
2023-10-06,0.9695891117832689,0.9918461209642373,0.03041088821673131,0.9905401266127639,0.0012376620408560783,0.00015278761811631452,2.3415215917100274,22
2023-10-07,0.9625007594455413,0.9918461209642373,0.037499240554458906,0.9905401266127639,0.0012424930542871326,0.0001645454098812929,3.1701777705425043,22
2023-10-08,0.9728424316840644,0.9918461209642373,0.02715756831593561,0.9905401266127639,0.001235444672479257,0.0001473911795483808,3.1722034696350945,22
2023-10-09,0.9781938663028282,0.9918461209642373,0.021806133697171794,0.9905401266127639,0.0012317971633362475,0.00013851449694381762,2.7441025813803597,22
2023-10-10,0.9770171093577243,0.9918461209642373,0.02298289064227563,0.9905401266127639,0.0012325992480772343,0.00014046644042225913,3.0574515672676217,22
2023-10-11,0.979351957458493,0.9918461209642373,0.02064804254150701,0.9905401266127639,0.0012310077938718453,0.00013659351531023043,2.0943112848435734,22
2023-10-12,0.9701999927826522,0.9918461209642373,0.029800007217347827,0.9905401266127639,0.0012372456865466478,0.00015177432035095038,3.1420185815996193,22
2023-10-13,0.9765678675963487,0.9918461209642373,0.023432132403651357,0.9905401266127639,0.0012329054520033899,0.00014121161939061744,3.1382244568061752,22
2023-10-14,0.9796156052618017,0.9918461209642373,0.020384394738198308,0.9905401266127639,0.0012308280871892888,0.00013615618998794098,3.18066606618882,22
2023-10-15,0.9816279573730665,0.9918461209642373,0.018372042626933496,0.9905401266127639,0.0012294564222636384,0.00013281820452182186,2.900426854725167,22
2023-10-16,0.9801829741699478,0.9918461209642373,0.019817025830052265,0.9905401266127639,0.0012304413579049321,0.00013521506782610966,0.2829196268903553,22
2023-10-17,0.9372805230344919,0.9918461209642373,0.06271947696550803,0.9905401266127639,0.0012596794755062631,0.00020637943192987874,3.137868167648156,22
2023-10-18,0.959423138767684,0.9918461209642373,0.04057686123231602,0.9905401266127639,0.0012445904975186147,0.00016965040767735843,3.1264983807047027,22
2023-10-19,0.9707857013104001,0.9918461209642373,0.029214298689599842,0.9905401266127639,0.001236846486951569,0.0001508027773778988,2.738151268815133,22
2023-10-20,0.9707797926642975,0.9918461209642373,0.029220207335702613,0.9905401266127639,0.001236850514099102,0.0001508125783340561,1.2004573126218512,22
2023-10-21,0.9360329828915335,0.9918461209642373,0.06396701710846665,0.9905401266127639,0.0012605295253921805,0.000208448786911189,3.006448810340323,22
2023-10-22,0.9544303496560301,0.9918461209642373,0.04556965034396993,0.9905401266127639,0.0012479930450122775,0.00017793218768832468,3.157326418578368,22
2023-10-23,0.9684483535607818,0.9918461209642373,0.031551646439218206,0.9905401266127639,0.0012384395347441659,0.00015467984877798723,-1.6625343527250365,22
2023-10-24,0.8899199033580262,0.9918461209642373,0.11008009664197385,0.9905401266127639,0.0012919440828676996,0.0002849387751290546,1.726108023846361,22
2023-10-25,0.8223380311094709,0.992306127411624,0.17766196889052904,0.9928453376358363,0.0014320298938935703,0.0005378797512835264,2.3641289839184356,23
2023-10-26,0.8182367359058345,0.992306127411624,0.18176326409416566,0.9928453376358363,0.0014341633260131995,0.0005429084832688773,2.909112677254421,23
2023-10-27,0.8773082546611004,0.992306127411624,0.12269174533889961,0.9928453376358363,0.0014034303280360037,0.000470478965021943,2.9691190819064364,23
2023-10-28,0.9185706267937068,0.992306127411624,0.08142937320629319,0.9928453376358363,0.001381956628134142,0.00041988582304311104,3.152930670517252,23
2023-10-29,0.9491169484042893,0.992306127411624,0.05088305159571076,0.9928453376358363,0.0013660564609769968,0.0003824319805638507,2.654133501790526,23
2023-10-30,0.9521192221658262,0.992306127411624,0.04788077783417371,0.9928453376358363,0.0013644935467653839,0.000378750794659448,3.2573155241987473,23
2023-10-31,0.9693818785050737,0.992306127411624,0.030618121494926306,0.9928453376358363,0.0013555064816105499,0.0003575844879745939,3.2370467153894302,23
2023-11-01,0.9772546220582567,0.992306127411624,0.02274537794174325,0.9928453376358363,0.0013514075762330843,0.0003479314600035147,1.9638518340429836,23
2023-11-02,0.9629057301342173,0.992306127411624,0.037094269865782646,0.9928453376358363,0.0013588781168411865,0.00036552510498395383,2.484470041244032,23
2023-11-03,0.9607606589546701,0.992306127411624,0.039239341045329904,0.9928453376358363,0.0013599948635698443,0.0003681552468088776,3.176209121548577,23
2023-11-04,0.972353201130247,0.992306127411624,0.027646798869753023,0.9928453376358363,0.0013539594989316645,0.00035394125226925944,2.883992761962284,23
2023-11-05,0.9740925765413422,0.992306127411624,0.02590742345865786,0.9928453376358363,0.0013530539021404846,0.00035180854727485884,3.297272826286178,23
2023-11-06,0.9802688600850579,0.992306127411624,0.019731139914942197,0.9928453376358363,0.0013498381786298647,0.0003442356043227544,3.26804250608801,23
2023-11-07,0.9829707767550016,0.992306127411624,0.01702922324499848,0.9928453376358363,0.0013484313715041566,0.0003409226960571287,2.8592061563120943,23
2023-11-08,0.9808710709536365,0.992306127411624,0.019128929046363683,0.9928453376358363,0.0013495246273593248,0.00034349721391036436,2.908308151774434,23
2023-11-09,0.9799548075380512,0.992306127411624,0.020045192461948882,0.9928453376358363,0.0013500016949656616,0.00034462067440666676,1.8415511384001588,23
2023-11-10,0.9642459838933547,0.992306127411624,0.03575401610664535,0.9928453376358363,0.0013581803595454902,0.0003638817760811515,2.291060993719188,23
2023-11-11,0.9554013570120372,0.992306127411624,0.04459864298796294,0.9928453376358363,0.0013627849123428633,0.0003747264619396917,2.8705973762049486,23
2023-11-12,0.9636696674456756,0.992306127411624,0.036330332554324475,0.9928453376358363,0.0013584803996613062,0.0003645884164984417,3.2802836584939183,23
2023-11-13,0.975122488913708,0.992306127411624,0.024877511086292006,0.9928453376358363,0.0013525176793148046,0.00035054573808120885,2.6246432599292318,23
2023-11-14,0.9731817853610991,0.992306127411624,0.026818214638900977,0.9928453376358363,0.0013535281019816693,0.00035292529808470126,1.6180924271204138,23
2023-11-15,0.9525151372106202,0.992306127411624,0.04748486278937987,0.9928453376358363,0.0013642874405366226,0.00037826535029361185,-0.4322833103484214,23
2023-11-16,0.8365087046702534,0.992306127411624,0.16349129532974674,0.9928453376358363,0.001424658133232433,0.0005205046256583616,0.5314287335919353,23
2023-11-17,0.6438106814315027,0.992306127411624,0.35618931856849734,0.9928453376358363,0.0015248503221590634,0.0007567779648989417,2.749673075874157,23
2023-11-18,0.7249731620293178,0.992306127411624,0.27502683797068217,0.9928453376358363,0.0014826639835485058,0.0006572619969113766,3.152026185663918,23
2023-11-19,0.8445965129744956,0.992306127411624,0.15540348702550452,0.9928453376358363,0.0014204504840991926,0.0005105878997726301,1.9572549492815892,23
2023-11-20,0.7938587529974339,0.992306127411624,0.20614124700256609,0.9928453376358363,0.0014468433425417705,0.0005727991242256927,3.184531622232684,23
2023-11-21,0.8850054240456073,0.992306127411624,0.11499457595439276,0.9928453376358363,0.0013994249674612613,0.0004610412142728109,0.7560661952491918,23
2023-11-22,0.7510377080702617,0.992306127411624,0.2489622919297382,0.9928453376358363,0.0014691120469801657,0.0006253034058195855,1.1566587951365677,23
2023-11-23,0.5481878878144277,0.992306127411624,0.45181211218557227,0.9928453376358363,0.0015745273750627684,0.0008740241949104792,3.008698615200483,23
2023-11-24,0.7151737289558092,0.992306127411624,0.28482627104419095,0.9928453376358363,0.0014877585485413448,0.0006692774018233088,2.7991686443120916,23
2023-11-25,0.7877223423388522,0.992306127411624,0.21227765766114784,0.9928453376358363,0.001450034866886476,0.0005803231777312039,3.1783263455737973,23
2023-11-26,0.881140157628532,0.992306127411624,0.11885984237146792,0.9928453376358363,0.0014014363506516432,0.0004657805436549566,2.966588101298301,23
2023-11-27,0.9207675361505354,0.992306127411624,0.07923246384946465,0.9928453376358363,0.0013808131724248143,0.0004171921207361412,3.0749467168459783,23
2023-11-28,0.9485708747090188,0.992306127411624,0.051429125290981204,0.9928453376358363,0.0013663407313869768,0.00038310153935477363,2.5075877695826656,23
2023-11-29,0.946943548644878,0.992306127411624,0.053056451355122006,0.9928453376358363,0.0013671878656617222,0.0003850968569856732,3.2823529801548097,23
2023-11-30,0.9672805437414262,0.992306127411624,0.03271945625857382,0.9928453376358363,0.0013566004997552232,0.0003601610031516809,3.232619337123325,23
2023-12-01,0.9763816445754685,0.992306127411624,0.023618355424531508,0.9928453376358363,0.001351862096871194,0.00034900184620402427,1.7068051480210458,23
2023-12-02,0.956361399460429,0.992306127411624,0.04363860053957097,0.9928453376358363,0.0013622851212778061,0.00037354932254157107,2.233956828574139,23
2023-12-03,0.9454201118890379,0.992306127411624,0.05457988811096229,0.9928453376358363,0.0013679809112451683,0.00038696479254294805,2.7327971861432307,23
2023-12-04,0.9517268567869407,0.992306127411624,0.04827314321305931,0.9928453376358363,0.0013646978046371282,0.00037923188666399255,0.3042683149105119,23
2023-12-05,0.856024177156657,0.992306127411624,0.14397582284334304,0.9928453376358363,0.0014145049533464441,0.0004965760675251662,0.3203653185668264,23
2023-12-06,0.6385304441286218,0.992306127411624,0.36146955587137825,0.9928453376358363,0.001527594178466705,0.0007632522362929384,2.9066375079096662,23
2023-12-07,0.7577626912097517,0.992306127411624,0.24223730879024827,0.9928453376358363,0.0014656151441169102,0.0006170576843741963,2.782450220309109,23
2023-12-08,0.8230731726248884,0.992306127411624,0.17692682737511142,0.9928453376358363,0.001431647478981644,0.000536978370263925,2.1266938817545546,23
2023-12-09,0.7893717027790946,0.992306127411624,0.21062829722090531,0.9928453376358363,0.0014491770517865007,0.0005783008430321885,2.7988417689293037,23
2023-12-10,0.8473750137033739,0.992306127411624,0.1526249862966262,0.9928453376358363,0.0014190049350881909,0.0005071810892913358,3.2250757608958085,23
2023-12-11,0.9161748552433914,0.992306127411624,0.08382514475660857,0.9928453376358363,0.0013832035718497687,0.0004228233567797661,-0.3135112345910096,23
2023-12-12,0.7601202435276886,0.992306127411624,0.23987975647231136,0.9928453376358363,0.0014643892156992137,0.0006141670124864874,3.050657330079486,23
2023-12-13,0.8518362648688309,0.992306127411624,0.14816373513116918,0.9928453376358363,0.0014166838660095498,0.0005017110035460997,1.1862026914110648,23
2023-12-14,0.7118702132263727,0.992306127411624,0.28812978677362727,0.9928453376358363,0.001489475927266734,0.0006733279503422244,3.131722724608805,23
2023-12-15,0.8342244329567884,0.992306127411624,0.1657755670432117,0.9928453376358363,0.0014258464806127782,0.0005233054458037995,1.7983104233045824,23
2023-12-16,0.7759259956011547,0.992306127411624,0.22407400439884526,0.9928453376358363,0.0014561697848894265,0.0005947870637000923,3.092289848495244,23
2023-12-17,0.8657482968245825,0.992306127411624,0.1342517031754175,0.9928453376358363,0.0014094454254055231,0.00048465300683933274,2.2525472520173815,23
2023-12-18,0.858393040561726,0.992306127411624,0.1416069594382739,0.9928453376358363,0.0014132724432298002,0.0004936715267441379,1.5785086107263957,23
2023-12-19,0.7679681902753873,0.992306127411624,0.2320318097246128,0.9928453376358363,0.0014603081589438724,0.0006045443886884032,2.9077690302044474,23
2023-12-20,0.8444875847005036,0.992306127411624,0.15551241529949653,0.9928453376358363,0.0014205071548940849,0.0005107214602866469,1.4349103202720346,23
2023-12-21,0.7293355632984563,0.992306127411624,0.2706644367015437,0.9928453376358363,0.0014803959495928113,0.000651913114252162,3.04050032870795,23
2023-12-22,0.8320113733484643,0.992306127411624,0.16798862665153572,0.9928453376358363,0.001426997766334484,0.0005260189504615474,3.1862452800780936,23
2023-12-23,0.9051741251570835,0.992306127411624,0.09482587484291649,0.9928453376358363,0.0013889289760285531,0.00043631171118989906,3.128524995478283,23
2023-12-24,0.9419657843281716,0.992306127411624,0.05803421567182843,0.9928453376358363,0.001369779082270956,0.0003912002563734482,2.4946516663671483,23
2023-12-25,0.9432615130958485,0.992306127411624,0.056738486904151605,0.9928453376358363,0.0013691045870585063,0.0003896115210167302,2.7940249032356537,23
2023-12-26,0.9520858132767914,0.992306127411624,0.04791418672320865,0.9928453376358363,0.0013645109388086502,0.0003787917583893293,1.6371266701184655,23
2023-12-27,0.9223070753933184,0.992306127411624,0.07769292460668163,0.9928453376358363,0.0013800118585559967,0.0004153044413937663,2.0347534219890364,23
2023-12-28,0.8969733611338786,0.992306127411624,0.10302663886612146,0.9928453376358363,0.0013931968822466657,0.00044636693577145047,2.307947736671815,23
2023-12-29,0.89322253652885,0.992306127411624,0.10677746347115007,0.9928453376358363,0.001395148848541456,0.0004509659443105149,2.4549365098606564,23
2023-12-30,0.8993444185738045,0.992306127411624,0.10065558142619546,0.9928453376358363,0.0013919629386355908,0.00044345970481263344,3.1745667153033588,23
2023-12-31,0.939818713024172,0.992306127411624,0.060181286975828044,0.9928453376358363,0.0013708967350945765,0.00039383285061628107,3.278524928692684,23
2024-01-01,0.9638201111037208,0.992306127411624,0.03617988889627924,0.9928453376358363,0.0013584020762380325,0.00036440395261626746,0.5609200604969876,23
2024-01-02,0.8967317504730575,0.992306127411624,0.10326824952694258,0.9928453376358363,0.001393322620103576,0.0004466631824929729,2.191697554036295,23
2024-01-03,0.8783249891988836,0.992306127411624,0.12167501080111635,0.9928453376358363,0.0014029012621378846,0.0004692323136016238,0.2553007939006643,23
2024-01-04,0.7027998213521964,0.992306127411624,0.2972001786478035,0.9928453376358363,0.0014941911282493445,0.0006844494540313254,1.386423191135568,23
2024-01-05,0.5160371679534341,0.992306127411624,0.4839628320465659,0.9928453376358363,0.0015912238381735936,0.0009134452424794707,2.9877333312986822,23
2024-01-06,0.6890189841873361,0.992306127411624,0.3109810158126639,0.9928453376358363,0.0015013545588490414,0.0007013465885205468,3.023054451767512,23
2024-01-07,0.8082993252788744,0.992306127411624,0.1917006747211255,0.9928453376358363,0.0014393324079181049,0.0005550930669650346,3.1873409513882107,23
2024-01-08,0.8935556114514224,0.992306127411624,0.10644438854857781,0.9928453376358363,0.0013949755147624292,0.0004505575502707071,-0.6481253542273029,23
2024-01-09,0.6788017989529368,0.992306127411624,0.32119820104706326,0.9928453376358363,0.0015066651953910047,0.0007138742129994969,2.2061236196979306,23
2024-01-10,0.6634786636615819,0.992306127411624,0.3365213363384181,0.9928453376358363,0.0015146291882996322,0.0007326624095885086,2.4856584408087645,23
2024-01-11,0.6879140745916658,0.992306127411624,0.31208592540833424,0.9928453376358363,0.0015019288782719767,0.0007027013542588779,2.8267346251567855,23
2024-01-12,0.779338561966099,0.992306127411624,0.22066143803390106,0.9928453376358363,0.0014543950568399488,0.0005906028046357092,-0.9395844801638064,23
2024-01-13,0.4951203796021407,0.992306127411624,0.5048796203978593,0.9928453376358363,0.0016020846442206648,0.000939091999757439,2.996199256048354,23
2024-01-14,0.6751781244876802,0.992306127411624,0.32482187551231984,0.9928453376358363,0.0015085486150595412,0.0007183173185998393,1.9938619303275726,23
2024-01-15,0.6189342219041308,0.992306127411624,0.3810657780958693,0.9928453376358363,0.0015377765519218613,0.0007872798043170503,2.5170383844244215,23
2024-01-16,0.654176626335075,0.992306127411624,0.345823373664925,0.9928453376358363,0.0015194634523704514,0.0007440679413315678,2.534026042996261,23
2024-01-17,0.6895461192510329,0.992306127411624,0.3104538807489671,0.9928453376358363,0.0015010805587535997,0.0007007002510042759,2.721312185745322,23
2024-01-18,0.7641165713842664,0.992306127411624,0.2358834286157337,0.9928453376358363,0.0014623110849840359,0.0006092669843932887,1.253391927188531,23
2024-01-19,0.6080109382485328,0.992306127411624,0.39198906175146725,0.9928453376358363,0.001543451887237012,0.0008006731991293183,2.8811181638995125,23
2024-01-20,0.7251198547325811,0.992306127411624,0.27488014526741905,0.9928453376358363,0.0014825877182176252,0.0006570821321973558,3.147530432407254,23
2024-01-21,0.8438139642500336,0.992306127411624,0.15618603574996634,0.9928453376358363,0.001420857610461393,0.0005115474083194197,3.176700390993394,23
2024-01-22,0.9116931602584478,0.992306127411624,0.0883068397415522,0.9928453376358363,0.0013855361441597956,0.0004283185093597095,0.25917325657364654,23
2024-01-23,0.77326268973494,0.992306127411624,0.2267373102650601,0.9928453376358363,0.0014575548306582338,0.0005980526299983514,3.131482621864052,23
2024-01-24,0.9140504602467907,0.9953545842867457,0.0859495397532094,0.9947383210652163,0.0012673018251541659,0.0008689948542530792,3.006862156686707,24
2024-01-25,0.9438774376741548,0.9953545842867457,0.05612256232584537,0.9947383210652163,0.0012474009193983939,0.0008430812879737367,3.1642283677053387,24
2024-01-26,0.966286936041348,0.9953545842867457,0.033713063958652076,0.9947383210652163,0.0012324481582477148,0.0008236119997215411,0.27904813774905857,24
2024-01-27,0.8980693624268056,0.9953545842867457,0.10193063757319443,0.9947383210652163,0.0012779640466607169,0.000882879172185841,3.137248493021676,24
2024-01-28,0.9404043169389098,0.9953545842867457,0.05959568306109027,0.9947383210652163,0.001249718294978013,0.0008460987222608045,3.2070686480725588,24
2024-01-29,0.9654808744406873,0.9953545842867457,0.034519125559312934,0.9947383210652163,0.0012329860168351747,0.0008243123030212914,1.5175037769575481,24
2024-01-30,0.9372996287315736,0.9953545842867457,0.06270037126842656,0.9947383210652163,0.001251789825352377,0.0008487960637474981,3.086914893549857,24
2024-01-31,0.9608540680492913,0.9953545842867457,0.03914593195070884,0.9947383210652163,0.0012360733146971675,0.0008283320550855795,2.9732918763250007,24
2024-02-01,0.9719051364278927,0.9953545842867457,0.028094863572107446,0.9947383210652163,0.0012286992893261544,0.0008187309282672882,2.9753013132712254,24
2024-02-02,0.9781748708770778,0.9953545842867457,0.021825129122922306,0.9947383210652163,0.001224515613579521,0.0008132838064595727,3.274542329700621,24
2024-02-03,0.9849503647306478,0.9953545842867457,0.015049635269352372,0.9947383210652163,0.0012199943873893904,0.000807397282775524,3.207892827167147,24
2024-02-04,0.9878544258946512,0.9953545842867457,0.012145574105348804,0.9947383210652163,0.0012180565122416635,0.0008048742453126789,2.9154513865519043,24
2024-02-05,0.9877695057727207,0.9953545842867457,0.012230494227279388,0.9947383210652163,0.0012181131794774093,0.000804948023596565,3.301780569846626,24
2024-02-06,0.9896735621505209,0.9953545842867457,0.010326437849479161,0.9947383210652163,0.001216842599181466,0.0008032937865467034,2.902966183746599,24
2024-02-07,0.9886729125462668,0.9953545842867457,0.0113270874537333,0.9947383210652163,0.0012175103351709819,0.0008041631471751943,1.710073113134119,24
2024-02-08,0.9782541569200839,0.9953545842867457,0.021745843079916227,0.9947383210652163,0.0012244627071159194,0.0008132149230423552,1.8949058750738166,24
2024-02-09,0.9661800950872669,0.9953545842867457,0.03381990491273329,0.9947383210652163,0.001232519449784305,0.0008237048227423006,0.7497758595406223,24
2024-02-10,0.9126608942585969,0.9953545842867457,0.08733910574140316,0.9947383210652163,0.0012682289269785772,0.0008702021039793469,2.7613061676996806,24
2024-02-11,0.9318749855577428,0.9953545842867457,0.06812501444225726,0.9947383210652163,0.0012554092563311383,0.0008535089734202657,3.0495700555289624,24
2024-02-12,0.9559991484844722,0.9953545842867457,0.044000851515527926,0.9947383210652163,0.0012393127893501991,0.0008325499910205965,0.9927915465321864,24
2024-02-13,0.8991421172788299,0.9953545842867457,0.10085788272117022,0.9947383210652163,0.001277248341327734,0.0008819471667881398,3.0147079411257645,24
2024-02-14,0.9364516341201025,0.9953545842867457,0.06354836587989757,0.9947383210652163,0.0012523556273340184,0.0008495327982899904,0.5605186688259881,24
2024-02-15,0.8336989111243261,0.9953545842867457,0.16630108887567388,0.9947383210652163,0.0013209066296296617,0.000938803979193864,3.211512810810131,24
2024-02-16,0.910785905865799,0.9953545842867457,0.08921409413420099,0.9947383210652163,0.0012694798922112066,0.0008718310868727052,3.2145558666246754,24
2024-02-17,0.9503376826279796,0.9953545842867457,0.04966231737202045,0.9947383210652163,0.0012430903919895572,0.0008374686513530998,2.9143288283065454,24
2024-02-18,0.9642072131546275,0.9953545842867457,0.035792786845372654,0.9947383210652163,0.0012338358874257565,0.0008254188551764374,3.0292028716453876,24
2024-02-19,0.974387546618772,0.9953545842867457,0.025612453381228136,0.9947383210652163,0.001227042830842942,0.0008165742195907045,3.0846513367071373,24
2024-02-20,0.9812919873463554,0.9953545842867457,0.01870801265364472,0.9947383210652163,0.0012224355983654206,0.0008105756673454514,3.0036163812356795,24
2024-02-21,0.9841811566993782,0.9953545842867457,0.01581884330062193,0.9947383210652163,0.0012205076764868021,0.000808065567832213,2.8211028035941075,24
2024-02-22,0.9847404438365065,0.9953545842867457,0.01525955616349359,0.9947383210652163,0.0012201344667568277,0.0008075796612621471,2.961372736397502,24
2024-02-23,0.9861507492544598,0.9953545842867457,0.01384925074554039,0.9947383210652163,0.0012191933743520458,0.0008063543931969789,2.890080208860191,24
2024-02-24,0.9865356412281326,0.9953545842867457,0.013464358771867455,0.9947383210652163,0.0012189365366174648,0.0008060200004917692,2.596873181865047,24
2024-02-25,0.984308641671235,0.9953545842867457,0.015691358328765018,0.9947383210652163,0.001220422606393955,0.0008079548093661269,3.2753991503106334,24
2024-02-26,0.9878828780531527,0.9953545842867457,0.012117121946847463,0.9947383210652163,0.0012180375261010012,0.0008048495261839336,-0.06645200421572373,24
2024-02-27,0.9555944835918674,0.9953545842867457,0.04440551640813273,0.9947383210652163,0.0012395828028582702,0.0008329015623637194,0.46216683222800115,24
2024-02-28,0.8760413258591625,0.9953545842867457,0.12395867414083765,0.9947383210652163,0.0012926600148748936,0.0009020170478552582,-1.4549858560374864,24
2024-02-29,0.6404042024724811,0.9953545842867457,0.359595797527519,0.9947383210652163,0.0014498191040965354,0.0011067376981331637,2.313992101899123,24
2024-03-01,0.6461577702496616,0.9953545842867457,0.35384222975033847,0.9947383210652163,0.0014459827381992664,0.0011017390199969113,2.3639840383606905,24
2024-03-02,0.6499484365166784,0.9953545842867457,0.35005156348332156,0.9947383210652163,0.0014434551691365081,0.001098445703341128,2.8768345198943663,24
2024-03-03,0.7618080571771356,0.9953545842867457,0.2381919428228644,0.9947383210652163,0.0013688588024028743,0.0010012624838538077,2.5805123281002262,24
2024-03-04,0.7953838754733009,0.9953545842867457,0.2046161245266991,0.9947383210652163,0.0013464642481095625,0.000972091938668005,-0.80614188166393,24
2024-03-05,0.49344177646147,0.9953545842867457,0.50655822353853,0.9947383210652163,0.001547793820435001,0.0012344181034401878,0.14138641600002738,24
2024-03-06,0.21791764636016894,0.9953545842867457,0.7820823536398311,0.9947383210652163,0.0017313882710224848,0.0014737924357648574,1.7867869320439242,24
2024-03-07,0.12258149886093009,0.9953545842867457,0.8774185011390697,0.9947383210652163,0.0017948884611289771,0.0015566201236542842,2.4589740004758154,24
2024-03-08,0.1550795257451622,0.9953545842867457,0.8449204742548377,0.9947383210652163,0.001773244163682678,0.0015283859596105685,2.3347077456183114,24
2024-03-09,0.1572144641201847,0.9953545842867457,0.8427855358798153,0.9947383210652163,0.001771822198740212,0.0015265311331462315,2.707847932108835,24
2024-03-10,0.2863652092114463,0.9953545842867457,0.7136347907885537,0.9947383210652163,0.0016857891977831584,0.0014143254495130493,2.782015044531849,24
2024-03-11,0.44388468813428544,0.9953545842867457,0.5561153118657144,0.9947383210652163,0.0015808244492840821,0.0012774731161750538,1.0126219837894477,24
2024-03-12,0.2084198677289427,0.9953545842867457,0.7915801322710573,0.9947383210652163,0.0017377150361783291,0.0014820440702680907,2.53385711085693,24
2024-03-13,0.2852633919442841,0.9953545842867457,0.7147366080557159,0.9947383210652163,0.0016865232732977385,0.0014152827042281763,2.17102447829725,24
2024-03-14,0.24133836321842878,0.9953545842867457,0.7586616367815712,0.9947383210652163,0.0017157864226106608,0.001453444604674891,2.118725664191895,24
2024-03-15,0.20597798807209045,0.9953545842867457,0.7940220119279094,0.9947383210652163,0.0017393416260067728,0.0014841655661685087,1.8198578343245675,24
2024-03-16,0.13002681344821437,0.9953545842867457,0.8699731865517856,0.9947383210652163,0.001789929882300006,0.001550151662225432,0.6291929624910402,24
2024-03-17,0.04615408484532227,0.9953545842867457,0.9538459151546778,0.9947383210652163,0.001845784273374728,0.0016230199747111077,1.5151820155930376,24
2024-03-18,0.022057898634312213,0.9953545842867457,0.9779421013656877,0.9947383210652163,0.0018618289773759563,0.0016439546510449397,2.499349671904315,24
2024-03-19,0.042853937612045645,0.9953545842867457,0.9571460623879543,0.9947383210652163,0.001847981763603879,0.0016258871302674948,-0.5073711674422654,24
2024-03-20,0.01710833395046467,0.9953545842867457,0.9828916660495353,0.9947383210652163,0.0018651245895869506,0.0016482548143048987,-0.4066174768909732,24
2024-03-21,0.009606220757194547,0.9953545842867457,0.9903937792428054,0.9947383210652163,0.001870119717125655,0.0016547726221499061,1.6736380929051915,24
2024-03-22,0.009481810357121747,0.9953545842867457,0.9905181896428783,0.9947383210652163,0.0018702025525117218,0.0016548807094395413,1.8754668876007434,24
2024-03-23,0.010294688570511343,0.9953545842867457,0.9897053114294886,0.9947383210652163,0.0018696613185542291,0.0016541744838921822,2.443835727723558,24
2024-03-24,0.018875380736435396,0.9953545842867457,0.9811246192635646,0.9947383210652163,0.0018639480255197198,0.0016467196106752832,1.45932219604162,24
2024-03-25,0.011720475633021761,0.9953545842867457,0.9882795243669782,0.9947383210652163,0.0018687119926649506,0.0016529357654322052,1.6388073964785999,24
2024-03-26,0.009725889087671405,0.9953545842867457,0.9902741109123285,0.9947383210652163,0.0018700400390996058,0.001654668654752576,2.5551847322833456,24
2024-03-27,0.025703356753802902,0.9953545842867457,0.974296643246197,0.9947383210652163,0.0018594016662649973,0.001640787490683886,2.430428503493583,24
2024-03-28,0.04120413747424666,0.9953545842867457,0.9587958625257533,0.9947383210652163,0.0018490803204512702,0.0016273204704482969,2.2419198457394307,24
2024-03-29,0.03854153703592582,0.9953545842867457,0.9614584629640741,0.9947383210652163,0.0018508532646872467,0.001629633727737,2.404497618544906,24
2024-03-30,0.05500182678663697,0.9953545842867457,0.944998173213363,0.9947383210652163,0.001839892689507384,0.0016153330896495179,2.579215897607006,24
2024-03-31,0.10956819665652728,0.9953545842867457,0.8904318033434725,0.9947383210652163,0.001803555118242412,0.001567926031871371,2.2302517456786193,24
2024-04-01,0.0951578190515186,0.9953545842867457,0.9048421809484813,0.9947383210652163,0.0018131519075810145,0.001580445713964105,2.197107286211499,24
2024-04-02,0.08769554671492572,0.9953545842867457,0.9123044532850741,0.9947383210652163,0.001818121387369502,0.0015869289082220454,0.506225938677136,24
2024-04-03,0.031252022326902267,0.9953545842867457,0.9687479776730976,0.9947383210652163,0.0018557070749326656,0.0016359668308151291,2.5272371049946107,24
2024-04-04,0.05732316036341313,0.9953545842867457,0.9426768396365868,0.9947383210652163,0.0018383469273578303,0.0016133163237319942,1.8324075331439091,24
2024-04-05,0.03226899481356025,0.9953545842867457,0.9677310051864396,0.9947383210652163,0.0018550299164970649,0.001635083288927539,2.502633044977494,24
2024-04-06,0.0592240036115972,0.9953545842867457,0.9407759963884027,0.9947383210652163,0.0018370811611461292,0.0016116648782371092,2.358006157864756,24
2024-04-07,0.06600665755393374,0.9953545842867457,0.9339933424460662,0.9947383210652163,0.001832564566367508,0.0016057721338947567,2.6109355070294424,24
2024-04-08,0.13207577910796336,0.9953545842867457,0.8679242208920366,0.9947383210652163,0.0017885652566758438,0.0015483715285341353,1.8443341258165356,24
2024-04-09,0.07353871017208989,0.9953545842867457,0.9264612898279101,0.9947383210652163,0.0018275488628085703,0.0015992283147895387,1.5745225475799736,24
2024-04-10,0.03726647731323941,0.9953545842867457,0.9627335226867606,0.9947383210652163,0.001851702284188211,0.00163074149484865,2.262649112462108,24
2024-04-11,0.03651730928435993,0.9953545842867457,0.96348269071564,0.9947383210652163,0.0018522011289052052,0.001631392369226317,2.50963183212108,24
2024-04-12,0.06678665969462948,0.9953545842867457,0.9332133403053704,0.9947383210652163,0.0018320451555548906,0.0016050944709562246,1.3542878317293354,24
2024-04-13,0.03048772512040382,0.9953545842867457,0.9695122748795961,0.9947383210652163,0.0018562159866902862,0.001636630849365649,1.5523295977582523,24
2024-04-14,0.017763549269523917,0.9953545842867457,0.9822364507304759,0.9947383210652163,0.001864688323928802,0.0016476855656896465,2.3818499911112356,24
2024-04-15,0.024744372185146378,0.9953545842867457,0.9752556278148535,0.9947383210652163,0.001860040203565768,0.0016416206528854958,1.7019344003606058,24
2024-04-16,0.016561042003136982,0.9953545842867457,0.9834389579968629,0.9947383210652163,0.0018654889955298111,0.0016487302994989907,2.5457776891059543,24
2024-04-17,0.036604732203566366,0.9953545842867457,0.9633952677964336,0.9947383210652163,0.0018521429170929079,0.0016313164165215315,1.5226113785066542,24
2024-04-18,0.020068005187300703,0.9953545842867457,0.9799319948126992,0.9947383210652163,0.0018631539300867795,0.0016456834630190506,1.8264328927852231,24
2024-04-19,0.014287088257121466,0.9953545842867457,0.9857129117428783,0.9947383210652163,0.0018670030678867892,0.0016507059019969987,2.5564423636255826,24
2024-04-20,0.03406103722926764,0.9953545842867457,0.9659389627707322,0.9947383210652163,0.001853836668381936,0.001633526369188423,2.3610575473408186,24
2024-04-21,0.04056457878261211,0.9953545842867457,0.9594354212173878,0.9947383210652163,0.0018495061840092808,0.0016278761166442805,2.5902895053487094,24
2024-04-22,0.0876216165841316,0.9953545842867457,0.9123783834158684,0.9947383210652163,0.0018181706205167216,0.0015869931384427925,1.974981280521245,24
2024-04-23,0.05490324897988981,0.9953545842867457,0.9450967510201101,0.9947383210652163,0.0018399583316994427,0.001615418733678821,2.50819654820874,24
2024-04-24,0.12961819550888817,0.9927496812684846,0.8703818044911118,0.9926957862240621,0.0015897291874921184,0.001873353774088118,1.7212598312043563,25
2024-04-25,0.06952342047864726,0.9927496812684846,0.9304765795213528,0.9926957862240621,0.00161837296872742,0.0019338491954696312,2.5756121419901414,25
2024-04-26,0.14117792583417227,0.9927496812684846,0.8588220741658277,0.9926957862240621,0.00158421847829574,0.0018617169761013911,2.454828832128797,25
2024-04-27,0.19671480606571398,0.9927496812684846,0.8032851939342858,0.9926957862240621,0.001557739378893267,0.001805809836585001,2.6457444840943367,25
2024-04-28,0.3272960149171126,0.9927496812684846,0.6727039850828873,0.9926957862240621,0.0014954557109231722,0.0016743580547953617,2.694703835914886,25
2024-04-29,0.47119326985912996,0.9927496812684846,0.5288067301408699,0.9926957862240621,0.0014267806277871561,0.0015295014500575999,2.5424008013861603,25
2024-04-30,0.537487043510948,0.9927496812684846,0.462512956489052,0.9926957862240621,0.0013951277490759756,0.0014627657018994743,0.5700781568656148,25
2024-05-01,0.25457492778447643,0.9927496812684846,0.7454250722155237,0.9926957862240621,0.0015301459460338902,0.0017475639667435595,1.3003082016080076,25
2024-05-02,0.11258098668600514,0.9927496812684846,0.8874190133139948,0.9926957862240621,0.001597850604974412,0.001890504568419014,2.3680346354256483,25
2024-05-03,0.1271062349986693,0.9927496812684846,0.8728937650013305,0.9926957862240621,0.0015909266436109628,0.0018758824816085791,0.7028302836807153,25
2024-05-04,0.04128232761808282,0.9927496812684846,0.9587176723819172,0.9926957862240621,0.0016318313727428269,0.001962278569105102,2.4293547408240466,25
2024-05-05,0.06138786895942879,0.9927496812684846,0.9386121310405712,0.9926957862240621,0.0016222501635994439,0.0019420389859643697,2.5783947394421878,25
2024-05-06,0.1314742588389706,0.9927496812684846,0.8685257411610293,0.9926957862240621,0.001588844390529638,0.0018714853365541125,2.403964533969843,25
2024-05-07,0.17033243089614936,0.9927496812684846,0.8296675691038506,0.9926957862240621,0.0015703188543730704,0.001832368100629169,2.414149972088411,25
2024-05-08,0.2156889798083859,0.9927496812684846,0.784311020191614,0.9926957862240621,0.0015486913625447137,0.0017867091637669176,2.1366211066156233,25
2024-05-09,0.18592054488102222,0.9927496812684846,0.8140794551189776,0.9926957862240621,0.0015628864000225876,0.0018166760621186092,1.923456799292282,25
2024-05-10,0.11077100153147866,0.9927496812684846,0.8892289984685212,0.9926957862240621,0.0015987133669597472,0.0018923266205784948,1.720924257454153,25
2024-05-11,0.05934030688082578,0.9927496812684846,0.9406596931191741,0.9926957862240621,0.0016232259579598396,0.0019441001989514814,2.572029754821457,25
2024-05-12,0.12819061637719723,0.9927496812684846,0.8718093836228027,0.9926957862240621,0.001590409718615145,0.0018747908707588959,2.5624531311891756,25
2024-05-13,0.20877654945982635,0.9927496812684846,0.7912234505401736,0.9926957862240621,0.001551987705605787,0.0017936676786543774,2.178001628565575,25
2024-05-14,0.17208462239297548,0.9927496812684846,0.8279153776070245,0.9926957862240621,0.001569483429358547,0.0018306042274324017,2.143601044959839,25
2024-05-15,0.14819214869991187,0.9927496812684846,0.8518078513000881,0.9926957862240621,0.0015808745535211173,0.001854655990055379,0.1930007160909573,25
2024-05-16,0.04626573573336115,0.9927496812684846,0.9537342642666388,0.9926957862240621,0.0016294566274340661,0.00195726193706516,2.3276455547635426,25
2024-05-17,0.05918925124423637,0.9927496812684846,0.9408107487557636,0.9926957862240621,0.0016232979453006434,0.0019442522616621406,2.155708108033091,25
2024-05-18,0.04748281759707453,0.9927496812684846,0.9525171824029254,0.9926957862240621,0.001628876643316811,0.0019560367410283316,2.5628454946555292,25
2024-05-19,0.1061598226868512,0.9927496812684846,0.8938401773131488,0.9926957862240621,0.0016009113383053757,0.001896968541729392,2.4579093272650585,25
2024-05-20,0.1570982291568759,0.9927496812684846,0.842901770843124,0.9926957862240621,0.0015766285705392379,0.001845690533577165,0.27164314061657757,25
2024-05-21,0.04896678902912024,0.9927496812684846,0.9510332109708798,0.9926957862240621,0.0016281694724761442,0.0019545428760949068,2.362421957609577,25
2024-05-22,0.06699195093270885,0.9927496812684846,0.9330080490672912,0.9926957862240621,0.0016195794164622274,0.0019363975420907632,2.3045233689030775,25
2024-05-23,0.07805264586372947,0.9927496812684846,0.9219473541362706,0.9926957862240621,0.0016143080149642324,0.0019252631065214856,2.226343690759981,25
2024-05-24,0.07771364146593672,0.9927496812684846,0.9222863585340632,0.9926957862240621,0.0016144695842907205,0.0019256043710304935,2.476131477489702,25
2024-05-25,0.117374364921245,0.9927496812684846,0.8826256350787549,0.9926957862240621,0.0015955657229303748,0.001885679233170885,2.5519561341854997,25
2024-05-26,0.1919156732616197,0.9927496812684846,0.8080843267383803,0.9926957862240621,0.00156002777568518,0.0018106409647671675,2.4549310336056616,25
2024-05-27,0.25216605228406236,0.9927496812684846,0.7478339477159376,0.9926957862240621,0.0015312948716580184,0.0017499889019959138,2.5346463430734856,25
2024-05-28,0.3289566943208886,0.9927496812684846,0.6710433056791113,0.9926957862240621,0.001494663389682856,0.0016726863037943725,2.4014968277707056,25
2024-05-29,0.3727434286619974,0.9927496812684846,0.6272565713380026,0.9926957862240621,0.0014737704295262283,0.0016286076473129604,2.5626740755722244,25
2024-05-30,0.46785790205207056,0.9927496812684846,0.5321420979479295,0.9926957862240621,0.0014283729099108236,0.0015328590544558005,2.683922004338866,25
2024-05-31,0.5781404377584488,0.9927496812684846,0.42185956224155113,0.9926957862240621,0.001375712818046978,0.001421841275202582,2.4418414319912634,25
2024-06-01,0.619143314629509,0.9927496812684846,0.38085668537049094,0.9926957862240621,0.0013561275908973605,0.001380565035913545,3.024460373886179,25
2024-06-02,0.7701790151525539,0.9927496812684846,0.229820984847446,0.9926957862240621,0.001283955248025964,0.0012285223942330378,3.1763365020119734,25
2024-06-03,0.8767458672094351,0.9927496812684846,0.12325413279056477,0.9926957862240621,0.0012330045056266278,0.001121245070751284,2.617699290802545,25
2024-06-04,0.894936226903221,0.9927496812684846,0.1050637730967788,0.9926957862240621,0.0012243052019599505,0.0011029334375984331,1.8934540132184585,25
2024-06-05,0.8525072866223616,0.9927496812684846,0.1474927133776382,0.9926957862240621,0.0012445952503383378,0.0011456452477311774,3.0702994971778885,25
2024-06-06,0.9115426100354247,0.9927496812684846,0.08845738996457524,0.9926957862240621,0.0012163628289673047,0.0010862163412335669,3.1568805518774843,25
2024-06-07,0.9483145496943567,0.9927496812684846,0.051685450305643185,0.9926957862240621,0.001198773839866298,0.0010491992464268514,2.026264830799183,25
2024-06-08,0.9323652690507083,0.9927496812684846,0.06763473094929164,0.9926957862240621,0.0012064031382277073,0.0010652548594611625,3.266594479943686,25
2024-06-09,0.9616633928968786,0.9927496812684846,0.03833660710312114,0.9926957862240621,0.0011923880578992147,0.0010357614077114896,3.2329640257649896,25
2024-06-10,0.9745505361838459,0.9927496812684846,0.02544946381615388,0.9926957862240621,0.001186222800005526,0.0010227883470226577,3.2471508685541095,25
2024-06-11,0.9809363553386956,0.9927496812684846,0.019063644661304342,0.9926957862240621,0.0011831676753466308,0.0010163599541974189,1.2392854085722624,25
2024-06-12,0.9564734942593623,0.9927496812684846,0.04352650574063742,0.9926957862240621,0.0011948708298843453,0.0010409859069270353,2.824208512161757,25
2024-06-13,0.9635822950120579,0.9927496812684846,0.03641770498794186,0.9926957862240621,0.001191470069227461,0.0010338297124519728,1.9837781125763776,25
2024-06-14,0.9489223574567559,0.9927496812684846,0.051077642543243935,0.9926957862240621,0.0011984830863506605,0.0010485873864658681,2.7057801181359515,25
2024-06-15,0.9562645190001879,0.9927496812684846,0.043735480999811886,0.9926957862240621,0.0011949707994640157,0.0010411962754050888,3.2654294022169115,25
2024-06-16,0.9725740263813557,0.9927496812684846,0.027425973618644205,0.9926957862240621,0.001187168391593924,0.0010247780340346512,3.1860912086001147,25
2024-06-17,0.979196120768726,0.9927496812684846,0.02080387923127395,0.9926957862240621,0.0011840002523010157,0.0010181117907515952,3.2623684342618424,25
2024-06-18,0.9832137189074868,0.9927496812684846,0.016786281092513254,0.9926957862240621,0.0011820781115647154,0.0010140674076546687,2.007321512740091,25
2024-06-19,0.9728397319934384,0.9927496812684846,0.02716026800656149,0.9926957862240621,0.0011870412745510557,0.0010245105569876322,3.213029292802677,25
2024-06-20,0.9797909252876744,0.9927496812684846,0.020209074712325494,0.9926957862240621,0.001183715681851784,0.0010175130207254939,3.299428649529358,25
2024-06-21,0.9837447501283629,0.9927496812684846,0.016255249871636998,0.9926957862240621,0.0011818240476835528,0.0010135328360973664,2.6766290716693515,25
2024-06-22,0.9809019481340235,0.9927496812684846,0.019098051865976372,0.9926957862240621,0.0011831841367764139,0.0010163945907917672,3.2904443258288745,25
2024-06-23,0.9841494870585971,0.9927496812684846,0.015850512941402876,0.9926957862240621,0.0011816304070177762,0.001013125400823154,2.5415091014269104,25
2024-06-24,0.979945804605992,0.9927496812684846,0.020054195394007948,0.9926957862240621,0.0011836415833105433,0.0010173571088409718,-0.00013577406459619468,25
2024-06-25,0.9296487123495015,0.9927496812684846,0.07035128765049847,0.9926957862240621,0.0012077025449216937,0.001067989527196645,1.911657131958854,25
2024-06-26,0.8995417176700143,0.9927496812684846,0.10045828232998562,0.9926957862240621,0.001222102579325085,0.0010982972424472637,2.441212742042252,25
2024-06-27,0.9050415054142139,0.9927496812684846,0.09495849458578604,0.9926957862240621,0.00121947219377686,0.0010927607881227937,2.7931008762468066,25
2024-06-28,0.9272802980305731,0.9927496812684846,0.07271970196942666,0.9926957862240621,0.001208835412961862,0.0010703737315165289,2.02370858787422,25
2024-06-29,0.9077619013194014,0.9927496812684846,0.09223809868059848,0.9926957862240621,0.0012181710863451312,0.0010900222555877098,2.98562974589456,25
2024-06-30,0.938454097919912,0.9927496812684846,0.061545902080087825,0.9926957862240621,0.0012034906230635814,0.0010591254369285536,1.453875077366793,25
2024-07-01,0.8840283625248594,0.9927496812684846,0.11597163747514037,0.9926957862240621,0.0012295218271663228,0.0011139140237077798,3.2463361473604415,25
2024-07-02,0.9381799866068733,0.9927496812684846,0.0618200133931265,0.9926957862240621,0.0012036217423983056,0.001059401375716566,2.639196276987266,25
2024-07-03,0.9462554609709195,0.9927496812684846,0.0537445390290804,0.9926957862240621,0.0011997588287723823,0.0010512720629058808,1.344163302921999,25
2024-07-04,0.8975064500707087,0.9927496812684846,0.10249354992929123,0.9926957862240621,0.001223075971982522,0.0011003460789889127,0.2949703951317143,25
2024-07-05,0.7281887597329396,0.9927496812684846,0.27181124026706033,0.9926957862240621,0.001304024913158959,0.0012707925948328177,2.6302545833365447,25
2024-07-06,0.7838906895494705,0.9927496812684846,0.2161093104505295,0.9926957862240621,0.0012774008412804127,0.0012147193053609995,1.8009778124745952,25
2024-07-07,0.6934183078482675,0.9927496812684846,0.3065816921517323,0.9926957862240621,0.0013206410958271717,0.0013057948581299238,1.11006848534505,25
2024-07-08,0.47314795521122943,0.9927496812684846,0.5268520447887703,0.9926957862240621,0.0014258474636883241,0.001527533732997605,2.746431239963859,25
2024-07-09,0.6011779005171006,0.9927496812684846,0.3988220994828992,0.9926957862240621,0.0013647092793124679,0.0013986502237934662,2.126118650205729,25
2024-07-10,0.5471065876006175,0.9927496812684846,0.45289341239938247,0.9926957862240621,0.001390534024743558,0.0014530820251919777,2.9301093260316007,25
2024-07-11,0.7079549125580077,0.9927496812684846,0.29204508744199226,0.9926957862240621,0.0013136946081562571,0.0012911613392103559,2.9126760816251727,25
2024-07-12,0.8108196226305865,0.9927496812684846,0.18918037736941332,0.9926957862240621,0.0012645272576134582,0.0011876108395538322,2.946860818255884,25
2024-07-13,0.8768817823029363,0.9927496812684846,0.12311821769706344,0.9926957862240621,0.001232939508482141,0.0011211082495243248,1.8717824215442502,25
2024-07-14,0.8265350869673657,0.9927496812684846,0.1734649130326342,0.9926957862240621,0.0012570136798206516,0.0011717906016582551,1.6939879530662323,25
2024-07-15,0.7347441988514497,0.9927496812684846,0.2652558011485501,0.9926957862240621,0.0013008919104621796,0.0012641934512031832,0.1444272120452118,25
2024-07-16,0.4121205585738404,0.9927496812684846,0.5878794414261596,0.9926957862240621,0.00145497820562946,0.0015889679936889512,2.857009550247745,25
2024-07-17,0.5882263792177953,0.9927496812684846,0.41177362078220464,0.9926957862240621,0.0013708955341698215,0.0014116880916969377,2.473381674452037,25
2024-07-18,0.6358151686255293,0.9927496812684846,0.36418483137447055,0.9926957862240621,0.0013481632228825103,0.0013637820321966195,3.0221760792115453,25
2024-07-19,0.7821512396352138,0.9927496812684846,0.21784876036478612,0.9926957862240621,0.0012782323481619515,0.0012164703520282354,0.8908223989101581,25
2024-07-20,0.5475256498285438,0.9927496812684846,0.45247435017145615,0.9926957862240621,0.0013903339011884115,0.0014526601691146278,2.936401973205176,25
2024-07-21,0.7059233833704979,0.9927496812684846,0.2940766166295021,0.9926957862240621,0.001314665424035931,0.0012932064124165608,2.712312603768594,25
2024-07-22,0.7735495205636472,0.9927496812684846,0.22645047943635271,0.9926957862240621,0.0012823441261126786,0.0012251294179716214,2.9203452980351368,25
2024-07-23,0.8535641180975834,0.9927496812684846,0.1464358819024164,0.9926957862240621,0.0012440899046553121,0.0011445813704574774,1.7876832110808234,25
2024-07-24,0.8478159055119043,0.9933292062206442,0.15218409448809553,0.9923986655652175,0.0010707198805461617,0.0009871042383187523,2.9021136535929988,26
2024-07-25,0.8982109404616435,0.9933292062206442,0.10178905953835633,0.9923986655652175,0.0010373247635840773,0.0009405112061335195,3.1311862251456786,26
2024-07-26,0.9396605591840842,0.9933292062206442,0.06033944081591569,0.9923986655652175,0.0010098542228671268,0.0009021887122385077,1.3235742331179878,26
2024-07-27,0.8818796949455285,0.9933292062206442,0.11812030505447141,0.9923986655652175,0.001048147413455953,0.0009556103572446595,3.191418734552901,26
2024-07-28,0.934140560987208,0.9933292062206442,0.06585943901279193,0.9923986655652175,0.0010135127453587182,0.000907292259719048,3.228031401207588,26
2024-07-29,0.9615086666150453,0.9933292062206442,0.038491333384954626,0.9923986655652175,0.000995373309834322,0.0008819889133152121,2.1896947224477077,26
2024-07-30,0.9533964484421388,0.9933292062206442,0.04660355155786121,0.9923986655652175,0.001000750178620702,0.000889489113340886,2.847646033178664,26
2024-07-31,0.9632755838012436,0.9933292062206442,0.03672441619875647,0.9923986655652175,0.0009942021624727109,0.0008803552994203658,1.91318387546846,26
2024-08-01,0.9476103260739224,0.9933292062206442,0.052389673926077615,0.9923986655652175,0.0010045852163932628,0.0008948387075221159,3.0844877495869434,26
2024-08-02,0.9647206271312863,0.9933292062206442,0.03527937286871376,0.9923986655652175,0.0009932443554476476,0.0008790192759320819,-0.3391532657966354,26
2024-08-03,0.8822585334912949,0.9933292062206442,0.11774146650870518,0.9923986655652175,0.0010478963638609294,0.000955260099792244,2.615987057000199,26
2024-08-04,0.9025987241691066,0.9933292062206442,0.09740127583089346,0.9923986655652175,0.0010344169194857352,0.0009364544543581205,0.7731311514205422,26
2024-08-05,0.7821441653055887,0.9933292062206442,0.21785583469441122,0.9923986655652175,0.0011142318474441605,0.001047821440085648,-0.5576476865151452,26
2024-08-06,0.4920039133115685,0.9933292062206442,0.5079960866884315,0.9923986655652175,0.0013063811301147238,0.0013160723523604658,1.7609946689424478,26
2024-08-07,0.34891467866811443,0.9933292062206442,0.6510853213318855,0.9923986655652175,0.001401090909824479,0.001448366363501681,2.3432181750617462,26
2024-08-08,0.37475903252270276,0.9933292062206442,0.6252409674772972,0.9923986655652175,0.00138398730001842,0.00142447181094994,-1.7111524871803987,26
2024-08-09,0.15894311283801804,0.9933292062206442,0.841056887161982,0.9923986655652175,0.001526777696699022,0.0016240057154701534,2.230328638340101,26
2024-08-10,0.15691869556059113,0.9933292062206442,0.8430813044394089,0.9923986655652175,0.0015281167359634182,0.0016258774026206347,2.673421873492906,26
2024-08-11,0.28419612772138597,0.9933292062206442,0.715803872278614,0.9923986655652175,0.001443916177048429,0.0015082022884147191,1.6268847624709655,26
2024-08-12,0.16522800674606694,0.9933292062206442,0.834771993253933,0.9923986655652175,0.0015226205448211172,0.0016181949790666456,2.587875394999188,26
2024-08-13,0.25665850808654506,0.9933292062206442,0.7433414919134549,0.9923986655652175,0.001462136074694302,0.0015336623600116627,2.331707515257061,26
2024-08-14,0.26332896248777865,0.9933292062206442,0.7366710375122213,0.9923986655652175,0.0014577227767570864,0.0015274951513388885,1.8674819202889112,26
2024-08-15,0.18176682670934063,0.9933292062206442,0.8182331732906594,0.9923986655652175,0.0015116805965236266,0.0016029039137538997,2.188537428351839,26
2024-08-16,0.16975898839676468,0.9933292062206442,0.8302410116032355,0.9923986655652175,0.0015196234787713406,0.0016140058327729246,2.236546229680025,26
2024-08-17,0.15452865198414384,0.9933292062206442,0.8454713480158562,0.9923986655652175,0.0015296976076395801,0.0016280871317614636,2.6043978941761896,26
2024-08-18,0.2514018714672244,0.9933292062206442,0.7485981285327755,0.9923986655652175,0.0014656139106351443,0.0015385224149641863,2.544469013519007,26
2024-08-19,0.3424814710187346,0.9933292062206442,0.6575185289812653,0.9923986655652175,0.0014053481834526325,0.001454314224265361,2.6616576625323436,26
2024-08-20,0.4600716088012079,0.9933292062206442,0.5399283911987921,0.9923986655652175,0.0013275199368442932,0.001345595556249177,2.845700691604109,26
2024-08-21,0.6216318559655597,0.9933292062206442,0.3783681440344402,0.9923986655652175,0.0012205510681112164,0.0011962240595632377,1.5493135779018237,26
2024-08-22,0.4475084787669819,0.9933292062206442,0.5524915212330181,0.9923986655652175,0.0013358361020365023,0.001357210873563983,2.559654070578981,26
2024-08-23,0.5327318666607098,0.9933292062206442,0.46726813333929,0.9923986655652175,0.001279417178584632,0.0012784170785199419,0.4057718655898885,26
2024-08-24,0.23709971941082209,0.9933292062206442,0.7629002805891779,0.9923986655652175,0.0014750760981717662,0.001551745555532432,2.7393705762065252,26
2024-08-25,0.3960658515616186,0.9933292062206442,0.6039341484383813,0.9923986655652175,0.0013698857397514458,0.0014047724634599495,2.787178126726137,26
2024-08-26,0.5489702515950521,0.9933292062206442,0.4510297484049478,0.9923986655652175,0.0012686657611168672,0.0012634037822173085,1.9727191941917903,26
2024-08-27,0.4776013853659199,0.9933292062206442,0.5223986146340801,0.9923986655652175,0.001315915648552961,0.0013293882960598714,0.49094188513939324,26
2024-08-28,0.2161775945197353,0.9933292062206442,0.7838224054802648,0.9923986655652175,0.0014889173759593108,0.001571089231737957,2.6112966852142856,26
2024-08-29,0.3295259126110488,0.9933292062206442,0.6704740873889512,0.9923986655652175,0.0014139215078055626,0.001466292363589384,2.8078225478838257,26
2024-08-30,0.5017788939800549,0.9933292062206442,0.49822110601994496,0.9923986655652175,0.0012999098603928806,0.001307034835284606,2.911856262937551,26
2024-08-31,0.6685499097938103,0.9933292062206442,0.3314500902061897,0.9923986655652175,0.0011894783131314402,0.0011528456911531677,3.0239737523112673,26
2024-09-01,0.7999026802450839,0.9933292062206442,0.20009731975491596,0.9923986655652175,0.0011024663582538184,0.0010314026984583617,1.638762523257941,26
2024-09-02,0.7098583475325619,0.9933292062206442,0.29014165246743795,0.9923986655652175,0.0011621175633776111,0.0011146537269844177,1.6136901951478662,26
2024-09-03,0.5695626477198074,0.9933292062206442,0.4304373522801926,0.9923986655652175,0.0012550309091387477,0.0012443649587227186,1.8442365548124091,26
2024-09-04,0.47050073415873844,0.9933292062206442,0.5294992658412615,0.9923986655652175,0.0013206161712902306,0.0013359532457729191,2.8496904919846595,26
2024-09-05,0.6259632980961414,0.9933292062206442,0.37403670190385874,0.9923986655652175,0.0012176826106392968,0.001192219398731076,1.4113135672322756,26
2024-09-06,0.4495822572002306,0.9933292062206442,0.5504177427997695,0.9923986655652175,0.0013344633827878255,0.0013552935492604724,1.1839817041335179,26
2024-09-07,0.24198135901987838,0.9933292062206442,0.7580186409801216,0.9923986655652175,0.0014718464844001731,0.0015472322063176073,2.7353111272177157,26
2024-09-08,0.3961311969078534,0.9933292062206442,0.6038688030921465,0.9923986655652175,0.0013698424908379228,0.001404712048027689,2.5279642654032126,26
2024-09-09,0.4637492807369604,0.9933292062206442,0.5362507192630395,0.9923986655652175,0.0013250854504797895,0.0013421953425765375,1.3341413190114304,26
2024-09-10,0.2516097313699338,0.9933292062206442,0.7483902686300663,0.9923986655652175,0.0014654763896350994,0.0015383302368429368,2.6471213674168603,26
2024-09-11,0.36950058539239633,0.9933292062206442,0.6304994146076037,0.9923986655652175,0.0013874673955104344,0.0014293335398212676,2.794734734181948,26
2024-09-12,0.5349794959364269,0.9933292062206442,0.4650205040635731,0.9923986655652175,0.0012779290525017197,0.0012763390193760522,2.670830128322707,26
2024-09-13,0.6283353357673352,0.9933292062206442,0.3716646642326647,0.9923986655652175,0.00121611173704798,0.0011900263170580745,1.1795455292066905,26
2024-09-14,0.3933912638291341,0.9933292062206442,0.6066087361708659,0.9923986655652175,0.001371655913312114,0.0014072452696089316,2.6760221963961692,26
2024-09-15,0.5193226106314709,0.9933292062206442,0.48067738936852916,0.9923986655652175,0.0012882950929708635,0.0012908146867044283,2.4537396563006415,26
2024-09-16,0.5687784394948713,0.9933292062206442,0.43122156050512866,0.9923986655652175,0.001255550170541565,0.0012450900031462577,2.427935431898134,26
2024-09-17,0.6076963810399939,0.9933292062206442,0.39230361896000604,0.9923986655652175,0.0012297794898377152,0.00120910818658827,1.5330855947936066,26
2024-09-18,0.42815458372137905,0.9933292062206442,0.5718454162786211,0.9923986655652175,0.0013486468867839915,0.0013751046334486371,2.401546317883785,26
2024-09-19,0.4538423230550042,0.9933292062206442,0.5461576769449957,0.9923986655652175,0.0013316434468983135,0.0013513548797927234,1.9528541352741413,26
2024-09-20,0.35378487290074856,0.9933292062206442,0.6462151270992513,0.9923986655652175,0.0013978679371914723,0.001443863596178357,2.842023450149505,26
2024-09-21,0.5341390656381084,0.9933292062206442,0.4658609343618914,0.9923986655652175,0.0012784854914721132,0.0012771160442551508,2.9654794897790753,26
2024-09-22,0.7011238802710517,0.9933292062206442,0.29887611972894823,0.9923986655652175,0.0011679031033907667,0.001122729231141569,3.0755990728326874,26
2024-09-23,0.8253569047347276,0.9933292062206442,0.17464309526527225,0.9923986655652175,0.0010856013162531435,0.001007868842353709,3.098126300000476,26
2024-09-24,0.8990857507974609,0.9933292062206442,0.10091424920253902,0.9923986655652175,0.0010367450174718726,0.0009397023949842991,2.5756208452702087,26
2024-09-25,0.9106387626793045,0.9933292062206442,0.08936123732069534,0.9923986655652175,0.001029088590912346,0.000929020988473043,2.1299478229430338,26
2024-09-26,0.8969705220963675,0.9933292062206442,0.10302947790363239,0.9923986655652175,0.0010381467997824417,0.0009416580423818545,1.46953176960323,26
2024-09-27,0.8201928389452917,0.9933292062206442,0.1798071610547082,0.9923986655652175,0.0010890229277150882,0.0010126433103895744,2.861433563878871,26
2024-09-28,0.8744375237281372,0.9933292062206442,0.1255624762718628,0.9923986655652175,0.001053079158766272,0.0009624910613339762,3.19351028251724,26
2024-09-29,0.9306466436322707,0.9933292062206442,0.06935335636772916,0.9923986655652175,0.0010158284031119564,0.0009105225819905473,3.191474523203645,26
2024-09-30,0.9589445505349202,0.9933292062206442,0.04105544946507969,0.9923986655652175,0.000997072846763679,0.0008843595822346224,0.9202022950970382,26
2024-10-01,0.9057226654015387,0.9933292062206442,0.09427733459846137,0.9923986655652175,0.001032346620971399,0.0009335661957323919,0.8506075119385393,26
2024-10-02,0.7941909019188395,0.9933292062206442,0.20580909808116055,0.9923986655652175,0.001106250622360194,0.0010366835574091504,3.1044453792566062,26
2024-10-03,0.8823296682419125,0.9933292062206442,0.11767033175808747,0.9923986655652175,0.0010478492240941347,0.0009551943317313956,3.1995676997635627,26
2024-10-04,0.9348364754018684,0.9933292062206442,0.06516352459813142,0.9923986655652175,0.0010130515128353205,0.0009066488478680038,2.1969667988907373,26
2024-10-05,0.9231238543030985,0.9933292062206442,0.07687614569690138,0.9923986655652175,0.0010208141987524187,0.0009174778220392232,3.217770073408091,26
2024-10-06,0.955908600643394,0.9933292062206442,0.04409139935660604,0.9923986655652175,0.0009990851081164765,0.0008871664879377283,2.8334240455193336,26
2024-10-07,0.9638304241529502,0.9933292062206442,0.03616957584704983,0.9923986655652175,0.0009938344023055934,0.000879842318441376,3.0850978372316114,26
2024-10-08,0.9739280963952387,0.9933292062206442,0.02607190360476131,0.9923986655652175,0.0009871413551325368,0.0008705064549331931,3.1437845849789987,26
2024-10-09,0.9799844867162388,0.9933292062206442,0.02001551328376116,0.9923986655652175,0.0009831269100592061,0.0008649069828932564,1.771449986102293,26
2024-10-10,0.966033851315657,0.9933292062206442,0.033966148684342966,0.9923986655652175,0.0009923739180030412,0.0008778051266265036,3.06021683697315,26
2024-10-11,0.9747576840383217,0.9933292062206442,0.02524231596167819,0.9923986655652175,0.0009865914712244488,0.0008697394546961023,1.0238371978529848,26
2024-10-12,0.938004547053667,0.9933292062206442,0.06199545294633292,0.9923986655652175,0.0010109517934825995,0.0009037197881980465,2.851523029978429,26
2024-10-13,0.9523924320922866,0.9933292062206442,0.0476075679077133,0.9923986655652175,0.0010014156440443837,0.0008904173826862651,3.0286575344529303,26
2024-10-14,0.9666155936780999,0.9933292062206442,0.03338440632190004,0.9923986655652175,0.0009919883238456316,0.0008772672732319411,0.0918583200391685,26
2024-10-15,0.8900683832407101,0.9933292062206442,0.10993161675928975,0.9923986655652175,0.0010427208600781658,0.0009480394563082326,2.7784374020680493,26
2024-10-16,0.9161703385133989,0.9933292062206442,0.083829661486601,0.9923986655652175,0.0010254226172379502,0.000923906736818489,2.900450969540715,26
2024-10-17,0.9400076883109116,0.9933292062206442,0.059992311689088314,0.9923986655652175,0.0010096241522615475,0.0009018677719197872,3.1210707521160383,26
2024-10-18,0.9619579124127164,0.9933292062206442,0.03804208758728348,0.9923986655652175,0.0009950755414155797,0.0008815735604152519,2.606187311917032,26
2024-10-19,0.9629599249819356,0.9933292062206442,0.03704007501806436,0.9923986655652175,0.0009944113877200472,0.0008806471436772896,3.23826794500709,26
2024-10-20,0.975671305523631,0.9933292062206442,0.024328694476368866,0.9923986655652175,0.000985985884959471,0.0008688947604655577,2.997700217547931,26
2024-10-21,0.9790907771445296,0.9933292062206442,0.020909222855470325,0.9923986655652175,0.0009837193044861582,0.0008657332674445108,1.8952291317979693,26
2024-10-22,0.9669567562540213,0.9933292062206442,0.03304324374597859,0.9923986655652175,0.0009917621920370037,0.0008769518493236898,3.242647670278333,26
2024-10-23,0.980653393253108,0.9944526953767616,0.01934660674689191,0.9931946133943611,0.0010093086130586776,0.00026943561764239973,2.804375103453747,27
2024-10-24,0.9815704804747767,0.9944526953767616,0.018429519525223273,0.9931946133943611,0.0010087390640864946,0.0002681185289817413,2.066942294907569,27
2024-10-25,0.9723100303763239,0.9944526953767616,0.027689969623675967,0.9931946133943611,0.0010144900260048377,0.00028141806421577687,1.583751355943907,27
2024-10-26,0.9530071776418356,0.9944526953767616,0.04699282235816441,0.9931946133943611,0.0010264764239426964,0.00030914014762753505,2.8388607306904823,27
2024-10-27,0.9625947181914094,0.9944526953767616,0.03740528180859046,0.9931946133943611,0.0010205230879571803,0.00029537085650332615,2.6379654153513385,27
2024-10-28,0.9647906522985377,0.9944526953767616,0.03520934770146223,0.9931946133943611,0.0010191594801407453,0.00029221713257858385,1.6888963562360735,27
2024-10-29,0.940506370988113,0.9944526953767616,0.05949362901188709,0.9931946133943611,0.0010342381686159982,0.0003270933698551275,0.8460276362570034,27
2024-10-30,0.8556031582157178,0.9944526953767616,0.14439684178428222,0.9931946133943611,0.001086937474188067,0.00044902840084654343,3.139722554062105,27
2024-10-31,0.9185049771809009,0.9944526953767616,0.08149502281909922,0.9931946133943611,0.0010478972574678256,0.0003586910037742176,1.5156115491231388,27
2024-11-01,0.8695676290776856,0.9944526953767616,0.13043237092231427,0.9931946133943611,0.0010782717898574984,0.0004289731151661597,2.702194004501829,27
2024-11-02,0.8999683599093463,0.9944526953767616,0.10003164009065363,0.9931946133943611,0.0010594037649528157,0.0003853126465563608,3.155504201451564,27
2024-11-03,0.9427788813684957,0.9944526953767616,0.05722111863150417,0.9931946133943611,0.0010328272159861054,0.000323829669759312,3.039701292590911,27
2024-11-04,0.9623921725205705,0.9944526953767616,0.03760782747942955,0.9931946133943611,0.001020648861612555,0.00029566174552677396,2.6270290507039227,27
2024-11-05,0.9658978941796331,0.9944526953767616,0.03410210582036687,0.9931946133943611,0.0010184719093050553,0.0002906269504326115,1.7941373084837595,27
2024-11-06,0.9455002682899903,0.9944526953767616,0.054499731710009554,0.9931946133943611,0.0010311375375724307,0.0003199213088413142,-1.4104959978033205,27
2024-11-07,0.813273540498533,0.9944526953767616,0.186726459501467,0.9931946133943611,0.0011132003003581396,0.0005098207204733206,3.1174117191654385,27
2024-11-08,0.8927247360388587,0.9944526953767616,0.10727526396114127,0.9931946133943611,0.00106389982112792,0.0003957156863506953,3.0489450848991084,27
2024-11-09,0.932881118558686,0.9944526953767616,0.06711888144131385,0.9931946133943611,0.001038972367545994,0.0003380444912666581,3.1773696086307632,27
2024-11-10,0.96002987367493,0.9944526953767616,0.03997012632507001,0.9931946133943611,0.0010221157526523182,0.0002990543966827006,0.4194510932806592,27
2024-11-11,0.8831312108603997,0.9944526953767616,0.11686878913960028,0.9931946133943611,0.001069854108041525,0.00040949357239004034,-1.830984614696942,27
2024-11-12,0.6750458217349554,0.9944526953767616,0.32495417826504464,0.9931946133943611,0.0011989102999910154,0.0007083385458999412,2.8224834447668896,27
2024-11-13,0.7737692940109001,0.9944526953767616,0.2262307059890999,0.9931946133943611,0.0011377034961590226,0.0005665553405480064,1.8555344208132425,27
2024-11-14,0.6924256531054073,0.9944526953767616,0.30757434689459273,0.9931946133943611,0.0011881380283768116,0.0006833782386561774,1.2780276128974883,27
2024-11-15,0.519409238354533,0.9944526953767616,0.4805907616454668,0.9931946133943611,0.0012953205719666405,0.0009318583751055106,1.1093811734598402,27
2024-11-16,0.2730679161182782,0.9944526953767616,0.7269320838817217,0.9931946133943611,0.001447714344716199,0.0012856451845854736,2.6962780183351227,27
2024-11-17,0.4142677794530816,0.9944526953767616,0.5857322205469183,0.9931946133943611,0.0013603947001135104,0.0010828588688559606,2.6905674036516194,27
2024-11-18,0.5411378166154993,0.9944526953767616,0.4588621833845006,0.9931946133943611,0.0012818666392871514,0.0009006525493524507,2.7776488016234335,27
2024-11-19,0.6562679827793364,0.9944526953767616,0.34373201722066377,0.9931946133943611,0.0012105476765788689,0.0007353066228459022,2.3572421304573083,27
2024-11-20,0.6578254458860439,0.9944526953767616,0.3421745541139561,0.9931946133943611,0.001209582509821479,0.0007330698486887982,2.2273869594297406,27
2024-11-21,0.6309443329394872,0.9944526953767616,0.36905566706051285,0.9931946133943611,0.0012262394500413296,0.000771675564929584,0.9240230102652107,27
2024-11-22,0.3635371888240699,0.9944526953767616,0.6364628111759301,0.9931946133943611,0.0013917765561454996,0.0011557163725778056,2.8275234608359625,27
2024-11-23,0.5315466983003511,0.9944526953767616,0.46845330169964894,0.9931946133943611,0.0012878055219778925,0.0009144269787387106,2.598357970266732,27
2024-11-24,0.6172161936535684,0.9944526953767616,0.38278380634643155,0.9931946133943611,0.001234744971606677,0.0007913914394486131,3.017179363806297,27
2024-11-25,0.763526166534352,0.9944526953767616,0.23647383346564793,0.9931946133943611,0.0011440559230670865,0.0005812661627362099,0.5241932806793529,27
2024-11-26,0.5289631310752083,0.9944526953767616,0.47103686892479163,0.9931946133943611,0.0012894052186903187,0.0009181374078188291,2.4270803989027345,27
2024-11-27,0.5730410341244124,0.9944526953767616,0.42695896587558757,0.9931946133943611,0.00126210922957192,0.0008548342618148088,1.0699554646671405,27
2024-11-28,0.3189435058186128,0.9944526953767616,0.681056494181387,0.9931946133943611,0.001419353363988015,0.0012197602637538493,2.80006728020398,27
2024-11-29,0.48974908010082324,0.9944526953767616,0.5102509198991767,0.9931946133943611,0.0013136824481125309,0.0009744552592254516,2.4051961780557605,27
2024-11-30,0.5082115839022471,0.9944526953767616,0.491788416097753,0.9931946133943611,0.0013022531914684615,0.0009479400556224888,2.721970349836817,27
2024-12-01,0.6276709170346093,0.9944526953767616,0.37232908296539075,0.9931946133943611,0.0012282676257477773,0.0007763767306072491,2.77659823269298,27
2024-12-02,0.722391854694327,0.9944526953767616,0.27760814530567296,0.9931946133943611,0.0011695616155746602,0.0006403418257793733,2.321832019186244,27
2024-12-03,0.732058230156892,0.9944526953767616,0.26794176984310797,0.9931946133943611,0.0011635685216891604,0.0006264593147045302,3.08425562264548,27
2024-12-04,0.8433373746303691,0.9944526953767616,0.1566626253696309,0.9931946133943611,0.001094548370643933,0.00046664409114583643,1.569620295019602,27
2024-12-05,0.7463190648330473,0.9944526953767616,0.2536809351669526,0.9931946133943611,0.0011547261872929047,0.0006059784016575527,2.188069534867969,27
2024-12-06,0.7342309860059539,0.9944526953767616,0.265769013994046,0.9931946133943611,0.0011622213732456462,0.0006233388785850824,1.606625761580905,27
2024-12-07,0.5971731273932848,0.9944526953767616,0.4028268726067151,0.9931946133943611,0.0012471616263897858,0.0008201765916920544,3.02192231738847,27
2024-12-08,0.7527143159667533,0.9944526953767616,0.24728568403324674,0.9931946133943611,0.0011507605824761147,0.0005967937651788746,2.93273008655765,27
2024-12-09,0.8364679600244103,0.9944526953767616,0.16353203997558965,0.9931946133943611,0.0010988105588210111,0.0004765097046546671,1.230039227375335,27
2024-12-10,0.7169341052576357,0.9944526953767616,0.2830658947423644,0.9931946133943611,0.0011729452167169043,0.0006481800550403833,2.9887072130202417,27
2024-12-11,0.8248310108439428,0.9944526953767616,0.17516898915605728,0.9931946133943611,0.001106030361196108,0.0004932222849285104,0.688406704999397,27
2024-12-12,0.6100954703559568,0.9944526953767616,0.3899045296440431,0.9931946133943611,0.001239156440681551,0.0008016179737295145,2.647204034787348,27
2024-12-13,0.6932269050003543,0.9944526953767616,0.3067730949996456,0.9931946133943611,0.001187641370781735,0.0006822275086490078,2.7243149226951786,27
2024-12-14,0.762675561909497,0.9944526953767616,0.23732443809050296,0.9931946133943611,0.001144583418634766,0.0005824877714116223,3.124411964512274,27
2024-12-15,0.8658034219479559,0.9944526953767616,0.134196578052044,0.9931946133943611,0.0010806077563949598,0.0004343791380719376,1.4823640709176593,27
2024-12-16,0.7703784145206726,0.9944526953767616,0.22962158547932737,0.9931946133943611,0.0011398064481195375,0.0005714252033273744,2.7219726461689464,27
2024-12-17,0.8217128114327383,0.9944526953767616,0.17828718856726167,0.9931946133943611,0.0011079648612824175,0.0004977005340951455,3.1436773033111427,27
2024-12-18,0.8996356231058377,0.9944526953767616,0.10036437689416242,0.9931946133943611,0.0010596102966201947,0.0003857905115407707,-0.0006975423982338302,27
2024-12-19,0.7374680738624322,0.9944526953767616,0.26253192613756765,0.9931946133943611,0.0011602142833329748,0.0006186898859826498,1.691121847468493,27
2024-12-20,0.6433749572103022,0.9944526953767616,0.35662504278969775,0.9931946133943611,0.001218537157118211,0.0007538231361909003,3.0480617320484273,27
2024-12-21,0.7865372584705846,0.9944526953767616,0.21346274152941544,0.9931946133943611,0.0011297846482832663,0.0005482184356035199,3.0377130961085994,27
2024-12-22,0.8722805830376806,0.9944526953767616,0.1277194169623194,0.9931946133943611,0.0010765881667518496,0.0004250768653731505,2.174167080729718,27
2024-12-23,0.8619597254906368,0.9944526953767616,0.13804027450936313,0.9931946133943611,0.0010829929915741568,0.0004398993207757562,3.1305848050256397,27
2024-12-24,0.9214366548768144,0.9944526953767616,0.07856334512318575,0.9931946133943611,0.0010460773041734751,0.00035448063058532127,0.8635871364406045,27
2024-12-25,0.8153437354401228,0.9944526953767616,0.1846562645598771,0.9931946133943611,0.0011119160484285356,0.0005068475787497236,3.0492670622045197,27
2024-12-26,0.8878350534291161,0.9944526953767616,0.1121649465708839,0.9931946133943611,0.001066934683469707,0.00040273807786084324,1.018023220795257,27
2024-12-27,0.7810911739236097,0.9944526953767616,0.2189088260763903,0.9931946133943611,0.0011331624588417494,0.0005560399121570334,2.536536995751913,27
2024-12-28,0.8151225616335516,0.9944526953767616,0.18487743836644832,0.9931946133943611,0.0011120532551371245,0.0005071652208515726,2.895227849027228,27
2024-12-29,0.8733916388724496,0.9944526953767616,0.12660836112755047,0.9931946133943611,0.001075898651530849,0.0004234812057600223,2.3577031618652216,27
2024-12-30,0.8779595673948696,0.9944526953767616,0.12204043260513045,0.9931946133943611,0.0010730637663759163,0.0004169209062406035,2.8632890179382633,27
2024-12-31,0.9158955922748508,0.9944526953767616,0.08410440772514899,0.9931946133943611,0.001049517105118023,0.0003624385113065964,2.948066566817423,27
2025-01-01,0.9420960233110248,0.9944526953767616,0.05790397668897515,0.9931946133943611,0.0010332511900494805,0.00032481036666914126,2.840275221746246,27
2025-01-02,0.9552132035706539,0.9944526953767616,0.04478679642934612,0.9931946133943611,0.0010251066366164143,0.0003059719301806944,1.8424244715323863,27
2025-01-03,0.9322097971242435,0.9944526953767616,0.06779020287575649,0.9931946133943611,0.0010393891513375375,0.00033900861968113173,2.7300731574398145,27
2025-01-04,0.9443132589580119,0.9944526953767616,0.0556867410419882,0.9931946133943611,0.0010318745420213017,0.0003216260502162952,3.22474683296161,27
2025-01-05,0.9671382211323121,0.9944526953767616,0.03286177886768777,0.9931946133943611,0.001017701689804059,0.0002888456361516095,3.23003341152279,27
2025-01-06,0.9784159517997714,0.9944526953767616,0.021584048200228426,0.9931946133943611,0.0010106981418834305,0.0002726489529691257,0.9218285119886926,27
2025-01-07,0.944202277894846,0.9944526953767616,0.055797722105153984,0.9931946133943611,0.0010319434489644975,0.0003217854373458831,0.04547916718820444,27
2025-01-08,0.8433646105872374,0.9944526953767616,0.15663538941276253,0.9931946133943611,0.001094531471469635,0.00046660497581513943,2.180161087425695,27
2025-01-09,0.8326750232249884,0.9944526953767616,0.16732497677501154,0.9931946133943611,0.0011011638361098296,0.0004819569881093677,1.594054480437963,27
2025-01-10,0.7539739036020764,0.9944526953767616,0.2460260963979236,0.9931946133943611,0.001149979510103369,0.0005949847893776729,1.8781815118851959,27
2025-01-11,0.6713412962799027,0.9944526953767616,0.32865870372009737,0.9931946133943611,0.0012012062575076689,0.0007136588560674879,3.058378367062255,27
2025-01-12,0.8053866742977249,0.9944526953767616,0.1946133257022751,0.9931946133943611,0.0011180927805861597,0.0005211475624527723,3.1216765868497767,27
2025-01-13,0.8899288103491019,0.9944526953767616,0.1100711896508981,0.9931946133943611,0.0010656351707002388,0.0003997310972462066,3.1978580565857637,27
2025-01-14,0.9390562600432838,0.9944526953767616,0.06094373995671608,0.9931946133943611,0.0010351385000584112,0.00032917596858402035,2.0039572804202166,27
2025-01-15,0.9183267995729867,0.9944526953767616,0.08167320042701319,0.9931946133943611,0.0010480078670257545,0.00035894689623615784,1.060057296067221,27
2025-01-16,0.8232958860058068,0.9944526953767616,0.17670411399419297,0.9931946133943611,0.0011069827424810097,0.0004954269776439152,3.1441622635252653,27
2025-01-17,0.9012997687096096,0.9944526953767616,0.0987002312903904,0.9931946133943611,0.0010585773472040962,0.0003834005237046903,0.7352208917932447,27
2025-01-18,0.7629513765110506,0.9944526953767616,0.2370486234889494,0.9931946133943611,0.0011444123747708721,0.0005820916561070286,3.123767727794795,27
2025-01-19,0.8658406267703808,0.9944526953767616,0.13415937322961924,0.9931946133943611,0.0010805846683605734,0.0004343257058044502,1.2594281151370437,27
2025-01-20,0.7663316214986635,0.9944526953767616,0.23366837850133643,0.9931946133943611,0.001142316121741293,0.0005772370662291626,2.4975591199713607,27
2025-01-21,0.787009761886172,0.9944526953767616,0.212990238113828,0.9931946133943611,0.0011294915829762895,0.0005475398426888129,1.443543871205731,27
2025-01-22,0.7768410166649369,0.9958656327466912,0.2231589833350631,0.9933097324787366,0.0010593231828776673,0.0004774744569711853,2.160884735057604,28
2025-01-23,0.7555742668053615,0.9958656327466912,0.2444257331946384,0.9933097324787366,0.0010731367282245093,0.0004776408144906257,3.050084927225115,28
2025-01-24,0.8496860043052198,0.9958656327466912,0.15031399569478027,0.9933097324787366,0.0010120076525016227,0.0004769046326431838,3.068375737297892,28
2025-01-25,0.9082426862791785,0.9958656327466912,0.09175731372082144,0.9933097324787366,0.0009739729079199054,0.0004764465774902255,3.1572611666376935,28
2025-01-26,0.9462152712355356,0.9958656327466912,0.053784728764464246,0.9933097324787366,0.0009493083003231389,0.0004761495398572166,2.2404541432052767,28
2025-01-27,0.9403991519688928,0.9958656327466912,0.0596008480311071,0.9933097324787366,0.0009530860863244654,0.0004761950360040353,2.9158541467673182,28
2025-01-28,0.9573275236059338,0.9958656327466912,0.04267247639406609,0.9933097324787366,0.0009420904786811706,0.000476062615115451,2.9927300361191964,28
2025-01-29,0.9698505753286556,0.9958656327466912,0.030149424671344405,0.9933097324787366,0.0009339562903153813,0.000475964654503972,1.7519271756070554,28
2025-01-30,0.9540077900876662,0.9958656327466912,0.04599220991233367,0.9933097324787366,0.0009442467692019961,0.00047608858347624654,2.908775751978672,28
2025-01-31,0.9660034773139577,0.9958656327466912,0.033996522686042106,0.9933097324787366,0.0009364551237173071,0.0004759947481330876,1.744595607581973,28
2025-02-01,0.9485279399343084,0.9958656327466912,0.05147206006569151,0.9933097324787366,0.0009478061359000797,0.00047613144918372133,2.4727018974347255,28
2025-02-02,0.9503251272334222,0.9958656327466912,0.04967487276657766,0.9933097324787366,0.0009466387958375881,0.00047611739082393313,1.3339395049445815,28
2025-02-03,0.910647980858815,0.9958656327466912,0.08935201914118483,0.9933097324787366,0.0009724105795498255,0.0004764277622578823,0.8097408476947718,28
2025-02-04,0.8106177497821626,0.9958656327466912,0.18938225021783728,0.9933097324787366,0.0010373839378081012,0.00047721024106733124,1.1187426854417026,28
2025-02-05,0.6660171467848022,0.9958656327466912,0.33398285321519794,0.9933097324787366,0.0011313074093953278,0.0004783413681922129,2.606415441601328,28
2025-02-06,0.7207749826399684,0.9958656327466912,0.2792250173600317,0.9933097324787366,0.0010957401580147421,0.00047791302922161596,3.0604046391881066,28
2025-02-07,0.8293561285329577,0.9958656327466912,0.17064387146704224,0.9933097324787366,0.0010252126634510731,0.0004770636615369422,3.106827682576085,28
2025-02-08,0.8989994073181322,0.9958656327466912,0.10100059268186781,0.9933097324787366,0.0009799767616930845,0.00047651888233086223,3.145632700742583,28
2025-02-09,0.9406649294798562,0.9958656327466912,0.05933507052014367,0.9933097324787366,0.0009529134539361273,0.0004761929569798431,3.1381618445905572,28
2025-02-10,0.9634075546628874,0.9958656327466912,0.03659244533711256,0.9933097324787366,0.0009381412721337476,0.0004760150545388969,2.8708089127619245,28
2025-02-11,0.9714533797431225,0.9958656327466912,0.028546620256877483,0.9933097324787366,0.0009329152091694425,0.00047595211668938827,2.4787544698569812,28
2025-02-12,0.970733158838846,0.9958656327466912,0.029266841161153915,0.9933097324787366,0.0009333830194634794,0.000475957750562165,2.266717295602717,28
2025-02-13,0.9661706530075926,0.9958656327466912,0.033829346992407194,0.9933097324787366,0.0009363465368797729,0.00047599344041404786,2.7224793154629965,28
2025-02-14,0.970744205617953,0.9958656327466912,0.02925579438204693,0.9933097324787366,0.0009333758441691342,0.0004759576641495828,2.972898886995969,28
2025-02-15,0.9777838735895866,0.9958656327466912,0.022216126410413307,0.9933097324787366,0.0009288033177037872,0.0004759025968868756,3.1892632135370356,28
2025-02-16,0.984228467527844,0.9958656327466912,0.015771532472155982,0.9933097324787366,0.0009246173139750217,0.0004758521845451474,2.6035794391146636,28
2025-02-17,0.9831383104082635,0.9958656327466912,0.01686168959173653,0.9933097324787366,0.0009253254116167857,0.00047586071221559123,3.132440048746741,28
2025-02-18,0.986643952285734,0.9958656327466912,0.013356047714265924,0.9933097324787366,0.0009230483666823584,0.0004758332896009165,3.146156031697249,28
2025-02-19,0.988640390464366,0.9958656327466912,0.011359609535633908,0.9933097324787366,0.0009217516057459025,0.00047581767261640746,2.789990566453438,28
2025-02-20,0.9878428598366397,0.9958656327466912,0.012157140163360211,0.9933097324787366,0.0009222696315855446,0.00047582391123856567,2.4313188474030767,28
2025-02-21,0.9848126872817944,0.9958656327466912,0.015187312718205509,0.9933097324787366,0.000924237841491029,0.0004758476145309366,1.9002538721349975,28
2025-02-22,0.9764874673508706,0.9958656327466912,0.023512532649129454,0.9933097324787366,0.0009296453818271897,0.00047591273792523285,3.107203059171928,28
2025-02-23,0.9827450637908149,0.9958656327466912,0.01725493620918497,0.9933097324787366,0.0009255808399375355,0.0004758637883570909,3.0931099272456826,28
2025-02-24,0.9861403538423202,0.9958656327466912,0.013859646157679706,0.9933097324787366,0.000923375472623286,0.0004758372289611099,0.4551068128949094,28
2025-02-25,0.9613062107104711,0.9958656327466912,0.03869378928952895,0.9933097324787366,0.0009395061732700486,0.0004760314921407741,1.1766864146809612,28
2025-02-26,0.9241294656801106,0.9958656327466912,0.07587053431988937,0.9933097324787366,0.0009636538532773136,0.0004763223043770095,-0.03515342624151796,28
2025-02-27,0.7988827919509406,0.9958656327466912,0.20111720804905947,0.9933097324787366,0.0010450062296200797,0.00047730203687479746,2.9652366842084588,28
2025-02-28,0.8685148073883256,0.9958656327466912,0.13148519261167424,0.9933097324787366,0.0009997776440854422,0.00047675734577539146,3.0668582885983975,28
2025-03-01,0.9193100530449482,0.9958656327466912,0.08068994695505183,0.9933097324787366,0.0009667842412007698,0.00047636000386265916,2.361191556936087,28
2025-03-02,0.9188836875811078,0.9958656327466912,0.08111631241889206,0.9933097324787366,0.000967061181442115,0.0004763633390737942,-1.6998102930381416,28
2025-03-03,0.7768046032654717,0.9958656327466912,0.22319539673452826,0.9933097324787366,0.0010593468347355709,0.0004774747418122094,-1.2869856933446375,28
2025-03-04,0.5162747817633284,0.9958656327466912,0.48372521823667153,0.9933097324787366,0.0012285706440221381,0.0004795127163561122,2.682317386362505,28
2025-03-05,0.6097275583892928,0.9958656327466912,0.3902724416107072,0.9933097324787366,0.0011678695906496036,0.00047878168917955854,1.3620987342940285,28
2025-03-06,0.4336705965175011,0.9958656327466912,0.5663294034824989,0.9933097324787366,0.001282225133008671,0.00048015888125877175,2.838781311682566,28
2025-03-07,0.5812904311073299,0.9958656327466912,0.4187095688926699,0.9933097324787366,0.001186340562340314,0.00047900413642635816,1.1096612642350352,28
2025-03-08,0.37051879500392787,0.9958656327466912,0.6294812049960721,0.9933097324787366,0.0013232445750887532,0.0004806528813818448,2.7995830637437713,28
2025-03-09,0.516747361449663,0.9958656327466912,0.48325263855033695,0.9933097324787366,0.0012282636859461196,0.0004795090196377667,0.006485253826501558,28
2025-03-10,0.24971309821555596,0.9958656327466912,0.750286901784444,0.9933097324787366,0.001401712363460764,0.0004815978746781731,2.2336184119609452,28
2025-03-11,0.2369650271409836,0.9958656327466912,0.7630349728590163,0.9933097324787366,0.0014099927091500717,0.00048169759548627125,1.2066901522771427,28
2025-03-12,0.11231837971273005,0.9958656327466912,0.88768162028727,0.9933097324787366,0.0014909553355993983,0.0004826726343243473,2.5397897670242537,28
2025-03-13,0.16669594725066464,0.9958656327466912,0.8333040527493354,0.9933097324787366,0.0014556350863228417,0.0004822472699734921,1.8700016518611036,28
2025-03-14,0.11076606900689187,0.9958656327466912,0.8892339309931081,0.9933097324787366,0.0014919636190382948,0.00048268477715576855,1.7107609324020767,28
2025-03-15,0.0644873092255169,0.9958656327466912,0.9355126907744832,0.9933097324787366,0.0015220233916562937,0.0004830467892041938,2.606048374557104,28
2025-03-16,0.12059394851607615,0.9958656327466912,0.879406051483924,0.9933097324787366,0.001485580046394597,0.0004826078993221879,2.1880868191969065,28
2025-03-17,0.10874904662468123,0.9958656327466912,0.8912509533753188,0.9933097324787366,0.0014932737499647481,0.0004827005551586311,2.345249655536487,28
2025-03-18,0.12075016281195686,0.9958656327466912,0.8792498371880432,0.9933097324787366,0.0014854785794091963,0.0004826066773478413,2.3846260663603673,28
2025-03-19,0.1406938652896939,0.9958656327466912,0.8593061347103063,0.9933097324787366,0.0014725244041170823,0.0004824506692650566,1.184300524045916,28
2025-03-20,0.06321705102406981,0.9958656327466912,0.9367829489759303,0.9933097324787366,0.0015228484715139,0.00048305672570153526,1.8995789905401894,28
2025-03-21,0.04387110126049622,0.9958656327466912,0.9561288987395038,0.9933097324787366,0.0015354143840401885,0.00048320805790956603,2.5928559315437036,28
2025-03-22,0.08639445803559187,0.9958656327466912,0.9136055419644081,0.9933097324787366,0.001507793885214494,0.00048287542221308694,2.618049726814844,28
2025-03-23,0.15478286202907843,0.9958656327466912,0.8452171379709217,0.9933097324787366,0.0014633730775647086,0.0004823404591688056,2.1960822457401137,28
2025-03-24,0.14044616530835155,0.9958656327466912,0.8595538346916486,0.9933097324787366,0.0014726852944526507,0.00048245260687915996,2.354571808807196,28
2025-03-25,0.1551311707623273,0.9958656327466912,0.8448688292376728,0.9933097324787366,0.0014631468381083228,0.00048233773455045795,2.6869121359755566,28
2025-03-26,0.2639141417847557,0.9958656327466912,0.7360858582152442,0.9933097324787366,0.0013924882581421976,0.00048148678810419084,2.686841636735732,28
2025-03-27,0.3809610851395625,0.9958656327466912,0.6190389148604376,0.9933097324787366,0.0013164619195981876,0.0004805711973682691,2.8244826444013884,28
2025-03-28,0.5331745425204996,0.9958656327466912,0.4668254574795006,0.9933097324787366,0.0012175936210877438,0.00047938051927394113,1.5295261532553754,28
2025-03-29,0.37664995794043515,0.9958656327466912,0.6233500420595649,0.9933097324787366,0.0013192621569220666,0.00048060492083008507,2.1709194019651905,28
2025-03-30,0.3455557324155451,0.9958656327466912,0.6544442675844551,0.9933097324787366,0.0013394590118418464,0.00048084815302406865,2.8006659291259592,28
2025-03-31,0.49511470955800757,0.9958656327466912,0.5048852904419925,0.9933097324787366,0.001242314897588561,0.0004796782393977853,2.9142522750141464,28
2025-04-01,0.6488331894594869,0.9958656327466912,0.3511668105405131,0.9933097324787366,0.0011424690288460505,0.00047847578838023806,1.5513474403346825,28
2025-04-02,0.5083770348812238,0.9958656327466912,0.49162296511877634,0.9933097324787366,0.0012337005242434068,0.00047957449587527484,1.6441134261684187,28
2025-04-03,0.3699173008187196,0.9958656327466912,0.6300826991812803,0.9933097324787366,0.001323635267913853,0.000480657586523969,2.8136818410809776,28
2025-04-04,0.5204441087146464,0.9958656327466912,0.47955589128535353,0.9933097324787366,0.0012258625111575174,0.00047948010211585745,2.7437053374113574,28
2025-04-05,0.628001199534865,0.9958656327466912,0.37199880046513495,0.9933097324787366,0.0011560001811123945,0.000478638745023437,2.9152694766781497,28
2025-04-06,0.7460540693304487,0.9958656327466912,0.25394593066955135,0.9933097324787366,0.0010793204507029105,0.0004777152855050952,-0.2876903082831008,28
2025-04-07,0.4736494434442549,0.9958656327466912,0.5263505565557451,0.9933097324787366,0.0012562573858887322,0.0004798461497953963,2.3488106699355202,28
2025-04-08,0.4861757783033422,0.9958656327466912,0.5138242216966578,0.9933097324787366,0.0012481210657450984,0.0004797481635018348,1.2896621034225433,28
2025-04-09,0.2983640361426169,0.9958656327466912,0.701635963857383,0.9933097324787366,0.0013701117719580414,0.00048121730644816907,-0.3427980446223795,28
2025-04-10,0.11818572649570637,0.9958656327466912,0.8818142735042935,0.9933097324787366,0.001487144276013566,0.00048262673745421157,1.5568817665881036,28
2025-04-11,0.06265180937287557,0.9958656327466912,0.9373481906271245,0.9933097324787366,0.00152321561694974,0.000483061147260993,1.3077380772886198,28
2025-04-12,0.03131050916554734,0.9958656327466912,0.9686894908344528,0.9933097324787366,0.0015435729548520642,0.00048330631217772727,2.2211422144758175,28
2025-04-13,0.03354165498355724,0.9958656327466912,0.966458345016443,0.9933097324787366,0.0015421237428250726,0.00048328885921071333,2.2649596856489116,28
2025-04-14,0.0376430377891905,0.9958656327466912,0.9623569622108096,0.9933097324787366,0.001539459742451457,0.0004832567764583263,2.475713193940667,28
2025-04-15,0.059101986839428675,0.9958656327466912,0.9408980131605714,0.9933097324787366,0.0015255213584639024,0.00048308891547546015,2.489848816514636,28
2025-04-16,0.08915134563557944,0.9958656327466912,0.9108486543644206,0.9933097324787366,0.0015060031843663558,0.0004828538566713122,2.6035289537611863,28
2025-04-17,0.15441971940705765,0.9958656327466912,0.8455802805929423,0.9933097324787366,0.0014636089521826792,0.00048234329982411024,2.5884522391854365,28
2025-04-18,0.23069207419018187,0.9958656327466912,0.7693079258098181,0.9933097324787366,0.001414067225092796,0.00048174666517954135,2.6821566270483133,28
2025-04-19,0.3454850026871168,0.9958656327466912,0.6545149973128832,0.9933097324787366,0.0013395049534285965,0.0004808487063019436,2.7220212842596667,28
2025-04-20,0.47044210760612537,0.9958656327466912,0.5295578923938745,0.9933097324787366,0.0012583406697416748,0.0004798712389339607,2.9117164580687853,28
2025-04-21,0.6294820835293948,0.9958656327466912,0.3705179164706052,0.9933097324787366,0.0011550382918807487,0.000478627160921986,1.9359165912669467,28
2025-04-22,0.5552142943879109,0.9958656327466912,0.4447857056120892,0.9933097324787366,0.0012032779827730556,0.00047920811500558997,-0.06590393303590686,28
2025-04-23,0.35652196963799154,0.9926837442771483,0.6434780303620085,0.9888010869120443,0.0012792956386105008,0.0001273269762924555,2.8373206627234793,29
2025-04-24,0.5160127831897799,0.9926837442771483,0.4839872168102201,0.9888010869120443,0.0011687027044482994,0.00019601849762074984,2.9450075554769164,29
2025-04-25,0.6703254042763274,0.9926837442771483,0.32967459572367275,0.9888010869120443,0.00106169141157229,0.0002624798095078426,2.822652036544715,29
2025-04-26,0.7603215981432289,0.9926837442771483,0.23967840185677125,0.9888010869120443,0.0009992776028212884,0.0003012405088409501,3.087022510416047,29
2025-04-27,0.8539662138057663,0.9926837442771483,0.1460337861942338,0.9888010869120443,0.0009343303648686846,0.0003415725566298617,2.8790415584854783,29
2025-04-28,0.8947870394247877,0.9926837442771483,0.10521296057521247,0.9888010869120443,0.0009060180566399867,0.0003591537862392842,2.7198353021249986,29
2025-04-29,0.9149550359195472,0.9926837442771483,0.08504496408045299,0.9888010869120443,0.0008920298082810668,0.0003678399941187048,2.8577050307661285,29
2025-04-30,0.9350955056320068,0.9926837442771483,0.06490449436799324,0.9888010869120443,0.0008780605015327457,0.000376514346415278,3.1784840119083606,29
2025-05-01,0.9584387650092566,0.9926837442771483,0.04156123499074346,0.9888010869120443,0.0008618695711514986,0.00038656811668376806,2.065281523703755,29
2025-05-02,0.9455673023412622,0.9926837442771483,0.05443269765873785,0.9888010869120443,0.0008707972678469336,0.000381024472302659,3.1363617515950906,29
2025-05-03,0.9631095472042894,0.9926837442771483,0.0368904527957107,0.9888010869120443,0.0008586298832097118,0.0003885797882504551,2.9204720390656465,29
2025-05-04,0.9689470291579633,0.9926837442771483,0.031052970842036787,0.9888010869120443,0.0008545809525909577,0.0003910939488293283,2.471941222632861,29
2025-05-05,0.9650813783268297,0.9926837442771483,0.03491862167317043,0.9888010869120443,0.0008572622046084509,0.0003894290414243113,3.130289863889529,29
2025-05-06,0.973670722636448,0.9926837442771483,0.026329277363552082,0.9888010869120443,0.0008513045465428687,0.0003931284088969628,2.3431236334839647,29
2025-05-07,0.9676649130510042,0.9926837442771483,0.032335086948996075,0.9888010869120443,0.0008554702410765999,0.0003905417508440949,3.139372178295439,29
2025-05-08,0.9752013982015056,0.9926837442771483,0.024798601798494465,0.9888010869120443,0.0008502428512634565,0.0003937876596141818,-0.3270203582855018,29
2025-05-09,0.9197226026500654,0.9926837442771483,0.08027739734993454,0.9888010869120443,0.0008887230667185531,0.00036989335007357374,3.165690522254237,29
2025-05-10,0.9497639541210174,0.9926837442771483,0.05023604587898267,0.9888010869120443,0.0008678864605617631,0.00038283193938378266,2.5683709606220946,29
2025-05-11,0.9516257256511484,0.9926837442771483,0.048374274348851706,0.9888010869120443,0.0008665951294725447,0.00038363379069999574,3.072771719372454,29
2025-05-12,0.964942122308954,0.9926837442771483,0.03505787769104603,0.9888010869120443,0.00085735879379751,0.00038936906488077895,2.873092815122553,29
2025-05-13,0.9693151702685657,0.9926837442771483,0.03068482973143434,0.9888010869120443,0.0008543256061418647,0.00039125250450026386,2.827267065420262,29
2025-05-14,0.9718141065140031,0.9926837442771483,0.028185893485997027,0.9888010869120443,0.0008525923170098721,0.00039232877797695396,3.092382257504803,29
2025-05-15,0.9767954474763738,0.9926837442771483,0.023204552523626385,0.9888010869120443,0.0008491371982804343,0.0003944742049224945,3.1991274001287175,29
2025-05-16,0.9806897858765874,0.9926837442771483,0.019310214123412755,0.9888010869120443,0.0008464360313485508,0.0003961514678526946,3.1932405858404835,29
2025-05-17,0.9826439595380401,0.9926837442771483,0.01735604046195989,0.9888010869120443,0.0008450805873713845,0.0003969931160878218,3.15390113812568,29
2025-05-18,0.9833714904396935,0.9926837442771483,0.01662850956030649,0.9888010869120443,0.0008445759607327547,0.00039730645830067404,1.7434367459347886,29
2025-05-19,0.9698188077327636,0.9926837442771483,0.030181192267236603,0.9888010869120443,0.0008539762779511459,0.0003914694174549554,3.144452337214435,29
2025-05-20,0.9763484746094463,0.9926837442771483,0.02365152539055377,0.9888010869120443,0.0008494472244778946,0.0003942816969934296,2.818554528764114,29
2025-05-21,0.9765062678850799,0.9926837442771483,0.02349373211492024,0.9888010869120443,0.0008493377770168387,0.0003943496573976515,1.8253028957387811,29
2025-05-22,0.961896079154144,0.9926837442771483,0.03810392084585617,0.9888010869120443,0.0008594715541077628,0.0003880571564788095,2.5568457151855433,29
2025-05-23,0.9613145583184179,0.9926837442771483,0.038685441681582146,0.9888010869120443,0.0008598749012985059,0.00038780669972835125,0.9025352034283634,29
2025-05-24,0.9106652696989103,0.9926837442771483,0.08933473030108974,0.9888010869120443,0.000895005144484219,0.0003659924233321742,3.0817722429689276,29
2025-05-25,0.941930854485073,0.9926837442771483,0.058069145514927076,0.9888010869120443,0.0008733195111240037,0.00037945828093458034,2.9589531258225628,29
2025-05-26,0.9566988676585876,0.9926837442771483,0.043301132341412495,0.9888010869120443,0.0008630763743308478,0.0003858187556810184,3.1479635490632516,29
2025-05-27,0.9693906492934746,0.9926837442771483,0.03060935070652542,0.9888010869120443,0.0008542732531100435,0.00039128501276161073,3.166539910325612,29
2025-05-28,0.9764046076693714,0.9926837442771483,0.02359539233062862,0.9888010869120443,0.0008494082898610777,0.00039430587308982793,2.843484377913906,29
2025-05-29,0.9766205778085134,0.9926837442771483,0.02337942219148673,0.9888010869120443,0.000849258490166664,0.0003943988898416318,2.195274222915663,29
2025-05-30,0.9676696854312621,0.9926837442771483,0.03233031456873804,0.9888010869120443,0.0008554669309073104,0.00039054380627320063,2.454042675663832,29
2025-05-31,0.9635885907995158,0.9926837442771483,0.03641140920048426,0.9888010869120443,0.0008582976146877227,0.0003887861088065164,3.0648005447278117,29
2025-06-01,0.971864220479605,0.9926837442771483,0.02813577952039502,0.9888010869120443,0.0008525575573991328,0.0003923503616936604,2.93568416042577,29
2025-06-02,0.975002468875181,0.9926837442771483,0.02499753112481909,0.9888010869120443,0.0008503808311245962,0.0003937019822152286,3.198082731817325,29
2025-06-03,0.9797502617803351,0.9926837442771483,0.02024973821966506,0.9888010869120443,0.0008470876987603483,0.00039574682172882733,3.144997091192214,29
2025-06-04,0.9817389629945241,0.9926837442771483,0.018261037005475995,0.9888010869120443,0.0008457083066384326,0.00039660334072718153,3.0525471599978964,29
2025-06-05,0.9820771994299526,0.9926837442771483,0.017922800570047304,0.9888010869120443,0.0008454737007753756,0.00039674901667428365,1.4498769531806457,29
2025-06-06,0.9629107889002612,0.9926837442771483,0.03708921109973899,0.9888010869120443,0.000858767743556034,0.00038849418450954807,1.7745822322795262,29
2025-06-07,0.9427531475173452,0.9926837442771483,0.05724685248265488,0.9888010869120443,0.0008727491684177396,0.0003798124365007007,2.80743478447676,29
2025-06-08,0.9530966115708137,0.9926837442771483,0.04690338842918631,0.9888010869120443,0.0008655749170678986,0.00038426729045632727,3.190600928603379,29
2025-06-09,0.9682011331253495,0.9926837442771483,0.03179886687465063,0.9888010869120443,0.0008550983135731744,0.0003907726968895334,0.7373387226277022,29
2025-06-10,0.9227966477130323,0.9926837442771483,0.07720335228696792,0.9888010869120443,0.0008865909321376734,0.0003712173186916055,3.1684185962741354,29
2025-06-11,0.9515114797395746,0.9926837442771483,0.04848852026042554,0.9888010869120443,0.0008666743708638715,0.00038358458582545295,2.698137895237812,29
2025-06-12,0.9559034676590172,0.9926837442771483,0.0440965323409829,0.9888010869120443,0.0008636280681403297,0.0003854761827464508,1.8701826247175857,29
2025-06-13,0.9350661087601455,0.9926837442771483,0.06493389123985463,0.9888010869120443,0.0008780808911331403,0.0003765016853985995,3.181627763282299,29
2025-06-14,0.9584813722490045,0.9926837442771483,0.04151862775099551,0.9888010869120443,0.0008618400185018076,0.00038658646730881476,3.0948712984860984,29
2025-06-15,0.9692947690879647,0.9926837442771483,0.030705230912035444,0.9888010869120443,0.0008543397566112316,0.0003912437178617035,3.1985233102944384,29
2025-06-16,0.9767830291655644,0.9926837442771483,0.023216970834435753,0.9888010869120443,0.000849145811783426,0.00039446885644728877,2.542049596148983,29
2025-06-17,0.9733896859150343,0.9926837442771483,0.02661031408496594,0.9888010869120443,0.0008514994769531467,0.0003930073684463367,1.8620311529590132,29
2025-06-18,0.9576589206682634,0.9926837442771483,0.04234107933173653,0.9888010869120443,0.0008624104759763619,0.00038623224345703396,3.187009897597686,29
2025-06-19,0.9705510097930531,0.9926837442771483,0.029448990206946968,0.9888010869120443,0.0008534684148081488,0.00039178477150150466,3.193031933053395,29
2025-06-20,0.9773574488650479,0.9926837442771483,0.02264255113495207,0.9888010869120443,0.0008487473866981099,0.00039471625479055224,2.656054857861472,29
2025-06-21,0.975010090315529,0.9926837442771483,0.024989909684471137,0.9888010869120443,0.0008503755447988114,0.0003937052647135778,2.4435266370524578,29
2025-06-22,0.970035694057482,0.9926837442771483,0.02996430594251807,0.9888010869120443,0.0008538258433083901,0.00039156282880115415,3.0580830613094547,29
2025-06-23,0.9753345250580655,0.9926837442771483,0.024665474941934495,0.9888010869120443,0.0008501505128076205,0.00039384499637297747,0.5255757371486764,29
2025-06-24,0.9339090714685057,0.9926837442771483,0.06609092853149437,0.9888010869120443,0.0008788834091916487,0.00037600335793994306,3.1317150657747876,29
2025-06-25,0.9565999904048096,0.9926837442771483,0.04340000959519053,0.9888010869120443,0.0008631449561500569,0.00038577616997444684,2.7794196785692065,29
2025-06-26,0.9621015368846819,0.9926837442771483,0.037898463115318186,0.9888010869120443,0.0008593290470628224,0.00038814564561348135,3.164482030021218,29
2025-06-27,0.9724808627269456,0.9926837442771483,0.02751913727305471,0.9888010869120443,0.000852129847317773,0.0003926159449780003,3.199740379293228,29
2025-06-28,0.9784539508555965,0.9926837442771483,0.021546049144403567,0.9888010869120443,0.0008479868381048972,0.0003951885101398914,3.1892880655446234,29
2025-06-29,0.9814715750836209,0.9926837442771483,0.018528424916379137,0.9888010869120443,0.0008458937708725524,0.0003964881787189398,2.9693396352871546,29
2025-06-30,0.9813353337031518,0.9926837442771483,0.018664666296848317,0.9888010869120443,0.0008459882699113135,0.00039642950055758443,2.8206132640773727,29
2025-07-01,0.9797650696880726,0.9926837442771483,0.020234930311927475,0.9888010869120443,0.0008470774277853284,0.0003957531993858693,2.5806473648496557,29
2025-07-02,0.9760199323034878,0.9926837442771483,0.023980067696512234,0.9888010869120443,0.000849675105649735,0.00039414019623664994,1.4263028245504512,29
2025-07-03,0.9536273774034687,0.9926837442771483,0.04637262259653129,0.9888010869120443,0.000865206775549193,0.0003844958873999519,3.079759141963102,29
2025-07-04,0.9664320801265843,0.9926837442771483,0.03356791987341572,0.9888010869120443,0.0008563253456814545,0.00039001077876340813,2.623921888630359,29
2025-07-05,0.9658570748372655,0.9926837442771483,0.03414292516273464,0.9888010869120443,0.0008567241746089196,0.000389763128210906,3.1929881076568236,29
2025-07-06,0.9749319768887669,0.9926837442771483,0.02506802311123321,0.9888010869120443,0.0008504297252417972,0.0003936716218347125,3.000329345193499,29
2025-07-07,0.9776670336555792,0.9926837442771483,0.022332966344420908,0.9888010869120443,0.0008485326545504285,0.00039484959068475275,2.9646995578712634,29
2025-07-08,0.978804307445014,0.9926837442771483,0.02119569255498617,0.9888010869120443,0.0008477438259475039,0.0003953394061482478,3.088682637352756,29
2025-07-09,0.9807980220947357,0.9926837442771483,0.019201977905264497,0.9888010869120443,0.0008463609571315201,0.0003961980843964431,2.0986281958866484,29
2025-07-10,0.9713327986367333,0.9926837442771483,0.02866720136326697,0.9888010869120443,0.0008529261575248051,0.00039212148221125627,0.8781849362194611,29
2025-07-11,0.9328712445909324,0.9926837442771483,0.06712875540906765,0.9888010869120443,0.0008796032427942316,0.0003755563735305698,2.623755956418687,29
2025-07-12,0.9398180130336026,0.9926837442771483,0.06018198696639764,0.9888010869120443,0.0008747849774700882,0.0003785482956483127,3.1660382446757858,29
2025-07-13,0.9605750212784933,0.9926837442771483,0.03942497872150677,0.9888010869120443,0.0008603878495263126,0.00038748818655997647,2.7642370383221295,29
2025-07-14,0.9646093414238042,0.9926837442771483,0.03539065857619588,0.9888010869120443,0.0008575896134939487,0.00038922573859909,3.0172333398811686,29
2025-07-15,0.9717238580768619,0.9926837442771483,0.02827614192313812,0.9888010869120443,0.0008526549143395664,0.00039228990863829626,2.34763352691609,29
2025-07-16,0.9653306526043581,0.9926837442771483,0.03466934739564196,0.9888010869120443,0.0008570893057765805,0.0003895364020237723,2.99559128172522,29
2025-07-17,0.9718217203986479,0.9926837442771483,0.02817827960135221,0.9888010869120443,0.0008525870359338231,0.0003923320572211174,3.0868981257532875,29
2025-07-18,0.9768490702205735,0.9926837442771483,0.023150929779426614,0.9888010869120443,0.0008491000048422249,0.0003944972998443577,2.7082808750542435,29
2025-07-19,0.9752804245365363,0.9926837442771483,0.024719575463463886,0.9888010869120443,0.0008501880376080448,0.00039382169567592955,3.1992776596208534,29
2025-07-20,0.9798918724995841,0.9926837442771483,0.020108127500415934,0.9888010869120443,0.000846989475551841,0.0003958078124249369,3.109329414367624,29
2025-07-21,0.981506536076432,0.9926837442771483,0.01849346392356813,0.9888010869120443,0.0008458695214091762,0.0003965032361616216,3.2030099340191156,29
2025-07-22,0.9831566644180084,0.9926837442771483,0.016843335581991678,0.9888010869120443,0.0008447249673905216,0.0003972139343118509,2.1083639002849117,29
2025-07-23,0.888842855555442,0.9772654110006976,0.11115714444455788,0.9896573863105895,0.0005432320567940016,0.00044639611622780695,2.769974152113078,30
2025-07-24,0.8861482652756021,0.9772654110006976,0.11385173472439797,0.9896573863105895,0.0005450343620349178,0.0004476036915629104,3.427459577869626,30
2025-07-25,0.9195049179557767,0.9772654110006976,0.08049508204422322,0.9896573863105895,0.0005227232062732619,0.00043265497325885055,3.173056271268143,30
2025-07-26,0.9280058828183706,0.9772654110006976,0.07199411718162929,0.9896573863105895,0.0005170371220973923,0.00042884528257249597,3.4202865853597513,30
2025-07-27,0.940459504251061,0.9772654110006976,0.05954049574893902,0.9896573863105895,0.0005087071517417304,0.0004232642166169982,2.819207190236266,30
2025-07-28,0.9291080682607609,0.9772654110006976,0.070891931739239,0.9896573863105895,0.000516299895514876,0.00042835134033389355,2.7723793290290737,30
2025-07-29,0.9193719770424933,0.9772654110006976,0.08062802295750668,0.9896573863105895,0.0005228121269164973,0.0004327145504677154,3.471168515113538,30
2025-07-30,0.9378508604762661,0.9772654110006976,0.06214913952373399,0.9896573863105895,0.0005104520248828038,0.000424433275194876,3.483066591291971,30
2025-07-31,0.9472275628168036,0.9772654110006976,0.05277243718319631,0.9896573863105895,0.000504180110920298,0.00042023112447988454,2.356551763595816,30
2025-08-01,0.9203110915068354,0.9772654110006976,0.07968890849316447,0.9896573863105895,0.0005221839780615494,0.0004322936881672525,1.7509475118133362,30
2025-08-02,0.8549624950483715,0.9772654110006976,0.14503750495162834,0.9896573863105895,0.0005658930824675634,0.000461579533164639,3.198948870648995,30
2025-08-03,0.8895913814168978,0.9772654110006976,0.11040861858310219,0.9896573863105895,0.0005427313968280324,0.0004460606658349426,2.5383477124236924,30
2025-08-04,0.8684947690189967,0.9772654110006976,0.13150523098100322,0.9896573863105895,0.0005568420177904514,0.00045551507119539396,3.1464303521750963,30
2025-08-05,0.8934095858911455,0.9772654110006976,0.10659041410885453,0.9896573863105895,0.0005401775441933238,0.00044434954500815923,2.9840379013248675,30
2025-08-06,0.9021647525608354,0.9772654110006976,0.09783524743916451,0.9896573863105895,0.000534321522067674,0.00044042593428183244,3.1670936634259177,30
2025-08-07,0.9160482688261181,0.9772654110006976,0.08395173117388184,0.9896573863105895,0.0005250352646886127,0.00043420406376894097,1.9919456250249403,30
2025-08-08,0.8605477233103994,0.9772654110006976,0.13945227668960045,0.9896573863105895,0.000562157410124957,0.0004590765241021454,3.2349180008670153,30
2025-08-09,0.8952429924453535,0.9772654110006976,0.10475700755464634,0.9896573863105895,0.0005389512457757675,0.0004435279074662135,3.4422693886930786,30
2025-08-10,0.9247694857902643,0.9772654110006976,0.07523051420973566,0.9896573863105895,0.0005192018710776861,0.00043029566753639294,1.7975097833744496,30
2025-08-11,0.8602856049267328,0.9772654110006976,0.139714395073267,0.9896573863105895,0.0005623327279303412,0.0004591939919403399,3.358718502766245,30
2025-08-12,0.902368715063318,0.9772654110006976,0.09763128493668202,0.9896573863105895,0.0005341850983780406,0.00044033452888742926,2.852237496629335,30
2025-08-13,0.9000110401526558,0.9772654110006976,0.0999889598473441,0.9896573863105895,0.0005357620671755068,0.0004413911162623664,1.429943065767834,30
2025-08-14,0.7920995366647092,0.9772654110006976,0.20790046333529066,0.9896573863105895,0.0006079380226917238,0.0004897514443467138,0.4763704586891807,30
2025-08-15,0.5253076579063911,0.9772654110006976,0.4746923420936088,0.9896573863105895,0.0007863600777077964,0.0006093137001763978,2.8212844986837697,30
2025-08-16,0.5901842998844843,0.9772654110006976,0.4098157001155157,0.9896573863105895,0.0007429752417761873,0.0005802393606513094,3.2868183402393365,30
2025-08-17,0.7350980799831252,0.9772654110006976,0.26490192001687485,0.9896573863105895,0.0006460612138296887,0.0005152965350674176,3.378906838690976,30
2025-08-18,0.8344876104267122,0.9772654110006976,0.16551238957328776,0.9896573863105895,0.000579587574095606,0.0004707553124447712,2.83606433750635,30
2025-08-19,0.8472137456255451,0.9772654110006976,0.1527862543744549,0.9896573863105895,0.0005710758022513943,0.0004650521199808643,1.1720715628823744,30
2025-08-20,0.6846796766350227,0.9772654110006976,0.3153203233649773,0.9896573863105895,0.0006797804999329849,0.0005378914433820398,2.774320984704592,30
2025-08-21,0.7104668473545283,0.9772654110006976,0.28953315264547175,0.9896573863105895,0.0006625344449629512,0.000526334973533562,2.310234090762632,30
2025-08-22,0.6606336019761909,0.9772654110006976,0.339366398023809,0.9896573863105895,0.0006958618965280245,0.0005486676444547244,0.8615862800740764,30
2025-08-23,0.36969967712969715,0.9772654110006976,0.6303003228703029,0.9896573863105895,0.0008904126222727022,0.0006790491107644295,2.605118005769672,30
2025-08-24,0.3899090540116296,0.9772654110006976,0.6100909459883703,0.9896573863105895,0.0008768994877714618,0.0006699923182557452,2.466120011399235,30
2025-08-25,0.37206421519281985,0.9772654110006976,0.6279357848071802,0.9896573863105895,0.000888831566616836,0.0006779894476812131,1.5668138748756748,30
2025-08-26,0.19693986578762862,0.9772654110006976,0.8030601342123712,0.9896573863105895,0.0010059229258182914,0.0007564710804919254,2.5013825534068572,30
2025-08-27,0.1857289795041131,0.9772654110006976,0.814271020495887,0.9896573863105895,0.0010134183109249814,0.0007614952171341111,2.8757015692180925,30
2025-08-28,0.28855529366711546,0.9772654110006976,0.7114447063328846,0.9896573863105895,0.0009446687031775142,0.0007154138066459104,2.761148087792773,30
2025-08-29,0.3478825167781264,0.9772654110006976,0.6521174832218735,0.9896573863105895,0.0009050006277560306,0.0006888264282733882,1.262249768784068,30
2025-08-30,0.1567535667837866,0.9772654110006976,0.8432464332162135,0.9896573863105895,0.001032790486302201,0.0007744804913657029,2.942107488442497,30
2025-08-31,0.27610418675661824,0.9772654110006976,0.7238958132433818,0.9896573863105895,0.0009529937312736369,0.000720993745723232,2.992888180459131,30
2025-09-01,0.4190706058230203,0.9772654110006976,0.5809293941769799,0.9896573863105895,0.0008574001327067842,0.0006569236261565283,3.0418848237220484,30
2025-09-02,0.5537132604324726,0.9772654110006976,0.44628673956752746,0.9896573863105895,0.0007673646601103325,0.0005965837852628475,2.235989113611406,30
2025-09-03,0.4672977557841473,0.9772654110006976,0.5327022442158528,0.9896573863105895,0.0008251514997960986,0.0006353107237382645,3.0901881794449384,30
2025-09-04,0.6049828398160692,0.9772654110006976,0.39501716018393085,0.9896573863105895,0.000733078804934113,0.000573607424081723,2.99884383803864,30
2025-09-05,0.6931602560182951,0.9772654110006976,0.30683974398170466,0.9896573863105895,0.0006741088510464225,0.0005340908884081557,3.33303237135116,30
2025-09-06,0.8054679891811664,0.9772654110006976,0.1945320108188336,0.9896573863105895,0.0005989968680316122,0.00048376039864000573,3.308186111221822,30
2025-09-07,0.8681830002744126,0.9772654110006976,0.13181699972558727,0.9896573863105895,0.0005570505452175214,0.0004556547897451982,3.0345405896108493,30
2025-09-08,0.8858070484764153,0.9772654110006976,0.11419295152358465,0.9896573863105895,0.0005452625882960604,0.0004477566072004763,3.2211657121870307,30
2025-09-09,0.9086282163715652,0.9772654110006976,0.0913717836284346,0.9896573863105895,0.000529998319383703,0.00043752934568520407,3.2832150018690758,30
2025-09-10,0.9257173645051789,0.9772654110006976,0.07428263549482106,0.9896573863105895,0.0005185678579903679,0.00042987087755427057,1.8953956806201189,30
2025-09-11,0.8678696570414408,0.9772654110006976,0.13213034295855916,0.9896573863105895,0.0005572601257063676,0.0004557952138988773,2.7196247466570105,30
2025-09-12,0.8622142076379681,0.9772654110006976,0.13778579236203192,0.9896573863105895,0.0005610427819171848,0.00045832969242782227,3.2816867480540015,30
2025-09-13,0.8980781738584196,0.9772654110006976,0.10192182614158035,0.9896573863105895,0.0005370548942294328,0.00044225732649122196,3.4533304614772433,30
2025-09-14,0.9266288569970978,0.9772654110006976,0.07337114300290214,0.9896573863105895,0.0005179581824249046,0.00042946239398643167,3.3319769573409252,30
2025-09-15,0.937451764471138,0.9772654110006976,0.06254823552886203,0.9896573863105895,0.0005107189725120259,0.00042461212928476735,3.4973465394704997,30
2025-09-16,0.9473285817406629,0.9772654110006976,0.05267141825933699,0.9896573863105895,0.0005041125409176428,0.00042018585304780677,2.85710956404025,30
2025-09-17,0.93583601920569,0.9772654110006976,0.0641639807943098,0.9896573863105895,0.0005117997127388384,0.0004253362223481775,3.4652909237263017,30
2025-09-18,0.9458322174224959,0.9772654110006976,0.054167782577504105,0.9896573863105895,0.0005051134355493425,0.00042085644577445115,3.4362543883319514,30
2025-09-19,0.9499764987530349,0.9772654110006976,0.05002350124696503,0.9896573863105895,0.0005023413885394646,0.0004189991942457382,2.763122259194265,30
2025-09-20,0.9361909124274231,0.9772654110006976,0.06380908757257682,0.9896573863105895,0.000511562331733337,0.0004251771776487416,3.4929073930347614,30
2025-09-21,0.9465796463836642,0.9772654110006976,0.05342035361633557,0.9896573863105895,0.0005046134921481924,0.00042052148695529334,3.4032370589883074,30
2025-09-22,0.9498701168919153,0.9772654110006976,0.050129883108084645,0.9896573863105895,0.0005024125458413063,0.0004190468690676031,1.6988503352476574,30
2025-09-23,0.8974405674968803,0.9772654110006976,0.10255943250311966,0.9896573863105895,0.0005374813666244385,0.0004425430685283177,3.251936630713071,30
2025-09-24,0.9179549671585495,0.9772654110006976,0.0820450328414504,0.9896573863105895,0.0005237599267216832,0.00043334958066070997,2.904010021382991,30
2025-09-25,0.9148020077372315,0.9772654110006976,0.08519799226276842,0.9896573863105895,0.0005258688535954789,0.00043476257322520146,0.5051046746975897,30
2025-09-26,0.7616464021283011,0.9772654110006976,0.23835359787169877,0.9896573863105895,0.0006283055710269767,0.0005033989567043002,3.305709629987934,30
2025-09-27,0.8413674335874962,0.9772654110006976,0.15863256641250364,0.9896573863105895,0.0005749860685044076,0.0004676721332241705,3.4421685708852254,30
2025-09-28,0.8971064716100488,0.9772654110006976,0.1028935283899511,0.9896573863105895,0.000537704831508168,0.0004426927929430146,1.8109812339481985,30
2025-09-29,0.8197454521773025,0.9772654110006976,0.18025454782269723,0.9896573863105895,0.000589447665204885,0.00047736198167436293,2.175968495047099,30
2025-09-30,0.7555844502560867,0.9772654110006976,0.24441554974391333,0.9896573863105895,0.0006323598579116055,0.0005061156085152405,3.3239560248384747,30
2025-10-01,0.8408595066477037,0.9772654110006976,0.15914049335229621,0.9896573863105895,0.0005753257913534743,0.00046789975968342,0.6537299177319933,30
2025-10-02,0.6110465855466216,0.9772654110006976,0.3889534144533783,0.9896573863105895,0.0007290236851110608,0.000570889968356696,2.3206686557947416,30
2025-10-03,0.546869099173525,0.9772654110006976,0.45313090082647506,0.9896573863105895,0.0007719415228249569,0.0005996509826722677,2.5749430868698835,30
2025-10-04,0.5412845877427812,0.9772654110006976,0.45871541225721874,0.9896573863105895,0.0007756760120887662,0.0006021536704882309,3.257366109001368,30
2025-10-05,0.6981504191950383,0.9772654110006976,0.30184958080496177,0.9896573863105895,0.0006707715120937477,0.0005318545565934603,2.9991679650861576,30
2025-10-06,0.758963314658655,0.9772654110006976,0.241036685341345,0.9896573863105895,0.0006301000454149397,0.0005046013770776349,2.931510922747719,30
2025-10-07,0.7953109847111067,0.9772654110006976,0.20468901528889313,0.9896573863105895,0.0006057901326458651,0.0004883122402199085,1.5110186689501584,30
2025-10-08,0.6433454730302851,0.9772654110006976,0.35665452696971495,0.9896573863105895,0.0007074236092362926,0.0005564152854453988,2.5771694588207636,30
2025-10-09,0.6346882525161739,0.9772654110006976,0.365311747483826,0.9896573863105895,0.0007132132187924968,0.0005602950017947101,2.5149589010985975,30
2025-10-10,0.6221514411714986,0.9772654110006976,0.3778485588285013,0.9896573863105895,0.0007215972931808358,0.0005659133491456742,-0.7086628656558008,30
2025-10-11,0.2777447098418163,0.9772654110006976,0.7222552901581837,0.9896573863105895,0.0009518968523755656,0.0007202585485286254,1.948112599102155,30
2025-10-12,0.17100921288290813,0.9772654110006976,0.8289907871170917,0.9896573863105895,0.0010232595899561372,0.0007680918515995552,1.438352078031254,30
2025-10-13,0.06974277810021777,0.9772654110006976,0.9302572218997823,0.9896573863105895,0.001090961513767182,0.0008134742052109114,2.866101051488121,30
2025-10-14,0.14035106450064655,0.9772654110006976,0.8596489354993535,0.9896573863105895,0.001043756605146871,0.0007818312405090092,2.387108383635559,30
2025-10-15,0.12315989317630378,0.9772654110006976,0.8768401068236964,0.9896573863105895,0.0010552498835567933,0.0007895354301322435,2.182401983272514,30
2025-10-16,0.0869328740031978,0.9772654110006976,0.9130671259968022,0.9896573863105895,0.001079469323176133,0.0008057704975356462,2.055978216692445,30
2025-10-17,0.05612054526702655,0.9772654110006976,0.9438794547329735,0.9896573863105895,0.0011000683766836184,0.0008195789820675148,2.5395495778443014,30
2025-10-18,0.06612305637573836,0.9772654110006976,0.9338769436242617,0.9896573863105895,0.001093381411371263,0.0008150963763836949,2.8325604144360415,30
2025-10-19,0.12469405528044139,0.9772654110006976,0.8753059447195585,0.9896573863105895,0.0010542242135240234,0.0007888478984021441,2.5812538953919733,30
2025-10-20,0.13384340958713695,0.9772654110006976,0.866156590412863,0.9896573863105895,0.0010481073575387533,0.000784747633261448,2.4491279719294456,30
2025-10-21,0.11919799577888579,0.9772654110006976,0.8808020042211142,0.9896573863105895,0.0010578986210750183,0.0007913109466599791,2.3845361082705447,30
2025-10-22,0.08505314571323831,0.978696107595847,0.9149468542867617,0.9905868412820971,0.0010309481096653068,0.0003067843652951623,2.7511354348367814,31
2025-10-23,0.11746021675994524,0.978696107595847,0.8825397832400548,0.9905868412820971,0.0010082339820267003,0.0003099867659859657,2.2293834438883136,31
2025-10-24,0.08435246359995044,0.978696107595847,0.9156475364000495,0.9905868412820971,0.0010314392177815342,0.0003067151253172453,2.7980770367363488,31
2025-10-25,0.1271962263734109,0.978696107595847,0.8728037736265891,0.9905868412820971,0.0010014100054144567,0.00031094885860664386,2.9154251734915095,31
2025-10-26,0.21002674090624196,0.978696107595847,0.789973259093758,0.9905868412820971,0.0009433539593194233,0.00031913400118177,1.9657032416952898,31
2025-10-27,0.12448257099937836,0.978696107595847,0.8755174290006217,0.9905868412820971,0.0010033120087354264,0.0003106807007150566,2.92396864403496,31
2025-10-28,0.20822922492483717,0.978696107595847,0.7917707750751629,0.9905868412820971,0.0009446138426978563,0.00031895637431717975,2.783179813707933,31
2025-10-29,0.2608044657092826,0.978696107595847,0.7391955342907174,0.9905868412820971,0.0009077637008764066,0.00032415175242353814,1.967244772245131,31
2025-10-30,0.15742997126558914,0.978696107595847,0.8425700287344109,0.9905868412820971,0.0009802191386092496,0.00031393649563773323,2.2826030518022744,31
2025-10-31,0.1169739811023168,0.978696107595847,0.8830260188976831,0.9905868412820971,0.0010085747849238706,0.0003099387171695935,2.6065263543324146,31
2025-11-01,0.12783523977688419,0.978696107595847,0.8721647602231157,0.9905868412820971,0.001000962120364663,0.0003110120046083842,2.939742817276836,31
2025-11-02,0.218034203770762,0.978696107595847,0.7819657962292379,0.9905868412820971,0.0009377415081095811,0.00031992528233679824,3.0206360312536984,31
2025-11-03,0.34583443027840455,0.978696107595847,0.6541655697215953,0.9905868412820971,0.0008481658328738026,0.0003325542401671139,1.2462329097402365,31
2025-11-04,0.15416545867274928,0.978696107595847,0.8458345413272507,0.9905868412820971,0.000982507240125557,0.00031361390315884553,0.6290822741430206,31
2025-11-05,0.0520401407363848,0.978696107595847,0.9479598592636153,0.9905868412820971,0.0010540869155217826,0.00030352208744873177,2.1020810259727676,31
2025-11-06,0.036987399093535,0.978696107595847,0.963012600906465,0.9905868412820971,0.001064637370819113,0.00030203460620841627,2.0224826633335864,31
2025-11-07,0.027010402226562327,0.978696107595847,0.9729895977734376,0.9905868412820971,0.0010716302379816247,0.0003010486997186601,2.293173534781306,31
2025-11-08,0.02666453308783051,0.978696107595847,0.9733354669121695,0.9905868412820971,0.001071872657281457,0.00030101452163551267,2.698957394769833,31
2025-11-09,0.041647362225293263,0.978696107595847,0.9583526377747067,0.9905868412820971,0.001061371206637423,0.0003024950942645801,2.2228206838937483,31
2025-11-10,0.03420210944050817,0.978696107595847,0.9657978905594918,0.9905868412820971,0.0010665895777571283,0.00030175936956342345,2.6333420186471335,31
2025-11-11,0.04620839559041065,0.978696107595847,0.9537916044095893,0.9905868412820971,0.0010581743818340445,0.00030294580628289786,1.820609088711645,31
2025-11-12,0.028296638675169038,0.978696107595847,0.971703361324831,0.9905868412820971,0.0010707287162456196,0.00030117580298219234,2.6331003867544767,31
2025-11-13,0.03934539007625412,0.978696107595847,0.9606546099237459,0.9905868412820971,0.0010629846570049159,0.00030226761806996603,2.4891786742008524,31
2025-11-14,0.04195136541436212,0.978696107595847,0.9580486345856378,0.9905868412820971,0.0010611581310469406,0.0003025251352399363,0.3242370346190215,31
2025-11-15,0.01922736347562668,0.978696107595847,0.9807726365243733,0.9905868412820971,0.0010770853607369837,0.00030027959569699084,2.706312485395457,31
2025-11-16,0.03359150552937371,0.978696107595847,0.9664084944706263,0.9905868412820971,0.0010670175494526405,0.00030169903092979605,2.5706415605146526,31
2025-11-17,0.04110679738018946,0.978696107595847,0.9588932026198106,0.9905868412820971,0.0010617500880977194,0.0003024416767486655,2.106911354179815,31
2025-11-18,0.030660397992185014,0.978696107595847,0.969339602007815,0.9905868412820971,0.0010690719598120354,0.00030140938485877705,2.7369643272844995,31
2025-11-19,0.05011057285717854,0.978696107595847,0.9498894271428214,0.9905868412820971,0.001055439348444491,0.000303331411484822,2.481705340141111,31
2025-11-20,0.050561189261207104,0.978696107595847,0.9494388107387929,0.9905868412820971,0.0010551235116945477,0.00030337594047917234,0.7152643276202874,31
2025-11-21,0.02227488849479857,0.978696107595847,0.9777251115052014,0.9905868412820971,0.0010749493541571894,0.00030058074590623283,2.1942038609162715,31
2025-11-22,0.02179316733640478,0.978696107595847,0.9782068326635953,0.9905868412820971,0.0010752869919433486,0.0003005331432034711,2.867012129629279,31
2025-11-23,0.049464281827923576,0.978696107595847,0.9505357181720764,0.9905868412820971,0.0010558923334074287,0.0003032675463229392,2.1323217743132923,31
2025-11-24,0.03635126343893402,0.978696107595847,0.9636487365610661,0.9905868412820971,0.0010650832377235714,0.0003019717445799525,2.4796369548773587,31
2025-11-25,0.03958551512250098,0.978696107595847,0.960414484877499,0.9905868412820971,0.0010628163535642582,0.00030229134673748036,2.699032570193109,31
2025-11-26,0.056805349328449085,0.978696107595847,0.9431946506715508,0.9905868412820971,0.0010507469834810208,0.00030399297564671343,1.6168337439615366,31
2025-11-27,0.030340270596284982,0.978696107595847,0.969659729403715,0.9905868412820971,0.0010692963367754627,0.0003013777505221751,2.7440540972331977,31
2025-11-28,0.050324281458462516,0.978696107595847,0.9496757185415375,0.9905868412820971,0.0010552895602227615,0.0003033525297331018,2.8722355569453026,31
2025-11-29,0.09536551834570446,0.978696107595847,0.9046344816542955,0.9905868412820971,0.0010237201662393399,0.0003078034129343159,2.936132308165554,31
2025-11-30,0.17476640273720154,0.978696107595847,0.8252335972627984,0.9905868412820971,0.0009680680056622777,0.00031564964645104616,2.99026443857741,31
2025-12-01,0.2884410031988279,0.978696107595847,0.7115589968011722,0.9905868412820971,0.0008883931483343024,0.00032688273871416527,0.6881145217325362,31
2025-12-02,0.10321571576528335,0.978696107595847,0.8967842842347167,0.9905868412820971,0.0010182179603734885,0.0003085791534387006,0.33010180264051503,31
2025-12-03,0.03531623214008055,0.978696107595847,0.9646837678599195,0.9905868412820971,0.0010658086902071023,0.00030186946489717357,2.236492643848865,31
2025-12-04,0.030646557725058293,0.978696107595847,0.9693534422749418,0.9905868412820971,0.0010690816604411097,0.0003014080171917965,2.5402360160549384,31
2025-12-05,0.03685418421288966,0.978696107595847,0.9631458157871102,0.9905868412820971,0.001064730741009021,0.00030202144218550325,1.6883225137248838,31
2025-12-06,0.023062788820037997,0.978696107595847,0.9769372111799619,0.9905868412820971,0.0010743971157478982,0.00030065860461003834,2.873218342371056,31
2025-12-07,0.05236625556231524,0.978696107595847,0.9476337444376848,0.9905868412820971,0.0010538583418365625,0.00030355431345096244,2.7448938645858316,31
2025-12-08,0.078310130300356,0.978696107595847,0.9216898696996441,0.9905868412820971,0.001035674288991905,0.00030611803425940805,2.8493306657558453,31
2025-12-09,0.130446040158606,0.978696107595847,0.869553959841394,0.9905868412820971,0.0009991322080254907,0.0003112699985793274,2.156193840775518,31
2025-12-10,0.08760216194299385,0.978696107595847,0.9123978380570061,0.9905868412820971,0.0010291615040252246,0.0003070362538821707,2.812099439570941,31
2025-12-11,0.13293273409322182,0.978696107595847,0.8670672659067783,0.9905868412820971,0.000997389281883101,0.00031151572860418995,2.9115221925132,31
2025-12-12,0.2158450779166842,0.978696107595847,0.7841549220833158,0.9905868412820971,0.0009392758721462353,0.0003197089573829865,1.9810249301018634,31
2025-12-13,0.1278793433860772,0.978696107595847,0.8721206566139228,0.9905868412820971,0.0010009312081063599,0.0003110163628371283,2.9694741147659327,31
2025-12-14,0.22681424573063252,0.978696107595847,0.7731857542693674,0.9905868412820971,0.0009315875527957566,0.00032079290818293063,2.0296680695126303,31
2025-12-15,0.1400816769700559,0.978696107595847,0.8599183230299441,0.9905868412820971,0.0009923785803529572,0.00031222217256434575,2.291122188281254,31
2025-12-16,0.10479343667691765,0.978696107595847,0.8952065633230825,0.9905868412820971,0.0010171121351399389,0.0003087350606026042,2.5195424435978304,31
2025-12-17,0.103391443644794,0.978696107595847,0.896608556355206,0.9905868412820971,0.001018094792633128,0.000308596518509488,2.329132091671078,31
2025-12-18,0.0809899643646239,0.978696107595847,0.9190100356353761,0.9905868412820971,0.0010337959934726493,0.0003063828499981177,2.8184039714508153,31
2025-12-19,0.1260243576299782,0.978696107595847,0.8739756423700218,0.9905868412820971,0.0010022313692143539,0.0003108330569265694,1.7063972559198997,31
2025-12-20,0.06217077254215051,0.978696107595847,0.9378292274578495,0.9905868412820971,0.0010469863608164021,0.00030452317582991563,2.9119799727659332,31
2025-12-21,0.12190727765807685,0.978696107595847,0.878092722341923,0.9905868412820971,0.0010051170338589437,0.00031042621547745764,2.954926633744669,31
2025-12-22,0.21522597651315245,0.978696107595847,0.7847740234868475,0.9905868412820971,0.0009397098019222172,0.0003196477790444847,3.0443414264924558,31
2025-12-23,0.3503524052285118,0.978696107595847,0.6496475947714883,0.9905868412820971,0.0008449991608422939,0.00033300069724064593,2.6641589657254783,31
2025-12-24,0.3694604298127331,0.978696107595847,0.6305395701872669,0.9905868412820971,0.0008316062430830455,0.0003348889132735051,3.140257997054078,31
2025-12-25,0.5239991713221869,0.978696107595847,0.4760008286778132,0.9905868412820971,0.0007232889414335088,0.0003501601166430565,3.1668368003877014,31
2025-12-26,0.6518358019209454,0.978696107595847,0.34816419807905463,0.9905868412820971,0.0006336869864969739,0.00036279267185143724,3.349052084125492,31
2025-12-27,0.7731116948374807,0.978696107595847,0.22688830516251948,0.9905868412820971,0.0005486832222814707,0.0003747769083377882,3.3486220573829217,31
2025-12-28,0.8472412553694373,0.978696107595847,0.15275874463056263,0.9905868412820971,0.0004967247605651925,0.00038210224037764893,3.4631518605216325,31
2025-12-29,0.8981420043267081,0.978696107595847,0.10185799567329176,0.9905868412820971,0.00046104764061624323,0.00038713214861552217,3.19707152916908,31
2025-12-30,0.9136257503724887,0.978696107595847,0.08637424962751125,0.9905868412820971,0.00045019483418108966,0.00038866222083222356,2.5820363836280213,31
2025-12-31,0.8953346478654267,0.978696107595847,0.1046653521345732,0.9905868412820971,0.00046301536137417136,0.0003868547313735264,2.922353877092692,31
2026-01-01,0.8974934778838898,0.978696107595847,0.10250652211611024,0.9905868412820971,0.00046150220312000094,0.00038706806255462854,2.727696567740728,31
2026-01-02,0.888616431271569,0.978696107595847,0.111383568728431,0.9905868412820971,0.00046772426552509435,0.00038619085090650955,2.6488036166475366,31
2026-01-03,0.8756586789305895,0.978696107595847,0.12434132106941051,0.9905868412820971,0.00047680655636919646,0.00038491039223783794,3.2252592795134536,31
2026-01-04,0.9009681077311162,0.978696107595847,0.09903189226888381,0.9905868412820971,0.00045906677967248754,0.0003874114183922174,3.1565373451545002,31
2026-01-05,0.9138421010660704,0.978696107595847,0.08615789893392954,0.9905868412820971,0.00045004319046992365,0.00038868360016667755,1.30022612315376,31
2026-01-06,0.8146278247775471,0.978696107595847,0.18537217522245286,0.9905868412820971,0.0005195839904432466,0.0003788794476573069,3.3417353061532333,31
2026-01-07,0.8711248105625804,0.978696107595847,0.1288751894374197,0.9905868412820971,0.0004799844146928426,0.00038446236460915176,1.4823596879777698,31
2026-01-08,0.7547735683943404,0.978696107595847,0.24522643160565957,0.9905868412820971,0.0005615366589731816,0.00037296477206959797,3.398161065528753,31
2026-01-09,0.8411338445433653,0.978696107595847,0.15886615545663477,0.9905868412820971,0.0005010055356033914,0.00038149871849132224,3.2350387016177455,31
2026-01-10,0.8793413979998441,0.978696107595847,0.12065860200015585,0.9905868412820971,0.00047422528143185215,0.00038527431102810503,3.4604751811339867,31
2026-01-11,0.9151731243647826,0.978696107595847,0.0848268756352173,0.9905868412820971,0.0004491102546254628,0.0003888151291754277,3.44606985396585,31
2026-01-12,0.9338134746319217,0.978696107595847,0.06618652536807844,0.9905868412820971,0.00043604492678864644,0.0003906571305857456,3.4046660496515995,31
2026-01-13,0.942662707883154,0.978696107595847,0.05733729211684607,0.9905868412820971,0.0004298423513995551,0.0003915315937742264,-0.08642118473566107,31
2026-01-14,0.8050996707163236,0.978696107595847,0.1949003292836764,0.9905868412820971,0.0005262624088791631,0.000377937894898535,2.273916802212031,31
2026-01-15,0.7539337939557539,0.978696107595847,0.2460662060442461,0.9905868412820971,0.0005621252678875759,0.00037288178727167,2.4419950387176397,31
2026-01-16,0.7194107570808105,0.978696107595847,0.2805892429191895,0.9905868412820971,0.0005863229051477209,0.0003694702911516532,3.386915116729408,31
2026-01-17,0.8191725259600869,0.978696107595847,0.18082747403991295,0.9905868412820971,0.0005163985442467555,0.0003793285457626396,3.343140025479849,31
2026-01-18,0.8739320767313682,0.978696107595847,0.1260679232686318,0.9905868412820971,0.0004780167585496854,0.00038473977292862734,3.040064429479586,31
2026-01-19,0.8884047981004137,0.978696107595847,0.1115952018995863,0.9905868412820971,0.0004678726025440027,0.0003861699377480039,2.1290408610291887,31
2026-01-20,0.8366824614956669,0.978696107595847,0.1633175385043331,0.9905868412820971,0.0005041255756949479,0.0003810588418938219,-0.10155558811867449,31
2026-01-21,0.5257623738343122,0.975764293448518,0.4742376261656878,0.9872162966374277,0.0006890239133863813,0.00033765589243090654,2.5400389273079034,32
2026-01-22,0.50991666021227,0.975764293448518,0.49008333978773,0.9872162966374277,0.0006995615288705008,0.00033603688459963167,3.2337406938817055,32
2026-01-23,0.6554853181738352,0.975764293448518,0.3445146818261648,0.9872162966374277,0.0006027561905665843,0.0003509101053866151,3.3568110671785005,32
2026-01-24,0.7748802428683522,0.975764293448518,0.22511975713164778,0.9872162966374277,0.0005233564467404506,0.000363109071157775,3.370171609124804,32
2026-01-25,0.8479896614356355,0.975764293448518,0.15201033856436452,0.9872162966374277,0.00047473723899634564,0.0003705788970061818,1.0319107039219841,32
2026-01-26,0.668071252159251,0.975764293448518,0.33192874784074905,0.9872162966374277,0.0005943863351369938,0.00035219605098504826,2.016245879396892,32
2026-01-27,0.5537179394344984,0.975764293448518,0.44628206056550146,0.9872162966374277,0.0006704330685360598,0.0003405122030215169,2.8949766950931224,32
2026-01-28,0.6160359428376212,0.975764293448518,0.38396405716237897,0.9872162966374277,0.0006289906598577615,0.00034687943506581706,3.32445852690651,32
2026-01-29,0.7449723599003818,0.975764293448518,0.25502764009961826,0.9872162966374277,0.0005432457476295848,0.0003600532859847652,-0.3196823996744137,32
2026-01-30,0.40563180678258853,0.975764293448518,0.5943681932174114,0.9872162966374277,0.0007689122466817734,0.00032538176369986086,3.0421283285159624,32
2026-01-31,0.5259000322826883,0.975764293448518,0.4740999677173118,0.9872162966374277,0.0006889323686194058,0.0003376699574399859,-0.6215594962445465,32
2026-02-01,0.20033172666553706,0.975764293448518,0.799668273334463,0.9872162966374277,0.0009054386765632003,0.00030440559024381026,2.1085304555639928,32
2026-02-02,0.13076164344216623,0.975764293448518,0.8692383565578339,0.9872162966374277,0.0009517032182024504,0.0002972973897393912,2.1639781237582056,32
2026-02-03,0.09028021676384983,0.975764293448518,0.9097197832361503,0.9872162966374277,0.0009786235743073606,0.00029316127139365734,1.257859385548936,32
2026-02-04,0.04045055167123864,0.975764293448518,0.9595494483287615,0.9872162966374277,0.0010117605098646466,0.0002880700132819042,1.5472773104003215,32
2026-02-05,0.026278453157706053,0.975764293448518,0.9737215468422941,0.9872162966374277,0.0010211850051416783,0.0002866220041214274,-3.0611800431704688,32
2026-02-06,0.01907324226531302,0.975764293448518,0.9809267577346872,0.9872162966374277,0.0010259764940783681,0.0002858858244113168,-1.8937786621490873,32
2026-02-07,0.01691731944995293,0.975764293448518,0.9830826805500472,0.9872162966374277,0.0010274101896293232,0.00028566554680155125,2.2824623825246215,32
2026-02-08,0.02293313471212808,0.975764293448518,0.977066865287872,0.9872162966374277,0.0010234096530433614,0.00028628020211170506,2.3885412009290308,32
2026-02-09,0.02902989108058493,0.975764293448518,0.9709701089194153,0.9872162966374277,0.001019355289589288,0.00028690312743658133,2.8540769892055633,32
2026-02-10,0.06272991449821086,0.975764293448518,0.9372700855017891,0.9872162966374277,0.000996944646872427,0.00029034636786921065,2.2052404460967927,32
2026-02-11,0.04861539180986428,0.975764293448518,0.9513846081901359,0.9872162966374277,0.001006330860597598,0.000288904241417086,2.076036820478274,32
2026-02-12,0.036804782458449176,0.975764293448518,0.963195217541551,0.9872162966374277,0.0010141849595939512,0.00028769751324515504,2.675141666130701,32
2026-02-13,0.05434780460542315,0.975764293448518,0.945652195394577,0.9872162966374277,0.0010025187837907445,0.0002894899405802465,1.3281411058443573,32
2026-02-14,0.029581177357275206,0.975764293448518,0.9704188226427248,0.9872162966374277,0.0010189886823261582,0.0002869594541392167,2.6260906406266447,32
2026-02-15,0.04380422675168327,0.975764293448518,0.9561957732483168,0.9872162966374277,0.0010095303035460898,0.0002884126691160496,2.4697075764944274,32
2026-02-16,0.04741849307360963,0.975764293448518,0.9525815069263904,0.9872162966374277,0.0010071268028262954,0.00028878195040050824,2.8977104608439386,32
2026-02-17,0.09912405986562087,0.975764293448518,0.9008759401343793,0.9872162966374277,0.0009727423762635073,0.0002940648754585709,2.371451163453289,32
2026-02-18,0.08350198588558458,0.975764293448518,0.9164980141144156,0.9872162966374277,0.0009831311292183979,0.0002924687176131299,2.4884803704152314,32
2026-02-19,0.08179799675771965,0.975764293448518,0.9182020032422805,0.9872162966374277,0.0009842642897254482,0.0002922946155304959,2.8113253236345948,32
2026-02-20,0.12911519043655445,0.975764293448518,0.8708848095634457,0.9872162966374277,0.0009527981185525382,0.00029712916630853203,2.5475531213759326,32
2026-02-21,0.13184908422923758,0.975764293448518,0.8681509157707625,0.9872162966374277,0.0009509800640367959,0.00029740849708313787,2.978109240463029,32
2026-02-22,0.23658157564793733,0.975764293448518,0.7634184243520629,0.9872162966374277,0.0008813322596108156,0.00030810935460462755,2.913448266447048,32
2026-02-23,0.33014335639436104,0.975764293448518,0.669856643605639,0.9872162966374277,0.0008191128585118251,0.0003176688644726948,0.8239711699433654,32
2026-02-24,0.12712803484089252,0.975764293448518,0.8728719651591076,0.9872162966374277,0.000954119587932986,0.0002969261321916676,2.795172484797236,32
2026-02-25,0.1777071902338855,0.975764293448518,0.8222928097661146,0.9872162966374277,0.0009204841462636555,0.0003020939681524673,0.1046194606984098,32
2026-02-26,0.0581628701844015,0.975764293448518,0.9418371298155985,0.9872162966374277,0.0009999817499607238,0.0002898797381745057,2.798799658174138,32
2026-02-27,0.09549157033507949,0.975764293448518,0.9045084296649206,0.9872162966374277,0.0009751579994064341,0.0002936937322499249,2.0638948714319363,32
2026-02-28,0.0616630438873442,0.975764293448518,0.9383369561126559,0.9872162966374277,0.0009976541202172153,0.0002902373622469238,2.5048393809547433,32
2026-03-01,0.06557218329693398,0.975764293448518,0.9344278167030661,0.9872162966374277,0.000995054526313642,0.00029063677166884264,2.3889617427333407,32
2026-03-02,0.05960394582457766,0.975764293448518,0.9403960541754224,0.9872162966374277,0.0009990234288318395,0.0002900269775354177,0.8541999042105889,32
2026-03-03,0.028447360217663545,0.975764293448518,0.9715526397823365,0.9872162966374277,0.001019742674602434,0.00028684360837347535,2.7953706815286687,32
2026-03-04,0.055031716195487176,0.975764293448518,0.9449682838045129,0.9872162966374277,0.0010020639798772784,0.0002895598180402728,0.16614124826562024,32
2026-03-05,0.025378425273433536,0.975764293448518,0.9746215747265665,0.9872162966374277,0.0010217835267035671,0.00028653004536035426,2.1718244524139587,32
2026-03-06,0.026287896235731543,0.975764293448518,0.9737121037642685,0.9872162966374277,0.0010211787254630277,0.00028662296895126335,1.2826231010963807,32
2026-03-07,0.02040008038744162,0.975764293448518,0.9795999196125585,0.9872162966374277,0.0010250941424454693,0.0002860213917553821,2.6073426802583985,32
2026-03-08,0.03305688127822005,0.975764293448518,0.96694311872178,0.9872162966374277,0.001016677327162181,0.0002873145780548336,2.4804644859077416,32
2026-03-09,0.03922574218143495,0.975764293448518,0.9607742578185652,0.9872162966374277,0.0010125750126418497,0.00028794487053332803,1.5963526928010792,32
2026-03-10,0.026455910039832657,0.975764293448518,0.9735440899601676,0.9872162966374277,0.0010210669957178473,0.0002866401354652552,2.3750464259308863,32
2026-03-11,0.03121894249922813,0.975764293448518,0.968781057500772,0.9872162966374277,0.0010178995628570909,0.0002871267899029354,2.836443012284181,32
2026-03-12,0.06432144078077925,0.975764293448518,0.9356785592192209,0.9872162966374277,0.0009958862753036237,0.0002905089792590552,2.8988342426950804,32
2026-03-13,0.1247705205590551,0.975764293448518,0.875229479440945,0.9872162966374277,0.0009556873477660552,0.00029668525732950117,2.9093373663609285,32
2026-03-14,0.20725717226649504,0.975764293448518,0.7927428277335051,0.9872162966374277,0.0009008332062765128,0.0003051131854288843,3.0233139571824212,32
2026-03-15,0.3366294190751939,0.975764293448518,0.6633705809248062,0.9872162966374277,0.0008147995634239577,0.000318331566483149,2.1476167409176923,32
2026-03-16,0.24519340455867136,0.975764293448518,0.7548065954413287,0.9872162966374277,0.0008756053258311213,0.000308989253028936,1.8752676067055591,32
2026-03-17,0.14049616170937734,0.975764293448518,0.8595038382906228,0.9872162966374277,0.0009452297085871765,0.00029829199696783306,2.8082275665387617,32
2026-03-18,0.19611415556146544,0.975764293448518,0.8038858444385347,0.9872162966374277,0.0009082433906745047,0.00030397466735770234,1.192712020376395,32
2026-03-19,0.07851117813202399,0.975764293448518,0.9214888218679762,0.9872162966374277,0.0009864500388642003,0.00029195879063665335,2.38937457129968,32
2026-03-20,0.06933676695731462,0.975764293448518,0.9306632330426854,0.9872162966374277,0.000992551062280634,0.00029102141136213905,2.8124303186113075,32
2026-03-21,0.11348872141215435,0.975764293448518,0.8865112785878457,0.9872162966374277,0.0009631898040169003,0.0002955325594071877,2.6918557908111205,32
2026-03-22,0.1398017215219322,0.975764293448518,0.8601982784780678,0.9872162966374277,0.0009456915152986357,0.00029822104376694584,2.0563778985109287,32
2026-03-23,0.08703882626707034,0.975764293448518,0.9129611737329297,0.9872162966374277,0.000980779114112063,0.0002928300880387338,1.3066860740035935,32
2026-03-24,0.040359428529937486,0.975764293448518,0.9596405714700627,0.9872162966374277,0.0010118211070869868,0.00028806070293571867,2.887840912706971,32
2026-03-25,0.08595302702581875,0.975764293448518,0.9140469729741814,0.9872162966374277,0.0009815011756247915,0.0002927191484170349,2.7774928988296597,32
2026-03-26,0.1272849190207246,0.975764293448518,0.8727150809792755,0.9872162966374277,0.0009540152590951131,0.00029694216155593667,1.3865747463600033,32
2026-03-27,0.055748643294352564,0.975764293448518,0.9442513567056475,0.9872162966374277,0.0010015872205093408,0.00028963306880165857,1.402176975135962,32
2026-03-28,0.03034159322400365,0.975764293448518,0.9696584067759965,0.9872162966374277,0.001018483003158602,0.00028703714828872773,2.879747438219093,32
2026-03-29,0.06867221479184979,0.975764293448518,0.9313277852081502,0.9872162966374277,0.000992992992298758,0.00029095351191716354,2.8500469286767034,32
2026-03-30,0.1192243764599475,0.975764293448518,0.8807756235400526,0.9872162966374277,0.0009593755633307133,0.0002961185898417496,2.7607525701530666,32
2026-03-31,0.1623033488297866,0.975764293448518,0.8376966511702135,0.9872162966374277,0.0009307277988336171,0.00030052010783542476,2.1507627171960455,32
2026-04-01,0.11041136917458426,0.975764293448518,0.8895886308254158,0.9872162966374277,0.0009652362591102704,0.00029521813637197104,2.9520488724277576,32
2026-04-02,0.20139742360970314,0.975764293448518,0.798602576390297,0.9872162966374277,0.0009047299806261742,0.0003045144759487728,2.3861454222075795,32
2026-04-03,0.16779413166928273,0.975764293448518,0.8322058683307174,0.9872162966374277,0.0009270763938680237,0.0003010811188841546,3.0084538938689906,32
2026-04-04,0.2885162329309761,0.975764293448518,0.711483767069024,0.9872162966374277,0.0008467952816367101,0.0003134156865794054,3.002973600346529,32
2026-04-05,0.41089595824379066,0.975764293448518,0.5891040417562093,0.9872162966374277,0.0007654115262701687,0.00032591961908738014,1.9877206618283974,32
2026-04-06,0.28333226520542754,0.975764293448518,0.7166677347945725,0.9872162966374277,0.0008502426657135108,0.00031288602382360093,3.0736211261354565,32
2026-04-07,0.4274168907371995,0.975764293448518,0.5725831092628004,0.9872162966374277,0.000754424915074933,0.0003276076162154858,0.5365443385315282,32
2026-04-08,0.17035161782877078,0.975764293448518,0.8296483821712293,0.9872162966374277,0.0009253756493448817,0.000301342425520091,2.605817807686231,32
2026-04-09,0.17991492455560995,0.975764293448518,0.8200850754443904,0.9872162966374277,0.0009190159884829005,0.0003023195395114798,2.8006915423267467,32
2026-04-10,0.2390750909154206,0.975764293448518,0.7609249090845794,0.9872162966374277,0.0008796740525572385,0.00030836412512754314,2.516157699025413,32
2026-04-11,0.22872573128680634,0.975764293448518,0.7712742687131937,0.9872162966374277,0.0008865564563843135,0.00030730669756782135,3.047309411852359,32
2026-04-12,0.3666112125877169,0.975764293448518,0.6333887874122832,0.9872162966374277,0.0007948613662341862,0.0003213949033356412,1.3548870166474405,32
2026-04-13,0.17411349404837148,0.975764293448518,0.8258865059516286,0.9872162966374277,0.0009228739775418173,0.0003017267885854028,0.3730734752912692,32
2026-04-14,0.05891851875437202,0.975764293448518,0.9410814812456281,0.9872162966374277,0.0009994792406110178,0.0002899569452338818,2.835677078918633,32
2026-04-15,0.10315367021557988,0.975764293448518,0.8968463297844201,0.9872162966374277,0.0009700626655286754,0.00029447659378626387,2.8334648537338163,32
2026-04-16,0.16055123999846696,0.975764293448518,0.8394487600015332,0.9872162966374277,0.0009318929620437713,0.0003003410892069923,2.959372748041619,32
2026-04-17,0.26471731133036097,0.975764293448518,0.7352826886696391,0.9872162966374277,0.0008626217689413675,0.00031098407375549985,1.9084030864214594,32
2026-04-18,0.1567762843291635,0.975764293448518,0.8432237156708365,0.9872162966374277,0.0009344033306952967,0.0002999553897719844,2.427500711048092,32
2026-04-19,0.1363532817694903,0.975764293448518,0.8636467182305098,0.9872162966374277,0.0009479847473824959,0.00029786870551964115,2.0211849690289876,32
2026-04-20,0.08278572433063539,0.975764293448518,0.9172142756693648,0.9872162966374277,0.0009836074464120346,0.00029239553485251946,2.0652964444402215,32
2026-04-21,0.055487372828875184,0.975764293448518,0.9445126271711249,0.9872162966374277,0.0010017609664077312,0.0002896063739528321,2.8855923625925355,32
2026-04-22,0.10818951079798547,0.9728886081311663,0.8918104892020143,0.9864250457327752,0.000935266874279948,5.165039073162631e-05,1.866215870093197,33
2026-04-23,0.062374581415725064,0.9728886081311663,0.937625418584275,0.9864250457327752,0.000964570240620869,3.42881012426411e-05,2.919387416149514,33
2026-04-24,0.12511054484030704,0.9728886081311663,0.8748894551596927,0.9864250457327752,0.0009244439776644093,5.806288324131717e-05,2.7562474192581914,33
2026-04-25,0.16215979632751729,0.9728886081311663,0.8378402036724826,0.9864250457327752,0.000900746544240188,7.210328095325233e-05,3.0003844797307346,33
2026-04-26,0.27835952191264024,0.9728886081311663,0.7216404780873596,0.9864250457327752,0.0008264203459757354,0.00011613899816055029,2.7423478131921155,33
2026-04-27,0.3240661804208299,0.9728886081311663,0.67593381957917,0.9864250457327752,0.0007971833952004464,0.0001334602566955607,2.4486588591081273,33
2026-04-28,0.283878383049246,0.9728886081311663,0.716121616950754,0.9864250457327752,0.000822890155391227,0.00011823045756025333,2.6750956758697844,33
2026-04-29,0.3018173882852063,0.9728886081311663,0.6981826117147936,0.9864250457327752,0.0008114152442921884,0.0001250287262960284,2.9701368414428773,33
2026-04-30,0.4069490384200191,0.9728886081311663,0.5930509615799809,0.9864250457327752,0.0007441645992850406,0.00016487002188912166,3.050021630207032,33
2026-05-01,0.5293344363234642,0.9728886081311663,0.4706655636765359,0.9864250457327752,0.0006658730728824997,0.00021124989710174215,1.919348228239086,33
2026-05-02,0.3857297604677502,0.9728886081311663,0.6142702395322497,0.9864250457327752,0.000757738408987514,0.00015682864211353294,3.003609802164686,33
2026-05-03,0.49855795368496797,0.9728886081311663,0.501442046315032,0.9864250457327752,0.0006855615929119259,0.0001995866639978797,3.2603833531907878,33
2026-05-04,0.6502684288123868,0.9728886081311663,0.34973157118761333,0.9864250457327752,0.0005885058033918484,0.00025707973935976467,2.568838349901311,33
2026-05-05,0.6364011000191819,0.9728886081311663,0.36359889998081807,0.9864250457327752,0.0005973776112967827,0.00025182449657770793,2.652820713295438,33
2026-05-06,0.6391025127883145,0.9728886081311663,0.3608974872116854,0.9864250457327752,0.0005956493509054519,0.0002528482395182587,3.238137531980221,33
2026-05-07,0.7442239881654725,0.9728886081311663,0.2557760118345274,0.9864250457327752,0.0005283950306395912,0.00029268567922659423,2.3121323798549507,33
2026-05-08,0.6810007230101764,0.9728886081311663,0.31899927698982344,0.9864250457327752,0.0005688442128727351,0.0002687262265576537,3.3602936422897067,33
2026-05-09,0.7884469552439585,0.9728886081311663,0.21155304475604153,0.9864250457327752,0.0005001012373119357,0.000309444669512757,3.2744295525647975,33
2026-05-10,0.8451104852291479,0.9728886081311663,0.15488951477085217,0.9864250457327752,0.00046384716801170576,0.0003309182071638176,2.1139302843559875,33
2026-05-11,0.7790739125930516,0.9728886081311663,0.2209260874069485,0.9864250457327752,0.0005060981439809458,0.000305892607289986,3.187442230730274,33
2026-05-12,0.8288621713894282,0.9728886081311663,0.17113782861057175,0.9864250457327752,0.00047424314651837486,0.00032476065257633135,2.5174287291284916,33
2026-05-13,0.7984482505282623,0.9728886081311663,0.20155174947173757,0.9864250457327752,0.0004937023445023472,0.00031323481797161597,2.44761714618389,33
2026-05-14,0.7588757856208234,0.9728886081311663,0.2411242143791766,0.9864250457327752,0.0005190208930652017,0.00029823820877064887,1.801806540243036,33
2026-05-15,0.6302018456500607,0.9728886081311663,0.36979815434993923,0.9864250457327752,0.0006013436488077843,0.00024947519144019495,1.62588080964505,33
2026-05-16,0.4323114996400361,0.9728886081311663,0.5676885003599639,0.9864250457327752,0.0007279402572856299,0.00017448152625663905,2.756136831909804,33
2026-05-17,0.4656711155948206,0.9728886081311663,0.5343288844051793,0.9864250457327752,0.0007065998617755216,0.00018712367843842556,2.941303297185563,33
2026-05-18,0.544918108714843,0.9728886081311663,0.45508189128515697,0.9864250457327752,0.000655903686748653,0.00021715557533826451,3.078142126685962,33
2026-05-19,0.6428173463286407,0.9728886081311663,0.3571826536713594,0.9864250457327752,0.0005932727393084706,0.0002542560342305978,3.325296822063388,33
2026-05-20,0.7587830350539109,0.9728886081311663,0.24121696494608916,0.9864250457327752,0.0005190802345499883,0.00029820305948165694,3.1498827550701836,33
2026-05-21,0.8132752819063516,0.9728886081311663,0.18672471809364838,0.9864250457327752,0.00048421586194835305,0.00031885375517221173,3.433850004782834,33
2026-05-22,0.872605877571574,0.9728886081311663,0.12739412242842596,0.9864250457327752,0.0004462549232246598,0.00034133801939313153,1.390802537038392,33
2026-05-23,0.7387048967911041,0.9728886081311663,0.26129510320889593,0.9864250457327752,0.0005319260982601017,0.0002905941325746627,2.6586584245343055,33
