time,Buy&Hold,VolTarget (no regime),baseline,tvtp_logrv,tvtp_exflow,tvtp_both
2018-01-31,0.008091687042716678,0.0015637811866924141,5.532039684641359e-05,8.379155875090211e-05,6.165637161689314e-05,8.604143830369428e-05
2018-02-01,-0.1005195117019998,-0.02002581277166968,-0.0021427517629975016,-0.003286316861002786,-0.0024544514767204178,-0.0038845576030196822
2018-02-02,-0.028074279106937716,-0.00543820298060299,-0.00022282885125085578,-0.00038226822306320463,-0.00016728598515516289,-0.00027944243793148553
2018-02-03,0.03938309753828673,0.007645794603480146,0.0003545577638789886,0.0005859048014963021,0.00021525325970041676,0.00035138034021514906
2018-02-04,-0.09653567035434252,-0.018703556618724776,-0.0007763445725238064,-0.0013045982514651086,-0.0007523935034714013,-0.0013174547491909777
2018-02-05,-0.16980543840539686,-0.03277378966204306,-0.0010563142838060145,-0.001486509236205708,-0.0007114836860938946,-0.0010932334656747467
2018-02-06,0.12980449316876475,0.025048064398868402,0.0007945860080413114,0.0005782238817104287,0.0006543138489427913,0.00047531056659052455
2018-02-07,-0.01473753938399991,-0.002842988875906688,-8.8045192364165e-05,-5.4372620406572985e-05,-5.827289504091687e-05,-3.867820187897042e-05
2018-02-08,0.0779038666258618,0.015255144969144043,0.001021144475650713,0.0004346493321901087,0.0009400179150496139,0.00045816379887170434
2018-02-09,0.05376507501474981,0.010387003608268048,0.0003589615461435101,0.0001891673553088448,0.0002989955027848139,0.00014851316818033472
2018-02-10,-0.015029312673481399,-0.0029029637898605053,-9.888853929860825e-05,-6.086422570645459e-05,-0.00015084611559454508,-7.527190088330263e-05
2018-02-11,-0.050826429223090996,-0.009969738528257058,-0.0007073748335822147,-0.0003113730513274045,-0.0009262587871212924,-0.0003048690340361132
2018-02-12,0.10015671140642812,0.019393928628568077,0.0007779817302740745,0.000463743465244513,0.0014125863131254337,0.0006564880519210131
2018-02-13,-0.043075601083953696,-0.008313013707668125,-0.00026569696334672026,-0.00017043306595481374,-0.00034140325520118944,-0.00017864242661139905
2018-02-14,0.11066843740168464,0.021386735328200224,0.0007546416489060686,0.00045494047502161935,0.0008021962619300588,0.0004172767173648503
2018-02-15,0.06754111321029299,0.013030331433363282,0.00040625030892035884,0.00026089479330165387,0.000507770998753814,0.00027427974748774525
2018-02-16,0.008171127018323565,0.0015768697376567743,5.0282233058382195e-05,4.891929382680366e-05,5.533890908457237e-05,4.890069298927752e-05
2018-02-17,0.08796291022068936,0.017487547702326352,0.0017868426704669093,0.0015636274463602057,0.002027715746723248,0.0017778244657482166
2018-02-18,-0.05714679654547705,-0.011061683462520797,-0.0004339002877560933,-0.00045715331058642064,-0.00046712634114859803,-0.00045742360243785035
2018-02-19,0.06575370316864504,0.012698716221371913,0.0004281073584284859,0.0005323441203896142,0.0004464931993376817,0.0005239001453969482
2018-02-20,0.009567571945238162,0.0018466392275389577,5.957269052025703e-05,7.418173610280898e-05,7.346854710077478e-05,8.22434900208721e-05
2018-02-21,-0.06998683673829753,-0.01389412224560037,-0.0013748459047559205,-0.0012233136181502543,-0.0015771410568659232,-0.0010106781006920642
2018-02-22,-0.055522864209536116,-0.010754963269467913,-0.0004403322672736026,-0.00043816517032651604,-0.0004206986274992546,-0.0003659618906886003
2018-02-23,0.028437148198619644,0.00549274164886894,0.00018712934227326926,0.00024224725893699683,0.0001636191752008174,0.00021063855006499399
2018-02-24,-0.046506622811095744,-0.009030081708611052,-0.00042196787220102287,-0.0004977088456171452,-0.00038724385808937295,-0.00043661884482371993
2018-02-25,-0.008607177661339893,-0.0016655092103308052,-6.402554453961067e-05,-0.00010276450410929228,-6.0292528757505694e-05,-9.773913975873003e-05
2018-02-26,0.07384374026298457,0.014676418761019407,0.0014900751369376522,0.002085721637958788,0.0014021255116493977,0.001793747162114415
2018-02-27,0.03313900915980805,0.00641024828200303,0.00024120919130414273,0.0003735941215720271,0.0002293532845564348,0.0003509964172097571
2018-02-28,-0.03257732617639886,-0.006318395307565682,-0.00027823920126833897,-0.0005166007238870025,-0.000297807533388098,-0.000555017359789801
2018-03-01,0.05982384804473151,0.011603945507673734,0.0005135692282704031,0.001063304774148641,0.0005556808157230499,0.0011509671287424437
2018-03-02,0.008278163793534965,0.0015983878687779722,5.3071687394461224e-05,0.00013226195690115657,4.040704931669543e-05,0.00010649991555001597
2018-03-03,0.03737242719487788,0.007442141759974076,0.0007884457135628681,0.001488015330724749,0.0006636578788323416,0.0011949345549114032
2018-03-04,0.00322979728647943,0.0006277058751182038,3.084807273062043e-05,6.90564901551231e-05,3.502415561655485e-05,8.809452931779738e-05
2018-03-05,0.006811651586897005,0.0014008677814512985,0.0002477665083908331,0.00044580473222517367,0.0002528179004312238,0.0004921663342894408
2018-03-06,-0.07483340779966907,-0.01742025566549824,-0.007187941094088361,-0.009150124173438457,-0.007331112240573715,-0.009991936406582892
2018-03-07,-0.07248736798471034,-0.01438864463245209,-0.0014133954437388137,-0.0019913235596096803,-0.001537213015573029,-0.0023134082417087237
2018-03-08,-0.057821334796573254,-0.011195124867123749,-0.0004461455993921453,-0.000897544475157752,-0.000463833598079093,-0.0009269034719612192
2018-03-09,-0.0056091748829203425,-0.0010837241409968885,-3.762703794097789e-05,-9.110172401691585e-05,-6.212738420761988e-05,-0.00012875446467422823
2018-03-10,-0.05298247326118122,-0.01056952903113482,-0.0011634640055217145,-0.002279944757416877,-0.001693404829276796,-0.00286232799717848
2018-03-11,0.08273715101383283,0.01605786248386735,0.0007336473700838465,0.0014623200284616636,0.0010018064987189004,0.0018780681813129734
2018-03-12,-0.03843421018636828,-0.007420811073702072,-0.0002457543289997016,-0.0005242871988244032,-0.00025331364564589804,-0.0005249057618542926
2018-03-13,0.001383133371946954,0.0002671463363097411,9.074124659336856e-06,1.8887718186658795e-05,9.5361396875233e-06,1.9314351069503246e-05
2018-03-14,-0.10244105623778343,-0.020657331699633578,-0.002775208770261948,-0.004082314152819203,-0.003073323545256068,-0.004428555418370063
2018-03-15,0.005650834881381073,0.0010869295364595252,2.6384634445066497e-05,2.664856889300434e-05,2.334250374998787e-05,1.841587261722369e-05
2018-03-16,0.013099620043959481,0.0026342580302531186,0.0003372271565477605,0.0003112725038049687,0.00032226398113272,0.00020155124241349545
2018-03-17,-0.059119998065631396,-0.012530824269910007,-0.00300880598338941,-0.0020906236379176343,-0.003000717538626499,-0.0018262342843083982
2018-03-18,0.03899619163513979,0.00762113040962733,0.0004758705554142748,0.0004948730956562702,0.0005225290407166394,0.0005354663326104183
2018-03-19,0.042495810679561874,0.008253619954988717,0.0003912462908655159,0.0005899927396990826,0.00024970916649310015,0.0003501901169420445
2018-03-20,0.04199729409372832,0.00813119909520603,0.00032379204417417614,0.0005407029092372624,0.00022177945673645732,0.0003984695590430114
2018-03-21,-0.001793360457615134,-0.0003471338518185453,-1.3622051513104096e-05,-2.4421313329212974e-05,-1.4670760854299645e-05,-2.7834283047331458e-05
2018-03-22,-0.01902444149678928,-0.003841696088166831,-0.0005284646767945852,-0.0008127789567686027,-0.0005080944822565328,-0.0007468561688845712
2018-03-23,0.0070122532348890765,0.00142156307651141,0.00020770049679568053,0.0002813331718051435,0.00021181793038534835,0.00032133756741805405
2018-03-24,-0.018326773392858264,-0.004101972344927732,-0.0014137136450232386,-0.001410803544548953,-0.0014677906649168053,-0.0017231264747987194
2018-03-25,-0.019786066777466527,-0.004434681012561449,-0.0015373634953884845,-0.0017378104340483142,-0.0016206349481879703,-0.002121235504725798
2018-03-26,-0.03192026863466979,-0.007097497771979517,-0.0023575292663169795,-0.0028092520922378384,-0.0025565382015986927,-0.003735432065049152
2018-03-27,-0.04086543891088412,-0.008430937044542546,-0.001550881103263436,-0.0023014031475040927,-0.0017564856349443158,-0.003076144059684378
2018-03-28,0.012297326472763936,0.002408601878216294,0.0001630440357873677,0.000569865626800387,0.00019013741772752575,0.0006897683825468834
2018-03-29,-0.10399660591413529,-0.02122341822719123,-0.00341056210203441,-0.010964849709631358,-0.003914919431678857,-0.01294779850745381
2018-03-30,-0.038885699276670294,-0.007552786504319861,-0.00035821913151056904,-0.0010037215842570956,-0.0003086753582353111,-0.0007764962651649277
2018-03-31,0.013192368856680181,0.0025540743942941073,0.00010138510740822768,0.0002976273269822883,7.694064292829023e-05,0.0002362460571916168
2018-04-01,-0.017011215312030648,-0.0033760349122952758,-0.00033159155525638444,-0.0007854673744955564,-0.0003074177241785691,-0.0008593502586700236
2018-04-02,0.033615092064719354,0.006755563430938213,0.0008561449957945355,0.001693860304580613,0.0008073897378524608,0.0017693026611319347
2018-04-03,0.05510118030832145,0.010844428535492997,0.0008546221613229088,0.0016293977303504796,0.0008282175975142614,0.0016302438723226208
2018-04-04,-0.08627868553386442,-0.016715766895019014,-0.0006925104991126311,-0.0015684513541080298,-0.0005823750369687105,-0.0013210361521583873
2018-04-05,0.0026368114780783714,0.000508251820273504,1.4744378614334745e-05,2.5903667857005205e-05,1.552281697504443e-05,2.8118856565801548e-05
2018-04-06,-0.027643216287290717,-0.00554576294389209,-0.0006815235784939262,-0.000982351857059776,-0.000665206093339808,-0.0008855231680959466
2018-04-07,0.04174834604556055,0.008249635459389514,0.0007275928273595662,0.0009131047369446681,0.0009433565537760188,0.0013311681291523134
2018-04-08,0.01793758512717525,0.003486530274803266,0.000171714024569753,0.00025135133556523237,0.00021263695367980954,0.0003062543622440458
2018-04-09,-0.03895912015831271,-0.007699731455058242,-0.000682029600491143,-0.001246652803286283,-0.0008014580446624604,-0.0013483234210441032
2018-04-10,0.011849051740952854,0.002302822759661144,0.00011276327881743604,0.00028758871959185276,0.00015254895816217825,0.00037952582465856525
2018-04-11,0.01878722724180837,0.003762783051931377,0.000447790874862233,0.0009418096816480014,0.0005837175201788429,0.0012775018712819922
2018-04-12,0.13816760342514622,0.02817660008634472,0.004483107935966348,0.007831046428655578,0.005501640265396366,0.007279024367808106
2018-04-13,0.0018640945952745902,0.0003511950077393733,-8.88527569667355e-06,-2.2882478080515875e-05,-2.0648327688766207e-05,-3.048575922699922e-05
2018-04-14,0.011030753258562509,0.0022283253962672236,0.00030772911193862186,0.0003473081216174645,0.0002894275884047792,0.000364784663507859
2018-04-15,0.04194799228229096,0.009075958568061364,0.0025470390190734755,0.0023439652960159187,0.002334761960691261,0.0015502314326864117
2018-04-16,-0.03539671203030181,-0.007091295617221099,-0.0008471157595801197,-0.0008257688523450104,-0.0008184847231681652,-0.0007155080310197801
2018-04-17,-0.019789303988186457,-0.0038771434492906516,-0.0002641703338471925,-0.00035843682887883895,-0.00029035759940551593,-0.00040729281945897097
2018-04-18,0.034876526746326464,0.0068783484461197655,0.0005754773294548479,0.0008510027397159206,0.0007344696257440469,0.001219107977824728
2018-04-19,0.01349193705193108,0.0026311036662239173,0.0001503527552590771,0.00025403076268088875,0.0001699571922449567,0.0002585334111272446
2018-04-20,0.06848012261582626,0.013735193324549273,0.0016796403432243461,0.0024536714171322785,0.0019784843738775764,0.0030437989908905605
2018-04-21,0.0027195762070304497,0.0005205498495543911,6.526432005379991e-06,1.7989395893861967e-05,7.475626046491078e-06,1.747540783415691e-05
2018-04-22,-0.007060580322332255,-0.0014417004509641987,-0.00023390773975010386,-0.00031008498767411445,-0.00028855180005824693,-0.0004767083776782063
2018-04-23,0.014751295305370116,0.0032227214698676153,0.0009634228504994426,0.001401466067750595,0.0011569482086404546,0.00197791003497585
2018-04-24,0.08078004170679942,0.018914547604323484,0.007984216655887772,0.010400987917411671,0.009482287016461888,0.013923320300291881
2018-04-25,-0.08254115269020668,-0.016362815804770725,-0.001557918527816096,-0.002541730115844295,-0.0020365253687357923,-0.0035367242531953477
2018-04-26,0.04621061231905288,0.008934394047876026,0.0003254947456941784,0.0007803503333049746,0.0005251996448036681,0.0011006620157942753
2018-04-27,-0.030588772200460634,-0.005913541012174881,-0.00021411130770840784,-0.0005260553595026841,-0.0002482698258354386,-0.0005672806205487765
2018-04-28,0.04013813798064869,0.007780934402014544,0.00033327112230083943,0.0007615475704331388,0.00033287418441109754,0.0007222088915725529
2018-04-29,0.005906013752517314,0.001143318030166973,4.5141497030398e-05,0.00010167720769180127,4.980618042869799e-05,0.00011136778374182986
2018-04-30,-0.01790690524180638,-0.003612714808079996,-0.0004895925517739656,-0.000837594861163246,-0.0005186414279785895,-0.0007894949894569801
2018-05-01,-0.01696417446774856,-0.0034569081533361097,-0.0005443760701636708,-0.0008092575632496849,-0.0005932842014336286,-0.0009078557841007552
2018-05-02,0.014545461690283368,0.003016980815452858,0.0005023577319189212,0.0006165400243370247,0.000552294351445814,0.0007722906365252114
2018-05-03,0.05938341222430177,0.012892728698671557,0.0034517304566336724,0.003820872844085761,0.003854608037505713,0.004760282676337687
2018-05-04,-0.005543933830369885,-0.0011243739369076891,-0.0001216259898002774,-0.0001321855216925758,-0.00012804422767554997,-0.00014351600865093977
2018-05-05,0.0102388902005075,0.0021338220450457194,0.0003735550741632258,0.00042294582546048966,0.00036570782594326447,0.0003868718264917777
2018-05-06,-0.02050229425298733,-0.004675895967086842,-0.0017287359204730746,-0.0021089368084529028,-0.0016892730224878315,-0.001899223784057518
2018-05-07,-0.02663612920329339,-0.005979009389767109,-0.002018817290759904,-0.002699339960117887,-0.0020140990412519434,-0.002869238685181615
2018-05-08,-0.013613262464109432,-0.002917377161571629,-0.0006972772460452815,-0.001102907050123254,-0.0006963136494150776,-0.001229280148725364
2018-05-09,0.008756991089859945,0.001941095722261152,0.0006049019979601037,0.0010748228788876513,0.0006082369966468628,0.001239083769551377
2018-05-10,-0.027494953422644963,-0.006996735258049104,-0.003938775727840485,-0.0061712684085228715,-0.004027319901442322,-0.007047015019848384
2018-05-11,-0.06835627509793496,-0.015847095527435857,-0.006352704288914915,-0.010585592355567386,-0.006729160216162056,-0.014227988023690899
2018-05-12,0.007840685542482406,0.0015486869162696254,7.079421577404234e-05,0.0001680954133558362,7.087466067557234e-05,0.0002565538018784304
2018-05-13,0.02475411148625506,0.005277844843673292,0.0012012518820772524,0.0022280806877573774,0.0012127581935636508,0.002486823307358886
2018-05-14,-0.0028472164525350507,-0.0006029232853935507,-0.0001279637698905747,-0.00024840918274842306,-0.0001324979577324795,-0.00029705521404893364
2018-05-15,-0.021059761418295242,-0.005025377405727279,-0.002286237064429329,-0.003856489853539189,-0.002413054722620274,-0.004663498849012292
2018-05-16,-0.018932427704379973,-0.004399817587314072,-0.0017844622827732511,-0.002898504615353935,-0.0019227923800720558,-0.003801000128186091
2018-05-17,-0.033291075688043015,-0.0077267355249944015,-0.0031151002793380735,-0.004843374363439011,-0.0034587295624047445,-0.006979099816278901
2018-05-18,0.02267807560757129,0.004778161799251922,0.0009614366188338951,0.0016552713424308318,0.0011062160384845,0.002729535059429153
2018-05-19,-0.00043768756696171973,-9.287633118272087e-05,-2.0155766662261466e-05,-3.592390127548414e-05,-2.2645676013363364e-05,-5.586216629615125e-05
2018-05-20,0.03426289315001907,0.008207099265096354,0.0037806543656731563,0.005811860122896393,0.0042790377836336175,0.007734626212844608
2018-05-21,-0.013255757736746365,-0.002901798844273303,-0.0008262096829946404,-0.0012935626795971844,-0.000978967565880087,-0.0019184582724326763
2018-05-22,-0.046566751299225384,-0.010638451781573922,-0.003965656310968946,-0.007194915942680314,-0.004593797547023449,-0.009311751099913708
2018-05-23,-0.06077517833457369,-0.01241436835913708,-0.0015753681279317613,-0.003928849684418548,-0.0018786948502951236,-0.005762266039857991
2018-05-24,0.007280650208754569,0.0014304601150687446,4.039127814130774e-05,0.00015495795164341682,2.7246258241032202e-05,0.00013385173991966405
2018-05-25,-0.019833191546378415,-0.004054535621342832,-0.0005238523222929793,-0.0015877879541508757,-0.00047145408996557514,-0.0016642850982056215
2018-05-26,-0.013342420957834333,-0.002731986967873475,-0.0003634636162568515,-0.0010452973237408398,-0.00036536093763231046,-0.0013040070173426447
2018-05-27,0.0016229000732312926,0.0003362287876332637,5.415375547766484e-05,0.00014747440942735953,5.465754352233286e-05,0.0001832702762563778
2018-05-28,-0.030984352877340915,-0.007491958289938221,-0.0035825144989632407,-0.00664129159587716,-0.003732869747419536,-0.00828908162481779
2018-05-29,0.048209581487622666,0.01050486713864251,0.0028975477767218105,0.00558912168762109,0.003103977880193444,0.00817002483067435
2018-05-30,-0.010594118095111349,-0.002150279136671347,-0.00023809933512782913,-0.0004957836861177529,-0.00026669886637314196,-0.0008052042483034508
2018-05-31,0.014112201815416281,0.0029379491135656686,0.0005074653958269592,0.0010628168031169664,0.0005729861417031533,0.0016063470344230852
2018-06-01,0.005494757137219253,0.0011952084378116226,0.00032439676243388877,0.0006111378879412113,0.00037790345801220256,0.0009372791323983008
2018-06-02,0.015640303842947345,0.003941151629146838,0.002150975389285945,0.0032411524087111814,0.002431703020756683,0.0041664865394604456
2018-06-03,0.008472683266389724,0.0022899118760768256,0.0014918164747142382,0.002118942347192111,0.001625434893272672,0.002155815323010114
2018-06-04,-0.0279797863613801,-0.008785680942268755,-0.007318625149519954,-0.008901918650353585,-0.007692486502276112,-0.009023230387701106
2018-06-05,0.016629146536884187,0.004622031241938123,0.0031909091772074384,0.0037369451627179383,0.0033998593453330684,0.0036206730910822763
2018-06-06,0.0052063032760378825,0.0015182572599431363,0.0011387445895401076,0.0013023197182969789,0.0012161236356473442,0.0013478807444651103
2018-06-07,0.001983078515388037,0.0006231140695159901,0.0005179667496129284,0.0005692477254696409,0.0005429472908027016,0.0005874206445856912
2018-06-08,-0.0056542995895393355,-0.002035035243211792,-0.0019462299020777728,-0.002035787766068592,-0.0019997829181319744,-0.002203166032579427
2018-06-09,-0.008714954486789495,-0.0031623855279508464,-0.0030435967864540785,-0.0034256356345702802,-0.0031175173468863866,-0.0035495448053297902
2018-06-10,-0.10738717028838463,-0.038987044199060836,-0.03753715910797184,-0.04231779132274707,-0.037384149699692365,-0.0402573105971788
2018-06-11,0.015525721008725624,0.004306231985150862,0.0029710592043748706,0.0015951123836861086,0.0029217629936376644,0.0011608328894558047
2018-06-12,-0.0471209922952367,-0.014184994488734807,-0.01116667450819194,-0.006727711272564328,-0.011394062477462174,-0.0064410618746052264
2018-06-13,-0.033736271435260146,-0.00796847644198405,-0.0034593871236697576,-0.001404996279111192,-0.0036440196608031024,-0.0014789800673079413
2018-06-14,0.05125763596351085,0.010857820717921542,0.002315553541599194,0.0010538578981305812,0.0024050430266975525,0.0010418162013197262
2018-06-15,-0.03470649410490845,-0.00693657493379246,-0.0005024232725072252,-0.0004144115556949383,-0.0005399715226079789,-0.0004973048487120612
2018-06-16,0.014944708436315457,0.0029537727910142614,0.0001290677267827723,0.00017041092075413056,0.00013965777511671802,0.00021294328440055427
2018-06-17,-0.006869772171025135,-0.0013877037107889272,-0.00013819898915030425,-0.0001756112967069033,-0.00015691152765099134,-0.00023220087450073168
2018-06-18,0.03923897459050307,0.008325779439231755,0.00180456916560464,0.002106311200734804,0.001979908647530472,0.002366229721592367
2018-06-19,0.004280581993943544,0.0008530228070336805,5.631920757007442e-05,5.51405485820381e-05,6.354765156138965e-05,6.770838468025112e-05
2018-06-20,0.0030743393352445914,0.0006526264515828155,0.00014129892777906824,0.00014139544994319484,0.00015879505589491428,0.00017424213523524476
2018-06-21,-0.004861925943298817,-0.0012650905490088594,-0.0007604337151775959,-0.0007849042945143875,-0.0008380299836174223,-0.0009709392639266183
2018-06-22,-0.09832748155118243,-0.029169200286116203,-0.02247754629127039,-0.02217457482272016,-0.024005609470395355,-0.02570166837506601
2018-06-23,0.01892045299656253,0.004008613089723768,0.0008812974286672934,0.0005140779018884359,0.0010390818798413687,0.0007904279797244107
2018-06-24,-0.004492641740802328,-0.0009971974379402774,-0.0003138812891880904,-0.00021688516198147974,-0.0003718375793988967,-0.00031368577578405713
2018-06-25,0.015789221221385485,0.00397738567967073,0.002169108417234016,0.0016060866091341644,0.0024084148298584027,0.0018086554526185507
2018-06-26,-0.023609487948817565,-0.006432021174932154,-0.004264474144912845,-0.0030905946236439875,-0.004677414273242136,-0.0033301517436117637
2018-06-27,0.007063649515773207,0.0017851943212490258,0.0009855257763368996,0.0006101165434328703,0.0011085782789467572,0.0006813426226019007
2018-06-28,-0.04569884944145708,-0.01372210899733197,-0.010766946593598994,-0.00761481473208661,-0.011337357748029084,-0.006996971685614542
2018-06-29,0.06183656922778247,0.014458244353007329,0.006042727493302001,0.0029404205856586947,0.006491035856687601,0.0022270676197910675
2018-06-30,0.024856077972902568,0.005005390477274801,0.00046483683788313234,0.0003380542760572524,0.000492012434332932,0.0003339282162363801
2018-07-01,-0.0022176458537682686,-0.0004488578745286889,-4.689622208158335e-05,-4.460955519351378e-05,-4.9895305250944905e-05,-4.927492731016582e-05
2018-07-02,0.03882235353649821,0.008452224958270036,0.002312746850671034,0.002118348078143918,0.002464101652736545,0.0023257904657430824
2018-07-03,-0.016654537414902526,-0.003410370685169141,-0.00045311542366771287,-0.0006183085318706499,-0.0004997248415753728,-0.0007721795020974025
2018-07-04,0.012468710162343521,0.002576641592609762,0.00039991853353571667,0.0006881615992267355,0.0005265599012248979,0.0011159952404288674
2018-07-05,-0.006692923307036414,-0.0014787649336603374,-0.00045198743053691216,-0.0007601370605839009,-0.0005897241910464239,-0.0011373619043487566
2018-07-06,0.009664546172200472,0.0023537006875656353,0.0011509692600668129,0.0016841224115806404,0.0013987839046658676,0.0020146138378901953
2018-07-07,0.02112568745021748,0.005944661921102028,0.004193109705625318,0.0050911115115836484,0.004869298891596634,0.006224013141620698
2018-07-08,-0.004888216643536336,-0.0013779434299009883,-0.0009758372866662771,-0.0010684569409444842,-0.001140189358564543,-0.001294053888231549
2018-07-09,-0.006099384740938518,-0.0020055614741757064,-0.0017644907544807314,-0.0017855739826752573,-0.00193373403523812,-0.0021573799792465377
2018-07-10,-0.053262125772763125,-0.018460387111831445,-0.017081306838059137,-0.018297713810356123,-0.018210600528999425,-0.020934642772031817
2018-07-11,0.010919573627643286,0.002883522903991039,0.0017966697362515932,0.0014217271521158586,0.002341792124386953,0.0023036552372088306
2018-07-12,-0.03426005642912655,-0.010478075057954474,-0.008434146208284109,-0.007832873437694735,-0.009938764623297269,-0.010887002688258398
2018-07-13,0.008039477811656592,0.002018506841685993,0.0010986644493969785,0.0009609081307882891,0.001542199218595328,0.0017079350257118093
2018-07-14,0.007429056847626958,0.0021800149177993826,0.0016483239827734559,0.0016191106972385533,0.0020329267774289775,0.0023758703776884872
2018-07-15,0.014786591842189223,0.004910218085415783,0.0043553270060263235,0.004399133194762172,0.004875990127554534,0.0054973902512327815
2018-07-16,0.05721893614968776,0.019640122628281995,0.018008669725862497,0.01749899437655284,0.019425763653417097,0.019921864324702648
2018-07-17,0.0908664711508167,0.023916088958797106,0.014693723363598499,0.009274561251585824,0.018340374940191688,0.008809305978314754
2018-07-18,0.007573634752426006,0.00149939270725856,9.053515930486686e-05,6.473929998685218e-05,0.00014035972403267716,4.4562224200950554e-05
2018-07-19,0.012336698185460016,0.0027431427799935,0.000871607041710597,0.0006478440940149235,0.001105225350760455,0.0005409259633564864
2018-07-20,-0.018719294643315565,-0.004625847226908515,-0.0023835043787754726,-0.0017813223462596086,-0.0029185051614138455,-0.0016778055732194364
2018-07-21,0.011369731001441119,0.002794962750662678,0.0014143424111031238,0.0010162716628082942,0.0016414378234582278,0.000686870776294715
2018-07-22,-0.001495415334466177,-0.00044640796507437123,-0.00035134320793127436,-0.00026414645094379407,-0.0003862743671507807,-0.0002106002534807133
2018-07-23,0.0427968884465173,0.01380877955838391,0.01187197976973534,0.009549972370630579,0.012575115115182178,0.00854785029189396
2018-07-24,0.08831569270661421,0.02311473177399466,0.014004993371925824,0.007225958201292862,0.015204005067452965,0.0042524677722391956
2018-07-25,-0.02320850514429673,-0.004825867837728093,-0.0008061005484195176,-0.0004033670867022478,-0.0008674707947464325,-0.0002843311435298802
2018-07-26,-0.03520656602478911,-0.00717697217175016,-0.0008768268656580484,-0.000577261156297723,-0.0009363206707849861,-0.0005569480949710444
2018-07-27,0.032833725795819335,0.006535260857921344,0.00040510070952138954,0.0004348674064687001,0.0004437748712051283,0.0005237453646438351
2018-07-28,0.0020291048068028505,0.00040088231171476546,1.709714474893387e-05,3.349374148724e-05,2.135332259235731e-05,4.3484360469364426e-05
2018-07-29,0.0047917041164475815,0.0009854435706820285,0.00014111580656058946,0.00027247263976339195,0.0001631295288680553,0.0003461622588006124
2018-07-30,-0.0070193300306408135,-0.0016474544603642524,-0.0007015962546048892,-0.0010952064079071445,-0.0007919943200128991,-0.0012841154362330295
2018-07-31,-0.05466412822826183,-0.014472667525084233,-0.009011887520842253,-0.011334436137488774,-0.009702809359168773,-0.010801285108609759
2018-08-01,-0.0166256067520133,-0.00361039128145555,-0.0007542199714742236,-0.0009309569482432085,-0.0008071141682347619,-0.0007930416550947216
2018-08-02,-0.007108792530978181,-0.0015428662203473113,-0.00031866685541485375,-0.00043150218704718135,-0.00035844588815070217,-0.0005547592873503592
2018-08-03,-0.017414255466433493,-0.004139364107162983,-0.0016176801158758393,-0.001587219043350235,-0.0016943189487229676,-0.001517143002589547
2018-08-04,-0.05520396617704604,-0.013118101651198125,-0.005113804690813963,-0.007451916725407651,-0.004410740540747226,-0.0048628409549701735
2018-08-05,0.0041956901950210845,0.0008401455108691237,1.70763023943824e-05,0.0002464234441743975,2.4581676120199447e-05,0.00026275787579970345
2018-08-06,-0.014448636695759354,-0.0032607598916852016,-0.0009458064604442934,-0.0022390522338891694,-0.0008949377997383153,-0.0021130667701174037
2018-08-07,-0.029929687440029107,-0.00694412423719815,-0.002393563897466902,-0.0047675075344060175,-0.0023524107839572725,-0.006490223293371411
2018-08-08,-0.06771059107098787,-0.014592227395378911,-0.002782706549917411,-0.007305533079656152,-0.0026437362036715946,-0.007348172469158196
2018-08-09,0.04638426775591853,0.009399472005159176,0.0004131116907378102,0.0022881357062812576,0.0003560655137234361,0.0018574504028391295
2018-08-10,-0.06440055023804814,-0.012996337110695881,-0.00043256291807603,-0.002853933584170117,-0.0003786976622388684,-0.00238889727323477
2018-08-11,0.029009884582495093,0.005839725474332049,0.0001569509639641157,0.0011176005371497705,0.000221386168260576,0.0011368406350708066
2018-08-12,0.00014925267133247822,2.936092109419134e-05,-9.65609213726451e-07,1.5724982457240125e-06,-1.9299567766084937e-07,2.0263613312346495e-06
2018-08-13,-0.007734916380013779,-0.001632612853172907,-0.0002340844223642159,-0.0006169670454194499,-0.00027856717472066477,-0.0007430632832904642
2018-08-14,-0.012930246256339983,-0.0028991939706557316,-0.0008017126877212408,-0.0010648899151246601,-0.0009122647920579965,-0.001275073132252258
2018-08-15,0.013805670593519226,0.0032141737664393806,0.0011287058596265345,0.0011900762157554588,0.0012319141598288532,0.001225122661666614
2018-08-16,0.0032751121441552122,0.0008103461875171138,0.0003728994106157032,0.0002994017992384298,0.0004190546378205767,0.0004792060670439236
2018-08-17,0.04329019810375345,0.013183367419518907,0.00988640312158678,0.004856318086057185,0.010489595398150763,0.007086808289273972
2018-08-18,-0.024956405317734354,-0.006114313413639908,-0.0027065605851251257,-0.0013782580332660315,-0.0026918260280795036,-0.0010951099273782744
2018-08-19,0.014287321996987012,0.003231250661513624,0.0009508409493744345,0.001042313265914514,0.0009459940939949492,0.0009068341727613067
2018-08-20,-0.03354998031654166,-0.0081899773848535,-0.003589518780915078,-0.004336516889765761,-0.003697405629549953,-0.00472507015972674
2018-08-21,0.03190256953759962,0.006920238263819293,0.0014239340427038092,0.004470214257886252,0.0015376553334090824,0.0044754872244587105
2018-08-22,-0.01669472243406578,-0.003505536230739881,-0.0004586523137758846,-0.0025156198596354156,-0.00047214591658409013,-0.0020410143327820175
2018-08-23,0.023786168089303894,0.005034713250230581,0.0007536268963495559,0.00430483718288219,0.0007306940414689559,0.003550969841866753
2018-08-24,0.027825578872463286,0.00586623516312291,0.0008234187274081859,0.004766879155361546,0.0009008213764607715,0.0055420718200038695
2018-08-25,0.007122868062615639,0.001477344518945493,0.00014997390769729035,0.0010121445089854915,0.00016408756453282878,0.0010114822348519297
2018-08-26,-0.00823810082324472,-0.0018543992767469984,-0.0005285636243868885,-0.0017070496969586668,-0.0005586378419360347,-0.0015957359731585132
2018-08-27,0.02231577506140625,0.0054465934083367225,0.0023829556568804237,0.004563159109444072,0.0023842430593422376,0.004110251412577313
2018-08-28,0.037111998375817024,0.008962912682091208,0.0037574525298617635,0.007437531686036817,0.00386510664338889,0.007194598327161328
2018-08-29,-0.008395031734182878,-0.0018449447558408522,-0.00042892077956512676,-0.0012500271626247454,-0.00035482274828821885,-0.0008183390805227831
2018-08-30,-0.009449776656316966,-0.0022302246119972756,-0.0008425013672255596,-0.001975943470877811,-0.0006138736312967705,-0.0013572335885914737
2018-08-31,0.008350414709823228,0.00212842572367367,0.001084815705175031,0.0019943311683480506,0.0007597451937402699,0.0013777355815569727
2018-09-01,0.023801909787411812,0.007126417898972322,0.005205136588787307,0.006875631746253443,0.004059695065174676,0.006462210898868597
2018-09-02,0.013113267612554935,0.003750830563875331,0.002533856448980411,0.003269525693769175,0.0018766989134642708,0.0025930491557403807
2018-09-03,-0.004006986181487648,-0.00129107439316303,-0.0010478096846329211,-0.0011903936068287096,-0.0008635564934988498,-0.0012060912605884558
2018-09-04,0.01396371766782245,0.00488665529261778,0.004330446472639893,0.004621371155819081,0.0036336366426628053,0.004163825957272629
2018-09-05,-0.07717471117728203,-0.027968372272690188,-0.02559727117265777,-0.025093061339901336,-0.018833597963305866,-0.017340625626305096
2018-09-06,-0.044592250027790215,-0.01151669907416533,-0.00609449950235641,-0.003916412422674538,-0.002768604831310165,-0.002662414501410012
2018-09-07,-0.012241273870511327,-0.0026750092745423614,-0.0005859652137002069,-0.0007847001466182383,-0.00015631877369141832,-0.0005056441909910372
2018-09-08,-0.03446326375507969,-0.007740768160912013,-0.002166401488388549,-0.003602466103158164,-0.0006878392768927962,-0.0037983652670961253
2018-09-09,0.009931785503048518,0.0020646398049898192,0.00022220181761148353,0.000661330284832859,9.943396067269785e-05,0.0006435503158813106
2018-09-10,0.007383657154045542,0.0016351484001209207,0.00040826439338112784,0.0007852629698813014,0.00020428398606606068,0.0009002111043796129
2018-09-11,-0.002694664929863144,-0.0007177979156283922,-0.0004195974272625688,-0.00038019538162266863,-0.00025808474093793113,-0.0005416484376391744
2018-09-12,0.007822300397309467,0.0023257251732504486,0.001676315369006669,0.001126095749019663,0.001189627595928168,0.0016293336211445817
2018-09-13,0.025819836325700507,0.008837350016020012,0.0076618935404201135,0.0038076495205902625,0.006321979471448259,0.004908326039495286
2018-09-14,0.0005828398680527425,0.00016316484534869056,0.00010818496798955661,9.841877223905484e-06,9.547317920976953e-05,1.2320186697084229e-05
2018-09-15,0.004537578179260482,0.0015936052570816792,0.0014160133524260914,0.0005767614251718394,0.0012336736852668437,0.000605018752781275
2018-09-16,-0.00410182197475939,-0.0015651872258024377,-0.0014936212404025584,-0.0011379884813575228,-0.0013495980045911443,-0.001067038224930949
2018-09-17,-0.03675464857035804,-0.014065694853417375,-0.013448243539544498,-0.013416916860954527,-0.01282411331555422,-0.014542761998361247
2018-09-18,0.01306250314775248,0.004277133454175315,0.0035368686270674655,0.0029482775656544343,0.003662909224666474,0.0032283991683333575
2018-09-19,0.0068772387675588575,0.0023908228836145066,0.0021055998392376708,0.002224089130534397,0.0020896417899201676,0.0021930479107561437
2018-09-20,0.017959915342895094,0.006656624033343002,0.006207648967531021,0.0065289867987284485,0.005934053946672657,0.00641675829989528
2018-09-21,0.03732119571148007,0.013701944279848718,0.01267930183404725,0.012652057509455254,0.012245325499509335,0.01290643650321703
2018-09-22,-0.005290919994549559,-0.0017149568793741008,-0.0013964717976623197,-0.0012940445992453275,-0.0013931693369038007,-0.0012385430954222208
2018-09-23,-0.000348849450604205,-0.00015745433497896147,-0.00017138412434333599,-0.00015246036045510472,-0.0001734189414302072,-0.0002900432100277521
2018-09-24,-0.01888546349730158,-0.007078746408683882,-0.006661995956768632,-0.005994615516859234,-0.006475420925861337,-0.006655678288217396
2018-09-25,-0.024344238731958012,-0.00877675901684989,-0.007996183809848456,-0.006699866525976566,-0.00777807828559594,-0.006810253243025439
2018-09-26,0.007294754194479447,0.002387643368087638,0.001972782600878839,0.0015822884005457928,0.002088791173879919,0.002077480817417054
2018-09-27,0.03321085702011284,0.011987305784210272,0.010931472041595676,0.0088912001665497,0.010607560714426147,0.009023492975456153
2018-09-28,-0.008202327789789798,-0.002650551798416692,-0.002152841865677494,-0.0018158329077088277,-0.002246815615297174,-0.0019461651768135717
2018-09-29,-0.005832142003830643,-0.0020410322399224863,-0.0018106910468176373,-0.001657871219369092,-0.0018600172532762002,-0.0020338634167007754
2018-09-30,0.0030352924836876127,0.0010917606982946849,0.000992292070872833,0.0008636234347237958,0.0010116777832147616,0.001128495511556132
2018-10-01,-0.006460942208365794,-0.002470710896214063,-0.002361148572759279,-0.0020049836501031216,-0.0022418621813582347,-0.002152586788638795
2018-10-02,-0.008091191701968592,-0.003095210513265398,-0.0029584691594638835,-0.003040219605383068,-0.0028905409017451035,-0.0033548372500595306
2018-10-03,-0.006800736333765989,-0.002597962259182928,-0.002480626377989182,-0.0025239201046590026,-0.0024498619993792914,-0.0028562254551807043
2018-10-04,0.012503575479627438,0.004784965008583978,0.004574872484348496,0.004618339680581835,0.004379537176298727,0.004623068051767375
2018-10-05,0.006090477033911634,0.002320297950768893,0.0022109816785148557,0.002303260356252709,0.002182590522109457,0.0025990366880903216
2018-10-06,-0.005265068539557549,-0.0020274672017197687,-0.0019473751576493273,-0.0022876477618326402,-0.0019299350033476132,-0.0024445676624787857
2018-10-07,0.002150979440766143,0.0008271508347338581,0.0007936661204678043,0.0009200368797118479,0.0007869032633709576,0.0009824308860999897
2018-10-08,0.0061111427953053354,0.002358902197281531,0.0022696466579703507,0.0031892956388944243,0.0022471962429524445,0.002972677147577039
2018-10-09,-0.0021585664367396173,-0.0008336537994658697,-0.0008024228110700895,-0.0011834739805413606,-0.0007819769861895997,-0.0010488689893675734
2018-10-10,-0.009305341073314932,-0.003594842382270485,-0.003460904046713758,-0.005118125735992735,-0.003305056186268645,-0.004494881156427892
2018-10-11,-0.056646498813722634,-0.021692958925484798,-0.020751161510478313,-0.03054915453331881,-0.01838937342841572,-0.02587748304464431
2018-10-12,0.00526453253351189,0.0015009199174061372,0.0010202612164720134,0.001045521485763244,0.0008601220971297882,0.0015073907898052945
2018-10-13,0.000970411230832191,0.0002904722113395211,0.0002123457762577841,0.0002442972095638152,0.0001807947566206865,0.00030319575894497037
2018-10-14,-0.0023890130701396117,-0.0009159393730648115,-0.0008779630384666887,-0.0007240129330028624,-0.0008618671238937466,-0.001022643566877218
2018-10-15,0.04202509144612909,0.01602499456056234,0.015280396706677472,0.012821089137739983,0.014748087557395425,0.014958608721185603
2018-10-16,0.0029834850591470286,0.0009173800895406683,0.000703794604153007,0.00036451198469503605,0.0008861747679578357,0.0008578393918921934
2018-10-17,-0.0029722447951565645,-0.0011153507131129081,-0.0010526543487236464,-0.0007653782886170774,-0.0010777006316419868,-0.0011364003517883759
2018-10-18,-0.007178770963667702,-0.002725756094531097,-0.0025910128843055994,-0.0017709674673216087,-0.002604131690613277,-0.0025612209957496987
2018-10-19,-0.0020952105439122626,-0.0008004617713965258,-0.0007643690567567759,-0.0005093954159209515,-0.000746255692677694,-0.0006538662005804455
2018-10-20,0.0039440073935570474,0.00151261564714977,0.001448527496181855,0.0009668279919527826,0.0003821545342633421,0.0001345363192722234
2018-10-21,0.0011060357410435095,0.0004254448855037298,0.0004083084228800186,0.0002729832824346068,0.0001744071046936428,0.00010417988118891497
2018-10-22,-0.001138967966816673,-0.0004410958854747572,-0.00042542048136079864,-0.0005981521446189544,-0.0004309316493920014,-0.0006420590244180545
2018-10-23,-0.0018798229561127755,-0.0007269246821641357,-0.0007003358542798278,-0.0007865777357361613,-0.0007023086708235268,-0.0009964462755536721
2018-10-24,0.0027854922823487005,0.0010765454758786043,0.0010367508960747091,0.0011450631663385419,0.0009790578326956134,0.0010673748906375484
2018-10-25,-0.0017896996292794398,-0.0006925687014221829,-0.0006675805817116358,-0.0007367036936870729,-0.0006375925685827163,-0.0007445915526636642
2018-10-26,0.0002786008522110972,0.00010748584696620002,0.00010338131553699114,-1.7512775045263175e-05,9.673862545025467e-05,5.354432474479857e-05
2018-10-27,0.0008270901772440276,0.0003197113945716288,0.0003079316029646181,0.0004915332825118796,0.000295603546760341,0.00041288507642362734
2018-10-28,-0.0004325010474681701,-0.0001674498069492765,-0.00016146566503228278,-0.0002597368723782012,-0.00015708676920301933,-0.00021651413676798724
2018-10-29,-0.022412944949128932,-0.008670591829134947,-0.008355908680253299,-0.013573948813774014,-0.007965021054386175,-0.01125661695147524
2018-10-30,0.0014571184350424815,0.0005141893589298105,0.0004601675220489018,0.0007091495489456545,0.0003383953895727456,0.0005613286898937416
2018-10-31,0.005444561525978386,0.0018420992160411308,0.001786523242802055,0.0027374884157355043,0.0016331724359254438,0.0020959488786295166
2018-11-01,0.0058133090450351865,0.002002906024287629,0.0019371837615940002,0.0029346594354238225,0.0017720053239729443,0.0022498422723502016
2018-11-02,0.0008183983177068033,0.0002821568920768247,0.00027307353655505693,0.0004082744775664708,0.0002463413153819006,0.0003153013605668342
2018-11-03,-0.0024785809532341663,-0.0008581913780704579,-0.0008339531609253915,-0.0012461158714025342,-0.0003371793290155583,-0.0006654084447088086
2018-11-04,0.013894793926246152,0.004806231525915883,0.004666115522903569,0.0069846747115052555,0.0004571576388834743,0.004987811607316457
2018-11-05,-0.002721808832563455,-0.0009373635813016849,-0.0009062281653952346,-0.001339640338318931,-0.00019677494563179372,-0.0010656024313343531
2018-11-06,0.005965749967224099,0.002056869120824567,0.0019907185865058515,0.002899313878303561,0.0007375540710089692,0.0023471441818105746
2018-11-07,0.009272355175576008,0.003203796419726141,0.0031071415405983325,0.004478495148199065,0.0017171517562529581,0.003301483742205746
2018-11-08,-0.0144775807612183,-0.004996164088812636,-0.0048397481378603035,-0.006900606825800911,-0.0036633991970769645,-0.005453556876097473
2018-11-09,-0.011764800532177433,-0.004011729157977387,-0.0038411122302009796,-0.005882175320161792,-0.0029303158884212044,-0.004476632297954427
2018-11-10,0.0034327383936219036,0.0011650422089605412,0.001110267881191686,0.00166681000404964,0.0009062066172156082,0.0013234961416412295
2018-11-11,-0.002785804508778411,-0.0009633186836821439,-0.000935000211337374,-0.0013712822000518066,-0.0008914577447094632,-0.0010987945586267787
2018-11-12,-0.0023294688759738502,-0.0008053167591804166,-0.0007814261377306544,-0.0011510924914220862,-0.0007449324930922716,-0.0009121058086711173
2018-11-13,-0.008340599787118319,-0.002883556614443374,-0.0027981360926296194,-0.004111872902488636,-0.002520192616300149,-0.003173114096511771
2018-11-14,-0.11067110799192192,-0.03810179542440299,-0.03682503322041534,-0.05389218982080556,-0.029015175713309208,-0.039878711486451224
2018-11-15,-0.006404034196585973,-0.0018795897463135076,-0.0014816440462786318,-0.0010341742544055722,-0.00046363927623560515,-0.0005524763854657974
2018-11-16,-0.007681486164500928,-0.002424139453239863,-0.0021300289552090303,-0.0009259234214826365,-0.000644562564077813,-0.000594444962086685
2018-11-17,0.0009235979442778763,0.00028692845773968165,0.000246871201490576,0.00010901557469085773,6.819379329932841e-05,6.30192775023539e-05
2018-11-18,0.009867857980736305,0.0033440105414781003,0.003181730779014211,0.0013362901892559477,0.002184697535011234,0.0020202975223233425
2018-11-19,-0.13737616828101773,-0.047076752932040236,-0.045294823301418936,-0.018338639477410216,-0.03897651327131853,-0.03441468498021725
2018-11-20,-0.09905040508531149,-0.02824051526964897,-0.0212625577580398,-0.0018076748570188587,-0.000335841783672828,-0.00042995770998000287
2018-11-21,0.0536860899370637,0.011553025098979519,0.002788586154019705,0.0005754079533433107,8.476098257663397e-05,0.00016556478677586716
2018-11-22,-0.05400946797994255,-0.010908926060612388,-0.0008523081159256973,-0.0005570253453671766,-0.00030839577893569214,-0.00036785849627657993
2018-11-23,-0.0031886433750412113,-0.0006367936600757602,-3.000116759437069e-05,-3.12176324227129e-05,-2.2580373565621468e-05,-2.282293744698491e-05
2018-11-24,-0.11272447703028421,-0.023083446048265403,-0.0026555694367612144,-0.001916846945846471,-0.002380973110763037,-0.0012584227807731047
2018-11-25,0.03692124229738081,0.007337699213737805,0.0002470400142433364,0.0003393186604152415,0.00013231383264803015,0.00012217748155613986
2018-11-26,-0.06247129407675822,-0.012418408142701348,-0.00042584313863198027,-0.000602649359256729,-7.977835641920958e-05,-0.00013630846493813492
2018-11-27,0.020611896695224008,0.0040861459151551,0.00010868953328690998,0.00017229616879803054,5.075718348246096e-05,6.673149776575744e-05
2018-11-28,0.11436858731895039,0.022853819560532257,0.0011159854781605902,0.0011816260883950398,0.0007249300575859711,0.000650759270937437
2018-11-29,0.007262539807277868,0.0014384724142385778,3.470680360299673e-05,4.5426635238670546e-05,3.968703244278531e-05,3.1895723207087057e-05
2018-11-30,-0.06268057580850994,-0.012739511418398857,-0.001211172831876652,-0.0010079286112342264,-0.0012854805231352004,-0.0009073631447422209
2018-12-01,0.04397809773606687,0.008741281772398225,0.00029724596822909436,0.0005390445528254358,0.00016528342329417506,0.0001846866033997006
2018-12-02,-0.01189153447632274,-0.0023612617991874358,-7.36650656840387e-05,-0.00015501200967348627,-5.693349355288221e-05,-8.004162622742427e-05
2018-12-03,-0.06215804795286961,-0.012514222652731352,-0.0008691136839236889,-0.0012548087986980689,-0.0007827206326653534,-0.0009782823017857349
2018-12-04,0.012740707153255482,0.0025277282382469395,7.287337159832353e-05,0.00014956950448686396,5.7353053434727635e-05,7.190449671857382e-05
2018-12-05,-0.04711869176743155,-0.009530900335516648,-0.0007832789091286002,-0.0013635388293448476,-0.0007406677806077655,-0.001023123690713117
2018-12-06,-0.05325536214195625,-0.010604376714581965,-0.00041384384079639204,-0.0010424019922261674,-0.00033986331983822457,-0.0005251171341161328
2018-12-07,-0.03957133156380077,-0.007850702386631008,-0.0002257030635520287,-0.0007752397679976383,-0.00020409526036651015,-0.0004081732816057951
2018-12-08,0.01036334025641139,0.0020564805107776358,6.0414565174234454e-05,0.00020024871915597827,3.657760197545064e-05,7.39890978431154e-05
2018-12-09,0.03887625549478724,0.007873749753188037,0.0006741481071366709,0.0020285831004450017,0.0004881789250168222,0.0010701535210159506
2018-12-10,-0.03582803465374096,-0.007163416204806328,-0.00036095494381865103,-0.0012844626546947558,-0.0003281217424183683,-0.0007932211708143225
2018-12-11,-0.01787805149013233,-0.003558241174398643,-0.00013415322595149393,-0.0006892741274500767,-0.00013635915066687474,-0.0004044174320260669
2018-12-12,0.02101338363788985,0.004209681253084603,0.00023506278716812397,0.0011594360977203904,0.00022184634144102605,0.0006540854028214738
2018-12-13,-0.047522851762088814,-0.009594343907245836,-0.0007388545995406931,-0.00308169001116999,-0.0007124339937772883,-0.00192806806020972
2018-12-14,-0.018830575618097423,-0.0037498603481269177,-0.00014702586603585654,-0.0009048776988224204,-0.00013213192861787795,-0.0004579943894925643
2018-12-15,-0.004336873293366517,-0.0008695969206678766,-5.071367500012436e-05,-0.00028747754398088433,-5.25551944656424e-05,-0.00018965154692135656
2018-12-16,0.003246552907257616,0.0006675001377130058,8.356591338436537e-05,0.0003357882328350675,8.444094666018322e-05,0.0002655886281737267
2018-12-17,0.09505556208782284,0.021819842621314048,0.00838284214697212,0.017990065973655826,0.008428690099386122,0.017998136909463076
2018-12-18,0.04583130198914631,0.009226179770136803,0.0006427386067555662,0.0019228167171346127,0.0006502637799608542,0.0014756561412583448
2018-12-19,0.01043793912760349,0.0020763984839307532,7.54141918279638e-05,0.00038074885196148154,7.353341516162662e-05,0.00020456850762684526
2018-12-20,0.10006487072159875,0.020434856199609,0.0022020294753588307,0.0075543677721406615,0.002254415021659864,0.005622160444964992
2018-12-21,-0.05621124462380089,-0.011176265259186002,-0.0003893867746701318,-0.0014590033447182068,-0.00035997546182854704,-0.000814385932330912
2018-12-22,0.032784115052360896,0.006500593703942634,0.000176857408012841,0.0006959756490970269,0.00013899298010252196,0.000320430868478735
2018-12-23,-0.005619022237350224,-0.001117242366978735,-3.9042520021100064e-05,-0.0001320354901531654,-3.931113417705409e-05,-8.089450232199657e-05
2018-12-24,0.02469871125026457,0.00502838310578638,0.0005005637369891575,0.0010910599946650724,0.0004725905659428193,0.0007706106098709802
2018-12-25,-0.06892540166286976,-0.01401976769592645,-0.0013622328225786355,-0.002440192342093928,-0.0013093226298549327,-0.0017473406847883595
2018-12-26,0.012248415186558503,0.002430622745475114,7.176547790711228e-05,0.0002109912322630665,6.983178000938173e-05,0.00011911979366442497
2018-12-27,-0.05835528019615033,-0.011836768720827355,-0.0010618918415580803,-0.0018803821895605924,-0.0010290782877239429,-0.0012913588805059711
2018-12-28,0.08244250521110352,0.01639188458916276,0.000571958724868225,0.001834110346122493,0.0005507500963228885,0.0010216181340538962
2018-12-29,-0.014922890929338073,-0.0029585292773415635,-7.920888214413083e-05,-0.0002777132484436513,-8.607004610189394e-05,-0.0001641392781669216
2018-12-30,0.0005935272460910745,0.00011685590208116834,8.483053271052959e-07,7.727480081934422e-06,5.654536521957035e-07,2.0014791427823266e-06
2018-12-31,-0.036128837028351124,-0.007579350084547748,-0.0013442139142322345,-0.0022210427242217714,-0.0015639923041480125,-0.002410488685134415
2019-01-01,0.03279396114895872,0.0066158201965297505,0.00049648700986968,0.0011792109719766762,0.0006417430222816767,0.001181343881977655
2019-01-02,0.023654639988291093,0.0047369111143308155,0.0002592918659849215,0.0008632851384129877,0.000333326686746989,0.0006798117973975877
2019-01-03,-0.029195250792695138,-0.0058709014439380924,-0.00038872346391381784,-0.0012415248419963116,-0.0005021699461779025,-0.0010268200797824627
2019-01-04,0.011398395840479303,0.002277935425352234,0.00011190947354318579,0.0004006678664194723,0.00015271004086770692,0.00034329801790408616
2019-01-05,-0.007553351697478394,-0.0015569388988777835,-0.0002060969622874904,-0.0006165247355766371,-0.0002798324628101475,-0.0006087173032517298
2019-01-06,0.06512370641477827,0.014086504150457554,0.0035471431347759313,0.006753910116825577,0.0043946416397945935,0.0066852691445875535
2019-01-07,-0.011116056842097377,-0.00224817199994041,-0.00018246271725957272,-0.0005447282356387045,-0.00022205460761022007,-0.00038810005278609467
2019-01-08,-0.002098338050871673,-0.0004350163562095915,-6.41867540404125e-05,-0.0002894856027312272,-6.808527541668911e-05,-0.00015637400760530167
2019-01-09,0.0029144366901729946,0.0006298986268919597,0.00015642743599355007,0.000451394834187658,0.00016356082819284984,0.00031480955230659595
2019-01-10,-0.09398882097076922,-0.024204158583087457,-0.014521425676976991,-0.019587667026683724,-0.015007912599622928,-0.02248131529951366
2019-01-11,-0.0010314576950551935,-0.00026368054992648485,-0.0001545938616801553,-0.00020940146258429076,-0.00015983939417936355,-0.0002396509334365915
2019-01-12,-0.0019699295788638826,-0.0004708510542173529,-0.0002224963368430778,-0.00021893503105387905,-0.0002428217969499336,-0.0003318157180781633
2019-01-13,-0.02995612629583211,-0.007981853112724556,-0.005230141688945163,-0.0035651754139550966,-0.0055077482150511685,-0.005921905680594343
2019-01-14,0.04510970844935902,0.01057100832561836,0.004514775760649664,0.002667188324702551,0.00497878250866433,0.0043963487043076534
2019-01-15,-0.02335791066755022,-0.004901182069198724,-0.0008678002799486722,-0.0009193836306858643,-0.0010011367856454785,-0.0008139289329521269
2019-01-16,0.007174380897511767,0.00147360322402822,0.00018129804675366706,0.00030101745448599137,0.00020686157197287967,0.00022544505325225344
2019-01-17,0.009188433126430695,0.0020213970564594815,0.000587327259737718,0.0008155486024514348,0.0006455871838039885,0.0006182061691532435
2019-01-18,-0.008434424550443187,-0.002119135423043868,-0.0011848455195121183,-0.0010705256734120194,-0.001290893385208124,-0.0012032995619016393
2019-01-19,0.021575510658055297,0.005905737064701956,0.004105054251244417,0.002740411763340297,0.004342904517250909,0.0038352646616151742
2019-01-20,-0.040405760020531756,-0.010981262673311228,-0.0075202652411489514,-0.00393077158311565,-0.008225770608676939,-0.00609211523404209
2019-01-21,-0.0007603423932044384,-0.00021752437456732326,-0.00016690989602399418,-9.103190375924924e-05,-0.00018059550231942117,-0.00013058979537532563
2019-01-22,0.011789987822922399,0.003063392014942469,0.0018779429332938856,0.0024296809623817134,0.0021325130269640572,0.002320698244092358
2019-01-23,-0.007104371821812117,-0.0020887138308240665,-0.0016597078647506078,-0.001715419070810029,-0.0018066917261790145,-0.0019727627952784077
2019-01-24,0.004418801151602647,0.0013665915155263583,0.0011676399538048852,0.0011432736339177358,0.0012159538865332536,0.0012683624322759126
2019-01-25,-0.0017486419613097492,-0.0006053952938412483,-0.0005891902956960671,-0.0006613889678231287,-0.0005835155438320176,-0.0006775706641005384
2019-01-26,-0.0012103786759112278,-0.00042172947588301775,-0.00041238575390841685,-0.00047883864453517137,-0.00040474076476827004,-0.000465215762156753
2019-01-27,-0.005461221996855725,-0.0018860151362825503,-0.001828245659750888,-0.0020521912722944,-0.001799360403411349,-0.002037081103164115
2019-01-28,-0.028991747774463894,-0.009998764214926613,-0.009679993608594535,-0.010877664353137717,-0.00943934576256693,-0.010450600734743425
2019-01-29,-0.011420131299414216,-0.003739935979092805,-0.0034309515801509488,-0.0033189454921100556,-0.0035781499031138,-0.0037027873562187046
2019-01-30,0.012389365820027365,0.003257369086888227,0.0030539930634367416,0.004123817836052228,0.0024078076275141974,0.004442667854674891
2019-01-31,-0.008075942735613073,-0.0021771265531292617,-0.002073705923468464,-0.0036550376064887996,-0.0016412515328119185,-0.0035518974347940073
2019-02-01,0.010239568207172312,0.0027682736875461037,0.0026551046203364894,0.004510412519224048,0.002108323058735035,0.004698606784817659
2019-02-02,0.004901300914742057,0.0013281173050169136,0.0012808906152114033,0.0021709322939320323,0.001021089069903439,0.0023882595495014086
2019-02-03,-0.014128947975369122,-0.0038408656908154684,-0.003732696869547056,-0.006312008292184071,-0.002961763193504031,-0.006791133951228883
2019-02-04,-0.00047865345480224697,-0.0001307374689606583,-0.0001284793184193048,-0.00022288788527056736,-0.00010183760908327583,-0.00025597563301523433
2019-02-05,0.004419623287571062,0.0011996049487558239,0.0011615838581724865,0.0019101076290019242,0.0009158832228429542,0.0019328459741199998
2019-02-06,-0.01720684326543731,-0.004680260845621874,-0.0045546217259292655,-0.0074337174682362886,-0.0035667151017259257,-0.0074855691862228835
2019-02-07,-0.0025635485105852673,-0.0006941748830543199,-0.0006683808637074378,-0.0010657400714495797,-0.0005272888269026062,-0.0010755407578581424
2019-02-08,0.07550329379297116,0.020491208205135045,0.019836230082592932,0.035926786523419255,0.015039321162696106,0.033347490727714785
2019-02-09,0.0024328169788365717,0.0005866427439833108,0.0003909742325459703,0.00014244273439555896,0.000268085752753856,6.003824254235778e-05
2019-02-10,0.005731207265368798,0.0015000174278927646,0.0013212301513537013,0.0012939614912414986,0.0009897570628819943,0.0011762151229580966
2019-02-11,-0.014114102123042316,-0.0038085499591559934,-0.0036362454449924866,-0.00342708648973982,-0.0028160483607490186,-0.0033574610403149445
2019-02-12,-0.0007564206106019933,-0.00020396993411428722,-0.00019440291284674317,-0.00018853315515862012,-0.00015461029876792504,-0.00022250508490077067
2019-02-13,-0.0032935937732281317,-0.000895403106069774,-0.0008703533510606064,-0.0008080909290820901,-0.0006728784121424038,-0.0007657291815908393
2019-02-14,-0.00396215070708783,-0.0010771970480986906,-0.0010471169246346972,-0.0009740592687861177,-0.0008100301458080027,-0.0008786362293796801
2019-02-15,0.000867662234209643,0.00023575208797291578,0.00022884516238395807,0.0002115361493027209,0.0001770210669868059,0.00019023037017178718
2019-02-16,0.005534092730623552,0.0015054872737815669,0.0014655642387617104,0.0013649132423279562,0.0011543066510226565,0.001628295212968521
2019-02-17,0.010606478784201734,0.0028855893156274634,0.002809565684160289,0.0026771563831036334,0.0021792844089531297,0.0023959022222750912
2019-02-18,0.06717860439348122,0.018253217303059937,0.01771879199251601,0.016530228892969075,0.013925880980254378,0.01760053518304913
2019-02-19,0.0075801899567746744,0.001898359587661304,0.0014582384164041299,0.0012317389334884086,0.0013437667161662246,0.0011935296249593653
2019-02-20,0.00928743929755571,0.0024422923721164795,0.002180448730971056,0.002361532527869258,0.001793593673671634,0.002111510394276164
2019-02-21,-0.010009130216259154,-0.002693789909419892,-0.002555417879273335,-0.00276157862505851,-0.002052430748539485,-0.0032308856358751535
2019-02-22,0.014397468415475956,0.0038816389253178247,0.0036980218768728045,0.003924903955190674,0.0029490353575264017,0.003993953688364551
2019-02-23,0.04099247519855753,0.011064321609564803,0.010570153591428886,0.010867306853370812,0.008390304884207167,0.010769512157486052
2019-02-24,-0.08660687183560623,-0.022304342017092138,-0.018750422464020994,-0.013933047644501756,-0.01629489756990209,-0.014825849030437486
2019-02-25,0.018069149134988693,0.003945292804852243,0.001349682750930441,0.0009005034560795488,0.0017432753470386863,0.0009202222133175937
2019-02-26,-0.006761774428282186,-0.001521848711489731,-0.0006766182921963157,-0.0005305041592992048,-0.0008064284266446729,-0.0005717750840305251
2019-02-27,0.0008447776941982177,0.0001870908422644704,7.322579114660765e-05,6.016893328055648e-05,9.199507149678252e-05,6.204429547411343e-05
2019-02-28,-0.0016935042188300775,-0.00045800418960961005,-0.0004424724613292566,-0.00021208595679189814,-0.0003550403011858653,-0.00020057435207834266
2019-03-01,0.004662592500636054,0.0012404002847191354,0.0011423099155554286,0.0006686694648602906,0.0009245328339331189,0.0005918609302051108
2019-03-02,-0.0002596160947098136,-7.32692176023137e-05,-7.745539185537041e-05,-5.015837057976844e-05,-6.106145383884719e-05,-0.0001201862746191957
2019-03-03,-0.007155924570921068,-0.0019456080802779173,-0.0018915411278075949,-0.0011658856926562275,-0.0014772941247103565,-0.001141456008468529
2019-03-04,-0.022266396700501345,-0.006048014752144965,-0.005866278245755075,-0.0034748800893026964,-0.004563566264961293,-0.003099253395682385
2019-03-05,0.03838831278963828,0.010289381006150688,0.009661472024988441,0.004285598909250539,0.007572173463191712,0.003794381530351319
2019-03-06,0.0030911407735167984,0.0007749799329561866,0.0005979231111199333,0.00024352821766643196,0.0005135065618848579,0.00032206690780735005
2019-03-07,0.0010188848506469395,0.0002599963931832163,0.00021238773246745832,9.348137255204935e-05,0.00017753829627772494,0.0001137776462608838
2019-03-08,-0.004328306011564087,-0.001174667646922753,-0.001137183589270525,-0.0017831305437270015,-0.0008846710637835889,-0.0016806905404083677
2019-03-09,0.018526513872182182,0.005027291359718728,0.004864962538214686,0.007433999371630991,0.0038495552073960744,0.00831902071045326
2019-03-10,-0.0016492634282726515,-0.00044672352776634695,-0.0004304164700826766,-0.0006445740626814033,-0.00034236081478111405,-0.0007112493500257695
2019-03-11,-0.01340784061754352,-0.0036412599404122598,-0.0035305025730222608,-0.005123971463291221,-0.0027830546729664275,-0.00524200078435182
2019-03-12,0.001907249293313873,0.0005149122173173384,0.0004922110402131996,0.0006802243659452475,0.00039066458071534293,0.0006781909596101532
2019-03-13,-0.0018029310599065873,-0.0004910359544234649,-0.0004793278428563055,-0.0006796459210649802,-0.000370670576509456,-0.000653941890189463
2019-03-14,0.00047399242377110795,0.00012863352548993896,0.00012450941961880143,0.0001754009467929419,9.437964241402342e-05,0.00014946547944996475
2019-03-15,0.012489270552232146,0.003398181149454349,0.003309480589074751,0.005026843100459227,0.0026021081002975247,0.005724075732972868
2019-03-16,0.02252275813849547,0.006115051122917573,0.005925328493782899,0.011217005604926094,0.0046860480297506646,0.0115106641981548
2019-03-17,-0.005677629124795414,-0.0015299378457385344,-0.001455716208317065,-0.0026516492659305092,-0.0011641083203266507,-0.002657052827950578
2019-03-18,0.0005789181502218188,0.00015502571132691668,0.00014523308335002546,0.0002654631103610331,0.0001173031885002864,0.00025915542313937885
2019-03-19,0.00673338223077824,0.001828791608868995,0.0017735251584979892,0.0031033693905766027,0.00138825620013316,0.003056021976554644
2019-03-20,0.008630110928555368,0.0023464026668702947,0.002281149819824683,0.004165288839811081,0.0017584039389652653,0.00404495758249884
2019-03-21,-0.013491956531253901,-0.0036675634597809425,-0.0035639514701651803,-0.006475888746343404,-0.0027885070903087145,-0.006609105575353713
2019-03-22,0.0019148066809639985,0.0005172521225324975,0.0004951468293882865,0.000912325200136147,0.0003933481301124217,0.0009337501713787135
2019-03-23,-0.0005300382408486293,-0.00014507836309576847,-0.00014327281586156036,-0.0002561912846332534,-0.00011183304202434994,-0.00026109179077575436
2019-03-24,-0.0027899723416888733,-0.0007592024919352069,-0.0007395793369843295,-0.0013388246064111567,-0.0005794233894431507,-0.001359002146843482
2019-03-25,-0.015722333178847303,-0.0042768644397340235,-0.004162948958163685,-0.007532171075588311,-0.0032698846873388133,-0.007686853055108175
2019-03-26,0.0024370474288619715,0.0006573520870044193,0.0006269977028757772,0.001129256132050052,0.0005040835135949166,0.0011944155007983577
2019-03-27,0.02788440867092179,0.007573785610669726,0.007345740355976219,0.01431020660686086,0.005688213015199143,0.014017264050023131
2019-03-28,-0.003990669052918783,-0.0010712898494285425,-0.0010097522580615585,-0.0018536696319766217,-0.0007973630742821508,-0.001893957467847436
2019-03-29,0.01957736284055378,0.005290217687317765,0.005068035427928023,0.008811737428168586,0.003994407818524527,0.00893071936811185
2019-03-30,0.0005942099169771176,0.00015826402051991444,0.00014625144888527272,0.00022145069525070105,0.00012009632734963694,0.0002419279639721601
2019-03-31,0.0005930696505214161,0.00015850874457450247,0.00014777694937720168,0.000245853574790888,0.00011912526444918184,0.00025484331108062414
2019-04-01,0.010771023399288149,0.0029278291474319623,0.002844897706907883,0.004776926351129389,0.0022177888287900657,0.0046797217837411574
2019-04-02,0.1849261456703366,0.05023106168620589,0.048724635039647836,0.08058344942063847,0.03845743551058332,0.08600423783740203
2019-04-03,0.011523526399717543,0.002945389731493479,0.002419946456232076,0.00010223359898140952,0.001413106528280367,-0.00026240783063824177
2019-04-04,-0.009870091498444089,-0.0026135714084587593,-0.002378400488714416,-0.00042639961066003593,-0.0016503469589639898,-0.0003330591877946228
2019-04-05,0.024831823261118213,0.006632413217324877,0.0061723042998076995,0.0010155722134391513,0.004525155040190451,0.001054613158897618
2019-04-06,0.0022115763103327524,0.0005774796890991822,0.0005057365815686949,5.341269073013591e-05,0.00037426915873271327,5.554254808725636e-05
2019-04-07,0.028696445169227758,0.007723525753486713,0.00732716766406457,0.001263949478432395,0.0056286797938982685,0.0013007233701192633
2019-04-08,0.018174799477260528,0.004783459811444763,0.004281877858042843,0.0004905156733960411,0.0033706105714715654,0.0005770799049391517
2019-04-09,-0.016626553581085224,-0.004389196794362152,-0.00396115440433519,-0.0005188137920338294,-0.0031354072415389583,-0.0005338272304567775
2019-04-10,0.022358185458132285,0.0058816322648560845,0.0052576872097017556,0.000666550820833515,0.004231913509867363,0.0008446449168282738
2019-04-11,-0.04915065795380602,-0.012799269003379826,-0.011119729474613918,-0.0013784304576109894,-0.009275610416246855,-0.0024443713699829174
2019-04-12,0.006374490687329981,0.0014460181279370918,0.0006867579220835618,0.00012322741072566271,0.0007107272739352502,8.300911141153399e-05
2019-04-13,-0.0015878338527498537,-0.00041871614999967714,-0.00038036877250780524,-0.00042339748564560506,-0.0003237879376380904,-0.0004918104296181824
2019-04-14,0.016160932146824347,0.004259609772412856,0.0038271526232617073,0.004005524069818403,0.003162336976769806,0.004580537400272965
2019-04-15,-0.022088545786353997,-0.0058741973537052026,-0.005405932405930956,-0.0054158864490498684,-0.0044243637280720356,-0.005812440590468817
2019-04-16,0.03233561881519198,0.008433536739213307,0.0073596653967075215,0.006983641373115944,0.006071887552842748,0.005938326235397416
2019-04-17,0.003916519942737118,0.000958412737176336,0.0006749026164585483,0.0006194216324362772,0.0006373228248848901,0.0008004815566821158
2019-04-18,0.009978302690752727,0.002609994040584193,0.0022953480951083067,0.0023819383217915722,0.001846976909929773,0.0019494545301016815
2019-04-19,0.002168963620288622,0.000576329176249544,0.0005291694729756786,0.0005479429444743414,0.00041928658738537005,0.0004900079507114047
2019-04-20,0.0045410708002358025,0.0012274203125861327,0.0011766084179943923,0.00122125645054283,0.000923793868855504,0.0012013054892356164
2019-04-21,-0.003432353355396489,-0.0009336012360679098,-0.0009085456052559205,-0.0009989043671518834,-0.0007133502204721316,-0.0010420092845597566
2019-04-22,0.016629640012670643,0.004521639906440256,0.004396538588744528,0.006533693256154385,0.0034453871706207864,0.006613773433760845
2019-04-23,0.029916181371187678,0.008100036706344063,0.0077971720289790394,0.011545902082251747,0.006124032263290015,0.011294321281708968
2019-04-24,-0.02036385715829625,-0.005405096550843074,-0.00494900513749578,-0.006509738645535432,-0.004028412187769454,-0.006747605375507044
2019-04-25,-0.05601577127610746,-0.014649262552626878,-0.012882442901591924,-0.017195880596169284,-0.010742518769669153,-0.017328807808532073
2019-04-26,0.0043862961902170206,0.0009775874938210433,0.00040986364453774555,0.0005037713711531367,0.0004884178074625725,0.000572433192705274
2019-04-27,0.006144095396090954,0.0015228005126142533,0.00112258270964423,0.001448852871135719,0.0010420425486280017,0.0017808240993914543
2019-04-28,-0.006395094092432552,-0.0017010025541183541,-0.0015670274720464544,-0.0017200686831241984,-0.0012929056676210871,-0.00194831534541192
2019-04-29,2.5419741211951674e-05,2.3195946153251965e-06,-8.509045519097968e-06,6.236772954322492e-06,-1.0583439370104686e-06,7.042533489863271e-06
2019-04-30,0.02288255475972889,0.006200530970825077,0.00598000161042311,0.006194915485648084,0.004775162059642443,0.007466089928859955
2019-05-01,0.009219792410814831,0.0021497806952818915,0.002003747592329528,0.0022341276971603375,-0.0001478933458910718,0.002060019410868798
2019-05-02,0.01466631719836653,0.00348885831480061,0.003335438199682381,0.003999136309946737,5.954758467246302e-05,0.0035869849023368273
2019-05-03,0.04919240638706479,0.011701117860721581,0.011182369482348272,0.013159029602277557,0.00020949421564166198,0.011932170812253293
2019-05-04,0.020550229011618182,0.004702817981487928,0.003592860497579283,0.00229878469903126,0.0004947750897763652,0.002452624682032915
2019-05-05,-0.008028231197343527,-0.0018327490672700138,-0.0013767173409532211,-0.0011447374463175795,-0.00022290070392247686,-0.0010278048660725863
2019-05-06,-0.006400327716687748,-0.001496136718821759,-0.0013036367940468712,-0.0017425401624872887,-0.00010399677778985089,-0.0014190586057126404
2019-05-07,0.02355303210308124,0.0055602458002550715,0.005111621577877608,0.007204343541580047,0.00014843803449103972,0.0059136428093069906
2019-05-08,0.01820465946857941,0.00425974638059667,0.003731769538202819,0.004822795092054747,0.0001592802896720006,0.004509823672765344
2019-05-09,0.03680835967083085,0.008615016561708481,0.00755773229355944,0.009812654163406487,0.0002972909551531223,0.009172500088311797
2019-05-10,0.03371029501906797,0.007561065615207901,0.004976130527266747,0.005367446829769238,0.0008806784205619384,0.00578896888827501
2019-05-11,0.1522021113802865,0.03263933688348474,0.013222226545361619,0.017801684293144167,0.009118955198519425,0.01671069206000813
2019-05-12,-0.05221233576343476,-0.010659223958787246,-0.0010624230666848985,-0.001162997087194401,-0.007837612497502344,-0.0012052940507669416
2019-05-13,0.12333703557862763,0.024930565097339454,0.0008573918971971731,0.0017142461517186617,0.02311426499338901,0.0007924190027597917
2019-05-14,0.02008640079133195,0.004053666075060412,9.629114623825736e-05,0.0001774886084897138,0.003950363857848479,4.321347711346208e-05
2019-05-15,0.032637455024073114,0.006605218458244354,0.0002809594594755237,0.0004177503871838941,0.006316562370400949,0.00015198913080896584
2019-05-16,-0.04298555629910561,-0.008691494463416629,-0.00031664068983984945,-0.00045478929302169066,-0.008444397207720136,-0.000112517232390293
2019-05-17,-0.06806741880813583,-0.013745054374089379,-0.00038169460393852286,-0.0005967623416670778,-0.01328271482134915,-0.000273266990091082
2019-05-18,-0.006678538037095394,-0.0013479481323175927,-3.297039715878907e-05,-5.088494193114753e-05,-0.001295730412775811,-2.9865257039451003e-05
2019-05-19,0.12939775114314944,0.026320888106714648,0.0020014064075361045,0.0020028848679174505,0.023112740172155477,0.0015654220470961832
2019-05-20,-0.02902808691110781,-0.005864193367340977,-0.00017925761728474813,-0.0001751127169635136,-0.005681074864965616,-7.389246906227846e-05
2019-05-21,0.00033442573738495796,6.749380619416404e-05,1.6224890951375874e-06,1.6430427854701025e-06,6.382075214385495e-05,3.135974821470967e-07
2019-05-22,-0.03956837935572999,-0.008112962942732017,-0.0010379956006699186,-0.0007973984875815401,-0.0069428628732473826,-0.00043546028775176635
2019-05-23,0.02993898140644391,0.006063299442846992,0.00028590248373742554,0.00031040805767359265,0.005518032398460089,0.0002867210216944468
2019-05-24,0.011349085118550262,0.002296454295902463,9.508827325648512e-05,0.00018297168609509836,0.002143604324793848,9.855701553633367e-05
2019-05-25,0.009326462630346866,0.0019037619479112284,0.00018838177540367348,0.00030719494467319205,0.001586057611298044,0.00019885018039886534
2019-05-26,0.08310185073038401,0.017364043146649306,0.0043019302302911185,0.004971832019244266,0.011228688949672648,0.004094972378584766
2019-05-27,0.009764818048944912,0.001972121123258303,5.740359036100691e-05,9.826534840809008e-05,0.0017880227853885008,3.032045968106718e-05
2019-05-28,-0.011076695314723217,-0.002276173705279606,-0.00032388993210382295,-0.00042701261280395336,-0.0019077407324908974,-0.00020581687284737
2019-05-29,-0.007298592003888382,-0.001520428218402846,-0.00034816864204857744,-0.00035404070651400276,-0.00114238250579063,-0.00018815044614037732
2019-05-30,-0.04434949485348849,-0.009513921512733605,-0.0038737170464851426,-0.004820582553728853,-0.005209573404673407,-0.0027723491972392092
2019-05-31,0.03440682173961296,0.007042032286695748,0.0008206304674449772,0.001670251714309331,0.005949221020782476,0.0007668656455471223
2019-06-01,-0.00016535988681976033,-3.549213784416065e-05,-1.4857637802051614e-05,-1.3305287795277182e-05,-3.8030973901604334e-05,-1.527440796625368e-05
2019-06-02,0.022156713592152544,0.004600655819260685,0.0009588236086950808,0.0026515631692352348,0.003171832938903749,0.00201189329465943
2019-06-03,-0.06529384463919918,-0.013523318183312805,-0.002602482677992797,-0.007142373096737841,-0.009738055824468224,-0.005445641312925678
2019-06-04,-0.06404456617839815,-0.012973552722277081,-0.0006318984454436393,-0.002289264046937276,-0.012125896543473392,-0.0014154548617750528
2019-06-05,0.019425661822346507,0.003921191470147639,9.895930928154983e-05,0.00042059846967106604,0.0037448106676354885,0.0002662376253349763
2019-06-06,-0.00279938652179601,-0.0005674875521296694,-3.040613724523496e-05,-0.00015533691096687524,-0.0005293612631631747,-0.00010083010606081478
2019-06-07,0.03179193530117197,0.006543008493811828,0.000994887806708448,0.003441438719738489,0.004963455499262205,0.0026884874068851435
2019-06-08,-0.010486722523080694,-0.002137933015519803,-0.000194134159265595,-0.000684373516645776,-0.001844448080858498,-0.0005797519211084884
2019-06-09,-0.038507167138943976,-0.007929427229010917,-0.0012340698626688842,-0.0034867198132163112,-0.006001404199805782,-0.0030484705816054064
2019-06-10,0.047057072806712785,0.009543768686687333,0.0005406532195810207,0.0020193414940374846,0.008561925583122135,0.0015881289614022504
2019-06-11,-0.0088597811872545,-0.00179092259459829,-6.199465741826635e-05,-0.0003023027847524084,-0.0017172666953850428,-0.00017556890743146552
2019-06-12,0.028308357392716532,0.005761104108367777,0.00045696441595020036,0.001910968826182174,0.005089875963752717,0.0012043827370074344
2019-06-13,0.010558953157012274,0.0021420061334383386,0.00012473526923100403,0.0005119931310629411,0.0019591676317131375,0.0002939049571416016
2019-06-14,0.0565091772010935,0.011619086144367508,0.0016969291899472446,0.006197773836887582,0.009374763153855057,0.0037323391350706572
2019-06-15,0.017541954073200916,0.0035471024241871844,0.00013071339087491717,0.0009599731117329638,0.003246006037787909,0.0008011665219714294
2019-06-16,0.019087121836459664,0.0038783075700392607,0.0002671693089058109,0.001787436733752786,0.0034196211474886765,0.0012312968609154433
2019-06-17,0.03559560692862318,0.007256688428874435,0.0006578583381445878,0.004016247318740531,0.006299687420252398,0.00229898868562545
2019-06-18,-0.03141557480323409,-0.006365704008475636,-0.0003223154457309578,-0.0022916212777601003,-0.005993265939417019,-0.0009961270937386575
2019-06-19,0.02629815863282725,0.0053171455336302334,0.00019218955622826044,0.0014575138590443176,0.0051210345611656365,0.0004964127970086571
2019-06-20,0.028181209758056935,0.005701895603679609,0.0002328380177406289,0.0018765325086947753,0.005558639032291425,0.0003365507117772285
2019-06-21,0.05622523211606523,0.011375479232636343,0.00046083424134338606,0.00426605067359781,0.010974022994155206,0.0014829313492333866
2019-06-22,0.05968262368694521,0.012048942325071102,0.0003149486524675187,0.0025945539305603405,0.011573769387684785,0.0014935968995965943
2019-06-23,0.010213331612375809,0.0020612186413569793,4.93032383275977e-05,0.00032419998570532314,0.002021419123813731,6.084915840571945e-05
2019-06-24,0.01943402827758245,0.003951289694053519,0.00028858861521925764,0.0014789859415280768,0.0037227751307038178,0.0004857669517226308
2019-06-25,0.06561644353591167,0.013383858500627677,0.001258972615043856,0.0059857245716445845,0.012291593973272794,0.0025499630841930208
2019-06-26,0.0969786174511773,0.019593863179012676,0.0006154287440370116,0.0032012455662018286,0.01869346583474654,0.0019450332273286347
2019-06-27,-0.13632900866096875,-0.027513076774838947,-0.0006556652308335216,-0.0024460266052909524,-0.02722207608170718,-0.00028861703229257824
2019-06-28,0.11237019198156406,0.022679044481309155,0.0005483980551980762,0.0009604346941891889,0.022269998432767765,0.00023949502389559435
2019-06-29,-0.033488383774599506,-0.006757713586473331,-0.00015633691746485206,-0.0002158111766522047,-0.006472174887620836,-0.0001433992210750555
2019-06-30,-0.09223898275149911,-0.018625021019701538,-0.0005100844464465613,-0.0006233052829078077,-0.017987563031960953,-0.00026217690912569896
2019-07-01,-0.025184417197177233,-0.005082552935780552,-0.00012105390554749141,-0.0001345421778330756,-0.005018666710042769,-2.019716174722863e-05
2019-07-02,0.01859412707774588,0.003756858934795205,0.00011827565607000174,0.00011565623164195442,0.0036590690889508034,3.3419843052512105e-05
2019-07-03,0.11015534084781176,0.02233245905129285,0.0012089885949329604,0.0009398981359196873,0.021253432495405688,0.00036036986346261763
2019-07-04,-0.06484378351472209,-0.013091488667982118,-0.0003461398945737279,-0.0003159336902835242,-0.012436668659508593,-0.00022933378196699514
2019-07-05,-0.01598023731166942,-0.0032250899703841554,-7.724047960889303e-05,-7.155544281598114e-05,-0.0031654796475485587,-1.9490168902292107e-05
2019-07-06,0.019077912898203486,0.0038614898326153856,0.00016738544546247207,0.00011783297841290532,0.0035028152416070515,0.00010993986916642767
2019-07-07,0.02212285978417161,0.004492123674142248,0.00028960011597125624,0.00017558204587302427,0.003940836681785831,0.00014759442754521692
2019-07-08,0.07536884024734647,0.01531989383129208,0.0010930501522082115,0.0009025686410593936,0.013373094373630068,0.0006042494966257358
2019-07-09,0.021062717814198884,0.0042522191123982546,0.00011119327039833468,0.00023723641612546855,0.0041240169164169565,4.1642985205784235e-05
2019-07-10,-0.03754834596422418,-0.007601931319049568,-0.0003422135625182023,-0.000620026507176848,-0.007299608035496368,-0.0001795263522522657
2019-07-11,-0.06707850529634518,-0.013552933745279048,-0.0004268581034521332,-0.0011597986288959378,-0.01323550026279909,-0.000275197472354919
2019-07-12,0.045919475194376336,0.009267686993629938,0.00022421677559919946,0.0006194692920051029,0.009064475729669461,0.00019383103206027126
2019-07-13,-0.039488172757879525,-0.007971099296422821,-0.00020225039192598194,-0.0005211340034324451,-0.0073852773289920185,-0.0005673978106919766
2019-07-14,-0.09374959251992032,-0.018926810564405618,-0.0004967687408458224,-0.0018583099880593664,-0.017890668853209446,-0.0013147207010435198
2019-07-15,0.06255953939963876,0.012624797888278949,0.0002969815538683076,0.0009300793864697054,0.012240605072574365,0.0004009204814499809
2019-07-16,-0.13318586511212738,-0.026877903518280365,-0.00063489661133847,-0.0017436348625642583,-0.025520708417556787,-0.0013370552434868348
2019-07-17,0.021511832553829047,0.004341522446200589,0.00010438163352011717,0.00014848290860880686,0.004189575147510443,7.254261201946211e-05
2019-07-18,0.10387808147113953,0.021015443932273732,0.0008437058267119561,0.0009715487753810639,0.01987337856666998,0.0005123273066534723
2019-07-19,-0.01382860226204874,-0.0027915881618547096,-7.176593382945436e-05,-9.02079230044382e-05,-0.0027389223125034667,-2.573046230529213e-05
2019-07-20,0.03137480613682175,0.006356544682903342,0.00031591844678381263,0.0002925383771936438,0.0059724183423287645,0.00015432735792177138
2019-07-21,-0.02512665819531945,-0.005083918736871273,-0.00020793116299924232,-0.00019361114505200516,-0.004819788814711248,-0.00010345795329510813
2019-07-22,-0.025604634633843992,-0.005179969875592991,-0.00020748567197201588,-0.0002126055708244727,-0.004875832062612369,-0.00013248773998872433
2019-07-23,-0.0437960281555293,-0.00885907047867991,-0.0003473677094029917,-0.00037653987757515204,-0.00839157315730613,-0.00019488498116609885
2019-07-24,-0.007485966542810973,-0.001512055154513105,-4.460099970331806e-05,-5.728900807633134e-05,-0.0014246143635907415,-4.674272685411811e-05
2019-07-25,0.010660830648452801,0.0021686522794734263,0.00016568604180969436,0.00017829260575754016,0.0018236391802279597,0.0001544868880657568
2019-07-26,-0.006111837555833777,-0.0012679765308547702,-0.00025766990564654,-0.0001996975247306873,-0.000883317551144239,-0.0002292827274624172
2019-07-27,-0.03964997035704143,-0.00847691254961568,-0.003281285384755155,-0.002986290974043309,-0.0035340919801976,-0.0037781000465709758
2019-07-28,0.008798520727886894,0.0017972020753670396,0.00018701393887626485,0.00026805623915051577,0.0012749085427305922,0.0002413368735933949
2019-07-29,-0.0026894484797659324,-0.000573219692151931,-0.0002120417616182096,-0.00044349809355819067,-0.00032826362760251854,-0.00034885670790019455
2019-07-30,0.008938222815453312,0.0019715550656405805,0.001115430662993998,0.0019473868277032108,0.0004047804268743577,0.0015338520054070718
2019-07-31,0.04900296814638816,0.008297409083803815,0.0016342805819155913,0.012659561942577014,0.0010171768538095925,0.0011354620372165444
2019-08-01,0.03393009832170346,0.006175121462572518,0.0036106272175722267,0.00366351543405773,0.00262255753081411,0.0030906028212514193
2019-08-02,0.012440732745305771,0.002351657973390481,0.001834417627762245,0.0011008694112714075,0.0015128221576808975,0.0016126978207780971
2019-08-03,0.02666052803503316,0.004900541827213209,0.003125488673520724,0.004721678208212512,0.002336290486742095,0.0024372047344922323
2019-08-04,0.016288657916297744,0.0030553131141226584,0.002266029027109882,0.0024270542393889064,0.0018187267769040727,0.0018432592659703927
2019-08-05,0.07313651803858301,0.013513072510194244,0.008981561766074496,0.013514214709440748,0.006826333278660509,0.006864091037444746
2019-08-06,-0.031087887333180464,-0.006076335387759517,-0.005716468733561648,-0.0017738880868774605,-0.005544581154546381,-0.005576424771228553
2019-08-07,0.04760158342964815,0.009339496754838274,0.008948032269127453,0.0024850705448722643,0.006386869864691296,0.003813116495947437
2019-08-08,-0.0024265290130642825,-0.0004782957467766368,-0.00046837530235560343,-0.00010915842817673304,-0.00039448361639889454,-0.00029207376412651126
2019-08-09,-0.006692238425072605,-0.0012993952109721318,-0.001181852676214833,-0.0007106761412956698,-0.0007364508967152424,-0.0004861530384610417
2019-08-10,-0.04676965622601881,-0.008827596930116375,-0.006822639634332541,-0.005979019447878563,-0.002951739548535318,-0.002446196387464958
2019-08-11,0.02003450799914175,0.0039047338649493336,0.003620368305300415,0.0008648706373996344,0.0027580910883410565,0.002619409141350715
2019-08-12,-0.0126189533323664,-0.0024551295696800994,-0.002256562886834528,-0.000847999603161389,-0.0017311381777606048,-0.0016678413240527928
2019-08-13,-0.04546818615967552,-0.008763102600283228,-0.007663859284724676,-0.003930952964633425,-0.005525938615951816,-0.005521812095303702
2019-08-14,-0.0775440250660292,-0.01521482490503806,-0.014579931525591273,-0.003181524866388018,-0.013498651479748885,-0.013167694225611084
2019-08-15,0.02850114317325314,0.005613460622479398,0.005476767115988657,0.0006271343189917821,0.0053456501569636205,0.005238571583102239
2019-08-16,0.006133414787993674,0.0012060087526705218,0.001167508245773492,0.00019778479499416534,0.0011243945160931278,0.001053229997130995
2019-08-17,-0.016018623802724452,-0.003097791284783022,-0.002759086456198616,-0.0014147048581307337,-0.0025680408447328077,-0.002319479831420645
2019-08-18,0.012163468424440493,0.0023410579747675585,0.0020320968499526987,0.000989892574518677,0.0018963763075797546,0.0017436926121323544
2019-08-19,0.053557564301804694,0.010048395565061027,0.0074657892312512434,0.006006480045120755,0.006626907208740368,0.006139713237020052
2019-08-20,-0.010403421832354653,-0.002037729449417676,-0.00193728190402096,-0.0004642168807196408,-0.001854169098652184,-0.0017722488992137602
2019-08-21,-0.0626253442233835,-0.012072291606325178,-0.010569753997170524,-0.004292200141347512,-0.009624016544644804,-0.008625892933000463
2019-08-22,0.00226648368708382,0.0004415744846041872,0.00040861435205936334,2.433603030138762e-05,0.00038579349351500544,0.0003595317964720575
2019-08-23,0.029094659441934567,0.005586562346153938,0.004786461968517911,0.002122452445946621,0.0043479091849929164,0.003864873399877547
2019-08-24,-0.025643683559885444,-0.004982706584670792,-0.004549378470734382,-0.001261296664300532,-0.004291080231019739,-0.00406453764637805
2019-08-25,-0.004605299608816837,-0.000901075963219399,-0.0008518696721958771,-0.000287505428695662,-0.0008171811183716879,-0.0007212330996652041
2019-08-26,0.025968062290794736,0.004950897581529945,0.004071752929069066,0.003383825664769898,0.0036830342228748986,0.0028052434956089196
2019-08-27,-0.01876180544278727,-0.0036158485154713345,-0.0031617548024102816,-0.0019259040901315162,-0.0030084388957057704,-0.0026472070466358154
2019-08-28,-0.043608569153050114,-0.008415941211337867,-0.007413815434598261,-0.0041441954654943495,-0.007106539695039879,-0.006221279259839347
2019-08-29,-0.024935036574445846,-0.004894640963500326,-0.0047004248331327745,-0.0012586145736269176,-0.004596098020365405,-0.004186322904939569
2019-08-30,0.01005736693861281,0.001974139606456086,0.0018953947359273183,0.0006136961443922218,0.0017842818335724495,0.0014052017445965114
2019-08-31,0.0028551425073848336,0.0005487033509940527,0.000472544167701738,0.00029888840943703156,0.0003572915477510104,0.0001361544868576788
2019-09-01,0.016440571921982894,0.003028148929885845,0.0019643761893248573,0.0038181915083813148,0.0011801795012715904,0.0004639656995725731
2019-09-02,0.0629320721376434,0.011433191483970328,0.006581399901468481,0.014826979072657506,0.0036613099088355387,0.001773655529739088
2019-09-03,0.023266382219268467,0.004497927182722401,0.003997443683554796,0.0017037065608481354,0.003442524914638276,0.0027442339822855663
2019-09-04,-0.003911976331195444,-0.0007594287315182252,-0.0006901437213808916,-0.00038678039033183454,-0.0006408619031462565,-0.000574428515424253
2019-09-05,0.00027829711358973164,4.606253707076969e-05,3.830002548545924e-06,-2.6857452439556954e-05,-1.2146688426161436e-05,-2.6078528360579203e-05
2019-09-06,-0.023566220766518375,-0.004188413471757148,-0.0019044267733836855,-0.005203160915866871,-0.0016259077099834546,-0.0014487809892632074
2019-09-07,0.015841604319205782,0.002881500633754965,0.0016769687893051337,0.0021803722988566927,0.001483489413441802,0.001421543920662686
2019-09-08,-0.008313044893963561,-0.0014900507464262924,-0.0007482300142588971,-0.001596388332894192,-0.0006405690168731237,-0.0006199230853312301
2019-09-09,-0.007187403245429991,-0.001252652264267653,-0.0004292558143592203,-0.0017136018066931302,-0.00035815816843936426,-0.00036096356290075276
2019-09-10,-0.02385805627413251,-0.004049459579919285,-0.0007455501929914619,-0.006050018250228407,-0.0014816472781007594,-0.001427074579966753
2019-09-11,0.0055717235698231615,0.0009605798391435746,0.000267727785700231,0.0009129077818902313,0.00046275948148473536,0.0004067415536436964
2019-09-12,0.025755087467493,0.004323660695167299,0.0005006801044918364,0.0062584425906861306,0.0009102997427496309,0.0008169345460154611
2019-09-13,-0.005577161994651636,-0.0009506286739304781,-0.00019983032514008772,-0.0014898375662845205,-0.0003365402254249666,-0.0002954955848412786
2019-09-14,0.0017509479224808722,0.0002905315839364886,1.2204804032048477e-05,0.0005263639756417465,1.663896279979704e-05,-2.780600024375306e-06
2019-09-15,-0.005527426953651049,-0.0009192585498702903,-5.146297090847678e-05,-0.0020454480754471312,-7.396624556065309e-05,-5.746031645235977e-05
2019-09-16,-0.004691064426739722,-0.0007780812077489555,-3.0188468784031646e-05,-0.0017113181310378146,-3.6408947869308475e-05,-3.9907200203397964e-05
2019-09-17,-0.006064793846471406,-0.0010050444624290005,-3.324768898447673e-05,-0.0023594353267187853,-4.25115121188504e-05,-4.8895576152532366e-05
2019-09-18,-0.003363438848226985,-0.000557305685875148,-1.7943983069827014e-05,-0.0013399415725050725,-3.451986281474363e-05,-3.08837328160101e-05
2019-09-19,0.010537388317308327,0.0017452857833028669,5.160633409091784e-05,0.004209195580231924,5.522840413904065e-05,5.4360164037533266e-05
2019-09-20,-0.009569902182567702,-0.0015855979626961097,-5.0477280789393145e-05,-0.0037986993937731595,-3.1630429990976805e-05,-3.292624584525562e-05
2019-09-21,-0.01806457697512509,-0.002995257184855147,-0.00010965799991051777,-0.007559836805019583,-9.087517797968068e-05,-7.927626672733457e-05
2019-09-22,0.006068986789481423,0.0010094992525412846,5.7663567987873416e-05,0.002395161369316213,5.913230639613401e-05,4.764101925939235e-05
2019-09-23,-0.0352614662884132,-0.005848188936265589,-0.00022407537938922494,-0.015411638344669321,-0.00019760672513987655,-0.00011080904670272393
2019-09-24,-0.1113276207504299,-0.01877852178809603,-0.0027338673011493408,-0.039024489891136875,-0.0023197940285127126,-0.0012771752588033919
2019-09-25,-0.022001490030958637,-0.004019880969561471,-0.0024388497589404087,-0.0017298716979945326,-0.004109326141935398,-0.003685792951440215
2019-09-26,-0.039465352041133106,-0.00733773817726026,-0.005114725833218073,-0.001882986328826037,-0.007347151671478821,-0.007077696744799236
2019-09-27,0.011750855231041246,0.0022676963152025494,0.0019965603009912706,0.00031287635857182655,0.002253377368288984,0.002218082725739861
2019-09-28,0.0018565754590769146,0.0003467238431698013,0.0002499183081484241,7.559498220386343e-05,0.0003173635314374248,0.0002889048690160103
2019-09-29,-0.016760705051297342,-0.0030039698302627604,-0.0015057466490259693,-0.0016725456309183036,-0.002326578406636205,-0.0020085416571945765
2019-09-30,0.027014343599704116,0.004836624817974302,0.0023988894939098414,0.0017875264284326238,0.003622426590953727,0.0033007485145251916
2019-10-01,0.003886080151935145,0.0007089653857395016,0.00042373267448010487,0.000139225158173206,0.0005744004247216899,0.0005599039028474167
2019-10-02,0.005770526868659198,0.0009914044915057677,0.00025784413113282993,0.00044441081946301465,0.0004518088358029988,0.0004570803913495858
2019-10-03,-0.012937569438848606,-0.002182730131460123,-0.0003200720258247398,-0.001451346792464722,-0.0005346539422472005,-0.0006883366138565159
2019-10-04,-0.010740260274394786,-0.0018036957093748459,-0.00021284889964143236,-0.0009734405694328496,-0.0003275025175394308,-0.0006011918348964876
2019-10-05,-0.0029455500760054987,-0.0004931769173972609,-4.8782136693202325e-05,-0.0007253526871770975,-6.877396031478081e-05,-0.00011903673047741235
2019-10-06,-0.03525384596115888,-0.005856574903718698,-0.00028664666060287437,-0.011116424219624024,-0.000332126595124283,-0.0005459627620535234
2019-10-07,0.04728606832801807,0.008009432866883319,0.001373215231748249,0.011277329873522557,0.0015330130571423592,0.0020217411184427596
2019-10-08,-0.0043652086383807465,-0.0007971179011991718,-0.0004829240665455312,-0.0007115744777945284,-0.0004956787394828972,-0.0005036159909167601
2019-10-09,0.049842620522617676,0.00858996512330567,0.002378632590487184,0.011958701186264405,0.00260781441987988,0.0027486144423147364
2019-10-10,-0.0023541242213406255,-0.00045031035179747954,-0.0003812292545603212,-0.00038707597542796677,-0.0003928326748123796,-0.00039759149377777874
2019-10-11,-0.033601458790303074,-0.005921624873432947,-0.0024095357797685522,-0.00706640650906563,-0.0025986016754420316,-0.0025664709704193503
2019-10-12,0.004088867550509079,0.0007495599004372019,0.0004662604376773893,0.00035893233580492815,0.00047075532229961555,0.0004055014089202129
2019-10-13,-0.0039044291423202537,-0.0006948071028827868,-0.0003198337443579312,-0.000868067610489956,-0.0003163451780936685,-0.00025103422912477414
2019-10-14,0.006647704607188665,0.0011210527926371788,0.00016222026762862865,0.0014816141305869653,0.0001677671187836655,0.00019465611407843276
2019-10-15,-0.0222439028985586,-0.0037142666667683427,-0.0003035174705174539,-0.005299945746578218,-0.0003018470761145406,-0.0005039506530088272
2019-10-16,-0.019220956740259476,-0.003240096087552666,-0.00045889681188468,-0.0031384100636107546,-0.0004904978883000774,-0.0009813118168529012
2019-10-17,0.008575049301954074,0.001454884399246565,0.00026441670104380353,0.001251671033243924,0.0002730721695892708,0.0005323472796482389
2019-10-18,-0.014017657176271792,-0.0023461820664197096,-0.00022684001896398074,-0.0036051223418311303,-0.00039985824963362384,-0.0006551897689467138
2019-10-19,-0.001363764741825979,-0.0002281207742334276,-2.119863492899932e-05,-0.0003389045687571152,-3.671687130685591e-05,-5.724805709815174e-05
2019-10-20,0.03336886938121797,0.005539741628345541,0.00024743165093873797,0.011456326679975292,0.0003054704628308227,0.0003898562067428674
2019-10-21,-0.00025012823413583796,-4.438013232406778e-05,-2.0251462202908904e-05,-0.00015344803713635894,-2.155353619007569e-05,-2.5772343138610133e-05
2019-10-22,-0.022218322087366182,-0.0036978616697758353,-0.00022481228378120726,-0.007936300334509832,-0.0012282107255800043,-0.0007311346138903343
2019-10-23,-0.07113649353167562,-0.01193085380688364,-0.0013093605841371695,-0.021732789719509215,-0.005242547914332372,-0.0023106031641719135
2019-10-24,-0.0004913785230361567,-0.00010085720012356476,-0.0001234120930482019,-0.0002588263086819489,-0.00017003165190460155,-0.00014961362507755175
2019-10-25,0.16128577677555223,0.027620633579428466,0.006593673741858045,0.028354827661325507,0.017679805448763217,0.009967325104086011
2019-10-26,0.06850123647513362,0.012722840597953795,0.008795582148954564,0.0012798191719959144,0.01207734914844722,0.011306183698564346
2019-10-27,0.033353628632935006,0.006504179819189168,0.006046793731274093,0.0003856096306215749,0.006479263613279615,0.00651003478266045
2019-10-28,-0.025002511074046718,-0.004905998547040767,-0.004702546516749848,-0.0003095117152051178,-0.004850427361358846,-0.004894703477638037
2019-10-29,0.012021337131829624,0.0023598193133439,0.0022664988704574314,0.00015288407655785814,0.0023058904141475584,0.0023346937678671675
2019-10-30,-0.026333008646169165,-0.005197916997320331,-0.004759452271536366,-0.005224790579422603,-0.0048768723427618735,-0.005058264618640128
2019-10-31,-0.003003179969433667,-0.0005979149618185015,-0.0005708203831710063,-0.0005922056575642637,-0.0005690673784734934,-0.0005863925917412379
2019-11-01,0.010497114565208632,0.002028554254201826,0.001653054732197364,0.0018978104655916442,0.00169067731911386,0.0018807027128902108
2019-11-02,0.0052759196188718605,0.0009820850511439664,0.0006159212505873553,0.0008424190944583789,0.0006251657053729784,0.0008204397084161487
2019-11-03,-0.009736589605497614,-0.0017370244358464373,-0.0006845909692639044,-0.0011938955053067842,-0.0006966564198365398,-0.001169566087303135
2019-11-04,0.02266336839358929,0.003937875421807278,0.0009481304041345694,0.0022735090093348323,0.0009506004066055847,0.002319772810411168
2019-11-05,-0.009298105661896594,-0.0016365944087446142,-0.0005192182775406787,-0.0010655554580303258,-0.0004935621635255522,-0.0010764374006273913
2019-11-06,0.0025877944427454835,0.0004436200102377274,7.064289458446901e-05,0.00013705958319563372,7.331163084227333e-05,0.0001658121635958731
2019-11-07,-0.015412740424152194,-0.002612591229995082,-0.00023087542676200596,-0.0004056883421067834,-0.00025263497333344374,-0.0005097513880754079
2019-11-08,-0.04553531128067989,-0.007725472350614441,-0.0007264811970873975,-0.0009712817433545532,-0.0008056770066347795,-0.0012773370801579301
2019-11-09,0.002212477326612783,0.0003853995167017081,9.792033062531239e-05,0.00011435577201063469,9.822549531358479e-05,9.554316748736588e-05
2019-11-10,0.026343415801249215,0.004504999508535527,0.0006477979043373283,0.0007088166411038407,0.0006011353199946788,0.0004924128814369888
2019-11-11,-0.03645767749725659,-0.006352453008164973,-0.0016356349625304054,-0.0017407149819050264,-0.0014373083736240776,-0.0013231823531844676
2019-11-12,0.008693722678978943,0.0015937695913067148,0.0008679865326107488,0.0008594661486543459,0.0007937488506890583,0.0007450873877889105
2019-11-13,-0.0025291635353472675,-0.0004546246859175233,-0.00019831106562813737,-0.00019243129535047562,-0.0001807945220655547,-0.00017554770120802358
2019-11-14,-0.013835675875060627,-0.0023726342677508985,-0.0003810029505059098,-0.0004116790416764331,-0.0003733314576522858,-0.00047616699672381674
2019-11-15,-0.020769099344146502,-0.0035486144257403196,-0.000490283817171863,-0.0006266096471694556,-0.00046666351913321827,-0.0007018671614269404
2019-11-16,0.0013952899452651657,0.0002391580056447619,3.772344663374978e-05,4.884204832902214e-05,3.524068559377729e-05,5.339827749399517e-05
2019-11-17,0.003240385014539715,0.0005452396810910256,2.2977444396472756e-05,4.905677494182741e-05,1.8946685832059636e-05,5.2329069153581156e-05
2019-11-18,-0.03781560411585516,-0.006365351841245625,-0.00027980096742833023,-0.0006083071754539504,-0.00023888889868397463,-0.0006617562967316888
2019-11-19,-0.008152070449384374,-0.001405303094607067,-0.0002713121663156227,-0.0004981846652141313,-0.00026815504831784247,-0.000616741366227264
2019-11-20,-0.004960810905098589,-0.0008453946577793255,-0.00010300114363821943,-0.00019346178550276689,-9.863150868784547e-05,-0.00023326578216126308
2019-11-21,-0.05748455766142446,-0.00970121249382801,-0.0005866271042869784,-0.0011498579685955326,-0.00048729071031442943,-0.0011962922301439985
2019-11-22,-0.043975435119588346,-0.007772677927938509,-0.0026556802762821284,-0.0041022037557852204,-0.0022984791838145733,-0.0042317218786553385
2019-11-23,0.0065010989372513706,0.0012209682965934482,0.0008189463140020855,0.0009499558391175901,0.0007427923490004169,0.0008748756224168125
2019-11-24,-0.052077003936073396,-0.009393325989377897,-0.004289137661594629,-0.005220984335625944,-0.0035900593121795986,-0.004359419545545108
2019-11-25,0.028179937067625227,0.0054581230183468965,0.0045041659124257834,0.004688543562640123,0.004241163454256937,0.0044919193201200395
2019-11-26,0.003696999453361993,0.0007247417937351617,0.0006398870452559768,0.0006426244515842435,0.0006180475283094264,0.0006427173803402039
2019-11-27,0.0504401963802279,0.009512466035875983,0.006599425419885112,0.0062831008296232085,0.006201978244525854,0.006632565067995112
2019-11-28,-0.01202724495087959,-0.0023848701180014683,-0.0022335493541225234,-0.002195591352680916,-0.0021766503687249664,-0.002156482603682666
2019-11-29,0.04187568237769734,0.008187302246833962,0.007126800275598837,0.006824704525034304,0.006813434952827575,0.006562868415636143
2019-11-30,-0.02472261191907188,-0.004922413401865284,-0.004700601321701191,-0.004590341005206815,-0.004502896257331246,-0.004211018188815687
2019-12-01,-0.018324902762487993,-0.0036523757893735997,-0.0035049088220937856,-0.0034154868038709387,-0.0033725245771076403,-0.0031542531606476376
2019-12-02,-0.013402310634862746,-0.002666128131607635,-0.002535206868565975,-0.002412812197439231,-0.0024144936639948016,-0.00215111806949325
2019-12-03,-0.001621451454952516,-0.0003217379830890498,-0.0003021943404098646,-0.0002814529772745977,-0.0002916182185737622,-0.00027266929926032964
2019-12-04,-0.012513044723357125,-0.0023971158933927066,-0.0018503604977976385,-0.0014066881749474512,-0.0017809387414153017,-0.0013555268590889394
2019-12-05,0.026204562303369094,0.004930222349254125,0.0033606975911475976,0.0023279585767447203,0.003120102066098275,0.0020154230982305436
2019-12-06,0.017574288978734476,0.0033705423637776168,0.002621240058616642,0.0019571969027376655,0.0024336488189056027,0.0017140636957665004
2019-12-07,-0.0029395196224859532,-0.0005612696038116872,-0.0004242117162404892,-0.0003069671049856617,-0.0003844016689627554,-0.00026075463764800393
2019-12-08,0.0022469021348960894,0.0003963256110561685,0.00013269951775717544,4.754721555834852e-05,0.00010132451875684554,4.398982703437058e-05
2019-12-09,-0.02506498970525639,-0.004333206074507694,-0.0009098336381484018,-0.0005357795605000995,-0.0007099821420331098,-0.0004889177684067565
2019-12-10,-0.014731924308717725,-0.0026121965100901834,-0.0009406575484609382,-0.0005794782361675454,-0.0007654197827538108,-0.0005958068209859196
2019-12-11,-0.004373193634897521,-0.0007720660529538025,-0.0002584681250626609,-0.00014801156342017017,-0.0002169050076459514,-0.0001728172952752696
2019-12-12,-0.0010576292402784127,-0.00018628198519488176,-5.979552791857502e-05,-3.3454428012730085e-05,-5.058272105093054e-05,-4.024777802695557e-05
2019-12-13,0.007237006590352202,0.0012202154991125405,6.68045820336635e-05,6.537626234027685e-05,5.089357468314709e-05,6.262191127799131e-05
2019-12-14,-0.023988811510053942,-0.004037628927197634,-0.00017548104081541822,-0.00022063389989619998,-0.00013477193065411443,-0.0002162306244654469
2019-12-15,0.005682219085063611,0.0009630366376123449,8.420920315862764e-05,0.00010510936577515371,6.353151258691008e-05,0.00010081368004110608
2019-12-16,-0.03218698461442249,-0.005424113403685444,-0.00027810344052937587,-0.00035103824309373413,-0.000195295894078841,-0.0003121655430181076
2019-12-17,-0.03972945230406244,-0.006817330426702768,-0.0011226327825690473,-0.0012715351996526365,-0.0008750424705900135,-0.0013358236693327879
2019-12-18,0.1022344364909904,0.01850081297713444,0.00878441610873072,0.008886323337917555,0.007509457817007374,0.009806909067899963
2019-12-19,-0.01900685852794093,-0.0037477212250974904,-0.00341421418576166,-0.0034174541778813914,-0.003336955584418787,-0.0035498921738627807
2019-12-20,0.005324746962818594,0.0010472323841568497,0.0009406314050405912,0.0009342819596308274,0.0009236268152085773,0.0009679651964474956
2019-12-21,-0.006113560810333318,-0.0011645367352521958,-0.000865795235677387,-0.0008422655454496424,-0.000834868020972926,-0.0009077410394453907
2019-12-22,0.047491630751891334,0.008607440457768374,0.00416109097413649,0.004218989884868316,0.0038954230574905417,0.004832255640039489
2019-12-23,-0.021078379721635176,-0.004098839869992692,-0.0034644771263398584,-0.003542535025081156,-0.0033553740237906244,-0.0036677080634661538
2019-12-24,-0.01176216820369469,-0.002301183428020774,-0.0020102624809808568,-0.0020501545598064974,-0.001987239200357757,-0.0021426877930172668
2019-12-25,-0.0061438912364268905,-0.0011875362794872403,-0.0009685928822083229,-0.000998150761871375,-0.0009229764910783284,-0.0009814697436340504
2019-12-26,0.000481923056795619,8.21553192132705e-05,1.2671032718812253e-05,2.2744897323467258e-05,6.313782941978488e-06,2.3072061000046877e-05
2019-12-27,0.005908661223047451,0.0010270104400079503,0.00025126481313137,0.00034574753161555603,0.00021850651585667014,0.00036725132462370007
2019-12-28,0.00960224076080185,0.001633131694379729,0.0001793888227343843,0.00034512645922714146,0.0001477067833420521,0.00037326830864729387
2019-12-29,0.011624382018934343,0.0019639037756429387,0.0001324849214830256,0.00023363479650415588,0.00012419773547729407,0.00027889724120676356
2019-12-30,-0.021941378323825145,-0.0036997593284027234,-0.00020390300461787877,-0.00036683580730813785,-0.00019022222180624526,-0.0004300616072951703
2019-12-31,-0.008576378518614813,-0.0014588193455279195,-0.00016087262645668451,-0.00027449048220363223,-0.00014092755370343236,-0.000295671468538749
2020-01-01,0.0004516025863081641,7.547736701232832e-05,-9.739108197336564e-08,1.0057282984969156e-06,-3.099094450056912e-06,-8.006363946668722e-06
2020-01-02,-0.031211559001297684,-0.005251291562886356,-0.00021529468892424682,-0.00030044275501522096,-0.0002003166751649401,-0.00031136297726449587
2020-01-03,0.05304352375345167,0.009050115333131388,0.0011700161124430007,0.0013047452783253117,0.0022173576145096668,0.0023910157864761553
2020-01-04,0.0038077451959526165,0.000681181769233316,0.00027811551927347546,0.00028091376190708754,0.0003923769786043452,0.0003813767840907876
2020-01-05,0.0003222721657523131,4.7297036210548155e-05,-3.97196910104157e-05,-4.0314297377303453e-05,-3.7664941452168784e-05,-3.7630712554521535e-05
2020-01-06,0.05721397955747354,0.009694841528221204,0.0008361788809373409,0.0010909396641734716,0.0013950716483855136,0.0014974493222281882
2020-01-07,0.04768204373835938,0.008537418235667485,0.0035452305517462202,0.004329097138758161,0.004692095956141576,0.0051210824026293525
2020-01-08,-0.009388704240455459,-0.0018195888087982242,-0.001510406172078233,-0.00157243724557588,-0.0016418741873682893,-0.001687630750335952
2020-01-09,-0.03009584101525653,-0.005645699835124189,-0.0037628242771270636,-0.003985615886830802,-0.00439925288954913,-0.004583618174920849
2020-01-10,0.0399995372961095,0.007762159737238844,0.006479404257856102,0.006528505769316339,0.006969400712302933,0.0069846889720599015
2020-01-11,-0.012031318027177162,-0.002391647493967458,-0.002266456767258312,-0.0022118854932958415,-0.0022610650035859575,-0.002123710988709044
2020-01-12,0.016502042760269342,0.0032442114048821377,0.002907991413152185,0.0027531483623762544,0.002897691170668292,0.0025698541216221684
2020-01-13,-0.005220658282002022,-0.0010194586078062198,-0.0008814335602840828,-0.0008162941866950043,-0.0008671807416881719,-0.0007401740080773809
2020-01-14,0.08720126664886974,0.01637579545525689,0.011006626102525386,0.009103376766801712,0.010693973223003007,0.007977515248839535
2020-01-15,-0.0021199677311812826,-0.0004312471401503055,-0.0004550218825210956,-0.0004601137679989765,-0.0004690209938843131,-0.000492247063337757
2020-01-16,-0.01052735059758203,-0.0020365330859373034,-0.0016692083595455,-0.0015406255842080239,-0.0017824442578851202,-0.0017175649532714687
2020-01-17,0.02223441513394664,0.004196211134290857,0.002926510652779288,0.002655935356755824,0.003203339723600625,0.002949265269554938
2020-01-18,0.0017547016994330367,0.00033261123866535903,0.0002392984241586322,0.00021983090870388985,0.0002570724491926524,0.0002374640075524725
2020-01-19,-0.026973683272765947,-0.00485412842954958,-0.002152999669905192,-0.001976255471693897,-0.0023967604471031236,-0.002185420777570005
2020-01-20,-0.005881658041962945,-0.0011049856265077848,-0.0007458265962536704,-0.0007385089224378629,-0.0007838419690421029,-0.0007729577976022129
2020-01-21,0.010954833144059206,0.001950583779230761,0.0007498805868653562,0.0007652251855084461,0.0008104285476229331,0.0007936975751025456
2020-01-22,-0.009502731044176094,-0.0016563546568258837,-0.0004295224897113886,-0.0004899845497316129,-0.00045079923273351886,-0.0005066536895631766
2020-01-23,-0.032553087407750314,-0.005583048087659627,-0.0009015151073243921,-0.0012981838844639054,-0.0008614032976912799,-0.0011792664862547363
2020-01-24,0.006813736974213835,0.0012083222857774,0.00043506781470625024,0.0006047169182875859,0.00041011355322652176,0.0005730009992905935
2020-01-25,-0.009333104634246525,-0.001612207869790025,-0.0003304877903404648,-0.0004243773682396672,-0.00029640241568716446,-0.0003740513155081065
2020-01-26,0.027454335491764015,0.0046754444549347435,0.0005501769215640743,0.0006617994162253497,0.0004649174834590684,0.0005710496493547375
2020-01-27,0.03826560132541634,0.006625109766000672,0.0014519510352665444,0.0016305224737075163,0.0012693600697002542,0.0016628646422486106
2020-01-28,0.04442044949141222,0.00809432595872882,0.004149849362099172,0.004116602711483493,0.003683268018763695,0.0042453539760929065
2020-01-29,0.0015659479193366188,0.00029321180512369144,0.00018710214527469394,0.00018249036044194132,0.00018028448402027531,0.00019893206617807094
2020-01-30,0.021152763207693104,0.003888848287950103,0.0021667590445521466,0.0018028055403801514,0.0025007142503077643,0.0027574410417612913
2020-01-31,-0.015946728665013232,-0.002965651814094093,-0.0018098991912551565,-0.0015264238170846543,-0.0019894652725796374,-0.001991395665388791
2020-02-01,0.0026291009413885735,0.00048718559162324216,0.00028923352641508547,0.00024142489365713471,0.0003021327543601278,0.00023134748362272568
2020-02-02,-0.004529895736050671,-0.0008011644207828071,-0.00029268551781976015,-0.0002388754189517798,-0.0003173160587105302,-0.0002642157583979829
2020-02-03,-0.006378849297498768,-0.0010862485931166603,-0.00018056891214744453,-0.00016692729840471094,-0.00019592812608261847,-0.0001987169683039144
2020-02-04,-0.012735744664283288,-0.0021375777423127585,-0.00018315035727764603,-0.00023721643609942065,-0.0002129157092056058,-0.00034388849023427926
2020-02-05,0.05091994774219866,0.008536910042054256,0.0006776245497104308,0.0011013656440153723,0.0008281312775181369,0.0017359525121713865
2020-02-06,0.01154363125443636,0.0020280979398162877,0.0006741014796471106,0.0009636704822043282,0.0007988243453438659,0.001334513786399567
2020-02-07,0.0062631899504959065,0.001072926144091377,0.0002139846463490016,0.0003251465448372256,0.0002638750046001368,0.0005130283176853679
2020-02-08,0.011327637107310995,0.001902444112156467,0.0001701262659689385,0.00026420888342659033,0.00019387312848688314,0.00039368045583683696
2020-02-09,0.02419359254048059,0.004048669957122216,0.0002789252974861442,0.0004688198830965038,0.0002351396492521326,0.00047973762289807187
2020-02-10,-0.027457299291763326,-0.004639737117610695,-0.0005742582590772707,-0.0009379409922571648,-0.0005529602818826699,-0.0011652495429642783
2020-02-11,0.04050304151718698,0.007016308221086378,0.0018173805154512402,0.0026666761901196013,0.0018229269981395642,0.003398059326091969
2020-02-12,0.008558290726141893,0.0015748012631595467,0.0008815488050111497,0.0010475420015447151,0.000908457423520278,0.0012644972801170646
2020-02-13,-0.012030528329067924,-0.00213304353970443,-0.0008088422869856308,-0.000984916732438552,-0.0008781647134877854,-0.001389732650630537
2020-02-14,0.012321664848087499,0.002141398585929688,0.0005916087612653066,0.0007556507534776668,0.0006717105785565798,0.0011774759716974429
2020-02-15,-0.04341903585613316,-0.0074197269706971734,-0.0013778894406806673,-0.0018964099160729516,-0.0015162854602991124,-0.0029663432978214756
2020-02-16,0.004068140238785878,0.0007326962929888021,0.0003338554839305213,0.0003948528997394526,0.0003513780200803701,0.00047744226205673814
2020-02-17,-0.027026298646584457,-0.004690202548974993,-0.0012585483335893044,-0.0015269122887522292,-0.001335648684641792,-0.0019197492827697318
2020-02-18,0.05289888986400926,0.009507947034875343,0.004257623466789733,0.004943735968190893,0.004568801108914576,0.0062125960943893235
2020-02-19,-0.05485873724922807,-0.010743827278062168,-0.00898721534008966,-0.009130774928485652,-0.009046582925967753,-0.009175319228885927
2020-02-20,-0.0022802169957768514,-0.0004658948087004333,-0.0004685091412565603,-0.00045225024509755777,-0.0004625425607576948,-0.00042834286130079237
2020-02-21,0.009129093535975796,0.0017862159488064924,0.0014870752590022776,0.0013315819808880326,0.0014143696292127383,0.0010871448038730404
2020-02-22,-0.0027364460155402393,-0.0005234563395033371,-0.00038500755901938464,-0.00032996125017231297,-0.0003483330934275867,-0.0002402641262558438
2020-02-23,0.030758212398101392,0.005448997825875826,0.002047644990609462,0.0016048602348646326,0.0016205158472466427,0.001162519696607483
2020-02-24,-0.03257191141661542,-0.006058506891991899,-0.0037030337010944257,-0.0033172020539394232,-0.0031141957953500074,-0.0028449539814577843
2020-02-25,-0.03148015079335742,-0.006151236426255622,-0.005086757423666219,-0.00485644916175888,-0.004688433251431108,-0.004591105321563323
2020-02-26,-0.05836701969327118,-0.011665073572397157,-0.01071519458946578,-0.010249767426227565,-0.010267134995588933,-0.009605198725010405
2020-02-27,-0.002257042542784027,-0.0004596555592775232,-0.00045607655305271325,-0.00044960592231912814,-0.00046450133585412796,-0.0004621824328120815
2020-02-28,-0.003239086500863908,-0.0006465266936568506,-0.000590451254953485,-0.0005494475193139901,-0.0005855801376654097,-0.0005336822745265709
2020-02-29,-0.019256196438225848,-0.0036637886670706893,-0.0026110805505113934,-0.002091236383859655,-0.0024946839994804534,-0.001829142347382432
2020-03-01,-0.004697737301748828,-0.0009023706003240967,-0.000680728861700499,-0.00055941085386583,-0.000648216289256516,-0.0004953252297558734
2020-03-02,0.042665711720121235,0.007744002618635563,0.0038391427736430865,0.002770940916526327,0.0035207493405939212,0.002459772087791798
2020-03-03,-0.01542789456725746,-0.003016208366024806,-0.002502453588554492,-0.0022069912980327835,-0.002412049029156175,-0.002149596003238247
2020-03-04,-0.0014187832956570334,-0.00027573568225212886,-0.00022172752176749516,-0.00019372126912384354,-0.0002129435162130794,-0.00018791376300692885
2020-03-05,0.03497410976575255,0.006358487749018566,0.0032038140130107207,0.002426493707238586,0.002788251708156886,0.0019601379728617623
2020-03-06,0.009320626413273025,0.0017825341812545974,0.0013096622624163366,0.0011297052598674509,0.0011910793147731295,0.0009837742717185105
2020-03-07,-0.027197528023085282,-0.005003157974231226,-0.0027987153474122303,-0.0022253317883257706,-0.0022068361804775706,-0.0013624256252101248
2020-03-08,-0.08863398615470242,-0.016958545886211457,-0.012504419262097447,-0.010121065534251792,-0.010791892183413487,-0.007695733245813531
2020-03-09,-0.026293385486110932,-0.005297663342264433,-0.005036511089521161,-0.004841793380581158,-0.0049392279710992765,-0.004661782917672851
2020-03-10,0.0017150322626038328,0.00034536376513479114,0.0003275416927759221,0.0003150190596151931,0.0003242560954387616,0.0003103239004267129
2020-03-11,0.003718549623356271,0.0007228040376969845,0.0005821817762316891,0.0004980160710969281,0.0006043484758700645,0.0005471028798389225
2020-03-12,-0.3753495151221997,-0.069442277459257,-0.040705906209032555,-0.03210916210063266,-0.044056047359467325,-0.0386356783328351
2020-03-13,0.13477248121768648,0.02393778996381539,0.00930331266088225,0.01041408460108038,0.01886930949635523,0.021869534937082206
2020-03-14,-0.08574027303581877,-0.016788398293168978,-0.014028532215944817,-0.015494215167753497,-0.016711463924079333,-0.017465325821636575
2020-03-15,0.04148318771801618,0.008370714395302454,0.00800514091783037,0.00837414294776597,0.008329001352694154,0.008522875616373517
2020-03-16,-0.06450986968204642,-0.013069347013665798,-0.01270231494000199,-0.013182999101057987,-0.012884767443629526,-0.01325631697315293
2020-03-17,0.08055718578621196,0.016343638332110368,0.015974323204240536,0.01649143946229019,0.015609266660639286,0.01651471034555004
2020-03-18,-0.0044799655970565455,-0.0009092602001115118,-0.0008900788483136999,-0.0009174209825346252,-0.0008913942768329617,-0.000920533680955514
2020-03-19,0.15040623564070454,0.030086631456161587,0.027742927256485153,0.03065935697040886,0.026041528482097242,0.030612289585745994
2020-03-20,-0.004739568201063027,-0.0009622539561922891,-0.0009431999257154447,-0.0009709884578775565,-0.0009160191862715827,-0.0009724440047421763
2020-03-21,0.0002723526824797151,5.0743182461528124e-05,3.200218551214981e-05,5.450252149446965e-05,2.1728092636214064e-05,5.463070905131522e-05
2020-03-22,-0.055906653107091975,-0.01062745283630703,-0.007532805693385566,-0.01120716843035131,-0.0060899157056817,-0.011191530676474876
2020-03-23,0.11248448991901716,0.0225238752506583,0.02085915959869484,0.022800714139309865,0.01997615681734696,0.022878987225851192
2020-03-24,0.04450058219427677,0.009016308568356208,0.008765883889985799,0.009027607034100632,0.008659434086092167,0.009013624098622719
2020-03-25,-0.012559097038597589,-0.0025469684149454037,-0.0024853561087147943,-0.002542479062136269,-0.002423404662900339,-0.0025120307270317045
2020-03-26,0.009640003276375264,0.0019395638013018697,0.0018328962163677413,0.0019193289228168304,0.0017294005042885114,0.0018656254428828702
2020-03-27,-0.03903567537922514,-0.007702713806157281,-0.006679441374360552,-0.0074356887975894435,-0.005948560781952589,-0.007091136374328348
2020-03-28,-0.03989888884519921,-0.008038151203940608,-0.007637402613903671,-0.007957014792641489,-0.007366133136022416,-0.007872419147478793
2020-03-29,-0.05246658427345974,-0.010624032850603735,-0.010304742467353462,-0.010554921734009105,-0.010132550002842909,-0.010478526778990808
2020-03-30,0.09010346237208755,0.018275370430921374,0.01784295632540514,0.01795352942329922,0.017921316282345452,0.018063620017686965
2020-03-31,-0.0007025826145188319,-0.00014270128857570553,-0.00014009248901740554,-0.00014244146569185304,-0.00013994310186644262,-0.00014172564011347627
2020-04-01,0.03276029406779912,0.006530249941764674,0.005930260538040817,0.006119129715563172,0.005889282534207408,0.006020182242909646
2020-04-02,0.022524422023393997,0.004533750963087403,0.004291578012102424,0.004390974400724641,0.0042483502695407705,0.004342457295638684
2020-04-03,-0.0060122508663637,-0.0012093582363934669,-0.0011416427066870652,-0.0011556494262550498,-0.0011339385918597987,-0.0011494994665550839
2020-04-04,0.016008320034502477,0.0031405516999780947,0.0026487890821321686,0.002673230794016761,0.0025921158679028814,0.002598014081846812
2020-04-05,-0.010084082397915584,-0.0019576860792759523,-0.0015652656180149803,-0.001591291680693583,-0.0015067428881953182,-0.0015335779943684142
2020-04-06,0.07471289695809724,0.01408579547869141,0.009470361678145741,0.009912833259257162,0.00886061296788609,0.009475336034073746
2020-04-07,-0.015151791721330077,-0.003051902711020434,-0.0028988825023924265,-0.0029285237787486837,-0.0028739860023944148,-0.002924974395773686
2020-04-08,0.025683343325956898,0.00512187566227551,0.0046604126351297796,0.004708853394836045,0.0046061838396735865,0.004697168171110559
2020-04-09,-0.009849926435811285,-0.0019748346986224975,-0.0018388337191886954,-0.0018354314517334547,-0.001813522245748843,-0.001808154153152018
2020-04-10,-0.06024409104007589,-0.011876473422890884,-0.010253196820820574,-0.009752875931009548,-0.009685937445582157,-0.00814958583751648
2020-04-11,0.0034052708525598163,0.0006830548796744983,0.0006371160353218433,0.000615529868003029,0.0006198629828806884,0.0005635761052536856
2020-04-12,0.013872080453515956,0.0027257288397162494,0.0023166297280781843,0.002024565903516753,0.002162220237281425,0.0016424909632000602
2020-04-13,-0.01649179781526111,-0.0031845985531555525,-0.0024740434930810174,-0.0020773239731568032,-0.0022386676357986158,-0.0016858535166386231
2020-04-14,0.001742964755535592,0.0003353169334757372,0.000255167159572582,0.0002182486528681799,0.00022264881538985526,0.0001749623185590246
2020-04-15,-0.03636991171245518,-0.0065742042722114055,-0.0031250662851047602,-0.0024468768699712714,-0.002458224643436164,-0.0019100872663574252
2020-04-16,0.07581591483859529,0.014586127936128233,0.011099653712895978,0.010169230468979919,0.009927143412602325,0.009565426966736273
2020-04-17,-0.0065093204141615235,-0.0013205072940732725,-0.001291157494907812,-0.0012606112206603596,-0.0013021463127763017,-0.0013014117082713313
2020-04-18,0.025616017761398657,0.005053728296592641,0.0043787658120728054,0.003993433225936912,0.004117878609264685,0.003540280702189042
2020-04-19,-0.015496536706106512,-0.0030872761713631692,-0.0027967336910314313,-0.002624203742014585,-0.0026926029909756176,-0.0024870491934511313
2020-04-20,-0.041532959116288626,-0.008226848455771561,-0.0072618436864545065,-0.006732663093281282,-0.006990948392231037,-0.006477902682751623
2020-04-21,0.0025024952064638395,0.0005011488533817113,0.0004642494567144463,0.00043769305310750034,0.0004517423813669176,0.00041484539209484753
2020-04-22,0.03685845769943663,0.007215732077009467,0.006022629348962437,0.004968453512896585,0.005603300032762152,0.004126140161250298
2020-04-23,0.051230463434106976,0.010266334493994857,0.009539376187070257,0.00880172697678962,0.009149521634703743,0.007874561792471183
2020-04-24,0.00238203921884228,0.00048031072181161435,0.00045796563517018745,0.0004358938503286821,0.0004526905064759639,0.00042215741867955147
2020-04-25,0.004169070665887453,0.0008207665471785164,0.00070426624974497,0.0006058413954625761,0.0007035243220627667,0.0005778268095728587
2020-04-26,0.01941302662763511,0.0036455944565078557,0.002387592856201371,0.001787261736412522,0.0023894733474134045,0.001725454180107405
2020-04-27,0.012158011948849134,0.0022875651208882223,0.0015172891835107478,0.001163342582822037,0.0014926958388291973,0.0011349320166732047
2020-04-28,-0.0009761270900144892,-0.00018382625485774732,-0.00012268235575989186,-9.416207039813704e-05,-0.0001208928941516752,-9.188115558810305e-05
2020-04-29,0.1276641281906712,0.02183996117661274,0.005490178310389535,0.01946432340838032,0.004249251477644356,0.023269652916337317
2020-04-30,-0.012488953651987322,-0.002364458910425122,-0.0018260956233162495,-0.000526266346493886,-0.0016134089296612546,-0.0005651381727721963
2020-05-01,0.023476030812987103,0.004336066498558821,0.0028333999328258807,0.0009695304902261819,0.0023836288680143163,0.000997605253572744
2020-05-02,0.013748061924687693,0.0025773577397450423,0.0018674678963161403,0.00047456157322243547,0.0015910210721124091,0.0004492741013512297
2020-05-03,-0.00896552760844771,-0.001648908006075045,-0.0010429391901921798,-0.00042672093075402844,-0.0008332729054627156,-0.0003980679076553218
2020-05-04,-0.001668166214165323,-0.00030209169702678025,-0.00016764889966643776,-0.00011748785746242383,-0.00013029570378732838,-9.122838870420645e-05
2020-05-05,0.01170072388282306,0.001981597183269525,0.00038328747121456103,0.0009472043256795329,0.00024165804285559208,0.001052753839801097
2020-05-06,0.031263881358893464,0.005248241693772238,0.0007419515580271533,0.0023929707023182616,0.0005201874434225473,0.0018970805304459588
2020-05-07,0.0784455344105861,0.013566112226585603,0.00422513793271952,0.003246276864179246,0.0029032705376349933,0.003343745028837172
2020-05-08,-0.013451360050574679,-0.0025772386487118125,-0.0021304966719778015,-0.00033166442174385074,-0.0019015235791716044,-0.00028545930469281775
2020-05-09,-0.0286008141674704,-0.00537949153628118,-0.003981115400579963,-0.000908276173401531,-0.0034391531265036356,-0.0008403378729452019
2020-05-10,-0.09003603570390639,-0.017399277684985014,-0.015021805149964713,-0.0058779739319827756,-0.013846298246574882,-0.006822796749381804
2020-05-11,-0.014157193063125795,-0.0028032087713933994,-0.0027152411082501937,-0.0004768222192986019,-0.002683852251258259,-0.0006009400644100693
2020-05-12,0.026257787625101114,0.005157363683432514,0.0048178432640981345,0.0011046669144927077,0.004592651223518256,0.00161363989150292
2020-05-13,0.05735875492416809,0.01129309247382296,0.010665701539291923,0.0020908758638730615,0.009929855566714822,0.0036653604330267606
2020-05-14,0.05130027128785808,0.010163875853154092,0.009869825128551743,0.001291652514637028,0.009681830434541478,0.0017525180719287778
2020-05-15,-0.048401243268293426,-0.00959849857434901,-0.009358702427042979,-0.0010713612322029188,-0.00943480090951183,-0.0011040578506428184
2020-05-16,0.007355038431869465,0.0014586750048338599,0.0014226120639138846,0.00014217530776759673,0.0013447701418991746,0.00025925278835913884
2020-05-17,0.030552694779327094,0.005971553203061398,0.005452158190642744,0.0011276356378453981,0.004779573562869258,0.0011034258341442568
2020-05-18,0.004577060908175445,0.0008998462381495491,0.0008442459818866995,0.00012994470566065892,0.0007827678663324412,0.00014018094582272093
2020-05-19,0.002811952467247636,0.000533004216987915,0.00041408273962117396,0.00013195070968707005,0.00032949331955857343,0.00012498741916998113
2020-05-20,-0.024450890488206145,-0.004445504905713479,-0.002557693984679523,-0.0018320476422384394,-0.0017921629863440743,-0.001899181164590358
2020-05-21,-0.046964616491830036,-0.008775797717305191,-0.006223951797805172,-0.0030643836455032333,-0.0046101609809002875,-0.003901994571006183
2020-05-22,0.0102564608272393,0.0019959478157405355,0.0017837859332729025,0.00044843354462905836,0.0016248982617373855,0.0004499072495121113
2020-05-23,0.002384581122180096,0.0004509162582896977,0.0003452694369390328,0.00015253677909332554,0.0002755007641082257,0.00016693810559813678
2020-05-24,-0.04109814394009925,-0.00743554942683296,-0.004094529072702375,-0.005010043497895199,-0.002943140787776648,-0.004943152990046989
2020-05-25,0.011691940443099957,0.0022325824925249938,0.0018062171137062238,0.0008491662262507324,0.0015411609390899542,0.0010172278331649954
2020-05-26,-0.00831223789282276,-0.0015576413798172272,-0.0011252747707495244,-0.0011329447026210422,-0.0008529616706882582,-0.001755937281546641
2020-05-27,0.03779456688453897,0.006807195072288663,0.0035947498904658156,0.005572884730372761,0.002322109637271568,0.006724889236765911
2020-05-28,0.043538217143856084,0.008276872237560256,0.006533049621647685,0.0043940600614308855,0.005105836167885328,0.0050602397453445936
2020-05-29,-0.014197826278810055,-0.0027916088725971244,-0.002620999490015562,-0.0010804278734200352,-0.0024656171266159927,-0.0011344479363119442
2020-05-30,0.02748683169185373,0.005353515330545679,0.0048061864483026195,0.002569594701049345,0.004415484894984029,0.0025372492563622076
2020-05-31,-0.02659359692780372,-0.005217844213029652,-0.004850844410319413,-0.002184346869842578,-0.0046329989009538134,-0.0021431799294292842
2020-06-01,0.08111042635371324,0.015980594853551112,0.015140349443566471,0.007280054646411593,0.014889651834652889,0.0074204813594186975
2020-06-02,-0.06733791812378631,-0.013351452738941972,-0.013007832215831128,-0.0030241871493746296,-0.012590377339627784,-0.004796112319716684
2020-06-03,0.013658760945893356,0.002709409057665583,0.002644776521775532,0.00039724969020987354,0.002667553973451941,0.0003379310050499248
2020-06-04,0.01774345858914539,0.003490546725391286,0.0032843667986306186,0.0008477877412158381,0.0032989833791434884,0.0009356614827710116
2020-06-05,-0.017473020933560957,-0.0034208688668136665,-0.00314815088948972,-0.000872230947100349,-0.0031571218745859663,-0.0008122980628160504
2020-06-06,0.0027773508624979737,0.0005418680316476047,0.000490536289642924,0.00012401713076758134,0.0004630756860282947,0.000169570197050134
2020-06-07,0.008161367393523689,0.0015234717946263595,0.001073818791346953,0.0006108031051030757,0.0009368811767989778,0.0007177062326763862
2020-06-08,0.0022325797983109297,0.00039159085603525373,0.0001537353924824138,0.0001920303008533771,0.00011206928082298028,0.00019875503834960106
2020-06-09,0.0010317791930989362,0.00016747848583970864,-8.186480309264826e-06,9.511615408900463e-05,-1.3172104430907646e-05,9.293413107881734e-05
2020-06-10,0.011148103352424776,0.0018555791592351715,0.0001687847170835107,0.0012222846775049238,0.00010520377759074608,0.0013565718282622912
2020-06-11,-0.06178858823318689,-0.010263986498260876,-0.0008083598451363501,-0.006314150796585507,-0.0005940222618012243,-0.0055362718764999175
2020-06-12,0.019262873038741413,0.0033737694737957483,0.0012838098834409004,0.0010948086604562594,0.0009750065369506049,0.0014965030725438426
2020-06-13,0.0005469730316776111,9.585540501927766e-05,3.682518858863978e-05,7.825049677003288e-06,2.7806574577989186e-05,1.5939928068133917e-05
2020-06-14,-0.012511783842948154,-0.0021220894619843667,-0.00042670449034833493,-0.0020713917704030843,-0.0002867070033286572,-0.002453967980053904
2020-06-15,0.010534950589624614,0.0017722786523970211,0.0002728216815122316,0.0016470684500612513,0.00017385172658319366,0.001919867286344504
2020-06-16,0.008336568406827727,0.0013887325681169183,0.00013291284988303304,0.0013741178984494192,8.335678884240002e-05,0.001573636145563025
2020-06-17,-0.007499758201490958,-0.0012445179225849614,-9.016009189822723e-05,-0.001273955064660277,-5.550213352087509e-05,-0.0014984925567303137
2020-06-18,-0.006212794799340893,-0.0010287860539757879,-6.14227052090838e-05,-0.001044928388349235,-3.906261993621469e-05,-0.0012009843945939194
2020-06-19,-0.011075536286165866,-0.0018316686347182645,-9.513205958124345e-05,-0.0018703131467305647,-3.701337655797246e-05,-0.0030700698382643697
2020-06-20,0.007678327176420918,0.0012711385429332648,7.390942249361174e-05,0.0012279219913102768,4.340575467634911e-05,0.001260624473254785
2020-06-21,-0.007750435599965466,-0.0012815664064229988,-6.535650992949731e-05,-0.0013122902965678766,-4.402774821588843e-05,-0.0014490419030273828
2020-06-22,0.04306523909248594,0.0071205581998367695,0.00036036268636340115,0.01006989664079704,0.0002667626284635502,0.013438940059202535
2020-06-23,-0.0075267986878757576,-0.0012843675595659086,-0.00030386957556150575,-0.0014802512887842098,-0.00022180662245754526,-0.0018217371177054083
2020-06-24,-0.033165994823718625,-0.005559823551097824,-0.0007402484691831826,-0.006818552327166028,-0.0004574136059530305,-0.009992738235397458
2020-06-25,-0.004930850040300139,-0.0008634875020237455,-0.0003290963711862405,-0.0008451111026698539,-0.00021297852749024282,-0.0011080875515232038
2020-06-26,-0.00948226548905895,-0.0016060438032585707,-0.00031033471474417216,-0.0018233553897788063,-0.00020213233445052185,-0.0020276552596186362
2020-06-27,-0.017170503124097847,-0.002875326780142886,-0.0003646746169531009,-0.0032410314787501885,-0.00022706518985568403,-0.004051057336029412
2020-06-28,0.011763842379349354,0.00197812108819893,0.00029924737646082865,0.002047427042531097,0.0001888161970186424,0.0023804813639855043
2020-06-29,0.008364200964581237,0.0013951273458297617,0.00014422978036163824,0.0015161467262699492,9.567349102322932e-05,0.001710340890855605
2020-06-30,-0.004385746525506273,-0.0007286099042872322,-5.7809394059620135e-05,-0.0008246720890408072,-3.854969355575816e-05,-0.0009714537162378468
2020-07-01,0.010648772120096517,0.0017608775618395411,9.016679056368932e-05,0.002008009179147017,5.1991555001821076e-05,0.002542213240455603
2020-07-02,-0.015901625928997465,-0.0026300800636106644,-0.00013826670420286077,-0.0029576118671814345,-0.0001433451475342316,-0.0029178660674896084
2020-07-03,-0.003045459722328614,-0.0005063946582005738,-4.2898767303857715e-05,-0.0006372335520672966,-3.8321628732792786e-05,-0.0008157557669088568
2020-07-04,0.006565665502487716,0.0010853742201734145,5.362538453634121e-05,0.001394999144318647,2.5181311673453303e-05,0.0020196397940922504
2020-07-05,-0.005106773573573586,-0.0008439462419051453,-4.012233292329666e-05,-0.001232812742959973,-2.928859972217553e-05,-0.0016106203489675707
2020-07-06,0.02856162966501241,0.0047182304609135715,0.00021293789618393857,0.006777003987497129,0.0001701502764852068,0.008992212921150976
2020-07-07,-0.009292685731278616,-0.0015553240649464907,-0.00019259283922421462,-0.002026172912135801,-0.00017036413308317168,-0.002369811364246489
2020-07-08,0.019715315000242484,0.0032798061820785776,0.00028723056531626757,0.004425688464421812,0.00021226681280132295,0.006046022185011999
2020-07-09,-0.021523572661653834,-0.0036000459255525964,-0.00043155036096459746,-0.0046864462509588626,-0.00039714222797916984,-0.00518236461443119
2020-07-10,0.0058190602018266535,0.0009832278641347411,0.000176442821097124,0.001175327724692099,0.000162902121937378,0.0013207864567564439
2020-07-11,-0.0051748910626224776,-0.0008647233725276095,-9.85992285353348e-05,-0.0011114621483988094,-8.62373742373357e-05,-0.0014341497462782363
2020-07-12,0.005621522940923551,0.0009305978264296492,5.3889326081091957e-05,0.0012048708325640089,4.920131595409265e-05,0.0014253438163863066
2020-07-13,-0.005649146545292805,-0.0009341536162143121,-4.790499619052514e-05,-0.001243433488654,-3.786169047385688e-05,-0.0016367027197236237
2020-07-14,0.0025696065502176513,0.0004245476260166855,1.9538957546411792e-05,0.000560950387735123,7.3195680913370375e-06,0.0007825222595593172
2020-07-15,-0.006871379577353176,-0.001134623462489588,-4.8208329226422745e-05,-0.0015126778367230915,-3.671373302605148e-05,-0.0019222095286343685
2020-07-16,-0.006973487081020746,-0.0011522082355000293,-5.3370366366616216e-05,-0.001525770703448393,-3.472873132088531e-05,-0.0020286733504084973
2020-07-17,0.002614416240891204,0.00043201056319946805,2.0244710446241633e-05,0.0005966631832423676,1.3759690043351467e-05,0.0007966160113463403
2020-07-18,0.002122717768956228,0.0003503307539300785,1.379455031493473e-05,0.0005000948884001559,7.729394412671741e-06,0.0006839250795315047
2020-07-19,0.004679320544068721,0.0007723481468630465,3.089115617626162e-05,0.0011421390553499288,2.3873503213900023e-05,0.001561879078407928
2020-07-20,-0.005602844865609469,-0.0009248976863412599,-3.7704155523441615e-05,-0.0014649686058460258,-2.395746716314124e-05,-0.0021500861287785194
2020-07-21,0.024149577851670934,0.003988383298879797,0.00017391159715358996,0.006259530066227089,0.0001735014540437586,0.008768319807616096
2020-07-22,0.015197523611821806,0.0025286830160435696,0.00022410637753277017,0.0036836339514086935,0.00019721611353164392,0.0050478628905109655
2020-07-23,0.008174082568247254,0.0013607668228312274,0.00012480886922086246,0.0019441224860727263,0.00014134482099923117,0.002214331715651234
2020-07-24,-0.006354972300901651,-0.0010537177817339163,-7.131056582119843e-05,-0.0015132856462290213,-6.831492816052974e-05,-0.0021444257250450567
2020-07-25,0.016165734717875413,0.002673956649836518,0.000141751983227003,0.003833699342780712,0.00011091663395281454,0.005206482634891426
2020-07-26,0.023855180618981064,0.003955596497783836,0.00026875487728704266,0.005514945306837791,0.00021423377375269829,0.007133395839407491
2020-07-27,0.11200042694211088,0.01874511605929357,0.0023173124933730973,0.024243039628758664,0.002109966971668428,0.026912757380830335
2020-07-28,-0.009224213441404672,-0.0016883799597094166,-0.0010317087753275171,-0.0007309699992471652,-0.001076841778744004,-0.00047866747720877196
2020-07-29,0.015638588904656192,0.0026852852306743693,0.0009498491952630678,0.0014900133654941815,0.0010873970560401544,0.0007764776361482554
2020-07-30,0.0017650097044072943,0.00029911013264772744,8.52889747854181e-05,0.0001722135281294349,9.071653349450788e-05,9.905190119055233e-05
2020-07-31,0.018212797341230935,0.0029941259484593755,0.00037946647252000865,0.0011804833220440962,0.00039054253011641335,0.0018758660042347177
2020-08-01,0.04051656290073824,0.0066899413605982175,0.0010029188313375101,0.00340660205625221,0.0008955341103875751,0.003977527813382777
2020-08-02,-0.05963607075213362,-0.010403293636653339,-0.004443986600725905,-0.009024278136600923,-0.004013131530046228,-0.002398288526024114
2020-08-03,0.01280644776594042,0.0024277809002456793,0.0019194295878194353,0.002279497211019039,0.0018639774800684372,0.0002626317751877972
2020-08-04,-0.002976458409537086,-0.0005587521525771541,-0.00041997412514931484,-0.0004976833226623021,-0.0003990570681547167,-0.00016085436468298765
2020-08-05,0.0463092638018221,0.008111404410555634,0.0036220863517007454,0.005532723414604327,0.003112575612561238,0.004130896239835583
2020-08-06,0.004084024042296797,0.0007605197917689525,0.0005446300755596956,0.0006524801535436142,0.0004990117288402785,8.477924387073441e-05
2020-08-07,-0.014473241211968912,-0.0025992143971084445,-0.001458078967004824,-0.0017417446159569245,-0.0012693384143210261,-0.0013407022295713125
2020-08-08,0.01241830853918846,0.0021973635016888974,0.0010852673985508395,0.0013158149709323092,0.0008773076114768562,0.0013731201651915612
2020-08-09,-0.005321572247030337,-0.000921300933795564,-0.0003595425546975618,-0.00046553995217740637,-0.0002845330396242943,-0.0006118581337463004
2020-08-10,0.01625374738114127,0.002699704089183119,0.0004899867896893739,0.0009015161623137074,0.0003506194747961313,0.0022291032805882025
2020-08-11,-0.040245205044670995,-0.006680070616853784,-0.0011870748198269658,-0.0025477347131368376,-0.0007794865283264774,-0.005368993911965748
2020-08-12,0.016051443708098523,0.0028204472950859607,0.001299546396098626,0.002016656093379001,0.0009379007919143243,0.001136340420991002
2020-08-13,0.017099514366782698,0.0029788904356185795,0.0012528438032496873,0.0017116006291401406,0.000837360739364196,0.0019454647205687005
2020-08-14,8.155099029427682e-05,1.309397379616878e-05,1.7501396201045202e-07,-8.483483609197757e-06,-4.9623290193461335e-06,-1.7042955306710206e-05
2020-08-15,0.0078562002803646,0.0012964828440864525,0.00019156767364433743,0.0002962485245023012,9.91464612428483e-05,0.0012769861308796237
2020-08-16,0.00275829102003855,0.000448517217297496,3.0208206042288092e-05,5.336020941122961e-05,1.174627949023557e-05,0.0004845550857675085
2020-08-17,0.034969088709558616,0.005671776579053399,0.00030079107669322074,0.0006579661100944632,0.00013974453316285127,0.006369906810925165
2020-08-18,-0.026231946465649414,-0.004351185319272784,-0.0007581203719563133,-0.0014575486280119982,-0.0003650680902738272,-0.0038585622311704043
2020-08-19,-0.021333562679784257,-0.0036383937677924205,-0.001153082434949448,-0.001818463525397288,-0.000606192584854841,-0.0025994731973276973
2020-08-20,0.011133420793675741,0.0019302629767715916,0.0007671716686482375,0.0010512635575253611,0.0004046954968490681,0.0014185956643097575
2020-08-21,-0.028887365250917174,-0.004882771820440062,-0.001326570074326092,-0.001814432563176998,-0.0006761479129755625,-0.004201420724616179
2020-08-22,0.013674127360957078,0.0024027274379709628,0.0011076316761312601,0.0012473291664392653,0.0006194105932797593,0.0017437107640748694
2020-08-23,-0.001427791817244839,-0.00025001893541340203,-0.00011120849994721334,-0.00012120179783512157,-6.124751870835737e-05,-0.00023430582018822764
2020-08-24,0.009069288858861047,0.0014960551437922245,0.00021744746935119762,0.0002548627146412057,0.00010593675783865423,0.0015177125542780155
2020-08-25,-0.03508108219294803,-0.005740446998795852,-0.0005821024780175415,-0.0009086072791534411,-0.00029048107618585644,-0.006027541661762951
2020-08-26,0.01000090302538581,0.0016889639651326835,0.00045101853309601197,0.0006777989557252568,0.000230943704321073,0.0013132310888879718
2020-08-27,-0.013718157739290193,-0.0022774521178936455,-0.00040689956836570493,-0.0006755902704403422,-0.00020123804346457383,-0.0021244125312852484
2020-08-28,0.018843609288606622,0.00311406415343215,0.00048111481776587914,0.0008392261174009273,0.00027240376228618437,0.0027963374911442423
2020-08-29,-0.0032200781686375635,-0.0005347056066731229,-9.620401340949924e-05,-0.00015488152572107713,-4.509970559539658e-05,-0.0005566884699614226
2020-08-30,0.018120075841101313,0.00295412412944767,0.00024029675973271782,0.00045223225835814933,0.00012096420134491083,0.003178243178298623
2020-08-31,-0.0017631975971930114,-0.00028912319560113356,-3.260657103849094e-05,-6.355727302291808e-05,-2.2529359896663646e-05,-0.000297174921940276
2020-09-01,0.025004959914523228,0.004057523498125417,0.00022551839974106825,0.00046449608515105554,6.52382479269034e-05,0.004900749225822992
2020-09-02,-0.046435002540058834,-0.007616357963386926,-0.0008701802281186857,-0.0016380382660086022,-0.00042626814256307267,-0.007845447227092317
2020-09-03,-0.10101400933413807,-0.017538605283594987,-0.007095089975591365,-0.01035936309633994,-0.0038765151591477684,-0.011821995781643705
2020-09-04,0.02051085303944622,0.0039007500530327537,0.003135221382914251,0.00344877589957416,0.002483675647291787,0.0006077435376672475
2020-09-05,-0.03278494350388894,-0.006278143317557894,-0.005223462445359128,-0.0054232097822393705,-0.004194780560565771,-0.0013808862003214753
2020-09-06,0.012307305599546847,0.002407929766275809,0.0022028643798835687,0.002157595961964713,0.002016691559790914,0.0003103927796806505
2020-09-07,0.011174788358965904,0.002148757530279344,0.0018227409285400474,0.0016939972133446428,0.0015736903225535932,0.0005297243121869422
2020-09-08,-0.025004431509289993,-0.004682999959849597,-0.0034759962158724326,-0.003230191279466665,-0.0027455937334004126,-0.0017609302004559975
2020-09-09,0.011324570911274368,0.002164107039439209,0.001782628983069862,0.0017340697429377295,0.0014933086532079834,0.0005558314723778883
2020-09-10,0.010908549915561006,0.0020203551602834733,0.0014060523044689675,0.0014033643037137066,0.0010356718560423418,0.0007794703748108352
2020-09-11,0.00506936465513208,0.0008994845373133558,0.00045644173576386013,0.0005322591697915176,0.0002716383893060962,0.0004764020747352429
2020-09-12,0.004809568743438852,0.0008059110350842881,0.00018461118812194375,0.00035219734338333024,9.502733708272759e-05,0.0005090511960839801
2020-09-13,-0.010966222143627635,-0.0018094817337971755,-0.0002644082848123037,-0.0006989354155386774,-0.00014315854979093072,-0.0013162137583660333
2020-09-14,0.03295669839860227,0.005395053858829328,0.0005592459449859289,0.0013519578157038868,0.00031839973418950224,0.005067602251596145
2020-09-15,0.010941027578645679,0.0018401353727807968,0.00045282473194738335,0.0008034042889496811,0.00026379061028309524,0.0013831657694979304
2020-09-16,0.017527863723090675,0.002899138720712955,0.00046142387007885844,0.0006829917170969907,0.000245580971861982,0.002935889056118367
2020-09-17,-0.002920027354204602,-0.00048391609148795055,-8.197140931666024e-05,-0.00011303536285941915,-4.2789409991743524e-05,-0.000498655857917457
2020-09-18,-0.0014794690461700233,-0.00024387928706451502,-3.436432577591698e-05,-4.749623072402249e-05,-1.7800033706515334e-05,-0.000284951145298803
2020-09-19,0.014071897063089756,0.002280375803203234,0.00010987752062663389,0.00019022325091318048,4.895829568039539e-05,0.002663489156614817
2020-09-20,-0.013776818233102284,-0.0022363563521650034,-0.0001287459587794783,-0.00022460366382225612,-3.8484504446100715e-05,-0.0026832105678499447
2020-09-21,-0.04265441210531973,-0.006937357504291504,-0.00047307180593448846,-0.000810893988552432,-0.00024214779642363395,-0.00774408471221314
2020-09-22,0.006165170662788988,0.001034223289037835,0.00024043876906908767,0.00036991816984853406,0.00013472505431503742,0.0007461136469712811
2020-09-23,-0.02723802055456781,-0.004483234609537107,-0.0005960056013577723,-0.0010096795261636444,-0.00033866869165911917,-0.004393705026465468
2020-09-24,0.04942131687645701,0.00832944393203048,0.0021404421514120463,0.003371767020096151,0.001204280382550405,0.006832117433504889
2020-09-25,-0.00515987600147505,-0.0009612316460113437,-0.0006956252366834878,-0.0007490047277593428,-0.0004968476438798699,-0.00046574800666171137
2020-09-26,0.0054662915501071385,0.0009420207676619307,0.000348282962312444,0.00037821163787437587,0.0001898890510394745,0.0007081201823249213
2020-09-27,0.0015633794607103901,0.00025360104377555035,1.4970073608969527e-05,3.464992786748193e-05,3.14891898321787e-06,0.00023076192644137883
2020-09-28,-0.002923110832508402,-0.00048090508540761013,-6.262871638522875e-05,-0.00010459146168709672,-3.236790672359899e-05,-0.0004861381038865984
2020-09-29,0.010605361496408339,0.0017195852325783893,8.82193579417251e-05,0.0003052769748072959,7.721805403838571e-05,0.0016042974962104937
2020-09-30,-0.006345362227514806,-0.0010288605362937524,-5.2794348966397374e-05,-0.0002021481716365713,-3.815765041511259e-05,-0.000998993625700562
2020-10-01,-0.015385167309485803,-0.0024919967444657237,-0.00011342907021873427,-0.0004692653409594223,-9.658952129285131e-05,-0.0023582844614409623
2020-10-02,-0.0034423467556652376,-0.0005599917816414926,-3.8880149655187365e-05,-0.0001286221439458936,-2.4958726475271887e-05,-0.0005615716309285711
2020-10-03,-0.0013623557108191076,-0.00022121571827511826,-1.3108567510429186e-05,-4.468337957955046e-05,-8.052183327802517e-06,-0.0002782656099430302
2020-10-04,0.010412680533194774,0.0016843448553475655,6.425837588221647e-05,0.00018513558323471663,4.5998013415959637e-05,0.001830933215973682
2020-10-05,0.010033827472764711,0.0016243191850951395,6.894853349323401e-05,6.757451653621361e-05,4.998568662618743e-05,0.0019525998593986967
2020-10-06,-0.01636201731462006,-0.002649571205998726,-0.0001170013772955157,-0.00010246420544529692,-6.903260189677893e-05,-0.0032565563601323557
2020-10-07,0.006683498315638525,0.0010859891371797215,6.843185322372026e-05,5.757980312488043e-05,4.923616847071559e-05,0.0012778173143797714
2020-10-08,0.022061561911615568,0.0035746516370414724,0.00016965333237736724,0.00016667236230709254,6.413073429255372e-05,0.004423152935460096
2020-10-09,0.015737111118789615,0.002566372363857461,0.00021269127770961056,0.0002156547756847839,0.00014709441661328105,0.0028659965010331915
2020-10-10,0.02065635407410138,0.003371768148564343,0.0002968152616741243,0.00031047671672592987,0.0002002335220220406,0.003823989654596375
2020-10-11,0.006671610560587515,0.0010949620619224228,0.00012870493374474813,0.00013611020843812383,9.184329720501581e-05,0.0011561853907092643
2020-10-12,0.014952988455266825,0.002430965152009547,0.00016029972831820452,0.00020055233692499618,0.00011949645783499008,0.002749041693249207
2020-10-13,-0.009822378552914901,-0.001599017916728684,-0.00011725593827183177,-0.00016396076305182623,-9.86244397457439e-05,-0.0017559688430698664
2020-10-14,-0.0015619343915177497,-0.0002541069219013466,-1.7724719552415398e-05,-2.5649133250437466e-05,-1.4277560561181699e-05,-0.0002889474601633261
2020-10-15,0.007486407615546975,0.0012118047512630862,5.073976791689166e-05,9.6199522867601e-05,2.9988039861598958e-05,0.0014016761048170176
2020-10-16,-0.014222378358245025,-0.0023019994299113746,-9.560459168956577e-05,-0.00018568453818243016,-3.5975437466004645e-05,-0.0027675328298782187
2020-10-17,0.0021002793708526646,0.0003404464043615445,1.6910884722928205e-05,3.125771333583329e-05,5.004580059746527e-06,0.00040869363714991026
2020-10-18,0.01116100986415236,0.0018060896390484499,7.27703656912877e-05,0.0001353612142018284,2.0107592304783968e-05,0.002161658162505749
2020-10-19,0.0222974602570849,0.00361143863041413,0.00016344334539840894,0.00026139093539599646,7.691514259240557e-05,0.00424060351473085
2020-10-20,0.01563495854309216,0.0025485436075184595,0.0002048188035015865,0.00028750936005854334,9.774675966691747e-05,0.0028832549085124697
2020-10-21,0.07703899244708023,0.012569899481934634,0.0010776518166554052,0.0012918081918005637,0.0005722177010262271,0.01431046511037989
2020-10-22,0.011597371897905662,0.0020198394085012158,0.0008449434027696901,0.001045867010198339,0.0005472654249993641,0.0009261756856872757
2020-10-23,-0.0033906248939679084,-0.0005821180409038578,-0.0002033399411564576,-0.00026572779972330586,-0.0001241877098965119,-0.0004506280786767693
2020-10-24,0.012385694749340592,0.002038386176702497,0.0002703394085187361,0.000533892326425045,0.0001375776316032546,0.001869267906639309
2020-10-25,-0.005507596356146505,-0.0009034898402872743,-0.00010386669528000033,-0.0002467723175222992,-5.791283037070884e-05,-0.0007965118913307669
2020-10-26,0.00299158152464285,0.0004851840074714334,2.5583617910581764e-05,0.0001092073960184216,1.5996661777558643e-05,0.00043814426726733463
2020-10-27,0.04547690497798462,0.007364555390268186,0.0003268028811476468,0.0015082211214141575,0.00017836651788623293,0.007184938353653843
2020-10-28,-0.02816675103445443,-0.00512988213984067,-0.0004344262650932555,-0.00030521854825255653,-8.98975902081986e-05,-0.004698987595321619
2020-10-29,0.013911503093375188,0.002533706741658478,0.0003596421493265452,0.00024133146701148733,8.558927307105574e-05,0.0018000441941620183
2020-10-30,0.009504766218095373,0.0017251758985163033,0.00015457550529996252,0.00010403262713254469,4.035545450025609e-05,0.001357957069742417
2020-10-31,0.01499177249404915,0.002714408795043635,0.00014054567792905843,0.00010026395211984075,2.813935358450504e-05,0.0025021997307619614
2020-11-01,-0.005094010990726705,-0.0009220206960880962,-4.311069712863585e-05,-2.5797069082465928e-05,-1.1875128582188315e-05,-0.0009120206327484165
2020-11-02,-0.010288686454953844,-0.0018606771898202683,-6.258036077820804e-05,-2.9756251073064307e-05,-2.01789735654423e-05,-0.001873040741677568
2020-11-03,0.029520703648368896,0.005338059056951531,0.00016921290950024757,6.96063395348925e-05,2.8191794334049256e-05,0.005482740644007782
2020-11-04,0.009447281285678288,0.0017109319685260282,9.485917439602055e-05,3.813860867078474e-05,1.3832886165286763e-05,0.0017281381945708637
2020-11-05,0.10455822373593682,0.01891444239064331,0.0007196360004192228,0.0002934618715119026,0.00010745089542967471,0.019013947477668113
2020-11-06,0.0008013112623150853,0.00014455684778020355,-6.203944118981685e-07,-9.015277013984885e-07,-4.6190726659602285e-07,-2.8964404221222144e-06
2020-11-07,-0.04818602300768793,-0.008750014147925521,-0.0008441821347750952,-0.000475317845546677,-0.0001712802375381982,-0.006403016459822431
2020-11-08,0.04262271061649958,0.007837359127548835,0.002238709826157116,0.0014228195828283744,0.0005680305275502394,0.002256613275985751
2020-11-09,-0.011624562995957599,-0.002175932001925062,-0.001189391557004562,-0.0008473006404845566,-0.00038573816336812323,-0.0007202860607467654
2020-11-10,-3.55288977885726e-05,-8.162603219186066e-06,-2.6309126682588378e-05,-2.1146776344519118e-05,-1.313984943608383e-05,-9.024935721042375e-05
2020-11-11,0.026891965278295737,0.004913666360176487,0.0009379698933263951,0.0006219581911463016,0.0001889452708773122,0.003892520828383361
2020-11-12,0.03550729330116842,0.0065097138901396845,0.0015718514389831228,0.0010910694977416843,0.00032878999464417585,0.004229180016382623
2020-11-13,0.0024707383419650952,0.0004557638335771056,0.00015169197236080735,0.00010977103927930086,3.4058970992975916e-05,0.00029709345326559065
2020-11-14,-0.01396520970330084,-0.002554089576200676,-0.0005231206144298192,-0.00038514212034058547,-0.00011037211452508902,-0.0018224484152515048
2020-11-15,-0.00715780366783636,-0.0013049764890355245,-0.00020534531373301315,-0.0001597250635871422,-4.845119415737019e-05,-0.0008290049811892821
2020-11-16,0.047307846380090446,0.008584711895744933,0.0007390266926348857,0.0005378836050024484,0.0001518240524036596,0.008060111484944073
2020-11-17,0.0560898418293565,0.010283167782144137,0.002482283587957662,0.0018052512360908178,0.0005529359510152247,0.008921567522581771
2020-11-18,0.006929061454030494,0.0012950262833148062,0.0006785115614061321,0.0005273348302345988,0.0002289637331082497,0.000514883056902233
2020-11-19,0.0007851098898352671,0.00014182754991689037,3.2474880068559384e-06,-8.611050847816039e-06,-8.564143545927821e-06,5.330110055863204e-05
2020-11-20,0.04742852605674419,0.008644515947490793,0.0013237220281180162,0.0008190635916328057,0.00030048130366086486,0.007723829458093851
2020-11-21,0.0022936124429613347,0.0004216996107618295,0.00011962336296873684,7.778674485504493e-05,3.348573758179641e-05,0.00017879750352856733
2020-11-22,-0.011968868277775546,-0.002188113179236942,-0.00043507739592644394,-0.0002673776286636681,-0.0001245073322499431,-0.0016662943432391125
2020-11-23,-0.005920937718691288,-0.0010782334814244375,-0.00015077977549591575,-8.941702582938369e-05,-4.0479624549525584e-05,-0.000925430870592919
2020-11-24,0.04228935874510609,0.00766672649443749,0.0005480006560912509,0.00032906539620349674,0.00018494275274287084,0.006624713944925652
2020-11-25,-0.020984442159968753,-0.003833882982622337,-0.000726143879035373,-0.00044881769263878694,-0.0002545161086077379,-0.0025272731329757736
2020-11-26,-0.08719023435467499,-0.015953496235761998,-0.003379506542924026,-0.002097213328413747,-0.001219118714575184,-0.0089454043856102
2020-11-27,-0.0007078446752172285,-0.00013804817337223583,-0.00015586054004890101,-0.00012136676722996741,-9.12327268282128e-05,-9.703721404803755e-05
2020-11-28,0.03764409065684693,0.006950919493589847,0.0024176677708300193,0.0015921384715678626,0.0010393454625077106,0.0017613473103775636
2020-11-29,0.025104541883109288,0.004696890603151423,0.0025335278745560815,0.0018143428576866967,0.0012469933562453633,0.001939828632299958
2020-11-30,0.08100442578841349,0.015187533519214653,0.008654664618335153,0.006207847709054251,0.004212452994104619,0.007761343866977391
2020-12-01,-0.0429100044071572,-0.00822646588233402,-0.00725177517639763,-0.006521089642341335,-0.005667260663847051,-0.0009735473173900873
2020-12-02,0.020948549794897575,0.00403352671251032,0.0037922700989897486,0.0036307965675036824,0.0034261150929284895,0.00020745699581225542
2020-12-03,0.01329381616350167,0.0025555161678337732,0.002346661753015658,0.00219658850266687,0.00206929146223518,0.0002643690581656953
2020-12-04,-0.037870176248677945,-0.007241016565844279,-0.0061191634541167975,-0.005370733989599562,-0.004857502503361798,-0.0018506432220013304
2020-12-05,0.02037403034255858,0.003916596250637062,0.0035968071987221416,0.003377148773983372,0.003100791446375047,0.0021506611918468
2020-12-06,0.012643744937416379,0.0024256587260034312,0.00216088371279312,0.0019741561749172234,0.0017830284531364208,0.0012096065478481553
2020-12-07,-0.008996384686597025,-0.0017151895293125452,-0.0013809300052436487,-0.0011558080572748946,-0.0010010462463369374,-0.0012068928313767862
2020-12-08,-0.043853140468845586,-0.008274183888311708,-0.005458749337544662,-0.004015914962348811,-0.0032507688420604962,-0.005889851840479206
2020-12-09,0.012742973454884954,0.0024354342643444493,0.002042710734861654,0.0017305057554226975,0.0015214007063823881,0.001408121973747678
2020-12-10,-0.015066183192171234,-0.0028595304445047653,-0.0021237378188384477,-0.0016123884981754672,-0.0013479084823655267,-0.002104841632686606
2020-12-11,-0.012740578065091213,-0.0024068443459349252,-0.0016296643702567771,-0.0011137523186334096,-0.0009148453259082902,-0.002112295490731528
2020-12-12,0.04160855541045794,0.00779893632577608,0.0044119988468633185,0.002537067454903855,0.00213677389661705,0.006783261818540079
2020-12-13,0.018221100644260524,0.0034616622611672162,0.002617289500818545,0.0017483620072644929,0.0016371692952184761,0.0021747169892192184
2020-12-14,0.006821269100821148,0.0012889342739394098,0.0008772547844583431,0.0004951200490440075,0.0004844903858391753,0.0009408969717079211
2020-12-15,0.007561520473468475,0.001403301113938086,0.0005927619626393237,0.00023092607127154875,0.0002430513345429724,0.0012129830028951242
2020-12-16,0.09973616526552309,0.0182898212826816,0.004487643818745314,0.0015214307589265076,0.0016669167682537291,0.0172181284958472
2020-12-17,0.0663780666387197,0.012525665854163157,0.008283688777857583,0.004355159724642543,0.004667994945127092,0.005203952987918416
2020-12-18,0.011386813813062169,0.0021824028417227223,0.0019149080202662291,0.0014865478889968804,0.0015742120640279448,0.00012088266436637303
2020-12-19,0.03505649754076878,0.006674656829471395,0.005250072316242986,0.003439057869982577,0.00387817713790536,0.001025160952954932
2020-12-20,-0.01375805933709584,-0.0026361344601740283,-0.0023033511069410506,-0.0017645431177710045,-0.0019277976067518347,-0.00023152756065050777
2020-12-21,-0.025124040988603547,-0.004792600290829531,-0.003894990839266378,-0.002719574722684905,-0.0029651061354055183,-0.0017694725366484611
2020-12-22,0.03572635824751935,0.006833130821055977,0.005802328026374509,0.004342475673301654,0.004636251116550002,0.0014987891276332806
2020-12-23,-0.018925789110049385,-0.003635827143185695,-0.00330686261776399,-0.002775976118873449,-0.002735247920910001,-0.0032634447265597064
2020-12-24,0.017177564200572037,0.0032956905778187663,0.002939135182359951,0.002410739606696611,0.0021282686113957474,0.002725538968924022
2020-12-25,0.04055787754850115,0.0077478350308516335,0.006450121888764928,0.004826429446863472,0.004239282737966607,0.005291777640250189
2020-12-26,0.07332651238420884,0.01408937246385797,0.012850356287127149,0.011064511450643692,0.010338643491479218,0.0050448639809440796
2020-12-27,-0.0017830420187537888,-0.00034479318065451,-0.00034418024747873843,-0.0003461749535051503,-0.0003565590361452897,-8.895188124299856e-05
2020-12-28,0.02302204699859356,0.0044194532930535435,0.003974615802903402,0.0033267382424169473,0.003573645947439403,0.0011490906383149018
2020-12-29,0.007095379225260601,0.0013606081188407269,0.0012036837342672324,0.0009650329199774527,0.0010593781057921625,0.0005471410551909101
2020-12-30,0.05924858317626858,0.011238864986017267,0.008258297940449303,0.0052035751146149055,0.006095136195444819,0.009680730808256576
2020-12-31,0.0061729977184221685,0.0011837179172450138,0.0010468030534726243,0.0008488035328919618,0.0009004890227337469,0.0008790200715028769
2021-01-01,0.012335953333636462,0.002345998603378636,0.0018075122567125525,0.0011830086513902164,0.0012910646496050889,0.0019289363541268546
2021-01-02,0.08992256442620139,0.016925985748358977,0.010593612539259091,0.005769783686161226,0.006288915042319603,0.014602110569892218
2021-01-03,0.03919578891461328,0.007520469152018844,0.006711195657875323,0.0055042393869940785,0.005271460234525689,0.006685229973939548
2021-01-04,-0.044344488694597284,-0.008539042209359476,-0.008038642273862744,-0.007297038947788895,-0.007326541314579541,-0.004766060432760796
2021-01-05,0.06952447200204959,0.013412324361614618,0.012958839370675783,0.012511423010839386,0.012535271866400034,0.0028927553659036155
2021-01-06,0.07732602481140782,0.014930115135716385,0.014597231634730834,0.014459966982574084,0.01450333731021234,0.0016123012211295708
2021-01-07,0.07020041837249713,0.01355692410287334,0.01328994867428578,0.013336156988838874,0.013032028073119843,0.003764871544875548
2021-01-08,0.039773747691958405,0.007681121092083032,0.007531436117450352,0.0076014732339649,0.007527205393428856,0.00046791248577671704
2021-01-09,-0.009925645575890707,-0.001916305482775306,-0.0018717083608071553,-0.0018891046330374217,-0.0018762786278953448,-7.710044034605982e-05
2021-01-10,-0.05056496606277994,-0.00973805287798812,-0.00918342162008491,-0.009130561595894501,-0.009034592585619262,-0.0009534950222656133
2021-01-11,-0.07982987537910113,-0.015404877050728696,-0.014944500300163461,-0.015053369142698461,-0.015019840462042123,-0.0003491510843015081
2021-01-12,-0.04414705529755858,-0.008524830236411374,-0.008347054559913048,-0.008476267216849803,-0.008443377267714517,-6.997804663592131e-05
2021-01-13,0.10631315762744631,0.02052748174835632,0.02007691713408447,0.020335562628678524,0.019909270510359175,0.002304429531836634
2021-01-14,0.04689363837466898,0.009056186671027663,0.008880642018355624,0.009037778654996541,0.008845518937225696,0.0004235680148592587
2021-01-15,-0.0598071434194003,-0.011548032971602775,-0.011296815749058293,-0.011504106315661164,-0.011100691675140327,-0.0014315595588534854
2021-01-16,-0.01452061342070754,-0.002804083895631221,-0.0027475230577832695,-0.002798237942073699,-0.0027962883014840028,-5.774918791723317e-05
2021-01-17,-0.002966549345139402,-0.0005722430002712365,-0.0005522272381713671,-0.0005610259650895809,-0.0005567546144262744,-3.6949845945928584e-05
2021-01-18,0.014537228028657756,0.002785940133110786,0.0024412413367772548,0.002452891414022054,0.002382158523022976,0.0004231212974834895
2021-01-19,-0.009404476825297214,-0.0017927882503992927,-0.0014405852143973454,-0.0014372288639639677,-0.001371467799808265,-0.0003947882997884268
2021-01-20,-0.020266571413730672,-0.0038263631986772354,-0.002559316938087739,-0.0025495726611902115,-0.0023743612000778577,-0.000926650175513259
2021-01-21,-0.12649495327608495,-0.023889866040083266,-0.016084244617076103,-0.01604073321862051,-0.014667989221222588,-0.0039870579454843675
2021-01-22,0.06329135893738602,0.012142741005864426,0.010823893511930038,0.01083230046908489,0.010179420634970165,0.001306569259223374
2021-01-23,-0.02880436951464793,-0.005555619995511756,-0.005351906861970221,-0.005435349503567902,-0.005287814299817033,-0.00021306785576606792
2021-01-24,0.005613073845128103,0.0010825450280435216,0.0010418700263333915,0.0010528583831117668,0.0010297987014893728,4.457844816967409e-05
2021-01-25,0.006319872009388439,0.0012112715345063202,0.0010630723150878935,0.0010520704802955024,0.0009903304286273953,0.00017441597991974678
2021-01-26,0.006814781008280146,0.001290827861127844,0.0009225640224763884,0.000885116026517794,0.0007824337618174439,0.00035866146032852007
2021-01-27,-0.06990379107113842,-0.014315060575167607,-0.00643472441725079,-0.005879040635193055,-0.006272409156404663,-0.0056917614031803355
2021-01-28,0.10383608319266213,0.020633940116382008,0.0029898916586398655,0.002709488274803879,0.016006574218955974,0.002869940982440754
2021-01-29,0.019541529967815885,0.0038439205965050973,0.00013245762797334438,0.0002695821795888612,0.0036136447874463747,0.00027370752728292044
2021-01-30,0.005378647357217936,0.0010603695957621191,6.238876254774562e-05,0.00010399766228176268,0.0009707919281363992,8.904193987444614e-05
2021-01-31,-0.034704145498866135,-0.006909666990946846,-0.00114441838270168,-0.0011845944346215904,-0.005389033649032691,-0.0012817349215818038
2021-02-01,0.012438668041057754,0.0024587232018629004,0.0002157430779234725,0.0005059560855642778,0.0020941207002678295,0.0005777400512227543
2021-02-02,0.060347353509000445,0.012028911825170015,0.002137557535098362,0.004771698842580938,0.008697059097647238,0.005453129773833919
2021-02-03,0.05568648177451885,0.010975732365689139,0.000618251087195822,0.002515187880881556,0.009996797779683965,0.002490208051547287
2021-02-04,-0.01195289287075807,-0.00235046491104013,-7.287096549673342e-05,-0.00043455048566288335,-0.0022754151463830596,-0.00045047481610881293
2021-02-05,0.024676281692777025,0.004864628221239761,0.00028448598876759326,0.0012938397497911317,0.004363270976445346,0.00163656913773006
2021-02-06,0.034072792220509296,0.006722527598828601,0.00045311808020146734,0.001706397768354562,0.005963220255413391,0.0018289635379035924
2021-02-07,-0.008609558466369904,-0.00169635062073909,-8.916186412521754e-05,-0.00045008660286936547,-0.0015784121123261783,-0.0004146989247309164
2021-02-08,0.18252236154302404,0.036150918908721,0.0039536332071945885,0.02428173773883212,0.029721032774283156,0.02715824555900495
2021-02-09,0.009241327956699852,0.0018180226425414875,6.489172177711388e-05,0.00014666402029199868,0.0016764046004709404,6.289107928699925e-05
2021-02-10,-0.0315809170133734,-0.006254432014180095,-0.0006778190986205416,-0.0011725244298349052,-0.0051820433194189695,-0.0010787849920574771
2021-02-11,0.06244075943088867,0.012323461349506772,0.0008738537231914267,0.0012248644033699561,0.010930684903060735,0.0010874893646721346
2021-02-12,-0.007676132130342572,-0.0015100153401050656,-5.2843047424362135e-05,-0.00010733546770943057,-0.001463415343396058,-0.0001107915953368531
2021-02-13,-0.006661393433894158,-0.0013158451317102644,-0.000105704353144077,-0.00017304551083083467,-0.0011799688466326741,-0.0001836834964439713
2021-02-14,0.03434123492590646,0.006833791226867681,0.001092961176332435,0.0012015989544587908,0.005076529767943128,0.0013393081893649
2021-02-15,-0.014736602868650084,-0.002918657491678978,-0.00031789389901455705,-0.00033784683666669826,-0.0024433042349847186,-0.00034872225902338606
2021-02-16,0.021412092045177245,0.004257031653649311,0.0006390937990850001,0.0005573893309990963,0.003185189203285927,0.000613886904415051
2021-02-17,0.06277029785555088,0.012512024500128118,0.0022251075617117475,0.0017278612282868844,0.0089406868120245,0.0015624830806210735
2021-02-18,-0.011007560279692852,-0.0021718194924260467,-0.00014665843212835933,-0.00017852300826511194,-0.0020237958947392125,-0.00017257105903418032
2021-02-19,0.08074402337580788,0.01598890413455602,0.0017108075105478195,0.00870292907704745,0.013131963988533326,0.009663323923824803
2021-02-20,0.000740161051555388,0.00014423381179599215,-9.902834186280894e-06,-2.6306892376253e-06,0.00011384120128605293,-1.9469155832015822e-05
2021-02-21,0.029338384008137153,0.005804443152422107,0.0005654771757225965,0.003136339514659765,0.004945478795891553,0.0032928533874187088
2021-02-22,-0.06171336657525883,-0.012194328904478812,-0.0010217856069219488,-0.006686760375601748,-0.011126933226650284,-0.003623413471652145
2021-02-23,-0.09993418186155145,-0.019655602117902234,-0.0006549346873918478,-0.006199015795058437,-0.019148986991649176,-0.00544243371843254
2021-02-24,0.020734071546858024,0.0040729793557685206,7.954972105579886e-05,0.0005178717697655124,0.00403322496027177,0.00047154602264595145
2021-02-25,-0.04033329788396389,-0.007935942362253479,-0.00029703379750405535,-0.0015413116560316416,-0.0075600476274719,-0.0018531966940415786
2021-02-26,-0.028093674456241224,-0.005522811302789298,-0.00015320266611515147,-0.0007680587242382772,-0.005375549377922843,-0.0007594300369084686
2021-02-27,-0.00859266772842604,-0.0016897441670397388,-5.291467649141895e-05,-0.00024037425539630015,-0.0016328526920278152,-0.0002461982141439717
2021-02-28,-0.010364442908280536,-0.0020468413457447186,-0.00015920720045481523,-0.0005302942006864428,-0.0018588216461689904,-0.0005099874957743761
2021-03-01,0.09424676908843366,0.018716976193686185,0.002588595102355177,0.005517674417897753,0.015163387959693434,0.004804697224762537
2021-03-02,-0.026790700790178312,-0.005273583441013186,-0.00022217163059990968,-0.0007574655592228573,-0.004997515355398598,-0.000830143406257924
2021-03-03,0.04938984042070449,0.009719694042487837,0.00038348334908774434,0.0014563003250100018,0.009101995070749864,0.0016619060297457958
2021-03-04,-0.043749285251779124,-0.00859891462706248,-0.0002213371537068435,-0.0010677047956592165,-0.008282637455447004,-0.0011939983371524125
2021-03-05,0.006767133627485711,0.0013295812439182277,2.874878757827506e-05,0.00017681030967437017,0.001296296367214945,0.00018107435470923278
2021-03-06,0.003477546823876576,0.0006853068176379954,3.733966487526914e-05,0.00022952317681579815,0.0006175806059528479,0.00018870571172304875
2021-03-07,0.0432085160359188,0.008609899917634606,0.0015004610493821685,0.004923143320454391,0.006624915671425846,0.004081594827089512
2021-03-08,0.019613940594905177,0.003873894508709735,0.00030572052700941256,0.0014295801578529362,0.0034236613254766614,0.0013931686573722532
2021-03-09,0.050887650599167555,0.010083757678068636,0.0011546759795294547,0.004764154519292289,0.008443497362321424,0.004971879735848942
2021-03-10,0.02515395341376192,0.004952763720377171,0.00022375889837541912,0.0014343615152706828,0.004619428934664532,0.0014566088694390425
2021-03-11,0.030850608760563114,0.006080143232141021,0.00033724357273201056,0.0020598100694329794,0.005604860561550484,0.0020962602658706857
2021-03-12,-0.008861499158513308,-0.0017455880251340432,-8.734650232697845e-05,-0.0009896153775691137,-0.001625609179459398,-0.001019821126106498
2021-03-13,0.06896620414852328,0.01365468811807968,0.0014396580484426866,0.010021677841895045,0.011410268823886394,0.010702924201171296
2021-03-14,-0.02256816563039077,-0.004440978198078592,-0.00017150657659906044,-0.0020846671179219323,-0.0042630684883443355,-0.0020619646703074566
2021-03-15,-0.06317431725254086,-0.01243755089262817,-0.0005470187296044486,-0.007348310268509808,-0.011954507046550135,-0.00461332813845833
2021-03-16,0.006759025634028637,0.0013278276781499847,2.6948877892878584e-05,0.0004104535379933121,0.0012916214542340752,0.0004601880919242102
2021-03-17,0.0386301367560371,0.007622920117648758,0.0005272289457618893,0.004193832069725186,0.006844646248783383,0.004272858328161689
2021-03-18,-0.016215685486910658,-0.003193225508672139,-0.00014848653483160525,-0.0013562294447060465,-0.002991178211472305,-0.0014361737338917332
2021-03-19,0.007563327362861916,0.0014920716347574167,9.876232540014247e-05,0.0007136942813787238,0.0013325822248007842,0.0006652969641044517
2021-03-20,0.0013712456531291828,0.00027126203621067083,2.6056966810296385e-05,0.00014632968896829222,0.00017770967227307455,0.0001360593942161109
2021-03-21,-0.013733574888809663,-0.0027906412870510808,-0.0010564208753438334,-0.002060142709989639,-0.001452176644060813,-0.0019273467183267576
2021-03-22,-0.052130607866918255,-0.010685587745482247,-0.004985491446497081,-0.007506459437859629,-0.003994273127336949,-0.010913753993189702
2021-03-23,0.002028801283970205,0.000399613971715681,2.1024702349599467e-05,0.00010649464609902667,0.0002134574566162566,0.00012991213967519956
2021-03-24,-0.036071670328352234,-0.007351901688423479,-0.003008647152456595,-0.005704126800869093,-0.003039832145788326,-0.005882608026159722
2021-03-25,-0.019931138516077973,-0.003997145199519707,-0.000968188489557638,-0.0025118813429752095,-0.0024191669163717558,-0.002571389925449979
2021-03-26,0.06345130254054698,0.01272643841837877,0.003098594796153848,0.011549409002125003,0.007310311173694668,0.011687515410271021
2021-03-27,0.021926800073134523,0.004325971989192028,0.00029014291119780467,0.0025498318711055265,0.0036312114959425193,0.0026830964805779445
2021-03-28,-0.0054766165098713016,-0.001083418518497591,-0.00010446759971944786,-0.0008508140707745995,-0.0008925942116692556,-0.0008542814548953002
2021-03-29,0.033352968535058425,0.006663530844767949,0.001347449611972719,0.005645088753805861,0.004170980483473105,0.005662911107064226
2021-03-30,0.019338044013990308,0.0038386951950333177,0.0005121353712242916,0.0026640186252951583,0.0028084481961776642,0.0026544894992345217
2021-03-31,0.0018343233162252393,0.00036490523871176396,5.708297140105321e-05,0.00026210890318557027,0.00023284636446006696,0.0002175065182468715
2021-04-01,0.0004555412685245397,8.86672611212451e-05,-6.721598310775529e-06,5.866774779291172e-05,-1.3194517681137347e-05,3.5490719734483994e-05
2021-04-02,0.0036137473161916844,0.0007481475745923889,0.00042230578804002125,0.0006564403187684277,0.00010372312100411754,0.0006649335509916035
2021-04-03,-0.02963067830624133,-0.006302627210751189,-0.005185208089573524,-0.005658389639909311,-0.0005424951717270846,-0.0055408374886633735
2021-04-04,0.016057461520674554,0.003374103375304119,0.0023905258528762927,0.0028539508742526,0.0004373910551101559,0.0028363327931742463
2021-04-05,0.009512581024525124,0.002014842605889122,0.0015783263446995186,0.0018171619689426486,0.00016440016818571596,0.0019815989153607887
2021-04-06,-0.011433518150945732,-0.0024509576728957267,-0.0021908117010525983,-0.002857097173961066,-0.00011183064324120256,-0.003004876368455016
2021-04-07,-0.031286234914978395,-0.006725474631365541,-0.0061813922882681255,-0.007848203790187028,-0.0001722221607469025,-0.008973592648730967
2021-04-08,0.030151152681066273,0.0064283368498082765,0.005426566445832097,0.007062748899440528,0.00029443456301032824,0.007644650339701641
2021-04-09,0.0015254115785650058,0.0003212938693074743,0.0002349659728086797,0.0003599196582883766,1.744270375643634e-05,0.0003932638512270277
2021-04-10,0.027558102646279226,0.005905763071905102,0.005262460733610709,0.006704190603571305,0.0001813883819522422,0.0064288311360061485
2021-04-11,0.004716920463411434,0.0010062351308532922,0.0008546772879960402,0.0010831130854889461,4.192177965253351e-05,0.001121972280425632
2021-04-12,-0.0004504080184180026,-9.862534790332025e-05,-0.00010696568360094875,-0.00010485049870379152,-5.628374882331809e-06,-0.0001335334381411583
2021-04-13,0.059087665667233225,0.012757753462786832,0.012228867061874666,0.013734932439896298,0.000227906751978105,0.013458269159855011
2021-04-14,-0.009080887865054565,-0.0019363226253304102,-0.0016365839522471377,-0.0017161061547817447,-0.00018155743677855012,-0.0015792347473752068
2021-04-15,0.005752669023144197,0.0012318819310743723,0.0010892531349358389,0.0011407067090436504,6.519163557530471e-05,0.0009482039367168268
2021-04-16,-0.026253714436491826,-0.005660555831173056,-0.0053548800396310565,-0.005380947205137106,-0.00014884329063410124,-0.005860986807990656
2021-04-17,-0.020955183573730718,-0.00450052530542201,-0.0040991692040796,-0.0039347248316185905,-0.00017378018110529795,-0.004104710624713512
2021-04-18,-0.06455311271782826,-0.013837026456090197,-0.012358826580972187,-0.01266321096556602,-0.0005105119525485285,-0.016832457207420385
2021-04-19,-0.010488128038629974,-0.0021920888562305075,-0.001440344375148383,-0.001384730180384233,-0.00034635140197605374,-0.001816103298141978
2021-04-20,0.012119341556830365,0.00255564431898355,0.0018959830081390404,0.0018425773257469958,0.0002090780812973796,0.0019665157147431395
2021-04-21,-0.04335726137607909,-0.009250903055959053,-0.007873350833234958,-0.007306021495581671,-0.00045392103675152005,-0.007330597352724195
2021-04-22,-0.03967992664178588,-0.008286806970099744,-0.005384596590942544,-0.00457538766090022,-0.0011654752932756859,-0.004203026095247104
2021-04-23,-0.017870334239578844,-0.0036463126791973573,-0.0015327466698733681,-0.0016715963449543568,-0.0012068162037974406,-0.001341109451974585
2021-04-24,-0.01324625268835622,-0.002709790285627013,-0.001210208695140395,-0.001845884522891012,-0.0007956952024931881,-0.0015472025235135666
2021-04-25,-0.026511715798318236,-0.005483568432024531,-0.0030494426967601373,-0.004053819638717317,-0.0011361686222877906,-0.003906488768472348
2021-04-26,0.102078069838627,0.02090717928224222,0.009588972977233741,0.013424456320039897,0.005606618278837666,0.011961501233158364
2021-04-27,0.020089241896608767,0.003979994166194616,0.00044810861429442404,0.0009281738102895974,0.002640054252818938,0.0009780986191414154
2021-04-28,-0.004355173690573699,-0.0008618783171506441,-0.0007747431754040988,-0.0004282951329585789,-0.000407786660721158,-0.00036790896947697793
2021-04-29,-0.022273332694120684,-0.004382021507193076,-0.0024776165893620893,-0.0011817272725183764,-0.0010207501938022511,-0.0010059692173112218
2021-04-30,0.07792777074473078,0.015332069075801131,0.008698051277874784,0.004229557321509905,0.0034478776482025617,0.0035273354241260333
2021-05-01,0.002115395232091144,0.0004180089257451527,0.0003044251600864785,0.00020154142100256648,0.00017690510054680486,0.00017946374731415206
2021-05-02,-0.02231098248417518,-0.004407819694469413,-0.0031878766956419642,-0.001976655297630731,-0.0016541713719331432,-0.0017118213027015464
2021-05-03,0.011851051602762341,0.002341237413602931,0.0016902352449467367,0.0010594691195487441,0.0008512681121577259,0.0009041268499901948
2021-05-04,-0.06147354475947642,-0.01210062028665648,-0.00708998751265201,-0.003911437242367106,-0.002867741725424783,-0.0031359728099483552
2021-05-05,0.06734251733145169,0.013345261346750688,0.011144225470817339,0.008460526258161977,0.006937771507431054,0.007458518613887727
2021-05-06,-0.014207253288354593,-0.002825600042469077,-0.002719672125648982,-0.002597483868247819,-0.0024276378731661083,-0.002494332001770409
2021-05-07,0.014395074828318588,0.0028596267009864487,0.0026358051525816007,0.002364217489372993,0.002101944053702243,0.002172473657493413
2021-05-08,0.024329114851570965,0.004826684659795483,0.004223822909524348,0.0035467330321382316,0.003064800377280741,0.0032023785815382126
2021-05-09,-0.007622230064996849,-0.0015126640632063873,-0.001340764400376512,-0.001147174249289579,-0.0010091479465896742,-0.0010493669610870406
2021-05-10,-0.04092575609435567,-0.00809733455274462,-0.006295208705405676,-0.004729854095518912,-0.0038483347769561944,-0.0041263638497278906
2021-05-11,0.012685827692684448,0.002516995529591025,0.0022107851024523737,0.0018652164707756314,0.0016349942527111706,0.0017046873252714303
2021-05-12,-0.09962088146587467,-0.019729175824303922,-0.016020200349093152,-0.012260993492190928,-0.010305792018990987,-0.010761797273083157
2021-05-13,-0.03146294897873925,-0.006254409196792298,-0.005912317353799875,-0.005466331092571865,-0.0052077934696757415,-0.005324140610259104
2021-05-14,0.012736460883461698,0.0025325334670538743,0.002418188412278992,0.002304957951643468,0.0022257598934983486,0.0022774330942525994
2021-05-15,-0.05899172376508699,-0.011717713285045004,-0.010759046452921008,-0.009802283398922133,-0.009314545555669965,-0.009607182050251024
2021-05-16,-0.021796047086603876,-0.004335884447539894,-0.004207409482212799,-0.004133037893609429,-0.004066965883500904,-0.004118834628450149
2021-05-17,-0.054975458129251864,-0.010933128490828897,-0.010500169002182118,-0.010211559369508282,-0.01008012694246221,-0.010213504862740601
2021-05-18,-0.01615422842008951,-0.0032145228934749174,-0.003152696810403044,-0.003165675292468354,-0.003181870201519095,-0.003206490555089912
2021-05-19,-0.12029241222460307,-0.023925296899990442,-0.02306123582063326,-0.022800391676009397,-0.02279025571293469,-0.022956012365771734
2021-05-20,0.0838647929435663,0.016688487154747543,0.016376756322738443,0.016597290868973092,0.016546576025002757,0.016703841733587493
2021-05-21,-0.08885108250017115,-0.01768404459954427,-0.017468678219365062,-0.01790873395248838,-0.017622223688518308,-0.01784764792331368
2021-05-22,0.012618618360105582,0.0025115162607468435,0.0024819911500963358,0.0025517558312292054,0.002471880182621839,0.0025270568148984146
2021-05-23,-0.07622082668937635,-0.015162904206077967,-0.014724042702099897,-0.015194915249610134,-0.014522365242245186,-0.015057106087779637
2021-05-24,0.11089258978984473,0.02206866234759997,0.021720105966396494,0.022355155564166285,0.021727299893921758,0.022195489097357635
2021-05-25,-0.009335599910031633,-0.0018581110387085704,-0.0018370431754187277,-0.0018920532801628932,-0.001845377069950699,-0.001879191498019691
2021-05-26,0.02417280786588294,0.004808258584824151,0.0046506367448798476,0.004832034557179625,0.0046160167565501885,0.004795822044910324
2021-05-27,-0.017451315694344327,-0.003470941629600072,-0.0033455983711117776,-0.0034855933480715303,-0.0033121189038046194,-0.0034547411218852028
2021-05-28,-0.07567058524829617,-0.015042810929837516,-0.014237300587310145,-0.014974575331902256,-0.013919834136330425,-0.014802450487052306
2021-05-29,-0.02570179602638656,-0.005114227968400144,-0.00501028838983376,-0.005186901463895743,-0.00502538874956907,-0.0051571110261921125
2021-05-30,0.02797864843774356,0.005566386051505578,0.005422119380152522,0.005611381212087919,0.005433995934632412,0.005588654388322259
2021-05-31,0.04658359320043881,0.009267627600612447,0.009019287456326167,0.009304920538345888,0.008994129079007674,0.009240246018284335
2021-06-01,-0.017463007984459877,-0.003475198648306473,-0.0034167404285225245,-0.0034974692114288883,-0.003435811101832401,-0.0034831349720755617
2021-06-02,0.026678690355316226,0.005306986621482993,0.0051426770407003095,0.005249912109287675,0.005121139695956659,0.0052223346305307295
2021-06-03,0.04040161348553206,0.008036624809828743,0.0077823314006564386,0.007903170542706048,0.00773360743947073,0.007851294362954758
2021-06-04,-0.05811460972500715,-0.011563582317757648,-0.011319716968668368,-0.011337515438457593,-0.01131242901927155,-0.011265867433561968
2021-06-05,-0.039984583615637614,-0.007957590348656696,-0.007841746042624028,-0.00788503708208169,-0.007865616252089765,-0.007833029394847322
2021-06-06,0.008783985297603714,0.0017481269693413893,0.0017216158239819993,0.0017304888078607957,0.0017309882332286145,0.0017252188473647974
2021-06-07,-0.05586962031912557,-0.01111079589028551,-0.010665314446807133,-0.01038511546638295,-0.01055275113288997,-0.010346558651932684
2021-06-08,-0.007408732743910629,-0.0014743223181868097,-0.0014481125673448082,-0.0014420228524171107,-0.0013749149080982744,-0.0013346183785214792
2021-06-09,0.11644314488864449,0.023148829076192118,0.0219338630805344,0.02070272668474176,0.01944815726081952,0.01818016278660616
2021-06-10,-0.014635882570922076,-0.0029126269540976834,-0.002864902296392727,-0.0028840937536676247,-0.002825782820861987,-0.00280357481043435
2021-06-11,0.009759161640940262,0.0019409208347631207,0.001867133473397994,0.0018424237076631734,0.001793523061748329,0.001764595200366604
2021-06-12,-0.04077466224300752,-0.008099939447675626,-0.007463223949983939,-0.007127613702659597,-0.006874038301098981,-0.006680710060559403
2021-06-13,0.09129026636378024,0.018153407181893677,0.017373467321564997,0.017188239386319963,0.016732116401188196,0.01661219072176725
2021-06-14,0.03931047055628212,0.007822843676771387,0.007688630421024414,0.007811532765569924,0.007698521004068067,0.007740978392228583
2021-06-15,-0.00496703881243854,-0.000988497264766472,-0.0009732342211269711,-0.0009919093360233244,-0.0009832985027747976,-0.0009906974679253272
2021-06-16,-0.04941311432919482,-0.009825502497618972,-0.009386698488728055,-0.00945709843353098,-0.009006663811849145,-0.00917018798925685
2021-06-17,-0.006452293986894508,-0.001283898958837829,-0.0012578205605797718,-0.0012812494851510423,-0.0012571719907138758,-0.001273193918992864
2021-06-18,-0.06061055734444376,-0.012046747570047532,-0.01132370116203702,-0.011384806989640783,-0.010927137494881913,-0.011195615103379115
2021-06-19,-0.004433395824852471,-0.0008822495308815773,-0.0008670443983902883,-0.0008847513879628274,-0.0008746862614316019,-0.0008852626850032857
2021-06-20,0.0012365145390642596,0.00024546946427400694,0.0002204056351360885,0.0002157208114357398,0.00021093848544551574,0.000216059815568483
2021-06-21,-0.10912326849520748,-0.021624001025362643,-0.018025542523534163,-0.01725764546616096,-0.01679439158035441,-0.017367709499368274
2021-06-22,0.021421797509497686,0.004257790130012222,0.004004315201714178,0.003986859949822242,0.003892343779573185,0.0039720295714331996
2021-06-23,0.0375353572743522,0.007459564488211891,0.006982629965969101,0.006969026508033779,0.0067776059463255595,0.006945467087006862
2021-06-24,0.03119489928513497,0.00620408777828024,0.005967710503393969,0.006009970825762023,0.0058780317823573635,0.0059646880366130885
2021-06-25,-0.0858499092329883,-0.01707757751478443,-0.016552840741355452,-0.016693027244452593,-0.016430856105916325,-0.016601033316546783
2021-06-26,0.006538836464644593,0.0013011994646428097,0.0012775241879278384,0.001299786662307457,0.001274382239818128,0.0012888246141979289
2021-06-27,0.08202443605764409,0.0163096107197302,0.01556530589588757,0.01570342073582505,0.015208759706385326,0.015520009938697744
2021-06-28,-0.003776178163590549,-0.0007516245465374406,-0.0007442632752136511,-0.0007629781208576684,-0.0007507701805895531,-0.0007590882899984378
2021-06-29,0.0453101331212149,0.009008015059247929,0.008548762573401498,0.00868777041306547,0.00839153075127761,0.0086131379606363
2021-06-30,-0.024164229524062053,-0.004807686497632697,-0.004689469613884048,-0.004792306658452149,-0.004665006406700408,-0.004746719524620635
2021-07-01,-0.0444992133577683,-0.008852001884802065,-0.008581947596150954,-0.008771717582321575,-0.008441765342694075,-0.00864081801166269
2021-07-02,0.008293233409939038,0.0016501631394798186,0.001614823380776691,0.001642620642989835,0.0015904260794531067,0.0016105379608942678
2021-07-03,0.023836830170297363,0.004738673366630633,0.0044873796457264425,0.004483506920080374,0.004256821874998636,0.004321051046104522
2021-07-04,0.022186267507017687,0.004410377005372459,0.004170510872624112,0.0041513037384791176,0.00397811831607557,0.004031415197742308
2021-07-05,-0.04083804901570276,-0.008116575140186277,-0.007620473357539079,-0.007539054628872321,-0.007205848545804922,-0.007284471557653894
2021-07-06,0.006258235084010577,0.0012446239356332309,0.001196388233378667,0.0011858055405371403,0.001164782185270931,0.0011672245056748968
2021-07-07,-0.005637177170596863,-0.0011198809074021163,-0.0010335063361454613,-0.0009794391340125516,-0.0009732921347942067,-0.0009605723136723818
2021-07-08,-0.03277058836683078,-0.006490512308711288,-0.005289679929725735,-0.0044247504723036015,-0.004501642014836177,-0.004208543590600091
2021-07-09,0.03337089898736778,0.0066207963036891285,0.005804361611857337,0.005033563542185083,0.0050876495019826565,0.004694057971455671
2021-07-10,-0.008961707247907347,-0.001780667458866591,-0.0016552496602410896,-0.0014852817057115246,-0.0015407309658596457,-0.0014326638191506868
2021-07-11,0.019264425174085442,0.0038188176458453867,0.00323214640772542,0.0024992846437626396,0.002745842520260622,0.002355766543048624
2021-07-12,-0.032786239902216296,-0.006495111165019742,-0.00534771866678941,-0.003855785758777055,-0.004425011522021661,-0.0036112505399389806
2021-07-13,-0.014886266451953123,-0.002954532749734497,-0.0026291397273896693,-0.0020522039630988306,-0.0023120405949045254,-0.001961648378186782
2021-07-14,0.00478857524325349,0.0009486285295321914,0.0007807219516064233,0.0005185208934232999,0.0006309942347642517,0.00048707195980475634
2021-07-15,-0.033251570872326996,-0.0065597768759907355,-0.004391139270933301,-0.0022557882636150433,-0.0030864185353751336,-0.0021023274036934846
2021-07-16,-0.007946730103835842,-0.0015729619004652149,-0.0012475680571442346,-0.0007346752911562866,-0.0009545712172936036,-0.0006857392039902789
2021-07-17,0.0029321733603566713,0.0005768304421130799,0.00032548886239525094,0.00011947245069657973,0.00019045097916616768,0.0001074139231688068
2021-07-18,0.005063804387916315,0.0009905826380096655,0.0003378467663353228,9.274888349158526e-05,0.0002851470568404937,0.0001085480666078305
2021-07-19,-0.025994758570849763,-0.005070075305190075,-0.0010967185926117763,-0.0002801500356755994,-0.0009351509580787226,-0.0003387442223978145
2021-07-20,-0.03616212935637586,-0.007060738158778212,-0.0018477541376270854,-0.00045259949971369103,-0.001540166800934799,-0.0005642234486978035
2021-07-21,0.07904815951484334,0.015494728201808817,0.006527012144269898,0.0018183265635676592,0.005324029263853911,0.002164621465949444
2021-07-22,0.005831450859829168,0.001152460323966737,0.0008451743595517196,0.00040896351007737604,0.0007628055652269655,0.0004520853000761289
2021-07-23,0.035058520646947366,0.006905460012104674,0.00421687055384149,0.001486398831725406,0.0035595488693115876,0.001703726011690749
2021-07-24,0.021750231617241322,0.004300848555529326,0.0032509774066249346,0.001509925687019111,0.0028819391013774143,0.0016593636759256252
2021-07-25,0.027893147246361716,0.00551561935573156,0.004172833198915788,0.0019373668553889377,0.0036747838784703555,0.0021164286173312665
2021-07-26,0.06619730113306943,0.013109087745942206,0.010615891286411869,0.005565621962911949,0.00946268316148513,0.00586434623509898
2021-07-27,0.04491300697095335,0.00892759283219552,0.00842065523192957,0.006797234562936194,0.008258720028129057,0.007006329936084542
2021-07-28,0.020769885329225746,0.004211330451312529,0.004114988851484633,0.001195567408336243,0.004053020085707135,0.003850364039637322
2021-07-29,0.0036798527201611364,0.00074555417470743,0.0007204013358296761,0.0002471290307269006,0.0005871923407406388,0.0005996842448413565
2021-07-30,0.042496026467082615,0.00854663084366586,0.00781145301942563,0.0036242479062210753,0.005038641641015179,0.0051413640575651625
2021-07-31,8.726199956887726e-05,1.6396385883080223e-05,6.773499763744739e-06,-1.6793637029122462e-05,-2.452672655508528e-05,-2.4537611092702634e-05
2021-08-01,-0.04365159471880398,-0.008754327653634665,-0.007824355151910873,-0.005125511103720768,-0.005013806224122346,-0.005061527942265119
2021-08-02,-0.016632469844141684,-0.003365136272966319,-0.003218737560195637,-0.0014423094134814432,-0.0026391867019476523,-0.002661477542485134
2021-08-03,-0.025833403055487425,-0.005210988646914043,-0.004873132652880136,-0.0026335128736068906,-0.0037247736096779845,-0.0037458797818680487
2021-08-04,0.03878640663311428,0.007833880496404873,0.007397473274670745,0.003692552723288564,0.005884620852501986,0.005905123063357446
2021-08-05,0.029359422941489077,0.00594920465154988,0.00575450842706327,0.002495686467218712,0.00495182338752796,0.0049224997541307295
2021-08-06,0.045154674386731486,0.009154488087641795,0.008887506985347385,0.0051337906163897405,0.00800543134943094,0.007822049571950767
2021-08-07,0.039601054151909176,0.008040510135414423,0.007889871832455729,0.0044072472485499085,0.007608216022544102,0.007418658309276717
2021-08-08,-0.01152300131806383,-0.0023404991946620094,-0.0023029168034706263,-0.0011939566807291605,-0.002261548243108664,-0.0021991443125980187
2021-08-09,0.052154228576647865,0.010562812154681921,0.010179253876287623,0.0061028365291740175,0.009728699287117289,0.009073674579205184
2021-08-10,-0.01679110356610114,-0.0034097451935740063,-0.0033494898390817036,-0.0015739345607139977,-0.0032576062212749043,-0.003149970657193301
2021-08-11,0.004122666124295016,0.0008351834079055476,0.0008063976758479663,0.00041212131376256253,0.000769529809215885,0.0007232587491676463
2021-08-12,-0.02781699217250344,-0.005596936315781642,-0.005133235968123143,-0.0036352477503690003,-0.004499913444882403,-0.003844028329407733
2021-08-13,0.07457901579812298,0.01504564639964266,0.014083866282507324,0.00826361065847063,0.012684671543657936,0.011168594348500096
2021-08-14,-0.012433184143416876,-0.002524544261512441,-0.0024782447675003954,-0.0008988445897468885,-0.002430754076107116,-0.0023743410376943453
2021-08-15,-0.0010575109638926161,-0.0002145889049979318,-0.00020968682624251716,-0.00011799250910175716,-0.00020418242556982202,-0.00019787695919820121
2021-08-16,-0.023147432171728544,-0.004639781651011775,-0.004129347272955188,-0.002504553232347333,-0.003611559279974332,-0.0031583447269480547
2021-08-17,-0.027631419988923156,-0.005544722164279542,-0.0049790368784612266,-0.002860156586861844,-0.004322472095910911,-0.003802928497390632
2021-08-18,0.005373404941378945,0.0010814503238707448,0.0009939288482252349,0.0005646060506286626,0.0008778868838950346,0.0007861421084235837
2021-08-19,0.037649242853577736,0.007475243829078572,0.006137098714623935,0.004672143499541724,0.004768246451915912,0.0038658881883235387
2021-08-20,0.05560875943744348,0.011173546410779396,0.010138851648080446,0.006501194939837622,0.008709770325070566,0.0075262557073898255
2021-08-21,-0.0034644951211895147,-0.0007036787396715993,-0.0006923507907219489,-0.0003359465288220462,-0.0006629810269944185,-0.0006363030544728303
2021-08-22,0.0059725633964387015,0.0011996828402060546,0.0010858395349168837,0.0006435846460277574,0.0009153228354555466,0.000785562355907696
2021-08-23,0.004609906512687001,0.0009106620523706098,0.000713736251790717,0.000545740757322902,0.000501205863429255,0.00037798728452258153
2021-08-24,-0.03357500969608418,-0.0064959435753707785,-0.0040644253389152726,-0.005808406979797488,-0.002618946684043519,-0.001782815338578858
2021-08-25,0.02246082475031863,0.004423436165617834,0.0033647192767985636,0.0033182806335103903,0.002360367188664597,0.0017108015147909825
2021-08-26,-0.036977264290016576,-0.007293354718878053,-0.005630629492253639,-0.00547406435378219,-0.0036432667286175314,-0.002472389843326039
2021-08-27,0.03937522805605176,0.007881591821707803,0.006935496013553141,0.005020055988826236,0.0057206921730683915,0.00431640523687196
2021-08-28,-0.003996185146276865,-0.0008084977018736505,-0.0007732085768081703,-0.00048367613732922947,-0.0007109522412999268,-0.0006081393262415424
2021-08-29,0.0019626266746179954,0.00038955792904543895,0.00031907810268396803,0.000251113135976956,0.00023376295594546435,0.00014535599605823536
2021-08-30,-0.0372347487701008,-0.007274388380814255,-0.005093883393279329,-0.00572139466593682,-0.0033566078446987052,-0.0019813852327473062
2021-08-31,0.0019835395036034154,0.0003910409098547552,0.0003003282350579275,0.00030697058467814726,0.000213097338203694,0.0001351308580187631
2021-09-01,0.031116406779607697,0.006043052947652087,0.003958139799444193,0.005310645440823251,0.0023639335909682612,0.0012468026463396892
2021-09-02,0.013987865554918821,0.002754292073617056,0.002091528929620069,0.002083177857706358,0.001379040500636129,0.0007932095934249319
2021-09-03,0.00994433872921796,0.001931510176508066,0.0012669748714554435,0.0015412300228241154,0.0006991572157130408,0.0003434001202088827
2021-09-04,0.0011841710304034692,0.0002210565190462435,7.548492975478341e-05,0.0001867862780131673,1.902837627808239e-05,2.022789825486398e-06
2021-09-05,0.036620227615887346,0.006778673708784798,0.0018103951952269865,0.006502130309523212,0.0006412726465870378,0.0002442066453673179
2021-09-06,0.01725575216544173,0.0032651177645606154,0.0014669203739897279,0.0029182279031694236,0.0005899014192385605,0.00024335928739774602
2021-09-07,-0.10991875185876254,-0.02066275472899613,-0.008178442699942796,-0.021346774115829942,-0.0029315356317008347,-0.0010964872670602862
2021-09-08,-0.01422331443074032,-0.002800014853946441,-0.0021232287137766784,-0.0010474596643674236,-0.0010559687578709427,-0.0005047250960873363
2021-09-09,0.005646471712527967,0.0010947302462202006,0.0007027527072769335,0.00037781598312845277,0.0002776899841755706,0.00013329431852590715
2021-09-10,-0.03624421223104701,-0.006853562676546115,-0.003042519571008748,-0.0029981241104506656,-0.000956192585063381,-0.00048673112728245726
2021-09-11,0.0074458620930411,0.0014385690132111904,0.0008840510137294545,0.00040552763872053326,0.00024762051782866053,0.00016314296161834438
2021-09-12,0.023992341493799252,0.00452854172382614,0.0019441233669063094,0.0018341372411235335,0.00038521837116881877,0.00029193613802062815
2021-09-13,-0.025748691181160632,-0.004889442396656597,-0.0023373852359863537,-0.001728508923958844,-0.00048254634981242993,-0.0004130594906929585
2021-09-14,0.04514396348542005,0.008660399976567786,0.004844559226009584,0.0026901418095823873,0.0010536915229588315,0.0009973719795457736
2021-09-15,0.024340873867946478,0.00480845196218977,0.0037671786086708368,0.0011668170436818356,0.0013088927480899629,0.0013005454877581385
2021-09-16,-0.007678692667972609,-0.0015236413379229082,-0.0012438188246146566,-0.0004313836529757158,-0.0004448984253700632,-0.0004546279323638015
2021-09-17,-0.012208510701222308,-0.0023796686557233013,-0.0016247695374205732,-0.0008337594189428891,-0.00040836845911866116,-0.0004358340992802474
2021-09-18,0.020973097815149,0.004018137299111715,0.0022058695599389954,0.0033774673488099183,0.00040085418676289917,0.000422627398981426
2021-09-19,-0.020445178332667124,-0.003915241486562718,-0.002135321114430362,-0.0034690051073607933,-0.0003818646619901646,-0.00039262286696689386
2021-09-20,-0.0923995055831267,-0.01770969960614403,-0.009779187208918117,-0.015095759151237575,-0.0016745818526244655,-0.0017224244685637294
2021-09-21,-0.05434589274498969,-0.010837529621572913,-0.009243875439521626,-0.0041587845905085245,-0.0033136680649832723,-0.0034748843758884004
2021-09-22,0.07528614378027165,0.015209447972943786,0.014387068921730167,0.004235434075385654,0.008970305200457636,0.009422129285341292
2021-09-23,0.02945839975954656,0.005979656763418968,0.005857023278201417,0.0011946283453941797,0.005125395417163218,0.0052727476560327155
2021-09-24,-0.045874515943413186,-0.00931117736789549,-0.009115135404275308,-0.002028222976235159,-0.008290676337715176,-0.00854621349788879
2021-09-25,-0.001589640628890665,-0.00032305945563653853,-0.00031912496927411177,-6.808422865924858e-05,-0.0003162615238982869,-0.00032320464450116945
2021-09-26,0.009267015090823616,0.0018727435767166517,0.0017757939371156786,0.0005228882604035205,0.0015548638099183352,0.001643774988310336
2021-09-27,-0.014711103955228344,-0.002952531510091401,-0.0026548082270463074,-0.0008940958840154178,-0.002123365257479162,-0.0023233158517038505
2021-09-28,-0.0299551823492471,-0.0059749941490132566,-0.005105876550382885,-0.0016304430119878331,-0.0036726030353081097,-0.0042016196262615844
2021-09-29,0.005583202311306268,0.0011197912527640796,0.0010013887638047857,0.00023442320002787457,0.0007638874686594021,0.0008636148353819306
2021-09-30,0.05614903211989497,0.011090677230771095,0.008680708067708851,0.003268070347066176,0.005347048129032899,0.006624637714093508
2021-10-01,0.09813690766758798,0.01977544761888326,0.018349107274621346,0.006147987753375999,0.015205415638018353,0.01666057958485467
2021-10-02,-0.0059422517220831805,-0.0012072514396729865,-0.0011899272768941555,-0.00027453791079205835,-0.001156959061056494,-0.0011869181216087204
2021-10-03,0.008582607004221643,0.0017318692093554072,0.0016240613142765312,0.0006218687588432725,0.0014248694220720343,0.0015140309885282937
2021-10-04,0.022527371483124448,0.004503326187803838,0.00392036814545118,0.0019774454242792974,0.0030497902622854565,0.0033547985169887174
2021-10-05,0.04604619659604681,0.009208162612104373,0.008039985066903342,0.004034390058323265,0.006219307872088116,0.006788887410456819
2021-10-06,0.07490103154196759,0.015133963370010928,0.014332125725376453,0.004933815831971452,0.012765706518145766,0.01330369852553714
2021-10-07,-0.029134776498978,-0.005915968162307749,-0.005808708887829248,-0.0013220866679259603,-0.0056776472996444005,-0.005784978796580919
2021-10-08,0.0023858433964853987,0.0004842731146035359,0.00047419678971319856,0.00010783188789080848,0.00046289312511865716,0.00047253998676929346
2021-10-09,0.019976347411407636,0.004030921419156317,0.003779472067385052,0.0012625147726542947,0.00349916799133278,0.003644093028456653
2021-10-10,-0.005628750782712633,-0.0011342894740733716,-0.001052824943067955,-0.00032484505309525046,-0.000958949559628349,-0.0010055145294066248
2021-10-11,0.0473098027854113,0.009411062620503431,0.007856214725322145,0.003435956998680143,0.006348675037247608,0.0069575296621811845
2021-10-12,-0.01907873483371192,-0.0038517390499164176,-0.003625375647358844,-0.001746869994494325,-0.003324025082859345,-0.003403989709375875
2021-10-13,0.020512276659049533,0.004131341826314245,0.003818749053983542,0.002057224206220734,0.0034387019418696033,0.003512125777007917
2021-10-14,0.0006128110924945585,0.0001228671083497526,0.00010959095268000881,6.137792029917915e-05,9.121146282525191e-05,8.973725974477201e-05
2021-10-15,0.07078705701162447,0.013993117899319821,0.011034777378705566,0.008248147065265802,0.008248161317810119,0.008217076704125558
2021-10-16,-0.008365395511970797,-0.0016932078944247877,-0.0016247860440599662,-0.0006521656261949425,-0.0015034644876404262,-0.0015003565363519659
2021-10-17,0.008700824039556965,0.0017401834039656278,0.0015210862209549469,0.0010616131378962045,0.0012606256341438,0.0012237718906935333
2021-10-18,0.008376449130271801,0.0016480055146955246,0.0012415440148892782,0.0011999099630215296,0.0008811240722746998,0.0008064718867155944
2021-10-19,0.037333818310102185,0.007191186812127216,0.004251971498411854,0.005459207286601696,0.002603133300772934,0.002284163760095532
2021-10-20,0.027545093758480688,0.005426198432055433,0.004138374558942951,0.003269400595291851,0.0028936392590173323,0.0025912111984550358
2021-10-21,-0.0558251687832213,-0.011084677438828168,-0.009104692001890726,-0.00643437462927964,-0.006676846203651033,-0.006012333114742596
2021-10-22,-0.02601919429438393,-0.005254952432995736,-0.004960506188564472,-0.0024580910503189915,-0.004406748598676676,-0.004199127922296433
2021-10-23,0.008215758178595545,0.001660124548094559,0.0015729360687740824,0.0008007160655573508,0.00139827281947043,0.0013300817184778916
2021-10-24,-0.0062797560436610445,-0.0012596164492842392,-0.0011272836957759802,-0.00075720246529032,-0.0009083706148128479,-0.0008249151261344068
2021-10-25,0.035590403983220886,0.007012582136979209,0.005360247999092535,0.0042423513775997025,0.0033940019046927454,0.0028325477029383025
2021-10-26,-0.04184709855034663,-0.008367279584974106,-0.007297533901871234,-0.0056344240652433,-0.005230913202468273,-0.004355107289165422
2021-10-27,-0.030311701191742202,-0.006238101976390235,-0.005958103402244076,-0.0032882524371524776,-0.005093201131296076,-0.003582803127329803
2021-10-28,0.034172167421969046,0.007056393223209266,0.006811241443415928,0.0034859864488437494,0.006061136392822084,0.0034878853126042607
2021-10-29,0.027511685439850497,0.005698185276459866,0.005550970468282137,0.002562860103474507,0.005179321781338508,0.0020050564736533217
2021-10-30,-0.007839992305417098,-0.0016237154001054264,-0.0015814904445182892,-0.0007945606788154452,-0.0014866485775761296,-0.0007774663701665311
2021-10-31,-0.00501995187018478,-0.0010301802234167928,-0.0009752835559148068,-0.0006215365815818376,-0.0008626534517240999,-0.0006128520278858037
2021-11-01,-0.005548730645368094,-0.0011131666803164528,-0.0009762338171498739,-0.0008955529178294356,-0.0007428942885564824,-0.001035693439500324
2021-11-02,0.03163506127285598,0.006058394480750006,0.00438803519030488,0.0052237965475856315,0.0026107428909058826,0.004908862815261873
2021-11-03,-0.001091086750978687,-0.00022110236979739367,-0.00020136313995388532,-0.00017857096989087027,-0.0001433721336471017,-0.00016887637622566224
2021-11-04,-0.02481244420681017,-0.004652576353887537,-0.0030226372947113798,-0.0038768565030886776,-0.0015826668739587955,-0.0037336832070186806
2021-11-05,-0.006320647615593367,-0.0012103554106963916,-0.0008763305475565432,-0.0009658831079522663,-0.00045984436613459307,-0.0009829007750822767
2021-11-06,0.0073634390907957314,0.0013271540088263876,0.0006669013336690306,0.0013300580060271318,0.00025818426370731836,0.0012946055365388074
2021-11-07,0.02585264088761363,0.004460820307196975,0.001447501106113046,0.005156513624608174,0.00047659437966134663,0.005053086126204559
2021-11-08,0.07134602254157274,0.01254722402107818,0.005065260738488444,0.014663063874285747,0.0016974796573859124,0.01406165936321199
2021-11-09,-0.00660583714718288,-0.001299449203518473,-0.001061561794411997,-0.0009652675814247078,-0.0005775795351836304,-0.0008438518243864788
2021-11-10,-0.034868280504128824,-0.0064597649490180375,-0.00391360576008675,-0.0052797538395549385,-0.0015990059025243405,-0.005271962495647238
2021-11-11,0.003194346099409051,0.0006111552766443238,0.00044002032487253345,0.0003615473660939069,0.0002069453389966381,0.000350737035122278
2021-11-12,-0.013607194733483596,-0.0025030396878357513,-0.001449590569214433,-0.0019158185694570676,-0.0005365421734002652,-0.0019160362408923413
2021-11-13,0.004975472899641398,0.0008861978704783136,0.0004034885342810596,0.0007075762385342003,0.00011815806372327435,0.0006768039826650161
2021-11-14,0.009851804489334981,0.0016700645258590347,0.00041453948059800254,0.0014558733110597037,0.00010249091156111444,0.001393651055646667
2021-11-15,-0.019662905316285895,-0.0032748122680250702,-0.000550971829367021,-0.003012126130867873,-0.00014181980158230813,-0.002820838756655752
2021-11-16,-0.053816733767282576,-0.00897860549326925,-0.0015821289124668702,-0.007655318698695189,-0.00042731410393039357,-0.006939623945897481
2021-11-17,-0.002788171790558791,-0.0005084262099056187,-0.0002800276888888859,-0.00031523756993309,-8.919242573322356e-05,-0.0003325433834284354
2021-11-18,-0.05585888742312861,-0.009497702459991646,-0.0024766812100442182,-0.006936676796911406,-0.0006359422758836606,-0.007117546916557678
2021-11-19,0.021479628463642486,0.0039408282990135825,0.00224312643888236,0.002449901738712953,0.0008492016906582823,0.001551432783970112
2021-11-20,0.029913445903847702,0.00551629075214227,0.0032483323587095972,0.0037118282698831166,0.0011975215918843503,0.0032860749107105347
2021-11-21,-0.011997590527438762,-0.002290462938564483,-0.0016343150222248872,-0.0014848555246238912,-0.0006875371839697433,-0.0013859169784638764
2021-11-22,-0.04487447857800564,-0.008299259715642977,-0.004976069315846709,-0.005976783047321819,-0.0016978531620536349,-0.005781268079535632
2021-11-23,0.022323879350616416,0.004388932177978376,0.003564080144173553,0.002152004908695099,0.0017482301529864045,0.0017916307864799222
2021-11-24,-0.008681744423279514,-0.0017150349389247978,-0.0014199146410312448,-0.0009025492898586657,-0.0006962260013116329,-0.0008589363998584893
2021-11-25,0.03267002629168103,0.006217552058611818,0.0043681230580224235,0.0036875953119184617,0.001609591004463738,0.0033332920253272267
2021-11-26,-0.08825887656599818,-0.01738776101162039,-0.014242502501040389,-0.00832378196590923,-0.006492492016499937,-0.009997836761061977
2021-11-27,0.015525186465403129,0.003177771206808527,0.002983210362359402,0.0008348750700420455,0.0022430331592645184,0.00032006894241076305
2021-11-28,0.04781998781229402,0.009717117358721697,0.00890903964699182,0.0032378719106136303,0.006135467116867463,0.0030376120046659363
2021-11-29,0.011740748060097728,0.002421510391704042,0.00232871479885208,0.0007012787237661249,0.0019653194862338103,0.0006925125422864495
2021-11-30,-0.014221129632715601,-0.002905673811626658,-0.002712556964215928,-0.001123396489314183,-0.002083743237511267,-0.0011723201090217458
2021-12-01,0.001464123000264772,0.0002937973655897069,0.00025797560978891063,0.00011456392154234694,0.00016374133932518076,8.903324512303979e-05
2021-12-02,-0.010453125219218595,-0.0020349510301798284,-0.0015863307044101085,-0.0009518415825096668,-0.0008452454457047484,-0.0008942180137512003
2021-12-03,-0.05145155199962137,-0.009649565846247697,-0.006277427674105136,-0.004945649380790526,-0.0025838084051381803,-0.0048853176545099455
2021-12-04,-0.08406455032025573,-0.01682427927415633,-0.014631299223987494,-0.005461880018552201,-0.00887206014643258,-0.005431874110938602
2021-12-05,0.00340436739254546,0.0006956638084586454,0.0006494779095717984,0.00010631957139746939,0.0005030791914604399,0.0001428419936145869
2021-12-06,0.024496306900210874,0.004939103412513298,0.00440990538485539,0.0013699048541742772,0.0029650790686761496,0.0015207261027418903
2021-12-07,0.0007726779986336751,0.0001557641638531337,0.00013898381016163528,3.9390133549113466e-05,9.34702423011421e-05,4.67513907406034e-05
2021-12-08,-0.0014595996551638457,-0.00029199652723795104,-0.0002533731486978617,-0.0001595030036542734,-0.0001649419835385917,-0.0002274072772637729
2021-12-09,-0.050748481152751546,-0.009333378471857808,-0.005401552896527678,-0.005671935833344913,-0.002069772372700876,-0.005480868288119143
2021-12-10,-0.010442565881653154,-0.0020765282943654957,-0.0017651319384722427,-0.0007854526049280894,-0.0009938338321645757,-0.0007700132208732525
2021-12-11,0.039727032829193654,0.007609536923231393,0.0055161344141742745,0.0034336502385486317,0.0024819100297311394,0.002799941095712013
2021-12-12,0.0165201480556334,0.003296735976918054,0.002836093187966866,0.0010687359313970152,0.0016789337795093697,0.0011713119900597692
2021-12-13,-0.0668423122081242,-0.013193638403347141,-0.010888477552159456,-0.005046860273670606,-0.005737361934343455,-0.005328978326426042
2021-12-14,0.03221852830099481,0.006605206140547329,0.006233187754184013,0.0016934462737231764,0.00481399374646319,0.0017929227667604854
2021-12-15,0.0111391645860357,0.0022973884729547357,0.0022092730110287117,0.0009726329681947543,0.001855105159560531,0.0009950238469256481
2021-12-16,-0.023902076633180003,-0.004871550660522335,-0.004510988468954792,-0.002654990570082954,-0.003362358306125168,-0.002663438299936307
2021-12-17,-0.02788268213826861,-0.0056993247572142865,-0.005327608542955322,-0.0027962728880496657,-0.0040410753759481405,-0.0028324503809999224
2021-12-18,0.012310268297129445,0.00252900464349446,0.002402485452972935,0.0011019918351986614,0.001919502073813068,0.0012726196342463076
2021-12-19,-0.0006064775168568293,-0.00012575790258966644,-0.00012297385356147174,-7.51353903748462e-05,-0.000105919231315293,-6.634011922486372e-05
2021-12-20,0.0016711289540642937,0.00031834020521435085,0.00022547019051506975,0.00018962203014996783,8.474887092410719e-05,0.00017975846058452183
2021-12-21,0.04530528599709083,0.008322780930740709,0.004783322038052313,0.006020922758882888,0.0018362809483292465,0.005553193128154175
2021-12-22,-0.007945137344920083,-0.0015725372213828343,-0.0013132434423535986,-0.00086702686631201,-0.000727411491372965,-0.0008274446481572969
2021-12-23,0.041503079173718316,0.007821404993459274,0.005224027569218879,0.005172157559833689,0.0021419461102375648,0.005075840270597546
2021-12-24,0.0013973476954922681,0.00026755116533040853,0.00019332506453339715,0.00018210628600526124,9.059960588517743e-05,0.00016227932256864425
2021-12-25,-0.003807974046092344,-0.0007279010399841314,-0.0005217807362191439,-0.0006981530927308875,-0.00024380301893126667,-0.000656002946972661
2021-12-26,0.004108595289513461,0.0007209885211535092,0.00028612664249334736,0.0007270510872740185,0.00010557867749945816,0.0006376408260570965
2021-12-27,-3.7971980989981446e-05,-1.4838799893637474e-05,-3.978730563007209e-05,-1.5046512158971938e-05,-1.744505672714826e-05,-2.731233702858004e-05
2021-12-28,-0.061487329833172955,-0.010142837836317803,-0.0012584024129078555,-0.01215011577405265,-0.000584073153596567,-0.011153505335625723
2021-12-29,-0.025228564573999912,-0.004422574972764062,-0.0017284062830063892,-0.003311316543163322,-0.0008728402246076178,-0.003058240520883531
2021-12-30,0.013603121460542766,0.002429581452083409,0.001132022613823565,0.0016961609375159366,0.000549318291780652,0.0018309439193869602
2021-12-31,-0.01586638205021096,-0.0027651604374608406,-0.0010125605651267132,-0.002135468463963851,-0.0004296611434814428,-0.0023146978430339843
2022-01-01,0.025992643763336654,0.004474794076788021,0.0014078087350120952,0.0038599531078969376,0.0005111402473603631,0.004139774673215774
2022-01-02,-0.0043618920132749706,-0.0007674509249232527,-0.0003113889226296487,-0.0006188424110069731,-0.00011167613640524484,-0.0006332278546645788
2022-01-03,-0.018987895212677297,-0.003203644594303959,-0.0007257534260866597,-0.003216312391095366,-0.0002341434099004483,-0.0030558279949212796
2022-01-04,-0.011785377354758597,-0.001986959229538597,-0.0004439268053879591,-0.0018853454563778915,-0.0001495232464497155,-0.0016872487664680064
2022-01-05,-0.05173657244567742,-0.008602629049497972,-0.0013839512493733174,-0.008312978715077217,-0.0004224798307111935,-0.008012315464474735
2022-01-06,-0.008866767183141722,-0.0015763512114059031,-0.0007070487706398798,-0.0010337445545444913,-0.00024338604539220996,-0.0010637314614794673
2022-01-07,-0.03783015470992279,-0.006465200762200105,-0.0018299150505806337,-0.004841026343986538,-0.0005636100721802492,-0.00448409200774265
2022-01-08,0.006914214667385732,0.0012366596630108175,0.0005823231861794072,0.0009503588624661124,0.00020543544593453646,0.0008107495114619108
2022-01-09,0.002073829190582188,0.0003478235640450336,7.090881744110915e-05,0.0003164999648986782,1.6369576979321893e-05,0.0002851144935461173
2022-01-10,-0.0016603799141169384,-0.00028137135328843734,-6.907759576898795e-05,-0.0002855019415285316,-2.0647774588767118e-05,-0.00026954049369768817
2022-01-11,0.022747415378199243,0.0037112553372179017,0.000268204755053679,0.003921939760437431,7.696905143638576e-05,0.0037629718068735427
2022-01-12,0.027891015498406224,0.004571275796980387,0.0004291646365094116,0.004710684936881699,0.00010307977819332288,0.005052420016559893
2022-01-13,-0.030348726054577613,-0.005031924663873561,-0.0007436096897237791,-0.004752661822990049,-0.0001960815729151528,-0.0045078344188684534
2022-01-14,0.011161557886526063,0.0018896816668319408,0.00045710395463367554,0.0015916138218486997,0.00012681861596457294,0.0014200786342496213
2022-01-15,0.002413468057918422,0.00039777143333450104,4.796210990046413e-05,0.00036386902016676226,1.4756862813284719e-05,0.00033007625504575096
2022-01-16,-0.0008752076987588175,-0.00014584517834948562,-2.493504317149641e-05,-0.00021011832722210943,-7.313714121863035e-06,-0.00020728673539819635
2022-01-17,-0.02218240822349804,-0.003598620360387992,-0.0001623166455527035,-0.004380229940134071,-4.5174790717912e-05,-0.004250256873649106
2022-01-18,0.005210967722154569,0.0008479975293332638,5.0887036079319344e-05,0.0010854222188814038,1.1580488846695134e-05,0.0010769165877120054
2022-01-19,-0.015165950276407658,-0.002458096268156004,-0.00010002061258819501,-0.0032402797771690878,-2.0773958949759426e-05,-0.0031450921668083245
2022-01-20,-0.024686577781820263,-0.004002954993756362,-0.00017136461191272418,-0.005160920697774787,-2.9805878000340946e-05,-0.005060011626238144
2022-01-21,-0.10461835655982787,-0.017062784236921178,-0.0012051561112531692,-0.02058076000148721,-0.00042728569036930926,-0.01886105712791966
2022-01-22,-0.040992121149464045,-0.006967266903065203,-0.0018065437953995373,-0.0030998193979013934,-0.0009053685603421422,-0.00198525171802795
2022-01-23,0.0364225928636841,0.0065477352953038125,0.0032180679876899405,0.00216631608620717,0.0017045175623724234,0.002222937964650726
2022-01-24,0.010715845081442854,0.002023601071832837,0.0013654072207936745,0.0006352921130011079,0.0008160596392134493,0.0005695846781393511
2022-01-25,0.007988645600540023,0.0014448944198935602,0.0007453279385231372,0.0005799476655038727,0.00037819216140752115,0.0004909891406376896
2022-01-26,-0.003430400546862833,-0.0005740198527674117,-0.0002968629722980198,-0.0001868268378916913,-0.00016075295412346487,-0.00018947001363456512
2022-01-27,0.005325407809108951,0.0007736333763895808,0.00021133876763517492,0.00013956773822867898,9.50879596445199e-05,0.0001260450186605116
2022-01-28,0.020174804675711533,0.0028167639811972817,0.00047245315826520136,0.0004063101587413661,0.00019453547157017093,0.000279020105636968
2022-01-29,0.008457863176746683,0.0011899184251556937,0.00022378103454405286,0.00021674505230325806,9.440003803224093e-05,0.00015571607841755096
2022-01-30,-0.0027511038181697867,-0.00038071833082499115,-5.446757802332548e-05,-6.22513583156738e-05,-2.1281105314961228e-05,-3.789175426865882e-05
2022-01-31,0.012615107556393168,0.0016962171975399875,0.00010432566598277464,0.00019806787117643607,6.599422325491856e-05,0.00015550182980413364
2022-02-01,0.008457334321938514,0.00113461601694639,6.227681858383582e-05,7.366623262395716e-05,3.2512829809775957e-05,5.738729225542908e-05
2022-02-02,-0.047582629734286175,-0.006357637748725642,-0.0002725983732525012,-0.00017956265209737886,-0.00017103184625244592,-0.00017919511644633933
2022-02-03,0.0031216611468403155,0.0004273276981112893,4.810333823282635e-05,2.4825231828171078e-05,2.872863628988277e-05,2.438359228854952e-05
2022-02-04,0.10854044071218705,0.014671256008664453,0.0011264776394907144,0.00048135485976326137,0.0006936597124189836,0.0005324900737673347
2022-02-05,0.010435165151597259,0.0015035647795336004,0.0003755634291464281,0.0002156330577165322,0.0002326260586740291,0.00021506104127778095
2022-02-06,0.02046910412419689,0.0028631077777146845,0.0004941037831574619,0.00036925426805826814,0.0002815233318875417,0.0003112470834887146
2022-02-07,0.036138316472422494,0.005095872142261175,0.0009894491544592237,0.0008363278518645535,0.0005778225895095879,0.0007412256021148457
2022-02-08,0.006344751552472161,0.0009497495852237973,0.00032586147748818987,0.0002864412667290251,0.0001886326133914871,0.00024016808507783954
2022-02-09,0.005380171092241648,0.000756076587065355,0.00014078498547072867,0.00014761359174951896,7.22575635373363e-05,0.0001091975514716554
2022-02-10,-0.017807211003681545,-0.0024476554423153384,-0.00030441736601666833,-0.0003792264417356711,-0.0001509966333118922,-0.00025936015361884137
2022-02-11,-0.028821274762110716,-0.003970194830894716,-0.0005182687219185899,-0.0007353072605065079,-0.00021768757522831105,-0.0004201417211043831
2022-02-12,-0.004340745303334614,-0.0006251372807146166,-0.00015601140541786113,-0.00021722502314257958,-6.456910278340829e-05,-0.00013310594351299598
2022-02-13,0.0005248644345419162,6.697938627072013e-05,-5.831920456104127e-06,-2.7787504614780673e-06,-2.0503000967065805e-06,-7.563241109710812e-07
2022-02-14,0.010678060509186071,0.0014363894476336202,9.021244341224255e-05,0.0001812384762958824,4.218743853887439e-05,0.00011963386250343426
2022-02-15,0.04374946179436279,0.005865332179878214,0.00031019796792983135,0.00036466322735052777,0.00012977945749981652,0.00024190308236753542
2022-02-16,-0.010024266219708422,-0.0013990439422730968,-0.0002332280730810312,-0.00022383492517522155,-9.8516322596606e-05,-0.0001562420937547304
2022-02-17,-0.07842118198701065,-0.010734112976121136,-0.0012094857685517857,-0.0009888684516660546,-0.0004909819548937983,-0.0007131234683894508
2022-02-18,-0.01393261358865805,-0.0021093573720280577,-0.0007828168269253329,-0.0006673666558097334,-0.0003395465222343795,-0.0004943735544347008
2022-02-19,0.0012902447117326687,0.00018691619928377817,4.949712900885355e-05,4.0220736867186454e-05,1.7355213903619232e-05,2.7227748760997698e-05
2022-02-20,-0.03851429499304915,-0.005370360943363543,-0.000880269759087897,-0.000805458688629394,-0.0003408326363259964,-0.0005787988648020782
2022-02-21,-0.03770493676950448,-0.005667283021856752,-0.0020045054964383567,-0.0018336926607450967,-0.0008117610501379601,-0.00136914524472815
2022-02-22,0.029774030986370326,0.0049893765033309145,0.0029029554579599825,0.002609635690849199,0.0013383796745500712,0.0020832337483645182
2022-02-23,-0.02341006858025685,-0.004249169884153255,-0.0030653269970686756,-0.00268297143534646,-0.001569625600313957,-0.002217326252432906
2022-02-24,0.026147599467127858,0.00491068017911866,0.0038010842605187486,0.0032687743531451784,0.00201027239659229,0.0027254196093661324
2022-02-25,0.027165016912158668,0.00530106523634311,0.004396356939204284,0.003747284057468092,0.0025426083959678926,0.003256689646527617
2022-02-26,-0.006794670553295079,-0.001382503457149722,-0.001223708138017307,-0.0010363986705817694,-0.000786249946855246,-0.0009245126419155655
2022-02-27,-0.035635453367305114,-0.006720629968417712,-0.00524359806361009,-0.004011388945971284,-0.0027056936958524,-0.003408864032061233
2022-02-28,0.14640933349790242,0.029887597586637504,0.026574552856327774,0.020174477840074357,0.016994620138455024,0.017942402936586856
2022-03-01,0.026753659399233687,0.005755333650495446,0.005480453987315336,0.004836708765914571,0.0043276846538384765,0.004492208361880208
2022-03-02,-0.007891664288204314,-0.001712653553792251,-0.0016479894162472028,-0.0015308826039099682,-0.0013873156239084478,-0.0014431452771279977
2022-03-03,-0.03391666589471032,-0.007113871874597189,-0.006563401879769206,-0.005807540961872519,-0.004810874265200482,-0.005214501830137303
2022-03-04,-0.07969282502127084,-0.017212793502262232,-0.016470499579245623,-0.015600183725800206,-0.013777096303916995,-0.014697842296591842
2022-03-05,0.0070955033038342386,0.0015609173151186712,0.001525389395837044,0.001516023363431938,0.0014214045051475141,0.0014789537363450696
2022-03-06,-0.024998605913452043,-0.0053759715842269,-0.005117379358464822,-0.005139627024237046,-0.004519191408886528,-0.004943169718624542
2022-03-07,-0.0065784551587068085,-0.0014252041973412213,-0.0013686380987471918,-0.001385920360353147,-0.0012344933581440358,-0.0013425273687640259
2022-03-08,0.015171495000480428,0.003146959933268359,0.002861205709997385,0.002943710156412725,0.0023110481042480325,0.0027680139837943517
2022-03-09,0.08428367543041215,0.017061630385795574,0.014987760553183908,0.015622178799132367,0.011345513285203928,0.014295907652896957
2022-03-10,-0.05970897851399681,-0.012971199224780506,-0.012496722396130675,-0.012884004896637683,-0.01145767801226896,-0.01252468885534945
2022-03-11,-0.016637701877306288,-0.0036784031835208693,-0.003614801045392579,-0.0036325503949288422,-0.0034849571713305837,-0.0034593882592652524
2022-03-12,0.0032392637185738593,0.0007067891265902854,0.0006843701459357027,0.000678831700305227,0.0006420090415185454,0.0006447673193837376
2022-03-13,-0.0293396524031041,-0.006174967705879586,-0.005722390359396915,-0.005600923097009306,-0.00497574653599509,-0.005053274043932864
2022-03-14,0.048685793246717735,0.010459651520019826,0.009944887948381399,0.009738389077501911,0.008982524464933049,0.009099668488985429
2022-03-15,-0.00737045298121386,-0.0016252272230497967,-0.0015925278596167118,-0.001544609024573138,-0.001550749196512673,-0.0015304330520003176
2022-03-16,0.04433678710648925,0.009487780965612477,0.008977927288141322,0.008238098000103116,0.00819752351061733,0.007873793767763872
2022-03-17,-0.0032930857069763952,-0.0007270480422165404,-0.0007134574520669533,-0.0006874069895936166,-0.0006944338972737158,-0.0006693673703887709
2022-03-18,0.020985460845455606,0.004429208750929399,0.0041197967824007755,0.0036464744721834462,0.0037068073356937557,0.0034739364678777916
2022-03-19,0.008775509172351592,0.0018508410045263552,0.0017199022828371972,0.0014992704247865994,0.0015337652246543564,0.0014292167086200544
2022-03-20,-0.02129345113302561,-0.004268565781345185,-0.003695032318498741,-0.0028024903777794253,-0.003041886691499383,-0.002642512502447399
2022-03-21,-0.005576835129683433,-0.0011325303566080635,-0.0009995336116776102,-0.0006714137170669451,-0.0008134098591115314,-0.0006295423404828498
2022-03-22,0.032113921510684484,0.005994443868487257,0.004585890715713653,0.0021821774137685255,0.003217362388501692,0.001844848033185006
2022-03-23,0.008282309247231279,0.0016437773217816691,0.0014006902352882691,0.0007316105161848423,0.001067300844942969,0.0006274115282333717
2022-03-24,0.02902578149646362,0.005352718786114532,0.003995397865219622,0.0014638660773280202,0.0026384938193402575,0.0011884352985863707
2022-03-25,0.00846945158597201,0.0016460553757162318,0.001355493543630142,0.0004977299291556957,0.0009583215229074334,0.00040649285302298476
2022-03-26,0.003898627884859396,0.0006861332777424514,0.00046109912095475524,8.832272886999309e-05,0.00027016128455878234,7.819929477011172e-05
2022-03-27,0.05070266106477339,0.008137437464840832,0.004049145533985448,0.0005258846945747561,0.002102792551821428,0.0004379808992445641
2022-03-28,0.009544119908782012,0.001769826165765679,0.0013327099816293655,0.0002692634319895339,0.0008608386518202815,0.00022387734415645424
2022-03-29,0.005083401566523094,0.0008671651092842875,0.0005347079789705495,6.889547720244009e-05,0.0002904575402064319,6.189075506637652e-05
2022-03-30,-0.007172059064464831,-0.0011379647470418687,-0.0005373305113598252,-6.860091387840314e-05,-0.00026510709063619494,-5.067389304998788e-05
2022-03-31,-0.03312770064452242,-0.004863655602034306,-0.0014448538292795724,-0.00019109040346495395,-0.0006421291867316913,-0.00017549853179430294
2022-04-01,0.01510299020189998,0.0023971454358089482,0.001135771014042414,0.00018515257769198174,0.0005288046944694971,0.00017180100862377567
2022-04-02,-0.0067121444694489,-0.0010417362177362998,-0.00044379757240535836,-6.891685675101736e-05,-0.00019260540189887062,-6.235564649662484e-05
2022-04-03,0.010897858590438902,0.0015714415920975197,0.00039723657154310644,6.62469984947004e-05,0.00015348893149729723,6.378635028246864e-05
2022-04-04,0.004790217873044567,0.0006674753918762636,0.00010847161221625845,2.1378491293502582e-05,3.8703697016193134e-05,1.9016897310208093e-05
2022-04-05,-0.020786683846076515,-0.002834975379125756,-0.00029028189432882544,-7.590560314561144e-05,-0.00012141022851093217,-8.501679083608915e-05
2022-04-06,-0.05226393606176161,-0.007194184663567456,-0.0009244020192320437,-0.00028581480235241846,-0.0004423969561216337,-0.00036757996884965473
2022-04-07,0.006098842022644879,0.0009060030525275563,0.00029390010153592245,9.673219495281968e-05,0.00014463218777014265,0.00010971718345612537
2022-04-08,-0.03091594331472014,-0.004392472657098547,-0.0009396449946467657,-0.0002953080337069563,-0.0004579049419923445,-0.00034791781571041875
2022-04-09,0.010869333727692387,0.0016280805935446829,0.0005617398920235685,0.00018269388722525084,0.00027192665356540766,0.00020437331474532503
2022-04-10,-0.009759176119820911,-0.0014114282754434662,-0.0003663626571046981,-0.00011817140051908925,-0.00016616189560473622,-0.0001253577281081297
2022-04-11,-0.06436703531081245,-0.009007735858257903,-0.0015655726096702627,-0.0005128955102342508,-0.0006346748309827717,-0.0004796175670334088
2022-04-12,0.01396776855129822,0.0021929444180344435,0.0009869796892653957,0.0004148067899034552,0.00045897555830271615,0.0003875508905494014
2022-04-13,0.02634623923848811,0.004003435066608163,0.0015166612177353528,0.0006302731160691073,0.0006427434638245168,0.0005587170392864718
2022-04-14,-0.03004073612890601,-0.004795557980568905,-0.002332311241730043,-0.0010269672905177214,-0.0010107398977784374,-0.0008922197756362233
2022-04-15,0.015302835363897094,0.002644764626066316,0.0016878260244762916,0.0008313842153821851,0.0007837480895536508,0.0006814405902343117
2022-04-16,-0.002165053348741064,-0.00036876362321220014,-0.00022570661507745189,-0.00010767602340112148,-9.915977244286057e-05,-8.442783540095288e-05
2022-04-17,-0.018170416052389227,-0.0027650724244518135,-0.0010547810893742453,-0.0004368683405674163,-0.0003769657545919071,-0.00032662972087389627
2022-04-18,0.028059455588550275,0.004263035099690305,0.0016130301610508366,0.000659682935072082,0.0005465385213990254,0.0005047986503826626
2022-04-19,0.016433209866648202,0.0026344435482149385,0.0013035831258449905,0.0005435055075838258,0.00046273262979269845,0.00041784988850270655
2022-04-20,-0.0022660877214977226,-0.00035970461230594447,-0.00017061171143713597,-6.877008689586172e-05,-5.872223622615923e-05,-5.318310279183951e-05
2022-04-21,-0.022662979428225816,-0.0032938214502470004,-0.0008953769649955301,-0.00035389943528284885,-0.00027618869992427475,-0.00028300570934911847
2022-04-22,-0.017784650804635427,-0.0026520729486621424,-0.0008882085371039163,-0.0002863789248130281,-0.00026774795330248864,-0.000230608222545161
2022-04-23,-0.003913602490838719,-0.0005843403099888387,-0.00019742498049171579,-5.570448206881208e-05,-6.447887695719699e-05,-5.007838216072503e-05
2022-04-24,-0.0017889031734886762,-0.00026033695353682736,-7.143969705886434e-05,-1.8423518739983094e-05,-2.2822821282546988e-05,-1.7565669663495262e-05
2022-04-25,0.02434984946613894,0.0033144427624281145,0.0003213161218735938,6.293149449335148e-05,9.969495468828958e-05,6.179594729760982e-05
2022-04-26,-0.05932110426366044,-0.008206166671529997,-0.0011673321420240352,-0.00020988043050521618,-0.0007271948125425281,-0.00039754311346027187
2022-04-27,0.03009331379417657,0.006122706433096611,0.004886627271600649,0.0030856698002159075,0.0050386740887534715,0.0034370412492178517
2022-04-28,0.0135000395652356,0.0029208561411464295,0.002579007104629032,0.0014816320011155017,0.0026548417417687773,0.0015815243807117457
2022-04-29,-0.028642543593827563,-0.006020861539174664,-0.005082132802941989,-0.0027950343976816876,-0.005257346684926304,-0.0039739306226025724
2022-04-30,-0.02319146297303676,-0.005151205457859754,-0.004722438781286788,-0.002563595671975162,-0.004823624121296092,-0.002454495354440475
2022-05-01,0.019757387764469225,0.004461959547849296,0.004180964244608819,0.002243972275834258,0.0042581146519707,0.002063678585439208
2022-05-02,0.002777900572673131,0.0006255107311990625,0.0005839030603499148,0.00029953483301702765,0.0005920332704302712,0.0002921431548929989
2022-05-03,-0.02234237845276954,-0.004730005922131131,-0.004038465868725721,-0.002224271602188545,-0.004094941626097999,-0.00309655993737126
2022-05-04,0.051385158975188805,0.011193249235430868,0.009983485962048313,0.005764275786619834,0.010170288664968715,0.006472972243942833
2022-05-05,-0.07920486667435833,-0.01823696892868994,-0.017506192308072484,-0.010993254588676102,-0.017213536476510773,-0.004537958268844136
2022-05-06,-0.012575329922829837,-0.0029529856186114676,-0.0029006511770879036,-0.0021601051670988797,-0.002889774642046028,-0.0005730465340284837
2022-05-07,-0.014823642377078672,-0.0034386183613537495,-0.003330145845935916,-0.0022010565330411918,-0.0031640177055306377,-0.0006411159257637034
2022-05-08,-0.04082953998850147,-0.009386234580456452,-0.00899274484096442,-0.005808669336527449,-0.008502583890460678,-0.0031675351940546204
2022-05-09,-0.1057281403636191,-0.024727483268656966,-0.024177213200993745,-0.016732122927437462,-0.023718857708272475,-0.005665989946676301
2022-05-10,0.017493424198149254,0.004113652146616523,0.004047111732954132,0.003292024553926013,-2.146117939946427e-06,-3.104207415520047e-05
2022-05-11,-0.07080110660464145,-0.016504725908166793,-0.016076532751697577,-0.013130893299296972,-0.0009781153898134863,-0.0025773787987255436
2022-05-12,0.008131188096415665,0.001910809063594019,0.001878476635238629,0.001595543177349818,0.00036259405253656244,0.0003577328596807952
2022-05-13,0.00879164360942064,0.0020200744249895424,0.0019342693134265462,0.0016565657057859267,0.00022291826646855662,0.000478243272322846
2022-05-14,0.026155937717826205,0.0058094764215491255,0.005325384439378495,0.004900197742650448,0.0004893651889624048,0.0009138203308510107
2022-05-15,0.03762438134283874,0.008509026256208089,0.007987705297811728,0.007227475668054633,0.0010884930667073517,0.002369578452986553
2022-05-16,-0.04146568564928721,-0.009612842239026559,-0.009302993828707674,-0.007690272264070573,-0.002721376645103977,-0.0019003124622385117
2022-05-17,0.018353599344633986,0.004300691071129136,0.004214152055153202,0.003457820639142253,0.002328134650642735,0.000906630488222157
2022-05-18,-0.054765862406478294,-0.01273760816154621,-0.012374227662073196,-0.010082196900693504,-0.007079741015437179,-0.0024182588131290736
2022-05-19,0.05167193970195294,0.01214356759193823,0.01193901587770093,0.009888503387641794,0.010051174931322366,0.0019071595226175543
2022-05-20,-0.034160987837896006,-0.008048929120108154,-0.007936316283460042,-0.005769223534870438,-0.007529329958935965,-0.0014448585097859793
2022-05-21,0.006701021042129662,0.001577828807351493,0.00155459114687408,0.0011335780775749238,0.0015315156312240242,0.0003728141638478625
2022-05-22,0.030992332755700458,0.007132799333703213,0.006843177554774593,0.004103896924298038,0.0066005589406835635,0.002695642590082474
2022-05-23,-0.041000551200847,-0.009534716216557503,-0.009261233454038875,-0.0060370204407731555,-0.00920381216423782,-0.003282067116493761
2022-05-24,0.01909472671237422,0.004479501718017798,0.004395128480332334,0.003018066086636646,0.004447186412275558,0.001338927283088436
2022-05-25,-0.0022407429541758672,-0.0005237437496060191,-0.0005117278678859544,-0.0003453984520297386,-0.0005178806537618845,-0.00015924876979502922
2022-05-26,-0.008275744082522851,-0.001870503836207381,-0.0017544301909249726,-0.0011276451426590476,-0.0017628046843948014,-0.0007458989268350448
2022-05-27,-0.0245613254622572,-0.0053380801059623425,-0.004745311926849185,-0.0031109493915130646,-0.004743318121709215,-0.0027460027291373213
2022-05-28,0.015150241095268413,0.00338350906561929,0.003124325670002756,0.002070794588555204,0.003129208467658729,0.001161642275258
2022-05-29,0.013239506030118697,0.0028992018651302523,0.002605633634830777,0.0014497047528880507,0.002614027352277029,0.001620525676352815
2022-05-30,0.07835136212220939,0.016607135438844504,0.014208414074375038,0.006736950422307545,0.01418541194494864,0.01083206006421151
2022-05-31,0.0030077731478279635,0.0006717012010885612,0.0006197002924266184,0.0003593109713255721,0.0006266721526108715,0.00024640142660175976
2022-06-01,-0.06300340939189109,-0.013688071558927073,-0.012161784637155284,-0.007559630763777725,-0.012307270807533657,-0.006120249341256439
2022-06-02,0.022743497950418856,0.005232946726779607,0.005018313182620501,0.003506841774734466,0.005002698540807452,0.0011086819340196306
2022-06-03,-0.02758948448858578,-0.006364549768681119,-0.006123335210839968,-0.004002330134368107,-0.006171433558125611,-0.0025164994369484247
2022-06-04,0.004373736510134396,0.0010160068673508362,0.0009855938085333372,0.0006475196767371508,0.0010045555985380243,0.00042474353506064027
2022-06-05,0.004128623118201613,0.0009184634683773928,0.0008439428822546131,0.0005421458887644978,0.0008747510088732033,0.0004313346330512514
2022-06-06,0.0474092700685127,0.009943578970055761,0.008363300215672784,0.006283425274126441,0.008775297908991004,0.004633831817312623
2022-06-07,-0.005063069701828571,-0.0011621644672324162,-0.0011122721127109078,-0.000825205058276035,-0.0011505642044223143,-0.00042707909527795184
2022-06-08,-0.030363007086616767,-0.00655863547373565,-0.005777559104822628,-0.00436504368204577,-0.006051125951334781,-0.0023929415438026934
2022-06-09,-0.0054246608660896145,-0.0012348060275322844,-0.0011690507590197783,-0.0008773011414519229,-0.001202503697864762,-0.00036676315618832365
2022-06-10,-0.033065109259046155,-0.00712453665357984,-0.006252657471378029,-0.003922866089468105,-0.006499732002449223,-0.0035764590483375225
2022-06-11,-0.024410056491148135,-0.0055391631179178774,-0.0052225633234087914,-0.003296122773282386,-0.005364619574183778,-0.0022046750261497613
2022-06-12,-0.05396556237136396,-0.012396821064516395,-0.011866422287330496,-0.005609792133942172,-0.012115356133744233,-0.006277240111528322
2022-06-13,-0.16824372469391125,-0.039420311860767346,-0.038623666712047214,-0.021741076204107878,-0.039737138505650804,-0.01973581960888171
2022-06-14,-0.01090643162099092,-0.002558335492130438,-0.0025098821090099345,-0.0022501116102116797,-0.002393535672196823,-0.000247655711094212
2022-06-15,0.02029300109523846,0.004690443099404428,0.004523202773387362,0.004121543213044792,0.003986872321974875,0.00021394570488144276
2022-06-16,-0.09815880903570673,-0.022606417977074668,-0.021706191873912886,-0.020215403530006528,-0.019678411488691434,-0.0034578823748259457
2022-06-17,0.0076194364346988674,0.0017812819403848273,0.0017407779795561153,0.0016145440623548033,0.0016909875811308313,0.00011184681844892006
2022-06-18,-0.07090480633836438,-0.016204111889350642,-0.01541269000934604,-0.01478562071562545,-0.014809927891183227,-0.004267952132198294
2022-06-19,0.07775524541888101,0.018195609244817446,0.017802236141013412,0.016685559122180886,0.017766451875066945,0.0011235971477919781
2022-06-20,0.0038714090221791952,0.0009103060101287114,0.0008954986763450694,0.0008365330011413057,0.0009058230530411555,6.029824761745535e-05
2022-06-21,0.005679467834613039,0.001299255892691262,0.001237440227651374,0.0012007689828859157,0.0012665878641544232,0.00014300107753509385
2022-06-22,-0.033124583643186156,-0.007283046085394625,-0.006582727243608396,-0.007000679569644897,-0.006739518606625767,-0.000636122211872524
2022-06-23,0.05468806126900394,0.012495064968157376,0.011881137623374496,0.011755255889306994,0.012256543374318479,0.001479272032647527
2022-06-24,0.00957354921420528,0.0022334734627393314,0.0021774440526417197,0.0018274594998524132,0.002234658147110159,0.0003646106964182203
2022-06-25,0.007947112983389681,0.0018102296006703878,0.001714895235514862,0.0014495445504197192,0.0017633449270509985,0.0003206995591170072
2022-06-26,-0.018712306333410256,-0.004104886365487204,-0.003698176895602113,-0.0033760691089437934,-0.0038369168716368193,-0.0009543340733954512
2022-06-27,-0.01497958537276578,-0.003312210189535141,-0.0030175287200487925,-0.0024591040041683325,-0.003125204520208648,-0.0010404626327890005
2022-06-28,-0.023508787112898832,-0.005159908865261357,-0.004652578090914137,-0.0037481895834904806,-0.004745526191479202,-0.0011341836834738198
2022-06-29,-0.008995192083826598,-0.0020272167684586787,-0.0018945542817755438,-0.0012920112590277455,-0.0019348007907003784,-0.0008241720059872353
2022-06-30,-0.037251027880776166,-0.008104810690250505,-0.007216360992955492,-0.003352790821692552,-0.007418561174620425,-0.006157377124570576
2022-07-01,0.00046299256744464223,9.461115039450033e-05,7.647815814524668e-05,2.994819136851275e-05,7.860728851377188e-05,2.8058676611552784e-05
2022-07-02,-0.0056887702604419,-0.0012432230218753402,-0.0011137406659801935,-0.0005591405327225307,-0.0011566030119330953,-0.0007593780205528958
2022-07-03,0.0023233853259065906,0.00045714290006839005,0.0003418978073902842,0.00019140220581163303,0.00036184079278178764,0.0003201490372727739
2022-07-04,0.04927155282971718,0.00894067614702868,0.0054229337600441305,0.0025621156717641467,0.005788499149183273,0.008530655374714702
2022-07-05,-0.0016293480892176637,-0.0003693331907698343,-0.00035214098080401605,-0.00017970506102329842,-0.0003650678229156807,-0.0002615721610241206
2022-07-06,0.018199117532464504,0.0034458010970674644,0.0023529750214798728,0.001422158140242295,0.002488495825501176,0.002688383825221895
2022-07-07,0.053041370265120014,0.010061550903287284,0.006898043386631411,0.0043209883618531095,0.007275291721612801,0.008557994761891195
2022-07-08,0.007499184257741209,0.0015960026083621593,0.0013721603308000465,0.0008342690667144084,0.001424717064475334,0.0008095725410359406
2022-07-09,-0.010482129046195388,-0.0021248234228862855,-0.0016815548141467477,-0.0010505917843358216,-0.0017597626262086487,-0.0013802733417541005
2022-07-10,-0.03492491007169918,-0.0067460978685443766,-0.004829700930247623,-0.003487952131362533,-0.005065078477354354,-0.004302369153974047
2022-07-11,-0.04128139000116193,-0.008852505380254434,-0.007714886534062925,-0.004516006621669031,-0.007975165641600888,-0.004865309063873991
2022-07-12,-0.03165417695461725,-0.007227530171161647,-0.006867467463469806,-0.004016858969131855,-0.007036551658233737,-0.003159786595147914
2022-07-13,0.042213552232571505,0.00979532083524022,0.009489872384617933,0.005602244086978304,0.009734483097669885,0.0042295050747910715
2022-07-14,0.01971524603175112,0.004619248813810741,0.00452573729728007,0.002847122747537104,0.0046077004566406985,0.0014650859159429628
2022-07-15,0.013566148074932283,0.003157066872662569,0.003069067546200394,0.0017010379728637295,0.003144069120677742,0.001435794389990746
2022-07-16,0.017511103023836405,0.004004696655402028,0.003812489609722906,0.0021223780110367096,0.003860145249775228,0.0014342095648827375
2022-07-17,-0.01739062464589325,-0.00394458753244345,-0.003716803653770167,-0.0021466831794793835,-0.0037633985981853526,-0.0016733004649621636
2022-07-18,0.07095380919685734,0.016075982618338966,0.015126260123121715,0.007636329932812276,0.01495377881325732,0.005936815437871452
2022-07-19,0.04776786650606324,0.011148711567772217,0.010874455485599656,0.007048537216898966,0.011001155499900456,0.0036869000754376244
2022-07-20,-0.003862316947165545,-0.0009095111608279922,-0.0008962190169555851,-0.000624886310862255,-0.0009189126097241566,-0.0002971166837203492
2022-07-21,-0.005520669729154992,-0.0012730652207684427,-0.0012241963781245762,-0.0007845852105908219,-0.001262089467762729,-0.0005634377760191353
2022-07-22,-0.01927772396199723,-0.0042705171220821505,-0.003900321311390601,-0.002470045508341638,-0.004081240561137551,-0.002031618650488928
2022-07-23,-0.009760570253669387,-0.002181008653154424,-0.0020154809433476813,-0.001289537163645489,-0.0020750070615616098,-0.0007914809292860909
2022-07-24,0.007511757010994158,0.0016176580474151787,0.0014187376515535312,0.0008501728059264136,0.001468935801661926,0.000777235096512804
2022-07-25,-0.050466314430195225,-0.010166289625223155,-0.007952559104040122,-0.005484033447405727,-0.008316797552491088,-0.006514335029088138
2022-07-26,-0.015270314871642765,-0.0034355118606914942,-0.003205004942592848,-0.002203579227342524,-0.003311806941970592,-0.0015188699328873949
2022-07-27,0.08104916879210444,0.017024121765747753,0.015064680211074181,0.012066568569996335,0.015006357034232271,0.011292387764864081
2022-07-28,0.041057069353550135,0.009209869433854356,0.00882940031879929,0.00824776337568423,0.00892132193948514,0.008113958646932063
2022-07-29,0.0047059684263695,0.0010694703587774818,0.0010398593260356188,0.0010012862847055299,0.0010517813849549235,0.0009931096415296754
2022-07-30,-0.01366577456769369,-0.003010341879283365,-0.0028271616698199564,-0.002611497426838681,-0.0028272333428820354,-0.002538824967013735
2022-07-31,-0.011313458015974942,-0.002444179484634777,-0.002242415188259747,-0.002001182639314682,-0.002230731265998541,-0.0019195400752130723
2022-08-01,-0.0010588004024190134,-0.0002279640033953969,-0.0002082502346845565,-0.0001848067437160538,-0.00020697613989186146,-0.00017685805817974613
2022-08-02,-0.012858862499676493,-0.0024550810338751596,-0.0018589300155257289,-0.0014408231011137568,-0.0017776338819137758,-0.001285165202370613
2022-08-03,-0.009625085005669387,-0.0017695453539253178,-0.0012392575872824385,-0.0009175156026062822,-0.0011699035217948438,-0.0007917323995875784
2022-08-04,-0.0079534137847741,-0.0013801249856947224,-0.0008330925024271192,-0.0005893059396271364,-0.000769590915270965,-0.000485297840094478
2022-08-05,0.027427537211751618,0.004387144702323985,0.0019652240179436884,0.0013101551568180903,0.0017858459052629261,0.0010721834303377596
2022-08-06,-0.010869145631547283,-0.001866672195953306,-0.0010936956507879086,-0.0007611416899542297,-0.0010043691192971882,-0.0006144732408720391
2022-08-07,0.00684386605033227,0.001106810703636816,0.0005210367871584599,0.0002872486154587415,0.00047240612472556384,0.00022267318518590337
2022-08-08,0.02807297364568795,0.004215315225665442,0.0012979812185619432,0.00048374916068483014,0.0011363004418365478,0.0003525603980340324
2022-08-09,-0.025935466014564645,-0.0041431528578677055,-0.0018445861550817587,-0.0006253299420290785,-0.0016784705512460237,-0.0004872068301250444
2022-08-10,0.03177596248003134,0.00543920212259517,0.0031515583602691882,0.0010337460119051413,0.002956013848205707,0.0008234498815332581
2022-08-11,0.000475715639150609,7.30546899342113e-05,2.7840485800014173e-05,6.370085018143074e-06,2.3880223427505435e-05,4.012936171470838e-06
2022-08-12,0.01929728911124573,0.0032026841612219285,0.0016731703586546657,0.000440420954838726,0.0015567927896129928,0.0003572914110987055
2022-08-13,0.0012261579696288827,0.00020490764718426052,0.00010960947585362301,2.816213956477801e-05,0.00010218536952216662,2.2851963644020447e-05
2022-08-14,-0.004586073141883307,-0.0007116445389361777,-0.0002710798900423522,-6.606897617537329e-05,-0.00024396842246840968,-5.5174306233643584e-05
2022-08-15,-0.0094696982195146,-0.0013706021097698892,-0.00029784000099817394,-7.610814127578927e-05,-0.0002498933212116422,-6.08838025012739e-05
2022-08-16,-0.00893269527433449,-0.0012631063892661093,-0.00019834921472959493,-5.6458409738906806e-05,-0.0001602179182967792,-4.927210087776728e-05
2022-08-17,-0.022308201092831048,-0.003104589453642551,-0.0003539599746336736,-0.00011840681172260103,-0.0002848943385222701,-0.00012414156904415994
2022-08-18,-0.004935576191077873,-0.0007039676843650237,-0.0001267462720344214,-4.574132887339558e-05,-0.00010181675027047521,-4.687666678779968e-05
2022-08-19,-0.09966785603971973,-0.013826457595939286,-0.0014550483597618531,-0.0005537921804602838,-0.0010886024039283352,-0.0005501004621598004
2022-08-20,0.011474203347095813,0.0017123428649434961,0.0005007417350199332,0.0002458320015233104,0.0004036997306828747,0.00025304068350688776
2022-08-21,0.01926268591230551,0.0027895733853602303,0.00061137690430313,0.00037108290062899104,0.0004811256654939788,0.0003494127405794876
2022-08-22,-0.01173388505521411,-0.0017116157264638803,-0.00040618482233155975,-0.0002857963997358978,-0.00031472230207012583,-0.0002447016858774502
2022-08-23,0.010958610995709162,0.0015704523513091538,0.00030191654119430357,0.00024391555141219592,0.00023530665411081872,0.00020412911522252623
2022-08-24,-0.005086788916586427,-0.0007174937961559691,-0.00010786443112865592,-9.93454819002446e-05,-8.509312071194759e-05,-8.383150328403624e-05
2022-08-25,0.007601725453500796,0.001045711578098231,8.558891602939908e-05,0.00010957162227272041,5.771072967956204e-05,7.025986365399135e-05
2022-08-26,-0.06214952662844542,-0.00849142755039858,-0.0005307591257202128,-0.0008112600596885122,-0.0003069261397478156,-0.0004339046462591975
2022-08-27,-0.00998582294747874,-0.0014585785820721443,-0.000351754700206939,-0.000523174448777001,-0.00023998572688658783,-0.00034505189886521953
2022-08-28,-0.018481834812281384,-0.002630948626214889,-0.00045979000171885896,-0.0007330764118326579,-0.00030793938412375664,-0.00046153897646083905
2022-08-29,0.030366630921277338,0.004371120955512714,0.0008901839869854864,0.0014225007826876525,0.0007498766588894225,0.001108588141654097
2022-08-30,-0.021977112526628928,-0.0033458911982543215,-0.0011374513546908644,-0.001568785986731395,-0.0009663056948429817,-0.001262447615657326
2022-08-31,0.010048108197075578,0.0015821785737370204,0.0006556748644953672,0.000817887446871908,0.0005675037448833547,0.0006696743617804171
2022-09-01,0.004034573094409577,0.0005946169565710705,0.00015696925357082587,0.00019351633270340958,0.00018924193274213924,0.0002016254765874277
2022-09-02,-0.007789219428775862,-0.0011128261377580566,-0.00020456544161077275,-0.0002559918665876764,-0.00022156904974233288,-0.0002457047287899017
2022-09-03,-0.007269763846329713,-0.0010150214756004063,-0.00012473498736760688,-0.00015407803108881158,-0.000202240927215517,-0.00021263899176837686
2022-09-04,0.007982223382155151,0.0010968557821412137,8.63590512590776e-05,0.00010550858453570565,0.0001341009189139745,0.00014456888635908335
2022-09-05,-0.008221412015940177,-0.0011233644692251567,-7.043847960088427e-05,-8.79570471612092e-05,-9.806597137955796e-05,-0.00011205785654416717
2022-09-06,-0.04806829068874252,-0.006545608527367102,-0.0003465956986129332,-0.00031105300196856566,-0.00046643990243182217,-0.00043500900366881225
2022-09-07,0.023705453069903903,0.0033748674685476526,0.0005903523643265447,0.000489739052345821,0.0007618781120519562,0.0006537697038743782
2022-09-08,0.0013589334483152804,0.0001949876942101711,3.808250261149222e-05,3.0924760863814e-05,4.8433025727241384e-05,4.051436930754604e-05
2022-09-09,0.10581166485212878,0.014795772127400218,0.001879668448963072,0.0014010167792243642,0.0022751994192002113,0.0017555509245544782
2022-09-10,0.01647203187457924,0.0025243319004081633,0.0008941140830595194,0.0007257888809412145,0.0010583334510493728,0.0008888988181118676
2022-09-11,0.0008086391960586692,0.00012069831378340588,3.550133002360114e-05,3.290870870017187e-05,4.2274084557303924e-05,3.780498577331543e-05
2022-09-12,0.029100937201124166,0.004149679772294082,0.0007445925515404411,0.0007443976158836223,0.0008646578990575995,0.0008064655959103342
2022-09-13,-0.0983747503763922,-0.014705954452045433,-0.004369636860465282,-0.004488899792282425,-0.005147656525698049,-0.004945595793660422
2022-09-14,0.0040329140429467,0.0006772042108756914,0.00036565512566355264,0.0003760609190264444,0.0005177488303214335,0.0005168493041317734
2022-09-15,-0.02714048413031711,-0.004271081109069409,-0.0017635637449117348,-0.00200430455455087,-0.0028612223484434512,-0.002949473255734945
2022-09-16,0.002269789618065454,0.0003721064454326143,0.0001846219736168448,0.00020910328513639763,0.000295756543234021,0.0003068782301510107
2022-09-17,0.019204378518433263,0.0029267643594893936,0.0010033003356932947,0.0013021986923686807,0.0018707959851942668,0.0020638265618157696
2022-09-18,-0.034472061234040785,-0.0053021969374357925,-0.0019250354969700804,-0.00257238771631025,-0.0034627831498801553,-0.003826772803274067
2022-09-19,0.006736810629932144,0.0011434833088168248,0.0006433115371225787,0.0007978886222422532,0.0009774351236893802,0.0010363711747268178
2022-09-20,-0.035025457537385285,-0.005520680494662101,-0.0022991886366092494,-0.003103726154198307,-0.0038503721757094387,-0.004218635467295973
2022-09-21,-0.019402855474614955,-0.0034668979924273972,-0.0022705022324933932,-0.0027271584102567864,-0.0031742983283102773,-0.0032774078952910184
2022-09-22,0.04905120400052576,0.008931645266792881,0.00611924336400608,0.007140658820775425,0.008273121928898923,0.008385006131408884
2022-09-23,-0.004515936332233905,-0.0009654310731755672,-0.000876748107989137,-0.0009286327687198701,-0.0009767531621977562,-0.0009787945658519452
2022-09-24,-0.02080508331147113,-0.003994294857283052,-0.0030575501315629502,-0.0032322765732632603,-0.003753058531132348,-0.003500670495286411
2022-09-25,-0.006954464943062955,-0.00137619377297662,-0.001112247498639586,-0.0010774229227420375,-0.001314421299716892,-0.0011365780653583395
2022-09-26,0.021708730799255394,0.003930105620606735,0.002656953263290393,0.002423915353898058,0.003390291975246828,0.002533857801783707
2022-09-27,-0.004916002285409116,-0.0009148097178199252,-0.0006580393080462502,-0.0005660631692693132,-0.0008085417235545556,-0.0005810941311510126
2022-09-28,0.01822384752240791,0.0030456914613267265,0.0016312718044429867,0.001297299468569777,0.0021828646280339565,0.0013091468208977278
2022-09-29,0.004416832577744945,0.0007360865964310374,0.00038989364031124987,0.0002855354438128593,0.0005184263214002618,0.00028507262541067316
2022-09-30,-0.0054077294556701405,-0.000837101484234883,-0.00031464930200098457,-0.00022292186365896068,-0.000430712719143719,-0.00021232455575737318
2022-10-01,-0.0063458619406300265,-0.0009240297719554191,-0.00021477223679461783,-0.00014090137770940748,-0.0002908197376804337,-0.00012093392297154128
2022-10-02,-0.01535682214405687,-0.002158931791060659,-0.0003054683501305472,-0.0001895127794571661,-0.0003883604941652222,-0.0001546776541304133
2022-10-03,0.03250750788674206,0.004571720918729639,0.0006516514525871666,0.0002881445360253216,0.0008357842410472193,0.00028050297450523163
2022-10-04,0.035986508834643605,0.005304593932071346,0.001395847895032177,0.0005691035105010742,0.0017308366514630883,0.0005581548960745471
2022-10-05,-0.009089077848378424,-0.0014811024948337582,-0.0007207973083696497,-0.0002980515503358162,-0.0008515072968054009,-0.00028904845817622865
2022-10-06,-0.010148890654892107,-0.0015635919551829835,-0.0005730516243318722,-0.00021076058451754913,-0.0006741839625462402,-0.00019166384525499638
2022-10-07,-0.020621181847361503,-0.0030585354847864916,-0.000850906524736882,-0.00028038225258728857,-0.0009703001473275013,-0.0002274882064239224
2022-10-08,-0.006293351083869081,-0.0009623222236911527,-0.00033675988391559204,-0.00010760750759626866,-0.00037155019366935335,-8.103426132160747e-05
2022-10-09,0.00062782200270739,8.36930788873365e-05,4.650585315850351e-07,-4.774782740600308e-07,1.5574305892781466e-07,1.4771894707815702e-06
2022-10-10,-0.014101179777687989,-0.001972157439410204,-0.00025125186750283354,-8.755595515917445e-05,-0.0002643512418829656,-8.4716126589925e-05
2022-10-11,-0.006010219105050396,-0.0008381287512943399,-0.00010022607816189244,-4.004033493228305e-05,-0.00010390703378114672,-4.503898392851342e-05
2022-10-12,0.006178252718696209,0.000847682119007742,6.313545845463437e-05,3.1013355430147367e-05,0.00014464878572864037,9.616737906783225e-05
2022-10-13,0.01205424555487511,0.0016418996779873547,8.82062228901582e-05,5.115098778633224e-05,0.00019620154719777598,0.00014798585357643466
2022-10-14,-0.01083873427840365,-0.001476104003375534,-7.861970227583925e-05,-4.291591969607637e-05,-0.00013323702912811076,-8.98746147039955e-05
2022-10-15,-0.005622113656659766,-0.0007659662029840236,-4.166442587503845e-05,-1.641131906855378e-05,-5.450985624027822e-05,-2.707459245946247e-05
2022-10-16,0.01006167378339029,0.00136609363345173,6.074342162007537e-05,1.7891408176387928e-05,7.019805954694625e-05,3.4927032917937e-05
2022-10-17,0.015329449611065638,0.0020803829868955024,8.98252682889476e-05,2.536634974016641e-05,7.49521755281619e-05,3.4585086719527706e-05
2022-10-18,-0.011024902378828916,-0.0015008420603348964,-7.817263152245152e-05,-1.7529020332741375e-05,-6.904599069943393e-05,-3.27242533386469e-05
2022-10-19,-0.010818919372023172,-0.0014736203745626803,-7.91040857904244e-05,-1.693371379793452e-05,-4.827534750777112e-05,-1.6315394683637463e-05
2022-10-20,-0.00516295234310038,-0.000703473948252756,-3.84504562015049e-05,-8.716637431942527e-06,-2.636489346470448e-05,-1.4526505035377364e-05
2022-10-21,0.007434326133348934,0.0010090731638852223,4.4002996178996284e-05,9.856486219207263e-06,4.367383247269409e-05,2.5841381196342428e-05
2022-10-22,0.0017080766807053838,0.00023131469357536038,8.56878236271619e-06,2.164622032726003e-06,4.927497887589122e-06,2.1557022177511813e-06
2022-10-23,0.018627172861794605,0.0025204539145890956,8.722464701983909e-05,2.2421858719526765e-05,8.146826610741651e-05,5.282358345659975e-05
2022-10-24,-0.011446327352975572,-0.0015584974340754317,-8.200144649067981e-05,-2.0329262355349845e-05,-6.43263153425297e-05,-3.334181794201705e-05
2022-10-25,0.03895780893840661,0.005307442905338608,0.00028802400058082473,6.940119727923248e-05,0.0002885727428459162,0.00016196701964290246
2022-10-26,0.03493759953150777,0.008221495678498942,0.007271358791673349,8.08623606777888e-05,0.000465524350898414,0.00016528892868019812
2022-10-27,-0.024852379270265512,-0.005889485301117742,-0.004752785295963058,-0.0001402363934815386,-0.0006389341490095387,-0.00020739428400394272
2022-10-28,0.015997826620925082,0.003776384685093929,0.002791120712935063,0.00012764492343269026,0.0005298080913527277,0.00018866133148980592
2022-10-29,0.009671914666099735,0.0022876118790435573,0.001769288316777281,7.060182677904835e-05,0.00026645995007469093,9.827447492949073e-05
2022-10-30,-0.00899814672004895,-0.002138694491563246,-0.0018354518430639263,-5.006216460033071e-05,-0.00017315892294185716,-6.950244297826799e-05
2022-10-31,-0.006104040665116384,-0.0014546976132724509,-0.0013151344063610751,-2.7471855723737236e-05,-7.890702837547511e-05,-3.6757590553383444e-05
2022-11-01,-0.0003363280274337743,-8.077613671633723e-05,-8.369238329950085e-05,-1.9844917252873146e-06,-4.449543300277651e-06,-3.3219996870334976e-06
2022-11-02,-0.016387547631396382,-0.003917371068749384,-0.0037455351679939407,-4.943666023463989e-05,-0.00011802535599198125,-8.275236055631481e-05
2022-11-03,0.0024729962557819007,0.0005907649699286727,0.0005581480863703737,8.599444564306053e-06,1.1543100836344274e-05,5.793008199258577e-06
2022-11-04,0.04748630862867542,0.011355000576950547,0.010918253217908664,0.00014297309745313908,0.00024230963105587025,0.0001843848163994423
2022-11-05,0.005966120487151283,0.0014189842584648854,0.0012341184121530025,5.1076501014718445e-05,0.0011388789588108843,0.0008627020255999288
2022-11-06,-0.015818310580432926,-0.0037753505007624122,-0.0035085031268993015,-9.22522483903175e-05,-0.00350351125054408,-0.0019070997104287093
2022-11-07,-0.01805707137948731,-0.0043087879234271565,-0.003989078710070065,-9.412360673476721e-05,-0.003885422468373594,-0.0016393384721141734
2022-11-08,-0.09954967412276539,-0.023743052979420087,-0.021784164171775134,-0.0005436844839303539,-0.02075214429395842,-0.0070317910325030375
2022-11-09,-0.14916495777882277,-0.03523763499883766,-0.026503848179105217,-0.0030383828912255925,-0.032472676244421,-0.019035198140087625
2022-11-10,0.11316385595136103,0.026429908756363956,0.014552523132453128,0.0049932382926915165,0.024446324402075448,0.01716287019502674
2022-11-11,-0.03561311794705413,-0.008185875867902771,-0.002126021066451611,-0.004045901275933865,-0.007694096141418485,-0.00710851690553593
2022-11-12,-0.008607273455017106,-0.0019674424824865557,-0.00030668535461602086,-0.0014343636059483298,-0.0018103373476981459,-0.0018471692626561471
2022-11-13,-0.026876024819825428,-0.006170695911327245,-0.0014750349926023966,-0.0037808777570454803,-0.0050464185378400125,-0.005332167597383212
2022-11-14,0.018932024669708447,0.004331871312379186,0.0007581022060738202,0.003144230350496349,0.003678449230205014,0.003920257886654773
2022-11-15,0.013597261789084936,0.003114384015604352,0.000604329695234222,0.00231453052371325,0.002563244892920537,0.002795518918629635
2022-11-16,-0.011627442733707638,-0.002674341977500728,-0.0007265020287778408,-0.0018679087805397424,-0.0020067839748979985,-0.0022821715874309935
2022-11-17,0.0009347571331237425,0.00021485036624135288,5.565932145201987e-05,0.0001229406149089906,0.00010788648141262655,0.0001504287495679764
2022-11-18,-0.0008189455004978807,-0.00019383095778432755,-0.00015287062116999976,-0.00012571277218225872,-0.00012744757670639896,-0.00015388739185484744
2022-11-19,0.0020695047273702194,0.00048593204266470245,0.000313642948442815,0.00013482885797915368,0.0003109795816516221,0.0003411201005423876
2022-11-20,-0.026902207096377917,-0.006391490036556037,-0.005439197230124985,-0.001339536055443315,-0.004755205047437699,-0.0041684512035741845
2022-11-21,-0.028856513571822062,-0.006827828034255365,-0.005326968006499316,-0.001706554616862855,-0.005400391107677688,-0.004152935429085952
2022-11-22,0.02502671467980644,0.005884797735451615,0.003947951142950326,0.001778434353851265,0.004928390285862428,0.0033369627320194574
2022-11-23,0.024805238996002288,0.0058118953394436824,0.003530970750651102,0.0018767825931049256,0.004987270597119568,0.0031481967506818247
2022-11-24,0.0005709291244995196,0.00013246661840552988,5.727769592449033e-05,4.203734341739103e-05,0.00010979965437354513,3.673385547807448e-05
2022-11-25,-0.0036865244399477692,-0.0008717710062338853,-0.0006716052083235621,-0.0001835847541675805,-0.0006406564312869891,-0.0002487770398504944
2022-11-26,-0.004463487091396101,-0.0010611684593794188,-0.0009156238875261704,-0.00010327377852260855,-0.0005906090998692777,-0.0001451739126682267
2022-11-27,-0.0007642296181814556,-0.0001830193646320878,-0.00018074049401588135,-1.6423696176355664e-05,-0.00010391416702592381,-2.336002080795929e-05
2022-11-28,-0.013597492725650695,-0.0032480253987883043,-0.0030647964819628245,-6.677987869044929e-05,-0.0006485507648565104,-9.530003022918734e-05
2022-11-29,0.014214602717621982,0.003395263512653174,0.0032008083633263437,5.646954067037933e-05,0.0004777830593233964,7.409943298069226e-05
2022-11-30,0.044630555745524436,0.010661831110095896,0.010076607915305623,0.00016442442258891044,0.00120984097706109,0.00024191184423003636
2022-12-01,-0.012552142914380782,-0.002983436602040961,-0.0025606693071920407,-0.00013978997579915513,-0.0008200035397000718,-0.00019596937070759686
2022-12-02,0.006710416527240248,0.0015966377249796596,0.0013993828623346737,5.051927479166079e-05,0.0002989456267377678,7.011927166921325e-05
2022-12-03,-0.010284077983667594,-0.0024543420018306116,-0.002278222375264574,-5.10713070500299e-05,-0.0002971358622106853,-7.077454743061764e-05
2022-12-04,0.013148761932504138,0.003139805215204351,0.0029450789299634897,4.307694659479501e-05,0.00022389252164072462,5.658727124759393e-05
2022-12-05,-0.009366070861249742,-0.002237510800603429,-0.002115414510694699,-2.8205823956876647e-05,-0.0001293160963755768,-3.732335365402307e-05
2022-12-06,0.0064360460692740595,0.0015381482905342813,0.0014645475061621682,1.591031213555544e-05,5.612983515060834e-05,2.2441250702229898e-05
2022-12-07,-0.013020344905583348,-0.003113757610551619,-0.0029993029816474358,-2.824252957565796e-05,-8.762454710693036e-05,-4.2544814011046195e-05
2022-12-08,0.02274446642589223,0.005437993112044088,0.00521694352130322,5.4950277294601046e-05,0.00013142998000853913,7.714503041196074e-05
2022-12-09,-0.005531007923335718,-0.0013211967078821994,-0.0012467929014617872,-2.173112200574424e-05,-4.771624705409025e-05,-3.01008433579794e-05
2022-12-10,-0.0006964412574022028,-0.0001666954577447039,-0.0001630295764235998,-2.852240737558608e-06,-6.793637892746016e-06,-4.197492896390941e-06
2022-12-11,-0.0017433804127237051,-0.0004171228000152729,-0.0004052085712411833,-3.795068456256043e-06,-6.954552465911579e-06,-4.294087444775219e-06
2022-12-12,0.005917994767629997,0.0014157703020452653,0.001372363484063875,4.314511118037879e-06,1.714825149119869e-05,7.675322919626887e-06
2022-12-13,0.033694326635179905,0.008061545214802913,0.007828027501704374,2.2435995279599172e-05,7.780858652925908e-05,3.421324434169077e-05
2022-12-14,0.001958234303477191,0.0004669035059962621,0.00042593344867847277,2.4178386642075803e-06,6.49720953376055e-06,2.4121980455771445e-06
2022-12-15,-0.02614693099487786,-0.006250120491854939,-0.005972754335844636,-3.605495630013207e-05,-6.702115492288932e-05,-2.994963443179562e-05
2022-12-16,-0.042547391886637476,-0.010151514898221773,-0.00937835411066886,-0.00011140550062044978,-0.0002300211321929194,-0.00012853869650226944
2022-12-17,0.010133330047417788,0.0024002053897096264,0.0019166656954075752,7.271826578929708e-05,0.00012687569875746775,7.112206514072878e-05
2022-12-18,0.00010316653592390423,2.3713983437616317e-05,6.43614252261393e-06,-1.4225083653042804e-06,-4.055014434898341e-06,-1.8691051749848422e-06
2022-12-19,-0.020981289191513763,-0.005007001070190466,-0.004642934569666443,-7.97082280938895e-05,-0.00011355842559238864,-8.152784819463411e-05
2022-12-20,0.0290843722164853,0.006931473553071306,0.0062692641011602305,0.00015151417087382236,0.00020584944234818271,0.00016395218138035998
2022-12-21,-0.005992489795567657,-0.0014241376705322825,-0.0012192737051732174,-6.085430965180892e-05,-8.214494327537412e-05,-6.778619676290999e-05
2022-12-22,0.0008148317937299865,0.00019338909747632362,0.00016111808538742982,2.1041674794617337e-06,2.501540378569606e-06,3.0256191258540097e-06
2022-12-23,-0.002004588627184667,-0.00047930382358270826,-0.00046026455277335855,-1.091880579366855e-05,-1.556375384968762e-05,-1.405854241353982e-05
2022-12-24,0.00340246908413544,0.0008132326632550389,0.0007756422160261285,1.0150176421911047e-05,2.0412966043255177e-05,1.7806635918546966e-05
2022-12-25,-0.0007586109150977682,-0.00018156679834881398,-0.00017741425296674876,-2.646390577112008e-06,-5.275648619640917e-06,-4.608408037938723e-06
2022-12-26,0.0032748755419846898,0.0007834597845200205,0.000759552246507112,7.1222299317285614e-06,1.2352091653638746e-05,1.1005296132067056e-05
2022-12-27,-0.010724385007811255,-0.002566067625434557,-0.0024951659515552735,-1.4828817671823297e-05,-3.3595547189126556e-05,-2.2687385440731847e-05
2022-12-28,-0.009738184009776663,-0.002329608057739427,-0.002256968532331444,-1.0879305536590686e-05,-4.195428705174239e-05,-2.1429120580933765e-05
2022-12-29,0.0057025445880189984,0.001364020095253024,0.0013186718015993323,5.827145927189158e-06,3.047374126875317e-05,1.4442983418376882e-05
2022-12-30,-0.002219062547737183,-0.0005309172143066864,-0.0005154500998033042,-1.9188737931591872e-06,-9.999258894476436e-06,-4.273086977333438e-06
2022-12-31,-0.004186593289613572,-0.0010017380639246573,-0.0009739696538587058,-1.3436896033421715e-06,-1.2369242964562186e-05,-2.8246873112462495e-06
2023-01-01,0.004994744185872424,0.0011950940728243972,0.001161752684756924,5.311436906075893e-07,2.1764906851869707e-05,3.3834416828597595e-06
2023-01-02,0.004935777295688615,0.0011810046146312318,0.0011483884870103196,5.989263454814188e-07,3.107582184155195e-05,4.367021414951976e-06
2023-01-03,-0.0011170353423302082,-0.0002672827677718294,-0.0002599847943706305,-1.5255738738591584e-07,-7.2820504234816504e-06,-9.95091406003021e-07
2023-01-04,0.010695130644030382,0.0025591946636068625,0.002490636044991667,1.339417612365497e-06,3.4810926508410724e-05,4.290398173040514e-06
2023-01-05,-0.0013987027858922696,-0.0003346721198344856,-0.00032540393180800146,-2.9576970364115544e-07,-9.491275137206137e-06,-1.8152274335065031e-06
2023-01-06,0.007908687754406785,0.0018922753015812746,0.0018388214818502683,1.3734894563430553e-06,2.5205626600627484e-05,3.5994242385225438e-06
2023-01-07,-0.0008983257701544733,-0.00021494313555856762,-0.00020895392159610312,-1.5806595561344654e-07,-3.149981670417747e-06,-4.6550494294905157e-07
2023-01-08,0.0068827192152769445,0.0016468575320411996,0.0016013718840289372,7.165395927629495e-07,2.222269079805829e-05,3.475161023226222e-06
2023-01-09,0.007214852951068718,0.001726265940886127,0.0016775236932272358,8.123918103824934e-07,2.663832446852686e-05,3.963020890819666e-06
2023-01-10,0.014642654898661123,0.0035033854747974634,0.0034028052937879897,1.9101054618651696e-06,4.262633649182541e-05,5.9590159540211505e-06
2023-01-11,0.02293209195895618,0.0054845512519285655,0.005290485620639163,5.042325671156698e-06,7.566795140212092e-05,1.3395974341902446e-05
2023-01-12,0.05809187623374945,0.013877921867641613,0.013121359755625814,3.010733078390866e-05,0.0002716439237714209,5.657704776598964e-05
2023-01-13,0.05294307931987752,0.012554435408102766,0.010271185212195114,0.0001663517633741774,0.0009223643789046162,0.0002815603308564757
2023-01-14,0.05748723127470434,0.013443306372289042,0.007704835865660148,0.0006822082339284712,0.002833983634610865,0.0010308070118602516
2023-01-15,-0.0064211441704356,-0.0014815689235296173,-0.0004885335086580337,-0.0002750494812228097,-0.0007954926859633701,-0.00039160855867157433
2023-01-16,0.01458149394997954,0.0033821881515086784,0.0014417982819561325,0.00033984515215417855,0.0010716374442125676,0.0004724650621117761
2023-01-17,-9.974085082631312e-05,-2.4248164089175372e-05,-3.0501677417407333e-05,-5.332246807348412e-06,-2.206055075316376e-05,-1.009322219015364e-05
2023-01-18,-0.022127876438916005,-0.005213541999771291,-0.003680633100335406,-0.0002996291491533758,-0.0007156736804392025,-0.0003213289062467916
2023-01-19,0.01748771639691893,0.00410834990766042,0.00269044404078632,0.0003179654349088945,0.0006139872163120498,0.0003137739618959819
2023-01-20,0.07540319323778832,0.017743745286361974,0.01213954904659405,0.00145380427252071,0.002921200634780427,0.001853822464339424
2023-01-21,0.006286465682777687,0.001447852468006463,0.0004303628855526603,0.0003532225051802221,0.0005618315461648406,0.0004003516981621772
2023-01-22,-0.003810678706120396,-0.0008908101073006186,-0.0005052410472924666,-0.00017714749567073122,-0.0002780306349020372,-0.00020078209983723173
2023-01-23,0.009365429692506977,0.002202759616912049,0.0014875227687248336,0.00021625489805141782,0.00031310679094166184,0.00024241761549418874
2023-01-24,-0.013864436729357998,-0.0032844222266772095,-0.0026306216169836656,-0.00024785958086235855,-0.0003459477593984876,-0.00028555231391792763
2023-01-25,0.02202268126394502,0.0051914018588015065,0.004450777226387783,0.0005616925676881098,0.0050458889991353275,0.005141415568867164
2023-01-26,-0.00434439721271862,-0.0010238449739476121,-0.0008629157126282267,-0.00013931707707685398,-0.001019428240795279,-0.001043097774444617
2023-01-27,0.002686245196733106,0.000633672251618709,0.0005571629598382221,4.0049777794501835e-05,0.000661891641896745,0.0006637413896178856
2023-01-28,-0.0026738476733925154,-0.0006320531293343394,-0.0006054645720070488,-4.0081718021918904e-05,-0.0007343308723743664,-0.0007136940686592159
2023-01-29,0.03329971957690492,0.007872358244462727,0.007573490621798783,0.0003017015901771412,0.009160661385912901,0.00887076462134794
2023-01-30,-0.04103340716750292,-0.009690829148901537,-0.008949658954496556,-0.0008042522886857715,-0.01078661258853695,-0.010453672716472701
2023-01-31,0.014501445491281295,0.003415340603405667,0.002793601108015783,0.0005773773983214323,0.0033208428535059,0.003246253653617865
2023-02-01,0.02581709269704624,0.0060861686376545415,0.005200328458035262,0.000837823553244594,0.006256714304888335,0.00612161078064987
2023-02-02,-0.009339396983733983,-0.0021991924052642744,-0.0017835451465430267,-0.00041046378355379673,-0.002155219536596461,-0.0021268421651357036
2023-02-03,-0.00254371951250687,-0.0006002129860760965,-0.0005339784103449541,-8.819855627521605e-05,-0.0006453700155274507,-0.0006316737752701655
2023-02-04,-0.0038509558348311934,-0.0009098057295894755,-0.0008527293296985191,-7.832107230115111e-05,-0.0010287076498641265,-0.0009994120603176188
2023-02-05,-0.01705374665126902,-0.004030695599537767,-0.0038410855308630065,-0.0001962482248665622,-0.004642761963945471,-0.004501573892492279
2023-02-06,-0.00923718575128829,-0.002182910634278634,-0.002068039821380213,-0.00011676986989430835,-0.0025074562756563375,-0.0024317712331346397
2023-02-07,0.02291054673461468,0.005415653978291679,0.0051869957129773376,0.00023202384963620632,0.006295663463794617,0.00609435677942085
2023-02-08,-0.014127286822439133,-0.003338153837297726,-0.0031482925918478186,-0.00020651968154407802,-0.003825597057364615,-0.0037060261147007735
2023-02-09,-0.048801181396407434,-0.01153214361381245,-0.010908601319618474,-0.000654329873859265,-0.013295442614096185,-0.012880414369150429
2023-02-10,-0.009058133642742217,-0.0021358793052363334,-0.0018440002278644078,-0.00034046671322255034,-0.0022406454934557323,-0.002182751715102462
2023-02-11,0.011299234665262725,0.002666543888744772,0.0023869652961109014,0.00026102640867228176,0.0029179720516172986,0.00283675616288636
2023-02-12,-0.004240836894793487,-0.0010017610175685663,-0.0009329696550341993,-8.12495953720385e-05,-0.0011439704352278935,-0.001110796425791887
2023-02-13,0.0012207525235969907,0.00028835423266407854,0.0002682004192357507,7.844685197552536e-06,0.00032844633922356393,0.00031882650517286114
2023-02-14,0.019436894012730077,0.004595652381403675,0.004443630916099318,0.00015406579372581375,0.00539236283478331,0.005211989441995322
2023-02-15,0.09369809423581721,0.022149228911604837,0.021238010353583633,0.000974684707479023,0.02574424789267975,0.024884402907541032
2023-02-16,-0.023129936184587363,-0.005453300277657644,-0.004682705862376406,-0.0008740017615795258,-0.005548552792269608,-0.005378570590648877
2023-02-17,0.03642786706673973,0.008579400158696498,0.007017730745211864,0.0016838585608254953,0.008327221288366148,0.008069277956029375
2023-02-18,0.0011862725722764367,0.0002774901679720085,0.00015379720882954651,6.173654987759498e-05,0.00017835506068755497,0.00017524049731725
2023-02-19,-0.01094049726933366,-0.00257703411245418,-0.002121744594809979,-0.0005750236861647936,-0.0025221344434122194,-0.0024199121653317507
2023-02-20,0.01768180074057768,0.0041687754274238225,0.003578649426501639,0.0006539586935773509,0.004277026914276286,0.004088994190307415
2023-02-21,-0.01602775070143403,-0.0037796843057168994,-0.0032782314546125433,-0.0005880593259374141,-0.003972130193924226,-0.0038095811149124184
2023-02-22,-0.009698632458366774,-0.0022877793922163954,-0.0020085376339912626,-0.00033955992528457354,-0.002431828495876333,-0.0023179451825157855
2023-02-23,-0.01049940040697206,-0.0024791483620772645,-0.0022710321528818314,-0.0002789918755923165,-0.002746001210372611,-0.0026094280238097216
2023-02-24,-0.030707191811617962,-0.0072542109827793575,-0.0067798171138430206,-0.0006265297954296182,-0.008213129980222339,-0.0078056185716649865
2023-02-25,-0.0006907527066007946,-0.0001632772948330258,-0.00015621812300030654,-4.033561196909703e-05,-0.00018930031469223537,-0.00018082824560049582
2023-02-26,0.016506219089288843,0.0038989077875479406,0.003625259399501042,0.00031134004618635163,0.004405845030227792,0.004196618675818246
2023-02-27,-0.001610179889613983,-0.00038039494480778484,-0.00035585972252144137,-3.0919670507417993e-05,-0.0004350147053805481,-0.0004182130763144274
2023-02-28,-0.015241550508804824,-0.0036030790530993608,-0.0034601288724984765,-0.00016317502159241546,-0.004225461723299286,-0.0040790505826860815
2023-03-01,0.020077377688469733,0.004745815979053019,0.004540658614034365,0.00020007873122578277,0.005537641419430623,0.005360375336355487
2023-03-02,-0.005956360988083942,-0.0014076430581472853,-0.0013354430870703886,-7.095452639425053e-05,-0.0016423284279724996,-0.0015918223629722173
2023-03-03,-0.04771742784832467,-0.011280989216315738,-0.010858511250571568,-0.0003922690446464485,-0.013320566884145225,-0.012915756622523356
2023-03-04,-0.00070742291340542,-0.00016736719162208137,-0.00016579367870988247,-3.115385950296201e-05,-0.0002032798071252668,-0.00019667293547972464
2023-03-05,0.0038296222246889666,0.0009045140990361398,0.0008381778909224506,4.339588651673597e-05,0.0010253161276557114,0.0009959140568114233
2023-03-06,-0.00022809434166981557,-5.4055985955846606e-05,-5.70221071244151e-05,-6.457157794787184e-06,-7.012677863740572e-05,-6.741182849224091e-05
2023-03-07,-0.010709703798657322,-0.00253257252782099,-0.002462950329104463,-7.79174143921787e-05,-0.0030274031974396893,-0.0029301765675135327
2023-03-08,-0.021342563801259984,-0.00504689898037958,-0.00490533638212414,-0.00015321591060262074,-0.0059583512647162365,-0.005754673329831744
2023-03-09,-0.06228037855376034,-0.014722576438259477,-0.014122949981287294,-0.0006548687029448067,-0.016509444034769262,-0.015829575727646816
2023-03-10,-0.005376337972220702,-0.001268478708783922,-0.00112395974288901,-0.00020104683286474202,-0.001223927432330763,-0.0011613462532492362
2023-03-11,0.017036596133016557,0.0040228255633601275,0.0036887335245642445,0.00034761733631542683,0.0040881211950805725,0.0038650924559064568
2023-03-12,0.07193241928789496,0.016987439020449996,0.015658330433022043,0.0015088966463259045,0.01715923064208773,0.016145893200125407
2023-03-13,0.09464565160195315,0.022252338062500966,0.01672616082014127,0.00600055948817828,0.014838348555595524,0.013484011547369347
2023-03-14,0.025444131676650716,0.005934415710423663,0.00259579581938587,0.003372076177326149,0.0015678332362786278,0.0013895894985367393
2023-03-15,-0.014502626769054228,-0.003377959422134207,-0.001296539971053238,-0.002218279516175706,-0.000784478037728929,-0.0007048993227253728
2023-03-16,0.025950112229994104,0.006052313291435549,0.0026420416859126716,0.0036227251347084,0.0017054892291257888,0.0015238984854717185
2023-03-17,0.09612931702813987,0.022378629791319306,0.00811560032947321,0.015112554768134641,0.005173576332756788,0.004603292489040569
2023-03-18,-0.016935579648723387,-0.003922066512997228,-0.0005962464487877382,-0.0035161936403881626,-0.0003003254051047588,-0.0002654168294229339
2023-03-19,0.044448235201770325,0.010295134735929272,0.0016266138543047984,0.008993484297697947,0.0008226861768858071,0.000693116691933664
2023-03-20,-0.012448666996925706,-0.002877855040204769,-0.00022919216618237897,-0.002745403423811655,-0.00010723956026539772,-8.778042118919382e-05
2023-03-21,0.0121597635916042,0.002812766318349792,0.0002937773727554525,0.002601308065889177,0.00014500428753843245,0.00011009434495867647
2023-03-22,-0.02950498608390717,-0.006834553732655384,-0.0011037612203557432,-0.006097310626796037,-0.0006118597720341413,-0.0004436728746660733
2023-03-23,0.03826894769919842,0.008853116305470997,0.0009590495009572307,0.00822892172970387,0.0005813873614548662,0.000403146861721777
2023-03-24,-0.032540805687127916,-0.007519223447989113,-0.00045564615197425505,-0.007252219124682412,-0.00027819102775531075,-0.00019094005098451488
2023-03-25,0.000904086144481342,0.00020870088800509085,4.132747540903577e-06,0.00020102046512052274,5.943091073897974e-06,5.143357203817953e-06
2023-03-26,0.02038770893153319,0.004714092732344206,0.000412762843456406,0.004433702538998585,0.0003427441273563669,0.0002686408679612757
2023-03-27,-0.03188644269773122,-0.007374050250623767,-0.0006946804396397824,-0.006922561923985398,-0.0006031039052378144,-0.00047474390009786583
2023-03-28,0.004749292946718331,0.001097262960175845,5.9961846942192354e-05,0.0010372201601669055,5.8587911573146794e-05,7.112346719849002e-05
2023-03-29,0.04051201649796399,0.00937530826703355,0.001149920499701558,0.008198451621875696,0.0011254155977513738,0.0013090935161629276
2023-03-30,-0.012953245905806487,-0.0029936144067237423,-0.00020195498825401244,-0.0027742407751213576,-0.00020662689708311229,-0.00028587552831191873
2023-03-31,0.017597986520350384,0.0040693161734198765,0.0003673718372676716,0.0035551223094608133,0.0004595418141501742,0.0009587226063333488
2023-04-01,-0.0007055109511425739,-0.00016331189339443552,-2.1764301955670432e-05,-0.0001451547333935839,-2.8272708533182954e-05,-5.7551477403897046e-05
2023-04-02,-0.011671203371086403,-0.0027075068206948065,-0.0005993223160096395,-0.00192219231072984,-0.0007565413371683398,-0.0013664361783677584
2023-04-03,-0.011043892987838144,-0.0025667506517202295,-0.0007609672852461398,-0.0015346915240720166,-0.0009626511631143182,-0.0016013475006803925
2023-04-04,0.009442345498609006,0.0021988838178354266,0.0008266718271091242,0.0009799293058093607,0.0010452714923252816,0.001603948331936152
2023-04-05,0.0027158426522257972,0.00063396048721206,0.0002984123868759083,0.00016812370867689747,0.00037676582741100645,0.0005285473843354888
2023-04-06,-0.00501013014730145,-0.0011771709795154683,-0.0008552859927355598,-0.00024007564558461476,-0.001066024534998062,-0.001227813666399269
2023-04-07,-0.004002635290723866,-0.0009432037758958236,-0.0007913299072561384,-0.00010948833494132403,-0.0009783297252843003,-0.0010405887822623693
2023-04-08,0.000975308007347131,0.00022964097481856395,0.00018549449636009002,2.917033029334665e-06,0.0002297616513404697,0.00024919888351506586
2023-04-09,0.014080793120344381,0.0033262383210518145,0.0031017667507382213,7.030715727746468e-05,0.0037882901346932185,0.003810004012795983
2023-04-10,0.04689212750838245,0.011080214236497413,0.010450636123453764,0.0002099686720651974,0.012776743084811925,0.012767065060311182
2023-04-11,0.018847309679228985,0.004441667660532928,0.003740484267234834,0.0002447982291135975,0.004605740605271255,0.004890981695243088
2023-04-12,-0.011045436358223082,-0.002603338207804658,-0.002204027116304397,-0.0001591016166061504,-0.0027254132349990115,-0.0028709388630940007
2023-04-13,0.015305000219167253,0.003610801766989562,0.0031912104323162565,0.00017350351440863617,0.003957915674197379,0.004061866438279786
2023-04-14,0.0029023899684605947,0.0006849573718570656,0.0006136297367259727,3.165507063277853e-05,0.0007601554806769896,0.0007724984753964096
2023-04-15,-0.0038383088108634444,-0.0009071734743803228,-0.0008637404329199882,-3.3008544773750206e-05,-0.0010533317769535072,-0.001035161935600111
2023-04-16,-0.0009599959913668688,-0.0002270678509739993,-0.0002228444521728681,-7.475849466949948e-06,-0.0002701948676479272,-0.0002612483862676075
2023-04-17,-0.027823960164703787,-0.006579610061071375,-0.006396885030991627,-0.00015766536548408202,-0.007805525229574005,-0.007589457902894411
2023-04-18,0.03045070849936815,0.007196041820162882,0.006817369360520497,0.0003285584251785666,0.00836203100819316,0.008164199825698265
2023-04-19,-0.05170530130241524,-0.012206091735511033,-0.01107821152766075,-0.0010378210426674832,-0.013661130711985423,-0.013427033085005424
2023-04-20,-0.018941992693454313,-0.004455469035574073,-0.003425102225300982,-0.0010118061833822543,-0.0042641492373082035,-0.004300703210763878
2023-04-21,-0.03395440478324485,-0.007984101694613653,-0.006040242717900449,-0.0017889606673515527,-0.007581423986134419,-0.007657004664467751
2023-04-22,0.019622089723055902,0.004595824371104022,0.002772904014703836,0.0016277868982888587,0.00356872159781719,0.0037209962228656303
2023-04-23,-0.008008683377095593,-0.0018760960143006779,-0.0011446867164958971,-0.0006724236473299838,-0.001491846846037789,-0.001558154557389907
2023-04-24,-0.003060563794513471,-0.000719883541069794,-0.0005531318564546657,-0.00020283182465870365,-0.0006991416593692867,-0.0007034733723438638
2023-04-25,0.028433461759027834,0.006699970865507844,0.005610446478891427,0.0009471420831915406,0.0070018548620689,0.006934597265218369
2023-04-26,0.002880991282477874,0.0007723127921354812,0.0006439546252244408,0.0003783376012865936,0.0007753596134443826,0.0007699591680854646
2023-04-27,0.03809570456093625,0.011117941964062846,0.009946358286648926,0.007099566311090701,0.011483325374310828,0.011308871040016258
2023-04-28,-0.003894023191890583,-0.0011090307385341971,-0.0009150564220034791,-0.0006864274726279432,-0.0010890917679595093,-0.0010782566513721482
2023-04-29,-0.004405240288329448,-0.001285273800814742,-0.0011492285219372326,-0.0008525917348746319,-0.001307232872556082,-0.0012746005484160397
2023-04-30,0.004810575093647129,0.0014134585962819743,0.0012907103007726958,0.0010855672209219406,0.0014532807216112793,0.0014216697462875669
2023-05-01,-0.04247428388762031,-0.012640087016096745,-0.01197722450106365,-0.010299825162894115,-0.013409710069560281,-0.013124040538879776
2023-05-02,0.02047408027878439,0.005945203841183135,0.005235884234268164,0.004626159110352009,0.005972643591387404,0.005873440379077064
2023-05-03,0.01235463923390201,0.0035794671316135437,0.003129785160572872,0.0028083744911919267,0.003500087099083079,0.0034587935693482547
2023-05-04,-0.00651351517974863,-0.001908642415889796,-0.0017289070062141698,-0.0014743692404832933,-0.00194732813694495,-0.001918361593764252
2023-05-05,0.024158425319359633,0.007149758500026737,0.0066690741319709946,0.005452034625437866,0.00744396208682677,0.00730492754971607
2023-05-06,-0.022113059159411197,-0.006498705142512328,-0.005938474756959139,-0.005067274534680134,-0.006498472725720105,-0.006386438146969938
2023-05-07,-0.004765643091624194,-0.0013955413923164813,-0.0012615472347641372,-0.0010568320816554955,-0.001384743379176215,-0.0013610563839887015
2023-05-08,-0.0359662899896096,-0.010660729531586016,-0.009988192401723413,-0.008942853367326052,-0.010954551454931953,-0.010769631113378824
2023-05-09,-0.003060425807021039,-0.0008950679664577567,-0.0008059247953586466,-0.000700820198445876,-0.0008833169121549498,-0.0008717169436516274
2023-05-10,0.0001293950298815183,3.3508936107194166e-05,1.8257170346212215e-05,2.6698820019672656e-05,1.7433825910553433e-05,1.866337132121747e-05
2023-05-11,-0.023863622924511274,-0.007114984177586217,-0.006777241409617576,-0.005305117602651819,-0.007494234137591649,-0.007338978616145185
2023-05-12,-0.00789018631308902,-0.0023399755145229175,-0.002195689723316324,-0.001982005194035645,-0.0024550207231186696,-0.002406735171102139
2023-05-13,0.002541853990689402,0.0007560719412093515,0.0007154323015849194,0.0006427147078939771,0.0007943147401940122,0.0007791391156605701
2023-05-14,0.0028636103719927863,0.0008563190596057563,0.000822344950720009,0.0007395773878340121,0.000909607909643775,0.0008923344806082451
2023-05-15,0.011641168065997798,0.0034939892579857025,0.0033892110073284808,0.0030294008491876015,0.0037709634933378025,0.0036969107383640577
2023-05-16,-0.007561188303291111,-0.0022689557467036794,-0.002199699742036314,-0.0020650643751712384,-0.0020320652031466896,-0.0018440767150249648
2023-05-17,0.01388772990399234,0.004170590036079573,0.0040515724281360915,0.0039321737492257584,0.003972769179853237,0.0036716383244977287
2023-05-18,-0.020357215806349416,-0.006106114197656753,-0.005912771170908354,-0.005688326135476743,-0.006066053914218013,-0.005747148675041668
2023-05-19,0.0017236572840610975,0.0005141806605355166,0.0004904899065680067,0.000502961626052659,0.0005131791529227794,0.0004884155239119871
2023-05-20,0.007860117436075953,0.0023563640519002867,0.0022784373406490466,0.002423196313473727,0.0024340947914895184,0.002376588917141016
2023-05-21,-0.011946503731984248,-0.0035864228303821716,-0.0034809383542380857,-0.003661102154304189,-0.003802903966150456,-0.003745062460705471
2023-05-22,0.0030488472350060913,0.0009148397030281325,0.0008867692364732151,0.0009678637583226313,0.0009746198671459665,0.0009621290182749136
2023-05-23,0.01370573798051522,0.004118166753723436,0.004006463014662211,0.004448845650398509,0.004443033094383008,0.004390923412139034
2023-05-24,-0.0325202893700175,-0.00975885228430388,-0.009461471104342038,-0.010342266778781996,-0.010510322256786593,-0.010417291347873775
2023-05-25,0.005444096059889381,0.0016138825376371376,0.001512656932595162,0.0015016229246767067,0.0016883643824310189,0.00169852271697957
2023-05-26,0.008893688613915929,0.002654962582209576,0.002537621193169523,0.00253039878910909,0.002841481756512502,0.002825772250634516
2023-05-27,0.005020757339765369,0.0015024747831613304,0.0014457502944729868,0.001426364442365468,0.0015801743492863639,0.001565208350464977
2023-05-28,0.04628568348447115,0.013887559690136695,0.013458923678644425,0.013379185038281704,0.014847991124204813,0.014670770353691161
2023-05-29,-0.011831942579022314,-0.003483818935181237,-0.003201277052815327,-0.002963235014824732,-0.003533363073836832,-0.003559359021431412
2023-05-30,-0.0018937924336981382,-0.0005624481365748017,-0.0005299656714886096,-0.00046494442377280045,-0.0005790377595604549,-0.0005753539431250189
2023-05-31,-0.01785506456210828,-0.005329627025155499,-0.005092793616484561,-0.004380762460463961,-0.005665469563275553,-0.0055995313514925074
2023-06-01,-0.014413861356130209,-0.004295107923865484,-0.004084811422750022,-0.0034817044023887638,-0.004585598151780673,-0.004527175017995736
2023-06-02,0.016024257167045697,0.004779023531702633,0.0045557458533956275,0.0037956562891056597,0.005148882064669601,0.0050710518201501605
2023-06-03,-0.006450855221057039,-0.0019228277326899855,-0.0018302002435125766,-0.0015220757955453452,-0.0020416359478532494,-0.0020036033963276778
2023-06-04,0.002911662760488598,0.0008701350500082368,0.0008341568250937957,0.0007311101207314425,0.0009307753207180812,0.0009125488000222659
2023-06-05,-0.050533552582165964,-0.015164635912240319,-0.014703241752848237,-0.013117578149408315,-0.016331129080812162,-0.016004764115220164
2023-06-06,0.055376066807665714,0.016279869172904627,0.01489207724494876,0.011300876458146245,0.015508526697357862,0.014883323918770223
2023-06-07,-0.0321231300484075,-0.008998145290040064,-0.0069846994456508596,-0.005263633282263151,-0.006696137639855849,-0.006336944042401556
2023-06-08,0.006914103338601318,0.001869936073093946,0.0012476783953955955,0.0012040907217790412,0.0011529189791740554,0.0011734820074072191
2023-06-09,-0.0019235582489530723,-0.0005499080878654206,-0.000460664511272285,-0.00035960566203773164,-0.00046358239010976305,-0.0004608148397483478
2023-06-10,-0.02294855224471881,-0.00664893574395017,-0.005814377158474121,-0.004214648599946331,-0.006018513646542876,-0.005936390908176561
2023-06-11,0.0016863449857942303,0.00048379362393584564,0.0004095357739105278,0.00029358742756144067,0.00042564234656672264,0.0004169064471690219
2023-06-12,-2.941936672273826e-06,-6.744246221651685e-06,-2.2373713302618534e-05,-6.3574386926346365e-06,-2.6058634586582792e-05,-2.2012192001143183e-05
2023-06-13,-0.000999429109254657,-0.000300451229398101,-0.00029280992798116744,-0.00018981493940344773,-0.00032335603814864295,-0.000314120722188345
2023-06-14,-0.03026462778321959,-0.009051748950277787,-0.008696837448263278,-0.005667900472031826,-0.009517946284480853,-0.0092432128775348
2023-06-15,0.01839053210720909,0.0054409005564752195,0.0050702635868951455,0.003124191378153168,0.005586267016651047,0.005409530964722098
2023-06-16,0.030230933607334087,0.008935019445592917,0.008302328383602078,0.006171482947832699,0.009080451223440941,0.0087797382639959
2023-06-17,0.00692512915781518,0.0020095147011841286,0.0017659361017834914,0.0016475195896282105,0.0019256730506949998,0.001874490383291007
2023-06-18,-0.006042378788964187,-0.0017855272895599896,-0.0016582354496710169,-0.0016437666141610673,-0.001826739145613835,-0.0017921718581926105
2023-06-19,0.016092485358770503,0.004784574348376489,0.004521785553556424,0.004315247349956753,0.005003706300921805,0.004911006303263484
2023-06-20,0.05703762033105142,0.01696310555741215,0.016044400099459313,0.014929797207221335,0.017745197756576996,0.01747207704669645
2023-06-21,0.06338343909547839,0.018119010351045572,0.015151394138792183,0.013102458132497824,0.016595457119420027,0.016694256743104315
2023-06-22,-0.004883934594152484,-0.0013147045088803776,-0.0008548042430094731,-0.0008050204600985641,-0.0009163184565341377,-0.0009511334475083421
2023-06-23,0.02289766194315135,0.006314927297366787,0.004601796867629789,0.003719270334221622,0.004924879904962957,0.005011166508519317
2023-06-24,-0.002915870672853038,-0.0008008851826657183,-0.0005734929372699577,-0.00045856786342854486,-0.0006198851694509523,-0.0006295353784663636
2023-06-25,-0.0026703287578337953,-0.000769016105598513,-0.0006601101746866872,-0.0004593612383251191,-0.0007256522921345869,-0.0007191003169729822
2023-06-26,-0.006943617309960626,-0.0020303050228805334,-0.0018273687333271883,-0.0011912356410989854,-0.0020186028779270136,-0.001984308372499539
2023-06-27,0.013590419033589596,0.004008969448844917,0.0037039836741800773,0.00243787501273674,0.0041079307465050376,0.004021908620591152
2023-06-28,-0.018359527255629726,-0.005440608860265806,-0.005093821459120259,-0.0032697133033912315,-0.005653601268825413,-0.005507277817408286
2023-06-29,0.011850557850035859,0.003508687462041264,0.003276798276942933,0.0020455091910651646,0.0036394963646755566,0.003529056452428228
2023-06-30,0.0007783868160640139,0.00023021751538807568,0.0002143443483986464,0.00013405202101779364,0.00023822108753038127,0.00023124970060856167
2023-07-01,0.0031880364574585762,0.000951641394723942,0.0009094225681726242,0.0006570695020479291,0.0010089656939383062,0.000979047021914883
2023-07-02,0.0004096408212288516,0.00012198660992465473,0.00011580691462999378,3.31771353176402e-05,0.00011403473808800266,0.00012203315898742289
2023-07-03,0.017687693558770867,0.00531423400526499,0.00516906532137419,0.005595301958904,0.005595920285620486,0.0055684891743332035
2023-07-04,-0.010772644650473673,-0.0032284707507557148,-0.0031190017959459807,-0.0035064744988027477,-0.0033891036419874585,-0.0034047998669605893
2023-07-05,-0.009809280617086968,-0.0029413313703476403,-0.002845721515068881,-0.003144797144423873,-0.003119325458686737,-0.0031253920601625753
2023-07-06,-0.016987846431793407,-0.0050973122871031794,-0.004940711822827891,-0.00538294932167261,-0.005466333598425195,-0.005445001855537349
2023-07-07,0.011679663940423968,0.0034970305748300437,0.0033698975758132306,0.003587309272753184,0.00373261072356071,0.003725233977290131
2023-07-08,-0.0021847543751456477,-0.000654587211816812,-0.0006319594989361578,-0.0006776415683798755,-0.0006970738349477859,-0.0006957858113393031
2023-07-09,-0.0033174676045382157,-0.000996804135999987,-0.0009697789704365783,-0.0010813022417375067,-0.0010766253639630271,-0.0010675694284776086
2023-07-10,0.007672739056019839,0.002306065617577402,0.0022451711034635023,0.0025055483082138115,0.0024883204755186926,0.0024684171911182346
2023-07-11,0.007290476210674468,0.002191412203338177,0.002134162732479954,0.0023658855554026127,0.0023583882060873636,0.002341845797386799
2023-07-12,-0.007533199878314689,-0.0022645039030020878,-0.0022056899442257213,-0.0024359611776098434,-0.0024310575211268235,-0.002415972210008606
2023-07-13,0.03452709118608621,0.010379872433436424,0.010112677713310808,0.011077822943177407,0.01126695577947818,0.011141927340747242
2023-07-14,-0.03575864193559419,-0.010628550310218492,-0.010036508799305508,-0.010476917387127383,-0.011318156530455922,-0.01134384670451856
2023-07-15,-0.0006526224358255339,-0.00019573324761779803,-0.0001895517031624105,-0.00020234888983323111,-0.00021200316819738104,-0.0002104239477910067
2023-07-16,-0.0013574255900726806,-0.000406253872138614,-0.0003911706235726938,-0.00035580118611075446,-0.00043488862284550724,-0.00042970992325035937
2023-07-17,-0.0035050408982718606,-0.0010485402821317684,-0.0010080606012139817,-0.0009468371253808716,-0.001123512192953174,-0.0011112026903763775
2023-07-18,-0.010217670489290231,-0.0030630683848763716,-0.002961624594028532,-0.0027748352417443604,-0.003292910849054051,-0.003247705615318588
2023-07-19,0.002590250410970718,0.0007766004488730108,0.0007511180042496414,0.0006932761298021569,0.0008346132552038049,0.0008222146064857412
2023-07-20,-0.003591174008258924,-0.0010793616754798084,-0.0010509217599536929,-0.0009649199884907677,-0.0011652504165136305,-0.0011446324660091484
2023-07-21,0.0038277000375854797,0.0011506261402782843,0.001120760756209879,0.0010318699813780343,0.0012420296577449876,0.0012198247648082642
2023-07-22,-0.00647345752530426,-0.0019471979619683842,-0.0018998950502096658,-0.0017546754189860115,-0.0021039079750203387,-0.0020648423939525103
2023-07-23,0.011456728482204692,0.003445876643926851,0.0033614504056975847,0.0031081980691216237,0.003714863910822608,0.003646000370656517
2023-07-24,-0.02954153638687651,-0.00887612789137007,-0.008634779622783948,-0.008965982575627815,-0.00955612804574971,-0.009412848901675713
2023-07-25,0.001470101454312811,0.00043572784654163167,0.00040821916050104396,0.0004523445576387039,0.0004520838388040504,0.0004571193319729142
2023-07-26,0.00480256256750522,0.0014299917660744556,0.0013848588281475803,0.0015627175146014994,0.0015608159244626999,0.001617456828096308
2023-07-27,-0.005446068517686364,-0.0016243215311757416,-0.0015885636005580823,-0.0017786304223093648,-0.0017908626656801027,-0.0018770578088880478
2023-07-28,0.0039253403223775685,0.0011710897832463312,0.00114651645382411,0.0012757962909164596,0.0013004345405470189,0.0013458019433860804
2023-07-29,0.0015030233822315164,0.0004485578298318301,0.0004396672284135161,0.0004916303109491249,0.0004995896735737441,0.0005211575734851228
2023-07-30,-0.003322145627783768,-0.000992153833329131,-0.0009750246803701156,-0.0011013842612354252,-0.001105243537897518,-0.0011834853524310999
2023-07-31,-0.0014700059804264587,-0.00043906915256701777,-0.0004316836603966544,-0.0004870427864496868,-0.0004893295678704082,-0.0005227960260969901
2023-08-01,0.009574574654735102,0.0028598180372723823,0.0028118342377454635,0.003179527920670236,0.0031773536203310976,0.0034162951563726043
2023-08-02,-0.012082730855044077,-0.0036073148273533654,-0.0035407997927192156,-0.003968963130485926,-0.004022756289225623,-0.0041945074677063685
2023-08-03,0.0016879745825133519,0.0005034707961923489,0.0004924689391914876,0.0005478384477978187,0.0005473435426493308,0.0005688020933473946
2023-08-04,-0.004627638468209683,-0.0013817046166240427,-0.0013566505293307416,-0.0018612435550500815,-0.0015246787506273632,-0.0025633138192142696
2023-08-05,-0.00014308118310180085,-4.278352782574839e-05,-4.2234376839783475e-05,-5.5622585665024104e-05,-4.843012177086846e-05,-7.812189277909598e-05
2023-08-06,-0.0001739012603577672,-5.20034544012047e-05,-5.135116477649638e-05,-6.97465905630754e-05,-5.9904544751280225e-05,-0.00010192584243242728
2023-08-07,0.004004237341491912,0.0011960230696709724,0.0011759637303931695,0.0015706480039228252,0.0013319538167643153,0.002148948381364287
2023-08-08,0.021092622173301656,0.006299957536059058,0.006193632743530134,0.008285228625267769,0.007051859172216482,0.011419274081376784
2023-08-09,-0.006600751230300683,-0.0019671325424292134,-0.0019181103419399635,-0.0024067093515884323,-0.0021337834386518984,-0.0028715895479277565
2023-08-10,-0.005164608519215963,-0.0015404042014719175,-0.001506600836095522,-0.0018489812903925754,-0.0016904103232747967,-0.002152044761326902
2023-08-11,-0.001032110332141789,-0.0003081987012857362,-0.0003027358261666484,-0.00036906673134327964,-0.0003406871162916849,-0.00042982444563402294
2023-08-12,0.0005424924916712648,0.00016181253391613375,0.0001582901705337133,0.00019030873842558647,0.00017673959388377148,0.00021512207161970788
2023-08-13,-0.004406359246013181,-0.0013160272712290596,-0.0012935756661756228,-0.0016537635700830183,-0.0014688600768672088,-0.0020748209490312752
2023-08-14,0.004194960333306907,0.0012528522625070656,0.001231343359612451,0.001559104773286506,0.0013972582733921175,0.0019266430552022167
2023-08-15,-0.008207512270703599,-0.002451242219521162,-0.0024092140418991055,-0.003054957629997981,-0.00265345502041048,-0.0037296939294508592
2023-08-16,-0.014169998492609137,-0.004231016381020953,-0.004154967488660052,-0.0052060571569398275,-0.004611838864633282,-0.006280241601858025
2023-08-17,-0.07281450893551211,-0.02172098362718978,-0.0212559361461401,-0.025639687981906866,-0.023728280263336517,-0.029007590466320014
2023-08-18,-0.023375233501700343,-0.006881517253636967,-0.006401365460002519,-0.0038536041615777343,-0.006851008871056588,-0.0025640984156563495
2023-08-19,0.002174411992406977,0.0006354022910829053,0.0005734695764862667,0.00031574102864490424,0.000604484913987742,0.00022720632728306911
2023-08-20,0.0031612789811630293,0.0009316346942903804,0.0008702275764041218,0.0004998778151437856,0.0009393293142052109,0.0003944147714113996
2023-08-21,-0.0018171718427359984,-0.0005412041133585545,-0.0005264965140755232,-0.00029847102880127427,-0.0005886312062071058,-0.00024149380618081065
2023-08-22,-0.005767380017314139,-0.0017186471565979558,-0.0016753652616677234,-0.0009452409072640753,-0.0018562235371856713,-0.0007856511032313718
2023-08-23,0.01824544117837168,0.005440498673900867,0.005315990794763802,0.0029603193825573303,0.00595139587734009,0.0023564785433911888
2023-08-24,-0.012301409107277617,-0.0036620316050550747,-0.003556317983800315,-0.0018574298042078913,-0.0039649729426642424,-0.0014655715214951356
2023-08-25,-0.0032883130218362977,-0.0009791964265008638,-0.0009519887730260739,-0.000499304360387201,-0.0010653048969356343,-0.0003872802081357169
2023-08-26,-0.001332795718542834,-0.0003979089304530265,-0.000390578034421557,-0.00021459073341821623,-0.000435810821289799,-0.00018074903199571536
2023-08-27,0.0030833900896152233,0.0009200261223206046,0.0009011708446493359,0.0004909991191025219,0.0010133037629968585,0.0003919888006186209
2023-08-28,0.0006484351493500906,0.00019349678527836675,0.00018958845721032733,4.7274470076861614e-05,0.0002138904916993218,1.2381270013778943e-05
2023-08-29,0.06010531103930972,0.017950349026568904,0.017640397045877484,0.022256503672460792,0.019938930759817498,0.02709376900376138
2023-08-30,-0.013487328527597486,-0.003982833771792342,-0.003750319731874091,-0.002973216814161867,-0.004137966674844252,-0.0025491897832567046
2023-08-31,-0.04923738215583273,-0.014562549492323234,-0.01379619106469547,-0.010183209865878111,-0.015296448059662508,-0.008281627473452683
2023-09-01,-0.005859327504442291,-0.001702736279917198,-0.0015007444818429753,-0.0008954104195756075,-0.0016160203900614147,-0.0005942570748166155
2023-09-02,0.0025387786177033522,0.0007409075559460032,0.0006649577031227809,0.00038757645310708917,0.0007255708276239105,0.0002575237859378176
2023-09-03,0.0036435129320531168,0.0010753081399655822,0.0010102067640159061,0.0006013849310300896,0.0011253755202474802,0.00046010526972024645
2023-09-04,-0.006279117313405247,-0.001867111603823258,-0.0018054869802876428,-0.0010667815142603005,-0.0020298843087090844,-0.0008665607938649894
2023-09-05,-0.0006652628884153966,-0.00019876042489889084,-0.00019562624071758016,-0.00011318442451234705,-0.0002238989814026905,-9.294752575313159e-05
2023-09-06,-0.0010694114112501651,-0.00031941960827602817,-0.00031405706902189385,-0.0001826946858650779,-0.0003536494843613805,-0.00015358986376933444
2023-09-07,0.017698233660155882,0.005282496499227896,0.00518028001494157,0.0030046797045267413,0.005873330948518741,0.0024120976356363827
2023-09-08,-0.011671090997568911,-0.0034779780577829356,-0.0033905874171935666,-0.0018381050248174257,-0.003837160096907154,-0.001412980223392431
2023-09-09,-0.0003890265408473814,-0.00011597430205003945,-0.00011322190454830494,-0.00015507366210367049,-0.00013032269263017182,-0.00015336404592059924
2023-09-10,-0.0024389551150266753,-0.0007280492227960613,-0.0007142508761663267,-0.0006114600840792858,-0.0008067421211669665,-0.0005444116587410388
2023-09-11,-0.02696035273372066,-0.008048770922192122,-0.007899361222541324,-0.01004119968281448,-0.00892380365032612,-0.012008433159779477
2023-09-12,0.028830765601541186,0.008571872129983399,0.008285158373293647,0.009211950644200016,0.009264233685191754,0.009119401664657344
2023-09-13,0.014198344141335362,0.004191196000025545,0.003940716715063753,0.0038236761731761963,0.004378222276237625,0.0031776827692023093
2023-09-14,0.012551640038851453,0.003711398396030936,0.003512771750262178,0.0033993132611214783,0.00391084836011321,0.003051189066262204
2023-09-15,0.004389173391378343,0.0012998373890925783,0.001237628019788515,0.001170220388483823,0.0013868636254105958,0.0010442310013748933
2023-09-16,-0.004385770721122451,-0.001305247814862868,-0.0012662674559141417,-0.0011877550886616542,-0.0014210574602162777,-0.0011125034949997568
2023-09-17,-0.0020034912367802304,-0.000597615140818695,-0.0005846874120804727,-0.0005407262456267244,-0.0006569455555848957,-0.0005025587190129528
2023-09-18,0.009893423606347262,0.002951269253465929,0.0028880980751676186,0.002779905402933209,0.003253292973294092,0.0026406807938024425
2023-09-19,0.016828872516928772,0.005020098393769077,0.004912436040801596,0.004753704003522322,0.005545794172197584,0.004474129856106366
2023-09-20,-0.003000059150957246,-0.0008940297366879593,-0.0008716155770071431,-0.0008155243062979233,-0.000983552790194123,-0.0007407991362057004
2023-09-21,-0.020705416738089344,-0.006176151831287688,-0.006042504169075065,-0.005639868180443116,-0.006780642051234702,-0.005272269180304495
2023-09-22,0.00035949364692444696,0.00010629766128529551,0.00010061579490485037,9.677779596351472e-05,0.00011155620735631823,7.601244487449428e-05
2023-09-23,-0.0002020689660612307,-6.080895597069029e-05,-6.142756624768113e-05,-0.00011776915046095491,-7.28842770564599e-05,-0.0001628428894229227
2023-09-24,-0.010879657234010742,-0.003247169593722797,-0.003183810309777429,-0.003714379215593377,-0.0035910349871297142,-0.00409260852261546
2023-09-25,8.249253978753757e-05,2.453090080770454e-05,2.3727195496019724e-05,2.6905258845148702e-05,2.6994979532906626e-05,3.0637386025566735e-05
2023-09-26,-0.0035859977799755915,-0.0010707527772612026,-0.0010515453477249579,-0.0012368431968354634,-0.0011873640452560819,-0.0013847989805509918
2023-09-27,0.005403596346653883,0.0016135206688938678,0.00158474317903846,0.0018610865083264518,0.001796825236443932,0.002080961092400888
2023-09-28,0.026478609400863773,0.007906820415391817,0.007766789998531688,0.009074761575550191,0.008818825977595927,0.010079070436847748
2023-09-29,-0.004519366878863895,-0.0013452119378688223,-0.0013057640721557064,-0.0014016915937468297,-0.0014835532266116258,-0.0013566375797347176
2023-09-30,0.0024689241507409587,0.0007351029446409128,0.000714330826160795,0.0007732099884281865,0.0008095086743831736,0.0007647019928391045
2023-10-01,0.0360465231584175,0.010753543664971601,0.010525694303865917,0.011644293355222884,0.011910490345193108,0.012197338087902077
2023-10-02,-0.013747909324122176,-0.004071787363398809,-0.0038783360259022712,-0.0036964438087762497,-0.0043891425339693,-0.0029560064344347397
2023-10-03,-0.004597967246736223,-0.0013634048923369063,-0.0013045109584122353,-0.0012325803895821296,-0.001485084221814611,-0.0010625189638353042
2023-10-04,0.013051025212368117,0.003881237737871151,0.0037548559207945574,0.0035423047217712717,0.004261831028323719,0.003247468234742049
2023-10-05,-0.013343264825501855,-0.003969633129523079,-0.0038457832072754557,-0.0035577967554921413,-0.004378599283030629,-0.003177463990262219
2023-10-06,0.018800109227767425,0.0055941964649877645,0.005423829349246076,0.004852327477357098,0.006155461999794235,0.004288679660515906
2023-10-07,0.0011018622391094635,0.00032665905754503555,0.000312300342099909,0.00024954837514878193,0.000349001030666477,0.00021201590141836405
2023-10-08,-0.0013021763201626069,-0.00038867624276971494,-0.000381192077279672,-0.00033674718050684995,-0.0004300275564703693,-0.0003108885011216958
2023-10-09,-0.012348773151400705,-0.0036837464287243393,-0.0036050119921055826,-0.0034482581175646508,-0.0040728584722479816,-0.0032507032630651866
2023-10-10,-0.006217513882598502,-0.0018540101825112762,-0.0018117506640784491,-0.001682482407463576,-0.0020484398640955937,-0.001535208975152351
2023-10-11,-0.021576549432603898,-0.006437958203080231,-0.0063057231637773025,-0.005839323912460964,-0.007121811297909084,-0.005411802258950946
2023-10-12,-0.0032365965932402707,-0.0009640145113467291,-0.0009380175311254838,-0.0009718604354167204,-0.0010633659901994254,-0.0008026623888241224
2023-10-13,0.003780893888634562,0.0011267082360744848,0.0010984118810702717,0.0011737414337140936,0.0012498049824052257,0.0011332281254200992
2023-10-14,0.0007280434394756341,0.00021698969186495783,0.0002116578391095881,0.00023008138290534473,0.00024120244026723148,0.00022935884907003038
2023-10-15,0.00998874168554198,0.0029820405281048364,0.0029266538858313436,0.003264045407727725,0.003312536332900504,0.0034514708529243252
2023-10-16,0.05073613725362658,0.015141436333976735,0.014840946689454964,0.01680891830923518,0.01678893839812485,0.017858766270775917
2023-10-17,-0.0025814380515086777,-0.0007648879705859498,-0.0007297182888450408,-0.0006788433302939111,-0.0008175279947473658,-0.000630205944538728
2023-10-18,-0.0036974422021001097,-0.0010989469935400356,-0.0010608862156325834,-0.0008957722934984883,-0.0011809636036612132,-0.0008073644301073389
2023-10-19,0.012788833034874658,0.00380584200256624,0.00369128531551983,0.003044913212635458,0.004123875160705067,0.002693511248128
2023-10-20,0.03536474953250601,0.010526779427690017,0.010219182991447105,0.008248138535592283,0.011320206141329827,0.007259312177464179
2023-10-21,0.007324058046902282,0.0021567189015050704,0.002008417184567962,0.0012990001327155035,0.002168464611347755,0.0009409609139081807
2023-10-22,0.0020590799466571053,0.000608692523845412,0.0005755300808330774,0.0004085133362426258,0.0006305126346404239,0.000320084484147409
2023-10-23,0.0990526263169349,0.029464246577033178,0.028530447113550045,0.0214169358422262,0.03192713737168478,0.01821746910860663
2023-10-24,0.028123531324302453,0.008184673852520658,0.007260344145147726,0.002514686520730681,0.007668543297384551,0.001546858728765693
2023-10-25,0.017936396353818385,0.004947227606117401,0.0040486103804485895,0.0010932981696682783,0.00461425839177721,0.0009177933400841886
2023-10-26,-0.008906309451168215,-0.0024621717602767686,-0.002015773947198968,-0.0006091148157851604,-0.0023003477777280633,-0.0005453506618468855
2023-10-27,-0.008324789384449915,-0.002329287101817715,-0.0020598319073646815,-0.0007728743335221,-0.0023916235295574134,-0.0007633806425403108
2023-10-28,0.005742421375919404,0.0016149169749478639,0.001471884952254423,0.0005465671701540288,0.0017221917272897702,0.0005460731634066719
2023-10-29,0.01416034575092251,0.004009092839781857,0.003796496044387186,0.0014249939850742802,0.004479591889946623,0.0014444784982743538
2023-10-30,-0.002291662114349613,-0.0006496161797583372,-0.0006193624053282575,-0.00021668149829463283,-0.0007364390174610169,-0.00021662255160865873
2023-10-31,0.004096855274581479,0.001163947974021714,0.0011234178595496407,0.000429052921847625,0.001334101642134511,0.00043122907085349184
2023-11-01,0.02296867952437842,0.0065403020587047256,0.006389301907401146,0.0025961159762847457,0.007592630210684423,0.0026363068425821444
2023-11-02,-0.015496230384843379,-0.004401459649045809,-0.004242276814783934,-0.0013265106214398765,-0.005028474641843526,-0.0013867164192609624
2023-11-03,-0.005008051777323108,-0.001421737322922843,-0.0013665584523386623,-0.0012468297271647194,-0.0016312565484429419,-0.0010159404893364252
2023-11-04,0.011030655131020417,0.003137578253031036,0.0030475435177998492,0.003544017782284347,0.00361318475984983,0.0032724324440143973
2023-11-05,0.000397984952556385,0.0001131690097785759,0.00010974224177471352,0.00011830634588132964,0.00012950899254423457,0.00010541274881707555
2023-11-06,-0.0024875879104560017,-0.0007091346122639498,-0.0006969003123611799,-0.0009377073042912929,-0.000830455561233141,-0.0008996964226068247
2023-11-07,0.011444542854168072,0.0032624796314697675,0.00320615227234341,0.004304298234091803,0.0038256072978249656,0.0041482594888682086
2023-11-08,0.010712423350528466,0.003052561708712374,0.002993570884953678,0.0038691236440211965,0.0035832559566092905,0.00376539072156414
2023-11-09,0.02451071030727836,0.00698343623572848,0.0068431908083509945,0.009040470980722254,0.008091750453156465,0.008321072573794181
2023-11-10,0.018872850121240292,0.005360097949306074,0.005163977230147919,0.005596182202976399,0.006071325974188339,0.005366464781570365
2023-11-11,-0.010371664953848891,-0.0029416384806404167,-0.0028129577706283463,-0.0029173456519823835,-0.003333995861074525,-0.0027431601427850855
2023-11-12,0.0019851256740275325,0.000563376799670369,0.0005405644364487722,0.0005937677367636287,0.0006417603268272791,0.0005630657876800778
2023-11-13,-0.013765910168270445,-0.003919099838760875,-0.0038248552789873743,-0.004847947050776303,-0.004551682667817152,-0.0046527194215370705
2023-11-14,-0.026067305207390423,-0.007417409972698791,-0.007219040702397227,-0.008588035493849405,-0.008591878250915086,-0.008258808003183892
2023-11-15,0.06321513664707035,0.01791531511979628,0.01705872826210323,0.016509395996402047,0.020386528159729776,0.01588688227992275
2023-11-16,-0.04440075219938311,-0.012320620434498683,-0.010339184793287501,-0.005382453176186966,-0.012409612846466286,-0.004695542878433335
2023-11-17,0.011319220810356523,0.003025228808732986,0.0018942298164204413,0.001002604190374737,0.0022684506975426213,0.0010021874526170284
2023-11-18,0.0002109097339766386,5.355300136761926e-05,1.706617335034972e-05,-2.1239028786636213e-06,2.0654255410373673e-05,-4.960153492954705e-06
2023-11-19,0.023656765099473898,0.006565025384768146,0.00551227547920202,0.0032686255350772957,0.0065896757910218215,0.0033481990691200513
2023-11-20,0.001958240271700218,0.0005363929049721906,0.00041172725614977405,0.00018112682498419534,0.0004957885183643923,0.00017330020464467627
2023-11-21,-0.039476897754146645,-0.011051812554359771,-0.009805999028099109,-0.00558845708438315,-0.011678421300625045,-0.005561146620991743
2023-11-22,0.03796310183350515,0.010361826741156517,0.007744633171037465,0.0032429383810260396,0.00912661582714338,0.0037614221956393584
2023-11-23,-0.0024413928404533047,-0.0006533905415889116,-0.0004135834554536364,-0.00019504830841530425,-0.00048322153224417564,-0.00025131222650303
2023-11-24,0.010909841624993089,0.002953397869442046,0.0020681382877505623,0.0011390571496200114,0.002405777250752485,0.0012303878653569772
2023-11-25,0.0021565363773696777,0.000589350882195841,0.0004445548239992866,0.0002335580576435021,0.0005184217070580545,0.00024131864543370282
2023-11-26,-0.00839734149111826,-0.002352945529749631,-0.002098956511463303,-0.0014199083399982226,-0.0024760431686178357,-0.0014288756861341506
2023-11-27,-0.006762060067351028,-0.0019070811795121807,-0.001767059777303923,-0.001451586161468119,-0.0020846114148784212,-0.0014276275001678372
2023-11-28,0.016095420895139156,0.004556848554445888,0.004314661091110294,0.0035612595775838937,0.005111435548979246,0.0035404875626249568
2023-11-29,0.0004860765900240871,0.00013752990704547245,0.00012977218801304193,7.226867465964111e-05,0.00014754760127680795,7.015510846187045e-05
2023-11-30,-0.003544327538685499,-0.0010084782289893827,-0.000981239165371269,-0.0008685868623163836,-0.0011633399118477254,-0.0008735053255665777
2023-12-01,0.026273427824207163,0.007480062232171242,0.007300808731372366,0.006255260988115657,0.008654811788720186,0.006203917139786293
2023-12-02,0.019603529211063897,0.0055590242930743826,0.005310736096341577,0.0043550521420963086,0.006294005192522008,0.004213888596796821
2023-12-03,0.01307432525889407,0.0036999295508103676,0.003494884551151778,0.0037369919060776143,0.004138001029231056,0.003588988403460914
2023-12-04,0.048328233347282534,0.013694792192566625,0.013031916484259769,0.015115686644205888,0.015474603445031864,0.014558940277736115
2023-12-05,0.0514600473252953,0.014318543890687773,0.012229899768981927,0.008482431243609374,0.014477191900002283,0.007577431932275992
2023-12-06,-0.007288243940126948,-0.001962602928703713,-0.0013137197204931685,-0.0008472480428380581,-0.0015261263428811313,-0.0009247658407245857
2023-12-07,-0.010588806248077898,-0.002901084881225302,-0.002230269355763262,-0.0016198671432822458,-0.0026204903964962634,-0.0016955969698360521
2023-12-08,0.021311880393607652,0.005893179820969993,0.004832659239265788,0.0032288770089385172,0.005728518624210766,0.0033778699716362484
2023-12-09,-0.010520196062458798,-0.0028946667079269408,-0.002294292247881312,-0.0013637054225710168,-0.0027308972819147857,-0.0013515507613002012
2023-12-10,-0.00016676501327872462,-4.9252524479058866e-05,-5.768590717425205e-05,-3.927921036355744e-05,-6.995368799906691e-05,-3.976711095998926e-05
2023-12-11,-0.05768719063981931,-0.01624110107059171,-0.01489880803318509,-0.009173437263670642,-0.01781673668061389,-0.0094357769749402
2023-12-12,0.006245557788424394,0.0017006317013249976,0.0012487590418714975,0.0004255548143275793,0.0014873066310017561,0.00031956582027418024
2023-12-13,0.035492740703278125,0.009867011190909323,0.008379987967073139,0.003978109548669811,0.010027480997687403,0.0037190868764616853
2023-12-14,0.0021909281679468595,0.0005874039086646404,0.00037922665466651477,0.00013778905125856378,0.00045705456683844747,0.00013993805015560497
2023-12-15,-0.024516923612704633,-0.0068029218413331975,-0.005708351973903414,-0.003156939962329008,-0.006818418696342328,-0.003172319067882246
2023-12-16,0.005362725835778015,0.0014682692297038008,0.001123105929270788,0.0006554758748176069,0.0013478200914773257,0.0006068780690071904
2023-12-17,-0.01835282636700064,-0.005122063558696222,-0.004459058995329853,-0.0029645288497756233,-0.005300161632487835,-0.0029201901942619564
2023-12-18,0.029136043430899372,0.008112990557528925,0.00696208367249277,0.003988133916001034,0.008317241494074921,0.003821501539833674
2023-12-19,-0.008534394466004347,-0.0023424648521889065,-0.0018241186493175052,-0.0009861276403577974,-0.0021872393289081157,-0.0009492480680802929
2023-12-20,0.03154089821902328,0.008756830195859395,0.007374072376168185,0.0044918604712308255,0.008869344200996516,0.004411119546511632
2023-12-21,0.006079159121471722,0.0016483337680056967,0.0011702043900625517,0.000579792668263986,0.0014159179401861959,0.0006344347714960858
2023-12-22,0.003174439590588607,0.0008746650610689932,0.0006997953729044044,0.0005144616122375657,0.000840345403670735,0.0005244283165177006
2023-12-23,-0.005469157664152013,-0.0015400295167522732,-0.001414269921230789,-0.001200283582539787,-0.0016922682218400223,-0.0012174012950854599
2023-12-24,-0.015330493926190458,-0.004338208006774963,-0.004096778089731348,-0.003935055454718411,-0.004879318296844495,-0.0038361360744587824
2023-12-25,0.012203429486903117,0.0034525373349378503,0.003256279091906256,0.0028158859143184527,0.0038013391510548574,0.0026993924154465492
2023-12-26,-0.025963551610517,-0.007358465145342074,-0.00700838685258411,-0.0066194766249059464,-0.008285721738083689,-0.006519877886651108
2023-12-27,0.022259626346983863,0.006271183422532996,0.00577551764051871,0.004387459097679927,0.006788072710354028,0.0043924748101648575
2023-12-28,-0.017641191258584876,-0.004949057893343223,-0.0044463121528751665,-0.00339587882014785,-0.004960580759347301,-0.0037951970701599227
2023-12-29,-0.015750308600651963,-0.004414501488300897,-0.00394418418862954,-0.003459914428947545,-0.004397290711255967,-0.0034691795600587114
2023-12-30,0.004902268498555351,0.0013751991673052598,0.0012350619287891703,0.001090056356753452,0.0013847153815776374,0.001081935901368101
2023-12-31,0.0003001343320732097,8.271115228487182e-05,6.637687078702496e-05,2.2293548086248842e-05,6.728156932772324e-05,1.460235286936698e-05
2024-01-01,0.04340213350650268,0.012326357717593567,0.011873605404293427,0.0130005544420998,0.013918458266930094,0.012467091308189527
2024-01-02,0.020242851234327564,0.005673555450808458,0.0050686019764039705,0.0032221502584641464,0.00579255450222894,0.003129751674924142
2024-01-03,-0.048229928363958674,-0.013480857726985923,-0.011845736420689798,-0.008104783481056033,-0.013532700542327799,-0.007932136271629033
2024-01-04,0.034532794640157016,0.009343493565608365,0.006517547657447676,0.0036267530635108298,0.006972685187336764,0.0030556450051523977
2024-01-05,-0.0023598035297283104,-0.0006276767385179349,-0.0003744835595566818,-0.0002384600189823042,-0.00039147899706554163,-0.00021352085371557258
2024-01-06,-0.005172398879497497,-0.0014051827778459403,-0.001013593692831324,-0.0007971492540194701,-0.0010922611302520756,-0.000794812218197917
2024-01-07,-0.0016800377727406168,-0.0004693367972997081,-0.0004115909430443677,-0.00028276086137703346,-0.00046679425125833947,-0.0002859339984844266
2024-01-08,0.07155173636646928,0.02005054491334137,0.017892751931358815,0.012145332391731998,0.020477232689820837,0.01196391861040638
2024-01-09,-0.019099472349108138,-0.0051616482074246725,-0.003563928418588612,-0.001505855624044062,-0.003742159655325044,-0.0011793627309828847
2024-01-10,0.015930765319337237,0.004284450028715103,0.00283850858480883,0.0012834826018363994,0.0029670884785626215,0.0009284577416499772
2024-01-11,-0.009340146535135041,-0.002524107685996264,-0.0017429419974107666,-0.0007991465888264285,-0.001859742511655513,-0.000605298984958076
2024-01-12,-0.07682995619844801,-0.021094202617632438,-0.01646422123798073,-0.00823495481603189,-0.018183990598759296,-0.007393923516052821
2024-01-13,0.0006895307326841849,0.00016738261792145607,4.856650718328771e-06,-1.5531412273515644e-05,-2.6163056992341158e-05,-1.802746162830393e-05
2024-01-14,-0.022377393560983228,-0.006039320779714539,-0.004124709874239351,-0.0019444569917220955,-0.00424836151267964,-0.0019233648869078864
2024-01-15,0.015297116777614805,0.004081057644654143,0.0025107469305832085,0.00110510894864528,0.0025342746573730553,0.0011017800411840869
2024-01-16,0.015108024998216951,0.004055780261264905,0.0026437885365132303,0.001166876487537765,0.0027285630592156726,0.001108535367142971
2024-01-17,-0.011168096689942009,-0.0030192328886055842,-0.0020913990891728183,-0.0008693594243822208,-0.002207441661677545,-0.0008804577396339751
2024-01-18,-0.03343686977381766,-0.00915710274363483,-0.00701724271301186,-0.002760627249902895,-0.007649588605136464,-0.0026843283250288104
2024-01-19,0.008359911966495215,0.0022203147900527014,0.0013072408219686185,0.0006853189832705777,0.0013403505912598507,0.0006000625161121569
2024-01-20,0.0014862185436763653,0.0003986549742411529,0.0002578674364506977,0.0001362677463333131,0.00027096022876641065,0.00012546734927698015
2024-01-21,-0.0031577199275145684,-0.0008828074167365493,-0.0007771954909235582,-0.00042177295007797826,-0.0008852712701319647,-0.000432876699398185
2024-01-22,-0.04718701866176056,-0.013274319779652767,-0.012120958009469147,-0.006202156082952399,-0.014012911546244804,-0.00628763352679131
2024-01-23,0.004048161740667355,0.0011029792125880678,0.0008139607072510861,0.0005243078583002266,0.000880301490816251,0.00047447635716349105
2024-01-24,0.00917380910338661,0.002677834570999801,0.0024090715898630183,0.001726824475877447,0.0027746250728679957,0.0024370961226405905
2024-01-25,-0.0045931975760610255,-0.0013637675392483139,-0.0012960004846041177,-0.0009841523446458124,-0.001522774481540357,-0.0014080913213329162
2024-01-26,0.0486769475960489,0.014513392194117052,0.014017459063803653,0.010875944143380875,0.01653716013582734,0.0153809900616847
2024-01-27,0.006320252013203742,0.001845438001964284,0.0016369892430947146,0.0006677408979656934,0.0019110419693453141,0.001755641793619761
2024-01-28,-0.0033775696876815475,-0.0010034792133788435,-0.0009560733766662531,-0.0005935995789173717,-0.0011278070755542044,-0.001045652558144969
2024-01-29,0.02942443872881717,0.008770281307195836,0.008460113028492764,0.005740220477134668,0.010007208663834899,0.009315770242720282
2024-01-30,-0.006207848576504804,-0.001839035382937098,-0.0017321288333683469,-0.0009335527084377007,-0.002050956375883246,-0.0019011772146176375
2024-01-31,-0.008395410182012397,-0.002501664193070643,-0.002410703540333429,-0.0014760356887150796,-0.0028195936367243217,-0.002579132860585432
2024-02-01,0.010117262336551303,0.0030206160025923034,0.0029324616791596195,0.0017535155189874639,0.003448615071770789,0.003175707198913429
2024-02-02,0.003138642942565051,0.0009384420829402686,0.0009160880146971669,0.0006623800500619117,0.001081075429364253,0.0010018650116133663
2024-02-03,-0.004008913472304698,-0.0012020747194847843,-0.0011860108802149451,-0.001007141560146136,-0.0014023693876391468,-0.001312822771290992
2024-02-04,-0.009447771443479858,-0.0028341037469952405,-0.002800552312926218,-0.002366133479446596,-0.0033168552495255847,-0.0031096601717546294
2024-02-05,0.0010095517344101967,0.00030280170409393843,0.000299072817752065,0.00023473562141081362,0.0003542329829561985,0.00033201522180666343
2024-02-06,0.01134303663581604,0.0034038916050346726,0.0033681704202167015,0.004231820452411956,0.003999292915173304,0.0037660600986920037
2024-02-07,0.026688004293557555,0.008006797957577357,0.007915803961688561,0.010262893011155193,0.009407012506919048,0.008880095336547593
2024-02-08,0.02438386847509988,0.007293947049416814,0.007132208207771669,0.007218463448416285,0.008478191310729574,0.00807150518607868
2024-02-09,0.04069688553013706,0.012134246005089494,0.011720254822308929,0.012407304407666865,0.013964210225767366,0.013427336047712872
2024-02-10,0.013055750452911852,0.00383360947521667,0.0034828267966548385,0.0024538007685288668,0.004179210945845463,0.004201931297670508
2024-02-11,0.0085347700994578,0.0025201408542360176,0.0023428080934196323,0.001933082483990549,0.0028053184215349708,0.0027682198373346393
2024-02-12,0.03711567365066748,0.011035072291322823,0.010542392116694546,0.009130763252779865,0.012608838373821131,0.012177530410432694
2024-02-13,-0.0072356668123048085,-0.002123905557916525,-0.0019266003577433565,-0.0012191055859137143,-0.002329062832958549,-0.002321705919390364
2024-02-14,0.04465613286872938,0.013207043017306455,0.012356828390685606,0.008597992283969706,0.01480489091048324,0.014392224414458605
2024-02-15,0.0018296010466700707,0.0005192136577620843,0.00040247209687394026,0.00013363323531400556,0.0004922310559468399,0.0005255509516697423
2024-02-16,0.004200398296103192,0.0012283543366120504,0.0010965639501380406,0.0006177968640332645,0.001319682896613451,0.0013071227453109562
2024-02-17,-0.009250793865835383,-0.0027498021934552934,-0.0026248614608384464,-0.0015357348848372876,-0.003125563413584871,-0.0029702965310922347
2024-02-18,0.009158207467041324,0.002728276964393479,0.0026265062562310882,0.0015450328145850288,0.0031273915385962906,0.002957936375366709
2024-02-19,-0.006582399286871987,-0.0019679758459301856,-0.0019206051653458014,-0.0012067228917704005,-0.0022866204897362477,-0.0021503446546856774
2024-02-20,0.009714311559331223,0.0029080279693235443,0.0028515611510644455,0.0021436689243515563,0.003383262583656735,0.003179351420509837
2024-02-21,-0.010777142888349744,-0.0032295999912563098,-0.0031793765097680644,-0.002505614059315542,-0.003772413492546787,-0.0035441928722742826
2024-02-22,-0.008735191316881052,-0.0026179403021143197,-0.00257815928505545,-0.001990537870788708,-0.003066514816458771,-0.002880851476729236
2024-02-23,-0.009810085212664355,-0.0029412850946260688,-0.0029009731615312,-0.0028181054805115602,-0.003447332868486813,-0.003244595529848067
2024-02-24,0.015536622418877766,0.004658506254264365,0.004595667059947216,0.0044382596625182485,0.0054524732758901425,0.005138166569564735
2024-02-25,0.003261919505929578,0.000977283438495071,0.0009612807850261388,0.0012249486396037276,0.0011420723719911257,0.0010822568255501896
2024-02-26,0.05421329156096788,0.016261146920864743,0.016063037565777486,0.02398797030118605,0.019084238678938274,0.018069981883982657
2024-02-27,0.04579245991882708,0.01361307530880616,0.012998894668602719,0.008729457159923272,0.015457190891284004,0.01501902878530305
2024-02-28,0.09484422438438633,0.027609292513006062,0.02416322729414518,0.01209564406218823,0.028859652498711127,0.029928391867584416
2024-02-29,-0.017066060339445688,-0.004708254463946248,-0.0030837955814785787,-0.0011242112820741598,-0.0035526302861940452,-0.004600087375922039
2024-03-01,0.018399282991974575,0.005064909122890823,0.003271148540503641,0.0012818705209529683,0.003780605532689827,0.0048867866646453905
2024-03-02,-0.00759363127934809,-0.002092576883586776,-0.0013611106341040202,-0.0005350412458751068,-0.001585786001265848,-0.0019754645859670437
2024-03-03,0.015178623336616237,0.004287329284780517,0.0032353003875457507,0.0012099210129921838,0.003795779499887499,0.0042668990052639
2024-03-04,0.0809696737761787,0.023097473726704863,0.018361858008069717,0.006056822460505048,0.021691156041691428,0.0232417050559342
2024-03-05,-0.06081954263460754,-0.016202615237920565,-0.008081188228659438,-0.0027703897384603357,-0.009003805190383567,-0.012014341521139534
2024-03-06,0.033669735043963644,0.008456328046843245,0.0017694691497331027,0.0013141923542564237,0.0017695825592492379,0.0029998262698804957
2024-03-07,0.014623346248828994,0.003608872585291887,0.0004183957785632749,0.000565836543232769,0.00041801318034392535,0.0006942766068705343
2024-03-08,0.018985069459943382,0.004718164920178905,0.0007236606621113186,0.0008909173154476056,0.000731880446727452,0.00115532251660053
2024-03-09,0.0023234087302670403,0.0005777289671166742,9.029660652886514e-05,0.0001126378700499791,9.245157407193476e-05,0.00013670855823511667
2024-03-10,0.005543534479672152,0.0014071445918170335,0.0003708376345691103,0.00044203319560036586,0.00039067500236981067,0.000533475699665537
2024-03-11,0.04813774419591765,0.012666073280380389,0.00558211390797505,0.004578532299697422,0.006041827254565551,0.007504076807209183
2024-03-12,-0.010600824183297886,-0.00267432550674741,-0.000619379153998379,-0.0006835810977724418,-0.0006385490087199641,-0.0008684516088667389
2024-03-13,0.023082523132539112,0.005880190232615122,0.0016581054884304315,0.001714728831623252,0.0017205598820922458,0.0022464985075594398
2024-03-14,-0.02156908876328012,-0.0054532780874715445,-0.0013272821503138167,-0.0014358361637065277,-0.0013881556827235416,-0.0017794148388550583
2024-03-15,-0.029093780748264852,-0.007304548617798524,-0.0015135127559346303,-0.00274333271525775,-0.0016070914348017946,-0.001995560421371611
2024-03-16,-0.057489912981572355,-0.014228734027184223,-0.0018691814534437003,-0.007052303275133172,-0.001968150110398861,-0.0025460307263877845
2024-03-17,0.04357705673487988,0.010614429535784812,0.00046914602141900376,0.003940428548888667,0.0004375542327063661,0.0005926707857705812
2024-03-18,-0.007530233187191038,-0.0018279829817707857,-4.619285973373521e-05,-0.0006189128143327576,-4.9532906221355904e-05,-6.018773636486778e-05
2024-03-19,-0.08560577089389443,-0.020847628811930537,-0.0008984483692542782,-0.00935051212026536,-0.000996863253544244,-0.001114927350008681
2024-03-20,0.09486631904820397,0.022994316452262416,0.00038712487415735276,0.0047557816358243105,0.00032997521590490787,0.0003190165306043927
2024-03-21,-0.03527544097668123,-0.008539605048486134,-8.385183105190428e-05,-0.0013105584538372016,-6.86754499250411e-05,-3.507125415461742e-05
2024-03-22,-0.030070409754231475,-0.007279120463272219,-6.904935637198102e-05,-0.0011617163685144207,-6.320911318219995e-05,-1.637097036364471e-05
2024-03-23,0.013778647613430284,0.003335831643209949,3.41445752449792e-05,0.0005240471941744491,4.332926690738462e-05,6.894027673245301e-06
2024-03-24,0.04549823456164814,0.011031805950765868,0.00020615211702709068,0.0019613947798945187,0.0002567589470464319,3.639492849860536e-05
2024-03-25,0.04090462701966269,0.009905382587464352,0.00011436091085041771,0.0014644909678418316,0.00012767125601071305,1.5507853757003542e-05
2024-03-26,0.00041441966679567344,0.0001002365235323534,4.918691451094321e-07,1.3825559380751487e-05,5.95273691259587e-07,6.3246312163141195e-09
2024-03-27,-0.011462069782491646,-0.0027833506221381565,-7.54092722607832e-05,-0.000581802786527797,-8.448789112812055e-05,-8.996613951946397e-06
2024-03-28,0.022506949977237234,0.005478588580956054,0.00022197737573323334,0.0011300052692844633,0.00024502690824988814,2.6254330177161626e-05
2024-03-29,-0.012846163034059832,-0.003125987245502041,-0.00012112855714809652,-0.0005783646537718239,-0.00015048084346199576,-1.6665927076752948e-05
2024-03-30,-0.0036333215582905476,-0.0008874531979328627,-5.281684701845455e-05,-0.00026387306766616155,-6.4707380456713e-05,-8.148940199138358e-06
2024-03-31,0.022457253049815717,0.00553329116338625,0.0005929555510009308,0.0030175707490483253,0.0007249517525410766,0.0001327577454339553
2024-04-01,-0.020158296095811545,-0.004956527577270443,-0.0004752045281886717,-0.0027594919777866765,-0.0005946459530332836,-0.0002010949166932652
2024-04-02,-0.06100836208922478,-0.014978600567822095,-0.0013153911496544283,-0.008948518077879282,-0.0016824211719756765,-0.0008752235024546808
2024-04-03,0.009101590556648054,0.002209302461095953,5.5187626380774044e-05,0.0007090327180749393,5.9548871721443544e-05,3.570746523723832e-05
2024-04-04,0.034899610442231666,0.008519852143271923,0.0004820492347713121,0.004521721758052356,0.0005553315262563154,0.00036486824495855427
2024-04-05,-0.007791351236176025,-0.0018948427116578996,-6.726182864080241e-05,-0.0008821883461581123,-7.928781563937593e-05,-6.603822092146375e-05
2024-04-06,0.018130671422494915,0.004427077223953666,0.00025563763436052816,0.0025470546600575386,0.0002981672928652677,0.00027011233182256235
2024-04-07,0.0037116938884900197,0.0009073652134107693,5.823553960015916e-05,0.0004702629394350703,6.818538648315575e-05,6.354429761091906e-05
2024-04-08,0.03343456647829135,0.008273131995013054,0.0010765236616253583,0.005199345708111072,0.0012631473863052238,0.0012093062500851907
2024-04-09,-0.03678918575400614,-0.009011501901192615,-0.0006771840181852822,-0.003995478128715704,-0.0007846320269283997,-0.0007699455153785598
2024-04-10,0.02178666368778459,0.005298554401688925,0.00018857619998132222,0.001917653814571213,0.00020278851046677773,0.00019767865599715852
2024-04-11,-0.0075502444925872325,-0.0018365732469712757,-6.724896734552838e-05,-0.0007475372586614015,-7.492893313139264e-05,-7.256183322837136e-05
2024-04-12,-0.04209257646545439,-0.01029620722955974,-0.0006950120814091239,-0.005134678472920519,-0.0007846787242410926,-0.0007523178024207981
2024-04-13,-0.03795137097491419,-0.009222995848413266,-0.00029006604393253823,-0.004212668958211448,-0.0003012787768496347,-0.00032398622783034954
2024-04-14,0.016996648448364793,0.0041198886553890516,7.009213354220315e-05,0.0016382594780008604,7.097026779691311e-05,8.21050734486754e-05
2024-04-15,-0.03435682680837082,-0.008339714968389025,-0.0002080533489117075,-0.004306227529406816,-0.0002076890746253093,-0.00025491397349712325
2024-04-16,0.0061756528264029775,0.001496467024784707,2.279671835819393e-05,0.0005750442812688232,2.212387502717048e-05,2.6781564997636167e-05
2024-04-17,-0.03857660635294302,-0.009384490014936082,-0.00034837482651522305,-0.005119591759104874,-0.0003699791756424051,-0.00045475183515317663
2024-04-18,0.035645404539071945,0.008644235273929816,0.00016945005998154108,0.003053501800489162,0.00016616865697922372,0.00019045301853516195
2024-04-19,0.003975522768196349,0.0009629250686632292,1.2355369905189215e-05,0.00033322431129138066,7.99357920322454e-06,8.402810807840846e-06
2024-04-20,0.017962900652658487,0.004366554519673018,0.00014393861559553484,0.002245214796768232,0.00011062510481651643,0.00012108667007525731
2024-04-21,0.0009274633298137491,0.00022547834252541082,7.565194146328032e-06,0.00010031306776198882,5.785764782632793e-06,6.326397307244206e-06
2024-04-22,0.030421093640814245,0.007466543459312628,0.0006427759995816857,0.004185489023705408,0.0005368380944726759,0.0005909982693486165
2024-04-23,-0.008354607121365931,-0.0020404033360829714,-0.00012005740441880997,-0.0009742968111773213,-0.00010401495106793882,-0.00012179122375488536
2024-04-24,-0.03306955569671233,-0.008701116706977872,-0.0011460572609741124,-0.001981507495804243,-0.0010370770831938773,-0.0017691432528216548
2024-04-25,0.005069632789307166,0.0013168968494775212,7.577692811087471e-05,0.00014403773258913922,6.225668198492729e-05,0.00011335417185929722
2024-04-26,-0.011437829038114189,-0.003011079627044102,-0.0004437440654815826,-0.0007996234484304212,-0.0003923373412130571,-0.0007088803565656529
2024-04-27,-0.005459004992974803,-0.001450162941270448,-0.0002998754032508873,-0.0005204661480682856,-0.0002755764253671396,-0.0004829658277448934
2024-04-28,-0.007106067529572435,-0.0019291173223966757,-0.0006660275440597118,-0.0010537167025384024,-0.000634259212792505,-0.0010252658291461812
2024-04-29,0.01476393903976514,0.004085293875904789,0.0018860092277368267,0.002737844809126953,0.0018617976238437665,0.002746698282850126
2024-04-30,-0.051199267746201094,-0.014352743804275337,-0.007732786733261541,-0.010711763545696022,-0.007865988569273764,-0.01101890048914747
2024-05-01,-0.04113951225674961,-0.011022370851727926,-0.002885311035229838,-0.0052020828962270225,-0.0026582017580531244,-0.004939772666385204
2024-05-02,0.01768662159611778,0.004626181471429521,0.0004828197813303258,0.001044355085476886,0.00041229244364889673,0.0009152999775077028
2024-05-03,0.06445055883877693,0.016914943730454803,0.002146190825624849,0.004518695155791316,0.0018893146860682556,0.004071686158047766
2024-05-04,0.014249332747767074,0.0036893592584457814,0.00012978023546467737,0.0002863280467846136,0.00010836775868371736,0.0002459879102591777
2024-05-05,0.002918944096254261,0.0007579015114831272,4.1315671084920625e-05,8.685894658590795e-05,3.639622881171589e-05,7.701314676417617e-05
2024-05-06,-0.01310323642848743,-0.0034440095993097664,-0.00047101483276168374,-0.0008958619800570564,-0.0004269726040630227,-0.0008144743033251235
2024-05-07,-0.013144525497309267,-0.0034739830465936967,-0.0006019372648081551,-0.001082456872362399,-0.0005712954736175782,-0.0009877508499967246
2024-05-08,-0.021118407911037362,-0.00561958679108345,-0.0012240649509670579,-0.002081299969180888,-0.0011859728020084063,-0.0019081528229492174
2024-05-09,0.03142172084173045,0.00831929684035285,0.0015388094425529543,0.002635729006788999,0.0014869050739998674,0.0023622451690444263
2024-05-10,-0.03336347329513445,-0.008738116789778256,-0.0009878296333710617,-0.0017655330517533097,-0.0009769582546218251,-0.001566631544440702
2024-05-11,-0.0008714596143681863,-0.0002284182360286562,-2.7019851368542736e-05,-4.835032064286509e-05,-2.6824591765617403e-05,-4.302064964901147e-05
2024-05-12,0.009659225052654152,0.002532878102999439,0.000306801632394926,0.0005330901529627103,0.00029849980659209957,0.0004665558445150554
2024-05-13,0.023695825434947082,0.006293445397096557,0.0012927700191949988,0.002125025225456916,0.001286219737046131,0.0019282107320013468
2024-05-14,-0.021170889474649845,-0.005595766557906721,-0.0009726954948000349,-0.0017449542471510942,-0.0009726274606596956,-0.0016109723634126429
2024-05-15,0.07677559446739779,0.0202133155450477,0.002989141219262088,0.0057869301558157275,0.0030210054565403327,0.005506229280574199
2024-05-16,-0.015272307310136068,-0.003964607873733856,-0.00021026173599722435,-0.00043164928215208033,-0.0002419001832682714,-0.0004497066376990141
2024-05-17,0.02584954409832574,0.006715920561710649,0.00039415878163836165,0.0007757866647537388,0.00046614034107160177,0.0008105760926472595
2024-05-18,0.00031602252774498574,8.15251664016535e-05,8.293959146784881e-07,6.206410272171381e-07,1.8360454469426856e-06,1.6892346460446102e-06
2024-05-19,-0.010721946709476793,-0.002807518575917692,-0.000313265420206885,-0.0005576499767676315,-0.0003864620282121352,-0.0005968343595796346
2024-05-20,0.07459661437751253,0.01966498682901577,0.003076007211980642,0.005209190542329541,0.003793134733671539,0.0055188476886435765
2024-05-21,-0.013833109974940694,-0.0035930422955227524,-0.00020444801347175803,-0.00035402162224253505,-0.00023771569317347326,-0.0003641231276169317
2024-05-22,-0.01626865877084005,-0.004232575337957394,-0.000288224893164408,-0.0004662627651106197,-0.00030893741115322975,-0.00045374665881307944
2024-05-23,-0.019054435214457044,-0.004965049278509766,-0.0003904123985920794,-0.0005971176490040444,-0.00041670958679680166,-0.0005673571607274682
2024-05-24,0.012548458519167971,0.003269318839628189,0.000253982344690388,0.0003702169561182728,0.0002707100562554522,0.00034286456058889184
2024-05-25,0.009820786410496884,0.002572247431797065,0.00029158284134144327,0.0004124761474525355,0.0003089831329947768,0.00038326719060726203
2024-05-26,-0.012092261482961164,-0.003207945350354519,-0.000635190432972287,-0.0008808176162571004,-0.0006820370342873904,-0.000836938040385374
2024-05-27,0.013190272706773642,0.0035261695843332433,0.0008732112836057639,0.0011818855226253336,0.0009482594298256695,0.0011296490009716157
2024-05-28,-0.014492090453611883,-0.003927383969027609,-0.0013124821807031823,-0.0017249559849804282,-0.0014481495673667926,-0.001689809746645917
2024-05-29,-0.011099296219673871,-0.003028575715728325,-0.0011407381393367358,-0.0014633427522097483,-0.0012741788976743862,-0.0014414978101899576
2024-05-30,0.011707056463508891,0.003238428135798469,0.0014891874617148063,0.001828925494717974,0.0016788379897581124,0.001827074894874247
2024-05-31,-0.014591685086237538,-0.004123619274570358,-0.002414578118615538,-0.0029298110326788354,-0.00271958244510971,-0.0034222312713488062
2024-06-01,0.004995565520611089,0.0014180660359919069,0.0008664134243921294,0.0010542818027470487,0.0009843195496669242,0.0012020918424000407
2024-06-02,0.001345843690384818,0.0003853103471110748,0.0002538228018524287,0.00030155736556582624,0.0002897250688755212,0.000341804578814713
2024-06-03,0.015158320189792907,0.004513128598874359,0.003925733145754076,0.004134932326619012,0.004535743918221555,0.004630597430007173
2024-06-04,0.024999332111322214,0.007478348940705162,0.006687222348072934,0.006949437272430245,0.007712385476761767,0.00779948977771496
2024-06-05,0.007559503454762639,0.002240724221823479,0.0018975396560644794,0.0020517127151084063,0.0021810036357639917,0.002336015113969748
2024-06-06,-0.004205270670057049,-0.0012656755911221933,-0.0011712351074951754,-0.001188749823106261,-0.0013644419247786188,-0.001332635076017032
2024-06-07,-0.020488412994340344,-0.006196936469223621,-0.005887682461781414,-0.005848975846563865,-0.0068283198828357206,-0.006522489224084139
2024-06-08,-0.00040451121470108653,-0.00012287557851516014,-0.00011938724192120085,-0.00011719107824236077,-0.00013964240439136337,-0.00012983061926590878
2024-06-09,0.004817620851307325,0.001458753444572318,0.0013939994526213435,0.001374975793191251,0.0016189414501539617,0.001535142229081208
2024-06-10,-0.002557044293845845,-0.0007779973427431184,-0.0007621046195724139,-0.0007376603731429638,-0.0008853610754073918,-0.0008190559566838634
2024-06-11,-0.03019714200491319,-0.009190619550774746,-0.00901735380749599,-0.00871948899116202,-0.010490890130588118,-0.009681525770695447
2024-06-12,0.012551476516845517,0.0037996812285364116,0.0036268493309467376,0.0035424046371074105,0.004195761475113484,0.003977015090961418
2024-06-13,-0.020968538328065334,-0.00635974418486893,-0.006130289775375717,-0.00595329861018098,-0.0070935068266328605,-0.00665568202457362
2024-06-14,-0.011998530682345798,-0.003629125859482565,-0.0034482047137628343,-0.003360070753037233,-0.003964595931627005,-0.0037696620692154164
2024-06-15,0.0033754229766500554,0.0010217494400303875,0.0009748425396409972,0.0009483601602348856,0.0011262747170534926,0.0010642555205459656
2024-06-16,0.006309134195168431,0.0019158963593266232,0.001858411959731714,0.0017972507742375647,0.0021588608065340894,0.0020072245135940663
2024-06-17,-0.0020821974494306117,-0.0006338813583920555,-0.000622706143033899,-0.0005989668675397903,-0.0007212736864195356,-0.0006645717382366433
2024-06-18,-0.020632904613499203,-0.0062825787082100865,-0.006178339865750979,-0.005945015202165831,-0.007191407001453148,-0.006605952068697665
2024-06-19,-0.00358472184198122,-0.0010898333979651982,-0.0010633919147279387,-0.0010245538477253275,-0.001238101071750491,-0.0011440964974219674
2024-06-20,0.0002926537925620476,8.861940056676715e-05,8.471640615967479e-05,8.206716928143898e-05,9.723647698509585e-05,9.056894239894777e-05
2024-06-21,-0.012506640713110584,-0.003808689619111484,-0.0037479814499711953,-0.0036006500376242517,-0.004331044112299665,-0.003988180588845709
2024-06-22,0.0026852425210994735,0.0008170485469021214,0.0008005788385931119,0.000771594258680645,0.0009291609754971521,0.0008569694861667575
2024-06-23,-0.014210085978011877,-0.0043277235725933715,-0.004260115286358621,-0.0041046010013271956,-0.004943257961272605,-0.004553410614702803
2024-06-24,-0.04871837355536501,-0.014824287206239687,-0.014528278238739886,-0.014043653295582428,-0.016872001129475116,-0.015615016318410812
2024-06-25,0.024572453995207022,0.007399005193786026,0.006863171250121477,0.006758033294720377,0.008003318234998292,0.0077899721832338535
2024-06-26,-0.015309279315428137,-0.0045862008357656315,-0.004134548219132256,-0.004102391530189099,-0.0047766611145320355,-0.0047319352545650666
2024-06-27,0.012755227437718508,0.003823394896632304,0.0034586841410639696,0.0034166721251348863,0.004018917594809055,0.003946212248812371
2024-06-28,-0.02057187374298408,-0.006195353453817904,-0.005751495864900435,-0.005620910130921566,-0.006738121335748527,-0.006448009276019676
2024-06-29,0.009717792615948184,0.0029135654222303613,0.0026389468439176017,0.002585464263186656,0.003118254841567432,0.0030193784751105742
2024-06-30,0.030776325637084545,0.009285251703033865,0.008704576798773537,0.008445345571327824,0.01024396051825223,0.009668772142735742
2024-07-01,0.0011490807836946892,0.00033984528151022206,0.0002840093375065641,0.00027970469283123176,0.00034241713323508944,0.0003427931039400607
2024-07-02,-0.01283962112446202,-0.0038774728760632184,-0.0036539343574921693,-0.003524204590343827,-0.004296557888886986,-0.004014488072070657
2024-07-03,-0.029215949656466345,-0.008830401817190758,-0.008358252667505268,-0.008027267880088755,-0.009797299006735698,-0.009084857459491034
2024-07-04,-0.04646824506838265,-0.013912445963681129,-0.012501243368813699,-0.011977237945762229,-0.014799787437721128,-0.013926095714286666
2024-07-05,-0.0121434211694611,-0.0035297558428428735,-0.0026210111639009574,-0.002507256163754482,-0.0031752366722228205,-0.0031727192319728347
2024-07-06,0.027119302720304272,0.00794024913929043,0.006208139665980074,0.005940041620931352,0.007489827928707174,0.0073381281536755135
2024-07-07,-0.0368465137218964,-0.010619042189149438,-0.007389937662542559,-0.007098410087624676,-0.009078491804062769,-0.009173369758778385
2024-07-08,0.010324644211440415,0.002851514865784492,0.0012857361516936175,0.0012371950624279523,0.0016435373507936142,0.0018198094258986565
2024-07-09,0.02274605104917682,0.006439549342848352,0.0038358204563337735,0.0037105528049633826,0.004801111571124866,0.005017164304413782
2024-07-10,-0.004474203803324861,-0.0012586983321009027,-0.0007039646766740633,-0.0006846423502785296,-0.0008922830562605767,-0.0009437712798858523
2024-07-11,-0.0071774805581371615,-0.0020811368362793348,-0.0015185064055983951,-0.0014721978674563298,-0.0018658510130010928,-0.0018480862197193474
2024-07-12,0.009621873168422113,0.00282699831977565,0.002262475703342552,0.0021820471404103477,0.0027462918056711722,0.002645139939404589
2024-07-13,0.025405103162189357,0.007570398225632781,0.0066188964103115824,0.0063576553548322515,0.007913155141728426,0.007423730378586219
2024-07-14,0.02841773302162065,0.00838792396907616,0.006917903365089982,0.006646847904341239,0.00840362348043418,0.007979774010051656
2024-07-15,0.06096410979795874,0.017689432837666105,0.012970105422541298,0.012573890392981497,0.016162613938101204,0.015818881114843534
2024-07-16,0.0059329096402453985,0.0016124585671030785,0.0005708878128385664,0.0005704775694955527,0.0007661403795854219,0.0008906974809456038
2024-07-17,-0.014088949769659798,-0.0039917469866671456,-0.0023963822382754895,-0.002363882131456429,-0.003044327008889196,-0.0031665066465513866
2024-07-18,-0.003381058311960561,-0.0009663469994906232,-0.0006278731528537636,-0.0006173729777348174,-0.0007912734448015584,-0.0007987091450046604
2024-07-19,0.043315017671631484,0.012675163599493463,0.009872173056677367,0.009617181592743761,0.012007656310978575,0.011582042405918052
2024-07-20,0.006437111612340285,0.0017951843642880954,0.0009142099124495619,0.0009133822528987912,0.0011691262560050264,0.0012347091224623407
2024-07-21,0.012965927748165074,0.003735548034442468,0.0025925401091318055,0.002549840010648754,0.00319569084585965,0.0031600156537363627
2024-07-22,-0.007661597751401739,-0.0022433714492885418,-0.0017548838857362919,-0.0017115696902378148,-0.0021331578567592587,-0.0020432059711674726
2024-07-23,-0.0239695679886891,-0.00711852639854795,-0.006099509799426911,-0.005886106044698468,-0.007301467484283126,-0.006810524862206673
2024-07-24,-0.008541460295120928,-0.0027557380207812944,-0.0023346524803660026,-0.002234889417332808,-0.0027453801770556583,-0.0028074733157047037
2024-07-25,0.005641259573883284,0.0018284812490213208,0.0016262393253506583,0.001563699865597162,0.0018918891046146719,0.001894073146962591
2024-07-26,0.033324915222710194,0.010973610018944606,0.010297996072013312,0.009985907987668113,0.011828576404030499,0.011687073442243364
2024-07-27,0.0024315169697963768,0.0007801565427237809,0.0006689698550057331,0.0006456597729842347,0.0007887196192406133,0.0008005726662238842
2024-07-28,0.001370441388317989,0.00044516118582457634,0.00039894458770536775,0.00038613328744876795,0.00046459533926341043,0.0004655654029371877
2024-07-29,-0.019121153870197527,-0.006347588808689181,-0.006112261054523462,-0.005938894555212047,-0.006973431848213299,-0.0068658673897685875
2024-07-30,-0.010173192892474425,-0.0033673878213482398,-0.003213147311313357,-0.003123620041611499,-0.0036185855113209475,-0.0035813391031444893
2024-07-31,-0.022606895255198323,-0.007506717653419083,-0.007234307016260446,-0.0070386294487138025,-0.008128150849541096,-0.007996452444785099
2024-08-01,0.007534652548359055,0.002486870081138365,0.002351382805588091,0.0022852397240436997,0.0026407834578115693,0.0026083107276441454
2024-08-02,-0.05632701948298735,-0.01871181538995025,-0.018057325570739174,-0.017562893201178976,-0.020227096178443867,-0.019851616068472272
2024-08-03,-0.013307892156306567,-0.0043123954325015555,-0.0038320387949703615,-0.003700417690482032,-0.004219168292220805,-0.004273139619489624
2024-08-04,-0.03924944560596022,-0.01277734652813359,-0.011539394455659699,-0.011137305873449363,-0.012786736463312038,-0.012817735802985628
2024-08-05,-0.06796245372117282,-0.02132586788370889,-0.016719109718644605,-0.01590905552887705,-0.018130844157757228,-0.018887142116722124
2024-08-06,0.03135314446447901,0.009056936376017894,0.004365056023816381,0.004041079462948007,0.004270211506846992,0.005120671244414912
2024-08-07,-0.016374159759733886,-0.0045893694240038575,-0.0016427417766926302,-0.0014956110130785853,-0.0015909672580198743,-0.001956200626444931
2024-08-08,0.12296536328877439,0.03460020598100577,0.012959511752804229,0.011654058094054072,0.012811622671140544,0.014670407156608797
2024-08-09,-0.01918708020624882,-0.005153971961809216,-0.0008799180264712674,-0.0007704796191230265,-0.000718202936843486,-0.0009205544096104533
2024-08-10,0.0024804344495197306,0.000664134868971183,0.00010367280727087232,8.459467716744801e-05,8.341698628066394e-05,9.440729715066531e-05
2024-08-11,-0.033438454102814874,-0.009219800069481015,-0.0026543159604224724,-0.002213325436765072,-0.002233254232982968,-0.002424886752929238
2024-08-12,0.0094849682433098,0.002537409272082967,0.000386476040533317,0.000299079501392073,0.00032249392051159314,0.00032034461891950887
2024-08-13,0.01922887324278877,0.0052588420670212025,0.001325197616871712,0.0010377943750157182,0.0011479233175528151,0.0010889254486358762
2024-08-14,-0.028009650795688068,-0.007680282687915385,-0.0020242670581491237,-0.001552742405877124,-0.001777065472669333,-0.0016111458363739554
2024-08-15,-0.02033388583117124,-0.005479809291533601,-0.0010184107837646983,-0.0007418567592579351,-0.0008929579686618703,-0.0007455163292128034
2024-08-16,0.022258771826431545,0.005976756582670122,0.001011375057040693,0.0007058312749571463,0.0009163652153478625,0.0006684928908015549
2024-08-17,0.008271175172074763,0.002212963227052844,0.00033787620784631717,0.00022779713796807974,0.0003285873113442613,0.00021004023918654792
2024-08-18,-0.01045984340260675,-0.002866005875312551,-0.0007464481651818988,-0.0005141126431587789,-0.0007357816039284228,-0.0004625203207178429
2024-08-19,0.010516740141614855,0.002930987360168266,0.0009789033843401631,0.0007720358348856748,0.000982963032876074,0.000596104102793814
2024-08-20,-0.004851226757026317,-0.0014019145743070784,-0.0006778180196109358,-0.0006070148082052283,-0.0007011517344343615,-0.0004315108651113055
2024-08-21,0.03399210419682208,0.010173204203443413,0.006277568621341522,0.00587464155271053,0.006636892095563069,0.004308180435472008
2024-08-22,-0.012081062020044442,-0.0034735083471852573,-0.00160659946166731,-0.001570572458515685,-0.0016785790180037698,-0.0009896789128089809
2024-08-23,0.06146802692743214,0.017983569970906096,0.009556010912767027,0.009723794806502945,0.010147497353657543,0.0058735215612523125
2024-08-24,-0.0013037026925643014,-0.0003754494242480111,-0.0001755414676553945,-0.00017974455549286201,-0.00018520908906036055,-0.00010601139812472721
2024-08-25,0.0074159279699597125,0.00208725234807031,0.0007833601499953014,0.0008376371191429533,0.0007981691118496726,0.0004232855241923837
2024-08-26,-0.023482513220267176,-0.0069127420444018255,-0.0038381372758444967,-0.00405516543309001,-0.00402307457592823,-0.002280507614439806
2024-08-27,-0.05454505184415703,-0.01574605579726893,-0.007541313873350835,-0.00809844702922663,-0.007910133035025142,-0.004038615551521137
2024-08-28,-0.007510458949135823,-0.002054863491115064,-0.0005196576988833617,-0.0005769955961488454,-0.000515810247815942,-0.00023891135813782115
2024-08-29,0.004044215002421803,0.0011188117838161994,0.0003379261837005372,0.00037304627028963413,0.00033806510290184923,0.00014653861005605581
2024-08-30,-0.003317352949578911,-0.0009751571117706608,-0.0005372686727544504,-0.0005718706309244267,-0.0005578721880721909,-0.00026384981871807947
2024-08-31,-0.0030944300526035695,-0.000952439458151244,-0.0006851758484677241,-0.0007057244828727001,-0.0007323002563201719,-0.00039605098231990706
2024-09-01,-0.02732102390640423,-0.008625611722588201,-0.006939519779663602,-0.007010414626449913,-0.007564373310327895,-0.00468482411568069
2024-09-02,0.03156010780161611,0.009683435797511172,0.006845478264330748,0.0069853423443180076,0.0073992264180070735,0.00387609194298991
2024-09-03,-0.025714562941294594,-0.007610219250492346,-0.004377579323851507,-0.004575551467157055,-0.004701970860406117,-0.0021221501360282223
2024-09-04,0.006863962444027871,0.0019698579586140985,0.0008975468966064159,0.0009577617827453554,0.0009631849422868976,0.00035859372056240194
2024-09-05,-0.03309208256728691,-0.009939444906426257,-0.006266511529541658,-0.006535014490112493,-0.006833146749997141,-0.0030141515209217828
2024-09-06,-0.04052539313371073,-0.011626775829368918,-0.005280105855677214,-0.005661624183096983,-0.005693453038982814,-0.0020289530225096612
2024-09-07,0.004225313605959569,0.00113925020645155,0.0002161851910824467,0.00025924413650232046,0.0002237366248245487,5.6616235775490983e-05
2024-09-08,0.014663781903235806,0.004137597896807628,0.0015969690784423316,0.0018228667688097886,0.0017039224848313934,0.000530500600423074
2024-09-09,0.041497517374176285,0.011929199754751808,0.005513032380524996,0.006259686131272851,0.005976190922605161,0.0019152897497994742
2024-09-10,0.009253717565053332,0.0025164018594466325,0.0005721436910827767,0.000702124684281057,0.0006205479133671257,0.00015602466624167234
2024-09-11,-0.0044274164504055635,-0.0012518750709364255,-0.0004948070298051579,-0.0005808491193022656,-0.0005469413929186397,-0.00015019577444459414
2024-09-12,0.012462232563680953,0.0036376411980474505,0.0018995568295826128,0.0021468499785701595,0.0020992603353502354,0.0006442155964351218
2024-09-13,0.04150115284674216,0.012450897803818816,0.0077960007410305746,0.008581481992927211,0.008712445055084173,0.0029665176088003965
2024-09-14,-0.00875022278816262,-0.0024908513341707103,-0.001050407113176606,-0.0012293865394071035,-0.001170528168204963,-0.00032212095644124897
2024-09-15,-0.014619094575070712,-0.0042727969995619165,-0.0022545555698649483,-0.002568422858426573,-0.0025279087440400133,-0.0007166801616438899
2024-09-16,-0.015262248636098485,-0.004512828788559302,-0.002581223970418231,-0.002900734878688324,-0.002918641282975133,-0.0008289969677393415
2024-09-17,0.03453273358395581,0.01030554925166496,0.006251147141469212,0.007003931744457743,0.007123810838878001,0.0020243745679644335
2024-09-18,0.017729873931559448,0.0050405975879595855,0.002104558575635672,0.0025420627739981294,0.002429486068120792,0.0005297794841424066
2024-09-19,0.027540036605197438,0.007898677136244946,0.003577431464699487,0.0042959655567004285,0.004170663457677211,0.0009263925792382344
2024-09-20,0.0025294572828586936,0.000701357941853073,0.00021942605535291393,0.0002906389714371219,0.0002628085547022563,4.6582150275365145e-05
2024-09-21,0.003385026188313711,0.0009782738693257427,0.0004720359932334331,0.0005760177860208762,0.0005543772019992161,0.00012466056155339812
2024-09-22,0.003222816509767412,0.0009736768119288595,0.0006337788972058705,0.0007248147403290004,0.0007361702158409672,0.00021079949237450284
2024-09-23,-0.0037113778988530077,-0.0011905887951442276,-0.0010207161637669202,-0.0010677955718933147,-0.0011689629053513821,-0.0005088688670720196
2024-09-24,0.01589579821559628,0.0051606881930494185,0.0046164758831802625,0.004734043143623253,0.005253847141725016,0.0027872221607942497
2024-09-25,-0.019942595158606302,-0.006509077004362942,-0.005931173978379909,-0.006022651099419458,-0.006730318780944422,-0.0038789138745167935
2024-09-26,0.031686822886488386,0.010293727861537583,0.00922871009547511,0.00941024608083712,0.010559996095174827,0.005673747903625633
2024-09-27,0.010912254323094839,0.0034539410509421813,0.0028079523902699837,0.0029645383730860027,0.0032526607484059116,0.001323498434832054
2024-09-28,4.279293729614331e-05,8.436322511280154e-06,-9.8306398834773e-06,-4.670057058002521e-06,-4.206861184747039e-06,-0.00021728858065934756
2024-09-29,-0.0023227208958866985,-0.0007687664349490779,-0.000733582492345373,-0.0007295222260242992,-0.0008297793674076705,-0.0008451195861075557
2024-09-30,-0.03593110283464396,-0.011915238868366235,-0.011435347916866255,-0.011325543483528577,-0.012954751898853926,-0.013196649299816813
2024-10-01,-0.03796699690388017,-0.012375922216301448,-0.011226797797829792,-0.01131079116173714,-0.012789520527695272,-0.013839787672892309
2024-10-02,-0.00282869452774992,-0.0009013845439653349,-0.0007522101019109364,-0.0007748589725894315,-0.0008638003574038029,-0.0010208066838558693
2024-10-03,0.001304045525907016,0.0004130705199119775,0.00033672326911305105,0.0003489263764858876,0.00038775747257272517,0.0004692127057140811
2024-10-04,0.02118437068095025,0.006962095162123981,0.006491440030075546,0.0064488816969303035,0.007379562390131635,0.007723691541850727
2024-10-05,-0.0003554433485485342,-0.00011771396633404371,-0.00011251688620475879,-0.00011181550346690326,-0.00012700517362207225,-0.0001302622910867262
2024-10-06,0.01224281800537974,0.004051202698357738,0.003861837579180134,0.00379348774754433,0.004383189392096371,0.004468427165114949
2024-10-07,-0.005946382076252643,-0.001975474781240369,-0.0019066463558774103,-0.0018622631280172661,-0.0021502016025085452,-0.0021635978491324087
2024-10-08,-0.0046491138064482795,-0.0015501689650539716,-0.001513106219376356,-0.001472600551589338,-0.001699655601628096,-0.001688710627672928
2024-10-09,-0.024322525555112495,-0.008121266881378533,-0.00796073349389982,-0.007736177556788856,-0.008924605272592302,-0.008824644276950861
2024-10-10,-0.006502338132217456,-0.0021623634923750384,-0.0020935740458651363,-0.0020268603999028276,-0.0023523590633326313,-0.002343905798943609
2024-10-11,0.03721987861745313,0.01240382960133665,0.012087829181982939,0.011714160118457414,0.013626612716743331,0.01348573496225764
2024-10-12,0.011852555742162263,0.0038983471257027077,0.0036444180855472077,0.00351195414942392,0.004113151802565252,0.004184173482006027
2024-10-13,-0.007016287564873935,-0.002322609983538716,-0.002216773300978984,-0.0021487246965822986,-0.00250020166636994,-0.00250252741040869
2024-10-14,0.053064974755529404,0.017635981289650608,0.017042509384701955,0.016537988624370187,0.01923483423252903,0.01908672837906825
2024-10-15,0.012773780820462433,0.00413294468252522,0.0036531608992920648,0.0035014934189968173,0.004134009627865891,0.004354707675708952
2024-10-16,0.010891009714353972,0.0035576890486677614,0.0032509871887597885,0.0031297495680083676,0.0036408733904484047,0.003753133196865171
2024-10-17,-0.004803896952294107,-0.0015852433647084337,-0.0014979336888812304,-0.0014475841145732068,-0.001692297369298013,-0.0017016362268766014
2024-10-18,0.015632057078182493,0.005185262253897915,0.004980772315525779,0.004821035147735589,0.005596703182472305,0.00558947637331718
2024-10-19,-0.0004772482770551978,-0.00015854352759448977,-0.00015300359181143503,-0.00014761595052122139,-0.00017187452332247346,-0.00017112058850936442
2024-10-20,0.009573947253136428,0.0031904108985246617,0.0031085725531940036,0.0030112374470962194,0.003490881407103189,0.003461448242980385
2024-10-21,-0.022776946879909277,-0.00760265710359277,-0.007444831458133217,-0.007213122610009731,-0.008393859429790422,-0.008290868187812966
2024-10-22,-0.00021807656918171325,-7.384792868174099e-05,-7.545773195315677e-05,-7.428205536663355e-05,-8.506246738451808e-05,-8.148688074295265e-05
2024-10-23,-0.01154556820635888,-0.0038073083499100832,-0.003732510877857152,-0.003651659513844442,-0.004218860194258666,-0.004015293254394676
2024-10-24,0.022262094182180503,0.007337610498167635,0.007202079670742969,0.007037187700796998,0.008159223968564345,0.007752982501955663
2024-10-25,-0.02743915827536647,-0.00901935557086705,-0.008772662182216794,-0.008525312478109877,-0.009901230895381244,-0.009424108646262565
2024-10-26,0.011496900035637747,0.003754631059345628,0.0035718460860741136,0.0034210870744295647,0.0038556311951299617,0.0035393561470317427
2024-10-27,0.014574139998235536,0.004774946777150382,0.004593205865502925,0.004444032468703138,0.005068502601879442,0.004761878249047682
2024-10-28,0.02738777950662219,0.008980669501198668,0.008663746385649056,0.008405965823595025,0.009645031870667318,0.009144646954717305
2024-10-29,0.04031154402967907,0.013119681841235223,0.012331181154802808,0.011788235756761864,0.013419312484684299,0.012595633310695855
2024-10-30,-0.0031440018303992012,-0.0010062961509826145,-0.00088862757907138,-0.0008229218331080502,-0.0009324820281061324,-0.0008598947539071749
2024-10-31,-0.028753543786400493,-0.009304418456079103,-0.008566127716167252,-0.008118709227964822,-0.00916062084287765,-0.00853466665012987
2024-11-01,-0.012555571478259031,-0.004007313996732601,-0.00350045629357428,-0.003222610282615087,-0.0036313908415049187,-0.0032970815206351937
2024-11-02,-0.003481448901796025,-0.0011225551579391348,-0.001019955902584931,-0.0009573986384132533,-0.0010947052434616335,-0.0010030469603810517
2024-11-03,-0.007205556935100832,-0.002351242485197637,-0.0022304707893580364,-0.0021469402456892133,-0.0024606393349916674,-0.0023067457336196796
2024-11-04,-0.014018315798947967,-0.00459541119523756,-0.004428976577184562,-0.0042993619329465705,-0.004946341360877326,-0.004672876912796715
2024-11-05,0.025950879723064757,0.008512228308118912,0.00822079465474834,0.007978656386841355,0.00925122312939592,0.00875550205231842
2024-11-06,0.08855604569537778,0.028867759581653624,0.02728778346592617,0.026097952609397103,0.03075273766210279,0.028829298950334273
2024-11-07,0.003649582564111853,0.0011328450201155739,0.0008782062063129293,0.0007479727052633918,0.0008924723995269477,0.0007770857286391601
2024-11-08,0.007044039444562555,0.0022535752848288444,0.001986893832655635,0.0018269836907902352,0.0021240457404001164,0.001925860890262127
2024-11-09,0.00381407765670172,0.0012348868180864353,0.0011391145293600134,0.0010758724913599008,0.0012283756079722835,0.0011218962031754205
2024-11-10,0.047006106056680874,0.015389075723366532,0.01476515520657763,0.01429565036535431,0.016355149794062676,0.015294327610555904
2024-11-11,0.1050962176481689,0.0336289230560209,0.029673571736403594,0.027329430113668087,0.03110380968487975,0.027661370323531068
2024-11-12,-0.009129524813717538,-0.002777902566771693,-0.0019418097791219213,-0.0016232497741074188,-0.0016989683614319678,-0.0014312831854774945
2024-11-13,0.026356230052613894,0.00817195513059319,0.006293360267985136,0.005417387690828897,0.00577082295559469,0.00489072599921756
2024-11-14,-0.03502430710029947,-0.010643671064197625,-0.007395196890772345,-0.006066767853883837,-0.006519754701787405,-0.005272287023876839
2024-11-15,0.04512196532725432,0.013111668803764272,0.006757776177692843,0.004939689511305634,0.005315619613837484,0.003818513950978192
2024-11-16,-0.0062694143720019024,-0.001740655239880273,-0.0005469697396577128,-0.00036442945890974255,-0.000396361090089269,-0.0002666424170767295
2024-11-17,-0.009216590094409116,-0.0026245940506404906,-0.0011261334413156909,-0.0007690705326395727,-0.0008572343892964059,-0.0005667341359351205
2024-11-18,0.009525218212518727,0.0027765116991139214,0.0014664665529535664,0.0010520155790766385,0.0011906594333162437,0.0008017345339544752
2024-11-19,0.018395898008167544,0.0055264590292259524,0.0035931752387589615,0.002761197451169802,0.0031715089385820077,0.0022401062523846093
2024-11-20,0.020659258599351915,0.0062183070650690606,0.004090092008997876,0.0031397815111225105,0.0036942835702901,0.002576530995678363
2024-11-21,0.04657525806164342,0.013921537534545048,0.008775624010923216,0.006583648977546684,0.007939199312123241,0.005281571848013317
2024-11-22,0.003985777032621485,0.0011000967310063408,0.00031998519255734556,0.00019642850752973662,0.00023652946803583125,0.0001384152685917053
2024-11-23,-0.012445134688188197,-0.0036415372056593787,-0.0019827917558725566,-0.0014703331866761293,-0.0017298460596567328,-0.0011661333990468582
2024-11-24,0.0027957023287310534,0.0008266845847010559,0.0004852520554026389,0.0003704151234697172,0.0004356904043687733,0.00029983173975156694
2024-11-25,-0.047327713308535024,-0.014659485823403255,-0.011236489206600227,-0.009610815322485063,-0.011099678719079506,-0.00863781763807308
2024-11-26,-0.015721143075031363,-0.004601209658878721,-0.002506467407535425,-0.0019386282655262058,-0.0021814038898204983,-0.0015323764987074722
2024-11-27,0.04477262312267061,0.013189987933629448,0.007545554128833775,0.005930645926243598,0.0066678355734031336,0.004779294454981576
2024-11-28,-0.002616338696719067,-0.0007437979915876404,-0.0003121043144553557,-0.00023595244126627693,-0.0002645532380679898,-0.0001870282198491254
2024-11-29,0.01734945887418826,0.0050000392628170845,0.0024013032520674446,0.001869719830493976,0.002079493537679918,0.001540885348734421
2024-11-30,-0.009602946656267042,-0.002787003298530781,-0.0014217198373376587,-0.0011275897170701778,-0.0012791565771575518,-0.0009593536363053005
2024-12-01,0.010428589595323556,0.003106423697454116,0.001915157606353063,0.001588430372098307,0.0018051757725470199,0.0013954400048389218
2024-12-02,-0.01788416744731558,-0.005481857930585036,-0.003988342781487314,-0.0035032087225893536,-0.003990104741983764,-0.0032646934272404175
2024-12-03,0.002971338867637785,0.0009110970518491032,0.0006640171586067718,0.0005830838867841047,0.0006656665934006264,0.0005422551783023597
2024-12-04,0.030302560301318726,0.009578855622219197,0.0080440561148187,0.007444822777164498,0.008487183660385865,0.007375908475631506
2024-12-05,-0.019920980360498275,-0.006145336150441207,-0.004617080214996653,-0.004121763362109771,-0.0047257839686831345,-0.003926576526868997
2024-12-06,0.030979387753128584,0.009511883862638737,0.006980195938692523,0.006219015324340273,0.00710693732020919,0.005922516906738257
2024-12-07,0.0002460610900729687,6.229868841055452e-05,-4.883423207837e-06,-1.1262309356003049e-05,-1.2739166987928308e-05,-1.6296709444044745e-05
2024-12-08,0.008214665212203043,0.0025228508631793692,0.001852878883033489,0.0017125215815206201,0.0019148903990922797,0.0016840670968167521
2024-12-09,-0.033817649583586906,-0.010687071016060264,-0.008965238577536802,-0.008639971215812017,-0.009654976125453943,-0.008989362785208335
2024-12-10,-0.00569561544669106,-0.0017510892355394533,-0.001293165257088702,-0.001226709854569978,-0.0013472382058988244,-0.001230025510387706
2024-12-11,0.04620929391256645,0.014536413435491783,0.01195710435738098,0.011573520768665933,0.012802616827747526,0.011962978754844603
2024-12-12,-0.012035425824423518,-0.0035965558129532524,-0.002261835759997399,-0.0021355713529172607,-0.0022718425199476154,-0.002092257671301181
2024-12-13,0.011978447705139006,0.0036322785065983016,0.002493271063843974,0.002372194915298987,0.002550844736543142,0.0023452888362038545
2024-12-14,0.0007606656630536612,0.00022971043448078265,0.00015409830934950703,0.0001460887730567154,0.00015644888174011113,0.0001433896257296686
2024-12-15,0.03141554455330353,0.009995442767786274,0.008622177887994914,0.008431166148889396,0.009370318042715924,0.008842078085491813
2024-12-16,0.012475256177905125,0.0038598960820972355,0.00294319195166071,0.0028377075831191906,0.003121389047274385,0.002895666030097239
2024-12-17,0.0024584261525884,0.0007687508375646218,0.0006157748528589146,0.000597726177432444,0.0006627975302697857,0.0006197433616080838
2024-12-18,-0.05320728903937755,-0.017118340967040895,-0.01542477606218442,-0.01515982635274544,-0.017095805374467973,-0.016243492494595935
2024-12-19,-0.027597603330190013,-0.008496016190916545,-0.006317693111789337,-0.006049166380039152,-0.0065086334335896995,-0.0059876813632484165
2024-12-20,-0.0008148002212607919,-0.00025179688351367177,-0.00019091807950483397,-0.0001833747292921299,-0.0001970150438896841,-0.0001822355330084118
2024-12-21,-0.005372227647150729,-0.0016847268774204548,-0.0013680336185436235,-0.0013162838169702464,-0.0014487711734317967,-0.0013249101479889077
2024-12-22,-0.020021143398257446,-0.006395347878566342,-0.005605242374416593,-0.005453941293389939,-0.006095848466745128,-0.005672519578778703
2024-12-23,-0.0036610918852805208,-0.0011655571214550524,-0.0010079561661556753,-0.0009754448816953052,-0.001094128449211,-0.001007863775961339
2024-12-24,0.04047411647219179,0.013094669680874424,0.01204698870816962,0.011760195735266947,0.013377682303188785,0.012527941850408422
2024-12-25,0.006058886534067831,0.0018924020602225505,0.0015086191307193445,0.0014254284536398413,0.0016190019897180563,0.001453396217883866
2024-12-26,-0.03634858088822557,-0.011655910543000449,-0.010371283931778113,-0.010033107101706792,-0.011457008002442268,-0.010619478298357956
2024-12-27,-0.014727030582722733,-0.004589371387456365,-0.0036189278434382937,-0.0033923403168543945,-0.00384915079441168,-0.0033999326089903326
2024-12-28,0.009590311345661462,0.003007665211796143,0.002441032568813029,0.0022911023587419256,0.0026035212172961005,0.0022795093093663735
2024-12-29,-0.017514088201455502,-0.005594891225776625,-0.0049048231208982515,-0.004703192833993919,-0.0053658139235751925,-0.004864903376066235
2024-12-30,-0.009998282130105562,-0.0031956076014860906,-0.0028070721319339706,-0.0026892684564573588,-0.003060618005372792,-0.002770733413873401
2024-12-31,0.00936597374930237,0.0030229423483970307,0.0027565762232605218,0.0026653055254608695,0.002929671694814253,0.0026056386456117277
2025-01-01,0.011415216003879625,0.003715084245340852,0.0034914997239023165,0.00340118631034687,0.0032909380854922034,0.002499781671879044
2025-01-02,0.025362097383011983,0.00829118449639589,0.007915577004047191,0.007733409940151607,0.00790155768584651,0.006523669163967163
2025-01-03,0.013105552173485746,0.004253237971298051,0.003957388836093214,0.003821740978359583,0.0037874064748222884,0.0030061132907579363
2025-01-04,0.0011145782516890357,0.0003620489376277203,0.00033795750787037336,0.00032682896818393687,0.00032616456865201707,0.0002613375255087238
2025-01-05,0.0018809340254266615,0.00061496841402089,0.0005873210468187957,0.000572634473522344,0.0006085588030380439,0.0005308255094785117
2025-01-06,0.03825387855865836,0.012595319004150219,0.012319760236619706,0.012093708436239782,0.013595381928804893,0.012860284028200598
2025-01-07,-0.050935476354242226,-0.01660218026412356,-0.015687082495902255,-0.015120708013201539,-0.01656037095051157,-0.015497803290623254
2025-01-08,-0.019960968794210388,-0.006325584300906575,-0.005367634761296383,-0.004906426942762312,-0.004954607032870296,-0.0044545659356192
2025-01-09,-0.02833682805705584,-0.008940363781734455,-0.007447800061746064,-0.00672951639578086,-0.006794195443869722,-0.005986438845969978
2025-01-10,0.026129405246471782,0.008059414050129441,0.006051760056919397,0.00520854476741041,0.005086922512773729,0.004253779565394168
2025-01-11,-0.0016105217791819726,-0.000493107713702954,-0.0003565523681909079,-0.0003032996911168257,-0.0002952735655481942,-0.0002447283803376283
2025-01-12,-0.0026714097859784625,-0.0008473695309319935,-0.0007229481554505971,-0.0006563418459231554,-0.000678557872651872,-0.0005880583033139775
2025-01-13,0.00023268440086821052,6.70053306048317e-05,3.3162173295537166e-05,2.0076789863013627e-05,9.891049580344466e-06,-1.9870086238498775e-07
2025-01-14,0.023244809005100953,0.007558592730402554,0.0070821893610263885,0.00679117500811268,0.0075345805434397254,0.006965516903863884
2025-01-15,0.03730920387848102,0.012062716797473439,0.011070771260225898,0.010486562463517568,0.01168734175465201,0.010667457665689106
2025-01-16,-0.0019434110590282883,-0.0006202054777110517,-0.0005413428755649727,-0.0005007032901342696,-0.0005538440821637979,-0.0004946127295146819
2025-01-17,0.04319820242288541,0.013892027032075878,0.012496337654201035,0.01171677457174731,0.01305756326450023,0.011782853594211084
2025-01-18,0.000973840362128664,0.00028905468851603527,0.00017602069706018674,0.00013557347234020926,0.00012798809350098332,9.431940146563751e-05
2025-01-19,-0.032985103401966254,-0.010513426601691156,-0.009134791089043939,-0.008472259378844825,-0.009245852111727664,-0.00831582954346755
2025-01-20,0.01618972157537857,0.005005800503492156,0.0038044136320425585,0.003334792588224602,0.0035427927253903454,0.003002737861132434
2025-01-21,0.03313113539982271,0.01031821533436768,0.00811413144770445,0.007248628237286389,0.007837540831245087,0.006744033488216902
2025-01-22,-0.02072651763122957,-0.006676616877219892,-0.005183502395245791,-0.004227436780184429,-0.004480993476364963,-0.007248621112632807
2025-01-23,0.003791151387871672,0.0012094336442264259,0.0009069767130335046,0.0007205700287561215,0.0007700952985098376,0.0012838583582372464
2025-01-24,0.0051015990156249025,0.001669286338603573,0.0013882946414686017,0.0011885442494223271,0.0012749615545905515,0.0017794065559061233
2025-01-25,0.0014320666196163678,0.0004740034068094113,0.00041124073046826514,0.0003635234416421219,0.00039154677120541924,0.0005055719543754136
2025-01-26,-0.019383922542007603,-0.00659032758704247,-0.006248605990642716,-0.005958522790052981,-0.006512815783031181,-0.007013469953093512
2025-01-27,-0.009004110077943661,-0.00305389541775149,-0.00287385678066581,-0.002718652442142637,-0.0029798786136814195,-0.0032508807263750134
2025-01-28,-0.007549028638475397,-0.002576683170212149,-0.0024724699932544233,-0.002382940330146712,-0.0026245315488209113,-0.002737393255908568
2025-01-29,0.027493597182653984,0.009416369807799795,0.009128200499966642,0.008875558430308312,0.009806343657539343,0.00999542823981016
2025-01-30,0.010283519428385901,0.0035014707116985382,0.003335003435676976,0.003189903483222209,0.0035408097514517513,0.0037175503858284417
2025-01-31,-0.02594979526653096,-0.008878573651813765,-0.008580819657115069,-0.008324699338083425,-0.009228625160342686,-0.009419953536794205
2025-02-01,-0.0161617840797893,-0.005497629196478022,-0.005220633098700948,-0.004998095943948597,-0.005526547818500951,-0.005829401171694798
2025-02-02,-0.03166186605582477,-0.010772992824792807,-0.010238456883748073,-0.009849325984525112,-0.01085623460141986,-0.011404244613174764
2025-02-03,0.04267525945403605,0.0143217891693723,0.013028608449210964,0.0121570705002225,0.013407351554455712,0.015101815249882996
2025-02-04,-0.03676088203384231,-0.011958807085990305,-0.009727602009686653,-0.008466566844226683,-0.009340998107266012,-0.012499720165467522
2025-02-05,-0.013171603204494398,-0.0041132937314469036,-0.0027865226452213183,-0.0022255080138758763,-0.0024429024407606943,-0.0041562992154229594
2025-02-06,-0.00018674606159330143,-6.40693324378755e-05,-6.32223160842723e-05,-5.7992414452545454e-05,-5.9333714607913435e-05,-6.923674754845894e-05
2025-02-07,-0.0016282119303986375,-0.0005430350274904392,-0.000484708155354777,-0.0004439014414040353,-0.00048130221021996597,-0.0005733713594475817
2025-02-08,0.0022743081960876488,0.0007530843071328499,0.0006542527252978997,0.0005965890265713468,0.0006481698902929368,0.0007892526658196387
2025-02-09,-0.003038869909599118,-0.0010352651403249364,-0.0009877708625923142,-0.0009556086246299837,-0.0010481291290204233,-0.001095582823823413
2025-02-10,0.01106297210035545,0.003778467431530551,0.0036324915286102696,0.003532487550520868,0.0038938236423255892,0.003999550724182559
2025-02-11,-0.01611259239014018,-0.005523356442028752,-0.005368433202939337,-0.005250884002055005,-0.005811236182932131,-0.00585541354453382
2025-02-12,0.02035607752805757,0.006974970309427036,0.0067705881140807216,0.006600412206306113,0.007341197619951,0.007394836629886897
2025-02-13,-0.012497962293392395,-0.004276215534507369,-0.0041331173083644255,-0.004007141262058414,-0.0044767005460820495,-0.004535946169157092
2025-02-14,0.009111935694327444,0.0031216934767666544,0.0030288011980397662,0.002947210832428813,0.003299065238905902,0.003300816615491022
2025-02-15,0.00173366838716138,0.0005946657453828241,0.00057904240851651,0.0005663507223044482,0.0006312327077991622,0.0006299062019147277
2025-02-16,-0.014356737494352068,-0.004943409079413268,-0.0048676576348352756,-0.004814844595563684,-0.005330804017926464,-0.005206217589447712
2025-02-17,-0.004073049926130778,-0.0014018349112503738,-0.0013785729174245478,-0.0013612432201775759,-0.0015072552589596264,-0.00148613150277665
2025-02-18,-0.0036170504605429477,-0.00124673370465807,-0.0012312887046423394,-0.0012165598869351597,-0.0013517148252984148,-0.0013157086818735137
2025-02-19,0.012613480249799913,0.00434897938337729,0.004298888772707785,0.004245255382389707,0.004730302249909842,0.004569776110121763
2025-02-20,0.0180480505726901,0.006221257073802838,0.006145349385080463,0.006054849813392121,0.0067741913684875935,0.0065548092316401714
2025-02-21,-0.02381515537057477,-0.008200957429728381,-0.008077451457183773,-0.007930310916782821,-0.008820509430851827,-0.008725163278341748
2025-02-22,0.005796160474718315,0.001989053095201699,0.0019394186853044437,0.0018834137523054196,0.0021129208612829845,0.0020985479525737765
2025-02-23,-0.0053213845542468,-0.001831806521674707,-0.0018023473026433697,-0.001772390922026631,-0.0019300069975921386,-0.0019554012927163644
2025-02-24,-0.043937005789182026,-0.01513688935168612,-0.014928265718357077,-0.014706661420549513,-0.016156039584948514,-0.0160358985426325
2025-02-25,-0.03374257515940793,-0.011527201611543905,-0.011089725965445224,-0.010612049286113076,-0.011597299715069702,-0.01217937543430807
2025-02-26,-0.053867908370506035,-0.018170048437573645,-0.01680417427058182,-0.015397853951511623,-0.016813840476706268,-0.019065496426392062
2025-02-27,0.007590659223793539,0.0024447307587250697,0.0019108167066363676,0.0015014499331569696,0.0015836686444594486,0.002483420701547786
2025-02-28,-0.004509770573770111,-0.0015003349951925175,-0.001325612460653839,-0.001160460164215783,-0.0012506076448491601,-0.0015637722406846568
2025-03-01,0.018999511786565337,0.006391175217141761,0.005858654380311601,0.0053374724515977785,0.005809464299577311,0.006694694642014611
2025-03-02,0.098825828923641,0.033267979444048225,0.0305692600807114,0.027860195414016853,0.03060637003629738,0.03493475790426927
2025-03-03,-0.08493849218829597,-0.027334262879491485,-0.021281209729103856,-0.016826118847982092,-0.01718966716174539,-0.027788073383117416
2025-03-04,0.011675250364731049,0.003464010502348529,0.0017045855303414459,0.001055420603444626,0.0009013543334002441,0.0029718531589806637
2025-03-05,0.03774140124235603,0.011553576425825104,0.007016622924910284,0.004767617926671687,0.004401650930800528,0.010750166355070817
2025-03-06,-0.004384709346202387,-0.0012958437389047849,-0.000615900466119087,-0.00037873262865179095,-0.00035165697195044536,-0.0010913936034515263
2025-03-07,-0.04066052974821455,-0.012369690560962853,-0.007233539250805073,-0.004713324676542828,-0.004541754656114756,-0.011347493727456468
2025-03-08,-0.0044170697918117785,-0.0012873046092912311,-0.0005410311582895186,-0.0003148647315431441,-0.00030157035760651745,-0.0009983501521182165
2025-03-09,-0.0640988806665751,-0.019157367232618416,-0.009941600907057702,-0.006034701325954011,-0.005938248905233659,-0.01639923017583232
2025-03-10,-0.020358104682019373,-0.005711438991204364,-0.0015059847257459728,-0.0007668048203588477,-0.0007196896606302598,-0.0032269600645113195
2025-03-11,0.04735339025587715,0.013200766758492535,0.0031245555534660835,0.0014966980397657784,0.0014803893762954106,0.006752769573801349
2025-03-12,0.010671035917402705,0.002885387470346569,0.0002893319716619692,0.00011802867447567124,0.00013217000229683119,0.0007684653098773816
2025-03-13,-0.030131104831296218,-0.008270734450421084,-0.0013934404098251872,-0.0006052439061832973,-0.0007009005388010734,-0.003201393454838703
2025-03-14,0.03693174488401674,0.010005951952534427,0.00109297375293895,0.0004858007211497869,0.000563596929713206,0.0025659397649315263
2025-03-15,0.0029372962577474127,0.0007854816927112491,3.811104163357749e-05,1.823925039447852e-05,2.3555585161394933e-05,9.341215604691442e-05
2025-03-16,-0.02205940725004707,-0.005994685937878149,-0.0007379780690807997,-0.0003782023025997375,-0.0004653950585849165,-0.0015344244166498537
2025-03-17,0.018448368233770163,0.004997018099154964,0.0005402038361605597,0.0002840625203403937,0.0003574738685036327,0.0010588260649330708
2025-03-18,-0.0158680910261787,-0.004310687826877935,-0.0005237673955569174,-0.0002922444735821072,-0.0003728962213589697,-0.000987637546047781
2025-03-19,0.04950881215946734,0.013505058990215923,0.0018946619837551754,0.001099692837012112,0.001391853452043512,0.0032948885090686784
2025-03-20,-0.03053053457783772,-0.00819465338018962,-0.0005391778825452676,-0.0003561924957883731,-0.00042234142109066577,-0.0009634582604271867
2025-03-21,-0.0006604829336770424,-0.00017755432724085474,-1.2979239956223915e-05,-8.204361391286879e-06,-1.0000250883242282e-05,-2.4180595712294132e-05
2025-03-22,-0.0029521782061706636,-0.0007983297164406143,-8.033178555658351e-05,-7.577017224341876e-05,-7.082387025400774e-05,-0.00010639773730108186
2025-03-23,0.023140454626765505,0.006328478477073968,0.0009611028077295637,0.0009581592849936372,0.0008742524219664913,0.0011774976581939722
2025-03-24,0.018209822238062223,0.004966592461308092,0.0006936155332010449,0.0007365344614646088,0.0006504617576390404,0.0008415047111527885
2025-03-25,0.0011482798716879739,0.00031337100204067303,4.460768647696545e-05,4.778577472397069e-05,4.2217585077543684e-05,5.396152137473917e-05
2025-03-26,-0.0067049582851412826,-0.0018878363338322671,-0.0005279981925846138,-0.0006330349169272728,-0.0005483532480464336,-0.0005796147130823757
2025-03-27,0.004314397305796636,0.001236813072133883,0.0004383418298489685,0.0005270216300129486,0.0004608713779210997,0.0004623794339661773
2025-03-28,-0.033278312129852106,-0.009995234787260618,-0.005373121714659598,-0.0063291328023939815,-0.005756020211373974,-0.005470961776362613
2025-03-29,-0.021491150694367134,-0.00620588414746429,-0.002384404581562895,-0.002944407231297224,-0.002521837728387558,-0.002399952229558463
2025-03-30,-0.003402692956054554,-0.000975469709529199,-0.00034604100167076113,-0.00044616034693992267,-0.0003676892117164597,-0.0003406181105534561
2025-03-31,0.0029797309638022185,0.0008740301347972978,0.0003899661066780852,0.0005125146896138207,0.000419102858576566,0.0003722393198926975
2025-04-01,0.03353402320923804,0.01037326196566519,0.006684861073259885,0.008328701495972651,0.007253595231337971,0.006364268596958259
2025-04-02,-0.03134090684096902,-0.00935260431673514,-0.004798150539343359,-0.0065126800039857664,-0.005192043117442193,-0.004585262646213428
2025-04-03,0.004555305280219857,0.0013004376088961442,0.000439787438206036,0.0006805781290439232,0.0004716148617099049,0.0004041536499265325
2025-04-04,0.010158749483303753,0.0030261518987714977,0.0015316304279594216,0.002134835626810994,0.0016646989180304377,0.0014144704965420446
2025-04-05,-0.0056342916561193945,-0.0017436803803091373,-0.0011271923106710793,-0.0014457484123393623,-0.0012359094452219991,-0.0010573380432410146
2025-04-06,-0.06426102683444102,-0.020487263455705094,-0.01532095432430374,-0.018276738484651892,-0.016878113264021402,-0.014520456817042084
2025-04-07,0.018893305186273412,0.005556940179892945,0.002545241001161995,0.003677328326628972,0.0026142146857781666,0.002210096967041629
2025-04-08,-0.038659092461742595,-0.011456271518538416,-0.005573461436948067,-0.007793569694673156,-0.0058504434772821854,-0.004929239960942129
2025-04-09,0.08341918413277072,0.02357886726281182,0.006979434366641715,0.010843875765583414,0.007085062258861463,0.005886801980028745
2025-04-10,-0.03822080026716035,-0.01038680262008373,-0.0012785293088860487,-0.0021047111650084114,-0.001151699792195437,-0.0010367449905965415
2025-04-11,0.04777518320980212,0.012811371764889275,0.0007875803439763378,0.0012138819116049688,0.0007186139289446478,0.0005735397162157043
2025-04-12,0.022904898006020913,0.006101295296448548,0.00018262807202761011,0.00023267610799918584,0.0001706073092142808,0.0001127290597361091
2025-04-13,-0.01994030773942823,-0.005315768196804532,-0.00017889415746237292,-0.0001998515543427255,-0.00017759941309478358,-9.374513043340991e-05
2025-04-14,0.012206422640835823,0.0032565447666724496,0.00012149290017906533,0.00012080899222200395,0.00012255409115384644,5.106898710636533e-05
2025-04-15,-0.010848787555023831,-0.00290895645813336,-0.00017765053280591973,-0.00016426298399193468,-0.00019643803494330184,-6.608250116791567e-05
2025-04-16,0.005739023208297667,0.0015464029403126952,0.00012980994009074618,0.0001166730740862807,0.0001471623339617781,4.422065564734422e-05
2025-04-17,0.00937651452837307,0.0025618600191521608,0.00037799518994296706,0.0003409717821967455,0.0004394073036408329,0.00012280947789126888
2025-04-18,-0.0059548814546587225,-0.00166251211553143,-0.0004043991247207443,-0.0003675925945941698,-0.0004774964887610361,-0.0001320202637913314
2025-04-19,0.008171381616985052,0.00232961614535433,0.0007728906118394268,0.0007131040075342947,0.000909140422197715,0.0002575167104826377
2025-04-20,-0.0002699021061011164,-8.873138144711016e-05,-7.748444362299959e-05,-7.866806822541531e-05,-9.059995583716048e-05,-3.120451515636434e-05
2025-04-21,0.026544387639777067,0.008163409596281002,0.0050917857378057095,0.005118043984229526,0.005886045735139757,0.002141308929517479
2025-04-22,0.07022481961256588,0.021186702556724404,0.01174028380597242,0.012874276520512398,0.013758971840134382,0.025489019727053277
2025-04-23,0.002140526027485379,0.000617392826575729,0.00016015133899031464,2.915050258100671e-05,0.00017956612804727413,-0.00018217100219603398
2025-04-24,0.0016451260333205653,0.0004902329864793657,0.00020628617285753755,0.00014255035111579767,0.00023555072657319541,0.00013777518140507851
2025-04-25,0.009819202796590432,0.0031396567537682885,0.002057338290979679,0.001312105383447073,0.002310245682096726,0.0012911674626286062
2025-04-26,-0.000811444052864374,-0.000278600888686545,-0.00024074029804509907,-0.00011291866563802356,-0.00025405722574913566,-0.00016091699009362172
2025-04-27,-0.009310302744829801,-0.0031998951817745207,-0.0027636139104458683,-0.0013092057242818356,-0.00299891182856476,-0.001326585881815301
2025-04-28,0.013357917358960636,0.004640419258735527,0.004138206754471405,0.0016829618602700804,0.004503445710039994,0.0015448500385217192
2025-04-29,-0.01013170502198979,-0.0035539267990852374,-0.003258697418059487,-0.0010848755284645227,-0.0035481824209433474,-0.0010184760702775715
2025-04-30,0.00142282859299514,0.0004998824007680529,0.0004603784564559229,0.00015255775110268943,0.0005008245605855909,0.0001448876581871801
2025-05-01,0.02308027550656977,0.008226771813448107,0.007876610266717536,0.003058130275861977,0.00854119542036241,0.0028933594007899697
2025-05-02,0.004463769994125899,0.0015816993757443475,0.001491013444290138,0.00033173982912380846,0.0016148997655041318,0.0003252642584334589
2025-05-03,-0.009277893945286664,-0.0033170958594757973,-0.0032009498403102565,-0.002757460052604631,-0.003406781167366184,-0.0032588043551767813
2025-05-04,-0.016320226133777704,-0.005845153804433526,-0.00566572989418773,-0.005094609890479171,-0.006084569233553001,-0.005061790268549524
2025-05-05,0.005042923130607058,0.0018024949547889141,0.0017381700174235932,0.0012594418491755559,0.0018675692670241059,0.0011981305970467566
2025-05-06,0.0192316595898403,0.0068988902647097,0.006714176420491233,0.005684890503351786,0.007229657143105462,0.005492599065751771
2025-05-07,0.004752390042400245,0.0017000817948687864,0.0016429546740346379,0.0009553970253969932,0.0017446355803015171,0.0011431276071899455
2025-05-08,0.06106983582587011,0.021923862019728426,0.02137748346701557,0.01627784573068246,0.022784695172159253,0.016141421736713225
2025-05-09,-0.0012490241750147124,-0.0004464609480341764,-0.00043053792079946065,-0.0002877458586082502,-0.00045512157563225633,-0.00028063828837465927
2025-05-10,0.01595109820170526,0.005663977404926299,0.005368892369413608,0.002110568895136256,0.005580157753082232,0.0021053985997984736
2025-05-11,-0.005800990992860355,-0.0020631620758,-0.0019640196816145847,-0.0006451182860416646,-0.0020540683724793074,-0.0006831426321817324
2025-05-12,-0.010156783395042446,-0.0036331796103503794,-0.0035105435038547675,-0.0014709189013857155,-0.0037260066312955306,-0.001434986860885366
2025-05-13,0.011908630457952318,0.0042645096171725965,0.004132090406668738,0.0016239259683132343,0.004400667610658112,0.0015777864623259753
2025-05-14,-0.005501831743081831,-0.0019728781755282204,-0.0019181658496401416,-0.0006968720907740065,-0.0020532312317637223,-0.0006791200557442905
2025-05-15,0.0013861208421792615,0.0004972327879970554,0.0004839088154761172,0.00018215181168783868,0.0005181887711957545,0.0001767174619245948
2025-05-16,-0.0014463954026648906,-0.0005210161877098166,-0.000512354287718521,-0.0002460678363070097,-0.0005477664265244818,-0.0002370545113727448
2025-05-17,-0.0036327254912573714,-0.0013084671725665615,-0.0012864605160748928,-0.0006342263521557399,-0.0013729357248470208,-0.0006082550610808234
2025-05-18,0.0273829571783335,0.009863699132874498,0.00969941852680127,0.004711183861917589,0.01040804465900084,0.004456100323917568
2025-05-19,-0.0037717142550488525,-0.001353125241746324,-0.0013171682153761074,-0.0007761001968314748,-0.0014075342469564113,-0.000768026546256673
2025-05-20,0.012095736972719484,0.004343625256022119,0.004238552777391494,0.0034003020889476613,0.0045378281380942815,0.0033246540093932286
2025-05-21,0.0263021590355057,0.009447864987884611,0.009225842702192818,0.007462198378765025,0.009909221682453444,0.007238276529363197
2025-05-22,0.01615388086802838,0.005766134186697989,0.005541173801501566,0.0028021361020506104,0.005890845314037454,0.0032122170257104523
2025-05-23,-0.03754249991271208,-0.013402685588488485,-0.012884404427330323,-0.007018889474939543,-0.013813519033344013,-0.00618793204718686
2025-05-24,0.005829325267806995,0.0020327305600202606,0.00183305542293004,0.0005614866243454818,0.0019174041054155853,0.000614020109735627
2025-05-25,0.009243633853377009,0.003270142342918744,0.0030693074667380305,0.0014601611615006375,0.0032532319093048745,0.0014838953452178737
2025-05-26,0.0041969345981098805,0.0014934204125486886,0.0014235222040722931,0.0006940773250006816,0.001519252077073048,0.0006694611530776917
2025-05-27,-0.002794495636876393,-0.0010027264510982222,-0.0009765561763699411,-0.0005261558038655107,-0.0010549575680008753,-0.0004922032336413979
2025-05-28,-0.010736063727556644,-0.0038573205382743505,-0.0037688177128846444,-0.002049430363751765,-0.004073316208100702,-0.0019343905728737443
2025-05-29,-0.02004204497333195,-0.007199586566837206,-0.007031341967393905,-0.003751837180111924,-0.007592760527679057,-0.00358954471543362
2025-05-30,-0.0165667826680439,-0.00593083389565306,-0.005742303532709064,-0.0023381446255482516,-0.006182569432006306,-0.0023013944526056322
2025-05-31,0.006998000328775289,0.0024999767285377415,0.0024074883610011354,0.0009513158935781478,0.0025688157356982015,0.0010791922693847177
2025-06-01,0.009943710003007977,0.003563886344097299,0.003460656526081545,0.0017998417447547671,0.0037209124184581226,0.0017921398065521834
2025-06-02,0.001414061242183129,0.0005071688261103082,0.0004933657112207922,0.00026610718179675085,0.0005314181704027289,0.0002580657157886039
2025-06-03,-0.003925519973857261,-0.0014126381760672271,-0.0013857370113198265,-0.0013374057869926532,-0.001487815717160905,-0.001323956477967134
2025-06-04,-0.006646891915636499,-0.0023930132235529455,-0.002350029621659115,-0.0022125666805561067,-0.0024525417565935755,-0.0020050979866468605
2025-06-05,-0.02971530699063485,-0.010698324348906533,-0.010506702172087545,-0.009873101623383548,-0.010903122160284492,-0.009370442424714336
2025-06-06,0.02706681383871179,0.009666230906152056,0.00930081762703304,0.004639300027013447,0.009328058243544345,0.004722452075859586
2025-06-07,0.012106743173483814,0.004287214761761941,0.00403458433334244,0.001583582921939249,0.003952213158020659,0.0014686614576564394
2025-06-08,0.00040203557368090337,0.0001415870939274188,0.00013128091892618347,3.493221161294348e-05,0.00012231837328910194,3.564288403412381e-05
2025-06-09,0.04228236692730669,0.015134653257318368,0.01464801393148614,0.009519237544791554,0.01535887977727783,0.00886703007664282
2025-06-10,-0.001125605305330235,-0.0004021539127510195,-0.0003873608080636671,-0.00023936441581079267,-0.00040443700769119404,-0.00022814922484818293
2025-06-11,-0.012976106786820929,-0.0046182548288975465,-0.004404417994610467,-0.0021976812448667176,-0.004569830260145706,-0.0022219843771839774
2025-06-12,-0.0243617339941391,-0.008678801245105823,-0.008297657974051178,-0.003632743529585609,-0.008664861983831283,-0.0036319827974530578
2025-06-13,0.0002437406015962651,8.316434603942353e-05,7.034144515174252e-05,-2.203279431380972e-05,6.692154256173819e-05,-1.0556502845785612e-05
2025-06-14,-0.005260214864217239,-0.0018790577844412634,-0.0018093139756464982,-0.000846250589391695,-0.0019206684769025604,-0.000795147389161551
2025-06-15,0.0004332032616127801,0.00015359108886436383,0.00014501908028744512,6.0340831596360216e-05,0.00015065458599207337,5.9292199920398854e-05
2025-06-16,0.016406880968748982,0.005893019278996924,0.005753519281546629,0.00305311056184103,0.006175005964016502,0.002898806624662305
2025-06-17,-0.024388669241453442,-0.0087499210776592,-0.008518301975918375,-0.0037994782680503816,-0.009152722592293227,-0.0036170037529229433
2025-06-18,0.0017678804923713098,0.0006279249051011611,0.0005956944818525216,0.00017328591003617914,0.0006336033905725059,0.00018514647973464848
2025-06-19,-0.0009888649175316955,-0.00035620798005632113,-0.00035031369548127255,-0.00022866380638588527,-0.0003805458747338236,-0.00020942352971981145
2025-06-20,-0.013702280141872691,-0.004924645295757025,-0.004815577751581528,-0.003628740829185511,-0.005204106068527925,-0.003482186775206106
2025-06-21,-0.016720049829324513,-0.006002617231166852,-0.005853455846709323,-0.0038388522015211815,-0.006331148367661828,-0.0036150343714285095
2025-06-22,-0.00639068198957482,-0.0022902549251595456,-0.0022234147672672024,-0.0013100634512326482,-0.002404804611641734,-0.0012235334928053635
2025-06-23,0.04556737602628069,0.016359466548260673,0.015954054174260417,0.012427757700550789,0.017343277298411636,0.01156580854079835
2025-06-24,0.0044277834812112005,0.0015576054861796227,0.0014397887444297158,0.000312733525873409,0.0015402106547261938,0.0005715760720694287
2025-06-25,0.012655234216413236,0.004506123788444713,0.004302545436405887,0.0020408318264576513,0.004644271517380163,0.0021336531490699475
2025-06-26,-0.0027234723260119997,-0.0009733735040505679,-0.0009384444620007075,-0.0004229352519648333,-0.0010121179754296568,-0.00042707206852098795
2025-06-27,0.000730157611013027,0.00026034146097382414,0.0002494705121090419,9.898757551229589e-05,0.000269144075555675,0.0001008072883242628
2025-06-28,0.0024900152400135767,0.0008942651203551912,0.0008728551901573251,0.0005044950711477735,0.0009279367850529916,0.0004888940657789804
2025-06-29,0.009345257016376118,0.00336325276296558,0.003299852175458968,0.002025399883439495,0.003525344255224449,0.0019317059442032546
2025-06-30,-0.011146091824477566,-0.004011679098060685,-0.003936851484623964,-0.0022033283882680944,-0.0042235088887158205,-0.002112067031085758
2025-07-01,-0.01480819986699955,-0.005326514931903436,-0.005219298436905455,-0.002817178412388055,-0.00551979371559356,-0.003078518579382653
2025-07-02,0.03183569111241824,0.011432744474985298,0.011157239419764087,0.005530861547107446,0.011809235127160098,0.00559139095289477
2025-07-03,0.006472442440839554,0.002300280949714723,0.0021855689505631713,0.0006212497702398368,0.002254427075321436,0.0008011341468370661
2025-07-04,-0.01414515029673935,-0.005062088007829994,-0.004896721390924695,-0.003302302963253207,-0.005176029983776358,-0.003330427563448871
2025-07-05,0.001511759300332427,0.0005406034404518713,0.0005219399568308659,0.0003283342904516465,0.0005528711061078197,0.00028930310420748637
2025-07-06,0.008639831459630765,0.003100163375623007,0.0030192027337101078,0.0022657624159197367,0.003232315225575857,0.002165937427784293
2025-07-07,-0.008523580273197884,-0.00306357274313676,-0.0029961358934976036,-0.0021824031028364606,-0.003226811409399483,-0.0020874446452428456
2025-07-08,0.006533345149690506,0.0023488535596132235,0.002298659272601317,0.001642712415712853,0.00245813766334277,0.0016061835791132467
2025-07-09,0.02257939676084031,0.00812460757799171,0.00796788221597069,0.0056974356590723235,0.008484501202170078,0.005552895888089594
2025-07-10,0.04000381266449504,0.014337954724797746,0.013923519752456356,0.006597667385900282,0.014667906621448849,0.007711344300795073
2025-07-11,0.015056895870083187,0.005309183911555018,0.0049389984827162775,0.001445753085106445,0.005006959320869498,0.0015798203350279327
2025-07-12,-0.0020084624026709408,-0.0007118512564698945,-0.000671462647599141,-0.0002654989608396565,-0.0007027399849823358,-0.00020607676824038973
2025-07-13,0.01292668169908695,0.004610476178094104,0.004421361462252584,0.002464563123011244,0.004682154152006677,0.002165824295474989
2025-07-14,0.00816956465702745,0.0029198207885543707,0.002815046592610412,0.0014005107982740254,0.003011694358917529,0.001206277809446568
2025-07-15,-0.018021068117895167,-0.006461701202776069,-0.006281532473404901,-0.003503721709990901,-0.006812986117736813,-0.002934669784634255
2025-07-16,0.008659324341395713,0.003095453365946035,0.0029858440127731468,0.0012673488058649177,0.0032718961963968825,0.0006085325787826658
2025-07-17,0.006497723903257313,0.002328625446448909,0.002260687725912142,0.0011139056844574017,0.002469364253936239,0.0008472361638521541
2025-07-18,-0.01291323073810502,-0.004639892235719853,-0.004534276825220316,-0.00247230269981568,-0.004890056305687099,-0.0024575399715263267
2025-07-19,-0.00042376323843829056,-0.0001523720328266865,-0.00014916900638146002,-9.281468264471667e-05,-0.0001609841562140817,-9.261037477396903e-05
2025-07-20,-0.005112809102315485,-0.0018397721475695717,-0.0018044334050109896,-0.0011344579620405657,-0.00191438869838844,-0.0011281594031341546
2025-07-21,0.0010805502330180072,0.0003886967797978855,0.0003809276299268864,0.00023823769499572729,0.00040416152545132736,0.0002354975950449128
2025-07-22,0.02244328953715269,0.008083497602732595,0.007946750590327444,0.007961105928602752,0.008559741431471878,0.007757385525845174
2025-07-23,-0.011805131714448414,-0.005391232586400782,-0.004757988126264138,-0.0028850711565588734,-0.004703581290000646,-0.0026066002517396865
2025-07-24,-0.0023051316925389864,-0.0010343786060009622,-0.0009178230810772088,-0.000644235362698632,-0.0009171719136136798,-0.0006224813858083784
2025-07-25,-0.0072388047794244015,-0.0033239429638046306,-0.0030713392325379704,-0.002224997347008975,-0.0030049338282918826,-0.00214852169208025
2025-07-26,0.0039400150220378904,0.001811419382700811,0.0016771154574675552,0.0012521614617212518,0.0011926749770768115,0.0012080670473475113
2025-07-27,0.012331921663849554,0.0057199925465267155,0.00537368787385303,0.0041309032186651745,0.004605976920452181,0.004034907008449288
2025-07-28,-0.01185154614786732,-0.005463612988518047,-0.005081555572798203,-0.003616854942333407,-0.004547697111695925,-0.0035481779164790853
2025-07-29,-0.0012816729767485269,-0.000589675470375509,-0.0005466166682672142,-0.0003954486703195991,-0.000517883493767996,-0.0004469432309372642
2025-07-30,-0.0011769374836670954,-0.0005508400124187878,-0.0005250660932623385,-0.000410705293475191,-0.0005436612723897185,-0.00038190455772896975
2025-07-31,-0.016004938112653688,-0.007464692028749685,-0.007075106701893936,-0.005349915750149635,-0.0072229851021307365,-0.00513898778713364
2025-08-01,-0.022151337251488767,-0.010155903976266692,-0.009359140065362028,-0.0061059881068659255,-0.009660211912647496,-0.00610860054190505
2025-08-02,-0.006501207062361014,-0.0028789982638293033,-0.0024913725236645375,-0.001564335712618091,-0.0025584813099852883,-0.0012732051958342454
2025-08-03,0.015265094006442048,0.0068501781687285886,0.006078620515262346,0.0044959877393076,0.006192347433693797,0.004120018272664953
2025-08-04,0.00819367621706335,0.00362920262090051,0.0031424635906956476,0.00203695139280861,0.0032276168860318026,0.0019757769317744313
2025-08-05,-0.009449420726870938,-0.004262975858852384,-0.0038196363718501496,-0.002625320956869514,-0.0038638684435770157,-0.0024541765003822155
2025-08-06,0.008091374270946083,0.0036619523802873854,0.0032997408823627556,0.002216708621537269,0.003338221057854647,0.002104855050975469
2025-08-07,0.020952248500606396,0.009568393238764173,0.00875882250817825,0.005868330172266677,0.008848348189538916,0.0055870713842545465
2025-08-08,-0.005996225633439045,-0.0026628214511688415,-0.0023168412780599254,-0.0013193177991739887,-0.002374041400907061,-0.0014065921683931418
2025-08-09,-0.00196188651976692,-0.0008940782642305913,-0.0008157361045652971,-0.0005571954824404142,-0.00084284751892579,-0.0005340302164725494
2025-08-10,0.022980897524015997,0.010549522477901094,0.009742562104963116,0.006280999649560378,0.009916903822797871,0.006080758668949638
2025-08-11,-0.0037516412437786917,-0.0016741528870509908,-0.0014698751917369252,-0.0007844858151121363,-0.0015069167195229567,-0.0007437534829327403
2025-08-12,0.011893697044166984,0.0053756125430093485,0.004832206764769576,0.003142486729947016,0.004864399017804357,0.0029156665173747636
2025-08-13,0.02736776132658547,0.012376944678777042,0.01113831897635254,0.0068794122881617225,0.01129308990333451,0.006669971807617796
2025-08-14,-0.03995707601716336,-0.016992450990404733,-0.01350851766968164,-0.0067542408195750735,-0.014072518199669763,-0.009046005394794965
2025-08-15,-0.010117784054966994,-0.003828359637100093,-0.0021243396639763694,-0.00114166743859617,-0.0022934308748930724,-0.0013381622786935085
2025-08-16,0.0012890234324782757,0.00048431441353574104,0.0002616154847771811,0.00015069229752451554,0.0002832618898794621,0.00016303896884482414
2025-08-17,0.0011878299248888613,0.0004614167442135092,0.00028353132046164627,0.00018725199110516147,0.00030277003705685645,0.00017567359437672627
2025-08-18,-0.010961024110869078,-0.004789209113200495,-0.0040374699686745235,-0.0023168169863164115,-0.00418753561150115,-0.0021750259710592635
2025-08-19,-0.029462015807062092,-0.012909450908919776,-0.01094259802161644,-0.005525958666083496,-0.01152913411379108,-0.00573497271608798
2025-08-20,0.012324098066127442,0.004911730560254556,0.003291761911628108,0.0012475905317307476,0.0035268655382640953,0.0007560235527378661
2025-08-21,-0.016890652908929882,-0.006874702357811948,-0.004894601985421151,-0.002338097234822758,-0.00514823068537282,-0.0017057000428447565
2025-08-22,0.03964387728439278,0.01572265633408279,0.010366647664920153,0.00507042154958511,0.011085841226815066,0.005013077307445036
2025-08-23,-0.013018147192231155,-0.004613087036328707,-0.0018209127596964729,-0.0011072050001421638,-0.0019940874940576336,-0.0008666481093364301
2025-08-24,-0.015304610020022258,-0.0054131120703305325,-0.002117711318403014,-0.0017765473322108574,-0.0023296712366517682,-0.001627883109739393
2025-08-25,-0.030185925008403225,-0.010601708539331907,-0.003950824797338197,-0.004201360617549412,-0.004224634464759442,-0.0028641617284657704
2025-08-26,0.016402669053107832,0.005392900158275428,0.0010005847863334345,0.0016111648741398603,0.001069779306892433,0.0013338580690809326
2025-08-27,-0.005746338632020231,-0.0018908686685447955,-0.0003548894441578491,-0.0006446808607065328,-0.0003798553089335507,-0.0005948239059978388
2025-08-28,0.01104557468134626,0.003750359533318794,0.0010483723370590392,0.0016532821125563348,0.0011219061224661921,0.0015671968052945737
2025-08-29,-0.03563105781715892,-0.012406418202886243,-0.004336182801548145,-0.005119319572342859,-0.004633188329863587,-0.004734268683021934
2025-08-30,0.0025150917935148343,0.0007970388834801853,5.842889470379322e-05,0.0001681708937228732,7.36153137587098e-05,0.0003530902880599991
2025-08-31,-0.003951440366225967,-0.0013533302279909042,-0.0004125379820377164,-0.000634026557787362,-0.0004589906812145492,-0.0006302419031111725
2025-09-01,0.006239843896554076,0.002212420498460871,0.0008786792857006611,0.0010353221092288594,0.0009505984174752743,0.000994471290598488
2025-09-02,0.01971352159489581,0.007429446797029641,0.004065646715150999,0.003810957083645046,0.004319668210108884,0.0035241568669033777
2025-09-03,0.005756622054155169,0.0020844254675968475,0.0009413904897066861,0.000754400162726061,0.0010296768056792772,0.0008773818862554222
2025-09-04,-0.007873540165771353,-0.0030664448440632856,-0.0019053233849723942,-0.0015224481113516911,-0.002059609514284599,-0.0015426920547602773
2025-09-05,-0.0017078705715924958,-0.0007051671593775372,-0.000522886878735231,-0.0004171010036311194,-0.0005712006776352321,-0.0004521310281169803
2025-09-06,-0.004223408459177014,-0.001831018440699717,-0.0015201090136968461,-0.001108018416493752,-0.0016112781875910565,-0.0010579303474659754
2025-09-07,0.009652562050113112,0.0042655195828537225,0.0036764264001379818,0.002487971799917894,0.0038469955641021844,0.002388035411597558
2025-09-08,0.007227950481624834,0.0032356107248780078,0.0028583097534351,0.0017185318269356032,0.0029722115434136476,0.0016375323536022978
2025-09-09,-0.005582926499974161,-0.002545091561323194,-0.0023227730175159732,-0.002048378964039837,-0.002340188566579709,-0.0019052185764115805
2025-09-10,0.021925111172335532,0.010074134679778897,0.009318030587540693,0.007970723293505908,0.009573568019132096,0.00777968977915563
2025-09-11,0.013298117761678219,0.0058809385205202055,0.005077295122308738,0.003269197197314508,0.005295226073321842,0.0030512354602658196
2025-09-12,0.006092564827105074,0.0026911886520380453,0.0023178731248983944,0.0015774472073468641,0.002450931686999565,0.0016468165185796518
2025-09-13,-0.0015802650532796836,-0.0007236078380039719,-0.0006657069394710542,-0.0005658673755640347,-0.0006919179805656381,-0.000544408109013071
2025-09-14,-0.004912611951150225,-0.0022679410191942077,-0.0021144366545896593,-0.001684992028334001,-0.002185184726808622,-0.0016449337012841617
2025-09-15,0.00021663147015127393,9.710073381240501e-05,8.60489646102888e-05,7.099886532732706e-05,8.95428355252735e-05,6.976840742629859e-05
2025-09-16,0.011938347881134792,0.005563241680941181,0.005265642656721496,0.004123787416926777,0.005467150147254073,0.003980170431983381
2025-09-17,-0.0019100307021194807,-0.0008873552546372157,-0.0008357774283439528,-0.0006263354165643523,-0.0008683396291773753,-0.0006073255426011674
2025-09-18,0.003762781104531765,0.0017496089510129727,0.0016502109102496773,0.0012435307117348012,0.0017143440031631458,0.0012120230450384274
2025-09-19,-0.011981891970710645,-0.00559769286494481,-0.005319607029036619,-0.0041143699870656945,-0.00547693984042214,-0.00403301296818304
2025-09-20,0.0012178058088307964,0.000559425006936597,0.0005172897426022551,0.0003520087245555277,0.0005531357856534254,0.00037734901081454833
2025-09-21,-0.003734732678062014,-0.0017436343594981268,-0.0016552971546973097,-0.001555835618410176,-0.0017373428254313108,-0.001512807337655415
2025-09-22,-0.02248640113547129,-0.010503050243227681,-0.009978066985835173,-0.00986519002385596,-0.010315231004175302,-0.00991599428455713
2025-09-23,-0.005990669637998658,-0.0027205553647287346,-0.0024660234047747943,-0.001949242271776115,-0.0025949690970100098,-0.0019236848849046432
2025-09-24,0.011353887881430103,0.005187646113928042,0.004752762326068486,0.0037954156524333225,0.005014201971537089,0.0037394990178476234
2025-09-25,-0.03669348713022769,-0.016751651492768284,-0.015325886652769877,-0.011467223834983113,-0.01631308639718965,-0.011701058236766912
2025-09-26,0.004605395355927078,0.0018845116039426053,0.0013654152958141594,0.0005315527656174243,0.0016083124377114513,0.00042151653811475076
2025-09-27,-0.00022222735036092622,-0.00011595286597456531,-0.00013085335180347988,-0.00011840321789992298,-0.00013977416714393891,-0.00019155225874953346
2025-09-28,0.023031449639779433,0.010382713311935758,0.009290065256387755,0.00559623921801825,0.010040368676563662,0.005505424846062328
2025-09-29,0.01935574127326789,0.00832558358480068,0.006789934492398174,0.0028667224125272254,0.007638408898152909,0.002654030264282171
2025-09-30,-0.0032306712516477765,-0.0013598000762650253,-0.0010551088822734235,-0.0004690038343227493,-0.001207653412700172,-0.0004392786643313821
2025-10-01,0.03879494584285825,0.016911600932415838,0.014184780818898521,0.007718122632704643,0.01601977166876857,0.00899819999207472
2025-10-02,0.018289245779117502,0.00704229024863665,0.004202867375831346,0.0016602289704484945,0.00558092983442343,0.002276980428222573
2025-10-03,0.01484368367096156,0.005581916398839468,0.0030276950104934823,0.0016172941623388624,0.004180847318482318,0.0021697453082630503
2025-10-04,0.0002584157027312184,9.622388461170267e-05,4.998035643950502e-05,2.154547688194099e-05,7.09047901955046e-05,2.4702667325907412e-05
2025-10-05,0.009348148278783386,0.0037501960908961404,0.0025592390364249317,0.0015297471416678677,0.00319448714290594,0.0015054301779589385
2025-10-06,0.010529838676101466,0.004378533904682316,0.0032985660361596718,0.0019357906608360059,0.0038188929648357234,0.001661729617270421
2025-10-07,-0.025930451406544486,-0.01103719420962828,-0.008793160265882269,-0.004731764597615064,-0.009912070246078203,-0.004508085895558685
2025-10-08,0.014825955826901938,0.005803607599702219,0.003669089713798929,0.001698920889484675,0.004521212461662991,0.00219278163310337
2025-10-09,-0.014482658196307674,-0.005678643358138046,-0.0036075756229656418,-0.0020096792720303413,-0.004439284154658849,-0.0021645665430067114
2025-10-10,-0.06454165587488558,-0.025154497851969458,-0.01565482138259412,-0.00978126612241368,-0.019561626105379384,-0.011518892781709403
2025-10-11,-0.024743899907599287,-0.008446098632984254,-0.0024800762819322864,-0.0016493928211991796,-0.0035516139004855237,-0.0017016580402541264
2025-10-12,0.03797367118447981,0.01241515311953841,0.0020868898118733695,0.0027365935851471714,0.0030802977451264294,0.0020599477809157946
2025-10-13,0.0015573716165602214,0.00048327842366943614,5.648999701943322e-07,8.59170482736157e-05,1.828378618039268e-06,9.509482769963712e-05
2025-10-14,-0.017386060432821537,-0.005640676351265044,-0.0008140536131789967,-0.001924379309558438,-0.0011732423800826525,-0.00198517820216015
2025-10-15,-0.021744202159976744,-0.0070090480048285156,-0.0008688040424228897,-0.001830105430260461,-0.001244472304578159,-0.001859235656580456
2025-10-16,-0.02460537796332596,-0.007843498290933896,-0.0006935323545415695,-0.0017038273014900916,-0.0012197759150764068,-0.005629253626029944
2025-10-17,-0.013958295297552104,-0.004408607820805271,-0.0002572310205202729,-0.0008701440178911529,-0.00043366846289351053,-0.0012169613193419896
2025-10-18,0.004860417667789552,0.001537797805649608,9.852683150706574e-05,0.0003598908894323215,0.00015303434802755355,0.00031984871267511106
2025-10-19,0.01458552120563028,0.004696784674162071,0.0005671181127345634,0.0015185317637505759,0.0008197650098551759,0.001311781094936906
2025-10-20,0.017787186954857592,0.005750650918960628,0.0007667368248313486,0.0015020869620363194,0.0010902401537563333,0.0014208344844505326
2025-10-21,-0.01753310799727048,-0.005644634946524769,-0.0006775648522821487,-0.0019512107768160257,-0.000954931317130637,-0.001964424003893393
2025-10-22,-0.00950090389488234,-0.003101813631977547,-0.0002740977271252731,-0.0003105308903066648,-0.00048375756442834805,-0.0003585040491217479
2025-10-23,0.022228655023977195,0.007324864619565081,0.000849814323774858,0.0008221059502773102,0.001486092798936765,0.0008316559579219793
2025-10-24,0.0087588419456337,0.0028512855108481783,0.0002295977344262672,0.00024171300714309537,0.00038885469871892875,0.00019390258784311877
2025-10-25,0.0053104527143545965,0.0017518955581156985,0.00020886923358715218,0.00023058946688946696,0.00033905880636258537,0.0001653313322510302
2025-10-26,0.026363632480763233,0.00897566349030498,0.0018577282527497767,0.0021721056559435357,0.0028234227198845937,0.0013752587941795972
2025-10-27,-0.004096879665923647,-0.0013643414123905113,-0.00019899331080916092,-0.0002391994551561145,-0.00030671510015456817,-0.0001392147512972751
2025-10-28,-0.009703826465116472,-0.0033153265687409406,-0.000718025774534663,-0.0009212750728211551,-0.0010875854430291685,-0.0004769109248198188
2025-10-29,-0.02455585963615492,-0.00853887318353332,-0.0022448838705940812,-0.002926709439479185,-0.0033738529520101635,-0.0014819054435358833
2025-10-30,-0.019841181394399277,-0.00664730236943938,-0.0010824024894931128,-0.0014560974278674112,-0.0017143924030215247,-0.0006909400374734687
2025-10-31,0.014205885103389937,0.004677982093693115,0.0005336750856301491,0.0007460732970732033,0.0008194257514870888,0.000316258877315986
2025-11-01,0.004117195547865826,0.0013610598069308268,0.00017041118715658497,0.0002401863598335618,0.000256383629777619,9.358267509364986e-05
2025-11-02,0.0034895844676039456,0.0011819602290806747,0.00022786243388251077,0.00032422368087413924,0.0003259705248431622,0.0001196777392386088
2025-11-03,-0.035269455197921684,-0.012695341376768698,-0.00443417530440379,-0.006190313501493802,-0.005929211629035469,-0.0023497877903721942
2025-11-04,-0.048321768771694584,-0.016163804388293148,-0.0025607964730710547,-0.0037795432532927893,-0.003724929182257521,-0.0012850577387956395
2025-11-05,0.025319725823735872,0.008152486497294583,0.0003901491061226329,0.0005536728026266913,0.0004794940510093539,0.00017038649436311245
2025-11-06,-0.025735344685306694,-0.008258419404250528,-0.00031031102061340304,-0.0004055647884992869,-0.00036454253503113754,-0.00010476633976442771
2025-11-07,0.02160079095493117,0.006906608061089994,0.00018334928480786167,0.00021294320926424815,0.00020367831166471416,4.069199104265145e-05
2025-11-08,-0.010572043550932886,-0.0033804580960324505,-9.024894127897244e-05,-9.627924781061439e-05,-9.802103652938512e-05,-1.3947782400518716e-05
2025-11-09,0.022968911020838645,0.007378999089629843,0.0003025250727308769,0.000318229523837707,0.00030631573029861014,3.523050470739549e-05
2025-11-10,0.013344084038265702,0.004276551898358445,0.00014387472047810385,0.0001434336057960374,0.000146194531123943,1.1519302907147498e-05
2025-11-11,-0.02929864195571752,-0.00942998538551394,-0.000439593013666559,-0.0004331855954243607,-0.0003749056855150428,-2.8111558218073466e-05
2025-11-12,-0.012549516077517753,-0.004016756009816837,-0.00011942494770756768,-0.00011184352142427319,-0.00010077059709923155,-5.736452470913736e-06
2025-11-13,-0.016195732345573255,-0.005201370529654595,-0.0002081846888859796,-0.00019031753665010355,-0.00017790667062348486,-7.301347125274333e-06
2025-11-14,-0.055308096057608225,-0.01777415519644672,-0.0007464868192619267,-0.0006901699284125605,-0.0005795392950632136,-2.1127461581226433e-05
2025-11-15,0.010991960140376289,0.0035037905788132756,6.006604129379474e-05,5.317269927623846e-05,3.73466141906009e-05,8.117524422701858e-07
2025-11-16,-0.014224241391275538,-0.004560053132819086,-0.00015776087181492988,-0.00014276588159233336,-9.067802934111987e-05,-1.7652013698726202e-06
2025-11-17,-0.0241111274266671,-0.007747015792822474,-0.00032086349176144765,-0.00029802595067290123,-0.0001647231753333929,-2.85535850269391e-06
2025-11-18,0.01006371185707522,0.0032209925498091273,9.540078148630748e-05,8.901407138695577e-05,4.003023083137887e-05,5.848940928621069e-07
2025-11-19,-0.01632937181455485,-0.0052638861130973325,-0.00027000370329761296,-0.00025501220473767987,-0.0010059873061450428,-0.00014787041490837833
2025-11-20,-0.048282521286672764,-0.015560487522855028,-0.0007869019570817096,-0.0007504847716231947,-0.002601604748384931,-0.00034963330919817067
2025-11-21,-0.022589142980279364,-0.007215543770063511,-0.00016984151165264086,-0.00014728184883034648,-0.0003918748000881269,-5.121220956528485e-05
2025-11-22,-0.002037065980593167,-0.0006503691636285113,-1.4327414265467953e-05,-1.201704701527652e-05,-2.5433806364256758e-05,-3.2677805605109744e-06
2025-11-23,0.02474141055186685,0.007967813298483633,0.00038528835326847433,0.00032559255910278017,0.0004700883473855164,5.3783414432198543e-05
2025-11-24,0.01732594969158363,0.00555622683340434,0.00019775135463839837,0.000157518596791391,0.00022500738532877266,1.9707463603309574e-05
2025-11-25,-0.010670710738080125,-0.0034268187086097172,-0.00013668983005268843,-0.00012054310382878211,-0.00013737245605785977,-1.0594120046426523e-05
2025-11-26,0.03447980730376865,0.011133394274652632,0.0006269068821434299,0.0005858164571764646,0.000649915905500937,4.095909597477836e-05
2025-11-27,0.009805749769883354,0.003136360181269359,8.661113518187289e-05,8.049483435700079e-05,8.26047860810682e-05,3.6253530036297596e-06
2025-11-28,-0.0037890062720136175,-0.0012231383795587992,-6.795116151935881e-05,-6.579753899846361e-05,-6.219127938929841e-05,-2.3945852940983673e-06
2025-11-29,-0.001627130234951979,-0.0005373031398107876,-6.575489199755718e-05,-6.702434606888118e-05,-5.82151478327539e-05,-2.1808752574539233e-06
2025-11-30,-0.002579990340723981,-0.0008773310941783963,-0.00017930675073360642,-0.00018925716175451716,-0.00016430668147294347,-6.06022297577955e-06
2025-12-01,-0.045283847160297874,-0.015919419532018312,-0.004630060048702003,-0.005077724618492271,-0.004201745885226421,-0.00016658712836224298
2025-12-02,0.05807073412781172,0.01902796567605887,0.001898930013014393,0.0021052266634039177,0.0016970305045438097,5.9218773612673e-05
2025-12-03,0.02273696274391468,0.007283412035428803,0.00023494705751761618,0.00023363014535630728,0.00032632027259754567,5.4644777108462645e-06
2025-12-04,-0.014993211166709597,-0.004800839872079099,-0.00014862659112433433,-0.00013883211982349116,-0.00016687632958647751,-2.5651958927536534e-06
2025-12-05,-0.03173081368705488,-0.01018058547433638,-0.0003771846567415867,-0.0003406126576928727,-0.0004156812353445406,-4.791800752484032e-06
2025-12-06,-0.0012351882489368693,-0.0003959349356837107,-1.3555942020946108e-05,-1.21167742965118e-05,-1.5822650901032887e-05,-1.6466817166699555e-07
2025-12-07,0.01007395761519092,0.0032454753493999884,0.00016059459194085515,0.00013822295478783524,0.00024257770219433537,1.0899004476052344e-06
2025-12-08,0.006720456429269772,0.0021832849646753402,0.00016260714854080113,0.00014055822053544957,0.00023019424772440314,9.6330898965684e-07
2025-12-09,0.02355391353476155,0.007794833307748204,0.0009998457996242714,0.0008815144363511024,0.0013663878902071232,5.484377696773431e-06
2025-12-10,-0.007606189947793385,-0.0024869085826138785,-0.000232047864767302,-0.00019670583911754434,-0.00031886894105511863,-1.129331826776932e-06
2025-12-11,0.005654432259188269,0.0018691480568077013,0.00023367875386918918,0.00020040680289556856,0.0003212732262759613,1.0728024901149753e-06
2025-12-12,-0.024746485725862244,-0.008462898818975485,-0.0018541584517240712,-0.0016566652417837426,-0.0024980019940511844,-8.496183522686858e-06
2025-12-13,-0.0009558231788300287,-0.000326958115868601,-7.185814743315821e-05,-6.4076576463991e-05,-9.681018636109918e-05,-3.3001017523504855e-07
2025-12-14,-0.0238116049190914,-0.008179053316828177,-0.0018878622132986378,-0.0019025829593970975,-0.002452800249747525,-8.139269778031369e-06
2025-12-15,-0.019794256085644668,-0.00658852257899711,-0.0009526790286696523,-0.0009887221971426239,-0.0012526548471258861,-3.77588438861022e-06
2025-12-16,0.01621085059498739,0.005317077882172007,0.0005454681897409664,0.0006273687499275228,0.0006848617542708355,1.9366515900974113e-06
2025-12-17,-0.019291509398786988,-0.006329458202653578,-0.0006548720193518408,-0.000790192234847519,-0.0007978498353978867,-2.0843042961122675e-06
2025-12-18,-0.007266588549985409,-0.002368402794545713,-0.00019916649939127873,-0.00025255385590940886,-0.00023577462405298115,-5.783386151024886e-07
2025-12-19,0.031999845418689166,0.010576417837548183,0.0013182236818959766,0.0017663252414353672,0.001460831717006321,3.583914025743404e-06
2025-12-20,0.0014107125106159746,0.00044926147978729107,6.816236276763712e-06,1.0498872757345642e-05,6.056081991180946e-06,-2.972349237158853e-09
2025-12-21,0.002729308517056328,0.0008945441545125529,8.972495815620115e-05,0.00012607771515276545,9.408982066674861e-05,1.9593342168301667e-07
2025-12-22,-0.000666061951955621,-0.00023875627143576348,-8.220025675412926e-05,-0.00011673968248027926,-8.367360686047646e-05,-1.8173886120267556e-07
2025-12-23,-0.0125286824916363,-0.004530544102222505,-0.0016334322711502914,-0.0022689001825000124,-0.0016423790962216563,-3.98058759398609e-06
2025-12-24,0.002972289229263625,0.0010760975615956988,0.0003906941561553617,0.0005415641459415576,0.00040161196211961766,1.0298650525711513e-06
2025-12-25,-0.004500576343515084,-0.0017780794556692613,-0.000987812058350055,-0.001286966136861319,-0.000998641547037926,-3.3204319728639795e-06
2025-12-26,0.0011865351842221816,0.0004668214769515703,0.00025453065450271585,0.0003302947948901894,0.00025833800962256473,9.050699846135817e-07
2025-12-27,0.004129030978478276,0.00181426283127671,0.001352194133349719,0.0015798022959021712,0.001354872923594048,8.62882984469212e-06
2025-12-28,0.0005956211813717971,0.0002569737667005092,0.000184589332594445,0.00022366176056052103,0.00018285424451395708,2.1383160091647084e-08
2025-12-29,-0.006998919761535771,-0.003430091494305639,-0.003104617612192197,-0.0031864492243981616,-0.003090125551025167,-8.062585091058084e-05
2025-12-30,0.014862041806990689,0.007326822505578172,0.006686424756857148,0.006136430613625237,0.006734672879464727,0.007081134380047072
2025-12-31,-0.010307924656315803,-0.00502171883323808,-0.0045051433641532255,-0.003976653523931297,-0.004638932997031774,-0.005076558018705117
2026-01-01,0.013337295641739688,0.0064984711853901065,0.005831285226999163,0.005086723534110626,0.0061842704568950595,0.006753007038147885
2026-01-02,0.01416218522506929,0.006851928224101998,0.006084410218399124,0.005232065445429407,0.006489100498090516,0.006827369205243581
2026-01-03,0.0073154180350729625,0.00350249560750714,0.0030607184998881916,0.002589203432676283,0.0033080834605145886,0.0034710388747701847
2026-01-04,0.008406724262222331,0.0040982761321911865,0.0036802823486152517,0.003219758573061173,0.003880933325801947,0.003878817563779806
2026-01-05,0.02833652794986219,0.013978214404839031,0.01276759070116725,0.01142069589516484,0.013264994518175383,0.012940194621780183
2026-01-06,-0.003984041680344497,-0.0018639068355878307,-0.0015673491564390041,-0.0013061311563164677,-0.0016986579458096965,-0.0016569037745658582
2026-01-07,-0.02527757276646181,-0.012096856898620641,-0.010563818804343008,-0.009303621637799908,-0.01123678144107937,-0.011044984450537547
2026-01-08,-0.0012283892919615624,-0.0005787213793984611,-0.0004923992771985198,-0.00042716940893772887,-0.000528668607136186,-0.0005214276993755904
2026-01-09,-0.006117802338116429,-0.002887189043951759,-0.0024666636491224828,-0.0022149232849743425,-0.0026327230585608432,-0.002647117642052611
2026-01-10,-0.00147406010849227,-0.0007216329527476414,-0.0006524311937066718,-0.0006233793285836874,-0.000660097721335226,-0.0006744087309412673
2026-01-11,0.0034407385998362905,0.0016863886176694712,0.001526112551458325,0.0014582182623405534,0.0015675571098979686,0.0015857680672727397
2026-01-12,0.00467324282598125,0.002335459844368004,0.00217167596042038,0.0021235740312214044,0.002197960948462001,0.0022184560505214444
2026-01-13,0.04568022734247967,0.023061595599560506,0.021734869828613744,0.021415133962181098,0.022115617116834498,0.022148115326245277
2026-01-14,0.01825196567582621,0.008280390194996805,0.0065970800689671245,0.006155222166525901,0.007191098283467635,0.007675400042205729
2026-01-15,-0.01543478319113789,-0.006829823041639289,-0.005172583103428029,-0.004775045155722314,-0.005900020957536037,-0.006230484576094421
2026-01-16,-0.0005966727495619883,-0.0002671665316611343,-0.00020744567168219527,-0.00019140809355737683,-0.00023432633098832814,-0.0002450368611460028
2026-01-17,-0.004002020940197526,-0.0018719572099841963,-0.0015765858979227272,-0.0015413399053318194,-0.0017029125970891828,-0.001790549919071356
2026-01-18,-0.008891576907973597,-0.004275501547472919,-0.0037617240942235774,-0.003743826228229716,-0.004003110328616386,-0.0041434865843719935
2026-01-19,-0.01840720343587432,-0.008913724006166994,-0.007925924840433713,-0.007954063660455328,-0.008336028055818899,-0.008673391562272354
2026-01-20,-0.04636175295778222,-0.021633662482572393,-0.018125538112088307,-0.018162122961783315,-0.019371228723699167,-0.020958015894907988
2026-01-21,0.015444829596003018,0.006092123165010877,0.0030580441971591564,0.0008692063274914003,0.0033708531039922445,0.0031489837789396226
2026-01-22,-0.002273019972890866,-0.0009026656348293619,-0.00046660368032813937,-0.00023244369784057472,-0.0004998179258512915,-0.0004715416063021396
2026-01-23,0.0004929896494980657,0.00017960828694079214,6.011520823167298e-05,1.7047894981543656e-05,6.639531368659106e-05,5.9216724980775185e-05
2026-01-24,-0.002848097514195902,-0.0013344887799101174,-0.0010849784615089596,-0.0006596392681463184,-0.0011077467928198382,-0.0010861840692638208
2026-01-25,-0.030715556626214946,-0.014780446299291108,-0.012567120427507593,-0.007277946708562452,-0.012767105100678851,-0.012586810523488043
2026-01-26,0.021884079856567817,0.009345672716160167,0.0061571317391958405,0.0023880211899708586,0.0063866583118053245,0.00614732172244545
2026-01-27,0.01044773129690868,0.004198952972595937,0.0022759337320893943,0.0010590487898645695,0.0024571477091154398,0.002300951145417136
2026-01-28,-0.0009252849754043391,-0.0003993286774758666,-0.0002711961094253585,-0.00016083230406281407,-0.0002762611001211556,-0.0002599082721087432
2026-01-29,-0.05222591835057566,-0.023488681822474402,-0.017552237906554045,-0.009963542379166945,-0.01808300260163501,-0.01741690590243553
2026-01-30,-0.00595552431638946,-0.0023199757696105196,-0.0010934686639586077,-0.0004980196707368234,-0.0011313970314582582,-0.0010631608860416906
2026-01-31,-0.06325679771966441,-0.02525045372622026,-0.01332461863495527,-0.008321810455940883,-0.013444614513191287,-0.012667585942512681
2026-02-01,-0.02276084916517984,-0.00796942953372957,-0.0017263782137756788,-0.0011866735473285144,-0.001616245652437146,-0.001500242214896449
2026-02-02,0.023475812328796364,0.007957679224608423,0.0010163558029658373,0.0012103157050927422,0.0009180396244507775,0.0008009238471107538
2026-02-03,-0.03851583670345815,-0.012893576404866255,-0.001177771768504703,-0.001895307227444094,-0.0011102791980408557,-0.0008774453807784912
2026-02-04,-0.03421526813164921,-0.011266206443891369,-0.00047239918344028816,-0.0013357998177924418,-0.00041374795816638966,-0.0002790145182494801
2026-02-05,-0.1313424703680951,-0.043028072699641734,-0.0011353754111525537,-0.005007468689251526,-0.0006800990948656113,-0.00037959624437340064
2026-02-06,0.1126552464204198,0.03681775014811988,0.0006998735093283021,0.0017139236664714648,0.00018557349602912952,7.710077812499131e-05
2026-02-07,-0.02096938490277167,-0.00684875745086516,-0.00011656722643746941,-0.00024396611283454778,-0.00045910112224997214,-7.177252608327155e-05
2026-02-08,0.019609702878775837,0.006416329527919921,0.00014518180474666623,0.0002568957024691465,0.0003181626602409456,4.370559367744437e-05
2026-02-09,-0.003948911476653105,-0.001295436647366341,-3.960145253011613e-05,-5.786074127592491e-05,-6.808130248199869e-05,-8.516460939510088e-06
2026-02-10,-0.02214148411876049,-0.007344657125712213,-0.0004717794259457624,-0.0005845664406516729,-0.0009474288897098842,-0.00012389816394358088
2026-02-11,-0.02473586220284807,-0.008164369845818668,-0.00040159369824669,-0.00043141538867670865,-0.0007467170671576759,-9.157466502733199e-05
2026-02-12,-0.011467017918819433,-0.003770708451390349,-0.00014267759842522766,-0.00017393006357801024,-0.00021158246515259592,-2.4236067466198087e-05
2026-02-13,0.039855561800635986,0.013175387017421285,0.0007102866322223746,0.0008263800170083566,0.0009101835359857809,0.00010139973553662187
2026-02-14,0.013610608673616742,0.004460826325638155,0.00012376799811878705,0.00018102532267545346,0.00014502954929737887,1.5241478524662443e-05
2026-02-15,-0.01673569192684843,-0.00551554277005932,-0.00024626844120895035,-0.0003185927569845926,-0.0002397419231900547,-2.4442092704168256e-05
2026-02-16,0.0017117604708194456,0.0005642637801596979,2.5565723869901883e-05,4.265271567874828e-05,2.562029372953813e-05,3.15756333814783e-06
2026-02-17,-0.01856632361377153,-0.006237537199917791,-0.0006353460737435247,-0.002366677234981706,-0.0006410925407897734,-0.00016903204499032007
2026-02-18,-0.016160173463524052,-0.005397180721513986,-0.00045591883334177675,-0.0019522417628539614,-0.0004366941344038366,-0.00013426278453625962
2026-02-19,0.008310325032444998,0.002772781192488875,0.00022623903556324353,0.0010754610568623037,0.0002578948984693117,0.00016179347499899486
2026-02-20,0.01561213695401964,0.005289285031169835,0.0006671383329640318,0.00259545153800815,0.0007402208754290677,0.000505539809868203
2026-02-21,0.0006378378384082062,0.00021620101744081378,2.757872466043761e-05,7.766433931143617e-05,2.991109594382868e-05,2.0169902556791934e-05
2026-02-22,-0.006919127669358427,-0.002453019219866904,-0.0006158924009233517,-0.0015866027898456514,-0.0006533009357472582,-0.000489555789038468
2026-02-23,-0.04234064732235754,-0.015500214808237421,-0.005150285212479125,-0.00980768816235359,-0.0054553784219379,-0.004284170717628118
2026-02-24,-0.008751924873248496,-0.0029929644327395593,-0.00045474721798467743,-0.0011093809138938283,-0.0004787896063562808,-0.00037512791784815127
2026-02-25,0.06105025104721773,0.021058931318832658,0.003725181820305195,0.010623935531364335,0.0038898327762058086,0.003180210647463242
2026-02-26,-0.007631818469471474,-0.00254047757705957,-0.0001890096059455668,-0.000595847028536576,-0.00021137314759901637,-0.00017108285703570412
2026-02-27,-0.024513429221970418,-0.008221884374681888,-0.0007974781436381419,-0.002699205232958104,-0.0009571161908699062,-0.0007725273544338417
2026-02-28,0.01672381301971604,0.005538994505874013,0.00033021084102261326,0.0011987160147330928,0.00036820181743487524,0.0002784842704985961
2026-03-01,-0.018399198987625542,-0.006106464145986136,-0.00040170979756110525,-0.0014721841385071618,-0.0004486252406956768,-0.00032525107356201177
2026-03-02,0.04851562759118644,0.016067915736100048,0.0009557305359783452,0.0037337481273518967,0.0010453241776794667,0.0007256852750757402
2026-03-03,-0.007130463644011487,-0.0023409057601873067,-7.691177882466589e-05,-0.0003621423945977509,-9.715878611283407e-05,-6.195142120784648e-05
2026-03-04,0.06190583585465581,0.02046945823893142,0.001117754476307627,0.0051072945001254125,0.0014528985466629948,0.0008776783077448317
2026-03-05,-0.023119506452739857,-0.007574719697244849,-0.00020204083820776577,-0.0008523239776728869,-0.0035133051647108287,-0.003843868605882779
2026-03-06,-0.03889029217649875,-0.012740227864241708,-0.00033521163492437704,-0.0016426394865732472,-0.0038603353429126795,-0.00405691010000363
2026-03-07,-0.013354777634458248,-0.004367175334169152,-9.101952657327124e-05,-0.0004697259571219693,-0.0005593118898921266,-0.0005509872376789241
2026-03-08,-0.016531915614765746,-0.005429042377105422,-0.0001836055442334404,-0.0009975855972616248,-0.0006910149200666333,-0.0006327356915326668
2026-03-09,0.035132112005205274,0.011557110166996985,0.00045131088828749934,0.002153630626417458,0.0013138780759594326,0.00113409621416981
2026-03-10,0.019893688355599126,0.006515989769680856,0.00016818541529958406,0.0008413406095149346,0.0003438574411404327,0.0002501264253470317
2026-03-11,0.005819729302708465,0.0019090532080046619,5.803820779982329e-05,0.00027745692396082065,0.00011476244179575006,7.40698148042671e-05
2026-03-12,0.0034073536780789837,0.00112669908308089,6.160935671380598e-05,0.00024783269184090734,0.00012311507256646128,7.810515794443643e-05
2026-03-13,0.0055559445974013855,0.0018745056533469645,0.00021383055268079016,0.0006472076619431516,0.0004360182377093468,0.00029397961633894634
2026-03-14,0.0029071563789073718,0.0010038231743413348,0.00018011708390020087,0.0003916198586935003,0.00035415676029673605,0.00024836381449788546
2026-03-15,0.022153669705013534,0.00810668271210738,0.0026838244218825844,0.004156714733204452,0.004591684238817787,0.0034765753316740263
2026-03-16,0.027668160863639102,0.009775390700227518,0.002363328091289095,0.003292055828975575,0.004395716533980585,0.003186658493516982
2026-03-17,-0.008537341500360784,-0.0029202283908052675,-0.000447320337206737,-0.0009756748198997123,-0.0008549890002644241,-0.0005884433757366418
2026-03-18,-0.038226590203401134,-0.013285332772969666,-0.0026243796475997456,-0.0067662124824374404,-0.004748313329744747,-0.003387953408496446
2026-03-19,-0.018315517323902908,-0.006118766258319862,-0.0005212423656776474,-0.0017392052103915817,-0.0009864445920808396,-0.0007087752062146094
2026-03-20,0.008027500278967814,0.0026663698328229244,0.00018181955711855165,0.0009247500271882885,0.0003286900991171737,0.00025501319353601345
2026-03-21,-0.011390297693709694,-0.0038470737559001458,-0.00045127039222041715,-0.0020663639956958204,-0.0007647078498653975,-0.00061684606317228
2026-03-22,-0.024231779035000067,-0.008251969840026397,-0.0011625151951244323,-0.004472874419900192,-0.0018865750672708026,-0.0015464926544729995
2026-03-23,0.03981374715376651,0.013302413677524482,0.001139865186703298,0.00466311405697309,0.002294355309056777,0.002417176571294325
2026-03-24,-0.0016428468639348992,-0.0005458331899521013,-3.763305793551629e-05,-0.0001657761838215061,-7.163824228086735e-05,-7.421693693152598e-05
2026-03-25,0.00950684750202635,0.0031716442913831684,0.0002576074424627668,0.0012581228715320548,0.0003581613758761174,0.0003541836813799717
2026-03-26,-0.03589055824065546,-0.012169051164393176,-0.0015627476383376472,-0.005430000940805082,-0.0023969649984081245,-0.002469119226875437
2026-03-27,-0.036505992918441144,-0.012083597326072414,-0.000697889717593869,-0.0028474120254072316,-0.0009442385418107958,-0.0009361604119720209
2026-03-28,0.002067548510537698,0.0006754520171179216,1.2090147615044385e-05,0.00010619125924134788,8.016183411318037e-06,4.109755530939558e-06
2026-03-29,-0.005792221837321865,-0.0019284076391286613,-0.00014500141781952978,-0.0008077772917448194,-0.00013731974279576522,-0.00011851128978973482
2026-03-30,0.01037613017220873,0.003501139896691669,0.0004006273736707391,0.0016726278846501338,0.0003907031379230076,0.0003424661597887238
2026-03-31,0.02345997197738492,0.008044908916433556,0.0012911558862336056,0.0036424830290376067,0.0012180052899809389,0.0010512149440718458
2026-04-01,-0.001437388186614097,-0.0004905190771852762,-7.196513264049637e-05,-0.00019631389064852963,-6.802582069107304e-05,-5.807718190770319e-05
2026-04-02,-0.017741563074555877,-0.006185786200990058,-0.0012764592459022458,-0.0028646967013601383,-0.0012936939538613604,-0.001127483375096008
2026-04-03,-0.0002477384632928459,-8.939653792246271e-05,-2.6695367177341226e-05,-5.4426336606495346e-05,-2.6469860525536204e-05,-2.3123499047406435e-05
2026-04-04,0.006030470614468708,0.0021535006875324594,0.0005798137429009636,0.0011390271038754156,0.0005894366485955221,0.0005270169435103615
2026-04-05,0.02417225667434275,0.009127822458253242,0.003706559903733781,0.005073846736108162,0.0037774627322449644,0.0034534884386652294
2026-04-06,-0.0025955904630046156,-0.0009512271552881116,-0.0003177817718854887,-0.00043947737889761757,-0.00032725337618218827,-0.0002954710892449179
2026-04-07,0.04821167584235608,0.01835290077061601,0.007792611298477697,0.012675515527545532,0.008006326646775759,0.007515225802920352
2026-04-08,-0.013490213491683334,-0.0046794090387956904,-0.000895120733027327,-0.0015367422386520766,-0.0009139275001988265,-0.0008410340952481308
2026-04-09,0.009898302519035118,0.003416895513133351,0.0006114594625951169,0.00128390045533689,0.000646323583466823,0.0006024724292160665
2026-04-10,0.016108263100210296,0.005677898175489061,0.0013370148198635727,0.002567590016196252,0.001484049774539298,0.0014255845788127652
2026-04-11,0.0023858828434202284,0.000837467983685001,0.00018789759072804,0.00033146239376114926,0.00022589534981886476,0.00022019132391327436
2026-04-12,-0.033284587905349494,-0.012378661172414582,-0.00458663445257629,-0.006783437398642752,-0.005347553191419964,-0.005358399823069792
2026-04-13,0.05584431262564338,0.019217107840233567,0.003274481262358729,0.005307874730799667,0.003939642973029505,0.003878040079281928
2026-04-14,-0.006153293995863285,-0.0020510006443661554,-0.00016053784244942195,-0.0003769492035391662,-0.00022802760599274606,-0.00021541275904688834
2026-04-15,0.007933510323036463,0.002661562730269639,0.00025990244098904265,0.0007478930509153836,0.0004461485134052737,0.0004107816339092223
2026-04-16,0.004464563804732924,0.001524201102530207,0.00022542038058384452,0.0005268350808581799,0.00040908226976394665,0.0003787473050070862
2026-04-17,0.02688217878615129,0.009568092099803823,0.002497118350040184,0.003994839898593788,0.004302164499822162,0.004017885101962563
2026-04-18,-0.017148759381694023,-0.00588681645819129,-0.0009613865518972633,-0.0015504741553549796,-0.0017358411926655312,-0.0015555473331927867
2026-04-19,-0.024895214036211533,-0.008466912210627885,-0.001161485432866633,-0.0023481185412848587,-0.002107822809681423,-0.0018379384749241923
2026-04-20,0.025829591370394978,0.008615432542433557,0.0006950216873650585,0.0019336817677386708,0.0011826384736016015,0.0009817763398714489
2026-04-21,0.003868644469170901,0.001276520814186755,6.171888348322951e-05,0.0002552827693172046,0.00012278434952853808,0.00010159268014710041
2026-04-22,0.029041824012350004,0.00992966406564079,0.0010568541989747792,0.003267409657501833,0.0019160740432304121,0.0041020825605910995
2026-04-23,-0.0010733011493320177,-0.00036701442654447425,-3.857514250774233e-05,-0.00011902958380027123,-6.998791007430721e-05,-0.0001524732628759569
2026-04-24,-0.010090467870187414,-0.003481435660021308,-0.0004567105546322402,-0.0017577572237044382,-0.0008111751682502956,-0.0020980135694395087
2026-04-25,0.002329962007876052,0.0008082018760167762,0.00011830161098006768,0.000406394734311663,0.00019967262973967078,0.0004004161018687706
2026-04-26,0.01177539803711869,0.004272690676768483,0.0011488131299058463,0.0025541616730875485,0.001856189387066787,0.0027262839708451876
2026-04-27,-0.01632921094539297,-0.006060997084060658,-0.001980808359615108,-0.0030862321359648253,-0.003101568675412472,-0.0031263415280152035
2026-04-28,-0.012436087127980389,-0.004544170585227409,-0.0013048922226720154,-0.0020561610282817003,-0.0019382348284441942,-0.0015527586622465187
2026-04-29,-0.006560295955005957,-0.002413505865945301,-0.0007349845644222936,-0.0011984278536925738,-0.0010616010080379114,-0.0010172990670542694
2026-04-30,0.006657513160147177,0.0025385779588201003,0.0009944355652007557,0.0015064785735485915,0.0013762008594249142,0.0014256200799192293
2026-05-01,0.024024074427117403,0.00972424828581785,0.005100414015948577,0.00650084938611969,0.00649790621879342,0.006189030319517951
2026-05-02,0.007421929150594586,0.0027971579014411034,0.0010206889337172093,0.001214866507858206,0.0014503412283975612,0.0014971783222095564
2026-05-03,-0.0008050234873919759,-0.00034137963929211745,-0.00021310585788511782,-0.00030460642690893644,-0.0002737463983893801,-0.0003030705233718272
2026-05-04,0.01496435980874522,0.006425817412304685,0.004117849895711911,0.004481610009066737,0.005071642705091054,0.004553903179004716
2026-05-05,0.013913330344598629,0.00595601422358497,0.0037844298738724936,0.003502853915757351,0.004824173130031899,0.004135577416050076
2026-05-06,0.005286415353014995,0.0022668906428247246,0.0014476184616026991,0.0012462768174610055,0.0018692502756303233,0.0014357967451443282
2026-05-07,-0.016906874167666675,-0.007726068547991364,-0.0057950154894090495,-0.004754587413191851,-0.0068442814478602895,-0.004812971695673812
2026-05-08,0.002383997354447054,0.0010298976020354704,0.0006725683958053484,0.0005249108198263964,0.0008652791608472451,0.0006424488887631362
2026-05-09,0.006035659932934756,0.0027962005662773726,0.002157495357332689,0.0017058537179186772,0.002544769631175729,0.0017897910883558797
2026-05-10,0.01975055539711179,0.009582142817287014,0.008071444192839125,0.005803948876604993,0.00907077558727099,0.005915261646274604
2026-05-11,-0.006589597604740871,-0.0030871051970188497,-0.0024371813210902495,-0.0014958326539695921,-0.0028417760478747383,-0.0015627267980416939
2026-05-12,-0.014552808900707093,-0.007011053109928768,-0.005834364949012374,-0.004294325010724791,-0.00642294351234016,-0.004198407054866048
2026-05-13,-0.01532000493330965,-0.00722745238154218,-0.005785366981509659,-0.004049758903409351,-0.0063855842608595385,-0.00381247297150669
2026-05-14,0.023759247142316253,0.010905880404400332,0.008257564346114856,0.00563336619942094,0.009248514619934065,0.005411810532363254
2026-05-15,-0.02602267954767956,-0.011141590559041426,-0.007080577375331895,-0.004710430284252702,-0.00846068017582582,-0.005083650093099639
2026-05-16,-0.011369598812860038,-0.004450337220356363,-0.002008410576904847,-0.0016657151994696065,-0.0026056664828886557,-0.0017477425273064678
2026-05-17,-0.008530703812376639,-0.0033653697730492245,-0.0015800991458840654,-0.001613178725463893,-0.0020716217950835034,-0.0017481155084215396
2026-05-18,-0.006732921531042213,-0.002767054497928565,-0.0015390270842377794,-0.0015265087212104201,-0.001938728492707636,-0.0015484238354545787
2026-05-19,-0.002188350109681547,-0.0009615657613776848,-0.0006581279953212825,-0.0005439953842420419,-0.0007409127206247797,-0.0005110833194158901
2026-05-20,0.007821001310262199,0.003563901612509722,0.00265438718188276,0.0019999574722668243,0.0029337085794169425,0.001957187653443652
2026-05-21,0.00241852969085965,0.0011343222844087634,0.0008974781950523443,0.0006097407554730061,0.0009630222334703986,0.0005810440087667307
2026-05-22,-0.026133552891237644,-0.01297043985749664,-0.01134630762726498,-0.007093415059590069,-0.011735740785693487,-0.007004575657667166
2026-05-23,0.013925602494868627,0.006279140363250411,0.004572076404284342,0.0020811999144810895,0.004953348250343322,0.002036782178933456
